ISO-10303-21;
HEADER;
FILE_DESCRIPTION (( 'STEP AP203' ),
    '1' );
FILE_NAME ('Íâµ××ù4.STEP',
    '2026-06-05T07:29:35',
    ( 'Windows User' ),
    ( 'P R C' ),
    'SwSTEP 2.0',
    'SolidWorks 2024',
    '' );
FILE_SCHEMA (( 'CONFIG_CONTROL_DESIGN' ));
ENDSEC;

DATA;
#1 = CARTESIAN_POINT ( 'NONE',  ( -37.09711450660331877, 59.00000000000001421, 19.42544636157209936 ) ) ;
#2 = CARTESIAN_POINT ( 'NONE',  ( 0.02140414596424507210, 45.00000000000000711, 26.09999999999969944 ) ) ;
#3 = EDGE_LOOP ( 'NONE', ( #3553, #979, #2069, #1012, #546 ) ) ;
#4 = VERTEX_POINT ( 'NONE', #1149 ) ;
#5 = ADVANCED_FACE ( 'NONE', ( #2264 ), #3383, .F. ) ;
#6 = CARTESIAN_POINT ( 'NONE',  ( -24.43791390442182987, 61.08827361512825149, 10.72887393840741765 ) ) ;
#7 = CARTESIAN_POINT ( 'NONE',  ( -22.36979831976719879, 58.62245305608964685, 39.66807170470020338 ) ) ;
#8 = CARTESIAN_POINT ( 'NONE',  ( -25.52662961909533834, 58.13087311710386729, 42.17641499591107390 ) ) ;
#9 = CARTESIAN_POINT ( 'NONE',  ( -37.06854293684579460, 58.95419964418850611, 18.65702664214871476 ) ) ;
#10 = DIRECTION ( 'NONE',  ( 0.000000000000000000, 1.000000000000000000, 0.000000000000000000 ) ) ;
#11 = ADVANCED_FACE ( 'NONE', ( #1640 ), #968, .F. ) ;
#12 = CARTESIAN_POINT ( 'NONE',  ( -6.228595854035726909, 56.00000000000000000, 29.24999999999973710 ) ) ;
#13 = CARTESIAN_POINT ( 'NONE',  ( -36.17834332234169636, 45.00000000000000711, 26.40025253169435970 ) ) ;
#14 = EDGE_CURVE ( 'NONE', #2482, #791, #3007, .T. ) ;
#15 = CARTESIAN_POINT ( 'NONE',  ( -37.70597612405315147, 59.00000000000000711, 20.68785023227362529 ) ) ;
#16 = EDGE_LOOP ( 'NONE', ( #2274, #627, #1412, #711 ) ) ;
#17 = ORIENTED_EDGE ( 'NONE', *, *, #2167, .F. ) ;
#18 = CARTESIAN_POINT ( 'NONE',  ( -38.46590090718830623, 59.00000000000001421, 22.15550787976576430 ) ) ;
#19 = CARTESIAN_POINT ( 'NONE',  ( -25.88530420801038545, 60.34464953410639509, 2.323361544519104704 ) ) ;
#20 = ORIENTED_EDGE ( 'NONE', *, *, #905, .F. ) ;
#21 = ORIENTED_EDGE ( 'NONE', *, *, #2216, .F. ) ;
#22 = DIRECTION ( 'NONE',  ( -6.982962677686266711E-15, 0.000000000000000000, -1.000000000000000000 ) ) ;
#23 = CARTESIAN_POINT ( 'NONE',  ( -19.79045569121450043, 58.88092382099313227, 37.97545426890292930 ) ) ;
#24 = CIRCLE ( 'NONE', #3533, 3.000000000000002665 ) ;
#25 = VECTOR ( 'NONE', #2449, 1000.000000000000000 ) ;
#26 = AXIS2_PLACEMENT_3D ( 'NONE', #1307, #2180, #1578 ) ;
#27 = DIRECTION ( 'NONE',  ( 0.000000000000000000, 1.000000000000000000, 0.000000000000000000 ) ) ;
#28 = EDGE_LOOP ( 'NONE', ( #319, #2455, #3233, #3455 ) ) ;
#29 = CARTESIAN_POINT ( 'NONE',  ( -51.72859585403556082, 26.55243918562683447, 65.52157287525376717 ) ) ;
#30 = APPROVAL_ROLE ( '' ) ;
#31 = EDGE_CURVE ( 'NONE', #3552, #2390, #3144, .T. ) ;
#32 = CARTESIAN_POINT ( 'NONE',  ( -7.718665996029089982, 61.18436811937795028, 25.85629717926260440 ) ) ;
#33 = CARTESIAN_POINT ( 'NONE',  ( -25.95524118902436328, 60.30761779544236845, 1.372214588003439317 ) ) ;
#34 = ORIENTED_EDGE ( 'NONE', *, *, #2216, .T. ) ;
#35 = ORIENTED_EDGE ( 'NONE', *, *, #894, .T. ) ;
#36 = VECTOR ( 'NONE', #191, 1000.000000000000000 ) ;
#37 = VECTOR ( 'NONE', #709, 1000.000000000000000 ) ;
#38 = DIRECTION ( 'NONE',  ( 0.5000000000000011102, -0.7071067811865525687, 0.4999999999999918954 ) ) ;
#39 = CARTESIAN_POINT ( 'NONE',  ( -50.47859585403593741, 46.00000000000000711, 0.1000000000000497019 ) ) ;
#40 = EDGE_CURVE ( 'NONE', #2176, #2767, #3478, .T. ) ;
#41 = ORIENTED_EDGE ( 'NONE', *, *, #430, .T. ) ;
#42 = ORIENTED_EDGE ( 'NONE', *, *, #103, .F. ) ;
#43 = DIRECTION ( 'NONE',  ( -0.000000000000000000, -1.000000000000000000, 0.000000000000000000 ) ) ;
#44 = LINE ( 'NONE', #1415, #907 ) ;
#45 = CARTESIAN_POINT ( 'NONE',  ( -25.74483249098065940, 58.09436822657382038, 42.37975549491101646 ) ) ;
#46 = ORIENTED_EDGE ( 'NONE', *, *, #2484, .T. ) ;
#47 = CARTESIAN_POINT ( 'NONE',  ( -31.22859585403577043, 53.00000000000000711, 39.35000000000011511 ) ) ;
#48 = CARTESIAN_POINT ( 'NONE',  ( -26.87932122186643369, 60.59529471918389731, 0.7543658829905677266 ) ) ;
#49 = CARTESIAN_POINT ( 'NONE',  ( 0.02140414596406466086, 45.00000000000000711, 0.09999999999969581832 ) ) ;
#50 = DIRECTION ( 'NONE',  ( 0.000000000000000000, 1.000000000000000000, 0.000000000000000000 ) ) ;
#51 = ORIENTED_EDGE ( 'NONE', *, *, #2039, .F. ) ;
#52 = CARTESIAN_POINT ( 'NONE',  ( -25.51681300161282806, 60.57437834058674753, 15.05788848227867227 ) ) ;
#53 = LINE ( 'NONE', #626, #1020 ) ;
#54 = EDGE_CURVE ( 'NONE', #362, #1396, #1881, .T. ) ;
#55 = CARTESIAN_POINT ( 'NONE',  ( -16.98733263103837388, 59.91055525311931262, 27.03185473159085817 ) ) ;
#56 = VERTEX_POINT ( 'NONE', #935 ) ;
#57 = VERTEX_POINT ( 'NONE', #1498 ) ;
#58 = CARTESIAN_POINT ( 'NONE',  ( -34.43821680652403217, 45.00000000000000711, 10.51799039214557574 ) ) ;
#59 = DIRECTION ( 'NONE',  ( 0.6546536707079698703, 0.3779644730092238669, -0.6546536707079864126 ) ) ;
#60 = EDGE_CURVE ( 'NONE', #882, #3086, #611, .T. ) ;
#61 = LINE ( 'NONE', #3095, #384 ) ;
#62 = CARTESIAN_POINT ( 'NONE',  ( -29.61578969069484657, 53.28331757665568347, 32.96629252077040206 ) ) ;
#63 = APPROVAL_DATE_TIME ( #3416, #148 ) ;
#64 = CARTESIAN_POINT ( 'NONE',  ( -21.49669587851266783, 59.00000000000000711, 38.29473563798815405 ) ) ;
#65 = EDGE_CURVE ( 'NONE', #1452, #1699, #2824, .T. ) ;
#66 = CARTESIAN_POINT ( 'NONE',  ( -26.68737972764008504, 60.69409307959804778, 3.364781222851850551 ) ) ;
#67 = DIRECTION ( 'NONE',  ( 0.7071067811865475727, -0.7071067811865475727, -4.937700262164531476E-15 ) ) ;
#68 = DIRECTION ( 'NONE',  ( -0.7071067811865524577, -0.000000000000000000, -0.7071067811865426878 ) ) ;
#69 = VERTEX_POINT ( 'NONE', #398 ) ;
#70 = CARTESIAN_POINT ( 'NONE',  ( -65.40016872928926261, 46.00000000000000711, 51.85000000000022169 ) ) ;
#71 = DIRECTION ( 'NONE',  ( 6.938893903907222067E-15, 0.000000000000000000, 1.000000000000000000 ) ) ;
#72 = ORIENTED_EDGE ( 'NONE', *, *, #2543, .F. ) ;
#73 = ORIENTED_EDGE ( 'NONE', *, *, #1276, .T. ) ;
#74 = B_SPLINE_SURFACE_WITH_KNOTS ( 'NONE', 1, 3, ( 
 ( #784, #3325, #248, #2226, #2785, #1371, #2494, #2716, #1111, #3047, #3017, #1604 ),
 ( #835, #1954, #288, #506, #1405, #1625, #15, #3583, #1126, #2242, #3361, #2582 ) ),
 .UNSPECIFIED., .F., .F., .F.,
 ( 2, 2 ),
 ( 4, 2, 2, 2, 2, 4 ),
 ( 0.000000000000000000, 1.000000000000000000 ),
 ( 0.000000000000000000, 0.002083006594261009852, 0.003124509891391514561, 0.004166013188522019704, 0.006249019782783029123, 0.008332026377044039409 ),
 .UNSPECIFIED. ) ;
#75 = DIRECTION ( 'NONE',  ( -0.7071067811865564545, -0.000000000000000000, -0.7071067811865385799 ) ) ;
#76 = CARTESIAN_POINT ( 'NONE',  ( -35.62368594464380323, 59.79146101652381873, 18.66821713334936561 ) ) ;
#77 = VECTOR ( 'NONE', #2395, 1000.000000000000114 ) ;
#78 = DIRECTION ( 'NONE',  ( 0.000000000000000000, 1.000000000000000000, -0.000000000000000000 ) ) ;
#79 = VECTOR ( 'NONE', #491, 1000.000000000000227 ) ;
#80 = FACE_OUTER_BOUND ( 'NONE', #2701, .T. ) ;
#81 = CARTESIAN_POINT ( 'NONE',  ( -50.27139523962650713, 51.88000599570411708, 33.89279938558956218 ) ) ;
#82 = CARTESIAN_POINT ( 'NONE',  ( -43.65817449424137209, 63.00000000000000000, 60.27957864020574164 ) ) ;
#83 = CARTESIAN_POINT ( 'NONE',  ( -38.48676351763975845, 53.96941244227922141, 28.70867272699247152 ) ) ;
#84 = CIRCLE ( 'NONE', #2131, 6.999999999999992006 ) ;
#85 = ADVANCED_FACE ( 'NONE', ( #1181 ), #3472, .F. ) ;
#86 = CARTESIAN_POINT ( 'NONE',  ( -41.34609081007370435, 58.26107889925933847, 24.85350097231991029 ) ) ;
#87 = EDGE_LOOP ( 'NONE', ( #563, #3022, #399, #2191 ) ) ;
#88 = CARTESIAN_POINT ( 'NONE',  ( -27.04924227505966527, 59.84445459337018747, 17.27116539707421339 ) ) ;
#89 = VECTOR ( 'NONE', #2815, 1000.000000000000000 ) ;
#90 = DIRECTION ( 'NONE',  ( -6.608470384673560490E-15, 0.000000000000000000, -1.000000000000000000 ) ) ;
#91 = ORIENTED_EDGE ( 'NONE', *, *, #120, .T. ) ;
#92 = ORIENTED_EDGE ( 'NONE', *, *, #1124, .T. ) ;
#93 = VECTOR ( 'NONE', #3031, 1000.000000000000000 ) ;
#94 = VECTOR ( 'NONE', #1579, 1000.000000000000000 ) ;
#95 = DIRECTION ( 'NONE',  ( -6.938893903907211812E-15, 0.000000000000000000, -1.000000000000000000 ) ) ;
#96 = CARTESIAN_POINT ( 'NONE',  ( -40.39318674395738640, 57.89461043431573728, 23.13330386529846550 ) ) ;
#97 = VECTOR ( 'NONE', #1119, 1000.000000000000000 ) ;
#98 = PLANE ( 'NONE',  #3239 ) ;
#99 = CONICAL_SURFACE ( 'NONE', #1677, 7.999999999999972466, 0.7853981633974466137 ) ;
#100 = COORDINATED_UNIVERSAL_TIME_OFFSET ( 8, 0, .AHEAD. ) ;
#101 = CARTESIAN_POINT ( 'NONE',  ( -49.19850754237005930, 52.98672277570374689, 32.81991168834051109 ) ) ;
#102 = CARTESIAN_POINT ( 'NONE',  ( -16.09486896139808465, 60.24501533623588045, 26.32969418388708505 ) ) ;
#103 = EDGE_CURVE ( 'NONE', #487, #3289, #2282, .T. ) ;
#104 = PRODUCT_DEFINITION_SHAPE ( 'NONE', 'NONE',  #2203 ) ;
#105 = CARTESIAN_POINT ( 'NONE',  ( 0.02140414596406466086, 53.00000000000000711, 0.09999999999969581832 ) ) ;
#106 = CARTESIAN_POINT ( 'NONE',  ( -59.45106771305485438, 63.00000000000000000, 44.48668542139247961 ) ) ;
#107 = EDGE_LOOP ( 'NONE', ( #1541, #161, #1222, #20 ) ) ;
#108 = CARTESIAN_POINT ( 'NONE',  ( -26.75282285478274602, 59.98564451824655208, 16.93179116279720731 ) ) ;
#109 = DIRECTION ( 'NONE',  ( -6.938893903907252043E-15, 0.000000000000000000, -1.000000000000000000 ) ) ;
#110 = ORIENTED_EDGE ( 'NONE', *, *, #1255, .T. ) ;
#111 = ORIENTED_EDGE ( 'NONE', *, *, #1610, .T. ) ;
#112 = CARTESIAN_POINT ( 'NONE',  ( -34.66051865187303349, 59.74797290133528094, 17.65920131517007619 ) ) ;
#113 = ORIENTED_EDGE ( 'NONE', *, *, #1358, .T. ) ;
#114 = EDGE_CURVE ( 'NONE', #3184, #2066, #2413, .T. ) ;
#115 = CARTESIAN_POINT ( 'NONE',  ( -40.30746253255861689, 58.46410161513775705, 23.54782396324595695 ) ) ;
#116 = CARTESIAN_POINT ( 'NONE',  ( -58.06328885487425850, 52.99999999999980815, 43.09890656321191926 ) ) ;
#117 = CARTESIAN_POINT ( 'NONE',  ( -51.06438229166259646, 50.91709623134522644, 34.68578643762693758 ) ) ;
#118 = CARTESIAN_POINT ( 'NONE',  ( -40.30746253255863110, 58.46410161513764336, 23.54782396324587523 ) ) ;
#119 = PLANE ( 'NONE',  #3187 ) ;
#120 = EDGE_CURVE ( 'NONE', #3344, #2904, #1529, .T. ) ;
#121 = DIRECTION ( 'NONE',  ( 0.7071067811865384689, 0.000000000000000000, -0.7071067811865566766 ) ) ;
#122 = ORIENTED_EDGE ( 'NONE', *, *, #242, .F. ) ;
#123 = CARTESIAN_POINT ( 'NONE',  ( -24.54960873171237878, 61.03507520747812976, 12.07283792867752581 ) ) ;
#124 =( BOUNDED_SURFACE ( )  B_SPLINE_SURFACE ( 3, 2, ( 
 ( #3467, #3140, #2277 ),
 ( #1748, #101, #2565 ),
 ( #1763, #2859, #358 ),
 ( #378, #2581, #1492 ),
 ( #2330, #81, #3170 ),
 ( #343, #1782, #594 ),
 ( #3398, #2896, #395 ),
 ( #117, #1233, #1707 ) ),
 .UNSPECIFIED., .F., .F., .T. ) 
 B_SPLINE_SURFACE_WITH_KNOTS ( ( 4, 2, 2, 4 ),
 ( 3, 3 ),
 ( 2.094395102393191266, 2.617993877991492191, 2.879793265790642653, 3.141592653589793116 ),
 ( 0.000000000000000000, 1.000000000000000000 ),
 .UNSPECIFIED. ) 
 GEOMETRIC_REPRESENTATION_ITEM ( )  RATIONAL_B_SPLINE_SURFACE ( (
 ( 1.000000000000000000, 0.8226643880080368731, 1.000000000000000000),
 ( 1.000000000000000000, 0.8551780668707319455, 1.000000000000000000),
 ( 1.000000000000000000, 0.8806974846571370419, 1.000000000000000000),
 ( 1.000000000000000000, 0.9064693560640000314, 1.000000000000000000),
 ( 1.000000000000000000, 0.9129840413603853566, 1.000000000000000000),
 ( 1.000000000000000000, 0.9216890640686026259, 1.000000000000000000),
 ( 1.000000000000000000, 0.9238813156583642883, 1.000000000000000000),
 ( 1.000000000000000000, 0.9238795325112882928, 1.000000000000000000) ) ) 
 REPRESENTATION_ITEM ( '' )  SURFACE ( )  );
#125 = LINE ( 'NONE', #3231, #609 ) ;
#126 = ORIENTED_EDGE ( 'NONE', *, *, #31, .T. ) ;
#127 = ORIENTED_EDGE ( 'NONE', *, *, #1140, .T. ) ;
#128 = DIRECTION ( 'NONE',  ( -1.387778780781454037E-14, 0.000000000000000000, -1.000000000000000000 ) ) ;
#129 = VERTEX_POINT ( 'NONE', #2712 ) ;
#130 = CARTESIAN_POINT ( 'NONE',  ( -41.87725005235479614, 58.16203713003325504, 25.46597667920396546 ) ) ;
#131 = LINE ( 'NONE', #1293, #3018 ) ;
#132 = CIRCLE ( 'NONE', #605, 2.100000000000000977 ) ;
#133 = CARTESIAN_POINT ( 'NONE',  ( -20.26320737162004804, 59.00000000000000711, 37.67903900322542654 ) ) ;
#134 = DIRECTION ( 'NONE',  ( 0.7071067811865386910, 0.000000000000000000, -0.7071067811865564545 ) ) ;
#135 = VECTOR ( 'NONE', #838, 1000.000000000000000 ) ;
#136 = DIRECTION ( 'NONE',  ( 0.8891264907159910358, 0.4576615381557277984, -6.208737100411930265E-15 ) ) ;
#137 = DIRECTION ( 'NONE',  ( 0.000000000000000000, 1.000000000000000000, -0.000000000000000000 ) ) ;
#138 = ORIENTED_EDGE ( 'NONE', *, *, #2872, .T. ) ;
#139 = EDGE_CURVE ( 'NONE', #1245, #2192, #2400, .T. ) ;
#140 = VECTOR ( 'NONE', #1007, 1000.000000000000114 ) ;
#141 = CARTESIAN_POINT ( 'NONE',  ( -50.47859585403593741, 46.00000000000000711, 0.1000000000000497019 ) ) ;
#142 = AXIS2_PLACEMENT_3D ( 'NONE', #1013, #2378, #3540 ) ;
#143 = CARTESIAN_POINT ( 'NONE',  ( 0.02140414596440466666, 45.00000000000000711, 49.59999999999969589 ) ) ;
#144 = AXIS2_PLACEMENT_3D ( 'NONE', #2420, #1279, #2116 ) ;
#145 = ORIENTED_EDGE ( 'NONE', *, *, #1090, .F. ) ;
#146 = ORIENTED_EDGE ( 'NONE', *, *, #338, .F. ) ;
#147 = CARTESIAN_POINT ( 'NONE',  ( -36.21820033468336675, 59.00000000000001421, 17.51905680045700819 ) ) ;
#148 = APPROVAL ( #2044, 'æœª' ) ;
#149 = EDGE_CURVE ( 'NONE', #56, #3073, #2129, .T. ) ;
#150 = AXIS2_PLACEMENT_3D ( 'NONE', #70, #952, #2067 ) ;
#151 = VERTEX_POINT ( 'NONE', #3251 ) ;
#152 = CARTESIAN_POINT ( 'NONE',  ( -10.39658624618126659, 53.00000000000000711, 25.55962095248793986 ) ) ;
#153 = CARTESIAN_POINT ( 'NONE',  ( -49.47859585403617189, 45.00000000000000711, -33.07157287525377143 ) ) ;
#154 = EDGE_LOOP ( 'NONE', ( #2925, #1852, #17, #3532 ) ) ;
#155 = DIRECTION ( 'NONE',  ( 6.938893903907222067E-15, 0.000000000000000000, 1.000000000000000000 ) ) ;
#156 = CARTESIAN_POINT ( 'NONE',  ( -23.28283962156712761, 59.00000000000000711, 39.29748787520687614 ) ) ;
#157 = CARTESIAN_POINT ( 'NONE',  ( -13.44943745095559962, 61.12660135404363615, 25.96852413534184834 ) ) ;
#158 = DIRECTION ( 'NONE',  ( -0.000000000000000000, 1.000000000000000000, -0.000000000000000000 ) ) ;
#159 = SECURITY_CLASSIFICATION ( '', '', #635 ) ;
#160 = FACE_OUTER_BOUND ( 'NONE', #2443, .T. ) ;
#161 = ORIENTED_EDGE ( 'NONE', *, *, #665, .T. ) ;
#162 = CARTESIAN_POINT ( 'NONE',  ( -65.40016872928926261, 52.00000000000000711, 51.85000000000022169 ) ) ;
#163 = CARTESIAN_POINT ( 'NONE',  ( -25.68293464681018534, 60.49525099303281905, 15.34999248158938556 ) ) ;
#164 = DIRECTION ( 'NONE',  ( -7.989583599884840599E-15, -0.8891264907159910358, -0.4576615381557278539 ) ) ;
#165 = ORIENTED_EDGE ( 'NONE', *, *, #31, .F. ) ;
#166 = EDGE_LOOP ( 'NONE', ( #2496, #2645, #3349, #2174 ) ) ;
#167 = EDGE_CURVE ( 'NONE', #3130, #305, #1004, .T. ) ;
#168 = DIRECTION ( 'NONE',  ( 0.000000000000000000, -1.000000000000000000, 0.000000000000000000 ) ) ;
#169 = EDGE_LOOP ( 'NONE', ( #1705, #3631, #699, #2774 ) ) ;
#170 = EDGE_CURVE ( 'NONE', #1613, #1943, #3285, .T. ) ;
#171 = DIRECTION ( 'NONE',  ( -6.938893903907252043E-15, 0.000000000000000000, -1.000000000000000000 ) ) ;
#172 = LINE ( 'NONE', #2600, #1652 ) ;
#173 = DIRECTION ( 'NONE',  ( 0.000000000000000000, 1.000000000000000000, 0.000000000000000000 ) ) ;
#174 = CARTESIAN_POINT ( 'NONE',  ( -23.76285900513102334, 59.00000000000000711, 39.59245733488842944 ) ) ;
#175 = CARTESIAN_POINT ( 'NONE',  ( -8.228595854036289126, 52.00000000000000711, -8.150000000000449774 ) ) ;
#176 = DIRECTION ( 'NONE',  ( -4.937700262164531476E-15, 0.7071067811865475727, -0.7071067811865475727 ) ) ;
#177 = DIRECTION ( 'NONE',  ( 0.7071067811865463515, 0.000000000000000000, -0.7071067811865487940 ) ) ;
#178 = DIRECTION ( 'NONE',  ( 6.938893903907222067E-15, 0.000000000000000000, 1.000000000000000000 ) ) ;
#179 = CARTESIAN_POINT ( 'NONE',  ( -9.345546717288398142, 61.37660590989639786, 25.48282530580035043 ) ) ;
#180 = CARTESIAN_POINT ( 'NONE',  ( -28.07425577584502108, 53.00000000000000711, 16.88195142282445360 ) ) ;
#181 = VERTEX_POINT ( 'NONE', #1258 ) ;
#182 = ORIENTED_EDGE ( 'NONE', *, *, #477, .F. ) ;
#183 = PLANE ( 'NONE',  #3299 ) ;
#184 = ORIENTED_EDGE ( 'NONE', *, *, #542, .F. ) ;
#185 = FACE_BOUND ( 'NONE', #792, .T. ) ;
#186 = DIRECTION ( 'NONE',  ( 0.000000000000000000, 1.000000000000000000, -0.000000000000000000 ) ) ;
#187 = PLANE ( 'NONE',  #2363 ) ;
#188 = CARTESIAN_POINT ( 'NONE',  ( -16.64578290542922900, 60.14449795455644932, 27.87651525171389721 ) ) ;
#189 = CARTESIAN_POINT ( 'NONE',  ( -39.31599069100285959, 58.66222897918726176, 22.14734578532773313 ) ) ;
#190 = CARTESIAN_POINT ( 'NONE',  ( -28.04929296963157981, 59.99307324083179793, 17.06135604089226021 ) ) ;
#191 = DIRECTION ( 'NONE',  ( -0.3110177634954012227, -0.6546536707079748663, -0.6889822365046092134 ) ) ;
#192 = CARTESIAN_POINT ( 'NONE',  ( -52.43570263522212116, 53.00000000000000711, 66.22867965644032040 ) ) ;
#193 = CARTESIAN_POINT ( 'NONE',  ( -6.228595854035711810, 56.00000000000000000, 31.34999999999973852 ) ) ;
#194 = EDGE_CURVE ( 'NONE', #2460, #2034, #3564, .T. ) ;
#195 = VECTOR ( 'NONE', #1671, 1000.000000000000114 ) ;
#196 = EDGE_LOOP ( 'NONE', ( #2775, #1559, #2535, #922, #3193, #2258, #3164, #3256, #274 ) ) ;
#197 = VERTEX_POINT ( 'NONE', #987 ) ;
#198 = CIRCLE ( 'NONE', #1835, 1.000000000000000888 ) ;
#199 = LINE ( 'NONE', #2123, #79 ) ;
#200 = ORIENTED_EDGE ( 'NONE', *, *, #220, .T. ) ;
#201 = VECTOR ( 'NONE', #3626, 1000.000000000000114 ) ;
#202 = CARTESIAN_POINT ( 'NONE',  ( -33.93614099894319480, 51.41182748735084829, 50.55754514490752882 ) ) ;
#203 = DIRECTION ( 'NONE',  ( 0.7071067811865463515, 0.7071067811865487940, -4.937700262164523587E-15 ) ) ;
#204 = AXIS2_PLACEMENT_3D ( 'NONE', #2273, #1689, #2291 ) ;
#205 = PLANE ( 'NONE',  #684 ) ;
#206 = VECTOR ( 'NONE', #2051, 1000.000000000000000 ) ;
#207 = CIRCLE ( 'NONE', #2836, 10.00000000000000000 ) ;
#208 = CARTESIAN_POINT ( 'NONE',  ( -18.66154070864325476, 58.99999999999997158, 36.91813734195616803 ) ) ;
#209 = PLANE ( 'NONE',  #1909 ) ;
#210 = DIRECTION ( 'NONE',  ( 6.982962677686266711E-15, 0.000000000000000000, 1.000000000000000000 ) ) ;
#211 = DIRECTION ( 'NONE',  ( -1.000000000000000000, 0.000000000000000000, 6.982962677686266711E-15 ) ) ;
#212 = DIRECTION ( 'NONE',  ( 0.000000000000000000, 1.000000000000000000, 0.000000000000000000 ) ) ;
#213 = EDGE_CURVE ( 'NONE', #2482, #1064, #2100, .T. ) ;
#214 = CARTESIAN_POINT ( 'NONE',  ( -26.74750744749443143, 59.98817713566881338, 16.92480669874098709 ) ) ;
#215 = ADVANCED_FACE ( 'NONE', ( #1040 ), #451, .F. ) ;
#216 = CARTESIAN_POINT ( 'NONE',  ( -26.27884838572994752, 58.00000000000000000, 36.29974746830593091 ) ) ;
#217 = ORIENTED_EDGE ( 'NONE', *, *, #3301, .T. ) ;
#218 = ORIENTED_EDGE ( 'NONE', *, *, #1249, .F. ) ;
#219 = CARTESIAN_POINT ( 'NONE',  ( -26.27884838572994752, 45.00000000000000711, 36.29974746830593091 ) ) ;
#220 = EDGE_CURVE ( 'NONE', #696, #3023, #2152, .T. ) ;
#221 = ORIENTED_EDGE ( 'NONE', *, *, #3413, .F. ) ;
#222 = ORIENTED_EDGE ( 'NONE', *, *, #3577, .F. ) ;
#223 = DIRECTION ( 'NONE',  ( 6.938893903907222067E-15, 0.000000000000000000, 1.000000000000000000 ) ) ;
#224 = CARTESIAN_POINT ( 'NONE',  ( -11.70241518120295510, 61.04992440159496425, 24.63984190711812161 ) ) ;
#225 = ADVANCED_FACE ( 'NONE', ( #3226 ), #481, .F. ) ;
#226 = DIRECTION ( 'NONE',  ( -0.7071067811865410224, 0.000000000000000000, 0.7071067811865540120 ) ) ;
#227 = CARTESIAN_POINT ( 'NONE',  ( -17.44003738346881249, 59.00000000000000711, 36.35883045127000912 ) ) ;
#228 = DIRECTION ( 'NONE',  ( 0.7071067811865426878, 0.000000000000000000, -0.7071067811865523467 ) ) ;
#229 = CARTESIAN_POINT ( 'NONE',  ( -36.55809744513285153, 58.98677122428103559, 17.83143250984836570 ) ) ;
#230 = DIRECTION ( 'NONE',  ( 0.000000000000000000, 1.000000000000000000, 0.000000000000000000 ) ) ;
#231 = CARTESIAN_POINT ( 'NONE',  ( -7.521489072849730562, 59.00000000000000711, -7.442893218813912526 ) ) ;
#232 = CARTESIAN_POINT ( 'NONE',  ( -7.502700026140887601, 60.88432475819174527, 24.98750402124122516 ) ) ;
#233 = CARTESIAN_POINT ( 'NONE',  ( -35.79910392972465871, 49.00000000000000711, 0.09999999999994561850 ) ) ;
#234 = ORIENTED_EDGE ( 'NONE', *, *, #2326, .T. ) ;
#235 = ORIENTED_EDGE ( 'NONE', *, *, #167, .T. ) ;
#236 = CARTESIAN_POINT ( 'NONE',  ( -38.22480266359119128, 59.00000000000001421, 21.70452540744965475 ) ) ;
#237 = CARTESIAN_POINT ( 'NONE',  ( -25.85619267812960231, 60.36006548029876484, 2.639909603109796166 ) ) ;
#238 = ORIENTED_EDGE ( 'NONE', *, *, #1849, .T. ) ;
#239 = ORIENTED_EDGE ( 'NONE', *, *, #848, .T. ) ;
#240 = DIRECTION ( 'NONE',  ( -2.505711687522048600E-15, 0.000000000000000000, -1.000000000000000000 ) ) ;
#241 = CARTESIAN_POINT ( 'NONE',  ( -21.07642870376037081, 58.76941464014770133, 38.80310704432078950 ) ) ;
#242 = EDGE_CURVE ( 'NONE', #1128, #881, #672, .T. ) ;
#243 = DIRECTION ( 'NONE',  ( -6.938893903907211812E-15, 0.000000000000000000, -1.000000000000000000 ) ) ;
#244 = DIRECTION ( 'NONE',  ( 0.000000000000000000, 1.000000000000000000, -0.000000000000000000 ) ) ;
#245 = LINE ( 'NONE', #3029, #3599 ) ;
#246 = LINE ( 'NONE', #575, #1506 ) ;
#247 = LINE ( 'NONE', #1404, #1089 ) ;
#248 = CARTESIAN_POINT ( 'NONE',  ( -39.52027858511790015, 58.62706702943220449, 22.45199207949029940 ) ) ;
#249 = EDGE_CURVE ( 'NONE', #591, #2176, #728, .T. ) ;
#250 = ORIENTED_EDGE ( 'NONE', *, *, #867, .T. ) ;
#251 = VERTEX_POINT ( 'NONE', #1840 ) ;
#252 = AXIS2_PLACEMENT_3D ( 'NONE', #2579, #3375, #3394 ) ;
#253 = CARTESIAN_POINT ( 'NONE',  ( -36.73991860547923238, 59.00000000000001421, 18.66035004883330117 ) ) ;
#254 = FACE_OUTER_BOUND ( 'NONE', #646, .T. ) ;
#255 = VECTOR ( 'NONE', #468, 1000.000000000000000 ) ;
#256 = ORIENTED_EDGE ( 'NONE', *, *, #2462, .F. ) ;
#257 = ORIENTED_EDGE ( 'NONE', *, *, #1044, .F. ) ;
#258 = DIRECTION ( 'NONE',  ( 0.6546536707079767536, 0.3779644730092244220, -0.6546536707079790851 ) ) ;
#259 = ADVANCED_FACE ( 'NONE', ( #160 ), #1601, .F. ) ;
#260 = CARTESIAN_POINT ( 'NONE',  ( -33.15016872928938341, 45.00000000000000711, 52.59999999999992326 ) ) ;
#261 = VECTOR ( 'NONE', #203, 999.9999999999998863 ) ;
#262 = EDGE_CURVE ( 'NONE', #791, #2638, #2663, .T. ) ;
#263 = AXIS2_PLACEMENT_3D ( 'NONE', #1917, #1621, #2222 ) ;
#264 = CARTESIAN_POINT ( 'NONE',  ( -51.72859585403554661, 52.00000000000000711, 67.52157287525376717 ) ) ;
#265 = CARTESIAN_POINT ( 'NONE',  ( -24.86609987527733878, 60.88432475819171685, 7.624104172105057309 ) ) ;
#266 = AXIS2_PLACEMENT_3D ( 'NONE', #3424, #1465, #2865 ) ;
#267 = DIRECTION ( 'NONE',  ( 0.7071067811865524577, 0.000000000000000000, 0.7071067811865426878 ) ) ;
#268 = CIRCLE ( 'NONE', #1202, 2.100000000000000977 ) ;
#269 = APPROVAL_ROLE ( '' ) ;
#270 = CARTESIAN_POINT ( 'NONE',  ( -66.10727551047580164, 53.00000000000000711, 52.55710678118678203 ) ) ;
#271 = CARTESIAN_POINT ( 'NONE',  ( -25.32181581676663384, 61.39699203315074527, 11.12782877652516866 ) ) ;
#272 = EDGE_CURVE ( 'NONE', #1084, #882, #1567, .T. ) ;
#273 = VERTEX_POINT ( 'NONE', #2679 ) ;
#274 = ORIENTED_EDGE ( 'NONE', *, *, #1648, .F. ) ;
#275 = CARTESIAN_POINT ( 'NONE',  ( -36.65686881593104829, 59.00000000000000000, 18.47996404554270100 ) ) ;
#276 = DIRECTION ( 'NONE',  ( -6.982939617164454362E-15, 0.000000000000000000, -1.000000000000000000 ) ) ;
#277 = ORIENTED_EDGE ( 'NONE', *, *, #1035, .T. ) ;
#278 = ORIENTED_EDGE ( 'NONE', *, *, #1008, .F. ) ;
#279 = CARTESIAN_POINT ( 'NONE',  ( -32.69850754238445489, 52.98672277570871358, 49.31991168832715289 ) ) ;
#280 = CARTESIAN_POINT ( 'NONE',  ( 0.02140414596490426702, 53.00000000000000711, 120.0999999999996817 ) ) ;
#281 = EDGE_CURVE ( 'NONE', #1866, #1922, #1298, .T. ) ;
#282 = EDGE_CURVE ( 'NONE', #739, #293, #1091, .T. ) ;
#283 = VECTOR ( 'NONE', #3330, 1000.000000000000000 ) ;
#284 = CARTESIAN_POINT ( 'NONE',  ( -29.97859585403579885, 59.00000000000000711, 20.20050506338800389 ) ) ;
#285 = CARTESIAN_POINT ( 'NONE',  ( -36.92267248200700180, 58.96398707639200865, 18.42134027388318174 ) ) ;
#286 = CARTESIAN_POINT ( 'NONE',  ( 0.02140414596406466086, 45.00000000000000711, 0.09999999999969581832 ) ) ;
#287 = DIRECTION ( 'NONE',  ( -0.7071067811865524577, 0.000000000000000000, -0.7071067811865426878 ) ) ;
#288 = CARTESIAN_POINT ( 'NONE',  ( -38.83762100163240660, 59.00000000000000711, 22.83870273315726607 ) ) ;
#289 = EDGE_LOOP ( 'NONE', ( #2669, #2962, #1429, #2521, #999, #110 ) ) ;
#290 = EDGE_LOOP ( 'NONE', ( #1478, #222, #1446, #1683 ) ) ;
#291 = LINE ( 'NONE', #1131, #545 ) ;
#292 = CARTESIAN_POINT ( 'NONE',  ( -25.78631777282929960, 60.39706498798262402, 3.272167641305240071 ) ) ;
#293 = VERTEX_POINT ( 'NONE', #190 ) ;
#294 = ORIENTED_EDGE ( 'NONE', *, *, #951, .F. ) ;
#295 = CARTESIAN_POINT ( 'NONE',  ( -24.52459844414998003, 61.04698856216507608, 11.84851089749260922 ) ) ;
#296 = CARTESIAN_POINT ( 'NONE',  ( -16.76054727686020840, 53.00000000000000711, 28.19565992180907799 ) ) ;
#297 = ADVANCED_FACE ( 'NONE', ( #3305 ), #802, .T. ) ;
#298 = CARTESIAN_POINT ( 'NONE',  ( -26.29643309923128314, 58.00000000000000000, 42.91783724519560650 ) ) ;
#299 = ORIENTED_EDGE ( 'NONE', *, *, #580, .F. ) ;
#300 = PLANE ( 'NONE',  #847 ) ;
#301 = CALENDAR_DATE ( 2026, 5, 6 ) ;
#302 = CARTESIAN_POINT ( 'NONE',  ( -14.23692417958931600, 60.97964486377706095, 26.25402531380050064 ) ) ;
#303 = CARTESIAN_POINT ( 'NONE',  ( -26.85529620291433872, 60.60766115662855924, 1.408731235184276454 ) ) ;
#304 = ORIENTED_EDGE ( 'NONE', *, *, #1889, .T. ) ;
#305 = VERTEX_POINT ( 'NONE', #1691 ) ;
#306 = ADVANCED_FACE ( 'NONE', ( #1933 ), #3044, .F. ) ;
#307 = CARTESIAN_POINT ( 'NONE',  ( -36.22741658601819381, 59.00000000000001421, 17.53937726372922512 ) ) ;
#308 = FACE_OUTER_BOUND ( 'NONE', #2215, .T. ) ;
#309 = ORIENTED_EDGE ( 'NONE', *, *, #754, .T. ) ;
#310 = EDGE_LOOP ( 'NONE', ( #3290, #3480, #752, #3493, #3395 ) ) ;
#311 = CARTESIAN_POINT ( 'NONE',  ( -24.61673966144943293, 61.00309514996506977, 12.40245827187892225 ) ) ;
#312 = DIRECTION ( 'NONE',  ( 6.982962677686266711E-15, 0.000000000000000000, 1.000000000000000000 ) ) ;
#313 = VECTOR ( 'NONE', #3404, 1000.000000000000000 ) ;
#314 = ADVANCED_FACE ( 'NONE', ( #1387 ), #2781, .F. ) ;
#315 = CIRCLE ( 'NONE', #1540, 2.000000000000001776 ) ;
#316 = AXIS2_PLACEMENT_3D ( 'NONE', #608, #2341, #956 ) ;
#317 = VECTOR ( 'NONE', #465, 1000.000000000000000 ) ;
#318 = CARTESIAN_POINT ( 'NONE',  ( -25.08256688763671249, 58.20425788945296119, 41.77298528388151055 ) ) ;
#319 = ORIENTED_EDGE ( 'NONE', *, *, #980, .T. ) ;
#320 = CARTESIAN_POINT ( 'NONE',  ( -6.228595854035697599, 53.00000000000000711, 33.44999999999973994 ) ) ;
#321 = DATE_AND_TIME ( #2293, #1097 ) ;
#322 = CARTESIAN_POINT ( 'NONE',  ( 0.02140414596406466086, 59.00000000000000711, 0.09999999999969581832 ) ) ;
#323 = CARTESIAN_POINT ( 'NONE',  ( -25.92426128629254833, 61.08689428764758134, 7.213704135908304949 ) ) ;
#324 = AXIS2_PLACEMENT_3D ( 'NONE', #2421, #452, #3211 ) ;
#325 = DIRECTION ( 'NONE',  ( -6.982939617164451206E-15, 0.000000000000000000, -1.000000000000000000 ) ) ;
#326 = VERTEX_POINT ( 'NONE', #2260 ) ;
#327 = ORIENTED_EDGE ( 'NONE', *, *, #2577, .F. ) ;
#328 = CARTESIAN_POINT ( 'NONE',  ( -25.32154288232629114, 60.66738902607728789, 14.65179942002000679 ) ) ;
#329 = ADVANCED_FACE ( 'NONE', ( #2730 ), #300, .T. ) ;
#330 = CIRCLE ( 'NONE', #2366, 1.000000000000000888 ) ;
#331 = CARTESIAN_POINT ( 'NONE',  ( 0.02140414596424507210, 53.99999999999998579, 26.09999999999969944 ) ) ;
#332 = CARTESIAN_POINT ( 'NONE',  ( -24.86609987527733878, 60.88432475819171685, 7.624104172105057309 ) ) ;
#333 = ORIENTED_EDGE ( 'NONE', *, *, #1364, .T. ) ;
#334 = ORIENTED_EDGE ( 'NONE', *, *, #2114, .T. ) ;
#335 = CYLINDRICAL_SURFACE ( 'NONE', #2481, 3.499999999999999556 ) ;
#336 = CARTESIAN_POINT ( 'NONE',  ( -8.228595854036289126, 52.00000000000000000, -8.150000000000449774 ) ) ;
#337 = APPROVAL_PERSON_ORGANIZATION ( #1934, #3393, #269 ) ;
#338 = EDGE_CURVE ( 'NONE', #812, #591, #3538, .T. ) ;
#339 = CARTESIAN_POINT ( 'NONE',  ( -24.54700046369965349, 58.29063300023228322, 41.31121833712087010 ) ) ;
#340 = ORIENTED_EDGE ( 'NONE', *, *, #1930, .F. ) ;
#341 = CARTESIAN_POINT ( 'NONE',  ( -25.34457253323963499, 58.16203713003325504, 41.99865419831890279 ) ) ;
#342 = PERSON_AND_ORGANIZATION ( #3342, #2840 ) ;
#343 = CARTESIAN_POINT ( 'NONE',  ( -51.01843048601511299, 51.61520069507142239, 34.63983463197944701 ) ) ;
#344 = CARTESIAN_POINT ( 'NONE',  ( -25.97859585403594451, 60.29525135799768520, -0.5361075519952022139 ) ) ;
#345 = CARTESIAN_POINT ( 'NONE',  ( -34.56438229166248988, 46.00000000000000711, 51.18578643762683100 ) ) ;
#346 = CARTESIAN_POINT ( 'NONE',  ( -42.21206816082104041, 58.10270925012002863, 25.81603503164449975 ) ) ;
#347 = EDGE_LOOP ( 'NONE', ( #2935, #3001, #1746 ) ) ;
#348 = CARTESIAN_POINT ( 'NONE',  ( -52.43570263522210695, 45.00000000000000711, 66.22867965644032040 ) ) ;
#349 = DIRECTION ( 'NONE',  ( 0.000000000000000000, 1.000000000000000000, 0.000000000000000000 ) ) ;
#350 = ORIENTED_EDGE ( 'NONE', *, *, #2160, .F. ) ;
#351 = ORIENTED_EDGE ( 'NONE', *, *, #1075, .T. ) ;
#352 = CARTESIAN_POINT ( 'NONE',  ( -25.32706670878702937, 60.66475306222523045, 14.64563789409928596 ) ) ;
#353 = DIRECTION ( 'NONE',  ( 0.7071067811865386910, 0.000000000000000000, -0.7071067811865564545 ) ) ;
#354 = EDGE_CURVE ( 'NONE', #1767, #1046, #1651, .T. ) ;
#355 = CARTESIAN_POINT ( 'NONE',  ( -24.84462686042785151, 58.24288110352394199, 41.56509344106481763 ) ) ;
#356 = DIRECTION ( 'NONE',  ( -1.000000000000000000, 0.000000000000000000, 6.982962677686266711E-15 ) ) ;
#357 = PERSON_AND_ORGANIZATION ( #3342, #2840 ) ;
#358 = CARTESIAN_POINT ( 'NONE',  ( -50.03611373785966521, 52.21939612286499965, 32.38660864290404362 ) ) ;
#359 = CARTESIAN_POINT ( 'NONE',  ( -14.93648433631447503, 60.57437834058679726, 25.63821714757685299 ) ) ;
#360 = DIRECTION ( 'NONE',  ( 0.000000000000000000, -1.000000000000000000, 0.000000000000000000 ) ) ;
#361 = CARTESIAN_POINT ( 'NONE',  ( -41.46930109269521125, 58.23810516692552142, 24.99556677393716342 ) ) ;
#362 = VERTEX_POINT ( 'NONE', #1403 ) ;
#363 = CARTESIAN_POINT ( 'NONE',  ( -25.71859318855264220, 61.19275816522185352, 13.17417358180092180 ) ) ;
#364 = CARTESIAN_POINT ( 'NONE',  ( -53.14280941640865308, 53.00000000000000711, 66.93578643762685942 ) ) ;
#365 = VERTEX_POINT ( 'NONE', #2237 ) ;
#366 = VERTEX_POINT ( 'NONE', #3338 ) ;
#367 = PRODUCT ( '\X2\59165e955ea7\X0\4', '\X2\59165e955ea7\X0\4', '', ( #3565 ) ) ;
#368 = CARTESIAN_POINT ( 'NONE',  ( -25.84769283431053921, 60.41677473418687327, 15.64165442802952910 ) ) ;
#369 = CARTESIAN_POINT ( 'NONE',  ( -31.22859585403588056, 53.00000000000000711, 8.449999999999912248 ) ) ;
#370 = ADVANCED_FACE ( 'NONE', ( #1949 ), #1418, .F. ) ;
#371 = EDGE_CURVE ( 'NONE', #2192, #1848, #2471, .T. ) ;
#372 = CYLINDRICAL_SURFACE ( 'NONE', #2475, 10.00000000000000178 ) ;
#373 = AXIS2_PLACEMENT_3D ( 'NONE', #822, #805, #2190 ) ;
#374 = LINE ( 'NONE', #1215, #2472 ) ;
#375 = AXIS2_PLACEMENT_3D ( 'NONE', #3347, #1941, #862 ) ;
#376 = PERSON_AND_ORGANIZATION_ROLE ( 'creator' ) ;
#377 = VECTOR ( 'NONE', #2009, 1000.000000000000000 ) ;
#378 = CARTESIAN_POINT ( 'NONE',  ( -50.70301683054480435, 52.61479633982638404, 34.32442097650913126 ) ) ;
#379 = CARTESIAN_POINT ( 'NONE',  ( -11.95143378271334811, 61.03507520747817239, 24.67101287767634687 ) ) ;
#380 = DIRECTION ( 'NONE',  ( -6.938893903907226800E-15, 0.000000000000000000, -1.000000000000000000 ) ) ;
#381 = DIRECTION ( 'NONE',  ( -6.982939617164451206E-15, 0.000000000000000000, -1.000000000000000000 ) ) ;
#382 = VERTEX_POINT ( 'NONE', #1094 ) ;
#383 = CARTESIAN_POINT ( 'NONE',  ( -25.44202110333962352, 61.33511856866411449, 11.95680221382479225 ) ) ;
#384 = VECTOR ( 'NONE', #927, 1000.000000000000114 ) ;
#385 = DIRECTION ( 'NONE',  ( 1.000000000000000000, 0.000000000000000000, -6.982962677686266711E-15 ) ) ;
#386 = EDGE_CURVE ( 'NONE', #828, #1060, #3357, .T. ) ;
#387 = ORIENTED_EDGE ( 'NONE', *, *, #1114, .F. ) ;
#388 = VERTEX_POINT ( 'NONE', #1144 ) ;
#389 = CIRCLE ( 'NONE', #1383, 10.00000000000000178 ) ;
#390 = PLANE ( 'NONE',  #316 ) ;
#391 = CARTESIAN_POINT ( 'NONE',  ( -5.635450103528372168, 53.00000000000000711, -5.556854249492629627 ) ) ;
#392 = EDGE_CURVE ( 'NONE', #1503, #2342, #3111, .T. ) ;
#393 = EDGE_CURVE ( 'NONE', #3019, #3552, #3377, .T. ) ;
#394 = DIRECTION ( 'NONE',  ( 0.000000000000000000, 1.000000000000000000, 0.000000000000000000 ) ) ;
#395 = CARTESIAN_POINT ( 'NONE',  ( -50.47859585403570293, 51.09163540188491481, 33.27157287525384533 ) ) ;
#396 = CARTESIAN_POINT ( 'NONE',  ( -15.66961549263073294, 60.54505869742224888, 27.09832189717060302 ) ) ;
#397 = DIRECTION ( 'NONE',  ( -7.021499783715644758E-15, 0.000000000000000000, -1.000000000000000000 ) ) ;
#398 = CARTESIAN_POINT ( 'NONE',  ( -26.87932122186644079, 60.59529471918389731, 0.09999999999991092403 ) ) ;
#399 = ORIENTED_EDGE ( 'NONE', *, *, #3580, .T. ) ;
#400 = CARTESIAN_POINT ( 'NONE',  ( -26.33704450904929217, 60.87442170177330780, 14.71908335323003492 ) ) ;
#401 = LINE ( 'NONE', #1586, #3114 ) ;
#402 = ORIENTED_EDGE ( 'NONE', *, *, #1195, .F. ) ;
#403 = ORIENTED_EDGE ( 'NONE', *, *, #2239, .T. ) ;
#404 = CARTESIAN_POINT ( 'NONE',  ( -40.03885635896003947, 58.09918317747602146, 21.67978386601436824 ) ) ;
#405 = ORIENTED_EDGE ( 'NONE', *, *, #1276, .F. ) ;
#406 = CARTESIAN_POINT ( 'NONE',  ( -42.08932631804493241, 59.00000000000000711, 27.12494402638216684 ) ) ;
#407 = EDGE_CURVE ( 'NONE', #739, #1902, #245, .T. ) ;
#408 = DIRECTION ( 'NONE',  ( 0.000000000000000000, -1.000000000000000000, 0.000000000000000000 ) ) ;
#409 = CARTESIAN_POINT ( 'NONE',  ( -21.22566443236694411, 59.00000000000000000, 38.16116389611988780 ) ) ;
#410 = CARTESIAN_POINT ( 'NONE',  ( -16.33173561218893965, 60.28568787943265050, 27.60221712533977723 ) ) ;
#411 = DIRECTION ( 'NONE',  ( -1.000000000000000000, 0.000000000000000000, 6.982962677686266711E-15 ) ) ;
#412 = DIRECTION ( 'NONE',  ( -0.6546536707079767536, -0.3779644730092244220, 0.6546536707079790851 ) ) ;
#413 = ORIENTED_EDGE ( 'NONE', *, *, #1960, .T. ) ;
#414 = CARTESIAN_POINT ( 'NONE',  ( -18.54681298738790574, 59.79146101652355583, 35.74509009060442111 ) ) ;
#415 = FACE_OUTER_BOUND ( 'NONE', #196, .T. ) ;
#416 = ORIENTED_EDGE ( 'NONE', *, *, #3213, .T. ) ;
#417 = VERTEX_POINT ( 'NONE', #519 ) ;
#418 = CARTESIAN_POINT ( 'NONE',  ( -32.41811792172051554, 52.28312163512968169, 50.23397459621548222 ) ) ;
#419 = ORIENTED_EDGE ( 'NONE', *, *, #689, .T. ) ;
#420 = CARTESIAN_POINT ( 'NONE',  ( -13.91821685117014162, 60.78368208671481199, 25.19879488279506674 ) ) ;
#421 = PLANE ( 'NONE',  #2938 ) ;
#422 = VERTEX_POINT ( 'NONE', #1636 ) ;
#423 = DIRECTION ( 'NONE',  ( -0.000000000000000000, -1.000000000000000000, 0.000000000000000000 ) ) ;
#424 = LINE ( 'NONE', #2659, #3132 ) ;
#425 = CARTESIAN_POINT ( 'NONE',  ( -12.24574601736841295, 61.29701725401154988, 25.63744695609865332 ) ) ;
#426 = CIRCLE ( 'NONE', #1714, 2.099999999999996980 ) ;
#427 = FACE_OUTER_BOUND ( 'NONE', #1229, .T. ) ;
#428 = CARTESIAN_POINT ( 'NONE',  ( -59.97859585403551108, 52.00000000000000711, 60.10000000000010800 ) ) ;
#429 = ORIENTED_EDGE ( 'NONE', *, *, #3203, .F. ) ;
#430 = EDGE_CURVE ( 'NONE', #2459, #1084, #2745, .T. ) ;
#431 = VECTOR ( 'NONE', #1581, 1000.000000000000000 ) ;
#432 = FACE_OUTER_BOUND ( 'NONE', #3461, .T. ) ;
#433 = CARTESIAN_POINT ( 'NONE',  ( -25.71120280927248203, 60.48178685456221615, 15.40084728090825195 ) ) ;
#434 = CIRCLE ( 'NONE', #2469, 26.99999999999998934 ) ;
#435 = CARTESIAN_POINT ( 'NONE',  ( -35.79910392972465871, 59.00000000000000711, 0.09999999999994561850 ) ) ;
#436 = VECTOR ( 'NONE', #2580, 1000.000000000000341 ) ;
#437 = ORIENTED_EDGE ( 'NONE', *, *, #1086, .T. ) ;
#438 = VERTEX_POINT ( 'NONE', #3061 ) ;
#439 = EDGE_CURVE ( 'NONE', #1170, #2038, #733, .T. ) ;
#440 = AXIS2_PLACEMENT_3D ( 'NONE', #1971, #244, #3080 ) ;
#441 = DIRECTION ( 'NONE',  ( -4.937700262164531476E-15, -0.7071067811865475727, -0.7071067811865475727 ) ) ;
#442 = AXIS2_PLACEMENT_3D ( 'NONE', #3527, #3494, #1023 ) ;
#443 = ORIENTED_EDGE ( 'NONE', *, *, #1047, .F. ) ;
#444 = CARTESIAN_POINT ( 'NONE',  ( -31.22859585403582727, 53.00000000000000711, 31.35000000000013998 ) ) ;
#445 = CARTESIAN_POINT ( 'NONE',  ( -6.228595854035697599, 56.00000000000000000, 33.44999999999973994 ) ) ;
#446 = DIRECTION ( 'NONE',  ( 1.000000000000000000, 0.000000000000000000, -6.982962677686266711E-15 ) ) ;
#447 = CARTESIAN_POINT ( 'NONE',  ( -18.22940255099745599, 59.00000000000000000, 36.71880729845332070 ) ) ;
#448 = CARTESIAN_POINT ( 'NONE',  ( -8.116889153973264825, 61.24634292034223648, 25.73589502024294617 ) ) ;
#449 = DIRECTION ( 'NONE',  ( 1.000000000000000000, -0.000000000000000000, -6.982962677686266711E-15 ) ) ;
#450 = CC_DESIGN_APPROVAL ( #1292, ( #569 ) ) ;
#451 = PLANE ( 'NONE',  #1831 ) ;
#452 = DIRECTION ( 'NONE',  ( 0.000000000000000000, 1.000000000000000000, 0.000000000000000000 ) ) ;
#453 = CARTESIAN_POINT ( 'NONE',  ( -26.24510268330121221, 60.22747627021215067, 16.25343673184793403 ) ) ;
#454 = CARTESIAN_POINT ( 'NONE',  ( -29.97859585403580240, 59.00000000000000711, 18.78629150101522427 ) ) ;
#455 = VERTEX_POINT ( 'NONE', #2619 ) ;
#456 = ORIENTED_EDGE ( 'NONE', *, *, #1703, .T. ) ;
#457 = DIRECTION ( 'NONE',  ( 0.7071067811865487940, 0.000000000000000000, 0.7071067811865463515 ) ) ;
#458 = ORIENTED_EDGE ( 'NONE', *, *, #1833, .F. ) ;
#459 = CARTESIAN_POINT ( 'NONE',  ( -41.47859585403593030, 45.00000000000000711, 0.09999999999998031297 ) ) ;
#460 = CARTESIAN_POINT ( 'NONE',  ( -50.47859585403593741, 59.00000000000000711, 0.1000000000000497019 ) ) ;
#461 = CARTESIAN_POINT ( 'NONE',  ( -18.94270819168149700, 59.00000000000001421, 37.04869598300233235 ) ) ;
#462 = EDGE_CURVE ( 'NONE', #841, #1457, #1288, .T. ) ;
#463 = CARTESIAN_POINT ( 'NONE',  ( -15.32154234445476249, 60.66323388157345420, 26.86873588651848266 ) ) ;
#464 = CARTESIAN_POINT ( 'NONE',  ( -41.69266885630373309, 53.74179900227447604, 56.89985943989496064 ) ) ;
#465 = DIRECTION ( 'NONE',  ( -0.7071067811865524577, 0.000000000000000000, -0.7071067811865426878 ) ) ;
#466 = CARTESIAN_POINT ( 'NONE',  ( -19.14984207615646028, 59.00067336359219183, 37.02629651974123703 ) ) ;
#467 = FACE_OUTER_BOUND ( 'NONE', #1063, .T. ) ;
#468 = DIRECTION ( 'NONE',  ( 6.982962677686266711E-15, -0.000000000000000000, 1.000000000000000000 ) ) ;
#469 = ORIENTED_EDGE ( 'NONE', *, *, #2204, .T. ) ;
#470 = ORIENTED_EDGE ( 'NONE', *, *, #2281, .T. ) ;
#471 = CARTESIAN_POINT ( 'NONE',  ( -22.47067680497805853, 57.66025403784439618, 40.92050807568855220 ) ) ;
#472 = EDGE_LOOP ( 'NONE', ( #1354, #2054, #2967, #145 ) ) ;
#473 = EDGE_CURVE ( 'NONE', #2767, #841, #2603, .T. ) ;
#474 = CARTESIAN_POINT ( 'NONE',  ( -33.10421692364192126, 51.26614846320756413, 50.57702409717629166 ) ) ;
#475 = CARTESIAN_POINT ( 'NONE',  ( -14.81802841028911999, 60.60013474270816403, 25.58413199372551716 ) ) ;
#476 = CARTESIAN_POINT ( 'NONE',  ( 7.564297364777742061, 45.00000000000000711, 7.642893218813352263 ) ) ;
#477 = EDGE_CURVE ( 'NONE', #305, #2376, #1706, .T. ) ;
#478 = CARTESIAN_POINT ( 'NONE',  ( -23.05287233866761909, 59.00000000000001421, 39.16111808977323960 ) ) ;
#479 = CYLINDRICAL_SURFACE ( 'NONE', #3003, 3.499999999999999556 ) ;
#480 = CARTESIAN_POINT ( 'NONE',  ( -50.47859585403618610, 50.91709623134523355, -33.89999999999994884 ) ) ;
#481 = PLANE ( 'NONE',  #1721 ) ;
#482 = DIRECTION ( 'NONE',  ( 0.6644630243886702203, 0.3420201433256619405, -0.6644630243886826548 ) ) ;
#483 = CYLINDRICAL_SURFACE ( 'NONE', #2769, 9.999999999999998224 ) ;
#484 = AXIS2_PLACEMENT_3D ( 'NONE', #2828, #349, #2338 ) ;
#485 = DIRECTION ( 'NONE',  ( -0.6546536707079698703, -0.3779644730092238669, 0.6546536707079864126 ) ) ;
#486 = AXIS2_PLACEMENT_3D ( 'NONE', #985, #2914, #2098 ) ;
#487 = VERTEX_POINT ( 'NONE', #2275 ) ;
#488 = ORIENTED_EDGE ( 'NONE', *, *, #54, .F. ) ;
#489 = VECTOR ( 'NONE', #601, 999.9999999999998863 ) ;
#490 = ADVANCED_FACE ( 'NONE', ( #80 ), #98, .F. ) ;
#491 = DIRECTION ( 'NONE',  ( -0.4850297717774064155, -0.2496601706515544639, 0.8381025710972336284 ) ) ;
#492 = ORIENTED_EDGE ( 'NONE', *, *, #2316, .F. ) ;
#493 = EDGE_LOOP ( 'NONE', ( #2671, #2231, #3443, #957, #1083, #1373, #1803, #91, #864, #2483 ) ) ;
#494 = CARTESIAN_POINT ( 'NONE',  ( -48.95581757040398685, 58.25820099772553107, 33.99143527874141313 ) ) ;
#495 = LINE ( 'NONE', #2433, #2650 ) ;
#496 = VECTOR ( 'NONE', #3079, 1000.000000000000000 ) ;
#497 = LINE ( 'NONE', #1888, #1495 ) ;
#498 = CIRCLE ( 'NONE', #2952, 2.000000000000001776 ) ;
#499 = CARTESIAN_POINT ( 'NONE',  ( -40.47859585403593030, 53.00000000000000711, 0.09999999999998031297 ) ) ;
#500 = EDGE_CURVE ( 'NONE', #1113, #1060, #928, .T. ) ;
#501 = LINE ( 'NONE', #284, #25 ) ;
#502 = CARTESIAN_POINT ( 'NONE',  ( -66.10727551047581585, 45.00000000000000711, 52.55710678118679624 ) ) ;
#503 = CARTESIAN_POINT ( 'NONE',  ( -28.04929296963157981, 59.99307324083179793, 17.06135604089226021 ) ) ;
#504 =( NAMED_UNIT ( * ) PLANE_ANGLE_UNIT ( ) SI_UNIT ( $, .RADIAN. ) );
#505 = CARTESIAN_POINT ( 'NONE',  ( 2.635343580447197187, 60.65706035687099984, 26.88072956284097259 ) ) ;
#506 = CARTESIAN_POINT ( 'NONE',  ( -38.33975298313355040, 59.00000000000000711, 21.92390403782165720 ) ) ;
#507 = EDGE_LOOP ( 'NONE', ( #2838, #256, #539, #3371 ) ) ;
#508 = VERTEX_POINT ( 'NONE', #3434 ) ;
#509 = CARTESIAN_POINT ( 'NONE',  ( -38.99634291873670833, 59.00000000000000711, 23.10024711180212975 ) ) ;
#510 = DIRECTION ( 'NONE',  ( -0.7071067811865524577, 0.000000000000000000, -0.7071067811865426878 ) ) ;
#511 = ORIENTED_EDGE ( 'NONE', *, *, #114, .T. ) ;
#512 = EDGE_LOOP ( 'NONE', ( #2697, #2908, #2361, #122 ) ) ;
#513 = DIRECTION ( 'NONE',  ( -6.982962677686266711E-15, 0.000000000000000000, -1.000000000000000000 ) ) ;
#514 = DIRECTION ( 'NONE',  ( 6.938893903907222067E-15, 0.000000000000000000, 1.000000000000000000 ) ) ;
#515 =( BOUNDED_CURVE ( )  B_SPLINE_CURVE ( 3, ( #1247, #2058, #1291, #3465 ),
 .UNSPECIFIED., .F., .T. ) 
 B_SPLINE_CURVE_WITH_KNOTS ( ( 4, 4 ),
 ( 1.936003548085262427, 4.347181759094322473 ),
 .UNSPECIFIED. ) 
 CURVE ( )  GEOMETRIC_REPRESENTATION_ITEM ( )  RATIONAL_B_SPLINE_CURVE ( ( 1.000000000000000000, 0.5714285714285712858, 0.5714285714285712858, 1.000000000000000000 ) ) 
 REPRESENTATION_ITEM ( '' )  );
#516 = ADVANCED_FACE ( 'NONE', ( #670 ), #2347, .T. ) ;
#517 = CARTESIAN_POINT ( 'NONE',  ( -9.497770061691229060, 59.00000000000000711, 30.09999999999975984 ) ) ;
#518 = CARTESIAN_POINT ( 'NONE',  ( -9.174609958334267290, 61.05385487068846828, 24.63158087300394428 ) ) ;
#519 = CARTESIAN_POINT ( 'NONE',  ( -36.88545010352823539, 53.00000000000000711, 25.69314575050783134 ) ) ;
#520 = FACE_OUTER_BOUND ( 'NONE', #107, .T. ) ;
#521 = CARTESIAN_POINT ( 'NONE',  ( 7.545508318069502174, 60.88432475819168843, 24.98750402124107950 ) ) ;
#522 = FACE_BOUND ( 'NONE', #1986, .T. ) ;
#523 = DIRECTION ( 'NONE',  ( 0.7071067811865564545, 0.000000000000000000, 0.7071067811865386910 ) ) ;
#524 = VERTEX_POINT ( 'NONE', #2292 ) ;
#525 = EDGE_CURVE ( 'NONE', #455, #3019, #84, .T. ) ;
#526 = CARTESIAN_POINT ( 'NONE',  ( -36.85357145073666629, 59.00000000000001421, 18.90583133855100684 ) ) ;
#527 = CARTESIAN_POINT ( 'NONE',  ( -40.22485215657844293, 59.00000000000000711, 25.06095330758611794 ) ) ;
#528 = VERTEX_POINT ( 'NONE', #320 ) ;
#529 = ORIENTED_EDGE ( 'NONE', *, *, #3556, .F. ) ;
#530 = FACE_OUTER_BOUND ( 'NONE', #472, .T. ) ;
#531 = CARTESIAN_POINT ( 'NONE',  ( -22.92399972513520723, 58.54406909122054259, 40.05718849703733753 ) ) ;
#532 = ADVANCED_FACE ( 'NONE', ( #3115 ), #634, .T. ) ;
#533 = CARTESIAN_POINT ( 'NONE',  ( -24.95206497211579943, 59.00000000000000711, 40.40090564117981131 ) ) ;
#534 = CARTESIAN_POINT ( 'NONE',  ( -38.05092461352617050, 58.85737090785065817, 20.22156847918566669 ) ) ;
#535 = DIRECTION ( 'NONE',  ( 1.000000000000000000, 0.000000000000000000, -6.982962677686266711E-15 ) ) ;
#536 = CARTESIAN_POINT ( 'NONE',  ( 0.02140414596440466666, 52.64914703891411563, 49.59999999999968878 ) ) ;
#537 = CARTESIAN_POINT ( 'NONE',  ( -22.71645794479894320, 59.00000000000000711, 38.95855909820900109 ) ) ;
#538 = DIRECTION ( 'NONE',  ( 6.982962677686266711E-15, -0.000000000000000000, 1.000000000000000000 ) ) ;
#539 = ORIENTED_EDGE ( 'NONE', *, *, #282, .F. ) ;
#540 = ORIENTED_EDGE ( 'NONE', *, *, #1312, .F. ) ;
#541 = CARTESIAN_POINT ( 'NONE',  ( -38.48582280341017281, 59.00000000000002132, 22.19225977415369400 ) ) ;
#542 = EDGE_CURVE ( 'NONE', #2478, #1084, #3396, .T. ) ;
#543 = LINE ( 'NONE', #1925, #2412 ) ;
#544 = ADVANCED_FACE ( 'NONE', ( #652 ), #2889, .T. ) ;
#545 = VECTOR ( 'NONE', #2248, 1000.000000000000000 ) ;
#546 = ORIENTED_EDGE ( 'NONE', *, *, #3278, .T. ) ;
#547 = ORIENTED_EDGE ( 'NONE', *, *, #2055, .T. ) ;
#548 = ADVANCED_BREP_SHAPE_REPRESENTATION ( '\X2\59165e955ea7\X0\4', ( #2790, #3616 ), #3138 ) ;
#549 = CARTESIAN_POINT ( 'NONE',  ( -34.20301683054536568, 52.61479633982638404, 50.82442097650970680 ) ) ;
#550 = CARTESIAN_POINT ( 'NONE',  ( -20.64377796573793944, 58.81191043161938836, 38.52062962564598081 ) ) ;
#551 = AXIS2_PLACEMENT_3D ( 'NONE', #3415, #356, #2043 ) ;
#552 = VECTOR ( 'NONE', #3508, 1000.000000000000000 ) ;
#553 = FACE_OUTER_BOUND ( 'NONE', #87, .T. ) ;
#554 = CARTESIAN_POINT ( 'NONE',  ( -49.47859585403571714, 52.64914703891411563, 31.27157287525380269 ) ) ;
#555 = CIRCLE ( 'NONE', #2193, 5.000000000000000888 ) ;
#556 = DIRECTION ( 'NONE',  ( -0.6644630243886702203, -0.3420201433256619961, 0.6644630243886826548 ) ) ;
#557 = CONICAL_SURFACE ( 'NONE', #2427, 1.000000000000000888, 0.7853981633974447263 ) ;
#558 = B_SPLINE_CURVE_WITH_KNOTS ( 'NONE', 3,
 ( #1386, #1093, #3011, #2729, #1366, #3602, #3060, #1704, #3433, #3412, #3153, #339, #3112, #2257, #2520, #2504, #355, #1194, #2544, #318, #2001, #1726, #2311, #8, #2856, #1985, #1121, #612, #2235, #45, #1158, #298 ),
 .UNSPECIFIED., .F., .F.,
 ( 4, 2, 1, 1, 2, 2, 2, 1, 1, 1, 2, 2, 2, 1, 1, 1, 1, 1, 2, 2, 4 ),
 ( 0.000000000000000000, 0.1250000000001142697, 0.1875000000001702527, 0.2187500000001982581, 0.2343750000002142453, 0.2500000000002302603, 0.3750000000003309020, 0.4375000000003809175, 0.4687500000004052314, 0.4843750000004197753, 0.4921875000004269918, 0.5000000000004342082, 0.6250000000005035972, 0.6875000000005380141, 0.7187500000005554446, 0.7343750000005619949, 0.7421875000005664358, 0.7460937500005678791, 0.7480468750005673240, 0.7500000000005667689, 1.000000000000000000 ),
 .UNSPECIFIED. ) ;
#559 = LINE ( 'NONE', #270, #93 ) ;
#560 = AXIS2_PLACEMENT_3D ( 'NONE', #3409, #1701, #22 ) ;
#561 = CARTESIAN_POINT ( 'NONE',  ( -25.81957781484219439, 61.14077818275551124, 13.57633672998192509 ) ) ;
#562 = ORIENTED_EDGE ( 'NONE', *, *, #1522, .F. ) ;
#563 = ORIENTED_EDGE ( 'NONE', *, *, #665, .F. ) ;
#564 = CARTESIAN_POINT ( 'NONE',  ( -38.00067655493767660, 59.00000000000002842, 21.27074627497286485 ) ) ;
#565 = EDGE_CURVE ( 'NONE', #528, #1406, #374, .T. ) ;
#566 = CARTESIAN_POINT ( 'NONE',  ( -25.60034125234745872, 60.49554039670744743, 4.530273233832561530 ) ) ;
#567 = ORIENTED_EDGE ( 'NONE', *, *, #2156, .F. ) ;
#568 = ORIENTED_EDGE ( 'NONE', *, *, #1214, .F. ) ;
#569 = PRODUCT_DEFINITION_FORMATION_WITH_SPECIFIED_SOURCE ( 'ä»', '', #367, .NOT_KNOWN. ) ;
#570 = CARTESIAN_POINT ( 'NONE',  ( -24.68597717242123935, 60.97011881007783529, 12.73305400309835989 ) ) ;
#571 = CARTESIAN_POINT ( 'NONE',  ( -18.13947302815119400, 58.97006098536812857, 36.94494249287721033 ) ) ;
#572 = LINE ( 'NONE', #588, #496 ) ;
#573 = CARTESIAN_POINT ( 'NONE',  ( -37.56467105775384141, 59.00000000000001421, 18.71076150457749776 ) ) ;
#574 = EDGE_CURVE ( 'NONE', #791, #1452, #2028, .T. ) ;
#575 = CARTESIAN_POINT ( 'NONE',  ( 0.02140414596406466086, 53.00000000000000711, 0.09999999999969581832 ) ) ;
#576 = CARTESIAN_POINT ( 'NONE',  ( 3.286185368816344265, 60.69409307959803357, 26.80878387360382931 ) ) ;
#577 = FACE_OUTER_BOUND ( 'NONE', #2624, .T. ) ;
#578 = ORIENTED_EDGE ( 'NONE', *, *, #3026, .F. ) ;
#579 = VERTEX_POINT ( 'NONE', #47 ) ;
#580 = EDGE_CURVE ( 'NONE', #2880, #2482, #2857, .T. ) ;
#581 = CARTESIAN_POINT ( 'NONE',  ( -31.22859585403589477, 53.00000000000000711, 6.349999999999916156 ) ) ;
#582 = CARTESIAN_POINT ( 'NONE',  ( -25.65255530841930920, 60.46789149765833571, 4.216854970641440659 ) ) ;
#583 = ORIENTED_EDGE ( 'NONE', *, *, #1811, .T. ) ;
#584 = VERTEX_POINT ( 'NONE', #1473 ) ;
#585 = CARTESIAN_POINT ( 'NONE',  ( -10.39658624618120442, 45.00000000000000711, 34.55962095248796118 ) ) ;
#586 = DIRECTION ( 'NONE',  ( -0.000000000000000000, -1.000000000000000000, 0.000000000000000000 ) ) ;
#587 = EDGE_CURVE ( 'NONE', #3130, #388, #2415, .T. ) ;
#588 = CARTESIAN_POINT ( 'NONE',  ( -6.228595854035736679, 62.78035457054156865, 27.84999999999973852 ) ) ;
#589 = EDGE_CURVE ( 'NONE', #771, #69, #809, .T. ) ;
#590 = EDGE_CURVE ( 'NONE', #366, #2880, #1000, .T. ) ;
#591 = VERTEX_POINT ( 'NONE', #2658 ) ;
#592 = CARTESIAN_POINT ( 'NONE',  ( -23.42641981728165490, 58.46410161513777126, 40.42886667852268090 ) ) ;
#593 = PERSON_AND_ORGANIZATION_ROLE ( 'creator' ) ;
#594 = CARTESIAN_POINT ( 'NONE',  ( -50.45561995121176579, 51.26614846320873653, 33.22562106960636186 ) ) ;
#595 = CARTESIAN_POINT ( 'NONE',  ( -25.21190894335508048, 60.70121674931802147, 6.399566917979067959 ) ) ;
#596 = CARTESIAN_POINT ( 'NONE',  ( -31.19741871365274477, 49.00000000000000711, 46.40460929724400074 ) ) ;
#597 = ORIENTED_EDGE ( 'NONE', *, *, #407, .F. ) ;
#598 = EDGE_LOOP ( 'NONE', ( #333, #218, #1321, #1437 ) ) ;
#599 = CARTESIAN_POINT ( 'NONE',  ( -27.75511110574985807, 60.14449795455639247, 16.76718705139348131 ) ) ;
#600 = DIRECTION ( 'NONE',  ( -0.6768508792395084850, -0.7071067811865492381, 0.2046286570172952679 ) ) ;
#601 = DIRECTION ( 'NONE',  ( 0.7071067811865386910, 0.000000000000000000, -0.7071067811865564545 ) ) ;
#602 = EDGE_CURVE ( 'NONE', #3376, #1587, #758, .T. ) ;
#603 = ORIENTED_EDGE ( 'NONE', *, *, #2090, .F. ) ;
#604 = VERTEX_POINT ( 'NONE', #1308 ) ;
#605 = AXIS2_PLACEMENT_3D ( 'NONE', #1810, #981, #720 ) ;
#606 = EDGE_CURVE ( 'NONE', #151, #305, #2435, .T. ) ;
#607 = CARTESIAN_POINT ( 'NONE',  ( -20.63584562302589021, 58.54303760185906924, 39.39148209072840245 ) ) ;
#608 = CARTESIAN_POINT ( 'NONE',  ( -42.97750241724677522, 53.00000000000013500, 58.18469300083804541 ) ) ;
#609 = VECTOR ( 'NONE', #3254, 1000.000000000000000 ) ;
#610 = AXIS2_PLACEMENT_3D ( 'NONE', #444, #1560, #171 ) ;
#611 = CIRCLE ( 'NONE', #2652, 2.000000000000001776 ) ;
#612 = CARTESIAN_POINT ( 'NONE',  ( -25.58044827990960002, 58.12187856244401019, 42.22646886119265730 ) ) ;
#613 = ORIENTED_EDGE ( 'NONE', *, *, #281, .T. ) ;
#614 = DIRECTION ( 'NONE',  ( -6.938893903907236266E-15, 0.000000000000000000, -1.000000000000000000 ) ) ;
#615 = VECTOR ( 'NONE', #210, 1000.000000000000000 ) ;
#616 = EDGE_CURVE ( 'NONE', #2066, #2664, #1869, .T. ) ;
#617 = APPROVAL_DATE_TIME ( #2547, #3393 ) ;
#618 = PLANE ( 'NONE',  #2425 ) ;
#619 = CARTESIAN_POINT ( 'NONE',  ( -25.05018431330917394, 60.78685092646139054, -6.815215235288199835 ) ) ;
#620 = AXIS2_PLACEMENT_3D ( 'NONE', #744, #2690, #691 ) ;
#621 = CARTESIAN_POINT ( 'NONE',  ( -5.211874130200577326, 60.79426615640588238, 26.61417163547423925 ) ) ;
#622 = CARTESIAN_POINT ( 'NONE',  ( -41.62740398246208429, 58.20875819260037787, 25.17622628012433950 ) ) ;
#623 = EDGE_LOOP ( 'NONE', ( #1606, #936, #3614, #3555 ) ) ;
#624 = PLANE ( 'NONE',  #3069 ) ;
#625 = VECTOR ( 'NONE', #3333, 1000.000000000000000 ) ;
#626 = CARTESIAN_POINT ( 'NONE',  ( -41.69266885630373309, 53.74179900227448314, 56.89985943989496064 ) ) ;
#627 = ORIENTED_EDGE ( 'NONE', *, *, #3328, .T. ) ;
#628 = VERTEX_POINT ( 'NONE', #1854 ) ;
#629 = ADVANCED_FACE ( 'NONE', ( #1798 ), #2770, .T. ) ;
#630 = CARTESIAN_POINT ( 'NONE',  ( -52.47859585403571003, 46.00000000000000711, 33.27157287525387375 ) ) ;
#631 = CARTESIAN_POINT ( 'NONE',  ( -36.60740529682244926, 59.70748006267108821, 19.69635826909132703 ) ) ;
#632 = B_SPLINE_SURFACE_WITH_KNOTS ( 'NONE', 1, 3, ( 
 ( #2632, #2617, #3188, #1830, #3202, #406 ),
 ( #115, #1231, #1523, #130, #2360, #3219 ) ),
 .UNSPECIFIED., .F., .F., .F.,
 ( 2, 2 ),
 ( 4, 2, 4 ),
 ( 0.000000000000000000, 1.000000000000000000 ),
 ( 1.045710769551883024, 1.308253548173389680, 1.570796326794896336 ),
 .UNSPECIFIED. ) ;
#633 = CYLINDRICAL_SURFACE ( 'NONE', #252, 2.000000000000001776 ) ;
#634 = CYLINDRICAL_SURFACE ( 'NONE', #551, 2.000000000000001776 ) ;
#635 = SECURITY_CLASSIFICATION_LEVEL ( 'unclassified' ) ;
#636 = EDGE_CURVE ( 'NONE', #2664, #2460, #498, .T. ) ;
#637 = CARTESIAN_POINT ( 'NONE',  ( -20.61671505473725574, 58.81728215016008221, 38.50121597793507533 ) ) ;
#638 = CARTESIAN_POINT ( 'NONE',  ( -26.49595492985535472, 60.79262548000464506, -4.459437695466176521 ) ) ;
#639 = DIRECTION ( 'NONE',  ( -0.7071067811865524577, 0.000000000000000000, -0.7071067811865426878 ) ) ;
#640 = CARTESIAN_POINT ( 'NONE',  ( -42.11718531258128451, 58.11970337786028296, 25.71484781067229619 ) ) ;
#641 = ORIENTED_EDGE ( 'NONE', *, *, #685, .T. ) ;
#642 = CARTESIAN_POINT ( 'NONE',  ( -28.04929296963157981, 59.99307324083178372, 17.06135604089226021 ) ) ;
#643 =( BOUNDED_CURVE ( )  B_SPLINE_CURVE ( 3, ( #1328, #3279, #774, #1615 ),
 .UNSPECIFIED., .F., .T. ) 
 B_SPLINE_CURVE_WITH_KNOTS ( ( 4, 4 ),
 ( 1.936003548085250658, 3.141592653589783346 ),
 .UNSPECIFIED. ) 
 CURVE ( )  GEOMETRIC_REPRESENTATION_ITEM ( )  RATIONAL_B_SPLINE_CURVE ( ( 1.000000000000000000, 0.8825029806986087744, 0.8825029806986087744, 1.000000000000000000 ) ) 
 REPRESENTATION_ITEM ( '' )  );
#644 = CARTESIAN_POINT ( 'NONE',  ( -24.86609987527733168, 53.99999999999998579, 7.624104172105050203 ) ) ;
#645 = EDGE_CURVE ( 'NONE', #365, #2340, #1611, .T. ) ;
#646 = EDGE_LOOP ( 'NONE', ( #2573, #1061, #2391, #3326, #823 ) ) ;
#647 = ORIENTED_EDGE ( 'NONE', *, *, #848, .F. ) ;
#648 = ADVANCED_FACE ( 'NONE', ( #3189 ), #1562, .F. ) ;
#649 = DIRECTION ( 'NONE',  ( -6.938893903907226800E-15, 0.000000000000000000, -1.000000000000000000 ) ) ;
#650 = CARTESIAN_POINT ( 'NONE',  ( -6.228595854035726909, 53.00000000000000711, 29.24999999999973710 ) ) ;
#651 = CARTESIAN_POINT ( 'NONE',  ( -40.47859585403568872, 53.00000000000000711, 35.59999999999998721 ) ) ;
#652 = FACE_OUTER_BOUND ( 'NONE', #166, .T. ) ;
#653 = APPROVAL_DATE_TIME ( #1420, #1292 ) ;
#654 = CARTESIAN_POINT ( 'NONE',  ( -16.47067680498617293, 59.00000000000000711, 35.92050807569663817 ) ) ;
#655 = EDGE_CURVE ( 'NONE', #1883, #2085, #3504, .T. ) ;
#656 = CARTESIAN_POINT ( 'NONE',  ( -25.86194821126383658, 60.35701699568483036, -2.441004441021668914 ) ) ;
#657 = CARTESIAN_POINT ( 'NONE',  ( -7.792088648144878782, 53.00000000000000711, 25.94471571436588064 ) ) ;
#658 = CARTESIAN_POINT ( 'NONE',  ( -42.50619786775484954, 58.05053708881275298, 26.12405319799961845 ) ) ;
#659 = ORIENTED_EDGE ( 'NONE', *, *, #589, .T. ) ;
#660 = FACE_OUTER_BOUND ( 'NONE', #1049, .T. ) ;
#661 = DIRECTION ( 'NONE',  ( 0.6546536707079697592, 0.3779644730092243110, -0.6546536707079861905 ) ) ;
#662 = VERTEX_POINT ( 'NONE', #2396 ) ;
#663 = VERTEX_POINT ( 'NONE', #2911 ) ;
#664 = DIRECTION ( 'NONE',  ( -6.938893903907226800E-15, 0.000000000000000000, -1.000000000000000000 ) ) ;
#665 = EDGE_CURVE ( 'NONE', #455, #579, #2970, .T. ) ;
#666 = CARTESIAN_POINT ( 'NONE',  ( -8.228595854036289126, 46.00000000000000711, -8.150000000000449774 ) ) ;
#667 = ADVANCED_FACE ( 'NONE', ( #2706 ), #205, .T. ) ;
#668 = CARTESIAN_POINT ( 'NONE',  ( -46.28320515127980883, 59.00000000000000711, 31.31882285961713208 ) ) ;
#669 = AXIS2_PLACEMENT_3D ( 'NONE', #1872, #2779, #228 ) ;
#670 = FACE_OUTER_BOUND ( 'NONE', #1627, .T. ) ;
#671 = VECTOR ( 'NONE', #1484, 1000.000000000000114 ) ;
#672 = CIRCLE ( 'NONE', #144, 10.00000000000000178 ) ;
#673 = DIRECTION ( 'NONE',  ( -0.7071067811865427988, 0.000000000000000000, 0.7071067811865522357 ) ) ;
#674 = FACE_OUTER_BOUND ( 'NONE', #1099, .T. ) ;
#675 = DIRECTION ( 'NONE',  ( 0.000000000000000000, 1.000000000000000000, 0.000000000000000000 ) ) ;
#676 = VECTOR ( 'NONE', #690, 1000.000000000000000 ) ;
#677 = CARTESIAN_POINT ( 'NONE',  ( -42.14269576366998393, 58.11512758312464655, 25.74215342611392643 ) ) ;
#678 = VERTEX_POINT ( 'NONE', #2633 ) ;
#679 = CARTESIAN_POINT ( 'NONE',  ( -24.84848549856130617, 60.89271480403605352, 13.38838652511514660 ) ) ;
#680 = PLANE ( 'NONE',  #2126 ) ;
#681 = VERTEX_POINT ( 'NONE', #2950 ) ;
#682 = ORIENTED_EDGE ( 'NONE', *, *, #2646, .T. ) ;
#683 = CIRCLE ( 'NONE', #2715, 9.000000000000012434 ) ;
#684 = AXIS2_PLACEMENT_3D ( 'NONE', #3222, #408, #1524 ) ;
#685 = EDGE_CURVE ( 'NONE', #2157, #1736, #2674, .T. ) ;
#686 = DIRECTION ( 'NONE',  ( -6.982962677686266711E-15, -0.000000000000000000, -1.000000000000000000 ) ) ;
#687 = ORIENTED_EDGE ( 'NONE', *, *, #1568, .T. ) ;
#688 = DIRECTION ( 'NONE',  ( -0.7071067811865463515, 0.000000000000000000, 0.7071067811865487940 ) ) ;
#689 = EDGE_CURVE ( 'NONE', #3023, #662, #131, .T. ) ;
#690 = DIRECTION ( 'NONE',  ( -0.7071067811865524577, 0.000000000000000000, -0.7071067811865426878 ) ) ;
#691 = DIRECTION ( 'NONE',  ( 6.938893903907222067E-15, 0.000000000000000000, 1.000000000000000000 ) ) ;
#692 = CARTESIAN_POINT ( 'NONE',  ( -11.83539806786058790, 61.33511856866417133, 25.56342524930358451 ) ) ;
#693 = CARTESIAN_POINT ( 'NONE',  ( -51.72859585403554661, 26.55243918562683447, 67.52157287525376717 ) ) ;
#694 = EDGE_CURVE ( 'NONE', #3552, #663, #207, .T. ) ;
#695 = CARTESIAN_POINT ( 'NONE',  ( -41.46457988035638209, 58.23898495909491402, 24.99012979892449238 ) ) ;
#696 = VERTEX_POINT ( 'NONE', #3244 ) ;
#697 = CARTESIAN_POINT ( 'NONE',  ( -21.55837972005454617, 58.09918317747733596, 40.16026050492179422 ) ) ;
#698 = DIRECTION ( 'NONE',  ( 6.982962677686266711E-15, 0.000000000000000000, 1.000000000000000000 ) ) ;
#699 = ORIENTED_EDGE ( 'NONE', *, *, #2160, .T. ) ;
#700 = ORIENTED_EDGE ( 'NONE', *, *, #1086, .F. ) ;
#701 = LINE ( 'NONE', #2106, #3057 ) ;
#702 = EDGE_LOOP ( 'NONE', ( #1807, #1657, #2107, #2683 ) ) ;
#703 = DIRECTION ( 'NONE',  ( -0.5000000000000055511, 0.7071067811865462405, -0.4999999999999961697 ) ) ;
#704 = ORIENTED_EDGE ( 'NONE', *, *, #1471, .F. ) ;
#705 = CARTESIAN_POINT ( 'NONE',  ( -65.40016872928926261, 53.00000000000000711, 51.85000000000022169 ) ) ;
#706 = CARTESIAN_POINT ( 'NONE',  ( -22.12486561215392200, 59.00000000000000711, 38.63660085286071677 ) ) ;
#707 = CARTESIAN_POINT ( 'NONE',  ( -66.10727551047583006, 53.00000000000000711, 51.14289321881368977 ) ) ;
#708 = EDGE_CURVE ( 'NONE', #3500, #3221, #743, .T. ) ;
#709 = DIRECTION ( 'NONE',  ( -1.000000000000000000, 0.000000000000000000, 6.982962677686266711E-15 ) ) ;
#710 = DIRECTION ( 'NONE',  ( 6.982962677686266711E-15, 0.000000000000000000, 1.000000000000000000 ) ) ;
#711 = ORIENTED_EDGE ( 'NONE', *, *, #3515, .T. ) ;
#712 = FACE_OUTER_BOUND ( 'NONE', #3106, .T. ) ;
#713 = FACE_OUTER_BOUND ( 'NONE', #598, .T. ) ;
#714 = ORIENTED_EDGE ( 'NONE', *, *, #1668, .T. ) ;
#715 = ORIENTED_EDGE ( 'NONE', *, *, #2198, .T. ) ;
#716 = DIRECTION ( 'NONE',  ( 6.982962677686266711E-15, 0.000000000000000000, 1.000000000000000000 ) ) ;
#717 = ADVANCED_FACE ( 'NONE', ( #1616 ), #2717, .F. ) ;
#718 = ORIENTED_EDGE ( 'NONE', *, *, #439, .T. ) ;
#719 = DIRECTION ( 'NONE',  ( 0.5000000000000003331, -0.7071067811865450192, 0.5000000000000032196 ) ) ;
#720 = DIRECTION ( 'NONE',  ( -7.021499783715644758E-15, 0.000000000000000000, -1.000000000000000000 ) ) ;
#721 = B_SPLINE_CURVE_WITH_KNOTS ( 'NONE', 1,
 ( #3627, #2803 ),
 .UNSPECIFIED., .F., .F.,
 ( 2, 2 ),
 ( 0.000000000000000000, 1.000000000000000000 ),
 .UNSPECIFIED. ) ;
#722 = DIRECTION ( 'NONE',  ( -0.000000000000000000, -1.000000000000000000, 0.000000000000000000 ) ) ;
#723 = VECTOR ( 'NONE', #960, 1000.000000000000000 ) ;
#724 = CARTESIAN_POINT ( 'NONE',  ( -18.44344381851473003, 59.00000000000002132, 36.81737741954352572 ) ) ;
#725 = CARTESIAN_POINT ( 'NONE',  ( -49.06438229166259646, 54.38119784648299060, 32.68578643762689495 ) ) ;
#726 = VECTOR ( 'NONE', #1167, 1000.000000000000000 ) ;
#727 = CARTESIAN_POINT ( 'NONE',  ( 0.02140414596440466666, 52.64914703891411563, 49.59999999999968878 ) ) ;
#728 = LINE ( 'NONE', #2439, #3058 ) ;
#729 = AXIS2_PLACEMENT_3D ( 'NONE', #876, #523, #1992 ) ;
#730 = DIRECTION ( 'NONE',  ( -7.021499783715644758E-15, 0.000000000000000000, -1.000000000000000000 ) ) ;
#731 = CARTESIAN_POINT ( 'NONE',  ( -27.36714899465848205, 59.69302987964903906, 17.58905820401097841 ) ) ;
#732 = FACE_OUTER_BOUND ( 'NONE', #1910, .T. ) ;
#733 = CIRCLE ( 'NONE', #2762, 3.499999999999999556 ) ;
#734 = ORIENTED_EDGE ( 'NONE', *, *, #1703, .F. ) ;
#735 = ORIENTED_EDGE ( 'NONE', *, *, #3172, .T. ) ;
#736 = CARTESIAN_POINT ( 'NONE',  ( -36.20740203742754915, 59.00000000000001421, 17.49524171526774907 ) ) ;
#737 = VECTOR ( 'NONE', #2666, 1000.000000000000114 ) ;
#738 = VECTOR ( 'NONE', #2414, 1000.000000000000114 ) ;
#739 = VERTEX_POINT ( 'NONE', #775 ) ;
#740 = EDGE_CURVE ( 'NONE', #1863, #3610, #497, .T. ) ;
#741 = CIRCLE ( 'NONE', #1670, 2.000000000000002665 ) ;
#742 = CARTESIAN_POINT ( 'NONE',  ( -14.52201506575800316, 60.66666167772741858, 25.44446632894939953 ) ) ;
#743 = LINE ( 'NONE', #460, #94 ) ;
#744 = CARTESIAN_POINT ( 'NONE',  ( -51.72859585403556082, 45.00000000000000711, 65.52157287525376717 ) ) ;
#745 = CARTESIAN_POINT ( 'NONE',  ( -7.718665996029055343, 61.18436811937795028, 25.85629717926259730 ) ) ;
#746 = CARTESIAN_POINT ( 'NONE',  ( -39.63944740774289244, 58.60140634139058591, 22.61706263849206877 ) ) ;
#747 = DIRECTION ( 'NONE',  ( -0.5000000000000083267, 0.7071067811865440200, -0.4999999999999965583 ) ) ;
#748 = LINE ( 'NONE', #1859, #1030 ) ;
#749 = DIRECTION ( 'NONE',  ( 0.7071067811865426878, 0.000000000000000000, -0.7071067811865523467 ) ) ;
#750 = PLANE ( 'NONE',  #2409 ) ;
#751 = EDGE_LOOP ( 'NONE', ( #1590, #1957, #813, #2369 ) ) ;
#752 = ORIENTED_EDGE ( 'NONE', *, *, #3172, .F. ) ;
#753 = DIRECTION ( 'NONE',  ( -6.608470384673560490E-15, 0.000000000000000000, -1.000000000000000000 ) ) ;
#754 = EDGE_CURVE ( 'NONE', #881, #3427, #1052, .T. ) ;
#755 = VERTEX_POINT ( 'NONE', #1346 ) ;
#756 = DIRECTION ( 'NONE',  ( -0.6546536707079767536, -0.3779644730092240890, 0.6546536707079794182 ) ) ;
#757 = CARTESIAN_POINT ( 'NONE',  ( -12.50702327279170589, 60.98150113039079656, 24.78348335522512969 ) ) ;
#758 = LINE ( 'NONE', #3542, #2707 ) ;
#759 = CARTESIAN_POINT ( 'NONE',  ( -20.10633277116105688, 59.00000000000001421, 37.60229623365445661 ) ) ;
#760 = CARTESIAN_POINT ( 'NONE',  ( -25.99633690062148972, 59.00000000000002132, 41.25264121439644782 ) ) ;
#761 = LINE ( 'NONE', #3491, #615 ) ;
#762 = CARTESIAN_POINT ( 'NONE',  ( -67.52148907284930601, 53.00000000000000711, 52.55710678118718704 ) ) ;
#763 = EDGE_CURVE ( 'NONE', #2478, #2664, #3365, .T. ) ;
#764 = CARTESIAN_POINT ( 'NONE',  ( -22.10662599754239821, 58.32122759709284310, 39.69252386624568629 ) ) ;
#765 = CARTESIAN_POINT ( 'NONE',  ( -31.15016872928936920, 54.38119784648299060, 50.59999999999989484 ) ) ;
#766 = DIRECTION ( 'NONE',  ( 6.938893903907230744E-15, 0.000000000000000000, 1.000000000000000000 ) ) ;
#767 = ORIENTED_EDGE ( 'NONE', *, *, #2639, .F. ) ;
#768 = EDGE_LOOP ( 'NONE', ( #3315, #334 ) ) ;
#769 = CARTESIAN_POINT ( 'NONE',  ( -26.27884838572994752, 45.00000000000000711, 36.29974746830593091 ) ) ;
#770 = ORIENTED_EDGE ( 'NONE', *, *, #980, .F. ) ;
#771 = VERTEX_POINT ( 'NONE', #1496 ) ;
#772 = EDGE_CURVE ( 'NONE', #487, #69, #2731, .T. ) ;
#773 = CARTESIAN_POINT ( 'NONE',  ( -33.15016872928939762, 51.09163540188581720, 50.59999999999992326 ) ) ;
#774 = CARTESIAN_POINT ( 'NONE',  ( -4.729591675619161606, 60.15814619359861126, 27.84999999999972076 ) ) ;
#775 = CARTESIAN_POINT ( 'NONE',  ( -27.36714899465848205, 59.69302987964903906, 17.58905820401097841 ) ) ;
#776 = CARTESIAN_POINT ( 'NONE',  ( -17.49739649293341515, 59.00000000000001421, 36.38486238015059371 ) ) ;
#777 = PLANE ( 'NONE',  #961 ) ;
#778 = CARTESIAN_POINT ( 'NONE',  ( -48.95581757040402238, 58.25820099772553107, 33.99143527874137760 ) ) ;
#779 = DIRECTION ( 'NONE',  ( 0.4999999999999983347, -0.7071067811865450192, -0.5000000000000052180 ) ) ;
#780 = B_SPLINE_CURVE_WITH_KNOTS ( 'NONE', 1,
 ( #2562, #2873 ),
 .UNSPECIFIED., .F., .F.,
 ( 2, 2 ),
 ( 0.000000000000000000, 1.000000000000000000 ),
 .UNSPECIFIED. ) ;
#781 = FACE_OUTER_BOUND ( 'NONE', #3074, .T. ) ;
#782 = CARTESIAN_POINT ( 'NONE',  ( -35.47859585403568161, 53.00000000000000711, 35.59999999999995879 ) ) ;
#783 = VECTOR ( 'NONE', #953, 1000.000000000000000 ) ;
#784 = CARTESIAN_POINT ( 'NONE',  ( -40.30746253255860267, 58.46410161513775705, 23.54782396324595695 ) ) ;
#785 = AXIS2_PLACEMENT_3D ( 'NONE', #1554, #164, #1532 ) ;
#786 = ORIENTED_EDGE ( 'NONE', *, *, #2753, .F. ) ;
#787 = ORIENTED_EDGE ( 'NONE', *, *, #170, .T. ) ;
#788 = AXIS2_PLACEMENT_3D ( 'NONE', #666, #1190, #353 ) ;
#789 = CARTESIAN_POINT ( 'NONE',  ( -36.22570679841935970, 59.00000000000000000, 17.53560777568410955 ) ) ;
#790 = CARTESIAN_POINT ( 'NONE',  ( -30.49031193246620575, 58.00000000000001421, 47.11171607843053266 ) ) ;
#791 = VERTEX_POINT ( 'NONE', #1235 ) ;
#792 = EDGE_LOOP ( 'NONE', ( #1518, #714 ) ) ;
#793 = ADVANCED_FACE ( 'NONE', ( #3382 ), #2599, .F. ) ;
#794 = CARTESIAN_POINT ( 'NONE',  ( -33.16964772939194717, 54.03174768307047771, 49.79105187535628119 ) ) ;
#795 = CARTESIAN_POINT ( 'NONE',  ( -31.22859585403589477, 56.00000000000000000, 6.349999999999916156 ) ) ;
#796 = CIRCLE ( 'NONE', #2081, 3.500000000000003109 ) ;
#797 = VECTOR ( 'NONE', #756, 1000.000000000000114 ) ;
#798 = AXIS2_PLACEMENT_3D ( 'NONE', #1476, #3400, #2317 ) ;
#799 = FACE_OUTER_BOUND ( 'NONE', #28, .T. ) ;
#800 = ADVANCED_FACE ( 'NONE', ( #2607 ), #2823, .F. ) ;
#801 = CARTESIAN_POINT ( 'NONE',  ( -36.91043685883100522, 58.96476373652346581, 18.40154806707462143 ) ) ;
#802 = CYLINDRICAL_SURFACE ( 'NONE', #3353, 2.000000000000001776 ) ;
#803 = CYLINDRICAL_SURFACE ( 'NONE', #3078, 3.500000000000003109 ) ;
#804 = CARTESIAN_POINT ( 'NONE',  ( -16.93995189492801501, 59.99307324083185478, 28.17069711559564738 ) ) ;
#805 = DIRECTION ( 'NONE',  ( 0.000000000000000000, 1.000000000000000000, 0.000000000000000000 ) ) ;
#806 = LOCAL_TIME ( 15, 29, 35.00000000000000000, #100 ) ;
#807 = EDGE_LOOP ( 'NONE', ( #416, #3102, #2754, #1742 ) ) ;
#808 = ORIENTED_EDGE ( 'NONE', *, *, #606, .F. ) ;
#809 = B_SPLINE_CURVE_WITH_KNOTS ( 'NONE', 3,
 ( #2148, #2077, #2688, #1542 ),
 .UNSPECIFIED., .F., .F.,
 ( 4, 4 ),
 ( 0.000000000000000000, 0.5000000000000000000 ),
 .UNSPECIFIED. ) ;
#810 = CARTESIAN_POINT ( 'NONE',  ( -37.09340786238708887, 59.00000000000001421, 19.41758957513497208 ) ) ;
#811 = CARTESIAN_POINT ( 'NONE',  ( -60.15817449424138630, 52.00000000000000000, 43.77957864020597611 ) ) ;
#812 = VERTEX_POINT ( 'NONE', #657 ) ;
#813 = ORIENTED_EDGE ( 'NONE', *, *, #430, .F. ) ;
#814 = LINE ( 'NONE', #1928, #1438 ) ;
#815 = CARTESIAN_POINT ( 'NONE',  ( -19.99760139959039407, 58.86537300933409256, 38.10699995025063913 ) ) ;
#816 = CARTESIAN_POINT ( 'NONE',  ( -27.00353988041783637, 59.00000000000000711, 42.21073046400906037 ) ) ;
#817 = CARTESIAN_POINT ( 'NONE',  ( -38.01994870970388263, 58.86118913817713150, 20.17296517969741387 ) ) ;
#818 = CARTESIAN_POINT ( 'NONE',  ( -27.59453031964951464, 59.79304433337432556, 17.41315748297141042 ) ) ;
#819 = APPLICATION_PROTOCOL_DEFINITION ( 'international standard', 'config_control_design', 1994, #3374 ) ;
#820 = CARTESIAN_POINT ( 'NONE',  ( -15.68229737213127883, 60.55801071956975079, 27.07315922773128847 ) ) ;
#821 = ADVANCED_FACE ( 'NONE', ( #2280 ), #1203, .F. ) ;
#822 = CARTESIAN_POINT ( 'NONE',  ( -10.39658624618120442, 45.00000000000000711, 34.55962095248796118 ) ) ;
#823 = ORIENTED_EDGE ( 'NONE', *, *, #2039, .T. ) ;
#824 = EDGE_LOOP ( 'NONE', ( #1662, #2825, #2245, #1464 ) ) ;
#825 = CARTESIAN_POINT ( 'NONE',  ( -31.22859585403582727, 53.99999999999998579, 31.35000000000013998 ) ) ;
#826 = CARTESIAN_POINT ( 'NONE',  ( -33.15016872928940472, 45.00000000000000711, 49.59999999999992326 ) ) ;
#827 = ORIENTED_EDGE ( 'NONE', *, *, #1059, .T. ) ;
#828 = VERTEX_POINT ( 'NONE', #2862 ) ;
#829 = CARTESIAN_POINT ( 'NONE',  ( -32.78880326817093049, 51.76594628558637368, 50.41931726944066838 ) ) ;
#830 = CARTESIAN_POINT ( 'NONE',  ( -20.34361092225222123, 58.83849903628499334, 38.32731411618855333 ) ) ;
#831 = CARTESIAN_POINT ( 'NONE',  ( -6.228595854035736679, 60.15814619359861837, 27.84999999999973852 ) ) ;
#832 = CARTESIAN_POINT ( 'NONE',  ( -37.23640722144934045, 58.94167686634824577, 18.92754345526191173 ) ) ;
#833 = DIRECTION ( 'NONE',  ( -0.6644630243886696652, -0.3420201433256634949, 0.6644630243886824328 ) ) ;
#834 = DIRECTION ( 'NONE',  ( 0.7071067811865463515, 0.000000000000000000, -0.7071067811865487940 ) ) ;
#835 = CARTESIAN_POINT ( 'NONE',  ( -39.56164183397567768, 59.00000000000000711, 24.02569546939774980 ) ) ;
#836 = ORIENTED_EDGE ( 'NONE', *, *, #3085, .F. ) ;
#837 = ORIENTED_EDGE ( 'NONE', *, *, #2169, .F. ) ;
#838 = DIRECTION ( 'NONE',  ( -1.000000000000000000, 0.000000000000000000, 6.982962677686266711E-15 ) ) ;
#839 = DIRECTION ( 'NONE',  ( -0.000000000000000000, -1.000000000000000000, -0.000000000000000000 ) ) ;
#840 = AXIS2_PLACEMENT_3D ( 'NONE', #233, #538, #3567 ) ;
#841 = VERTEX_POINT ( 'NONE', #2048 ) ;
#843 = EDGE_LOOP ( 'NONE', ( #1264, #1696, #2657, #1956, #221, #1417, #3087, #2735, #1521, #992, #2406, #1481, #2996, #3215, #1482, #1993, #547, #3150, #1629, #470, #1098, #2444, #217 ) ) ;
#842 = CIRCLE ( 'NONE', #2185, 6.999999999999992006 ) ;
#844 = AXIS2_PLACEMENT_3D ( 'NONE', #2334, #2900, #121 ) ;
#845 = CYLINDRICAL_SURFACE ( 'NONE', #2027, 10.00000000000000000 ) ;
#846 = DIRECTION ( 'NONE',  ( -6.982962677686266711E-15, 0.000000000000000000, -1.000000000000000000 ) ) ;
#847 = AXIS2_PLACEMENT_3D ( 'NONE', #3579, #2801, #535 ) ;
#848 = EDGE_CURVE ( 'NONE', #1587, #1064, #3309, .T. ) ;
#849 = CIRCLE ( 'NONE', #2419, 9.000000000000019540 ) ;
#850 = DIRECTION ( 'NONE',  ( -0.000000000000000000, -1.000000000000000000, -0.000000000000000000 ) ) ;
#851 = CARTESIAN_POINT ( 'NONE',  ( -39.15098127640805359, 58.69163592680701669, 21.90358099927623314 ) ) ;
#852 = VECTOR ( 'NONE', #1281, 999.9999999999998863 ) ;
#853 = CARTESIAN_POINT ( 'NONE',  ( -40.66195228458114741, 47.78260903824480721, 51.89269750524923808 ) ) ;
#854 = VECTOR ( 'NONE', #1873, 1000.000000000000000 ) ;
#855 =( NAMED_UNIT ( * ) SI_UNIT ( $, .STERADIAN. ) SOLID_ANGLE_UNIT ( ) );
#856 = CARTESIAN_POINT ( 'NONE',  ( -2.519600295057223605, 60.35701699568483036, 25.98335235722760217 ) ) ;
#857 = DIRECTION ( 'NONE',  ( -2.775557561562888827E-14, 0.000000000000000000, 1.000000000000000000 ) ) ;
#858 = EDGE_LOOP ( 'NONE', ( #41, #1572, #982, #2755, #2534 ) ) ;
#859 = ORIENTED_EDGE ( 'NONE', *, *, #1577, .T. ) ;
#860 = CARTESIAN_POINT ( 'NONE',  ( -18.66488735505086183, 59.00000000000000711, 30.09999999999982734 ) ) ;
#861 = ADVANCED_FACE ( 'NONE', ( #3453 ), #3142, .F. ) ;
#862 = DIRECTION ( 'NONE',  ( -0.7071067811865475727, 0.000000000000000000, -0.7071067811865475727 ) ) ;
#863 = ORIENTED_EDGE ( 'NONE', *, *, #282, .T. ) ;
#864 = ORIENTED_EDGE ( 'NONE', *, *, #1508, .T. ) ;
#865 = CARTESIAN_POINT ( 'NONE',  ( -22.47067680497805853, 57.66025403784439618, 40.92050807568855220 ) ) ;
#866 = CARTESIAN_POINT ( 'NONE',  ( -21.64581599145212110, 58.70755632407856694, 39.18072282205970680 ) ) ;
#867 = EDGE_CURVE ( 'NONE', #3073, #584, #1730, .T. ) ;
#868 = CARTESIAN_POINT ( 'NONE',  ( 0.02140414596431446104, 49.00000000000000711, 35.92050807568841009 ) ) ;
#869 = VERTEX_POINT ( 'NONE', #933 ) ;
#870 = CARTESIAN_POINT ( 'NONE',  ( -36.17834332234169636, 53.99999999999998579, 26.40025253169435970 ) ) ;
#871 = CARTESIAN_POINT ( 'NONE',  ( -5.036664362311612742, 60.55408171657226291, 25.61118530729765297 ) ) ;
#872 = EDGE_CURVE ( 'NONE', #2767, #1128, #389, .T. ) ;
#873 = CARTESIAN_POINT ( 'NONE',  ( -13.26698237915094225, 60.89271480403609615, 24.96988964452528137 ) ) ;
#874 = DIRECTION ( 'NONE',  ( -0.6644630243886696652, -0.3420201433256636059, 0.6644630243886824328 ) ) ;
#875 = ADVANCED_FACE ( 'NONE', ( #1220 ), #119, .F. ) ;
#876 = CARTESIAN_POINT ( 'NONE',  ( -8.228595854036289126, 59.00000000000000711, -8.150000000000449774 ) ) ;
#877 = ORIENTED_EDGE ( 'NONE', *, *, #772, .F. ) ;
#878 = CARTESIAN_POINT ( 'NONE',  ( -24.98737758759852312, 60.82655799285693377, 13.81704458647198841 ) ) ;
#879 = DIRECTION ( 'NONE',  ( 0.000000000000000000, 1.000000000000000000, 0.000000000000000000 ) ) ;
#880 = DIRECTION ( 'NONE',  ( -0.7071067811865463515, 0.000000000000000000, 0.7071067811865487940 ) ) ;
#881 = VERTEX_POINT ( 'NONE', #2332 ) ;
#882 = VERTEX_POINT ( 'NONE', #345 ) ;
#883 = CARTESIAN_POINT ( 'NONE',  ( -33.15016872928939762, 45.00000000000000711, 50.59999999999992326 ) ) ;
#884 = FACE_OUTER_BOUND ( 'NONE', #2335, .T. ) ;
#885 = EDGE_CURVE ( 'NONE', #1406, #3610, #268, .T. ) ;
#886 = DIRECTION ( 'NONE',  ( 1.000000000000000000, -0.000000000000000000, -6.982962677686266711E-15 ) ) ;
#887 = ORIENTED_EDGE ( 'NONE', *, *, #2488, .T. ) ;
#888 = CARTESIAN_POINT ( 'NONE',  ( -52.47859585403571003, 45.00000000000000711, 33.27157287525387375 ) ) ;
#889 = APPROVAL_STATUS ( 'not_yet_approved' ) ;
#890 = CARTESIAN_POINT ( 'NONE',  ( -16.47067680497804787, 59.00000000000000711, 35.92050807568852377 ) ) ;
#891 = CARTESIAN_POINT ( 'NONE',  ( -25.60592637375358294, 60.49258211881845426, 4.532218772900364456 ) ) ;
#892 = B_SPLINE_SURFACE_WITH_KNOTS ( 'NONE', 1, 3, ( 
 ( #1973, #3046, #537, #64, #2030, #2876, #1474, #3155, #1442, #654 ),
 ( #2314, #3098, #1732, #946, #637, #2005, #2548, #2045, #2294, #890 ) ),
 .UNSPECIFIED., .F., .F., .F.,
 ( 2, 2 ),
 ( 4, 2, 2, 2, 4 ),
 ( 0.000000000000000000, 1.000000000000000000 ),
 ( 0.000000000000000000, 0.002082844828718332601, 0.004165689657436665201, 0.006248534486154998235, 0.008331379314873330402 ),
 .UNSPECIFIED. ) ;
#893 = DIRECTION ( 'NONE',  ( 0.000000000000000000, 1.000000000000000000, 0.000000000000000000 ) ) ;
#894 = EDGE_CURVE ( 'NONE', #366, #1612, #2893, .T. ) ;
#895 = CARTESIAN_POINT ( 'NONE',  ( -42.12555615855632141, 58.11820153758885965, 25.72381456897591434 ) ) ;
#896 = ORIENTED_EDGE ( 'NONE', *, *, #14, .F. ) ;
#897 = CARTESIAN_POINT ( 'NONE',  ( -51.02148907284901469, 53.00000000000000711, 66.22867965644032040 ) ) ;
#898 = DIRECTION ( 'NONE',  ( 6.982939617164445684E-15, 0.000000000000000000, 1.000000000000000000 ) ) ;
#899 = LINE ( 'NONE', #2556, #489 ) ;
#900 = EDGE_LOOP ( 'NONE', ( #1963, #700, #327 ) ) ;
#901 = ORIENTED_EDGE ( 'NONE', *, *, #574, .F. ) ;
#902 = AXIS2_PLACEMENT_3D ( 'NONE', #2894, #2327, #1908 ) ;
#903 = FACE_OUTER_BOUND ( 'NONE', #289, .T. ) ;
#904 = CARTESIAN_POINT ( 'NONE',  ( -35.08749262250608325, 58.99781374801515454, 17.23458404677537459 ) ) ;
#905 = EDGE_CURVE ( 'NONE', #3019, #417, #1710, .T. ) ;
#906 = AXIS2_PLACEMENT_3D ( 'NONE', #3308, #2453, #1058 ) ;
#907 = VECTOR ( 'NONE', #3025, 1000.000000000000000 ) ;
#908 = VECTOR ( 'NONE', #1108, 1000.000000000000000 ) ;
#909 = FACE_OUTER_BOUND ( 'NONE', #1555, .T. ) ;
#910 = CARTESIAN_POINT ( 'NONE',  ( -51.72859585403556082, 53.00000000000000711, 65.52157287525376717 ) ) ;
#911 = DIRECTION ( 'NONE',  ( -1.000000000000000000, 0.000000000000000000, 6.986327748953462886E-15 ) ) ;
#912 = CARTESIAN_POINT ( 'NONE',  ( -8.372165927750375047, 60.99442082923039266, 24.75636420315138153 ) ) ;
#913 = EDGE_CURVE ( 'NONE', #1848, #1457, #1433, .T. ) ;
#914 = AXIS2_PLACEMENT_3D ( 'NONE', #1989, #3451, #673 ) ;
#915 = CARTESIAN_POINT ( 'NONE',  ( -26.87932122186644079, 60.59529471918389731, 0.09999999999991092403 ) ) ;
#916 = CARTESIAN_POINT ( 'NONE',  ( -28.58726858102802382, 53.96941244227930667, 38.60816766360404984 ) ) ;
#917 = ORIENTED_EDGE ( 'NONE', *, *, #2476, .T. ) ;
#918 = CARTESIAN_POINT ( 'NONE',  ( -24.62960005978471401, 60.99697389282491145, 12.51627916874223168 ) ) ;
#919 = AXIS2_PLACEMENT_3D ( 'NONE', #630, #3151, #2289 ) ;
#920 = DIRECTION ( 'NONE',  ( 0.7071067811865410224, 0.000000000000000000, -0.7071067811865540120 ) ) ;
#921 = EDGE_LOOP ( 'NONE', ( #1379, #2981, #1975, #3052 ) ) ;
#922 = ORIENTED_EDGE ( 'NONE', *, *, #3167, .T. ) ;
#923 = CARTESIAN_POINT ( 'NONE',  ( -24.71188339777799214, 60.95778060783654695, 12.84412146273828093 ) ) ;
#924 = CARTESIAN_POINT ( 'NONE',  ( -38.69686560546472265, 58.62881531365398047, 21.26191562682119596 ) ) ;
#925 = ADVANCED_FACE ( 'NONE', ( #2567 ), #3123, .T. ) ;
#926 = B_SPLINE_SURFACE_WITH_KNOTS ( 'NONE', 1, 3, ( 
 ( #3177, #2320, #1479, #2586, #2570, #2610, #3457, #123, #918, #679, #878, #328, #52, #1183, #1753, #108, #88, #3440 ),
 ( #1206, #1447, #1789, #2553, #1500, #2902, #1994, #383, #2035, #363, #1223, #3103, #400, #1239, #2625, #3146, #599, #642 ) ),
 .UNSPECIFIED., .F., .F., .F.,
 ( 2, 2 ),
 ( 4, 2, 2, 2, 2, 2, 2, 2, 4 ),
 ( 0.000000000000000000, 1.000000000000000000 ),
 ( -0.2935880688320064991, -0.1587147898033249849, -0.02384151077464349844, 0.1110317682540380019, 0.2459050472827195022, 0.3807783263114009609, 0.5156516053400824751, 0.6505248843687639893, 0.7853981633974455034 ),
 .UNSPECIFIED. ) ;
#927 = DIRECTION ( 'NONE',  ( 0.8381025710972239695, 0.2496601706515529928, -0.4850297717774239570 ) ) ;
#928 = LINE ( 'NONE', #62, #436 ) ;
#929 = CONICAL_SURFACE ( 'NONE', #3441, 11.00000000000000533, 0.7853981633974503884 ) ;
#930 = DATE_AND_TIME ( #2564, #3259 ) ;
#931 = FACE_OUTER_BOUND ( 'NONE', #3159, .T. ) ;
#932 = CARTESIAN_POINT ( 'NONE',  ( -26.75932541687726385, 60.65706035687102116, -2.513939434483013713 ) ) ;
#933 = CARTESIAN_POINT ( 'NONE',  ( -23.42641981728166201, 58.46410161513777126, 40.42886667852268090 ) ) ;
#934 = ADVANCED_FACE ( 'NONE', ( #1546 ), #557, .T. ) ;
#935 = CARTESIAN_POINT ( 'NONE',  ( -29.97859585403591609, 59.00000000000000711, 3.080825792344406011 ) ) ;
#936 = ORIENTED_EDGE ( 'NONE', *, *, #1267, .F. ) ;
#937 = CARTESIAN_POINT ( 'NONE',  ( -32.89566310967800433, 57.33238089795297299, 49.51706725564233835 ) ) ;
#938 = EDGE_CURVE ( 'NONE', #1943, #3221, #2636, .T. ) ;
#939 = LINE ( 'NONE', #364, #726 ) ;
#940 = ORIENTED_EDGE ( 'NONE', *, *, #913, .F. ) ;
#941 = VERTEX_POINT ( 'NONE', #1839 ) ;
#942 = DIRECTION ( 'NONE',  ( 0.7071067811865429098, 0.000000000000000000, -0.7071067811865521247 ) ) ;
#943 = DIRECTION ( 'NONE',  ( 0.000000000000000000, 1.000000000000000000, 0.000000000000000000 ) ) ;
#944 = CARTESIAN_POINT ( 'NONE',  ( -36.17834332234169636, 58.00000000000000000, 26.40025253169435970 ) ) ;
#945 = DIRECTION ( 'NONE',  ( 0.4576615381557277984, -0.8891264907159910358, -3.195833439953935924E-15 ) ) ;
#946 = CARTESIAN_POINT ( 'NONE',  ( -21.19503092509596698, 58.76076094781863191, 38.87700118774559854 ) ) ;
#947 = CARTESIAN_POINT ( 'NONE',  ( -9.344840947536352971, 61.36215423118800771, 25.51090144789153769 ) ) ;
#948 = DIRECTION ( 'NONE',  ( 6.982962677686266711E-15, 0.000000000000000000, 1.000000000000000000 ) ) ;
#949 = CARTESIAN_POINT ( 'NONE',  ( -40.30746253255863110, 58.46410161513764336, 23.54782396324587523 ) ) ;
#950 = ORIENTED_EDGE ( 'NONE', *, *, #885, .T. ) ;
#951 = EDGE_CURVE ( 'NONE', #2569, #1630, #1314, .T. ) ;
#952 = DIRECTION ( 'NONE',  ( -0.000000000000000000, 1.000000000000000000, -0.000000000000000000 ) ) ;
#953 = DIRECTION ( 'NONE',  ( -0.000000000000000000, -1.000000000000000000, -0.000000000000000000 ) ) ;
#954 = ORIENTED_EDGE ( 'NONE', *, *, #1419, .F. ) ;
#955 = EDGE_LOOP ( 'NONE', ( #567, #3113, #973, #294 ) ) ;
#956 = DIRECTION ( 'NONE',  ( -0.6546536707079767536, -0.3779644730092244220, 0.6546536707079790851 ) ) ;
#957 = ORIENTED_EDGE ( 'NONE', *, *, #1343, .F. ) ;
#958 = CIRCLE ( 'NONE', #1246, 4.999999999999997335 ) ;
#959 = ADVANCED_FACE ( 'NONE', ( #427 ), #2662, .F. ) ;
#960 = DIRECTION ( 'NONE',  ( 1.000000000000000000, 0.000000000000000000, -6.982962677686266711E-15 ) ) ;
#961 = AXIS2_PLACEMENT_3D ( 'NONE', #3302, #1634, #1385 ) ;
#962 = CARTESIAN_POINT ( 'NONE',  ( -31.22859585403589477, 56.00000000000000000, 6.349999999999916156 ) ) ;
#963 = AXIS2_PLACEMENT_3D ( 'NONE', #3183, #2325, #3447 ) ;
#964 = CARTESIAN_POINT ( 'NONE',  ( -21.73540616891040500, 59.00000000000001421, 38.42653962377726629 ) ) ;
#965 = CARTESIAN_POINT ( 'NONE',  ( 0.02140414596406466086, 53.99999999999998579, 0.09999999999969581832 ) ) ;
#966 = EDGE_CURVE ( 'NONE', #1009, #1503, #1816, .T. ) ;
#967 = DIRECTION ( 'NONE',  ( 0.6546536707079697592, 0.3779644730092238669, -0.6546536707079864126 ) ) ;
#968 = PLANE ( 'NONE',  #2528 ) ;
#969 = VERTEX_POINT ( 'NONE', #2711 ) ;
#970 = CARTESIAN_POINT ( 'NONE',  ( -23.01189971933416700, 57.89461043431573017, 40.51459088992142910 ) ) ;
#971 = VECTOR ( 'NONE', #2452, 1000.000000000000000 ) ;
#972 = FACE_OUTER_BOUND ( 'NONE', #290, .T. ) ;
#973 = ORIENTED_EDGE ( 'NONE', *, *, #1988, .T. ) ;
#974 = ORIENTED_EDGE ( 'NONE', *, *, #3571, .F. ) ;
#975 = AXIS2_PLACEMENT_3D ( 'NONE', #3435, #3417, #1178 ) ;
#976 = VECTOR ( 'NONE', #3488, 1000.000000000000000 ) ;
#977 = EDGE_CURVE ( 'NONE', #1046, #2431, #1198, .T. ) ;
#978 = CARTESIAN_POINT ( 'NONE',  ( 8.271404145964293519, 59.00000000000000711, 8.349999999999891287 ) ) ;
#979 = ORIENTED_EDGE ( 'NONE', *, *, #1185, .F. ) ;
#980 = EDGE_CURVE ( 'NONE', #2592, #362, #3623, .T. ) ;
#981 = DIRECTION ( 'NONE',  ( -0.000000000000000000, -1.000000000000000000, -0.000000000000000000 ) ) ;
#982 = ORIENTED_EDGE ( 'NONE', *, *, #977, .F. ) ;
#983 = CARTESIAN_POINT ( 'NONE',  ( 0.02140414596406466086, 45.00000000000000711, 0.09999999999969581832 ) ) ;
#984 = DIRECTION ( 'NONE',  ( 0.5000000000000073275, 0.7071067811865421326, 0.5000000000000004441 ) ) ;
#985 = CARTESIAN_POINT ( 'NONE',  ( -52.43570263522182984, 53.00000000000000711, 67.64289321881312844 ) ) ;
#986 = CARTESIAN_POINT ( 'NONE',  ( -52.43570263522210695, 45.00000000000000711, 66.22867965644032040 ) ) ;
#987 = CARTESIAN_POINT ( 'NONE',  ( -31.22859585403588056, 56.00000000000000000, 8.449999999999912248 ) ) ;
#988 = ORIENTED_EDGE ( 'NONE', *, *, #1035, .F. ) ;
#989 = CARTESIAN_POINT ( 'NONE',  ( -51.02148907284901469, 53.00000000000000711, 66.22867965644032040 ) ) ;
#990 = EDGE_CURVE ( 'NONE', #2095, #2141, #2399, .T. ) ;
#991 = LINE ( 'NONE', #2371, #2525 ) ;
#992 = ORIENTED_EDGE ( 'NONE', *, *, #2727, .F. ) ;
#993 = ORIENTED_EDGE ( 'NONE', *, *, #439, .F. ) ;
#994 = CARTESIAN_POINT ( 'NONE',  ( -35.89522634415779834, 59.00000000000001421, 16.80501129391394954 ) ) ;
#995 =( BOUNDED_CURVE ( )  B_SPLINE_CURVE ( 3, ( #554, #2505, #3321, #3337 ),
 .UNSPECIFIED., .F., .T. ) 
 B_SPLINE_CURVE_WITH_KNOTS ( ( 4, 4 ),
 ( 2.094395102393192598, 3.141592653589793116 ),
 .UNSPECIFIED. ) 
 CURVE ( )  GEOMETRIC_REPRESENTATION_ITEM ( )  RATIONAL_B_SPLINE_CURVE ( ( 1.000000000000000000, 0.9106836025229585463, 0.9106836025229585463, 1.000000000000000000 ) ) 
 REPRESENTATION_ITEM ( '' )  );
#996 = ORIENTED_EDGE ( 'NONE', *, *, #3367, .F. ) ;
#997 = CARTESIAN_POINT ( 'NONE',  ( -12.02523175307208270, 61.02711940514165434, 24.68770336427328616 ) ) ;
#998 = CARTESIAN_POINT ( 'NONE',  ( -34.56438229166248988, 52.07179676972448590, 51.18578643762683100 ) ) ;
#999 = ORIENTED_EDGE ( 'NONE', *, *, #1152, .T. ) ;
#1000 = LINE ( 'NONE', #3264, #676 ) ;
#1001 = CARTESIAN_POINT ( 'NONE',  ( -20.32556456217356100, 59.00000000000000000, 37.70959110713992146 ) ) ;
#1002 = CARTESIAN_POINT ( 'NONE',  ( -9.760075920881035927, 61.38171789131241951, 25.47289395322185968 ) ) ;
#1003 = DIRECTION ( 'NONE',  ( -0.000000000000000000, -1.000000000000000000, 0.000000000000000000 ) ) ;
#1004 = LINE ( 'NONE', #1548, #2885 ) ;
#1005 = CARTESIAN_POINT ( 'NONE',  ( -21.14051148085441056, 58.62881531365400178, 38.81826975143118830 ) ) ;
#1006 = FACE_OUTER_BOUND ( 'NONE', #1795, .T. ) ;
#1007 = DIRECTION ( 'NONE',  ( -4.937700262164531476E-15, -0.7071067811865474617, -0.7071067811865474617 ) ) ;
#1008 = EDGE_CURVE ( 'NONE', #628, #2390, #849, .T. ) ;
#1009 = VERTEX_POINT ( 'NONE', #1566 ) ;
#1010 = ORIENTED_EDGE ( 'NONE', *, *, #170, .F. ) ;
#1011 = LINE ( 'NONE', #1574, #1894 ) ;
#1012 = ORIENTED_EDGE ( 'NONE', *, *, #2333, .F. ) ;
#1013 = CARTESIAN_POINT ( 'NONE',  ( 5.678258395456459162, 53.00000000000000711, 5.756854249491993869 ) ) ;
#1014 =( BOUNDED_SURFACE ( )  B_SPLINE_SURFACE ( 3, 2, ( 
 ( #2146, #3618, #3596 ),
 ( #2756, #279, #794 ),
 ( #1087, #1665, #2410 ),
 ( #829, #1327, #549 ),
 ( #2199, #2776, #3262 ),
 ( #474, #202, #2432 ),
 ( #773, #3318, #2723 ),
 ( #3557, #3004, #1104 ) ),
 .UNSPECIFIED., .F., .F., .T. ) 
 B_SPLINE_SURFACE_WITH_KNOTS ( ( 4, 2, 2, 4 ),
 ( 3, 3 ),
 ( 5.235987755982984382, 5.759586531581285307, 6.021385919380435325, 6.283185307179586232 ),
 ( 0.000000000000000000, 1.000000000000000000 ),
 .UNSPECIFIED. ) 
 GEOMETRIC_REPRESENTATION_ITEM ( )  RATIONAL_B_SPLINE_SURFACE ( (
 ( 1.000000000000000000, 0.8226643880080366511, 1.000000000000000000),
 ( 1.000000000000000000, 0.8551780668706334687, 1.000000000000000000),
 ( 1.000000000000000000, 0.8806974846572666049, 1.000000000000000000),
 ( 1.000000000000000000, 0.9064693560639345282, 1.000000000000000000),
 ( 1.000000000000000000, 0.9129840413603045324, 1.000000000000000000),
 ( 1.000000000000000000, 0.9216890640686818958, 1.000000000000000000),
 ( 1.000000000000000000, 0.9238813156583046693, 1.000000000000000000),
 ( 1.000000000000000000, 0.9238795325112876267, 1.000000000000000000) ) ) 
 REPRESENTATION_ITEM ( '' )  SURFACE ( )  );
#1015 = APPLICATION_CONTEXT ( 'configuration controlled 3d designs of mechanical parts and assemblies' ) ;
#1016 = DIRECTION ( 'NONE',  ( 6.938893903907230744E-15, 0.000000000000000000, 1.000000000000000000 ) ) ;
#1017 = DIRECTION ( 'NONE',  ( -6.938893903907228378E-15, 0.000000000000000000, -1.000000000000000000 ) ) ;
#1018 = CARTESIAN_POINT ( 'NONE',  ( -19.87816388063055584, 59.00000000000001421, 37.49174153133709098 ) ) ;
#1019 = CARTESIAN_POINT ( 'NONE',  ( -14.59767920726582346, 60.87442170177336465, 26.45844865501331000 ) ) ;
#1020 = VECTOR ( 'NONE', #2850, 1000.000000000000114 ) ;
#1021 = LINE ( 'NONE', #2916, #1965 ) ;
#1022 = DIRECTION ( 'NONE',  ( 6.938893903907229167E-15, 0.000000000000000000, 1.000000000000000000 ) ) ;
#1023 = DIRECTION ( 'NONE',  ( -0.7071067811865408004, 0.000000000000000000, 0.7071067811865541231 ) ) ;
#1024 = DIRECTION ( 'NONE',  ( 0.6546536707079755324, 0.3779644730092238669, -0.6546536707079807504 ) ) ;
#1025 = EDGE_CURVE ( 'NONE', #3500, #1613, #761, .T. ) ;
#1026 = DIRECTION ( 'NONE',  ( 1.000000000000000000, 0.000000000000000000, -6.982962677686266711E-15 ) ) ;
#1027 = ORIENTED_EDGE ( 'NONE', *, *, #3110, .T. ) ;
#1028 = ORIENTED_EDGE ( 'NONE', *, *, #2002, .F. ) ;
#1029 = FACE_OUTER_BOUND ( 'NONE', #2380, .T. ) ;
#1030 = VECTOR ( 'NONE', #1819, 1000.000000000000000 ) ;
#1031 = AXIS2_PLACEMENT_3D ( 'NONE', #3008, #3280, #2164 ) ;
#1032 = ORIENTED_EDGE ( 'NONE', *, *, #3367, .T. ) ;
#1033 = CARTESIAN_POINT ( 'NONE',  ( -49.06438229166259646, 54.38119784648299060, 32.68578643762689495 ) ) ;
#1034 = DIRECTION ( 'NONE',  ( 0.000000000000000000, 1.000000000000000000, 0.000000000000000000 ) ) ;
#1035 = EDGE_CURVE ( 'NONE', #388, #1613, #3191, .T. ) ;
#1036 = DIRECTION ( 'NONE',  ( 6.938893903907222067E-15, 0.000000000000000000, 1.000000000000000000 ) ) ;
#1037 = DIRECTION ( 'NONE',  ( 6.709013530006382561E-15, -0.2773500981126122977, 0.9607689228305235085 ) ) ;
#1038 = CARTESIAN_POINT ( 'NONE',  ( -6.228595854035711810, 56.00000000000000000, 31.34999999999973852 ) ) ;
#1039 = CARTESIAN_POINT ( 'NONE',  ( 0.02140414596440466666, 45.00000000000000711, 49.59999999999969589 ) ) ;
#1040 = FACE_OUTER_BOUND ( 'NONE', #169, .T. ) ;
#1041 = DIRECTION ( 'NONE',  ( -6.938893903907226800E-15, 0.000000000000000000, -1.000000000000000000 ) ) ;
#1042 = DIRECTION ( 'NONE',  ( -0.7071067811865408004, 0.000000000000000000, 0.7071067811865541231 ) ) ;
#1043 = CARTESIAN_POINT ( 'NONE',  ( -30.49031193246620575, 49.00000000000000711, 47.11171607843053266 ) ) ;
#1044 = EDGE_CURVE ( 'NONE', #2664, #2431, #3525, .T. ) ;
#1045 = ORIENTED_EDGE ( 'NONE', *, *, #2337, .T. ) ;
#1046 = VERTEX_POINT ( 'NONE', #3208 ) ;
#1047 = EDGE_CURVE ( 'NONE', #2161, #69, #1021, .T. ) ;
#1048 = LINE ( 'NONE', #1882, #1828 ) ;
#1049 = EDGE_LOOP ( 'NONE', ( #3327, #2921, #3238, #1645, #2616, #877, #1303, #3584, #2287, #2447, #2019, #3464, #786, #1700 ) ) ;
#1050 = CARTESIAN_POINT ( 'NONE',  ( -23.90429132343346907, 59.00000000000000711, 39.68304597993977012 ) ) ;
#1051 = CARTESIAN_POINT ( 'NONE',  ( -11.05072215021870363, 61.08048615990793451, 24.57566824148479157 ) ) ;
#1052 = LINE ( 'NONE', #2725, #1440 ) ;
#1053 = CARTESIAN_POINT ( 'NONE',  ( -17.21375171502974766, 59.00000000000000000, 36.25617987670136699 ) ) ;
#1054 = CARTESIAN_POINT ( 'NONE',  ( -26.51279670887072015, 59.00000000000001421, 41.71992772841748121 ) ) ;
#1055 = CARTESIAN_POINT ( 'NONE',  ( -39.16373810577853476, 58.68939515542209051, 21.92250237284785541 ) ) ;
#1056 = DIRECTION ( 'NONE',  ( 1.000000000000000000, 0.000000000000000000, -6.982962677686266711E-15 ) ) ;
#1057 = DIRECTION ( 'NONE',  ( -0.7071067811865510144, 0.000000000000000000, -0.7071067811865441310 ) ) ;
#1058 = DIRECTION ( 'NONE',  ( -6.982962677686266711E-15, 0.000000000000000000, -1.000000000000000000 ) ) ;
#1059 = EDGE_CURVE ( 'NONE', #3406, #1046, #2678, .T. ) ;
#1060 = VERTEX_POINT ( 'NONE', #1582 ) ;
#1061 = ORIENTED_EDGE ( 'NONE', *, *, #2159, .F. ) ;
#1062 = CARTESIAN_POINT ( 'NONE',  ( -39.00599384425182592, 59.00000000000001421, 23.11676734648457199 ) ) ;
#1063 = EDGE_LOOP ( 'NONE', ( #767, #239, #2088, #1306 ) ) ;
#1064 = VERTEX_POINT ( 'NONE', #464 ) ;
#1065 = CARTESIAN_POINT ( 'NONE',  ( -51.72859585403556082, 26.55243918562683447, 65.52157287525376717 ) ) ;
#1066 = LINE ( 'NONE', #152, #1375 ) ;
#1067 = CARTESIAN_POINT ( 'NONE',  ( -7.727600032452315304, 60.15814619359862547, 27.84999999999974563 ) ) ;
#1068 = CARTESIAN_POINT ( 'NONE',  ( -38.77637155391661139, 58.75516772269781285, 21.34282101069959126 ) ) ;
#1069 = DIRECTION ( 'NONE',  ( 0.7071067811865408004, 0.000000000000000000, -0.7071067811865541231 ) ) ;
#1070 = CIRCLE ( 'NONE', #902, 2.100000000000000977 ) ;
#1071 = DIRECTION ( 'NONE',  ( 0.7071067811865487940, 0.000000000000000000, 0.7071067811865463515 ) ) ;
#1072 = CARTESIAN_POINT ( 'NONE',  ( 0.6575116979594900490, 60.29525135799768520, 26.09999999999969233 ) ) ;
#1073 = CIRCLE ( 'NONE', #3292, 6.999999999999992006 ) ;
#1074 = LINE ( 'NONE', #2441, #2820 ) ;
#1075 = EDGE_CURVE ( 'NONE', #382, #3615, #1527, .T. ) ;
#1076 = VECTOR ( 'NONE', #2877, 1000.000000000000000 ) ;
#1077 = ORIENTED_EDGE ( 'NONE', *, *, #3524, .T. ) ;
#1078 = ORIENTED_EDGE ( 'NONE', *, *, #2842, .F. ) ;
#1079 = VECTOR ( 'NONE', #1381, 1000.000000000000000 ) ;
#1080 = VECTOR ( 'NONE', #1056, 1000.000000000000000 ) ;
#1081 = CARTESIAN_POINT ( 'NONE',  ( -37.95323025260510974, 59.00000000000001421, 21.17783083232119168 ) ) ;
#1082 = CARTESIAN_POINT ( 'NONE',  ( -7.718665996029089982, 61.18436811937795028, 25.85629717926260440 ) ) ;
#1083 = ORIENTED_EDGE ( 'NONE', *, *, #1558, .T. ) ;
#1084 = VERTEX_POINT ( 'NONE', #2692 ) ;
#1085 = VECTOR ( 'NONE', #2761, 999.9999999999998863 ) ;
#1086 = EDGE_CURVE ( 'NONE', #1396, #2342, #1563, .T. ) ;
#1087 = CARTESIAN_POINT ( 'NONE',  ( -32.26520449693960302, 52.21939612286296750, 50.15751788382503662 ) ) ;
#1088 = CARTESIAN_POINT ( 'NONE',  ( -18.22605115738702963, 58.96684280602889316, 36.99841347093851596 ) ) ;
#1089 = VECTOR ( 'NONE', #287, 1000.000000000000000 ) ;
#1090 = EDGE_CURVE ( 'NONE', #1009, #1943, #995, .T. ) ;
#1091 = B_SPLINE_CURVE_WITH_KNOTS ( 'NONE', 3,
 ( #1874, #818, #2187, #503 ),
 .UNSPECIFIED., .F., .F.,
 ( 4, 4 ),
 ( 0.000000000000000000, 1.000000000000000000 ),
 .UNSPECIFIED. ) ;
#1092 = CARTESIAN_POINT ( 'NONE',  ( -66.10727551047581585, 45.00000000000000711, 52.55710678118679624 ) ) ;
#1093 = CARTESIAN_POINT ( 'NONE',  ( -23.53772837445817601, 58.44738818089194865, 40.51058594403691870 ) ) ;
#1094 = CARTESIAN_POINT ( 'NONE',  ( -31.15016872928937630, 52.64914703891411563, 49.59999999999990195 ) ) ;
#1095 = DIRECTION ( 'NONE',  ( 0.7071067811865561215, 0.000000000000000000, 0.7071067811865388020 ) ) ;
#1096 = CARTESIAN_POINT ( 'NONE',  ( -50.31438229166246856, 52.00000000000000711, 66.93578643762685942 ) ) ;
#1097 = LOCAL_TIME ( 15, 29, 35.00000000000000000, #1491 ) ;
#1098 = ORIENTED_EDGE ( 'NONE', *, *, #3182, .T. ) ;
#1099 = EDGE_LOOP ( 'NONE', ( #1806, #2963, #2684, #2305 ) ) ;
#1100 = CARTESIAN_POINT ( 'NONE',  ( -37.98171823694919880, 59.00000000000000711, 21.23365467237556814 ) ) ;
#1101 = DIRECTION ( 'NONE',  ( 0.7071067811865462405, 1.261617073437677851E-15, -0.7071067811865487940 ) ) ;
#1102 = ORIENTED_EDGE ( 'NONE', *, *, #1130, .T. ) ;
#1103 = ORIENTED_EDGE ( 'NONE', *, *, #2870, .F. ) ;
#1104 = CARTESIAN_POINT ( 'NONE',  ( -34.56438229166248277, 50.91709623134522644, 51.18578643762683100 ) ) ;
#1105 = CARTESIAN_POINT ( 'NONE',  ( -16.79170336573407241, 59.00000000000001421, 36.11705039796476058 ) ) ;
#1106 = DIRECTION ( 'NONE',  ( -0.000000000000000000, -1.000000000000000000, 0.000000000000000000 ) ) ;
#1107 = CARTESIAN_POINT ( 'NONE',  ( -36.98367683082978630, 58.96001832663793607, 18.51997171398530995 ) ) ;
#1108 = DIRECTION ( 'NONE',  ( 0.4999999999999941713, 0.7071067811865537900, 0.4999999999999969469 ) ) ;
#1109 = DIRECTION ( 'NONE',  ( 6.938893903907222067E-15, 0.000000000000000000, 1.000000000000000000 ) ) ;
#1110 = CARTESIAN_POINT ( 'NONE',  ( -0.6329617370262798914, 60.59529471918389731, 27.00072536783021349 ) ) ;
#1111 = CARTESIAN_POINT ( 'NONE',  ( -37.26564166796630673, 58.94258565466959254, 18.97630129173084157 ) ) ;
#1112 = EDGE_LOOP ( 'NONE', ( #2545, #1575, #3343, #2037, #3611, #419, #3214, #996, #2303, #2319, #2552, #2010, #2101, #2810 ) ) ;
#1113 = VERTEX_POINT ( 'NONE', #1690 ) ;
#1114 = EDGE_CURVE ( 'NONE', #129, #841, #2047, .T. ) ;
#1115 = CARTESIAN_POINT ( 'NONE',  ( -37.51695095237153055, 59.00000000000000711, 20.30133101747048130 ) ) ;
#1116 = DIRECTION ( 'NONE',  ( -0.7071067811865408004, 0.000000000000000000, 0.7071067811865541231 ) ) ;
#1117 = ORIENTED_EDGE ( 'NONE', *, *, #2709, .T. ) ;
#1118 = ORIENTED_EDGE ( 'NONE', *, *, #1833, .T. ) ;
#1119 = DIRECTION ( 'NONE',  ( 0.5000000000000021094, -0.7071067811865459074, 0.5000000000000001110 ) ) ;
#1120 = CARTESIAN_POINT ( 'NONE',  ( -16.47067680497805142, 59.00000000000000711, 35.92050807568852377 ) ) ;
#1121 = CARTESIAN_POINT ( 'NONE',  ( -25.57628882814271876, 58.12257444171194010, 42.22259258134376836 ) ) ;
#1122 = CARTESIAN_POINT ( 'NONE',  ( -10.15243136350257558, 61.08813440238840542, 24.55962095248796118 ) ) ;
#1123 = CARTESIAN_POINT ( 'NONE',  ( 0.02140414596406466086, 53.00000000000000711, 0.09999999999969581832 ) ) ;
#1124 = EDGE_CURVE ( 'NONE', #2816, #1767, #1635, .T. ) ;
#1125 = CARTESIAN_POINT ( 'NONE',  ( -52.43570263522212116, 53.00000000000000711, 66.22867965644032040 ) ) ;
#1126 = CARTESIAN_POINT ( 'NONE',  ( -36.95243676689796786, 59.00000000000000711, 19.12193769197356730 ) ) ;
#1127 = VERTEX_POINT ( 'NONE', #265 ) ;
#1128 = VERTEX_POINT ( 'NONE', #3284 ) ;
#1129 = CC_DESIGN_DATE_AND_TIME_ASSIGNMENT ( #930, #1217, ( #159 ) ) ;
#1130 = EDGE_CURVE ( 'NONE', #2880, #2120, #2744, .T. ) ;
#1131 = CARTESIAN_POINT ( 'NONE',  ( -40.47859585403617899, 46.00000000000000711, -35.40000000000001990 ) ) ;
#1132 = PLANE ( 'NONE',  #3587 ) ;
#1133 = CIRCLE ( 'NONE', #840, 10.00000000000000178 ) ;
#1134 = ORIENTED_EDGE ( 'NONE', *, *, #3077, .T. ) ;
#1136 = ORIENTED_EDGE ( 'NONE', *, *, #3556, .T. ) ;
#1135 = CIRCLE ( 'NONE', #2358, 1.999999999999998002 ) ;
#1137 = CARTESIAN_POINT ( 'NONE',  ( -17.10162631419335710, 58.99668424900762176, 36.30677867863931851 ) ) ;
#1138 = EDGE_CURVE ( 'NONE', #3107, #1848, #2389, .T. ) ;
#1139 = VECTOR ( 'NONE', #1643, 1000.000000000000114 ) ;
#1140 = EDGE_CURVE ( 'NONE', #2638, #3537, #1948, .T. ) ;
#1141 = FACE_OUTER_BOUND ( 'NONE', #16, .T. ) ;
#1142 = ORIENTED_EDGE ( 'NONE', *, *, #167, .F. ) ;
#1143 = AXIS2_PLACEMENT_3D ( 'NONE', #1693, #1369, #1095 ) ;
#1144 = CARTESIAN_POINT ( 'NONE',  ( -49.47859585403571003, 45.00000000000000711, 33.27157287525385243 ) ) ;
#1145 = AXIS2_PLACEMENT_3D ( 'NONE', #962, #173, #1834 ) ;
#1146 = CALENDAR_DATE ( 2026, 5, 6 ) ;
#1147 = CARTESIAN_POINT ( 'NONE',  ( -7.092299989944093497, 61.08689428764760976, 26.04566543225644892 ) ) ;
#1148 = CARTESIAN_POINT ( 'NONE',  ( 0.02140414596441854445, 46.00000000000000711, 50.59999999999969589 ) ) ;
#1149 = CARTESIAN_POINT ( 'NONE',  ( -6.228595854035687829, 59.00000000000000711, 34.84999999999974563 ) ) ;
#1150 = EDGE_LOOP ( 'NONE', ( #1756, #2300, #715, #2228 ) ) ;
#1151 = CARTESIAN_POINT ( 'NONE',  ( -49.39566310967812512, 57.33238089795295878, 33.01706725564244493 ) ) ;
#1152 = EDGE_CURVE ( 'NONE', #584, #2246, #2024, .T. ) ;
#1153 = DIRECTION ( 'NONE',  ( -0.7071067811865475727, -0.7071067811865475727, 4.937700262164531476E-15 ) ) ;
#1154 = EDGE_LOOP ( 'NONE', ( #2529, #1209 ) ) ;
#1155 = ORIENTED_EDGE ( 'NONE', *, *, #565, .T. ) ;
#1156 = CARTESIAN_POINT ( 'NONE',  ( -25.07216664375179604, 60.78616969268255588, 14.02367576660773452 ) ) ;
#1157 = LINE ( 'NONE', #3055, #1079 ) ;
#1158 = CARTESIAN_POINT ( 'NONE',  ( -25.98480988917764734, 58.05397472326306030, 42.60621403514196004 ) ) ;
#1159 = ORIENTED_EDGE ( 'NONE', *, *, #1687, .T. ) ;
#1160 = CARTESIAN_POINT ( 'NONE',  ( -24.37680479308015791, 58.31853207523474936, 41.15937396370051715 ) ) ;
#1161 = DIRECTION ( 'NONE',  ( 6.982962677686266711E-15, 0.000000000000000000, 1.000000000000000000 ) ) ;
#1162 = CARTESIAN_POINT ( 'NONE',  ( -25.73489303329884592, 61.18436811937792186, -7.640070141993466457 ) ) ;
#1163 = CARTESIAN_POINT ( 'NONE',  ( -31.22859585403582727, 45.00000000000000711, 31.35000000000013998 ) ) ;
#1164 = DIRECTION ( 'NONE',  ( -6.608470384673560490E-15, 0.000000000000000000, -1.000000000000000000 ) ) ;
#1165 = ORIENTED_EDGE ( 'NONE', *, *, #1632, .T. ) ;
#1166 = CARTESIAN_POINT ( 'NONE',  ( 0.02140414596406466086, 53.00000000000000711, 0.09999999999969581832 ) ) ;
#1167 = DIRECTION ( 'NONE',  ( 0.000000000000000000, 1.000000000000000000, 0.000000000000000000 ) ) ;
#1168 = EDGE_CURVE ( 'NONE', #869, #181, #558, .T. ) ;
#1169 = CARTESIAN_POINT ( 'NONE',  ( -16.61108467416593371, 60.05748259951485579, 26.72340312530423390 ) ) ;
#1170 = VERTEX_POINT ( 'NONE', #3355 ) ;
#1171 = ORIENTED_EDGE ( 'NONE', *, *, #3288, .T. ) ;
#1172 = CARTESIAN_POINT ( 'NONE',  ( -46.99031193246636917, 49.00000000000000711, 30.61171607843060016 ) ) ;
#1173 = DIRECTION ( 'NONE',  ( -0.7071067811865564545, 0.000000000000000000, -0.7071067811865385799 ) ) ;
#1174 = EDGE_CURVE ( 'NONE', #273, #2038, #572, .T. ) ;
#1175 = EDGE_CURVE ( 'NONE', #969, #812, #1664, .T. ) ;
#1176 = CARTESIAN_POINT ( 'NONE',  ( -31.22859585403590899, 45.00000000000000711, 4.249999999999920064 ) ) ;
#1177 = CARTESIAN_POINT ( 'NONE',  ( -25.82866123048071927, 58.08102390609599297, 42.45002563403982521 ) ) ;
#1178 = DIRECTION ( 'NONE',  ( 6.938893903907222067E-15, 0.000000000000000000, 1.000000000000000000 ) ) ;
#1179 = CARTESIAN_POINT ( 'NONE',  ( -26.09062793295401761, 61.00126011050421226, -6.380384733389221630 ) ) ;
#1180 = DIRECTION ( 'NONE',  ( 6.982962677686266711E-15, 0.000000000000000000, 1.000000000000000000 ) ) ;
#1181 = FACE_OUTER_BOUND ( 'NONE', #3199, .T. ) ;
#1182 = ORIENTED_EDGE ( 'NONE', *, *, #3468, .F. ) ;
#1183 = CARTESIAN_POINT ( 'NONE',  ( -25.96018862694734253, 60.36319052038756894, 15.84012893838634994 ) ) ;
#1184 = DIRECTION ( 'NONE',  ( 0.000000000000000000, 1.000000000000000000, 0.000000000000000000 ) ) ;
#1185 = EDGE_CURVE ( 'NONE', #1060, #2095, #61, .T. ) ;
#1186 = EDGE_LOOP ( 'NONE', ( #2144, #950 ) ) ;
#1187 = EDGE_LOOP ( 'NONE', ( #1028, #413, #350, #3497 ) ) ;
#1188 = CIRCLE ( 'NONE', #3232, 5.999999999999998224 ) ;
#1189 = PLANE ( 'NONE',  #560 ) ;
#1190 = DIRECTION ( 'NONE',  ( -0.5000000000000043299, -0.7071067811865503483, -0.4999999999999917288 ) ) ;
#1191 = CIRCLE ( 'NONE', #1370, 2.099999999999996980 ) ;
#1192 = AXIS2_PLACEMENT_3D ( 'NONE', #106, #68, #3454 ) ;
#1193 = VECTOR ( 'NONE', #2818, 999.9999999999998863 ) ;
#1194 = CARTESIAN_POINT ( 'NONE',  ( -24.85396633725219928, 58.24137164651439491, 41.57318425868231770 ) ) ;
#1195 = EDGE_CURVE ( 'NONE', #2250, #869, #780, .T. ) ;
#1196 = ADVANCED_FACE ( 'NONE', ( #1436 ), #372, .T. ) ;
#1197 = CARTESIAN_POINT ( 'NONE',  ( -66.81438229166241172, 46.00000000000000711, 50.43578643762715075 ) ) ;
#1198 = CIRCLE ( 'NONE', #2766, 2.000000000000001776 ) ;
#1199 = CARTESIAN_POINT ( 'NONE',  ( -48.47859585403593741, 50.91709623134523355, 0.1000000000000358241 ) ) ;
#1200 = FACE_OUTER_BOUND ( 'NONE', #2511, .T. ) ;
#1201 = CIRCLE ( 'NONE', #975, 2.000000000000001776 ) ;
#1202 = AXIS2_PLACEMENT_3D ( 'NONE', #2898, #2007, #397 ) ;
#1203 = CYLINDRICAL_SURFACE ( 'NONE', #2310, 26.00000000000000355 ) ;
#1204 = CARTESIAN_POINT ( 'NONE',  ( -40.86623196553373560, 58.35279685089945900, 24.27423035595385059 ) ) ;
#1205 = VERTEX_POINT ( 'NONE', #651 ) ;
#1206 = CARTESIAN_POINT ( 'NONE',  ( -25.73489303329871447, 61.18436811937792186, 7.840070141993266795 ) ) ;
#1207 = AXIS2_PLACEMENT_3D ( 'NONE', #3042, #2202, #2220 ) ;
#1208 = DIRECTION ( 'NONE',  ( -0.000000000000000000, -1.000000000000000000, 0.000000000000000000 ) ) ;
#1209 = ORIENTED_EDGE ( 'NONE', *, *, #645, .T. ) ;
#1210 = ORIENTED_EDGE ( 'NONE', *, *, #2225, .F. ) ;
#1211 = CYLINDRICAL_SURFACE ( 'NONE', #2536, 5.000000000000000888 ) ;
#1212 = CARTESIAN_POINT ( 'NONE',  ( -7.502700026140852962, 53.99999999999998579, 24.98750402124123227 ) ) ;
#1213 = DIRECTION ( 'NONE',  ( 0.000000000000000000, 1.000000000000000000, 0.000000000000000000 ) ) ;
#1214 = EDGE_CURVE ( 'NONE', #941, #57, #1472, .T. ) ;
#1215 = CARTESIAN_POINT ( 'NONE',  ( -6.228595854035697599, 45.00000000000000711, 33.44999999999973994 ) ) ;
#1216 = AXIS2_PLACEMENT_3D ( 'NONE', #2533, #2772, #1101 ) ;
#1217 = DATE_TIME_ROLE ( 'classification_date' ) ;
#1218 = DIRECTION ( 'NONE',  ( 1.000000000000000000, 0.000000000000000000, -6.982962677686266711E-15 ) ) ;
#1219 = CARTESIAN_POINT ( 'NONE',  ( -9.708743335555343634, 61.08167453012625714, 24.57318051310257445 ) ) ;
#1220 = FACE_OUTER_BOUND ( 'NONE', #1112, .T. ) ;
#1221 = CARTESIAN_POINT ( 'NONE',  ( -27.36714899465848205, 53.99999999999998579, 17.58905820401097841 ) ) ;
#1222 = ORIENTED_EDGE ( 'NONE', *, *, #1708, .F. ) ;
#1223 = CARTESIAN_POINT ( 'NONE',  ( -25.84711998937785182, 61.12660135404357931, 13.57084159691980396 ) ) ;
#1224 = FACE_OUTER_BOUND ( 'NONE', #3, .T. ) ;
#1225 = ORIENTED_EDGE ( 'NONE', *, *, #2072, .F. ) ;
#1226 = ORIENTED_EDGE ( 'NONE', *, *, #966, .T. ) ;
#1227 = EDGE_CURVE ( 'NONE', #3073, #365, #1760, .T. ) ;
#1228 = CARTESIAN_POINT ( 'NONE',  ( -40.30668209343622266, 58.46923037811068724, 23.55156549505135288 ) ) ;
#1229 = EDGE_LOOP ( 'NONE', ( #3048, #72, #562, #1225 ) ) ;
#1230 = ADVANCED_FACE ( 'NONE', ( #909 ), #3066, .F. ) ;
#1231 = CARTESIAN_POINT ( 'NONE',  ( -40.65013669740088176, 58.39399968522609186, 24.01461716050786421 ) ) ;
#1232 = DIRECTION ( 'NONE',  ( -0.6546536707079696482, -0.3779644730092244220, 0.6546536707079863016 ) ) ;
#1233 = CARTESIAN_POINT ( 'NONE',  ( -50.47859585403570293, 50.91709623134523355, 34.10000000000002984 ) ) ;
#1234 = FACE_OUTER_BOUND ( 'NONE', #1150, .T. ) ;
#1235 = CARTESIAN_POINT ( 'NONE',  ( -59.45106771305482596, 53.00000000000000711, 44.48668542139250803 ) ) ;
#1236 = CARTESIAN_POINT ( 'NONE',  ( -42.11088869304514049, 58.12083328318455955, 25.70809866113343745 ) ) ;
#1237 = EDGE_LOOP ( 'NONE', ( #2609, #1663, #1407, #3531, #2826 ) ) ;
#1238 = ADVANCED_FACE ( 'NONE', ( #1141 ), #633, .T. ) ;
#1239 = CARTESIAN_POINT ( 'NONE',  ( -26.74733174055445772, 60.66323388157340446, 15.44294649041898815 ) ) ;
#1240 = LINE ( 'NONE', #2103, #2012 ) ;
#1241 = ORIENTED_EDGE ( 'NONE', *, *, #2114, .F. ) ;
#1242 = ORIENTED_EDGE ( 'NONE', *, *, #2167, .T. ) ;
#1243 = EDGE_CURVE ( 'NONE', #326, #1866, #2297, .T. ) ;
#1244 = FACE_OUTER_BOUND ( 'NONE', #310, .T. ) ;
#1245 = VERTEX_POINT ( 'NONE', #3136 ) ;
#1246 = AXIS2_PLACEMENT_3D ( 'NONE', #3536, #168, #3499 ) ;
#1247 = CARTESIAN_POINT ( 'NONE',  ( -29.97859585403587346, 59.00000000000000711, 9.619174207655419195 ) ) ;
#1248 = VECTOR ( 'NONE', #485, 1000.000000000000000 ) ;
#1249 = EDGE_CURVE ( 'NONE', #604, #696, #1188, .T. ) ;
#1250 = ORIENTED_EDGE ( 'NONE', *, *, #689, .F. ) ;
#1251 = DIRECTION ( 'NONE',  ( -4.937700262164531476E-15, 0.7071067811865474617, -0.7071067811865474617 ) ) ;
#1252 = AXIS2_PLACEMENT_3D ( 'NONE', #978, #457, #2685 ) ;
#1253 = CLOSED_SHELL ( 'NONE', ( #3498, #2984, #1688, #1878, #3605, #2798, #2512, #2915, #544, #875, #3258, #3387, #2424, #3593, #2256, #717, #1576, #490, #2689, #667, #959, #1773, #648, #1286, #2618, #1871, #1820, #1230, #1413, #1738, #3456, #85, #2422, #2259, #3122, #215, #3369, #793, #2178, #1331, #2676, #1678, #3143, #925, #2278, #1962, #1196, #2531, #1388, #2812, #3228, #2796, #516, #3220, #314, #2404, #3462, #329, #3195, #2555, #11, #2986, #532, #306, #259, #2906, #2799, #2487, #2899, #3147, #2542, #821, #2975, #2966, #3505, #861, #1914, #1906, #297, #2572, #1238, #5, #370, #800, #3345, #1862, #1899, #3056, #3295, #2377, #3272, #1887, #2539, #2629, #934, #225, #629, #2578, #1441, #1978, #3139, #1778 ) ) ;
#1254 = CARTESIAN_POINT ( 'NONE',  ( -22.24521685836176133, 59.00000000000001421, 38.70242587775747012 ) ) ;
#1255 = EDGE_CURVE ( 'NONE', #2246, #56, #515, .T. ) ;
#1256 = DIRECTION ( 'NONE',  ( 6.938893903907222067E-15, 0.000000000000000000, 1.000000000000000000 ) ) ;
#1257 = DIRECTION ( 'NONE',  ( 1.000000000000000000, -0.000000000000000000, -6.982962677686266711E-15 ) ) ;
#1258 = CARTESIAN_POINT ( 'NONE',  ( -26.29643309923128314, 58.00000000000000000, 42.91783724519560650 ) ) ;
#1259 = ORIENTED_EDGE ( 'NONE', *, *, #2198, .F. ) ;
#1260 = CARTESIAN_POINT ( 'NONE',  ( -56.77845529393061952, 53.74179900227447604, 41.81407300226825896 ) ) ;
#1261 = CARTESIAN_POINT ( 'NONE',  ( -17.46765405804674032, 45.00000000000000711, 27.48855314062255317 ) ) ;
#1262 = DESIGN_CONTEXT ( 'detailed design', #3374, 'design' ) ;
#1263 = ORIENTED_EDGE ( 'NONE', *, *, #587, .T. ) ;
#1264 = ORIENTED_EDGE ( 'NONE', *, *, #1267, .T. ) ;
#1265 = AXIS2_PLACEMENT_3D ( 'NONE', #1944, #2485, #240 ) ;
#1266 = AXIS2_PLACEMENT_3D ( 'NONE', #1163, #893, #1750 ) ;
#1267 = EDGE_CURVE ( 'NONE', #2721, #326, #2109, .T. ) ;
#1268 = CARTESIAN_POINT ( 'NONE',  ( -36.22347372330024484, 59.00000000000001421, 17.53068446484672904 ) ) ;
#1269 = EDGE_LOOP ( 'NONE', ( #511, #2867, #1927, #2124, #3035, #1792, #34 ) ) ;
#1270 = CARTESIAN_POINT ( 'NONE',  ( -40.47859585403568872, 46.00000000000000711, 35.59999999999998721 ) ) ;
#1271 = LOCAL_TIME ( 15, 29, 35.00000000000000000, #2329 ) ;
#1272 = FACE_OUTER_BOUND ( 'NONE', #1641, .T. ) ;
#1273 = ORIENTED_EDGE ( 'NONE', *, *, #2326, .F. ) ;
#1274 = CARTESIAN_POINT ( 'NONE',  ( -51.72859585403556082, 52.00000000000000711, 65.52157287525376717 ) ) ;
#1275 = CARTESIAN_POINT ( 'NONE',  ( -22.87106673850205141, 59.00000000000001421, 39.05459288498146009 ) ) ;
#1276 = EDGE_CURVE ( 'NONE', #388, #2157, #1561, .T. ) ;
#1277 = CARTESIAN_POINT ( 'NONE',  ( -35.27148907284904311, 45.00000000000000711, 50.47867965644028487 ) ) ;
#1278 = CARTESIAN_POINT ( 'NONE',  ( -42.32502857844045963, 58.66666666666666430, 26.88924176598665028 ) ) ;
#1279 = DIRECTION ( 'NONE',  ( 0.000000000000000000, 1.000000000000000000, 0.000000000000000000 ) ) ;
#1280 = ORIENTED_EDGE ( 'NONE', *, *, #114, .F. ) ;
#1281 = DIRECTION ( 'NONE',  ( 0.7071067811865386910, 0.000000000000000000, -0.7071067811865564545 ) ) ;
#1282 = CARTESIAN_POINT ( 'NONE',  ( -40.47859585403593030, 53.00000000000000711, 0.09999999999998031297 ) ) ;
#1283 = LINE ( 'NONE', #143, #140 ) ;
#1284 = EDGE_LOOP ( 'NONE', ( #3217, #250, #2722, #3569 ) ) ;
#1285 = ORIENTED_EDGE ( 'NONE', *, *, #2577, .T. ) ;
#1286 = ADVANCED_FACE ( 'NONE', ( #1796 ), #2643, .T. ) ;
#1287 = DIRECTION ( 'NONE',  ( 0.000000000000000000, 1.000000000000000000, 0.000000000000000000 ) ) ;
#1288 = B_SPLINE_CURVE_WITH_KNOTS ( 'NONE', 1,
 ( #1729, #3449 ),
 .UNSPECIFIED., .F., .F.,
 ( 2, 2 ),
 ( 0.000000000000000000, 1.000000000000000000 ),
 .UNSPECIFIED. ) ;
#1289 = ORIENTED_EDGE ( 'NONE', *, *, #2910, .T. ) ;
#1290 = CARTESIAN_POINT ( 'NONE',  ( -50.47859585403571003, 54.38119784648299060, 31.27157287525381690 ) ) ;
#1291 = CARTESIAN_POINT ( 'NONE',  ( -26.41609585403590543, 60.83373147319775853, 4.442981712200841926 ) ) ;
#1292 = APPROVAL ( #889, 'æœª' ) ;
#1293 = CARTESIAN_POINT ( 'NONE',  ( 0.02140414596434915551, 46.00000000000000711, 40.59999999999970299 ) ) ;
#1294 = EDGE_CURVE ( 'NONE', #181, #2574, #3242, .T. ) ;
#1295 = CARTESIAN_POINT ( 'NONE',  ( -17.57300779909774846, 59.00000000000000711, 36.41920080583586383 ) ) ;
#1296 = DIRECTION ( 'NONE',  ( 0.5000000000000011102, 0.7071067811865472397, 0.4999999999999991118 ) ) ;
#1297 = CARTESIAN_POINT ( 'NONE',  ( -29.83363605035566124, 63.99116986978820165, 11.62661307157325652 ) ) ;
#1298 = LINE ( 'NONE', #3526, #1316 ) ;
#1299 = CARTESIAN_POINT ( 'NONE',  ( -6.228595854035711810, 62.78035457054156865, 31.34999999999973852 ) ) ;
#1300 = DIRECTION ( 'NONE',  ( 0.7071067811865524577, 0.000000000000000000, 0.7071067811865426878 ) ) ;
#1301 = DIRECTION ( 'NONE',  ( -6.938893903907229167E-15, 0.000000000000000000, -1.000000000000000000 ) ) ;
#1302 = EDGE_LOOP ( 'NONE', ( #1159, #1793, #2003, #647 ) ) ;
#1303 = ORIENTED_EDGE ( 'NONE', *, *, #103, .T. ) ;
#1304 = EDGE_CURVE ( 'NONE', #1863, #528, #1070, .T. ) ;
#1305 = DIRECTION ( 'NONE',  ( 0.7071067811865540120, -0.000000000000000000, 0.7071067811865410224 ) ) ;
#1306 = ORIENTED_EDGE ( 'NONE', *, *, #14, .T. ) ;
#1307 = CARTESIAN_POINT ( 'NONE',  ( -6.228595854035711810, 45.00000000000000711, 31.34999999999973852 ) ) ;
#1308 = CARTESIAN_POINT ( 'NONE',  ( -41.47859585403568872, 45.00000000000000711, 35.60000000000000142 ) ) ;
#1309 = CARTESIAN_POINT ( 'NONE',  ( -19.38667496470614893, 59.00000000000000000, 37.25755798768934568 ) ) ;
#1310 = CIRCLE ( 'NONE', #3117, 1.000000000000000888 ) ;
#1311 = DIRECTION ( 'NONE',  ( -0.4999999999999952816, -0.7071067811865492381, 0.5000000000000022204 ) ) ;
#1312 = EDGE_CURVE ( 'NONE', #1866, #3615, #172, .T. ) ;
#1313 = CONICAL_SURFACE ( 'NONE', #1776, 3.000000000000002665, 0.7853981633974498333 ) ;
#1314 = LINE ( 'NONE', #2367, #37 ) ;
#1315 = CARTESIAN_POINT ( 'NONE',  ( 35.52140414596436813, 45.00000000000000711, 41.59999999999945430 ) ) ;
#1316 = VECTOR ( 'NONE', #2135, 1000.000000000000000 ) ;
#1317 = FACE_OUTER_BOUND ( 'NONE', #3310, .T. ) ;
#1318 = CARTESIAN_POINT ( 'NONE',  ( -10.39658624618120442, 53.00000000000000711, 34.55962095248796118 ) ) ;
#1319 = CARTESIAN_POINT ( 'NONE',  ( -1.250173483228595561, 60.29525263843527938, 26.09999999999971365 ) ) ;
#1320 = VECTOR ( 'NONE', #267, 1000.000000000000000 ) ;
#1321 = ORIENTED_EDGE ( 'NONE', *, *, #3354, .F. ) ;
#1322 = ORIENTED_EDGE ( 'NONE', *, *, #3571, .T. ) ;
#1323 = DIRECTION ( 'NONE',  ( 0.6889822365046180952, -0.6546536707079738671, 0.3110177634953833481 ) ) ;
#1324 = AXIS2_PLACEMENT_3D ( 'NONE', #1898, #2402, #3229 ) ;
#1325 = VECTOR ( 'NONE', #446, 1000.000000000000000 ) ;
#1326 = ORIENTED_EDGE ( 'NONE', *, *, #1214, .T. ) ;
#1327 = CARTESIAN_POINT ( 'NONE',  ( -33.64762567057086073, 52.10206791086672951, 50.26902981653387315 ) ) ;
#1328 = CARTESIAN_POINT ( 'NONE',  ( -2.959421646380208326, 59.00000000000000711, 30.09999999999971720 ) ) ;
#1329 = CARTESIAN_POINT ( 'NONE',  ( -51.06438229166259646, 45.00000000000000711, 34.68578643762694469 ) ) ;
#1330 = CARTESIAN_POINT ( 'NONE',  ( -23.54551111940136821, 59.00000000000001421, 39.45643231711620302 ) ) ;
#1331 = ADVANCED_FACE ( 'NONE', ( #2343 ), #421, .F. ) ;
#1332 = DIRECTION ( 'NONE',  ( 6.938893903907222067E-15, 0.000000000000000000, 1.000000000000000000 ) ) ;
#1333 = CARTESIAN_POINT ( 'NONE',  ( -7.502700026140859180, 60.88432475819174527, 24.98750402124123227 ) ) ;
#1334 = CARTESIAN_POINT ( 'NONE',  ( -40.71830083320473648, 52.81597890250191796, 57.33970497916910602 ) ) ;
#1335 =( LENGTH_UNIT ( ) NAMED_UNIT ( * ) SI_UNIT ( .MILLI., .METRE. ) );
#1336 = CARTESIAN_POINT ( 'NONE',  ( -25.57174160454339074, 59.00000000000000711, 37.00685424949248414 ) ) ;
#1337 = CARTESIAN_POINT ( 'NONE',  ( -65.40016872928926261, 53.00000000000000711, 51.85000000000022169 ) ) ;
#1338 = ORIENTED_EDGE ( 'NONE', *, *, #354, .F. ) ;
#1339 = ORIENTED_EDGE ( 'NONE', *, *, #2337, .F. ) ;
#1340 = CARTESIAN_POINT ( 'NONE',  ( -24.86609987527733878, 60.88432475819171685, 7.624104172105057309 ) ) ;
#1341 = ORIENTED_EDGE ( 'NONE', *, *, #1528, .F. ) ;
#1342 = ORIENTED_EDGE ( 'NONE', *, *, #1090, .T. ) ;
#1343 = EDGE_CURVE ( 'NONE', #755, #524, #2978, .T. ) ;
#1344 = LINE ( 'NONE', #2448, #3135 ) ;
#1345 = CARTESIAN_POINT ( 'NONE',  ( -31.22859585403582727, 58.00000000000000000, 31.35000000000013998 ) ) ;
#1346 = CARTESIAN_POINT ( 'NONE',  ( -32.56438229166247567, 54.38119784648299060, 49.18578643762679548 ) ) ;
#1347 = CARTESIAN_POINT ( 'NONE',  ( -17.43179675141377771, 59.00000000000002132, 36.35509173931447435 ) ) ;
#1348 = CARTESIAN_POINT ( 'NONE',  ( -16.47067680497805142, 59.00000000000000711, 35.92050807568852377 ) ) ;
#1349 = CARTESIAN_POINT ( 'NONE',  ( -38.18022672974256437, 58.84098502437230138, 20.42392508821086139 ) ) ;
#1350 = DIRECTION ( 'NONE',  ( -6.938893903907222067E-15, 0.000000000000000000, -1.000000000000000000 ) ) ;
#1351 = DIRECTION ( 'NONE',  ( 0.7071067811865463515, 0.000000000000000000, -0.7071067811865486830 ) ) ;
#1352 = CARTESIAN_POINT ( 'NONE',  ( 5.224655475499032420, 60.85412507775842528, 26.49788012254791880 ) ) ;
#1353 = CARTESIAN_POINT ( 'NONE',  ( -31.22859585403582727, 59.00000000000000711, 31.35000000000013998 ) ) ;
#1354 = ORIENTED_EDGE ( 'NONE', *, *, #1497, .F. ) ;
#1355 = ORIENTED_EDGE ( 'NONE', *, *, #1648, .T. ) ;
#1356 = CARTESIAN_POINT ( 'NONE',  ( -37.48959636381669469, 59.00000000000001421, 20.24520790519822455 ) ) ;
#1357 = CARTESIAN_POINT ( 'NONE',  ( -41.10668251548197816, 59.00000000000000711, 26.14241947792041998 ) ) ;
#1358 = EDGE_CURVE ( 'NONE', #1902, #2628, #3448, .T. ) ;
#1359 = ORIENTED_EDGE ( 'NONE', *, *, #2602, .F. ) ;
#1360 = ORIENTED_EDGE ( 'NONE', *, *, #3354, .T. ) ;
#1361 = CARTESIAN_POINT ( 'NONE',  ( -40.71830083320473648, 52.81597890250192506, 57.33970497916910602 ) ) ;
#1362 = FACE_OUTER_BOUND ( 'NONE', #1680, .T. ) ;
#1363 = DIRECTION ( 'NONE',  ( 6.938893903907252043E-15, 0.000000000000000000, 1.000000000000000000 ) ) ;
#1364 = EDGE_CURVE ( 'NONE', #681, #696, #2076, .T. ) ;
#1365 =( BOUNDED_SURFACE ( )  B_SPLINE_SURFACE ( 3, 2, ( 
 ( #112, #904, #3166 ),
 ( #76, #2855, #2022 ),
 ( #631, #2308, #1505 ),
 ( #3431, #924, #2630 ),
 ( #2000, #2041, #404 ),
 ( #1228, #96, #3152 ) ),
 .UNSPECIFIED., .F., .F., .F. ) 
 B_SPLINE_SURFACE_WITH_KNOTS ( ( 4, 2, 4 ),
 ( 3, 3 ),
 ( 4.709247387731100076, 4.972617571857043117, 5.235987755982987046 ),
 ( 0.4335772789263387939, 1.000000000000000000 ),
 .UNSPECIFIED. ) 
 GEOMETRIC_REPRESENTATION_ITEM ( )  RATIONAL_B_SPLINE_SURFACE ( (
 ( 0.8557518847886944613, 0.8336535120469122928, 1.000000000000000000),
 ( 0.8665458655320901205, 0.8461010978269198901, 1.000000000000000000),
 ( 0.8768314961950718356, 0.8579624558395581024, 1.000000000000000000),
 ( 0.8959952634398096194, 0.8800620539690919841, 1.000000000000000000),
 ( 0.9048739638118108441, 0.8903009442471842005, 1.000000000000000000),
 ( 0.9128969955970736017, 0.8995530801122486597, 1.000000000000000000) ) ) 
 REPRESENTATION_ITEM ( '' )  SURFACE ( )  );
#1366 = CARTESIAN_POINT ( 'NONE',  ( -23.92067200723211329, 58.38886165838057707, 40.80333279273927616 ) ) ;
#1367 = CARTESIAN_POINT ( 'NONE',  ( -52.47859585403571003, 59.00000000000000711, 33.27157287525387375 ) ) ;
#1368 = DIRECTION ( 'NONE',  ( -1.000000000000000000, 0.000000000000000000, 6.982962677686266711E-15 ) ) ;
#1369 = DIRECTION ( 'NONE',  ( -0.6546536707079698703, -0.3779644730092231453, 0.6546536707079869677 ) ) ;
#1370 = AXIS2_PLACEMENT_3D ( 'NONE', #3554, #1851, #753 ) ;
#1371 = CARTESIAN_POINT ( 'NONE',  ( -38.38104583888343058, 58.81446821995892549, 20.73703910956153962 ) ) ;
#1372 = AXIS2_PLACEMENT_3D ( 'NONE', #1353, #3341, #2995 ) ;
#1373 = ORIENTED_EDGE ( 'NONE', *, *, #1294, .T. ) ;
#1374 = EDGE_LOOP ( 'NONE', ( #1588, #3568, #2807, #1515 ) ) ;
#1375 = VECTOR ( 'NONE', #2927, 1000.000000000000000 ) ;
#1376 = CARTESIAN_POINT ( 'NONE',  ( -37.63314494575522673, 59.00000000000002132, 20.53897258265018522 ) ) ;
#1377 = LINE ( 'NONE', #2480, #2008 ) ;
#1378 = VERTEX_POINT ( 'NONE', #668 ) ;
#1379 = ORIENTED_EDGE ( 'NONE', *, *, #3572, .F. ) ;
#1380 = FACE_OUTER_BOUND ( 'NONE', #3091, .T. ) ;
#1381 = DIRECTION ( 'NONE',  ( 0.6889822365046117669, -0.6546536707079809725, 0.3110177634953826264 ) ) ;
#1382 = VECTOR ( 'NONE', #482, 1000.000000000000000 ) ;
#1383 = AXIS2_PLACEMENT_3D ( 'NONE', #3437, #3157, #380 ) ;
#1384 = CIRCLE ( 'NONE', #3432, 9.000000000000031974 ) ;
#1385 = DIRECTION ( 'NONE',  ( 0.7071067811865463515, 0.000000000000000000, -0.7071067811865487940 ) ) ;
#1386 = CARTESIAN_POINT ( 'NONE',  ( -23.42641981728166201, 58.46410161513777126, 40.42886667852268090 ) ) ;
#1387 = FACE_OUTER_BOUND ( 'NONE', #2105, .T. ) ;
#1388 = ADVANCED_FACE ( 'NONE', ( #1272 ), #632, .T. ) ;
#1389 = FACE_OUTER_BOUND ( 'NONE', #1573, .T. ) ;
#1390 = CARTESIAN_POINT ( 'NONE',  ( -25.49390880944413951, 61.30841032452212858, 8.637111485931585619 ) ) ;
#1391 = ORIENTED_EDGE ( 'NONE', *, *, #407, .T. ) ;
#1392 = ORIENTED_EDGE ( 'NONE', *, *, #1568, .F. ) ;
#1393 = CARTESIAN_POINT ( 'NONE',  ( -51.72859585403555371, 53.00000000000000711, 66.52157287525376717 ) ) ;
#1394 = DIRECTION ( 'NONE',  ( -0.5000000000000012212, -0.7071067811865524577, -0.4999999999999917288 ) ) ;
#1395 = ORIENTED_EDGE ( 'NONE', *, *, #3002, .T. ) ;
#1396 = VERTEX_POINT ( 'NONE', #3486 ) ;
#1397 = CYLINDRICAL_SURFACE ( 'NONE', #3016, 10.00000000000000178 ) ;
#1398 = CARTESIAN_POINT ( 'NONE',  ( -17.69555590262039857, 58.98409696188392815, 36.67142364823806844 ) ) ;
#1399 = FACE_OUTER_BOUND ( 'NONE', #3479, .T. ) ;
#1400 = EDGE_CURVE ( 'NONE', #3610, #1406, #132, .T. ) ;
#1401 = EDGE_CURVE ( 'NONE', #882, #524, #2928, .T. ) ;
#1402 = CARTESIAN_POINT ( 'NONE',  ( -39.14378762488107100, 58.69289635773468916, 21.89290395743890727 ) ) ;
#1403 = CARTESIAN_POINT ( 'NONE',  ( -42.79643309923148564, 58.00000000000000000, 26.41783724519563492 ) ) ;
#1404 = CARTESIAN_POINT ( 'NONE',  ( -66.10727551047581585, 45.00000000000000711, 52.55710678118678203 ) ) ;
#1405 = CARTESIAN_POINT ( 'NONE',  ( -38.17803401546328956, 59.00000000000000711, 21.61666677175201556 ) ) ;
#1406 = VERTEX_POINT ( 'NONE', #445 ) ;
#1407 = ORIENTED_EDGE ( 'NONE', *, *, #525, .T. ) ;
#1408 = B_SPLINE_CURVE_WITH_KNOTS ( 'NONE', 1,
 ( #1340, #3516 ),
 .UNSPECIFIED., .F., .F.,
 ( 2, 2 ),
 ( 0.000000000000000000, 1.000000000000000000 ),
 .UNSPECIFIED. ) ;
#1409 = CARTESIAN_POINT ( 'NONE',  ( -37.53514372982110103, 59.00000000000000711, 20.33861198158116323 ) ) ;
#1410 = CARTESIAN_POINT ( 'NONE',  ( -25.74538103952487944, 60.41874033957194712, 3.589050031095025517 ) ) ;
#1411 = ORIENTED_EDGE ( 'NONE', *, *, #3203, .T. ) ;
#1412 = ORIENTED_EDGE ( 'NONE', *, *, #2924, .F. ) ;
#1413 = ADVANCED_FACE ( 'NONE', ( #3519 ), #1132, .T. ) ;
#1414 = CARTESIAN_POINT ( 'NONE',  ( -24.95898198142948132, 60.84007862389122323, 13.70495440695403033 ) ) ;
#1415 = CARTESIAN_POINT ( 'NONE',  ( -27.36714899465848205, 45.00000000000000711, 17.58905820401097841 ) ) ;
#1416 = DIRECTION ( 'NONE',  ( 6.982962677686266711E-15, 0.000000000000000000, 1.000000000000000000 ) ) ;
#1417 = ORIENTED_EDGE ( 'NONE', *, *, #990, .F. ) ;
#1418 = CYLINDRICAL_SURFACE ( 'NONE', #1836, 2.000000000000001776 ) ;
#1419 = EDGE_CURVE ( 'NONE', #2569, #422, #1377, .T. ) ;
#1420 = DATE_AND_TIME ( #2029, #806 ) ;
#1421 = CARTESIAN_POINT ( 'NONE',  ( 7.761474287957732976, 61.18436811937789344, 25.85629717926245164 ) ) ;
#1422 = CARTESIAN_POINT ( 'NONE',  ( -26.85529620291434583, 60.60766115662855924, -1.208731235184503205 ) ) ;
#1423 = EDGE_LOOP ( 'NONE', ( #2196, #1903, #578, #2864 ) ) ;
#1424 = ORIENTED_EDGE ( 'NONE', *, *, #589, .F. ) ;
#1425 = VECTOR ( 'NONE', #2285, 1000.000000000000114 ) ;
#1426 = CARTESIAN_POINT ( 'NONE',  ( -33.15016872928938341, 50.91709623134523355, 52.59999999999992326 ) ) ;
#1427 = CARTESIAN_POINT ( 'NONE',  ( -49.47859585403569582, 52.64914703891411563, 34.10000000000004405 ) ) ;
#1428 = AXIS2_PLACEMENT_3D ( 'NONE', #2113, #2063, #2621 ) ;
#1429 = ORIENTED_EDGE ( 'NONE', *, *, #3481, .F. ) ;
#1431 = ORIENTED_EDGE ( 'NONE', *, *, #2601, .T. ) ;
#1430 = AXIS2_PLACEMENT_3D ( 'NONE', #280, #2218, #312 ) ;
#1432 = DIRECTION ( 'NONE',  ( 0.000000000000000000, 1.000000000000000000, 0.000000000000000000 ) ) ;
#1433 = B_SPLINE_CURVE_WITH_KNOTS ( 'NONE', 3,
 ( #2878, #1462, #621, #1734 ),
 .UNSPECIFIED., .F., .F.,
 ( 4, 4 ),
 ( 0.5000000000000000000, 1.000000000000000000 ),
 .UNSPECIFIED. ) ;
#1434 = CARTESIAN_POINT ( 'NONE',  ( 0.02140414596406466086, 53.00000000000000711, 0.09999999999969581832 ) ) ;
#1435 = AXIS2_PLACEMENT_3D ( 'NONE', #1199, #2345, #911 ) ;
#1436 = FACE_OUTER_BOUND ( 'NONE', #3257, .T. ) ;
#1437 = ORIENTED_EDGE ( 'NONE', *, *, #1960, .F. ) ;
#1438 = VECTOR ( 'NONE', #258, 1000.000000000000227 ) ;
#1439 = DIRECTION ( 'NONE',  ( -0.000000000000000000, -1.000000000000000000, -0.000000000000000000 ) ) ;
#1440 = VECTOR ( 'NONE', #226, 1000.000000000000114 ) ;
#1441 = ADVANCED_FACE ( 'NONE', ( #308 ), #929, .F. ) ;
#1442 = CARTESIAN_POINT ( 'NONE',  ( -17.10421628293851271, 59.00000000000000711, 36.20650466415762025 ) ) ;
#1443 = CARTESIAN_POINT ( 'NONE',  ( -25.79200997419059505, 60.39404971841184278, 3.273686228836091949 ) ) ;
#1444 = CARTESIAN_POINT ( 'NONE',  ( 0.02140414596406466086, 45.00000000000000711, 0.09999999999969581832 ) ) ;
#1445 = CARTESIAN_POINT ( 'NONE',  ( -31.22859585403589477, 45.00000000000000711, 6.349999999999916156 ) ) ;
#1446 = ORIENTED_EDGE ( 'NONE', *, *, #2926, .F. ) ;
#1447 = CARTESIAN_POINT ( 'NONE',  ( -25.61449087427904914, 61.24634292034220806, 8.238293299937476277 ) ) ;
#1448 = LINE ( 'NONE', #1480, #1890 ) ;
#1449 = CARTESIAN_POINT ( 'NONE',  ( -17.46765405804674032, 59.69302987964564977, 27.48855314062255317 ) ) ;
#1450 = PRODUCT_RELATED_PRODUCT_CATEGORY ( 'detail', '', ( #367 ) ) ;
#1451 = ORIENTED_EDGE ( 'NONE', *, *, #3524, .F. ) ;
#1452 = VERTEX_POINT ( 'NONE', #811 ) ;
#1453 = B_SPLINE_SURFACE_WITH_KNOTS ( 'NONE', 1, 3, ( 
 ( #1421, #3015, #1952, #1352, #3628, #576, #505, #2804, #3064, #1110, #2224, #2208, #2241, #3083, #2189, #1919, #1147, #32 ),
 ( #521, #1935, #2493, #3360, #3340, #1675, #1638, #2784, #1072, #2526, #3582, #856, #2732, #2262, #871, #1623, #1654, #232 ) ),
 .UNSPECIFIED., .F., .F., .F.,
 ( 2, 2 ),
 ( 4, 2, 2, 2, 2, 2, 2, 2, 4 ),
 ( 0.000000000000000000, 1.000000000000000000 ),
 ( 2.848004584757794166, 2.921401601965795791, 2.994798619173796972, 3.068195636381798597, 3.141592653589800221, 3.214989670797801402, 3.288386688005803027, 3.361783705213804652, 3.435180722421805832 ),
 .UNSPECIFIED. ) ;
#1454 = FACE_OUTER_BOUND ( 'NONE', #3517, .T. ) ;
#1455 = CYLINDRICAL_SURFACE ( 'NONE', #963, 2.099999999999996980 ) ;
#1456 = DIRECTION ( 'NONE',  ( 1.000000000000000000, 0.000000000000000000, -6.983617243522253858E-15 ) ) ;
#1457 = VERTEX_POINT ( 'NONE', #1082 ) ;
#1458 = DIRECTION ( 'NONE',  ( 0.000000000000000000, 1.000000000000000000, 0.000000000000000000 ) ) ;
#1459 = PERSON_AND_ORGANIZATION_ROLE ( 'design_supplier' ) ;
#1460 = LINE ( 'NONE', #3247, #1784 ) ;
#1461 = CARTESIAN_POINT ( 'NONE',  ( -24.86609987527745602, 60.88432475819171685, -7.424104172105263189 ) ) ;
#1462 = CARTESIAN_POINT ( 'NONE',  ( -2.595783471173622736, 60.59526730698891583, 27.00077862314380894 ) ) ;
#1463 = DIRECTION ( 'NONE',  ( 6.938893903907222067E-15, 0.000000000000000000, 1.000000000000000000 ) ) ;
#1464 = ORIENTED_EDGE ( 'NONE', *, *, #473, .F. ) ;
#1465 = DIRECTION ( 'NONE',  ( 0.000000000000000000, 1.000000000000000000, -0.000000000000000000 ) ) ;
#1466 = DIRECTION ( 'NONE',  ( 6.938893903907222067E-15, 0.000000000000000000, 1.000000000000000000 ) ) ;
#1467 = EDGE_LOOP ( 'NONE', ( #2372, #583, #3503 ) ) ;
#1468 = EDGE_LOOP ( 'NONE', ( #3201, #2268, #529, #1451 ) ) ;
#1469 = CARTESIAN_POINT ( 'NONE',  ( -25.47307606531580149, 60.59520579248024319, 14.94956843966970794 ) ) ;
#1470 = LINE ( 'NONE', #336, #2705 ) ;
#1471 = EDGE_CURVE ( 'NONE', #508, #2592, #1743, .T. ) ;
#1472 = LINE ( 'NONE', #1176, #2948 ) ;
#1473 = CARTESIAN_POINT ( 'NONE',  ( -31.22859585403586991, 59.00000000000000711, 9.849999999999917932 ) ) ;
#1474 = CARTESIAN_POINT ( 'NONE',  ( -19.00085375424743361, 59.00000000000000711, 37.07398941670371073 ) ) ;
#1475 = CARTESIAN_POINT ( 'NONE',  ( -7.502700026140852962, 60.88432475819175949, 24.98750402124121806 ) ) ;
#1476 = CARTESIAN_POINT ( 'NONE',  ( -31.22859585403589477, 59.00000000000000711, 6.349999999999916156 ) ) ;
#1477 = CARTESIAN_POINT ( 'NONE',  ( -40.89910082320359663, 58.34641481412537445, 24.31504724802632111 ) ) ;
#1478 = ORIENTED_EDGE ( 'NONE', *, *, #1797, .T. ) ;
#1479 = CARTESIAN_POINT ( 'NONE',  ( -24.63496005718748094, 60.99442082923035002, 8.493570073714574065 ) ) ;
#1480 = CARTESIAN_POINT ( 'NONE',  ( -13.69697674592534398, 77.94302707978171441, -2.681619108111254146 ) ) ;
#1481 = ORIENTED_EDGE ( 'NONE', *, *, #867, .F. ) ;
#1482 = ORIENTED_EDGE ( 'NONE', *, *, #3255, .F. ) ;
#1483 = LINE ( 'NONE', #2594, #737 ) ;
#1484 = DIRECTION ( 'NONE',  ( -0.2046286570172828612, -0.7071067811865496822, 0.6768508792395118157 ) ) ;
#1485 = CIRCLE ( 'NONE', #2587, 2.000000000000001776 ) ;
#1486 = AXIS2_PLACEMENT_3D ( 'NONE', #2879, #3422, #381 ) ;
#1487 = AXIS2_PLACEMENT_3D ( 'NONE', #910, #3169, #2874 ) ;
#1488 = CARTESIAN_POINT ( 'NONE',  ( -34.56438229166248988, 50.91709623134523355, 51.18578643762683100 ) ) ;
#1489 = CARTESIAN_POINT ( 'NONE',  ( -24.95166802785660209, 59.00000000000000711, 40.40060614853425136 ) ) ;
#1490 = VECTOR ( 'NONE', #3356, 1000.000000000000114 ) ;
#1491 = COORDINATED_UNIVERSAL_TIME_OFFSET ( 8, 0, .AHEAD. ) ;
#1492 = CARTESIAN_POINT ( 'NONE',  ( -50.29791312347704491, 51.76594628558535760, 32.91020741413537110 ) ) ;
#1493 = CARTESIAN_POINT ( 'NONE',  ( -25.73489303329871447, 61.18436811937792186, 7.840070141993266795 ) ) ;
#1494 = CIRCLE ( 'NONE', #1143, 1.999999999999998002 ) ;
#1495 = VECTOR ( 'NONE', #3559, 1000.000000000000000 ) ;
#1496 = CARTESIAN_POINT ( 'NONE',  ( -25.73489303329871447, 61.18436811937792186, 7.840070141993266795 ) ) ;
#1497 = EDGE_CURVE ( 'NONE', #2085, #1009, #1698, .T. ) ;
#1498 = CARTESIAN_POINT ( 'NONE',  ( -31.22859585403590899, 56.00000000000000000, 4.249999999999920064 ) ) ;
#1499 = ORIENTED_EDGE ( 'NONE', *, *, #1497, .T. ) ;
#1500 = CARTESIAN_POINT ( 'NONE',  ( -25.35148980725793777, 61.38171789131236977, 9.881480066845247379 ) ) ;
#1501 = CARTESIAN_POINT ( 'NONE',  ( -40.47859585403593030, 46.00000000000000711, 0.09999999999998031297 ) ) ;
#1502 = ORIENTED_EDGE ( 'NONE', *, *, #1255, .F. ) ;
#1503 = VERTEX_POINT ( 'NONE', #3368 ) ;
#1504 = B_SPLINE_CURVE_WITH_KNOTS ( 'NONE', 1,
 ( #1794, #2907 ),
 .UNSPECIFIED., .F., .F.,
 ( 2, 2 ),
 ( 0.000000000000000000, 1.000000000000000000 ),
 .UNSPECIFIED. ) ;
#1505 = CARTESIAN_POINT ( 'NONE',  ( -37.52377572536089900, 58.88919696861390207, 18.66168710570483569 ) ) ;
#1506 = VECTOR ( 'NONE', #1368, 1000.000000000000000 ) ;
#1507 = CARTESIAN_POINT ( 'NONE',  ( -34.56438229166249698, 52.38119784648299770, 51.18578643762682390 ) ) ;
#1508 = EDGE_CURVE ( 'NONE', #2904, #2887, #2969, .T. ) ;
#1509 = DIRECTION ( 'NONE',  ( -0.000000000000000000, -1.000000000000000000, -0.000000000000000000 ) ) ;
#1510 = CARTESIAN_POINT ( 'NONE',  ( -50.47859585403593741, 50.91709623134523355, 0.1000000000000497019 ) ) ;
#1511 = CARTESIAN_POINT ( 'NONE',  ( -13.05276943583671034, 61.19275816522191036, 25.83999733451663161 ) ) ;
#1512 = EDGE_CURVE ( 'NONE', #251, #3023, #2213, .T. ) ;
#1513 = DIRECTION ( 'NONE',  ( 0.7071067811865424657, -2.775557561562890957E-15, -0.7071067811865524577 ) ) ;
#1514 = CARTESIAN_POINT ( 'NONE',  ( -41.70583309884791845, 58.19432656728932329, 25.26439034135563944 ) ) ;
#1515 = ORIENTED_EDGE ( 'NONE', *, *, #2709, .F. ) ;
#1516 = DIRECTION ( 'NONE',  ( -0.7071067811865474617, -0.7071067811865474617, 4.937700262164531476E-15 ) ) ;
#1517 = DIRECTION ( 'NONE',  ( 0.000000000000000000, -1.000000000000000000, 0.000000000000000000 ) ) ;
#1518 = ORIENTED_EDGE ( 'NONE', *, *, #1304, .T. ) ;
#1519 = ORIENTED_EDGE ( 'NONE', *, *, #473, .T. ) ;
#1520 = FACE_OUTER_BOUND ( 'NONE', #1720, .T. ) ;
#1521 = ORIENTED_EDGE ( 'NONE', *, *, #2159, .T. ) ;
#1522 = EDGE_CURVE ( 'NONE', #438, #3086, #3037, .T. ) ;
#1523 = CARTESIAN_POINT ( 'NONE',  ( -41.03796981773644603, 58.31853207523474936, 24.49820893904447416 ) ) ;
#1524 = DIRECTION ( 'NONE',  ( 6.982962677686266711E-15, 0.000000000000000000, 1.000000000000000000 ) ) ;
#1525 = CARTESIAN_POINT ( 'NONE',  ( -21.20383810198694974, 59.00000000000000711, 38.14995489280441632 ) ) ;
#1526 = CARTESIAN_POINT ( 'NONE',  ( -52.47859585403571003, 50.91709623134523355, 33.27157287525387375 ) ) ;
#1527 = LINE ( 'NONE', #727, #2078 ) ;
#1528 = EDGE_CURVE ( 'NONE', #2887, #2478, #2458, .T. ) ;
#1529 = LINE ( 'NONE', #1334, #3236 ) ;
#1530 = ORIENTED_EDGE ( 'NONE', *, *, #2298, .F. ) ;
#1531 = DIRECTION ( 'NONE',  ( -0.000000000000000000, -1.000000000000000000, 0.000000000000000000 ) ) ;
#1532 = DIRECTION ( 'NONE',  ( 6.208737100411930265E-15, -0.4576615381557278539, 0.8891264907159910358 ) ) ;
#1533 = ORIENTED_EDGE ( 'NONE', *, *, #1512, .F. ) ;
#1534 = ORIENTED_EDGE ( 'NONE', *, *, #65, .T. ) ;
#1535 = CARTESIAN_POINT ( 'NONE',  ( -36.13556969327317603, 59.00000000000000000, 17.33667802465626551 ) ) ;
#1536 = EDGE_LOOP ( 'NONE', ( #1880, #1289, #2428, #2718 ) ) ;
#1537 = VECTOR ( 'NONE', #688, 1000.000000000000000 ) ;
#1538 = CIRCLE ( 'NONE', #3590, 3.499999999999999556 ) ;
#1539 = DIRECTION ( 'NONE',  ( -0.000000000000000000, 1.000000000000000000, -0.000000000000000000 ) ) ;
#1540 = AXIS2_PLACEMENT_3D ( 'NONE', #1526, #1545, #1256 ) ;
#1541 = ORIENTED_EDGE ( 'NONE', *, *, #525, .F. ) ;
#1542 = CARTESIAN_POINT ( 'NONE',  ( -26.87932122186644079, 60.59529471918389731, 0.09999999999991092403 ) ) ;
#1543 = VECTOR ( 'NONE', #1802, 1000.000000000000000 ) ;
#1544 = CARTESIAN_POINT ( 'NONE',  ( -20.27448460519391915, 59.00000000000001421, 37.68455916823042884 ) ) ;
#1545 = DIRECTION ( 'NONE',  ( 0.000000000000000000, -1.000000000000000000, -0.000000000000000000 ) ) ;
#1546 = FACE_OUTER_BOUND ( 'NONE', #2627, .T. ) ;
#1547 = VECTOR ( 'NONE', #1895, 1000.000000000000000 ) ;
#1548 = CARTESIAN_POINT ( 'NONE',  ( -50.35727551047603612, 45.00000000000000711, 35.39289321881349792 ) ) ;
#1549 = EDGE_LOOP ( 'NONE', ( #42, #3163, #1242, #1431 ) ) ;
#1550 = EDGE_CURVE ( 'NONE', #1922, #869, #2883, .T. ) ;
#1551 = CARTESIAN_POINT ( 'NONE',  ( -50.35727551047603612, 45.00000000000000711, 35.39289321881349792 ) ) ;
#1552 = CARTESIAN_POINT ( 'NONE',  ( -26.44718757121021824, 60.13122402618774487, 16.53018531462209850 ) ) ;
#1553 = AXIS2_PLACEMENT_3D ( 'NONE', #2694, #212, #730 ) ;
#1554 = CARTESIAN_POINT ( 'NONE',  ( -68.22859585403608662, 59.00000000000000711, 30.10000000000088249 ) ) ;
#1555 = EDGE_LOOP ( 'NONE', ( #235, #1771, #988, #3067 ) ) ;
#1556 = EDGE_LOOP ( 'NONE', ( #2734, #51, #597, #863 ) ) ;
#1557 = FACE_OUTER_BOUND ( 'NONE', #493, .T. ) ;
#1558 = EDGE_CURVE ( 'NONE', #755, #181, #543, .T. ) ;
#1559 = ORIENTED_EDGE ( 'NONE', *, *, #371, .T. ) ;
#1560 = DIRECTION ( 'NONE',  ( 0.000000000000000000, 1.000000000000000000, 0.000000000000000000 ) ) ;
#1561 = LINE ( 'NONE', #153, #2758 ) ;
#1562 = PLANE ( 'NONE',  #2541 ) ;
#1563 = B_SPLINE_CURVE_WITH_KNOTS ( 'NONE', 3,
 ( #2134, #2099, #3250, #746, #2973, #189, #2418, #3547, #1055, #851, #1402, #3043, #1068, #1672, #2800, #1349, #2205, #534, #1916, #817, #2490, #2186, #3625, #2470, #832, #9, #1107, #2221, #285, #801, #3303, #229, #3028, #2450 ),
 .UNSPECIFIED., .F., .F.,
 ( 4, 2, 1, 1, 1, 1, 2, 2, 2, 1, 1, 1, 1, 2, 2, 2, 1, 1, 1, 1, 2, 2, 4 ),
 ( 0.000000000000000000, 0.1250000000000169864, 0.1875000000000262013, 0.2187500000000301148, 0.2343750000000320854, 0.2421875000000323908, 0.2460937500000321687, 0.2500000000000319189, 0.3750000000000114908, 0.4375000000000023870, 0.4687499999999978906, 0.4843749999999959477, 0.4921874999999944489, 0.4960937499999937272, 0.4999999999999930611, 0.6249999999999811262, 0.6874999999999755751, 0.7187499999999729106, 0.7343749999999722444, 0.7421874999999723554, 0.7460937499999719114, 0.7499999999999714673, 1.000000000000000000 ),
 .UNSPECIFIED. ) ;
#1564 = CARTESIAN_POINT ( 'NONE',  ( -18.41177131436423764, 59.00000000000002132, 36.80278022051114561 ) ) ;
#1565 = DIRECTION ( 'NONE',  ( 1.224939954490834166E-16, 0.000000000000000000, -1.000000000000000000 ) ) ;
#1566 = CARTESIAN_POINT ( 'NONE',  ( -49.47859585403571714, 52.64914703891411563, 31.27157287525380269 ) ) ;
#1567 = LINE ( 'NONE', #3548, #2466 ) ;
#1568 = EDGE_CURVE ( 'NONE', #3363, #628, #434, .T. ) ;
#1569 = CARTESIAN_POINT ( 'NONE',  ( -18.12038565604857965, 59.05947143316108594, 36.10443553619251844 ) ) ;
#1570 = DIRECTION ( 'NONE',  ( -1.000000000000000000, 0.000000000000000000, 6.982962677686266711E-15 ) ) ;
#1571 = CARTESIAN_POINT ( 'NONE',  ( -53.14280941640865308, 52.00000000000000711, 66.93578643762685942 ) ) ;
#1572 = ORIENTED_EDGE ( 'NONE', *, *, #3230, .F. ) ;
#1573 = EDGE_LOOP ( 'NONE', ( #3390, #1339, #1752, #940 ) ) ;
#1574 = CARTESIAN_POINT ( 'NONE',  ( -41.47859585403568872, 45.00000000000000711, 35.60000000000000142 ) ) ;
#1575 = ORIENTED_EDGE ( 'NONE', *, *, #2156, .T. ) ;
#1576 = ADVANCED_FACE ( 'NONE', ( #254 ), #2738, .F. ) ;
#1577 = EDGE_CURVE ( 'NONE', #3107, #2176, #2498, .T. ) ;
#1578 = DIRECTION ( 'NONE',  ( -7.021499783715644758E-15, 0.000000000000000000, -1.000000000000000000 ) ) ;
#1579 = DIRECTION ( 'NONE',  ( 0.000000000000000000, 1.000000000000000000, 0.000000000000000000 ) ) ;
#1580 = FACE_OUTER_BOUND ( 'NONE', #1536, .T. ) ;
#1581 = DIRECTION ( 'NONE',  ( -0.7071067811865524577, 0.000000000000000000, -0.7071067811865426878 ) ) ;
#1582 = CARTESIAN_POINT ( 'NONE',  ( -19.15000222107481775, 58.85549040843707758, 30.38074744174250341 ) ) ;
#1583 = DIRECTION ( 'NONE',  ( -0.6546536707079769757, -0.3779644730092241445, 0.6546536707079793072 ) ) ;
#1584 = CARTESIAN_POINT ( 'NONE',  ( -17.11317990081115781, 58.99781374801514744, 35.20889676847006911 ) ) ;
#1585 = CARTESIAN_POINT ( 'NONE',  ( -50.35727551047603612, 45.00000000000000711, 35.39289321881349792 ) ) ;
#1586 = CARTESIAN_POINT ( 'NONE',  ( -35.79910392972450239, 59.00000000000000711, 22.09999999999973852 ) ) ;
#1587 = VERTEX_POINT ( 'NONE', #3089 ) ;
#1588 = ORIENTED_EDGE ( 'NONE', *, *, #2853, .T. ) ;
#1589 = CARTESIAN_POINT ( 'NONE',  ( 40.52140414596435392, 46.00000000000000711, 40.59999999999941878 ) ) ;
#1590 = ORIENTED_EDGE ( 'NONE', *, *, #2590, .T. ) ;
#1591 = EDGE_CURVE ( 'NONE', #487, #1127, #3425, .T. ) ;
#1592 = DIRECTION ( 'NONE',  ( -0.5000000000000066613, -0.7071067811865482389, -0.4999999999999923950 ) ) ;
#1593 = CARTESIAN_POINT ( 'NONE',  ( -33.15016872928939762, 50.91709623134523355, 50.59999999999992326 ) ) ;
#1594 = CARTESIAN_POINT ( 'NONE',  ( -38.47859585403587346, 59.00000000000000711, 0.09999999999996643518 ) ) ;
#1595 = VECTOR ( 'NONE', #1287, 1000.000000000000000 ) ;
#1596 = CARTESIAN_POINT ( 'NONE',  ( -21.26561479135258637, 59.00000000000001421, 38.18171964631823556 ) ) ;
#1597 = CONICAL_SURFACE ( 'NONE', #3474, 7.999999999999972466, 0.7853981633974466137 ) ;
#1598 = CARTESIAN_POINT ( 'NONE',  ( -31.22859585403589477, 62.78035457054156865, 6.349999999999916156 ) ) ;
#1599 = AXIS2_PLACEMENT_3D ( 'NONE', #2871, #943, #128 ) ;
#1600 = CARTESIAN_POINT ( 'NONE',  ( -51.72859585403556082, 53.00000000000000711, 65.52157287525376717 ) ) ;
#1601 = CYLINDRICAL_SURFACE ( 'NONE', #2014, 1.999999999999999778 ) ;
#1602 = LINE ( 'NONE', #1551, #852 ) ;
#1603 = CARTESIAN_POINT ( 'NONE',  ( -35.47859585403565319, 46.00000000000000711, 40.59999999999995168 ) ) ;
#1604 = CARTESIAN_POINT ( 'NONE',  ( -35.79910392972453792, 59.00000000000000711, 16.59208095094227886 ) ) ;
#1605 = EDGE_CURVE ( 'NONE', #3592, #362, #899, .T. ) ;
#1606 = ORIENTED_EDGE ( 'NONE', *, *, #1243, .F. ) ;
#1607 = ORIENTED_EDGE ( 'NONE', *, *, #2958, .T. ) ;
#1608 = CARTESIAN_POINT ( 'NONE',  ( -35.79910392972453792, 59.00000000000000711, 16.59208095094228597 ) ) ;
#1609 = CIRCLE ( 'NONE', #324, 3.500000000000000000 ) ;
#1610 = EDGE_CURVE ( 'NONE', #2830, #129, #2802, .T. ) ;
#1611 = CIRCLE ( 'NONE', #1145, 3.500000000000000000 ) ;
#1612 = VERTEX_POINT ( 'NONE', #3576 ) ;
#1613 = VERTEX_POINT ( 'NONE', #2704 ) ;
#1614 = DIRECTION ( 'NONE',  ( -0.000000000000000000, -1.000000000000000000, 0.000000000000000000 ) ) ;
#1615 = CARTESIAN_POINT ( 'NONE',  ( -6.228595854035736679, 60.15814619359861837, 27.84999999999973852 ) ) ;
#1616 = FACE_OUTER_BOUND ( 'NONE', #807, .T. ) ;
#1617 = CARTESIAN_POINT ( 'NONE',  ( -30.25934329577827953, 58.85549040843707758, 19.27140636703900256 ) ) ;
#1618 = EDGE_CURVE ( 'NONE', #969, #1128, #1066, .T. ) ;
#1619 = CARTESIAN_POINT ( 'NONE',  ( -36.88545010352826381, 59.00000000000000711, 25.69314575050781002 ) ) ;
#1620 = CARTESIAN_POINT ( 'NONE',  ( 0.02140414596436303329, 60.29525135799768520, 26.09999999999969944 ) ) ;
#1621 = DIRECTION ( 'NONE',  ( 0.000000000000000000, 1.000000000000000000, 0.000000000000000000 ) ) ;
#1622 = DIRECTION ( 'NONE',  ( -0.7071067811865386910, 0.000000000000000000, 0.7071067811865564545 ) ) ;
#1623 = CARTESIAN_POINT ( 'NONE',  ( -6.278162772014898252, 60.70121674931803568, 25.33331308931895975 ) ) ;
#1624 = EDGE_CURVE ( 'NONE', #2628, #2495, #842, .T. ) ;
#1625 = CARTESIAN_POINT ( 'NONE',  ( -37.86113471566620348, 59.00000000000000711, 20.99863611107139505 ) ) ;
#1626 = ORIENTED_EDGE ( 'NONE', *, *, #1846, .F. ) ;
#1627 = EDGE_LOOP ( 'NONE', ( #304, #2339, #402, #1078 ) ) ;
#1628 = CARTESIAN_POINT ( 'NONE',  ( 0.02140414596406466086, 53.00000000000000711, 0.09999999999969581832 ) ) ;
#1629 = ORIENTED_EDGE ( 'NONE', *, *, #3617, .T. ) ;
#1630 = VERTEX_POINT ( 'NONE', #1593 ) ;
#1631 = CYLINDRICAL_SURFACE ( 'NONE', #2661, 2.000000000000001776 ) ;
#1632 = EDGE_CURVE ( 'NONE', #3363, #3289, #3518, .T. ) ;
#1633 = CARTESIAN_POINT ( 'NONE',  ( -18.01716283602932123, 58.97436972495618335, 36.86946946813142034 ) ) ;
#1634 = DIRECTION ( 'NONE',  ( 0.5000000000000018874, 0.7071067811865461294, 0.5000000000000001110 ) ) ;
#1635 = LINE ( 'NONE', #502, #1085 ) ;
#1636 = CARTESIAN_POINT ( 'NONE',  ( 0.02140414596441854445, 46.00000000000000711, 50.59999999999969589 ) ) ;
#1637 = DIRECTION ( 'NONE',  ( -1.000000000000000000, 0.000000000000000000, 6.982962677686266711E-15 ) ) ;
#1638 = CARTESIAN_POINT ( 'NONE',  ( 2.562408586985831960, 60.35701699568480194, 25.98335235722755954 ) ) ;
#1639 = CARTESIAN_POINT ( 'NONE',  ( -25.41505818384512949, 61.34899723647782110, 11.96498701515161578 ) ) ;
#1640 = FACE_OUTER_BOUND ( 'NONE', #1468, .T. ) ;
#1641 = EDGE_LOOP ( 'NONE', ( #1285, #488, #770, #704 ) ) ;
#1642 = CARTESIAN_POINT ( 'NONE',  ( -37.54328685228203710, 59.00000000000001421, 20.35528111670254603 ) ) ;
#1643 = DIRECTION ( 'NONE',  ( 4.937700262164531476E-15, 0.7071067811865474617, 0.7071067811865474617 ) ) ;
#1644 = VERTEX_POINT ( 'NONE', #1270 ) ;
#1645 = ORIENTED_EDGE ( 'NONE', *, *, #3255, .T. ) ;
#1646 = LINE ( 'NONE', #2461, #3307 ) ;
#1647 = CARTESIAN_POINT ( 'NONE',  ( 8.494973262150631754, 78.80356338936155680, -19.48291019089062814 ) ) ;
#1648 = EDGE_CURVE ( 'NONE', #1245, #273, #643, .T. ) ;
#1649 = DIRECTION ( 'NONE',  ( -0.5000000000000097700, 0.7071067811865456854, -0.4999999999999929501 ) ) ;
#1650 = CARTESIAN_POINT ( 'NONE',  ( -10.39658624615342042, 61.08813180891939254, 24.55962240621902026 ) ) ;
#1651 = LINE ( 'NONE', #3604, #1320 ) ;
#1652 = VECTOR ( 'NONE', #2909, 1000.000000000000114 ) ;
#1653 = DIRECTION ( 'NONE',  ( 0.000000000000000000, -1.000000000000000000, 0.000000000000000000 ) ) ;
#1654 = CARTESIAN_POINT ( 'NONE',  ( -6.893811089323691910, 60.78685092646140475, 25.17158845927298216 ) ) ;
#1655 = AXIS2_PLACEMENT_3D ( 'NONE', #2626, #1517, #766 ) ;
#1656 = CARTESIAN_POINT ( 'NONE',  ( -25.73489303329871447, 61.18436811937792186, 7.840070141993266795 ) ) ;
#1657 = ORIENTED_EDGE ( 'NONE', *, *, #120, .F. ) ;
#1658 = ORIENTED_EDGE ( 'NONE', *, *, #3459, .T. ) ;
#1659 = VECTOR ( 'NONE', #1069, 1000.000000000000114 ) ;
#1660 = DIRECTION ( 'NONE',  ( -0.000000000000000000, -1.000000000000000000, -0.000000000000000000 ) ) ;
#1661 = DIRECTION ( 'NONE',  ( -0.7071067811865427988, 0.000000000000000000, 0.7071067811865522357 ) ) ;
#1662 = ORIENTED_EDGE ( 'NONE', *, *, #872, .T. ) ;
#1663 = ORIENTED_EDGE ( 'NONE', *, *, #2062, .T. ) ;
#1664 = CIRCLE ( 'NONE', #3541, 9.000000000000021316 ) ;
#1665 = CARTESIAN_POINT ( 'NONE',  ( -33.16971790839779288, 52.69794285505347631, 49.79112205436489802 ) ) ;
#1666 = CC_DESIGN_PERSON_AND_ORGANIZATION_ASSIGNMENT ( #2261, #2604, ( #159 ) ) ;
#1667 = CARTESIAN_POINT ( 'NONE',  ( -21.52793868800482713, 58.72101597271731777, 39.10183769827776956 ) ) ;
#1668 = EDGE_CURVE ( 'NONE', #528, #1863, #3419, .T. ) ;
#1669 = VECTOR ( 'NONE', #1042, 1000.000000000000114 ) ;
#1670 = AXIS2_PLACEMENT_3D ( 'NONE', #765, #1024, #1057 ) ;
#1671 = DIRECTION ( 'NONE',  ( 0.7071067811865474617, 0.7071067811865474617, -4.937700262164531476E-15 ) ) ;
#1672 = CARTESIAN_POINT ( 'NONE',  ( -38.49380479722290715, 58.79768375010802828, 20.91004520808666101 ) ) ;
#1673 = DIRECTION ( 'NONE',  ( 6.938893903907222067E-15, 0.000000000000000000, 1.000000000000000000 ) ) ;
#1674 = DIRECTION ( 'NONE',  ( 6.938893903907222067E-15, 0.000000000000000000, 1.000000000000000000 ) ) ;
#1675 = CARTESIAN_POINT ( 'NONE',  ( 3.195090374800558131, 60.39404971841182856, 25.91341412015433932 ) ) ;
#1676 = DIRECTION ( 'NONE',  ( -0.000000000000000000, -1.000000000000000000, -0.000000000000000000 ) ) ;
#1677 = AXIS2_PLACEMENT_3D ( 'NONE', #1692, #1653, #2170 ) ;
#1678 = ADVANCED_FACE ( 'NONE', ( #2687 ), #1886, .F. ) ;
#1679 = ORIENTED_EDGE ( 'NONE', *, *, #1605, .T. ) ;
#1680 = EDGE_LOOP ( 'NONE', ( #2173, #1032, #1921, #1658, #2585, #3000, #687, #2104, #2323, #1864, #403, #1322, #138, #3068 ) ) ;
#1681 = CARTESIAN_POINT ( 'NONE',  ( -37.42531103385854863, 59.00000000000002132, 20.11284231381922893 ) ) ;
#1682 = CARTESIAN_POINT ( 'NONE',  ( 0.02140414596406466086, 45.00000000000000711, 0.09999999999969581832 ) ) ;
#1683 = ORIENTED_EDGE ( 'NONE', *, *, #894, .F. ) ;
#1684 = VERTEX_POINT ( 'NONE', #3501 ) ;
#1685 = CARTESIAN_POINT ( 'NONE',  ( -31.22859585403589477, 62.78035457054156865, 6.349999999999916156 ) ) ;
#1686 = CARTESIAN_POINT ( 'NONE',  ( -19.32697012329404274, 58.91218446524325003, 37.68325213440746779 ) ) ;
#1687 = EDGE_CURVE ( 'NONE', #1587, #2887, #495, .T. ) ;
#1688 = ADVANCED_FACE ( 'NONE', ( #1829 ), #2968, .F. ) ;
#1689 = DIRECTION ( 'NONE',  ( 0.000000000000000000, -1.000000000000000000, 0.000000000000000000 ) ) ;
#1690 = CARTESIAN_POINT ( 'NONE',  ( -20.75680464219400179, 58.00000000000000000, 30.77770372476987859 ) ) ;
#1691 = CARTESIAN_POINT ( 'NONE',  ( -51.06438229166259646, 46.00000000000000711, 34.68578643762694469 ) ) ;
#1692 = CARTESIAN_POINT ( 'NONE',  ( -31.22859585403582727, 53.00000000000000711, 31.35000000000013998 ) ) ;
#1693 = CARTESIAN_POINT ( 'NONE',  ( -41.79910392972447397, 59.39230484541327826, 22.59208095094236768 ) ) ;
#1694 = CARTESIAN_POINT ( 'NONE',  ( -17.46765405804674742, 59.69302987964564977, 27.48855314062255317 ) ) ;
#1695 = ORIENTED_EDGE ( 'NONE', *, *, #2204, .F. ) ;
#1696 = ORIENTED_EDGE ( 'NONE', *, *, #2860, .T. ) ;
#1697 = CARTESIAN_POINT ( 'NONE',  ( -36.54541893690884535, 59.00000000000001421, 18.23732610677066646 ) ) ;
#1698 = LINE ( 'NONE', #1427, #3381 ) ;
#1699 = VERTEX_POINT ( 'NONE', #2127 ) ;
#1700 = ORIENTED_EDGE ( 'NONE', *, *, #708, .T. ) ;
#1701 = DIRECTION ( 'NONE',  ( 1.000000000000000000, 0.000000000000000000, -6.982962677686266711E-15 ) ) ;
#1702 = PLANE ( 'NONE',  #1430 ) ;
#1703 = EDGE_CURVE ( 'NONE', #197, #57, #3598, .T. ) ;
#1704 = CARTESIAN_POINT ( 'NONE',  ( -24.10585632118489841, 58.36012361236728196, 40.95000458695546541 ) ) ;
#1705 = ORIENTED_EDGE ( 'NONE', *, *, #3312, .F. ) ;
#1706 = LINE ( 'NONE', #1197, #1193 ) ;
#1707 = CARTESIAN_POINT ( 'NONE',  ( -50.47859585403570293, 50.91709623134523355, 33.27157287525384533 ) ) ;
#1708 = EDGE_CURVE ( 'NONE', #417, #579, #1955, .T. ) ;
#1709 = CARTESIAN_POINT ( 'NONE',  ( -15.71872479242213139, 60.36319052038761157, 26.08159277291138167 ) ) ;
#1710 = LINE ( 'NONE', #2550, #2255 ) ;
#1711 = ORIENTED_EDGE ( 'NONE', *, *, #938, .T. ) ;
#1712 = ORIENTED_EDGE ( 'NONE', *, *, #1591, .F. ) ;
#1713 = LINE ( 'NONE', #1166, #2137 ) ;
#1714 = AXIS2_PLACEMENT_3D ( 'NONE', #581, #879, #90 ) ;
#1715 = CARTESIAN_POINT ( 'NONE',  ( -29.97859585403593741, 59.00000000000000711, 0.09999999999990398514 ) ) ;
#1716 = CARTESIAN_POINT ( 'NONE',  ( -17.23175300038140279, 59.80539627387354074, 27.25265208295720143 ) ) ;
#1717 = AXIS2_PLACEMENT_3D ( 'NONE', #3271, #2920, #1805 ) ;
#1718 = ORIENTED_EDGE ( 'NONE', *, *, #1364, .F. ) ;
#1720 = EDGE_LOOP ( 'NONE', ( #92, #3145, #2644, #1884 ) ) ;
#1719 = VECTOR ( 'NONE', #839, 1000.000000000000000 ) ;
#1721 = AXIS2_PLACEMENT_3D ( 'NONE', #428, #779, #1896 ) ;
#1722 = DIRECTION ( 'NONE',  ( -6.938893903907228378E-15, 0.000000000000000000, -1.000000000000000000 ) ) ;
#1723 = LINE ( 'NONE', #1775, #2243 ) ;
#1724 = EDGE_CURVE ( 'NONE', #1009, #2905, #1135, .T. ) ;
#1725 = VECTOR ( 'NONE', #3014, 1000.000000000000114 ) ;
#1726 = CARTESIAN_POINT ( 'NONE',  ( -25.35671247134106565, 58.15913572777910190, 42.01988412756575997 ) ) ;
#1727 = ORIENTED_EDGE ( 'NONE', *, *, #602, .F. ) ;
#1728 = VECTOR ( 'NONE', #1867, 1000.000000000000000 ) ;
#1729 = CARTESIAN_POINT ( 'NONE',  ( -7.502700026140859180, 60.88432475819174527, 24.98750402124123227 ) ) ;
#1730 = CIRCLE ( 'NONE', #798, 3.499999999999999556 ) ;
#1731 = DATE_TIME_ROLE ( 'creation_date' ) ;
#1732 = CARTESIAN_POINT ( 'NONE',  ( -22.32980988773944375, 58.62716995464892733, 39.64115441415368224 ) ) ;
#1733 = CARTESIAN_POINT ( 'NONE',  ( -14.53039527405580600, 60.66738902607733053, 25.44294702829030186 ) ) ;
#1734 = CARTESIAN_POINT ( 'NONE',  ( -7.718665996029089982, 61.18436811937795028, 25.85629717926260440 ) ) ;
#1735 = CARTESIAN_POINT ( 'NONE',  ( -41.01582198832619497, 58.32385168668361075, 24.45881789868042233 ) ) ;
#1736 = VERTEX_POINT ( 'NONE', #459 ) ;
#1737 = DIRECTION ( 'NONE',  ( -1.000000000000000000, 0.000000000000000000, 6.982962677686266711E-15 ) ) ;
#1738 = ADVANCED_FACE ( 'NONE', ( #185, #2411, #1362 ), #1967, .F. ) ;
#1739 = CC_DESIGN_SECURITY_CLASSIFICATION ( #159, ( #569 ) ) ;
#1740 = CARTESIAN_POINT ( 'NONE',  ( -9.497770061691229060, 59.00000000000000711, 30.09999999999975984 ) ) ;
#1741 = ORIENTED_EDGE ( 'NONE', *, *, #2601, .F. ) ;
#1742 = ORIENTED_EDGE ( 'NONE', *, *, #1624, .F. ) ;
#1743 = B_SPLINE_CURVE_WITH_KNOTS ( 'NONE', 3,
 ( #3051, #527, #1357, #3388 ),
 .UNSPECIFIED., .F., .F.,
 ( 4, 4 ),
 ( 0.000000000000000000, 1.000000000000000000 ),
 .UNSPECIFIED. ) ;
#1744 = CARTESIAN_POINT ( 'NONE',  ( -24.63856238793647790, 60.99270126122492286, 12.51284827124124455 ) ) ;
#1745 = CARTESIAN_POINT ( 'NONE',  ( -35.47859585403568161, 45.00000000000000711, 35.59999999999995879 ) ) ;
#1746 = ORIENTED_EDGE ( 'NONE', *, *, #3301, .F. ) ;
#1747 = CARTESIAN_POINT ( 'NONE',  ( -59.45106771305484017, 53.00000000000000711, 44.48668542139249382 ) ) ;
#1748 = CARTESIAN_POINT ( 'NONE',  ( -49.66964772939164163, 54.03174768307258091, 33.29105187535594013 ) ) ;
#1749 = CARTESIAN_POINT ( 'NONE',  ( -25.48978116133381633, 60.55408171657223448, 5.158068508275775343 ) ) ;
#1750 = DIRECTION ( 'NONE',  ( -6.938893903907236266E-15, 0.000000000000000000, -1.000000000000000000 ) ) ;
#1751 = CARTESIAN_POINT ( 'NONE',  ( -41.86849533880575081, 58.16455006464481414, 25.44554277081957849 ) ) ;
#1752 = ORIENTED_EDGE ( 'NONE', *, *, #462, .T. ) ;
#1753 = CARTESIAN_POINT ( 'NONE',  ( -26.20829003792304235, 60.24501533623582361, 16.21627310736229433 ) ) ;
#1754 = CARTESIAN_POINT ( 'NONE',  ( 0.02140414596427282767, 59.00000000000000711, 30.09999999999969589 ) ) ;
#1755 = ORIENTED_EDGE ( 'NONE', *, *, #616, .F. ) ;
#1756 = ORIENTED_EDGE ( 'NONE', *, *, #2924, .T. ) ;
#1757 = LINE ( 'NONE', #883, #1850 ) ;
#1758 = CARTESIAN_POINT ( 'NONE',  ( 0.02140414596434915551, 57.66025403784439618, 40.92050807568839588 ) ) ;
#1759 = EDGE_CURVE ( 'NONE', #3311, #293, #2538, .T. ) ;
#1760 = LINE ( 'NONE', #1970, #89 ) ;
#1761 = ORIENTED_EDGE ( 'NONE', *, *, #3445, .T. ) ;
#1762 = CARTESIAN_POINT ( 'NONE',  ( -23.90429132343346907, 59.00000000000000711, 39.68304597993977012 ) ) ;
#1763 = CARTESIAN_POINT ( 'NONE',  ( -50.17941805931145893, 53.52169601438296098, 33.80082220527577874 ) ) ;
#1764 = CARTESIAN_POINT ( 'NONE',  ( -25.79200997419062702, 60.39404971841184278, -3.073686228836408851 ) ) ;
#1765 = DIRECTION ( 'NONE',  ( -0.5000000000000048850, -0.7071067811865472397, -0.4999999999999955036 ) ) ;
#1766 = CARTESIAN_POINT ( 'NONE',  ( -40.65256723748512258, 58.39437674499998820, 24.00778448648727448 ) ) ;
#1767 = VERTEX_POINT ( 'NONE', #2814 ) ;
#1768 = CARTESIAN_POINT ( 'NONE',  ( 0.02140414596406466086, 45.00000000000000711, 0.09999999999969581832 ) ) ;
#1769 = DIRECTION ( 'NONE',  ( 0.000000000000000000, 1.000000000000000000, -0.000000000000000000 ) ) ;
#1770 = VERTEX_POINT ( 'NONE', #2463 ) ;
#1771 = ORIENTED_EDGE ( 'NONE', *, *, #2958, .F. ) ;
#1772 = CARTESIAN_POINT ( 'NONE',  ( -11.84356024745477143, 61.34895084251400021, 25.53655246214238872 ) ) ;
#1773 = ADVANCED_FACE ( 'NONE', ( #3093 ), #1313, .F. ) ;
#1774 = AXIS2_PLACEMENT_3D ( 'NONE', #175, #2346, #134 ) ;
#1775 = CARTESIAN_POINT ( 'NONE',  ( -40.79910392972479372, 57.66025403784439618, -21.89999999999982805 ) ) ;
#1776 = AXIS2_PLACEMENT_3D ( 'NONE', #260, #3619, #514 ) ;
#1777 = EDGE_CURVE ( 'NONE', #2816, #3131, #198, .T. ) ;
#1778 = ADVANCED_FACE ( 'NONE', ( #3076 ), #1702, .F. ) ;
#1779 = VECTOR ( 'NONE', #556, 1000.000000000000000 ) ;
#1780 = CARTESIAN_POINT ( 'NONE',  ( -51.72859585403556082, 45.00000000000000711, 65.52157287525376717 ) ) ;
#1781 = CARTESIAN_POINT ( 'NONE',  ( -24.42235096285287099, 59.00000000000000711, 40.01492707072976884 ) ) ;
#1782 = CARTESIAN_POINT ( 'NONE',  ( -50.43614099894332270, 51.41182748735206332, 34.05754514490888596 ) ) ;
#1783 = CARTESIAN_POINT ( 'NONE',  ( -8.523245087149790677, 61.29446419041630634, 25.64240694571048707 ) ) ;
#1784 = VECTOR ( 'NONE', #984, 1000.000000000000114 ) ;
#1785 = AXIS2_PLACEMENT_3D ( 'NONE', #2846, #67, #1180 ) ;
#1786 = CARTESIAN_POINT ( 'NONE',  ( -44.36528127542791822, 63.00000000000000000, 59.57247185901923103 ) ) ;
#1787 = CARTESIAN_POINT ( 'NONE',  ( -42.11128656882173260, 58.12076188660072518, 25.70852510757533693 ) ) ;
#1788 = VERTEX_POINT ( 'NONE', #296 ) ;
#1789 = CARTESIAN_POINT ( 'NONE',  ( -25.52100279974659713, 61.29446419041626370, 8.644649233113982589 ) ) ;
#1790 = CARTESIAN_POINT ( 'NONE',  ( -29.97859585403579885, 59.00000000000000711, 20.20050506338800389 ) ) ;
#1791 = EDGE_CURVE ( 'NONE', #3552, #739, #44, .T. ) ;
#1792 = ORIENTED_EDGE ( 'NONE', *, *, #2464, .T. ) ;
#1793 = ORIENTED_EDGE ( 'NONE', *, *, #1508, .F. ) ;
#1794 = CARTESIAN_POINT ( 'NONE',  ( -27.00353988041783637, 59.00000000000000711, 42.21073046400906037 ) ) ;
#1795 = EDGE_LOOP ( 'NONE', ( #1118, #2944, #1499, #1226 ) ) ;
#1796 = FACE_OUTER_BOUND ( 'NONE', #858, .T. ) ;
#1797 = EDGE_CURVE ( 'NONE', #366, #3344, #1157, .T. ) ;
#1798 = FACE_OUTER_BOUND ( 'NONE', #2211, .T. ) ;
#1799 = CARTESIAN_POINT ( 'NONE',  ( -23.03198157352448661, 59.00000000000001421, 39.14885081095580688 ) ) ;
#1800 = CARTESIAN_POINT ( 'NONE',  ( -51.06438229166259646, 50.91709623134523355, 34.68578643762694469 ) ) ;
#1801 = CARTESIAN_POINT ( 'NONE',  ( -42.08932631804492530, 59.00000000000000711, 27.12494402638217394 ) ) ;
#1802 = DIRECTION ( 'NONE',  ( -0.5000000000000028866, -0.7071067811865501263, -0.4999999999999933942 ) ) ;
#1803 = ORIENTED_EDGE ( 'NONE', *, *, #3577, .T. ) ;
#1804 = LINE ( 'NONE', #1260, #36 ) ;
#1805 = DIRECTION ( 'NONE',  ( 6.982939617164456728E-15, 0.000000000000000000, 1.000000000000000000 ) ) ;
#1806 = ORIENTED_EDGE ( 'NONE', *, *, #574, .T. ) ;
#1807 = ORIENTED_EDGE ( 'NONE', *, *, #2145, .T. ) ;
#1808 = CARTESIAN_POINT ( 'NONE',  ( -6.228595854035736679, 56.00000000000000000, 27.84999999999973497 ) ) ;
#1809 = EDGE_LOOP ( 'NONE', ( #1102, #1695, #1182, #299 ) ) ;
#1810 = CARTESIAN_POINT ( 'NONE',  ( -6.228595854035711810, 56.00000000000000000, 31.34999999999973852 ) ) ;
#1811 = EDGE_CURVE ( 'NONE', #2721, #869, #1984, .T. ) ;
#1812 = EDGE_LOOP ( 'NONE', ( #1241, #2901, #3389, #568 ) ) ;
#1813 = DIRECTION ( 'NONE',  ( 4.937700262164512543E-15, -0.7071067811865501263, 0.7071067811865450192 ) ) ;
#1814 = CARTESIAN_POINT ( 'NONE',  ( -19.33517977224627415, 59.00000000000001421, 37.23321816189709210 ) ) ;
#1815 = CARTESIAN_POINT ( 'NONE',  ( -60.15817449424140051, 53.00000000000000711, 43.77957864020596190 ) ) ;
#1816 = LINE ( 'NONE', #1297, #3128 ) ;
#1817 = DIRECTION ( 'NONE',  ( -4.937700262164523587E-15, 0.7071067811865487940, -0.7071067811865463515 ) ) ;
#1818 = ORIENTED_EDGE ( 'NONE', *, *, #694, .F. ) ;
#1819 = DIRECTION ( 'NONE',  ( -0.000000000000000000, -1.000000000000000000, 0.000000000000000000 ) ) ;
#1820 = ADVANCED_FACE ( 'NONE', ( #884 ), #3134, .T. ) ;
#1821 = EDGE_CURVE ( 'NONE', #2376, #3537, #2615, .T. ) ;
#1822 = DIRECTION ( 'NONE',  ( -0.7071067811865425767, 0.000000000000000000, 0.7071067811865525687 ) ) ;
#1823 = ORIENTED_EDGE ( 'NONE', *, *, #2442, .F. ) ;
#1824 = VERTEX_POINT ( 'NONE', #369 ) ;
#1825 = CARTESIAN_POINT ( 'NONE',  ( -40.47859585403564608, 53.00000000000000711, 40.59999999999998721 ) ) ;
#1826 = ORIENTED_EDGE ( 'NONE', *, *, #220, .F. ) ;
#1827 = AXIS2_PLACEMENT_3D ( 'NONE', #868, #886, #2026 ) ;
#1828 = VECTOR ( 'NONE', #2392, 999.9999999999998863 ) ;
#1829 = FACE_OUTER_BOUND ( 'NONE', #2686, .T. ) ;
#1830 = CARTESIAN_POINT ( 'NONE',  ( -41.13153656107786560, 59.00000000000000711, 26.11813799084499621 ) ) ;
#1831 = AXIS2_PLACEMENT_3D ( 'NONE', #2168, #211, #710 ) ;
#1832 = CIRCLE ( 'NONE', #669, 10.00000000000000355 ) ;
#1833 = EDGE_CURVE ( 'NONE', #1503, #1883, #1723, .T. ) ;
#1834 = DIRECTION ( 'NONE',  ( -6.938893903907228378E-15, 0.000000000000000000, -1.000000000000000000 ) ) ;
#1835 = AXIS2_PLACEMENT_3D ( 'NONE', #3597, #586, #1945 ) ;
#1836 = AXIS2_PLACEMENT_3D ( 'NONE', #1367, #2523, #1350 ) ;
#1837 = CARTESIAN_POINT ( 'NONE',  ( -18.39060718725813359, 59.00000000000000711, 36.79302942835601442 ) ) ;
#1838 = CARTESIAN_POINT ( 'NONE',  ( -59.27148907284895785, 45.00000000000000711, 59.39289321881355477 ) ) ;
#1839 = CARTESIAN_POINT ( 'NONE',  ( -31.22859585403590899, 53.00000000000000711, 4.249999999999920064 ) ) ;
#1840 = CARTESIAN_POINT ( 'NONE',  ( 0.02140414596440466666, 45.00000000000000711, 49.59999999999969589 ) ) ;
#1841 = CARTESIAN_POINT ( 'NONE',  ( -16.43297775514749048, 58.99995065201859745, 35.88909220082972951 ) ) ;
#1842 = CARTESIAN_POINT ( 'NONE',  ( -26.34465466022119884, 60.18006036938110981, 16.39144601003129509 ) ) ;
#1843 = CONICAL_SURFACE ( 'NONE', #1905, 9.000000000000021316, 0.7853981633974466137 ) ;
#1844 = LINE ( 'NONE', #1261, #2356 ) ;
#1845 = AXIS2_PLACEMENT_3D ( 'NONE', #1786, #1991, #2032 ) ;
#1846 = EDGE_CURVE ( 'NONE', #2767, #812, #2595, .T. ) ;
#1847 = ORIENTED_EDGE ( 'NONE', *, *, #462, .F. ) ;
#1848 = VERTEX_POINT ( 'NONE', #3463 ) ;
#1849 = EDGE_CURVE ( 'NONE', #3537, #1452, #1470, .T. ) ;
#1850 = VECTOR ( 'NONE', #43, 1000.000000000000000 ) ;
#1851 = DIRECTION ( 'NONE',  ( 0.000000000000000000, 1.000000000000000000, 0.000000000000000000 ) ) ;
#1852 = ORIENTED_EDGE ( 'NONE', *, *, #694, .T. ) ;
#1853 = DIRECTION ( 'NONE',  ( -0.7071067811865561215, 0.000000000000000000, -0.7071067811865388020 ) ) ;
#1854 = CARTESIAN_POINT ( 'NONE',  ( -25.82331156840198716, 53.00000000000000711, 7.913492794109097339 ) ) ;
#1855 = CARTESIAN_POINT ( 'NONE',  ( -19.45835304399580323, 59.00000000000000711, 37.29149664781519391 ) ) ;
#1856 = LINE ( 'NONE', #1815, #431 ) ;
#1857 = DIRECTION ( 'NONE',  ( -0.000000000000000000, -1.000000000000000000, 0.000000000000000000 ) ) ;
#1858 = CARTESIAN_POINT ( 'NONE',  ( -40.98556207511715854, 53.74179900227447604, 57.60696622108152098 ) ) ;
#1859 = CARTESIAN_POINT ( 'NONE',  ( -31.22859585403586991, 62.78035457054156865, 9.849999999999916156 ) ) ;
#1860 = CARTESIAN_POINT ( 'NONE',  ( 8.091825505759038251, 63.00000000000000000, 112.0295786402054290 ) ) ;
#1861 = PLANE ( 'NONE',  #785 ) ;
#1862 = ADVANCED_FACE ( 'NONE', ( #2074 ), #1365, .F. ) ;
#1863 = VERTEX_POINT ( 'NONE', #650 ) ;
#1864 = ORIENTED_EDGE ( 'NONE', *, *, #1708, .T. ) ;
#1865 = CARTESIAN_POINT ( 'NONE',  ( -33.15016872928939762, 51.64914703891412273, 50.59999999999992326 ) ) ;
#1866 = VERTEX_POINT ( 'NONE', #1758 ) ;
#1867 = DIRECTION ( 'NONE',  ( -6.982962677686266711E-15, 0.000000000000000000, -1.000000000000000000 ) ) ;
#1868 = CARTESIAN_POINT ( 'NONE',  ( -12.98565319688718134, 60.92638442008010458, 24.89920179070033868 ) ) ;
#1869 = LINE ( 'NONE', #3205, #2945 ) ;
#1870 = CARTESIAN_POINT ( 'NONE',  ( -22.65034952735103602, 59.00000000000001421, 38.92778797516884737 ) ) ;
#1871 = ADVANCED_FACE ( 'NONE', ( #1520 ), #3178, .T. ) ;
#1872 = CARTESIAN_POINT ( 'NONE',  ( -46.28320515127980883, 49.00000000000000711, 31.31882285961714274 ) ) ;
#1873 = DIRECTION ( 'NONE',  ( -6.982962677686266711E-15, -0.000000000000000000, -1.000000000000000000 ) ) ;
#1874 = CARTESIAN_POINT ( 'NONE',  ( -27.36714899465848205, 59.69302987964903906, 17.58905820401097841 ) ) ;
#1875 = DIRECTION ( 'NONE',  ( 6.938893903907222067E-15, 0.000000000000000000, 1.000000000000000000 ) ) ;
#1876 = CARTESIAN_POINT ( 'NONE',  ( -25.96411356576750507, 60.36131534409953758, 15.83213230489851853 ) ) ;
#1877 = CARTESIAN_POINT ( 'NONE',  ( 0.02140414596436303329, 60.29525135799768520, 26.09999999999969944 ) ) ;
#1878 = ADVANCED_FACE ( 'NONE', ( #3109 ), #1455, .F. ) ;
#1879 = ORIENTED_EDGE ( 'NONE', *, *, #477, .T. ) ;
#1880 = ORIENTED_EDGE ( 'NONE', *, *, #213, .T. ) ;
#1881 = B_SPLINE_CURVE_WITH_KNOTS ( 'NONE', 3,
 ( #2299, #3438, #658, #2917, #3158, #346, #2049, #677, #895, #640, #3174, #1787, #1236, #2033, #1751, #1514, #622, #2349, #2863, #2065, #361, #695, #86, #2551, #2623, #1735, #2568, #1477, #2584, #1204, #1766, #2318, #949 ),
 .UNSPECIFIED., .F., .F.,
 ( 4, 2, 2, 1, 1, 1, 1, 2, 2, 2, 1, 1, 1, 2, 2, 2, 1, 1, 2, 2, 4 ),
 ( 0.000000000000000000, 0.1250000000000457412, 0.1875000000000701106, 0.2187500000000836831, 0.2343750000000904554, 0.2421875000000956457, 0.2460937500000996425, 0.2480468750000999201, 0.2500000000001002531, 0.3750000000001040279, 0.4375000000001059153, 0.4687500000001086908, 0.4843750000001105782, 0.4921875000001111333, 0.5000000000001116884, 0.6250000000000834888, 0.6875000000000672795, 0.7187500000000577316, 0.7343750000000561773, 0.7500000000000547340, 1.000000000000000000 ),
 .UNSPECIFIED. ) ;
#1882 = CARTESIAN_POINT ( 'NONE',  ( -32.84488837480609646, 53.28331757665564083, 29.73719383665925875 ) ) ;
#1883 = VERTEX_POINT ( 'NONE', #2892 ) ;
#1884 = ORIENTED_EDGE ( 'NONE', *, *, #1777, .F. ) ;
#1885 = CARTESIAN_POINT ( 'NONE',  ( 0.02140414596406466086, 59.00000000000000711, 0.09999999999969581832 ) ) ;
#1886 = PLANE ( 'NONE',  #142 ) ;
#1887 = ADVANCED_FACE ( 'NONE', ( #2057 ), #390, .T. ) ;
#1888 = CARTESIAN_POINT ( 'NONE',  ( -6.228595854035726909, 45.00000000000000711, 29.24999999999973710 ) ) ;
#1889 = EDGE_CURVE ( 'NONE', #1684, #181, #1504, .T. ) ;
#1890 = VECTOR ( 'NONE', #661, 1000.000000000000114 ) ;
#1891 = CARTESIAN_POINT ( 'NONE',  ( -17.42629857065707810, 59.00000000000002132, 36.35259737277527847 ) ) ;
#1892 = AXIS2_PLACEMENT_3D ( 'NONE', #1043, #2403, #1822 ) ;
#1893 = DIRECTION ( 'NONE',  ( 0.000000000000000000, 1.000000000000000000, 0.000000000000000000 ) ) ;
#1894 = VECTOR ( 'NONE', #716, 1000.000000000000000 ) ;
#1895 = DIRECTION ( 'NONE',  ( -0.3110177634953945058, -0.6546536707079828599, -0.6889822365046045505 ) ) ;
#1896 = DIRECTION ( 'NONE',  ( -0.7071067811865524577, 0.000000000000000000, -0.7071067811865426878 ) ) ;
#1897 = DIRECTION ( 'NONE',  ( 0.000000000000000000, 0.000000000000000000, 1.000000000000000000 ) ) ;
#1898 = CARTESIAN_POINT ( 'NONE',  ( -38.47859585403587346, 59.00000000000000711, 0.09999999999996643518 ) ) ;
#1899 = ADVANCED_FACE ( 'NONE', ( #1244 ), #2834, .F. ) ;
#1900 = FACE_OUTER_BOUND ( 'NONE', #900, .T. ) ;
#1901 =( BOUNDED_CURVE ( )  B_SPLINE_CURVE ( 3, ( #1999, #2040, #607, #865 ),
 .UNSPECIFIED., .F., .T. ) 
 B_SPLINE_CURVE_WITH_KNOTS ( ( 4, 4 ),
 ( 4.712388980384689674, 5.235987755982986158 ),
 .UNSPECIFIED. ) 
 CURVE ( )  GEOMETRIC_REPRESENTATION_ITEM ( )  RATIONAL_B_SPLINE_CURVE ( ( 1.000000000000000000, 0.9772838841927123932, 0.9772838841927123932, 1.000000000000000000 ) ) 
 REPRESENTATION_ITEM ( '' )  );
#1902 = VERTEX_POINT ( 'NONE', #2290 ) ;
#1903 = ORIENTED_EDGE ( 'NONE', *, *, #60, .T. ) ;
#1904 = EDGE_CURVE ( 'NONE', #1736, #604, #1011, .T. ) ;
#1905 = AXIS2_PLACEMENT_3D ( 'NONE', #1318, #3270, #95 ) ;
#1906 = ADVANCED_FACE ( 'NONE', ( #1557 ), #2942, .T. ) ;
#1907 = CARTESIAN_POINT ( 'NONE',  ( -36.42242844497990717, 58.99999999999999289, 17.96848908833375091 ) ) ;
#1908 = DIRECTION ( 'NONE',  ( -7.021499783715644758E-15, 0.000000000000000000, -1.000000000000000000 ) ) ;
#1909 = AXIS2_PLACEMENT_3D ( 'NONE', #1038, #1893, #1947 ) ;
#1910 = EDGE_LOOP ( 'NONE', ( #2739, #146, #1626, #3439 ) ) ;
#1911 = ORIENTED_EDGE ( 'NONE', *, *, #2727, .T. ) ;
#1912 = LINE ( 'NONE', #1885, #1728 ) ;
#1913 = CARTESIAN_POINT ( 'NONE',  ( -21.28835876584347986, 58.74751287846478220, 38.94246969765237765 ) ) ;
#1914 = ADVANCED_FACE ( 'NONE', ( #2143 ), #183, .F. ) ;
#1915 = DIRECTION ( 'NONE',  ( 6.938893903907229167E-15, 0.000000000000000000, 1.000000000000000000 ) ) ;
#1916 = CARTESIAN_POINT ( 'NONE',  ( -38.03234524402419936, 58.85966459051935828, 20.19242021187552538 ) ) ;
#1917 = CARTESIAN_POINT ( 'NONE',  ( -33.15016872928938341, 59.00000000000000711, 52.59999999999992326 ) ) ;
#1918 = DIRECTION ( 'NONE',  ( -0.000000000000000000, -1.000000000000000000, 0.000000000000000000 ) ) ;
#1919 = CARTESIAN_POINT ( 'NONE',  ( -6.458980587424797193, 61.00126011050422647, 26.21203207891781162 ) ) ;
#1920 = CARTESIAN_POINT ( 'NONE',  ( -26.13254032324420351, 60.97968647704670531, 14.35837414838882076 ) ) ;
#1921 = ORIENTED_EDGE ( 'NONE', *, *, #3572, .T. ) ;
#1922 = VERTEX_POINT ( 'NONE', #471 ) ;
#1923 = EDGE_CURVE ( 'NONE', #2456, #3311, #199, .T. ) ;
#1924 = CARTESIAN_POINT ( 'NONE',  ( -37.07185471503108687, 59.00000000000001421, 19.37187512888657537 ) ) ;
#1925 = CARTESIAN_POINT ( 'NONE',  ( -24.66850199224236562, 58.93988646284221034, 41.28990613820667477 ) ) ;
#1926 = ORIENTED_EDGE ( 'NONE', *, *, #3413, .T. ) ;
#1927 = ORIENTED_EDGE ( 'NONE', *, *, #602, .T. ) ;
#1928 = CARTESIAN_POINT ( 'NONE',  ( -33.87003113277698674, 58.25820099772553107, 49.07722171636822850 ) ) ;
#1929 = CARTESIAN_POINT ( 'NONE',  ( -21.74584211782967813, 58.69591492771840535, 39.24791729809526686 ) ) ;
#1930 = EDGE_CURVE ( 'NONE', #1127, #771, #1408, .T. ) ;
#1931 = LINE ( 'NONE', #2166, #3176 ) ;
#1932 = CARTESIAN_POINT ( 'NONE',  ( -7.973625660932171400, 60.95214420999388238, 24.84513162702842237 ) ) ;
#1933 = FACE_OUTER_BOUND ( 'NONE', #1423, .T. ) ;
#1934 = PERSON_AND_ORGANIZATION ( #3342, #2840 ) ;
#1935 = CARTESIAN_POINT ( 'NONE',  ( 6.936619381252334904, 60.78685092646134791, 25.17158845927284361 ) ) ;
#1936 = CARTESIAN_POINT ( 'NONE',  ( -25.36132825841738025, 61.37665372919625639, 9.466948647888314028 ) ) ;
#1937 = ORIENTED_EDGE ( 'NONE', *, *, #1400, .F. ) ;
#1938 = ORIENTED_EDGE ( 'NONE', *, *, #636, .T. ) ;
#1939 = EDGE_CURVE ( 'NONE', #1205, #3053, #3216, .T. ) ;
#1940 = CARTESIAN_POINT ( 'NONE',  ( -36.65366727807808900, 59.00000000000000000, 18.47300770546155846 ) ) ;
#1941 = DIRECTION ( 'NONE',  ( 0.6546536707079778639, 0.3779644730092231453, -0.6546536707079789741 ) ) ;
#1942 = EDGE_LOOP ( 'NONE', ( #827, #1338, #2092, #429 ) ) ;
#1943 = VERTEX_POINT ( 'NONE', #2407 ) ;
#1944 = CARTESIAN_POINT ( 'NONE',  ( -10.39658624618120442, 53.00000000000000711, 34.55962095248796118 ) ) ;
#1945 = DIRECTION ( 'NONE',  ( 1.387778780781444413E-14, 0.000000000000000000, 1.000000000000000000 ) ) ;
#1946 = EDGE_CURVE ( 'NONE', #941, #1824, #1191, .T. ) ;
#1947 = DIRECTION ( 'NONE',  ( -6.982962677686266711E-15, 0.000000000000000000, -1.000000000000000000 ) ) ;
#1948 = LINE ( 'NONE', #2236, #1490 ) ;
#1949 = FACE_OUTER_BOUND ( 'NONE', #1980, .T. ) ;
#1950 = DIRECTION ( 'NONE',  ( 0.000000000000000000, 1.000000000000000000, -0.000000000000000000 ) ) ;
#1951 = AXIS2_PLACEMENT_3D ( 'NONE', #3033, #1676, #2748 ) ;
#1952 = CARTESIAN_POINT ( 'NONE',  ( 6.501788879353454398, 61.00126011050416963, 26.21203207891767306 ) ) ;
#1953 = CONICAL_SURFACE ( 'NONE', #484, 9.000000000000019540, 0.7853981633974466137 ) ;
#1954 = CARTESIAN_POINT ( 'NONE',  ( -39.18618388753947812, 59.00000000000000711, 23.43951272101999805 ) ) ;
#1955 = CIRCLE ( 'NONE', #610, 7.999999999999972466 ) ;
#1956 = ORIENTED_EDGE ( 'NONE', *, *, #3560, .F. ) ;
#1957 = ORIENTED_EDGE ( 'NONE', *, *, #272, .F. ) ;
#1958 = VECTOR ( 'NONE', #1458, 1000.000000000000000 ) ;
#1959 = CARTESIAN_POINT ( 'NONE',  ( -49.47859585403593030, 52.64914703891411563, 0.1000000000000358241 ) ) ;
#1960 = EDGE_CURVE ( 'NONE', #681, #1644, #958, .T. ) ;
#1961 = CARTESIAN_POINT ( 'NONE',  ( -25.97859585403594096, 60.29525135799768520, 0.09999999999990398514 ) ) ;
#1962 = ADVANCED_FACE ( 'NONE', ( #1029 ), #2091, .T. ) ;
#1963 = ORIENTED_EDGE ( 'NONE', *, *, #2055, .F. ) ;
#1964 = ORIENTED_EDGE ( 'NONE', *, *, #3182, .F. ) ;
#1965 = VECTOR ( 'NONE', #136, 1000.000000000000000 ) ;
#1966 = CARTESIAN_POINT ( 'NONE',  ( -24.86609987527733878, 60.88432475819171685, 7.624104172105057309 ) ) ;
#1967 = PLANE ( 'NONE',  #3476 ) ;
#1968 = CIRCLE ( 'NONE', #620, 1.000000000000000888 ) ;
#1969 = AXIS2_PLACEMENT_3D ( 'NONE', #83, #3173, #874 ) ;
#1970 = CARTESIAN_POINT ( 'NONE',  ( -31.22859585403591964, 62.78035457054156865, 2.849999999999916600 ) ) ;
#1971 = CARTESIAN_POINT ( 'NONE',  ( -31.22859585403589477, 59.00000000000000711, 6.349999999999916156 ) ) ;
#1972 = CARTESIAN_POINT ( 'NONE',  ( -40.79910392972448818, 57.66025403784439618, 22.59208095094236057 ) ) ;
#1973 = CARTESIAN_POINT ( 'NONE',  ( -23.90429132343346907, 59.00000000000000711, 39.68304597993976301 ) ) ;
#1974 = CARTESIAN_POINT ( 'NONE',  ( -24.86609987527733168, 60.88432475819173106, 7.624104172105050203 ) ) ;
#1975 = ORIENTED_EDGE ( 'NONE', *, *, #3085, .T. ) ;
#1976 = ORIENTED_EDGE ( 'NONE', *, *, #590, .F. ) ;
#1977 = CARTESIAN_POINT ( 'NONE',  ( -38.43598235252333950, 59.00000000000001421, 22.10020530590911747 ) ) ;
#1978 = ADVANCED_FACE ( 'NONE', ( #2700 ), #3237, .F. ) ;
#1979 = DIRECTION ( 'NONE',  ( 0.000000000000000000, 1.000000000000000000, 0.000000000000000000 ) ) ;
#1980 = EDGE_LOOP ( 'NONE', ( #1010, #1607, #808, #3487 ) ) ;
#1981 = ORIENTED_EDGE ( 'NONE', *, *, #2503, .T. ) ;
#1982 = CARTESIAN_POINT ( 'NONE',  ( -36.17834332234169636, 53.99999999999998579, 26.40025253169435970 ) ) ;
#1983 = CARTESIAN_POINT ( 'NONE',  ( -17.54923040667889111, 58.98774073559206244, 36.58149845984743109 ) ) ;
#1984 = B_SPLINE_CURVE_WITH_KNOTS ( 'NONE', 3,
 ( #1120, #1105, #1137, #1983, #1398, #2518, #1633, #571, #3334, #1088, #2741, #2234, #3373, #3351, #1686, #2200, #23, #3319, #2271, #815, #3392, #2486, #830, #550, #241, #1913, #1667, #866, #2777, #2502, #1929, #3041, #7, #531, #2757 ),
 .UNSPECIFIED., .F., .F.,
 ( 4, 2, 2, 1, 1, 1, 2, 2, 2, 1, 1, 1, 1, 2, 2, 2, 1, 1, 1, 1, 2, 2, 4 ),
 ( 0.000000000000000000, 0.1250000000000196787, 0.1875000000000295319, 0.2187500000000338618, 0.2343750000000360267, 0.2421875000000364431, 0.2460937500000360267, 0.2500000000000355826, 0.3750000000000288103, 0.4375000000000243139, 0.4687500000000220934, 0.4843750000000210942, 0.4921875000000206501, 0.4960937500000197620, 0.5000000000000188738, 0.6249999999999920064, 0.6874999999999792388, 0.7187499999999733546, 0.7343749999999708011, 0.7421874999999708011, 0.7460937499999715783, 0.7499999999999722444, 1.000000000000000000 ),
 .UNSPECIFIED. ) ;
#1985 = CARTESIAN_POINT ( 'NONE',  ( -25.57005410197490036, 58.12361734941760005, 42.21678409515646280 ) ) ;
#1986 = EDGE_LOOP ( 'NONE', ( #1981, #456 ) ) ;
#1987 = CARTESIAN_POINT ( 'NONE',  ( -7.502700026140859180, 45.00000000000000711, 24.98750402124123227 ) ) ;
#1988 = EDGE_CURVE ( 'NONE', #382, #1630, #3620, .T. ) ;
#1989 = CARTESIAN_POINT ( 'NONE',  ( 21.25968806753413531, 49.00000000000000711, 98.86171607843014897 ) ) ;
#1990 = CARTESIAN_POINT ( 'NONE',  ( -12.39487502277805575, 60.99697389282496829, 24.75100420574869631 ) ) ;
#1991 = DIRECTION ( 'NONE',  ( 0.7071067811865558994, -0.000000000000000000, 0.7071067811865391350 ) ) ;
#1992 = DIRECTION ( 'NONE',  ( 0.7071067811865386910, 0.000000000000000000, -0.7071067811865564545 ) ) ;
#1993 = ORIENTED_EDGE ( 'NONE', *, *, #2316, .T. ) ;
#1994 = CARTESIAN_POINT ( 'NONE',  ( -25.34982640646959950, 61.38257409633077799, 11.12987199208129674 ) ) ;
#1995 = DIRECTION ( 'NONE',  ( -0.000000000000000000, -1.000000000000000000, 0.000000000000000000 ) ) ;
#1996 = DIRECTION ( 'NONE',  ( 0.6546536707079768647, 0.3779644730092240335, -0.6546536707079793072 ) ) ;
#1997 = EDGE_LOOP ( 'NONE', ( #540, #613, #3362, #351 ) ) ;
#1998 = ORIENTED_EDGE ( 'NONE', *, *, #2225, .T. ) ;
#1999 = CARTESIAN_POINT ( 'NONE',  ( -16.47067680497805142, 59.00000000000000711, 35.92050807568852377 ) ) ;
#2000 = CARTESIAN_POINT ( 'NONE',  ( -39.43900795023271399, 58.93387828288932440, 22.64896437380101801 ) ) ;
#2001 = CARTESIAN_POINT ( 'NONE',  ( -25.26371958287811736, 58.17448131018510793, 41.93564721382335136 ) ) ;
#2002 = EDGE_CURVE ( 'NONE', #681, #2214, #701, .T. ) ;
#2003 = ORIENTED_EDGE ( 'NONE', *, *, #2145, .F. ) ;
#2004 = DIRECTION ( 'NONE',  ( -6.938893903907229167E-15, 0.000000000000000000, -1.000000000000000000 ) ) ;
#2005 = CARTESIAN_POINT ( 'NONE',  ( -19.44685149843779115, 58.90817628610586354, 37.75629844733551721 ) ) ;
#2006 = CARTESIAN_POINT ( 'NONE',  ( -25.95524118902438460, 60.30761779544235424, -1.172214588003686941 ) ) ;
#2007 = DIRECTION ( 'NONE',  ( -0.000000000000000000, -1.000000000000000000, -0.000000000000000000 ) ) ;
#2008 = VECTOR ( 'NONE', #2267, 1000.000000000000000 ) ;
#2009 = DIRECTION ( 'NONE',  ( -0.000000000000000000, -1.000000000000000000, -0.000000000000000000 ) ) ;
#2010 = ORIENTED_EDGE ( 'NONE', *, *, #371, .F. ) ;
#2011 = FACE_OUTER_BOUND ( 'NONE', #623, .T. ) ;
#2012 = VECTOR ( 'NONE', #2352, 1000.000000000000114 ) ;
#2013 = LINE ( 'NONE', #2588, #1425 ) ;
#2014 = AXIS2_PLACEMENT_3D ( 'NONE', #2934, #1583, #2693 ) ;
#2015 = AXIS2_PLACEMENT_3D ( 'NONE', #965, #2080, #1565 ) ;
#2016 = EDGE_CURVE ( 'NONE', #3427, #2495, #2982, .T. ) ;
#2017 = VERTEX_POINT ( 'NONE', #2965 ) ;
#2019 = ORIENTED_EDGE ( 'NONE', *, *, #2646, .F. ) ;
#2018 = AXIS2_PLACEMENT_3D ( 'NONE', #795, #3558, #2947 ) ;
#2020 = VECTOR ( 'NONE', #722, 1000.000000000000000 ) ;
#2021 = CARTESIAN_POINT ( 'NONE',  ( -24.80072473472779393, 60.91546637253396312, 7.840345738688917265 ) ) ;
#2022 = CARTESIAN_POINT ( 'NONE',  ( -36.64561605461959459, 59.00270875324680020, 17.60789550082829535 ) ) ;
#2023 =( BOUNDED_CURVE ( )  B_SPLINE_CURVE ( 3, ( #831, #1067, #2184, #517 ),
 .UNSPECIFIED., .F., .T. ) 
 B_SPLINE_CURVE_WITH_KNOTS ( ( 4, 4 ),
 ( 3.141592653589783346, 4.347181759094317144 ),
 .UNSPECIFIED. ) 
 CURVE ( )  GEOMETRIC_REPRESENTATION_ITEM ( )  RATIONAL_B_SPLINE_CURVE ( ( 1.000000000000000000, 0.8825029806986084413, 0.8825029806986084413, 1.000000000000000000 ) ) 
 REPRESENTATION_ITEM ( '' )  );
#2024 = CIRCLE ( 'NONE', #440, 3.499999999999999556 ) ;
#2025 = CIRCLE ( 'NONE', #266, 3.500000000000003109 ) ;
#2026 = DIRECTION ( 'NONE',  ( 6.982939617164450418E-15, 0.000000000000000000, 1.000000000000000000 ) ) ;
#2027 = AXIS2_PLACEMENT_3D ( 'NONE', #58, #2270, #1722 ) ;
#2028 = LINE ( 'NONE', #1747, #2247 ) ;
#2029 = CALENDAR_DATE ( 2026, 5, 6 ) ;
#2030 = CARTESIAN_POINT ( 'NONE',  ( -20.87790646757166257, 59.00000000000000711, 37.97974221679248785 ) ) ;
#2031 = CARTESIAN_POINT ( 'NONE',  ( -7.933038647767167717, 60.94629955915604569, 24.85739180119647784 ) ) ;
#2032 = DIRECTION ( 'NONE',  ( 0.7071067811865389130, 0.000000000000000000, -0.7071067811865562325 ) ) ;
#2033 = CARTESIAN_POINT ( 'NONE',  ( -41.98467409947422624, 58.14348504167399057, 25.57274698161237936 ) ) ;
#2034 = VERTEX_POINT ( 'NONE', #2430 ) ;
#2035 = CARTESIAN_POINT ( 'NONE',  ( -25.51604281013468523, 61.29701725401150725, 12.36715016333261019 ) ) ;
#2036 = CARTESIAN_POINT ( 'NONE',  ( 0.02140414596440466666, 50.91709623134523355, 48.59999999999968878 ) ) ;
#2037 = ORIENTED_EDGE ( 'NONE', *, *, #2434, .T. ) ;
#2038 = VERTEX_POINT ( 'NONE', #1808 ) ;
#2039 = EDGE_CURVE ( 'NONE', #1902, #3311, #1048, .T. ) ;
#2040 = CARTESIAN_POINT ( 'NONE',  ( -18.58935735861323479, 59.00000000000001421, 37.68607520371785569 ) ) ;
#2041 = CARTESIAN_POINT ( 'NONE',  ( -39.57111972028546631, 58.32122759709343995, 22.22803014350346729 ) ) ;
#2042 = DIRECTION ( 'NONE',  ( -6.938893903907211812E-15, 0.000000000000000000, -1.000000000000000000 ) ) ;
#2043 = DIRECTION ( 'NONE',  ( 6.982939617164445684E-15, 0.000000000000000000, 1.000000000000000000 ) ) ;
#2044 = APPROVAL_STATUS ( 'not_yet_approved' ) ;
#2045 = CARTESIAN_POINT ( 'NONE',  ( -17.66581510644307684, 58.98847846524474647, 36.65217545282658307 ) ) ;
#2046 = CARTESIAN_POINT ( 'NONE',  ( -25.48978116133387317, 60.55408171657224869, -4.958068508276086028 ) ) ;
#2047 = B_SPLINE_CURVE_WITH_KNOTS ( 'NONE', 3,
 ( #1650, #1122, #2438, #2780, #518, #3563, #1932, #1333 ),
 .UNSPECIFIED., .F., .F.,
 ( 4, 2, 2, 4 ),
 ( 0.7279052734400868196, 0.7959289550800652258, 0.8639526367200435208, 1.000000000000000000 ),
 .UNSPECIFIED. ) ;
#2048 = CARTESIAN_POINT ( 'NONE',  ( -7.502700026140859180, 60.88432475819174527, 24.98750402124123227 ) ) ;
#2049 = CARTESIAN_POINT ( 'NONE',  ( -42.17857037431423350, 58.10869902511395679, 25.78044901259696431 ) ) ;
#2050 = ORIENTED_EDGE ( 'NONE', *, *, #2561, .T. ) ;
#2051 = DIRECTION ( 'NONE',  ( -0.000000000000000000, -1.000000000000000000, 0.000000000000000000 ) ) ;
#2052 = FACE_OUTER_BOUND ( 'NONE', #2886, .T. ) ;
#2053 = ORIENTED_EDGE ( 'NONE', *, *, #1988, .F. ) ;
#2054 = ORIENTED_EDGE ( 'NONE', *, *, #3243, .T. ) ;
#2055 = EDGE_CURVE ( 'NONE', #2342, #508, #2888, .T. ) ;
#2056 = CARTESIAN_POINT ( 'NONE',  ( -11.00642241519664921, 61.39703985245073170, 25.44312706131152524 ) ) ;
#2057 = FACE_OUTER_BOUND ( 'NONE', #702, .T. ) ;
#2058 = CARTESIAN_POINT ( 'NONE',  ( -26.41609585403588412, 60.83373147319775853, 8.257018287798931766 ) ) ;
#2059 = CARTESIAN_POINT ( 'NONE',  ( -26.29643309923128314, 58.00000000000000000, 42.91783724519560650 ) ) ;
#2060 = COORDINATED_UNIVERSAL_TIME_OFFSET ( 8, 0, .AHEAD. ) ;
#2061 = CARTESIAN_POINT ( 'NONE',  ( 0.02140414596406466086, 59.00000000000000711, 0.09999999999969581832 ) ) ;
#2062 = EDGE_CURVE ( 'NONE', #3427, #455, #1073, .T. ) ;
#2063 = DIRECTION ( 'NONE',  ( 0.7071067811865426878, 0.000000000000000000, -0.7071067811865524577 ) ) ;
#2064 = CARTESIAN_POINT ( 'NONE',  ( -25.97859585403594096, 60.29525135799768520, 0.09999999999990398514 ) ) ;
#2065 = CARTESIAN_POINT ( 'NONE',  ( -41.48107923499675564, 58.23591119191613785, 25.00911966577398360 ) ) ;
#2066 = VERTEX_POINT ( 'NONE', #1393 ) ;
#2067 = DIRECTION ( 'NONE',  ( 6.938893903907222067E-15, 0.000000000000000000, 1.000000000000000000 ) ) ;
#2068 = CARTESIAN_POINT ( 'NONE',  ( -40.47859585403568872, 45.00000000000000711, 35.59999999999998721 ) ) ;
#2069 = ORIENTED_EDGE ( 'NONE', *, *, #500, .F. ) ;
#2070 = ORIENTED_EDGE ( 'NONE', *, *, #1923, .T. ) ;
#2071 = AXIS2_PLACEMENT_3D ( 'NONE', #2036, #2612, #898 ) ;
#2072 = EDGE_CURVE ( 'NONE', #251, #438, #2497, .T. ) ;
#2073 = VECTOR ( 'NONE', #2710, 1000.000000000000114 ) ;
#2074 = FACE_OUTER_BOUND ( 'NONE', #2353, .T. ) ;
#2075 = ORIENTED_EDGE ( 'NONE', *, *, #1343, .T. ) ;
#2076 = LINE ( 'NONE', #3502, #2125 ) ;
#2077 = CARTESIAN_POINT ( 'NONE',  ( -26.49245948384692539, 60.79442469666664550, 5.334297054519812065 ) ) ;
#2078 = VECTOR ( 'NONE', #1257, 1000.000000000000000 ) ;
#2079 = DIRECTION ( 'NONE',  ( 0.5000000000000035527, -0.7071067811865490160, 0.4999999999999942268 ) ) ;
#2080 = DIRECTION ( 'NONE',  ( -0.000000000000000000, -1.000000000000000000, -0.000000000000000000 ) ) ;
#2081 = AXIS2_PLACEMENT_3D ( 'NONE', #2223, #1950, #1674 ) ;
#2082 = AXIS2_PLACEMENT_3D ( 'NONE', #1039, #176, #411 ) ;
#2083 = DIRECTION ( 'NONE',  ( -7.709882115452460023E-15, 0.000000000000000000, -1.000000000000000000 ) ) ;
#2084 = DIRECTION ( 'NONE',  ( 0.6644630243886702203, 0.3420201433256619405, -0.6644630243886826548 ) ) ;
#2085 = VERTEX_POINT ( 'NONE', #1959 ) ;
#2086 = CARTESIAN_POINT ( 'NONE',  ( -26.27884838572994752, 53.99999999999998579, 36.29974746830593091 ) ) ;
#2087 = CARTESIAN_POINT ( 'NONE',  ( -5.041717573781016704, 60.54197772572288017, 25.63404672469052059 ) ) ;
#2088 = ORIENTED_EDGE ( 'NONE', *, *, #213, .F. ) ;
#2089 = ORIENTED_EDGE ( 'NONE', *, *, #1904, .T. ) ;
#2090 = EDGE_CURVE ( 'NONE', #1644, #2269, #291, .T. ) ;
#2091 = PLANE ( 'NONE',  #2647 ) ;
#2092 = ORIENTED_EDGE ( 'NONE', *, *, #1124, .F. ) ;
#2093 = DIRECTION ( 'NONE',  ( 4.937700262164531476E-15, -0.7071067811865474617, 0.7071067811865474617 ) ) ;
#2094 = CC_DESIGN_DATE_AND_TIME_ASSIGNMENT ( #321, #1731, ( #2203 ) ) ;
#2095 = VERTEX_POINT ( 'NONE', #860 ) ;
#2096 = DIRECTION ( 'NONE',  ( 0.7071067811865463515, 0.000000000000000000, -0.7071067811865487940 ) ) ;
#2097 = CARTESIAN_POINT ( 'NONE',  ( -21.96026730767086832, 59.00000000000001421, 38.54701949000144623 ) ) ;
#2098 = DIRECTION ( 'NONE',  ( -0.7071067811865463515, 0.000000000000000000, 0.7071067811865487940 ) ) ;
#2099 = CARTESIAN_POINT ( 'NONE',  ( -40.12172973858539393, 58.50406279759597084, 23.29675791037465515 ) ) ;
#2100 = LINE ( 'NONE', #1858, #3124 ) ;
#2101 = ORIENTED_EDGE ( 'NONE', *, *, #2860, .F. ) ;
#2102 = CYLINDRICAL_SURFACE ( 'NONE', #1553, 2.100000000000000977 ) ;
#2103 = CARTESIAN_POINT ( 'NONE',  ( -26.27884838572994752, 58.00000000000000000, 36.29974746830593091 ) ) ;
#2104 = ORIENTED_EDGE ( 'NONE', *, *, #1008, .T. ) ;
#2105 = EDGE_LOOP ( 'NONE', ( #1045, #859, #3407, #1519 ) ) ;
#2106 = CARTESIAN_POINT ( 'NONE',  ( -35.47859585403565319, 53.00000000000000711, 40.59999999999995168 ) ) ;
#2107 = ORIENTED_EDGE ( 'NONE', *, *, #1797, .F. ) ;
#2108 = CARTESIAN_POINT ( 'NONE',  ( -14.07249450595341322, 60.75532588368525921, 25.25833071108375805 ) ) ;
#2109 = LINE ( 'NONE', #2673, #723 ) ;
#2110 = ORIENTED_EDGE ( 'NONE', *, *, #1168, .T. ) ;
#2111 = CARTESIAN_POINT ( 'NONE',  ( -31.22859585403577043, 53.00000000000000711, 39.35000000000011511 ) ) ;
#2112 = CARTESIAN_POINT ( 'NONE',  ( -19.32356763545207556, 59.00000000000000711, 37.22773432410971139 ) ) ;
#2113 = CARTESIAN_POINT ( 'NONE',  ( -59.97859585403551108, 26.55243918562683447, 60.10000000000010800 ) ) ;
#2114 = EDGE_CURVE ( 'NONE', #1824, #941, #426, .T. ) ;
#2115 = DIRECTION ( 'NONE',  ( -0.4999999999999953926, 0.7071067811865491270, 0.5000000000000023315 ) ) ;
#2116 = DIRECTION ( 'NONE',  ( -6.938893903907226800E-15, 0.000000000000000000, -1.000000000000000000 ) ) ;
#2117 = CARTESIAN_POINT ( 'NONE',  ( -22.47067680497804432, 57.66025403784441039, 40.92050807568853799 ) ) ;
#2118 = CARTESIAN_POINT ( 'NONE',  ( -66.10727551047581585, 45.00000000000000711, 51.14289321881368977 ) ) ;
#2119 = DIRECTION ( 'NONE',  ( -0.000000000000000000, -1.000000000000000000, 0.000000000000000000 ) ) ;
#2120 = VERTEX_POINT ( 'NONE', #1151 ) ;
#2121 = ORIENTED_EDGE ( 'NONE', *, *, #754, .F. ) ;
#2122 = B_SPLINE_CURVE_WITH_KNOTS ( 'NONE', 3,
 ( #816, #1054, #760, #533, #3562, #1050 ),
 .UNSPECIFIED., .F., .F.,
 ( 4, 2, 4 ),
 ( 0.000000000000000000, 0.5000000000000000000, 1.000000000000000000 ),
 .UNSPECIFIED. ) ;
#2123 = CARTESIAN_POINT ( 'NONE',  ( 5.361415136099537904, 77.19062187109230422, -42.27914364722081331 ) ) ;
#2124 = ORIENTED_EDGE ( 'NONE', *, *, #2639, .T. ) ;
#2125 = VECTOR ( 'NONE', #2093, 1000.000000000000114 ) ;
#2126 = AXIS2_PLACEMENT_3D ( 'NONE', #3426, #38, #920 ) ;
#2127 = CARTESIAN_POINT ( 'NONE',  ( -57.21830083320477911, 52.81597890250191085, 40.83970497916926945 ) ) ;
#2128 = DIRECTION ( 'NONE',  ( -6.938893903907222067E-15, 0.000000000000000000, -1.000000000000000000 ) ) ;
#2129 = CIRCLE ( 'NONE', #2589, 3.499999999999999556 ) ;
#2130 = DIRECTION ( 'NONE',  ( -0.5000000000000012212, 0.7071067811865471286, -0.4999999999999994449 ) ) ;
#2131 = AXIS2_PLACEMENT_3D ( 'NONE', #2344, #1509, #614 ) ;
#2132 = CARTESIAN_POINT ( 'NONE',  ( -18.00585548116015389, 59.00000000000000000, 36.61633185221560893 ) ) ;
#2133 = CARTESIAN_POINT ( 'NONE',  ( -10.59189321160402208, 61.39192787103471005, 25.45305841389002666 ) ) ;
#2134 = CARTESIAN_POINT ( 'NONE',  ( -40.30746253255863110, 58.46410161513764336, 23.54782396324587523 ) ) ;
#2135 = DIRECTION ( 'NONE',  ( -1.000000000000000000, -0.000000000000000000, 6.982962677686266711E-15 ) ) ;
#2136 = LINE ( 'NONE', #3253, #1669 ) ;
#2137 = VECTOR ( 'NONE', #3161, 1000.000000000000000 ) ;
#2138 = CARTESIAN_POINT ( 'NONE',  ( -6.281097234480605529, 60.68876499246859879, 25.35682457076443796 ) ) ;
#2139 = AXIS2_PLACEMENT_3D ( 'NONE', #2583, #2622, #3420 ) ;
#2140 = EDGE_LOOP ( 'NONE', ( #3402, #309, #2591, #2251, #1077 ) ) ;
#2141 = VERTEX_POINT ( 'NONE', #1740 ) ;
#2142 = CONICAL_SURFACE ( 'NONE', #2312, 9.000000000000021316, 0.7853981633974466137 ) ;
#2143 = FACE_OUTER_BOUND ( 'NONE', #2140, .T. ) ;
#2144 = ORIENTED_EDGE ( 'NONE', *, *, #1400, .T. ) ;
#2145 = EDGE_CURVE ( 'NONE', #1064, #2904, #53, .T. ) ;
#2146 = CARTESIAN_POINT ( 'NONE',  ( -31.15016872928937275, 52.64914703891412273, 49.59999999999990195 ) ) ;
#2147 = CARTESIAN_POINT ( 'NONE',  ( -13.60907716085937302, 60.83633280838523660, 25.08825099095932387 ) ) ;
#2148 = CARTESIAN_POINT ( 'NONE',  ( -25.73489303329871447, 61.18436811937792186, 7.840070141993266795 ) ) ;
#2149 = CARTESIAN_POINT ( 'NONE',  ( -20.81300220796840605, 59.00000000000001421, 37.95101073102788547 ) ) ;
#2150 = DIRECTION ( 'NONE',  ( -0.000000000000000000, 1.000000000000000000, 0.000000000000000000 ) ) ;
#2151 = DIRECTION ( 'NONE',  ( 2.775557561562888827E-14, 0.000000000000000000, 1.000000000000000000 ) ) ;
#2152 = LINE ( 'NONE', #1315, #1080 ) ;
#2153 = CARTESIAN_POINT ( 'NONE',  ( -19.57495412312912109, 59.70748006267112373, 36.72880944278472271 ) ) ;
#2154 = FACE_OUTER_BOUND ( 'NONE', #512, .T. ) ;
#2155 = CARTESIAN_POINT ( 'NONE',  ( 0.02140414596441854445, 59.00000000000000711, 50.59999999999969589 ) ) ;
#2156 = EDGE_CURVE ( 'NONE', #3615, #2569, #2999, .T. ) ;
#2157 = VERTEX_POINT ( 'NONE', #3386 ) ;
#2158 = ORIENTED_EDGE ( 'NONE', *, *, #1025, .T. ) ;
#2159 = EDGE_CURVE ( 'NONE', #2792, #2456, #2013, .T. ) ;
#2160 = EDGE_CURVE ( 'NONE', #1205, #1644, #3148, .T. ) ;
#2161 = VERTEX_POINT ( 'NONE', #1715 ) ;
#2162 = LINE ( 'NONE', #2703, #625 ) ;
#2163 = CARTESIAN_POINT ( 'NONE',  ( -13.45355118879302125, 60.86077686760403083, 25.03693064156395565 ) ) ;
#2164 = DIRECTION ( 'NONE',  ( -6.938893903907236266E-15, 0.000000000000000000, -1.000000000000000000 ) ) ;
#2165 = LINE ( 'NONE', #499, #206 ) ;
#2166 = CARTESIAN_POINT ( 'NONE',  ( -66.10727551047581585, 45.00000000000000711, 51.14289321881368977 ) ) ;
#2167 = EDGE_CURVE ( 'NONE', #1127, #663, #2532, .T. ) ;
#2168 = CARTESIAN_POINT ( 'NONE',  ( -40.47859585403564608, 53.00000000000000711, 40.59999999999998721 ) ) ;
#2169 = EDGE_CURVE ( 'NONE', #663, #628, #2266, .T. ) ;
#2170 = DIRECTION ( 'NONE',  ( 6.938893903907252043E-15, 0.000000000000000000, 1.000000000000000000 ) ) ;
#2171 = CARTESIAN_POINT ( 'NONE',  ( -33.15016872928939762, 46.00000000000000711, 50.59999999999992326 ) ) ;
#2172 = FACE_OUTER_BOUND ( 'NONE', #824, .T. ) ;
#2173 = ORIENTED_EDGE ( 'NONE', *, *, #338, .T. ) ;
#2174 = ORIENTED_EDGE ( 'NONE', *, *, #3445, .F. ) ;
#2175 = CARTESIAN_POINT ( 'NONE',  ( -38.36592241931305125, 59.00000000000001421, 21.96994284098699524 ) ) ;
#2176 = VERTEX_POINT ( 'NONE', #331 ) ;
#2177 = ORIENTED_EDGE ( 'NONE', *, *, #2543, .T. ) ;
#2178 = ADVANCED_FACE ( 'NONE', ( #2052 ), #1953, .T. ) ;
#2179 = LINE ( 'NONE', #3297, #97 ) ;
#2180 = DIRECTION ( 'NONE',  ( 0.000000000000000000, 1.000000000000000000, 0.000000000000000000 ) ) ;
#2181 = VECTOR ( 'NONE', #2949, 1000.000000000000000 ) ;
#2182 = VECTOR ( 'NONE', #600, 1000.000000000000000 ) ;
#2183 = CIRCLE ( 'NONE', #1372, 8.000000000000007105 ) ;
#2184 = CARTESIAN_POINT ( 'NONE',  ( -8.962411426542471915, 59.72069868390985192, 28.69985548650054241 ) ) ;
#2185 = AXIS2_PLACEMENT_3D ( 'NONE', #1345, #1539, #2987 ) ;
#2186 = CARTESIAN_POINT ( 'NONE',  ( -37.83367739227261239, 58.88392424017900595, 19.88043494151579438 ) ) ;
#2187 = CARTESIAN_POINT ( 'NONE',  ( -27.82191164464054367, 59.89305878710305819, 17.23725676193183531 ) ) ;
#2188 = CARTESIAN_POINT ( 'NONE',  ( -26.27884838572994752, 53.99999999999998579, 36.29974746830593091 ) ) ;
#2189 = CARTESIAN_POINT ( 'NONE',  ( -5.181847183570389426, 60.85412507775846791, 26.49788012254802183 ) ) ;
#2190 = DIRECTION ( 'NONE',  ( -6.938893903907226800E-15, 0.000000000000000000, -1.000000000000000000 ) ) ;
#2191 = ORIENTED_EDGE ( 'NONE', *, *, #2239, .F. ) ;
#2192 = VERTEX_POINT ( 'NONE', #1754 ) ;
#2193 = AXIS2_PLACEMENT_3D ( 'NONE', #2665, #3549, #1041 ) ;
#2194 = CARTESIAN_POINT ( 'NONE',  ( -38.49488708984558372, 59.00000000000000711, 22.20895173738788841 ) ) ;
#2195 = CARTESIAN_POINT ( 'NONE',  ( -25.21235245158908711, 60.70098128592180586, 6.397585378510297183 ) ) ;
#2196 = ORIENTED_EDGE ( 'NONE', *, *, #1401, .F. ) ;
#2197 = EDGE_LOOP ( 'NONE', ( #1761, #1341, #2373, #1727 ) ) ;
#2198 = EDGE_CURVE ( 'NONE', #1046, #2460, #939, .T. ) ;
#2199 = CARTESIAN_POINT ( 'NONE',  ( -32.92352714524943025, 51.60332017989298237, 50.48667920797981878 ) ) ;
#2200 = CARTESIAN_POINT ( 'NONE',  ( -19.54425772515439164, 58.89834428779979447, 37.81977084880467999 ) ) ;
#2201 = APPROVAL_PERSON_ORGANIZATION ( #2841, #1292, #2276 ) ;
#2202 = DIRECTION ( 'NONE',  ( 0.5000000000000065503, -0.7071067811865472397, 0.4999999999999940048 ) ) ;
#2203 = PRODUCT_DEFINITION ( 'æœ', '', #569, #1262 ) ;
#2204 = EDGE_CURVE ( 'NONE', #1699, #2120, #1448, .T. ) ;
#2205 = CARTESIAN_POINT ( 'NONE',  ( -38.09416863331052383, 58.85197136024545728, 20.28934103282711021 ) ) ;
#2206 = DIRECTION ( 'NONE',  ( -0.000000000000000000, -1.000000000000000000, 0.000000000000000000 ) ) ;
#2207 = CARTESIAN_POINT ( 'NONE',  ( 0.000000000000000000, 0.000000000000000000, 0.000000000000000000 ) ) ;
#2208 = CARTESIAN_POINT ( 'NONE',  ( -2.592535288518554637, 60.65706035687102116, 26.88072956284101522 ) ) ;
#2209 = CARTESIAN_POINT ( 'NONE',  ( -56.77845529393064083, 53.74179900227447604, 41.81407300226825186 ) ) ;
#2210 = EDGE_LOOP ( 'NONE', ( #1392, #1165, #1741, #2499 ) ) ;
#2211 = EDGE_LOOP ( 'NONE', ( #127, #3630, #2831, #3513 ) ) ;
#2212 = CARTESIAN_POINT ( 'NONE',  ( -39.19897515990195558, 59.00000000000000000, 23.44622733866429698 ) ) ;
#2213 = LINE ( 'NONE', #1682, #283 ) ;
#2214 = VERTEX_POINT ( 'NONE', #3162 ) ;
#2215 = EDGE_LOOP ( 'NONE', ( #2806, #2557, #901, #896 ) ) ;
#2216 = EDGE_CURVE ( 'NONE', #2017, #3184, #3129, .T. ) ;
#2217 = CYLINDRICAL_SURFACE ( 'NONE', #2955, 2.000000000000001776 ) ;
#2218 = DIRECTION ( 'NONE',  ( 0.000000000000000000, -1.000000000000000000, 0.000000000000000000 ) ) ;
#2219 = EDGE_CURVE ( 'NONE', #524, #1630, #1485, .T. ) ;
#2220 = DIRECTION ( 'NONE',  ( -0.7071067811865386910, 0.000000000000000000, 0.7071067811865564545 ) ) ;
#2221 = CARTESIAN_POINT ( 'NONE',  ( -36.94100908499618896, 58.96281377763371268, 18.45099670925689139 ) ) ;
#2222 = DIRECTION ( 'NONE',  ( -6.938893903907222067E-15, 0.000000000000000000, -1.000000000000000000 ) ) ;
#2223 = CARTESIAN_POINT ( 'NONE',  ( -6.228595854035711810, 59.00000000000000711, 31.34999999999973852 ) ) ;
#2224 = CARTESIAN_POINT ( 'NONE',  ( -1.287327089220065002, 60.60766115662855924, 26.97670034887813273 ) ) ;
#2225 = EDGE_CURVE ( 'NONE', #438, #1770, #24, .T. ) ;
#2226 = CARTESIAN_POINT ( 'NONE',  ( -38.94717543929857584, 58.72727404416899333, 21.60093514968831840 ) ) ;
#2227 = ORIENTED_EDGE ( 'NONE', *, *, #3560, .T. ) ;
#2228 = ORIENTED_EDGE ( 'NONE', *, *, #194, .T. ) ;
#2229 = CARTESIAN_POINT ( 'NONE',  ( -38.86982773316644568, 58.99999999999999289, 22.88183557927330725 ) ) ;
#2230 = CARTESIAN_POINT ( 'NONE',  ( -36.17834332234169636, 58.00000000000000000, 26.40025253169435970 ) ) ;
#2231 = ORIENTED_EDGE ( 'NONE', *, *, #272, .T. ) ;
#2232 = ORIENTED_EDGE ( 'NONE', *, *, #1668, .F. ) ;
#2233 = CARTESIAN_POINT ( 'NONE',  ( -24.74284219769547732, 60.94303227065714168, 8.058266586845459045 ) ) ;
#2234 = CARTESIAN_POINT ( 'NONE',  ( -18.25059383491721832, 58.96590750005361059, 37.01357771474584979 ) ) ;
#2235 = CARTESIAN_POINT ( 'NONE',  ( -25.58336046047126189, 58.12139125259859895, 42.22918385400872410 ) ) ;
#2236 = CARTESIAN_POINT ( 'NONE',  ( -66.10727551047583006, 53.00000000000000711, 51.14289321881367556 ) ) ;
#2237 = CARTESIAN_POINT ( 'NONE',  ( -31.22859585403591964, 56.00000000000000000, 2.849999999999916600 ) ) ;
#2238 = CARTESIAN_POINT ( 'NONE',  ( 5.678258395456459162, 53.00000000000000711, 5.756854249491986764 ) ) ;
#2239 = EDGE_CURVE ( 'NONE', #579, #678, #2355, .T. ) ;
#2240 = CONICAL_SURFACE ( 'NONE', #1892, 9.000000000000001776, 0.7853981633974554954 ) ;
#2241 = CARTESIAN_POINT ( 'NONE',  ( -3.243377076887715482, 60.69409307959806199, 26.80878387360389326 ) ) ;
#2242 = CARTESIAN_POINT ( 'NONE',  ( -36.37107142844039487, 59.00000000000000711, 17.85921228185189591 ) ) ;
#2243 = VECTOR ( 'NONE', #686, 1000.000000000000000 ) ;
#2244 = VECTOR ( 'NONE', #137, 1000.000000000000000 ) ;
#2245 = ORIENTED_EDGE ( 'NONE', *, *, #1114, .T. ) ;
#2246 = VERTEX_POINT ( 'NONE', #2302 ) ;
#2247 = VECTOR ( 'NONE', #2546, 1000.000000000000114 ) ;
#2248 = DIRECTION ( 'NONE',  ( -6.982962677686266711E-15, 0.000000000000000000, -1.000000000000000000 ) ) ;
#2249 = DIRECTION ( 'NONE',  ( 6.982962677686266711E-15, -0.000000000000000000, 1.000000000000000000 ) ) ;
#2250 = VERTEX_POINT ( 'NONE', #2321 ) ;
#2251 = ORIENTED_EDGE ( 'NONE', *, *, #2333, .T. ) ;
#2252 = FACE_OUTER_BOUND ( 'NONE', #154, .T. ) ;
#2253 = DIRECTION ( 'NONE',  ( 0.6644630243886696652, 0.3420201433256636059, -0.6644630243886824328 ) ) ;
#2254 = VECTOR ( 'NONE', #3324, 1000.000000000000000 ) ;
#2255 = VECTOR ( 'NONE', #1765, 1000.000000000000114 ) ;
#2256 = ADVANCED_FACE ( 'NONE', ( #1224 ), #680, .F. ) ;
#2257 = CARTESIAN_POINT ( 'NONE',  ( -24.74900015877405224, 58.25830175476190931, 41.48263411146904645 ) ) ;
#2258 = ORIENTED_EDGE ( 'NONE', *, *, #1185, .T. ) ;
#2259 = ADVANCED_FACE ( 'NONE', ( #3442 ), #2903, .F. ) ;
#2260 = CARTESIAN_POINT ( 'NONE',  ( 0.02140414596431446104, 59.00000000000000711, 35.92050807568841009 ) ) ;
#2261 = PERSON_AND_ORGANIZATION ( #3342, #2840 ) ;
#2262 = CARTESIAN_POINT ( 'NONE',  ( -4.410814626936229388, 60.49258211881845426, 25.72733051971742313 ) ) ;
#2263 = CARTESIAN_POINT ( 'NONE',  ( -16.81038701683297631, 59.98564451824659471, 26.87422700074681359 ) ) ;
#2264 = FACE_OUTER_BOUND ( 'NONE', #2852, .T. ) ;
#2265 = ORIENTED_EDGE ( 'NONE', *, *, #1522, .T. ) ;
#2266 = LINE ( 'NONE', #644, #2182 ) ;
#2267 = DIRECTION ( 'NONE',  ( -0.000000000000000000, -1.000000000000000000, 0.000000000000000000 ) ) ;
#2268 = ORIENTED_EDGE ( 'NONE', *, *, #386, .F. ) ;
#2269 = VERTEX_POINT ( 'NONE', #1501 ) ;
#2270 = DIRECTION ( 'NONE',  ( 0.000000000000000000, 1.000000000000000000, 0.000000000000000000 ) ) ;
#2271 = CARTESIAN_POINT ( 'NONE',  ( -19.97190793112358165, 58.86734735944151709, 38.09065419066382674 ) ) ;
#2272 = EDGE_CURVE ( 'NONE', #2161, #56, #3179, .T. ) ;
#2273 = CARTESIAN_POINT ( 'NONE',  ( -52.47859585403571003, 45.00000000000000711, 33.27157287525387375 ) ) ;
#2274 = ORIENTED_EDGE ( 'NONE', *, *, #1821, .F. ) ;
#2275 = CARTESIAN_POINT ( 'NONE',  ( -25.97859585403594096, 60.29525135799768520, 0.09999999999990398514 ) ) ;
#2276 = APPROVAL_ROLE ( '' ) ;
#2277 = CARTESIAN_POINT ( 'NONE',  ( -49.47859585403571714, 52.64914703891412273, 31.27157287525380269 ) ) ;
#2278 = ADVANCED_FACE ( 'NONE', ( #713 ), #2759, .F. ) ;
#2279 = DIRECTION ( 'NONE',  ( 0.7071067811865393571, 0.000000000000000000, -0.7071067811865557884 ) ) ;
#2280 = FACE_OUTER_BOUND ( 'NONE', #1549, .T. ) ;
#2281 = EDGE_CURVE ( 'NONE', #1378, #1612, #2641, .T. ) ;
#2282 = LINE ( 'NONE', #3401, #377 ) ;
#2283 = ORIENTED_EDGE ( 'NONE', *, *, #2462, .T. ) ;
#2284 = DIRECTION ( 'NONE',  ( -6.982962677686266711E-15, 0.000000000000000000, -1.000000000000000000 ) ) ;
#2285 = DIRECTION ( 'NONE',  ( 0.7071067811865408004, 0.000000000000000000, -0.7071067811865541231 ) ) ;
#2286 = CARTESIAN_POINT ( 'NONE',  ( -16.48526760765213695, 60.10427188402339738, 26.62517821935233542 ) ) ;
#2287 = ORIENTED_EDGE ( 'NONE', *, *, #3624, .T. ) ;
#2288 = ORIENTED_EDGE ( 'NONE', *, *, #1889, .F. ) ;
#2289 = DIRECTION ( 'NONE',  ( 6.938893903907222067E-15, 0.000000000000000000, 1.000000000000000000 ) ) ;
#2290 = CARTESIAN_POINT ( 'NONE',  ( -30.65629957880563339, 58.00000000000000000, 20.87820878815820080 ) ) ;
#2291 = DIRECTION ( 'NONE',  ( 6.938893903907222067E-15, 0.000000000000000000, 1.000000000000000000 ) ) ;
#2292 = CARTESIAN_POINT ( 'NONE',  ( -34.56438229166248988, 50.91709623134523355, 51.18578643762683100 ) ) ;
#2293 = CALENDAR_DATE ( 2026, 5, 6 ) ;
#2294 = CARTESIAN_POINT ( 'NONE',  ( -17.06818483700477884, 59.00000367198036599, 36.28632084805438041 ) ) ;
#2295 = CARTESIAN_POINT ( 'NONE',  ( -11.05781420106919377, 61.08253073514442377, 24.57138296419572043 ) ) ;
#2296 = DIRECTION ( 'NONE',  ( 6.982939617164456728E-15, 0.000000000000000000, 1.000000000000000000 ) ) ;
#2297 = CIRCLE ( 'NONE', #1827, 10.00000000000000178 ) ;
#2298 = EDGE_CURVE ( 'NONE', #1128, #129, #125, .T. ) ;
#2299 = CARTESIAN_POINT ( 'NONE',  ( -42.79643309923148564, 58.00000000000000000, 26.41783724519563492 ) ) ;
#2300 = ORIENTED_EDGE ( 'NONE', *, *, #354, .T. ) ;
#2301 = LINE ( 'NONE', #3385, #3364 ) ;
#2302 = CARTESIAN_POINT ( 'NONE',  ( -29.97859585403587346, 59.00000000000000711, 9.619174207655419195 ) ) ;
#2303 = ORIENTED_EDGE ( 'NONE', *, *, #249, .T. ) ;
#2305 = ORIENTED_EDGE ( 'NONE', *, *, #262, .F. ) ;
#2304 = VECTOR ( 'NONE', #2357, 1000.000000000000000 ) ;
#2306 = AXIS2_PLACEMENT_3D ( 'NONE', #286, #10, #3013 ) ;
#2307 = CARTESIAN_POINT ( 'NONE',  ( -24.47498910579418663, 61.07061738045743482, 11.40354537821828451 ) ) ;
#2308 = CARTESIAN_POINT ( 'NONE',  ( -36.90489237377980913, 59.00067336359218473, 19.27124622211823279 ) ) ;
#2309 = VECTOR ( 'NONE', #3446, 1000.000000000000114 ) ;
#2310 = AXIS2_PLACEMENT_3D ( 'NONE', #1444, #675, #325 ) ;
#2311 = CARTESIAN_POINT ( 'NONE',  ( -25.46931577172691163, 58.14042888926110919, 42.12336132549514645 ) ) ;
#2312 = AXIS2_PLACEMENT_3D ( 'NONE', #2742, #2437, #243 ) ;
#2313 = DIRECTION ( 'NONE',  ( -0.8891264907159910358, -0.4576615381557277984, 6.208737100411930265E-15 ) ) ;
#2314 = CARTESIAN_POINT ( 'NONE',  ( -23.42641981728166201, 58.46410161513777126, 40.42886667852268090 ) ) ;
#2315 = CARTESIAN_POINT ( 'NONE',  ( -26.09062793295392879, 61.00126011050421226, 6.580384733388988217 ) ) ;
#2316 = EDGE_CURVE ( 'NONE', #2405, #2342, #401, .T. ) ;
#2317 = DIRECTION ( 'NONE',  ( 6.938893903907229167E-15, 0.000000000000000000, 1.000000000000000000 ) ) ;
#2318 = CARTESIAN_POINT ( 'NONE',  ( -40.47091651917163801, 58.43067158563025032, 23.77046212941353076 ) ) ;
#2319 = ORIENTED_EDGE ( 'NONE', *, *, #1577, .F. ) ;
#2320 = CARTESIAN_POINT ( 'NONE',  ( -24.73598765523257015, 60.94629955915601727, 8.054442793731372063 ) ) ;
#2321 = CARTESIAN_POINT ( 'NONE',  ( -23.90429132343346907, 59.00000000000000711, 39.68304597993977012 ) ) ;
#2322 = EDGE_LOOP ( 'NONE', ( #718, #234 ) ) ;
#2323 = ORIENTED_EDGE ( 'NONE', *, *, #3094, .T. ) ;
#2324 = FACE_OUTER_BOUND ( 'NONE', #1187, .T. ) ;
#2325 = DIRECTION ( 'NONE',  ( 0.000000000000000000, 1.000000000000000000, 0.000000000000000000 ) ) ;
#2326 = EDGE_CURVE ( 'NONE', #2038, #1170, #1538, .T. ) ;
#2327 = DIRECTION ( 'NONE',  ( 0.000000000000000000, 1.000000000000000000, 0.000000000000000000 ) ) ;
#2328 = CARTESIAN_POINT ( 'NONE',  ( -6.228595854035711810, 56.00000000000000000, 31.34999999999973852 ) ) ;
#2329 = COORDINATED_UNIVERSAL_TIME_OFFSET ( 8, 0, .AHEAD. ) ;
#2330 = CARTESIAN_POINT ( 'NONE',  ( -50.83774070762262909, 52.28954412843921773, 34.45914485358696311 ) ) ;
#2331 = CARTESIAN_POINT ( 'NONE',  ( -25.92426128629263360, 61.08689428764759555, -7.013704135908614745 ) ) ;
#2332 = CARTESIAN_POINT ( 'NONE',  ( -17.46765405804674032, 53.99999999999998579, 27.48855314062255317 ) ) ;
#2333 = EDGE_CURVE ( 'NONE', #2495, #1113, #1240, .T. ) ;
#2334 = CARTESIAN_POINT ( 'NONE',  ( -60.15817449424138630, 63.00000000000000000, 43.77957864020596190 ) ) ;
#2335 = EDGE_LOOP ( 'NONE', ( #2811, #182, #1142, #2651 ) ) ;
#2336 = CARTESIAN_POINT ( 'NONE',  ( -26.97859585403591964, 53.00000000000000711, 0.09999999999988316846 ) ) ;
#2337 = EDGE_CURVE ( 'NONE', #841, #3107, #3586, .T. ) ;
#2338 = DIRECTION ( 'NONE',  ( -6.938893903907213389E-15, 0.000000000000000000, -1.000000000000000000 ) ) ;
#2339 = ORIENTED_EDGE ( 'NONE', *, *, #1168, .F. ) ;
#2340 = VERTEX_POINT ( 'NONE', #2979 ) ;
#2341 = DIRECTION ( 'NONE',  ( 0.3110177634953898984, 0.6546536707079771977, 0.6889822365046121000 ) ) ;
#2342 = VERTEX_POINT ( 'NONE', #2426 ) ;
#2343 = FACE_OUTER_BOUND ( 'NONE', #2983, .T. ) ;
#2344 = CARTESIAN_POINT ( 'NONE',  ( -31.22859585403582727, 53.99999999999998579, 31.35000000000013998 ) ) ;
#2345 = DIRECTION ( 'NONE',  ( 6.982962677686266711E-15, -0.000000000000000000, 1.000000000000000000 ) ) ;
#2346 = DIRECTION ( 'NONE',  ( 0.5000000000000062172, -0.7071067811865476838, 0.4999999999999937272 ) ) ;
#2347 = B_SPLINE_SURFACE_WITH_KNOTS ( 'NONE', 1, 3, ( 
 ( #2839, #3154, #3137, #1489, #1781, #1762 ),
 ( #2059, #1177, #341, #1160, #3097, #592 ) ),
 .UNSPECIFIED., .F., .F., .F.,
 ( 2, 2 ),
 ( 4, 2, 4 ),
 ( 0.000000000000000000, 1.000000000000000000 ),
 ( 1.570796326794896780, 1.833339105416402770, 2.095881884037908538 ),
 .UNSPECIFIED. ) ;
#2348 = CARTESIAN_POINT ( 'NONE',  ( -49.47859585403571003, 45.00000000000000711, 33.27157287525385243 ) ) ;
#2349 = CARTESIAN_POINT ( 'NONE',  ( -41.54087121092782553, 58.22479138182650615, 25.07769745693042296 ) ) ;
#2350 = ORIENTED_EDGE ( 'NONE', *, *, #1610, .F. ) ;
#2351 = FACE_OUTER_BOUND ( 'NONE', #1467, .T. ) ;
#2352 = DIRECTION ( 'NONE',  ( 0.7071067811865410224, 0.000000000000000000, -0.7071067811865540120 ) ) ;
#2353 = EDGE_LOOP ( 'NONE', ( #735, #437, #3585 ) ) ;
#2354 = ORIENTED_EDGE ( 'NONE', *, *, #740, .F. ) ;
#2355 = CIRCLE ( 'NONE', #2941, 7.999999999999972466 ) ;
#2356 = VECTOR ( 'NONE', #2961, 1000.000000000000000 ) ;
#2357 = DIRECTION ( 'NONE',  ( 0.000000000000000000, 1.000000000000000000, 0.000000000000000000 ) ) ;
#2358 = AXIS2_PLACEMENT_3D ( 'NONE', #1290, #3240, #1853 ) ;
#2359 = EDGE_LOOP ( 'NONE', ( #2429, #2516, #2288, #1964 ) ) ;
#2360 = CARTESIAN_POINT ( 'NONE',  ( -42.32862148807570435, 58.08102390609599297, 25.95006537644504974 ) ) ;
#2361 = ORIENTED_EDGE ( 'NONE', *, *, #3282, .F. ) ;
#2362 = DIRECTION ( 'NONE',  ( 0.000000000000000000, 1.000000000000000000, 0.000000000000000000 ) ) ;
#2363 = AXIS2_PLACEMENT_3D ( 'NONE', #2634, #2912, #1037 ) ;
#2364 = CARTESIAN_POINT ( 'NONE',  ( -22.18599236640078942, 59.00000000000001421, 38.66998461346731375 ) ) ;
#2365 = CARTESIAN_POINT ( 'NONE',  ( 0.02140414596441854445, 50.91709623134523355, 50.59999999999969589 ) ) ;
#2366 = AXIS2_PLACEMENT_3D ( 'NONE', #3320, #2150, #1332 ) ;
#2367 = CARTESIAN_POINT ( 'NONE',  ( 0.02140414596441854445, 50.91709623134523355, 50.59999999999969589 ) ) ;
#2368 = DIRECTION ( 'NONE',  ( 0.000000000000000000, 1.000000000000000000, -0.000000000000000000 ) ) ;
#2369 = ORIENTED_EDGE ( 'NONE', *, *, #2476, .F. ) ;
#2370 = PLANE ( 'NONE',  #442 ) ;
#2371 = CARTESIAN_POINT ( 'NONE',  ( -6.228595854035687829, 62.78035457054156865, 34.84999999999974563 ) ) ;
#2372 = ORIENTED_EDGE ( 'NONE', *, *, #2946, .F. ) ;
#2373 = ORIENTED_EDGE ( 'NONE', *, *, #1687, .F. ) ;
#2374 = LOCAL_TIME ( 15, 29, 35.00000000000000000, #3450 ) ;
#2375 = DIRECTION ( 'NONE',  ( 0.7071067811865410224, 0.000000000000000000, -0.7071067811865540120 ) ) ;
#2376 = VERTEX_POINT ( 'NONE', #3196 ) ;
#2377 = ADVANCED_FACE ( 'NONE', ( #972 ), #2240, .T. ) ;
#2378 = DIRECTION ( 'NONE',  ( 0.5000000000000063283, 0.7071067811865450192, 0.4999999999999971689 ) ) ;
#2379 = DIRECTION ( 'NONE',  ( -6.982962677686266711E-15, 0.000000000000000000, -1.000000000000000000 ) ) ;
#2380 = EDGE_LOOP ( 'NONE', ( #1250, #1826, #1718, #836 ) ) ;
#2381 = DIRECTION ( 'NONE',  ( -0.7071067811865463515, 0.000000000000000000, 0.7071067811865487940 ) ) ;
#2382 = CARTESIAN_POINT ( 'NONE',  ( -22.38205894321295020, 59.00000000000001421, 38.77787548215548696 ) ) ;
#2383 = CARTESIAN_POINT ( 'NONE',  ( -14.22189590395315939, 60.96743238726308078, 26.27775122362805504 ) ) ;
#2384 = CARTESIAN_POINT ( 'NONE',  ( 20.12190920935237060, 59.00000000000000711, 30.09999999999955023 ) ) ;
#2385 = DIRECTION ( 'NONE',  ( 1.000000000000000000, -0.000000000000000000, -6.982962677686266711E-15 ) ) ;
#2386 = CARTESIAN_POINT ( 'NONE',  ( -66.81438229166238330, 52.00000000000000711, 50.43578643762714364 ) ) ;
#2387 = FACE_OUTER_BOUND ( 'NONE', #1374, .T. ) ;
#2388 = DIRECTION ( 'NONE',  ( 0.000000000000000000, 1.000000000000000000, 0.000000000000000000 ) ) ;
#2389 = B_SPLINE_CURVE_WITH_KNOTS ( 'NONE', 1,
 ( #1620, #3578 ),
 .UNSPECIFIED., .F., .F.,
 ( 2, 2 ),
 ( 0.000000000000000000, 0.0009493851730700777645 ),
 .UNSPECIFIED. ) ;
#2390 = VERTEX_POINT ( 'NONE', #180 ) ;
#2391 = ORIENTED_EDGE ( 'NONE', *, *, #3213, .F. ) ;
#2392 = DIRECTION ( 'NONE',  ( 0.2130588602608411708, 0.4591684756709676352, -0.8624211459689236081 ) ) ;
#2393 = ORIENTED_EDGE ( 'NONE', *, *, #60, .F. ) ;
#2394 = CARTESIAN_POINT ( 'NONE',  ( -10.39658624615342042, 61.08813180891939254, 24.55962240621902026 ) ) ;
#2395 = DIRECTION ( 'NONE',  ( -0.7071067811865408004, 0.000000000000000000, 0.7071067811865541231 ) ) ;
#2396 = CARTESIAN_POINT ( 'NONE',  ( 0.02140414596434915551, 46.00000000000000711, 40.59999999999970299 ) ) ;
#2397 = CARTESIAN_POINT ( 'NONE',  ( -20.53739314861382681, 59.00000000000001421, 37.81392346040363606 ) ) ;
#2398 = CARTESIAN_POINT ( 'NONE',  ( -51.06438229166258935, 52.38119784648299060, 34.68578643762693758 ) ) ;
#2399 = LINE ( 'NONE', #2384, #2654 ) ;
#2400 = LINE ( 'NONE', #3509, #3300 ) ;
#2401 = CARTESIAN_POINT ( 'NONE',  ( 0.02140414596434915551, 53.00000000000000711, 40.59999999999970299 ) ) ;
#2402 = DIRECTION ( 'NONE',  ( 0.4999999999999982792, -0.8660254037844397068, -3.491481338843121522E-15 ) ) ;
#2403 = DIRECTION ( 'NONE',  ( -0.7071067811865524577, 0.000000000000000000, -0.7071067811865426878 ) ) ;
#2404 = ADVANCED_FACE ( 'NONE', ( #2937 ), #750, .T. ) ;
#2405 = VERTEX_POINT ( 'NONE', #435 ) ;
#2406 = ORIENTED_EDGE ( 'NONE', *, *, #1152, .F. ) ;
#2407 = CARTESIAN_POINT ( 'NONE',  ( -50.47859585403571003, 50.91709623134523355, 33.27157287525385954 ) ) ;
#2408 = ORIENTED_EDGE ( 'NONE', *, *, #1618, .T. ) ;
#2409 = AXIS2_PLACEMENT_3D ( 'NONE', #2155, #698, #1026 ) ;
#2410 = CARTESIAN_POINT ( 'NONE',  ( -33.67941805930998100, 53.52169601438296098, 50.30082220527432924 ) ) ;
#2411 = FACE_BOUND ( 'NONE', #768, .T. ) ;
#2412 = VECTOR ( 'NONE', #1996, 1000.000000000000114 ) ;
#2413 = CIRCLE ( 'NONE', #3594, 1.000000000000000888 ) ;
#2414 = DIRECTION ( 'NONE',  ( -0.8660254037844395958, -0.4999999999999982236, 6.047423072554920300E-15 ) ) ;
#2415 = CIRCLE ( 'NONE', #3358, 3.000000000000002665 ) ;
#2416 = CARTESIAN_POINT ( 'NONE',  ( -21.46362389131956760, 59.00000000000000711, 38.28416319396168177 ) ) ;
#2417 = CARTESIAN_POINT ( 'NONE',  ( -50.33233148409372149, 53.64914703891411563, 33.95373563005804840 ) ) ;
#2418 = CARTESIAN_POINT ( 'NONE',  ( -39.22737148425193965, 58.67814035599106148, 22.01670799782410981 ) ) ;
#2419 = AXIS2_PLACEMENT_3D ( 'NONE', #2991, #2933, #2083 ) ;
#2420 = CARTESIAN_POINT ( 'NONE',  ( -10.39658624618120442, 53.99999999999998579, 34.55962095248796118 ) ) ;
#2421 = CARTESIAN_POINT ( 'NONE',  ( -31.22859585403589477, 56.00000000000000000, 6.349999999999916156 ) ) ;
#2422 = ADVANCED_FACE ( 'NONE', ( #732 ), #2702, .F. ) ;
#2423 = CARTESIAN_POINT ( 'NONE',  ( -25.62874619094111139, 60.52106072771897516, 15.25047783130207257 ) ) ;
#2424 = ADVANCED_FACE ( 'NONE', ( #415 ), #1861, .F. ) ;
#2425 = AXIS2_PLACEMENT_3D ( 'NONE', #322, #2620, #1161 ) ;
#2426 = CARTESIAN_POINT ( 'NONE',  ( -35.79910392972453792, 59.00000000000000711, 16.59208095094228597 ) ) ;
#2427 = AXIS2_PLACEMENT_3D ( 'NONE', #1600, #1003, #3471 ) ;
#2428 = ORIENTED_EDGE ( 'NONE', *, *, #590, .T. ) ;
#2429 = ORIENTED_EDGE ( 'NONE', *, *, #2926, .T. ) ;
#2430 = CARTESIAN_POINT ( 'NONE',  ( -66.81438229166236908, 52.00000000000000711, 53.26421356237334237 ) ) ;
#2431 = VERTEX_POINT ( 'NONE', #2667 ) ;
#2432 = CARTESIAN_POINT ( 'NONE',  ( -34.51843048601499930, 51.61520069507142239, 51.13983463197934753 ) ) ;
#2433 = CARTESIAN_POINT ( 'NONE',  ( -44.36528127542793243, 53.00000000000000711, 59.57247185901920261 ) ) ;
#2434 = EDGE_CURVE ( 'NONE', #422, #251, #1283, .T. ) ;
#2435 = LINE ( 'NONE', #1329, #2020 ) ;
#2436 = CARTESIAN_POINT ( 'NONE',  ( -23.90429132343346907, 59.00000000000000711, 39.68304597993977012 ) ) ;
#2437 = DIRECTION ( 'NONE',  ( 0.000000000000000000, 1.000000000000000000, 0.000000000000000000 ) ) ;
#2438 = CARTESIAN_POINT ( 'NONE',  ( -9.908024339095591770, 61.08386676813558580, 24.56856671261108005 ) ) ;
#2439 = CARTESIAN_POINT ( 'NONE',  ( 0.02140414596406466086, 80.00000000000007105, 0.09999999999969581832 ) ) ;
#2440 = CARTESIAN_POINT ( 'NONE',  ( -31.22859585403591964, 59.00000000000000711, 2.849999999999916600 ) ) ;
#2441 = CARTESIAN_POINT ( 'NONE',  ( 7.564297364777749166, 45.00000000000000711, 7.642893218813359368 ) ) ;
#2442 = EDGE_CURVE ( 'NONE', #2830, #881, #1844, .T. ) ;
#2443 = EDGE_LOOP ( 'NONE', ( #3276, #2110, #3331, #3444, #1103 ) ) ;
#2444 = ORIENTED_EDGE ( 'NONE', *, *, #2842, .T. ) ;
#2445 = CARTESIAN_POINT ( 'NONE',  ( -38.00926631413192069, 59.00000000000002132, 21.28752817147021048 ) ) ;
#2446 = ORIENTED_EDGE ( 'NONE', *, *, #3026, .T. ) ;
#2447 = ORIENTED_EDGE ( 'NONE', *, *, #3312, .T. ) ;
#2448 = CARTESIAN_POINT ( 'NONE',  ( -66.81438229166236908, 26.55243918562683447, 53.26421356237334237 ) ) ;
#2449 = DIRECTION ( 'NONE',  ( 6.982962677686266711E-15, -0.000000000000000000, 1.000000000000000000 ) ) ;
#2450 = CARTESIAN_POINT ( 'NONE',  ( -35.79910392972453792, 59.00000000000000711, 16.59208095094228597 ) ) ;
#2451 = CARTESIAN_POINT ( 'NONE',  ( -35.79910392972453792, 59.00000000000000711, 16.59208095094228597 ) ) ;
#2452 = DIRECTION ( 'NONE',  ( 0.000000000000000000, 1.000000000000000000, 0.000000000000000000 ) ) ;
#2453 = DIRECTION ( 'NONE',  ( 0.000000000000000000, 1.000000000000000000, 0.000000000000000000 ) ) ;
#2454 = EDGE_CURVE ( 'NONE', #4, #1170, #991, .T. ) ;
#2455 = ORIENTED_EDGE ( 'NONE', *, *, #1605, .F. ) ;
#2456 = VERTEX_POINT ( 'NONE', #454 ) ;
#2457 = CARTESIAN_POINT ( 'NONE',  ( -37.29490854728817339, 59.00000000000001421, 19.84246448008647690 ) ) ;
#2458 = LINE ( 'NONE', #2752, #3411 ) ;
#2459 = VERTEX_POINT ( 'NONE', #3495 ) ;
#2460 = VERTEX_POINT ( 'NONE', #1571 ) ;
#2461 = CARTESIAN_POINT ( 'NONE',  ( -46.28320515127979462, 59.00000000000000711, 31.31882285961714274 ) ) ;
#2462 = EDGE_CURVE ( 'NONE', #293, #771, #2791, .T. ) ;
#2463 = CARTESIAN_POINT ( 'NONE',  ( -35.27148907284904311, 45.00000000000000711, 50.47867965644028487 ) ) ;
#2464 = EDGE_CURVE ( 'NONE', #2638, #2017, #1310, .T. ) ;
#2465 = AXIS2_PLACEMENT_3D ( 'NONE', #1780, #1213, #2128 ) ;
#2466 = VECTOR ( 'NONE', #177, 1000.000000000000000 ) ;
#2467 = VECTOR ( 'NONE', #2990, 1000.000000000000000 ) ;
#2468 = PLANE ( 'NONE',  #1207 ) ;
#2469 = AXIS2_PLACEMENT_3D ( 'NONE', #1628, #1979, #276 ) ;
#2470 = CARTESIAN_POINT ( 'NONE',  ( -37.37711978383912026, 58.92951236011344207, 19.15321548982445421 ) ) ;
#2471 = LINE ( 'NONE', #2506, #201 ) ;
#2472 = VECTOR ( 'NONE', #394, 1000.000000000000000 ) ;
#2473 = LINE ( 'NONE', #2508, #2254 ) ;
#2474 = CYLINDRICAL_SURFACE ( 'NONE', #373, 10.00000000000000178 ) ;
#2475 = AXIS2_PLACEMENT_3D ( 'NONE', #2837, #1416, #1456 ) ;
#2476 = EDGE_CURVE ( 'NONE', #1770, #2459, #1074, .T. ) ;
#2477 = EDGE_LOOP ( 'NONE', ( #2265, #2393, #3126, #1210 ) ) ;
#2478 = VERTEX_POINT ( 'NONE', #1096 ) ;
#2479 = CARTESIAN_POINT ( 'NONE',  ( -36.30845116896699665, 58.99999999999999289, 17.71801546615162337 ) ) ;
#2480 = CARTESIAN_POINT ( 'NONE',  ( 0.02140414596441854445, 59.00000000000000711, 50.59999999999969589 ) ) ;
#2481 = AXIS2_PLACEMENT_3D ( 'NONE', #1685, #2833, #3075 ) ;
#2482 = VERTEX_POINT ( 'NONE', #2209 ) ;
#2483 = ORIENTED_EDGE ( 'NONE', *, *, #1528, .T. ) ;
#2484 = EDGE_CURVE ( 'NONE', #2405, #1883, #1133, .T. ) ;
#2485 = DIRECTION ( 'NONE',  ( -0.000000000000000000, -1.000000000000000000, -0.000000000000000000 ) ) ;
#2486 = CARTESIAN_POINT ( 'NONE',  ( -20.02203866266050269, 58.86348641131574766, 38.12255230939926776 ) ) ;
#2487 = ADVANCED_FACE ( 'NONE', ( #3287, #522 ), #2765, .T. ) ;
#2488 = EDGE_CURVE ( 'NONE', #362, #2905, #2733, .T. ) ;
#2489 = FACE_BOUND ( 'NONE', #1186, .T. ) ;
#2490 = CARTESIAN_POINT ( 'NONE',  ( -38.01296983916880379, 58.86204376041466446, 20.16200840065170041 ) ) ;
#2491 = CARTESIAN_POINT ( 'NONE',  ( -51.02148907284900048, 45.00000000000000711, 66.22867965644032040 ) ) ;
#2492 = CARTESIAN_POINT ( 'NONE',  ( -46.99031193246636917, 58.00000000000002842, 30.61171607843060016 ) ) ;
#2493 = CARTESIAN_POINT ( 'NONE',  ( 6.320971063943527035, 60.70121674931799305, 25.33331308931881765 ) ) ;
#2494 = CARTESIAN_POINT ( 'NONE',  ( -38.19388282322581318, 58.83996718607734522, 20.44612456906299514 ) ) ;
#2495 = VERTEX_POINT ( 'NONE', #216 ) ;
#2496 = ORIENTED_EDGE ( 'NONE', *, *, #2819, .F. ) ;
#2497 = LINE ( 'NONE', #3346, #135 ) ;
#2498 = LINE ( 'NONE', #2, #1719 ) ;
#2499 = ORIENTED_EDGE ( 'NONE', *, *, #2169, .T. ) ;
#2500 = ORIENTED_EDGE ( 'NONE', *, *, #2072, .T. ) ;
#2501 = CARTESIAN_POINT ( 'NONE',  ( -24.43570559614035531, 61.08932983611883571, 10.50408656469646296 ) ) ;
#2502 = CARTESIAN_POINT ( 'NONE',  ( -21.72922977366887309, 58.69786104450422215, 39.23674263302257970 ) ) ;
#2503 = EDGE_CURVE ( 'NONE', #57, #197, #3296, .T. ) ;
#2504 = CARTESIAN_POINT ( 'NONE',  ( -24.82861051004067221, 58.24546789570550231, 41.55123807307793271 ) ) ;
#2505 = CARTESIAN_POINT ( 'NONE',  ( -50.11257045025127610, 52.28312163512968169, 32.53952206768495614 ) ) ;
#2506 = CARTESIAN_POINT ( 'NONE',  ( 0.02140414596427282767, 58.99999999999971578, 30.10000000000025722 ) ) ;
#2507 = CARTESIAN_POINT ( 'NONE',  ( -6.228595854035711810, 62.78035457054156865, 31.34999999999973852 ) ) ;
#2508 = CARTESIAN_POINT ( 'NONE',  ( -36.17834332234169636, 58.00000000000000000, 26.40025253169435970 ) ) ;
#2509 = CARTESIAN_POINT ( 'NONE',  ( -12.91942248798282300, 75.24950011898576463, -3.459173366053789334 ) ) ;
#2510 = ORIENTED_EDGE ( 'NONE', *, *, #1759, .T. ) ;
#2511 = EDGE_LOOP ( 'NONE', ( #1712, #3370, #1424, #340 ) ) ;
#2512 = ADVANCED_FACE ( 'NONE', ( #2172 ), #2474, .T. ) ;
#2513 = CARTESIAN_POINT ( 'NONE',  ( -36.22718952659349867, 59.00000000000000000, 17.53887665537547846 ) ) ;
#2514 = CARTESIAN_POINT ( 'NONE',  ( -25.48430081043437667, 60.55698483481742755, 5.155706959413547175 ) ) ;
#2515 = EDGE_LOOP ( 'NONE', ( #1530, #3316, #1823, #111 ) ) ;
#2516 = ORIENTED_EDGE ( 'NONE', *, *, #1294, .F. ) ;
#2517 = CARTESIAN_POINT ( 'NONE',  ( -24.99546645559751568, 60.82270114301736186, 13.81149785476971559 ) ) ;
#2518 = CARTESIAN_POINT ( 'NONE',  ( -17.91068656759415489, 58.97775774700828322, 36.80386247753909146 ) ) ;
#2519 = EDGE_CURVE ( 'NONE', #3034, #2792, #2183, .T. ) ;
#2520 = CARTESIAN_POINT ( 'NONE',  ( -24.80463149202253703, 58.24933838250510831, 41.53052024201537762 ) ) ;
#2521 = ORIENTED_EDGE ( 'NONE', *, *, #3522, .F. ) ;
#2522 = AXIS2_PLACEMENT_3D ( 'NONE', #3260, #1323, #3200 ) ;
#2523 = DIRECTION ( 'NONE',  ( 0.000000000000000000, 1.000000000000000000, 0.000000000000000000 ) ) ;
#2524 = PERSON_AND_ORGANIZATION ( #3342, #2840 ) ;
#2525 = VECTOR ( 'NONE', #2119, 1000.000000000000000 ) ;
#2526 = CARTESIAN_POINT ( 'NONE',  ( -0.6147034060307431380, 60.29525135799768520, 26.09999999999971365 ) ) ;
#2527 = CARTESIAN_POINT ( 'NONE',  ( -25.86194821126380106, 60.35701699568481615, 2.641004441021372884 ) ) ;
#2528 = AXIS2_PLACEMENT_3D ( 'NONE', #916, #2847, #2084 ) ;
#2529 = ORIENTED_EDGE ( 'NONE', *, *, #3481, .T. ) ;
#2530 = ORIENTED_EDGE ( 'NONE', *, *, #3580, .F. ) ;
#2531 = ADVANCED_FACE ( 'NONE', ( #1900 ), #74, .T. ) ;
#2532 = LINE ( 'NONE', #3104, #783 ) ;
#2533 = CARTESIAN_POINT ( 'NONE',  ( -43.65817449424137209, 63.00000000000000000, 60.27957864020575585 ) ) ;
#2534 = ORIENTED_EDGE ( 'NONE', *, *, #3288, .F. ) ;
#2535 = ORIENTED_EDGE ( 'NONE', *, *, #913, .T. ) ;
#2536 = AXIS2_PLACEMENT_3D ( 'NONE', #782, #3165, #664 ) ;
#2537 = CARTESIAN_POINT ( 'NONE',  ( -24.79336154196307973, 60.91897182961841395, 13.16875561530950201 ) ) ;
#2538 = LINE ( 'NONE', #1647, #2943 ) ;
#2539 = ADVANCED_FACE ( 'NONE', ( #2822 ), #3352, .F. ) ;
#2540 = VECTOR ( 'NONE', #834, 1000.000000000000000 ) ;
#2541 = AXIS2_PLACEMENT_3D ( 'NONE', #476, #2130, #2381 ) ;
#2542 = ADVANCED_FACE ( 'NONE', ( #1200 ), #3408, .T. ) ;
#2543 = EDGE_CURVE ( 'NONE', #3086, #422, #2861, .T. ) ;
#2544 = CARTESIAN_POINT ( 'NONE',  ( -24.96824587768268344, 58.22289190054758024, 41.67229123824780856 ) ) ;
#2545 = ORIENTED_EDGE ( 'NONE', *, *, #1312, .T. ) ;
#2546 = DIRECTION ( 'NONE',  ( -0.4999999999999976685, -0.7071067811865592301, -0.4999999999999857891 ) ) ;
#2547 = DATE_AND_TIME ( #1146, #2374 ) ;
#2548 = CARTESIAN_POINT ( 'NONE',  ( -18.85519852446945066, 58.94257123974903578, 37.38723272303597156 ) ) ;
#2549 = CARTESIAN_POINT ( 'NONE',  ( -26.49595492985529077, 60.79262548000464506, 4.659437695465872942 ) ) ;
#2550 = CARTESIAN_POINT ( 'NONE',  ( -36.17834332234169636, 53.99999999999998579, 26.40025253169435970 ) ) ;
#2551 = CARTESIAN_POINT ( 'NONE',  ( -41.24013921073241562, 58.28104772466918604, 24.72876885723861307 ) ) ;
#2552 = ORIENTED_EDGE ( 'NONE', *, *, #1138, .T. ) ;
#2553 = CARTESIAN_POINT ( 'NONE',  ( -25.38949730192760512, 61.36215423118796508, 9.466245093500557317 ) ) ;
#2554 = CARTESIAN_POINT ( 'NONE',  ( 0.7285109271514492724, 53.00000000000000711, 119.3928932188131284 ) ) ;
#2555 = ADVANCED_FACE ( 'NONE', ( #577 ), #2845, .T. ) ;
#2556 = CARTESIAN_POINT ( 'NONE',  ( -8.228595854036289126, 58.00000000000000000, -8.150000000000449774 ) ) ;
#2557 = ORIENTED_EDGE ( 'NONE', *, *, #65, .F. ) ;
#2558 = ORIENTED_EDGE ( 'NONE', *, *, #3282, .T. ) ;
#2559 = CARTESIAN_POINT ( 'NONE',  ( 0.02140414596434915551, 45.00000000000000711, 41.59999999999971010 ) ) ;
#2560 = CARTESIAN_POINT ( 'NONE',  ( -14.33363605035593658, 75.24950011898576463, -4.873386928426865161 ) ) ;
#2561 = EDGE_CURVE ( 'NONE', #1943, #151, #315, .T. ) ;
#2562 = CARTESIAN_POINT ( 'NONE',  ( -23.90429132343346907, 59.00000000000000711, 39.68304597993977012 ) ) ;
#2563 = CARTESIAN_POINT ( 'NONE',  ( -29.97859585403641347, 59.00000000000000711, -68.15000000000004832 ) ) ;
#2564 = CALENDAR_DATE ( 2026, 5, 6 ) ;
#2565 = CARTESIAN_POINT ( 'NONE',  ( -49.78134988796738725, 52.47435191592542481, 31.87708094311123830 ) ) ;
#2566 = CARTESIAN_POINT ( 'NONE',  ( -26.37647597658417808, 60.85412507775843949, 5.303251329534566239 ) ) ;
#2567 = FACE_OUTER_BOUND ( 'NONE', #3149, .T. ) ;
#2568 = CARTESIAN_POINT ( 'NONE',  ( -40.93360410971318686, 58.33972647807436829, 24.35776313334236320 ) ) ;
#2569 = VERTEX_POINT ( 'NONE', #2365 ) ;
#2570 = CARTESIAN_POINT ( 'NONE',  ( -24.45177636713864899, 61.08167453012621451, 9.830147481519542652 ) ) ;
#2571 = CARTESIAN_POINT ( 'NONE',  ( -33.15016872928938341, 45.00000000000000711, 52.59999999999992326 ) ) ;
#2572 = ADVANCED_FACE ( 'NONE', ( #1234 ), #3248, .F. ) ;
#2573 = ORIENTED_EDGE ( 'NONE', *, *, #1923, .F. ) ;
#2574 = VERTEX_POINT ( 'NONE', #3171 ) ;
#2575 = CARTESIAN_POINT ( 'NONE',  ( -25.54884171173089058, 60.55911850188881118, 15.10071648250606735 ) ) ;
#2576 = CARTESIAN_POINT ( 'NONE',  ( -66.81438229166238330, 59.00000000000000711, 50.43578643762714364 ) ) ;
#2577 = EDGE_CURVE ( 'NONE', #508, #1396, #2743, .T. ) ;
#2578 = ADVANCED_FACE ( 'NONE', ( #674 ), #2660, .F. ) ;
#2579 = CARTESIAN_POINT ( 'NONE',  ( -65.40016872928926261, 59.00000000000000711, 51.85000000000022169 ) ) ;
#2580 = DIRECTION ( 'NONE',  ( 0.8624211459689187231, 0.4591684756709719650, -0.2130588602608508020 ) ) ;
#2581 = CARTESIAN_POINT ( 'NONE',  ( -50.14762567057096732, 52.10206791086674372, 33.76902981653394420 ) ) ;
#2582 = CARTESIAN_POINT ( 'NONE',  ( -35.79910392973265942, 59.00000000000000711, 16.59208095095040392 ) ) ;
#2583 = CARTESIAN_POINT ( 'NONE',  ( -51.72859585403556082, 52.00000000000000711, 65.52157287525376717 ) ) ;
#2584 = CARTESIAN_POINT ( 'NONE',  ( -40.87626074428696654, 58.35084803990645241, 24.28670255620412277 ) ) ;
#2585 = ORIENTED_EDGE ( 'NONE', *, *, #1939, .T. ) ;
#2586 = CARTESIAN_POINT ( 'NONE',  ( -24.49284904847724675, 61.06211087000149718, 9.381425094288712074 ) ) ;
#2587 = AXIS2_PLACEMENT_3D ( 'NONE', #1426, #1208, #1466 ) ;
#2588 = CARTESIAN_POINT ( 'NONE',  ( -5.635450103528392596, 59.00000000000000711, -5.556854249492650055 ) ) ;
#2589 = AXIS2_PLACEMENT_3D ( 'NONE', #2974, #2368, #1022 ) ;
#2590 = EDGE_CURVE ( 'NONE', #1770, #882, #3469, .T. ) ;
#2591 = ORIENTED_EDGE ( 'NONE', *, *, #2016, .T. ) ;
#2592 = VERTEX_POINT ( 'NONE', #3507 ) ;
#2593 = VECTOR ( 'NONE', #1439, 1000.000000000000000 ) ;
#2594 = CARTESIAN_POINT ( 'NONE',  ( 5.678258395456493801, 59.00000000000000711, 5.756854249492021403 ) ) ;
#2595 = LINE ( 'NONE', #1212, #671 ) ;
#2596 = B_SPLINE_CURVE_WITH_KNOTS ( 'NONE', 3,
 ( #1966, #2021, #2233, #2869, #3391, #2813, #3133, #2501, #6, #3092, #2307, #295, #3350, #311, #1744, #570, #923, #2537, #2794, #1414, #2517, #1156, #2854, #3430, #352, #1469, #2575, #2423, #163, #433, #368, #1876, #2714, #453, #1842, #3528, #1552, #214, #3550, #731 ),
 .UNSPECIFIED., .F., .F.,
 ( 4, 2, 2, 2, 2, 2, 2, 2, 2, 2, 2, 2, 2, 1, 2, 2, 2, 1, 2, 2, 4 ),
 ( 0.000000000000000000, 0.06250000000000145717, 0.1250000000000029143, 0.2500000000000059952, 0.3125000000000072720, 0.3750000000000085487, 0.4375000000000098810, 0.4687500000000104361, 0.5000000000000109912, 0.5625000000000121014, 0.5937500000000123235, 0.6250000000000124345, 0.6875000000000121014, 0.7187500000000116573, 0.7343750000000113243, 0.7500000000000109912, 0.8125000000000091038, 0.8437500000000078826, 0.8593750000000068834, 0.8750000000000059952, 1.000000000000000000 ),
 .UNSPECIFIED. ) ;
#2597 =( BOUNDED_CURVE ( )  B_SPLINE_CURVE ( 3, ( #1800, #2398, #2417, #725 ),
 .UNSPECIFIED., .F., .T. ) 
 B_SPLINE_CURVE_WITH_KNOTS ( ( 4, 4 ),
 ( 3.141592653589793116, 4.188790204786392302 ),
 .UNSPECIFIED. ) 
 CURVE ( )  GEOMETRIC_REPRESENTATION_ITEM ( )  RATIONAL_B_SPLINE_CURVE ( ( 1.000000000000000000, 0.9106836025229588794, 0.9106836025229588794, 1.000000000000000000 ) ) 
 REPRESENTATION_ITEM ( '' )  );
#2598 = VECTOR ( 'NONE', #1218, 1000.000000000000000 ) ;
#2599 = CONICAL_SURFACE ( 'NONE', #3485, 26.99999999999998224, 0.7853981633974466137 ) ;
#2600 = CARTESIAN_POINT ( 'NONE',  ( 0.02140414596441854445, 52.07179676972448590, 50.59999999999969589 ) ) ;
#2601 = EDGE_CURVE ( 'NONE', #663, #3289, #3595, .T. ) ;
#2602 = EDGE_CURVE ( 'NONE', #151, #2905, #2597, .T. ) ;
#2603 = LINE ( 'NONE', #1987, #1958 ) ;
#2604 = PERSON_AND_ORGANIZATION_ROLE ( 'classification_officer' ) ;
#2605 = FACE_OUTER_BOUND ( 'NONE', #843, .T. ) ;
#2606 = CARTESIAN_POINT ( 'NONE',  ( -25.05018431330909578, 60.78685092646139054, 7.015215235287875828 ) ) ;
#2607 = FACE_OUTER_BOUND ( 'NONE', #1556, .T. ) ;
#2608 = DIRECTION ( 'NONE',  ( 0.000000000000000000, -1.000000000000000000, 0.000000000000000000 ) ) ;
#2609 = ORIENTED_EDGE ( 'NONE', *, *, #2016, .F. ) ;
#2610 = CARTESIAN_POINT ( 'NONE',  ( -24.43034115302583587, 61.09188450984843399, 10.72904825911208881 ) ) ;
#2611 = APPROVAL_PERSON_ORGANIZATION ( #2524, #148, #30 ) ;
#2612 = DIRECTION ( 'NONE',  ( 1.000000000000000000, -0.000000000000000000, -6.982962677686266711E-15 ) ) ;
#2613 = ORIENTED_EDGE ( 'NONE', *, *, #1904, .F. ) ;
#2614 = EDGE_LOOP ( 'NONE', ( #1976, #35, #3591, #1117 ) ) ;
#2615 = LINE ( 'NONE', #2576, #2304 ) ;
#2616 = ORIENTED_EDGE ( 'NONE', *, *, #1047, .T. ) ;
#2617 = CARTESIAN_POINT ( 'NONE',  ( -39.89352292476564799, 59.00000000000000711, 24.54375510881715883 ) ) ;
#2618 = ADVANCED_FACE ( 'NONE', ( #3490 ), #3224, .T. ) ;
#2619 = CARTESIAN_POINT ( 'NONE',  ( -31.22859585403577398, 53.99999999999998579, 38.35000000000013642 ) ) ;
#2620 = DIRECTION ( 'NONE',  ( 0.000000000000000000, -1.000000000000000000, 0.000000000000000000 ) ) ;
#2621 = DIRECTION ( 'NONE',  ( -0.7071067811865524577, 0.000000000000000000, -0.7071067811865426878 ) ) ;
#2622 = DIRECTION ( 'NONE',  ( -0.000000000000000000, -1.000000000000000000, 0.000000000000000000 ) ) ;
#2623 = CARTESIAN_POINT ( 'NONE',  ( -41.08925395343909770, 58.30978658612259835, 24.54778317227888351 ) ) ;
#2624 = EDGE_LOOP ( 'NONE', ( #1136, #3273, #1847, #387, #2350 ) ) ;
#2625 = CARTESIAN_POINT ( 'NONE',  ( -26.97691775120657098, 60.54505869742219204, 15.79101963859496571 ) ) ;
#2626 = CARTESIAN_POINT ( 'NONE',  ( -35.47859585403568161, 45.00000000000000711, 35.59999999999995879 ) ) ;
#2627 = EDGE_LOOP ( 'NONE', ( #1755, #1280, #1027, #3180 ) ) ;
#2628 = VERTEX_POINT ( 'NONE', #2677 ) ;
#2629 = ADVANCED_FACE ( 'NONE', ( #3207 ), #3523, .T. ) ;
#2630 = CARTESIAN_POINT ( 'NONE',  ( -39.22046120771720012, 58.43742676067117969, 20.69770968453468996 ) ) ;
#2631 = EDGE_LOOP ( 'NONE', ( #257, #1938, #1259, #3573 ) ) ;
#2632 = CARTESIAN_POINT ( 'NONE',  ( -39.56164183397568479, 59.00000000000000711, 24.02569546939774980 ) ) ;
#2633 = CARTESIAN_POINT ( 'NONE',  ( -25.57174160454341560, 53.00000000000000711, 37.00685424949245572 ) ) ;
#2634 = CARTESIAN_POINT ( 'NONE',  ( 9.479604363939952094, 53.00000000000000711, 110.6417997820245205 ) ) ;
#2635 = CARTESIAN_POINT ( 'NONE',  ( -39.56164183397568479, 59.00000000000000711, 24.02569546939774980 ) ) ;
#2636 = LINE ( 'NONE', #480, #854 ) ;
#2637 = DIRECTION ( 'NONE',  ( 6.938893903907222067E-15, 0.000000000000000000, 1.000000000000000000 ) ) ;
#2638 = VERTEX_POINT ( 'NONE', #707 ) ;
#2639 = EDGE_CURVE ( 'NONE', #1587, #791, #1856, .T. ) ;
#2640 = CARTESIAN_POINT ( 'NONE',  ( -17.48649135486715167, 59.00270875324677888, 36.76702020057754083 ) ) ;
#2641 = LINE ( 'NONE', #3551, #2817 ) ;
#2642 = UNCERTAINTY_MEASURE_WITH_UNIT (LENGTH_MEASURE( 1.000000000000000082E-05 ), #1335, 'distance_accuracy_value', 'NONE');
#2643 = CONICAL_SURFACE ( 'NONE', #2465, 1.000000000000000888, 0.7853981633974496113 ) ;
#2644 = ORIENTED_EDGE ( 'NONE', *, *, #2699, .F. ) ;
#2645 = ORIENTED_EDGE ( 'NONE', *, *, #616, .T. ) ;
#2646 = EDGE_CURVE ( 'NONE', #1736, #2269, #2972, .T. ) ;
#2647 = AXIS2_PLACEMENT_3D ( 'NONE', #1589, #441, #2923 ) ;
#2648 = AXIS2_PLACEMENT_3D ( 'NONE', #82, #3380, #2279 ) ;
#2649 = CARTESIAN_POINT ( 'NONE',  ( -36.18479936282741249, 59.00000000000000711, 17.44537251924979770 ) ) ;
#2650 = VECTOR ( 'NONE', #719, 1000.000000000000114 ) ;
#2651 = ORIENTED_EDGE ( 'NONE', *, *, #3545, .F. ) ;
#2652 = AXIS2_PLACEMENT_3D ( 'NONE', #3192, #2608, #1463 ) ;
#2653 = CARTESIAN_POINT ( 'NONE',  ( -15.39923563845068877, 60.45224594390833772, 25.89463093994648091 ) ) ;
#2654 = VECTOR ( 'NONE', #449, 1000.000000000000000 ) ;
#2655 = CARTESIAN_POINT ( 'NONE',  ( -32.56438229166247567, 54.38119784648299060, 49.18578643762679548 ) ) ;
#2656 = EDGE_CURVE ( 'NONE', #1824, #197, #3027, .T. ) ;
#2657 = ORIENTED_EDGE ( 'NONE', *, *, #139, .F. ) ;
#2658 = CARTESIAN_POINT ( 'NONE',  ( 0.02140414596425201099, 53.00000000000000711, 27.09999999999968168 ) ) ;
#2659 = CARTESIAN_POINT ( 'NONE',  ( -17.46765405804674742, 53.99999999999998579, 27.48855314062255317 ) ) ;
#2660 = PLANE ( 'NONE',  #1774 ) ;
#2661 = AXIS2_PLACEMENT_3D ( 'NONE', #2985, #513, #3277 ) ;
#2662 = PLANE ( 'NONE',  #2082 ) ;
#2663 = LINE ( 'NONE', #762, #3116 ) ;
#2664 = VERTEX_POINT ( 'NONE', #264 ) ;
#2665 = CARTESIAN_POINT ( 'NONE',  ( -35.47859585403568161, 53.00000000000000711, 35.59999999999995879 ) ) ;
#2666 = DIRECTION ( 'NONE',  ( -0.7071067811865410224, 0.000000000000000000, 0.7071067811865540120 ) ) ;
#2667 = CARTESIAN_POINT ( 'NONE',  ( -51.72859585403554661, 46.00000000000000711, 67.52157287525376717 ) ) ;
#2668 = ORIENTED_EDGE ( 'NONE', *, *, #872, .F. ) ;
#2669 = ORIENTED_EDGE ( 'NONE', *, *, #149, .T. ) ;
#2670 = CARTESIAN_POINT ( 'NONE',  ( -31.15016872928937630, 52.64914703891411563, 49.59999999999990195 ) ) ;
#2671 = ORIENTED_EDGE ( 'NONE', *, *, #542, .T. ) ;
#2672 = DIRECTION ( 'NONE',  ( -7.021499783715644758E-15, 0.000000000000000000, -1.000000000000000000 ) ) ;
#2673 = CARTESIAN_POINT ( 'NONE',  ( 22.02140414596413009, 59.00000000000000711, 35.92050807568826087 ) ) ;
#2674 = LINE ( 'NONE', #983, #1325 ) ;
#2675 = CARTESIAN_POINT ( 'NONE',  ( -17.72125610358019188, 59.00000000000002842, 36.48660629895901764 ) ) ;
#2676 = ADVANCED_FACE ( 'NONE', ( #553 ), #1597, .F. ) ;
#2677 = CARTESIAN_POINT ( 'NONE',  ( -36.17834332234169636, 58.00000000000000000, 26.40025253169435970 ) ) ;
#2678 = LINE ( 'NONE', #986, #3600 ) ;
#2679 = CARTESIAN_POINT ( 'NONE',  ( -6.228595854035736679, 60.15814619359861837, 27.84999999999973852 ) ) ;
#2680 = CARTESIAN_POINT ( 'NONE',  ( -17.53779716920587006, 59.74797290133530225, 34.78192279783703356 ) ) ;
#2681 = CARTESIAN_POINT ( 'NONE',  ( -8.514387321713863699, 61.30820489229929393, 25.61571206089574915 ) ) ;
#2682 = CARTESIAN_POINT ( 'NONE',  ( -28.04929296963157981, 59.99307324083179793, 17.06135604089226021 ) ) ;
#2683 = ORIENTED_EDGE ( 'NONE', *, *, #2910, .F. ) ;
#2684 = ORIENTED_EDGE ( 'NONE', *, *, #1140, .F. ) ;
#2685 = DIRECTION ( 'NONE',  ( 0.7071067811865463515, 0.000000000000000000, -0.7071067811865487940 ) ) ;
#2686 = EDGE_LOOP ( 'NONE', ( #2232, #1155, #1937, #2354 ) ) ;
#2687 = FACE_OUTER_BOUND ( 'NONE', #3332, .T. ) ;
#2688 = CARTESIAN_POINT ( 'NONE',  ( -26.87926796654727113, 60.59532213138174228, 2.717187617062216454 ) ) ;
#2689 = ADVANCED_FACE ( 'NONE', ( #3283 ), #479, .F. ) ;
#2690 = DIRECTION ( 'NONE',  ( -0.000000000000000000, -1.000000000000000000, 0.000000000000000000 ) ) ;
#2691 = CARTESIAN_POINT ( 'NONE',  ( -40.47859585403593030, 46.00000000000000711, 0.09999999999998031297 ) ) ;
#2692 = CARTESIAN_POINT ( 'NONE',  ( -50.31438229166246856, 46.00000000000000711, 66.93578643762685942 ) ) ;
#2693 = DIRECTION ( 'NONE',  ( 0.7071067811865490160, 0.000000000000000000, 0.7071067811865460184 ) ) ;
#2694 = CARTESIAN_POINT ( 'NONE',  ( -6.228595854035711810, 45.00000000000000711, 31.34999999999973852 ) ) ;
#2695 = CARTESIAN_POINT ( 'NONE',  ( -46.99031193246638338, 49.00000000000000711, 30.61171607843058595 ) ) ;
#2696 = DIRECTION ( 'NONE',  ( 6.982962677686266711E-15, -0.000000000000000000, 1.000000000000000000 ) ) ;
#2697 = ORIENTED_EDGE ( 'NONE', *, *, #1618, .F. ) ;
#2698 = ORIENTED_EDGE ( 'NONE', *, *, #3094, .F. ) ;
#2699 = EDGE_CURVE ( 'NONE', #3131, #2376, #1931, .T. ) ;
#2700 = FACE_OUTER_BOUND ( 'NONE', #1809, .T. ) ;
#2701 = EDGE_LOOP ( 'NONE', ( #443, #2939, #1502, #1911, #2070, #2510, #2283, #659 ) ) ;
#2702 = CONICAL_SURFACE ( 'NONE', #1717, 26.99999999999998224, 0.7853981633974466137 ) ;
#2703 = CARTESIAN_POINT ( 'NONE',  ( 0.02140414596434915551, 53.00000000000000711, 40.59999999999970299 ) ) ;
#2704 = CARTESIAN_POINT ( 'NONE',  ( -50.47859585403571003, 46.00000000000000711, 33.27157287525385954 ) ) ;
#2705 = VECTOR ( 'NONE', #3410, 999.9999999999998863 ) ;
#2706 = FACE_OUTER_BOUND ( 'NONE', #3293, .T. ) ;
#2707 = VECTOR ( 'NONE', #2096, 1000.000000000000000 ) ;
#2708 = CARTESIAN_POINT ( 'NONE',  ( -21.03920401344101876, 59.00000000000000000, 38.06554221955538964 ) ) ;
#2709 = EDGE_CURVE ( 'NONE', #1378, #2880, #1832, .T. ) ;
#2710 = DIRECTION ( 'NONE',  ( 0.7071067811865474617, -0.7071067811865474617, -4.937700262164531476E-15 ) ) ;
#2711 = CARTESIAN_POINT ( 'NONE',  ( -10.39658624618127014, 53.00000000000000711, 25.55962095248793986 ) ) ;
#2712 = CARTESIAN_POINT ( 'NONE',  ( -10.39658624615342042, 61.08813180891939254, 24.55962240621902026 ) ) ;
#2713 = CARTESIAN_POINT ( 'NONE',  ( -22.52756022783903234, 58.93387828288904018, 39.56041209619446875 ) ) ;
#2714 = CARTESIAN_POINT ( 'NONE',  ( -26.14962670926231425, 60.27295171828805564, 16.11369469996461490 ) ) ;
#2715 = AXIS2_PLACEMENT_3D ( 'NONE', #3339, #1071, #1351 ) ;
#2716 = CARTESIAN_POINT ( 'NONE',  ( -37.63484455770061743, 58.90818604361331268, 19.56817847663495158 ) ) ;
#2717 = CONICAL_SURFACE ( 'NONE', #1031, 6.999999999999992006, 0.7853981633974560506 ) ;
#2718 = ORIENTED_EDGE ( 'NONE', *, *, #580, .T. ) ;
#2719 = ORIENTED_EDGE ( 'NONE', *, *, #1174, .T. ) ;
#2720 = CARTESIAN_POINT ( 'NONE',  ( -36.02101307274878650, 59.00000000000001421, 17.08346462523862286 ) ) ;
#2721 = VERTEX_POINT ( 'NONE', #1348 ) ;
#2722 = ORIENTED_EDGE ( 'NONE', *, *, #3522, .T. ) ;
#2723 = CARTESIAN_POINT ( 'NONE',  ( -34.56438229166066378, 51.26617457242516451, 51.18578643762501912 ) ) ;
#2724 = CARTESIAN_POINT ( 'NONE',  ( -10.72316667808619606, 61.08812833987786206, 24.55962095248796473 ) ) ;
#2725 = CARTESIAN_POINT ( 'NONE',  ( -26.27884838572994752, 53.99999999999998579, 36.29974746830593091 ) ) ;
#2726 = CARTESIAN_POINT ( 'NONE',  ( -17.45921905137047858, 59.00000000000000711, 36.36753424752702557 ) ) ;
#2727 = EDGE_CURVE ( 'NONE', #2246, #2456, #501, .T. ) ;
#2728 = FACE_OUTER_BOUND ( 'NONE', #2359, .T. ) ;
#2729 = CARTESIAN_POINT ( 'NONE',  ( -23.83046988501677532, 58.40273611248844787, 40.73333112538679046 ) ) ;
#2730 = FACE_OUTER_BOUND ( 'NONE', #1997, .T. ) ;
#2731 = B_SPLINE_CURVE_WITH_KNOTS ( 'NONE', 1,
 ( #2064, #915 ),
 .UNSPECIFIED., .F., .F.,
 ( 2, 2 ),
 ( 0.000000000000000000, 0.0009493851730700706088 ),
 .UNSPECIFIED. ) ;
#2732 = CARTESIAN_POINT ( 'NONE',  ( -3.152282082871943114, 60.39404971841185699, 25.91341412015439616 ) ) ;
#2733 = LINE ( 'NONE', #2509, #1248 ) ;
#2734 = ORIENTED_EDGE ( 'NONE', *, *, #1759, .F. ) ;
#2735 = ORIENTED_EDGE ( 'NONE', *, *, #2519, .T. ) ;
#2736 = CC_DESIGN_PERSON_AND_ORGANIZATION_ASSIGNMENT ( #3397, #593, ( #2203 ) ) ;
#2737 = CARTESIAN_POINT ( 'NONE',  ( -38.10212877702736023, 59.00000000000000711, 21.46863760094373674 ) ) ;
#2738 = PLANE ( 'NONE',  #3121 ) ;
#2739 = ORIENTED_EDGE ( 'NONE', *, *, #249, .F. ) ;
#2740 = ORIENTED_EDGE ( 'NONE', *, *, #1821, .T. ) ;
#2741 = CARTESIAN_POINT ( 'NONE',  ( -18.24329609295950050, 58.96618679394781282, 37.00906830112747059 ) ) ;
#2742 = CARTESIAN_POINT ( 'NONE',  ( -10.39658624618120442, 53.00000000000000711, 34.55962095248796118 ) ) ;
#2743 = B_SPLINE_CURVE_WITH_KNOTS ( 'NONE', 1,
 ( #2635, #118 ),
 .UNSPECIFIED., .F., .F.,
 ( 2, 2 ),
 ( 0.000000000000000000, 1.000000000000000000 ),
 .UNSPECIFIED. ) ;
#2744 = LINE ( 'NONE', #778, #1547 ) ;
#2745 = LINE ( 'NONE', #2491, #908 ) ;
#2746 = LINE ( 'NONE', #2783, #3429 ) ;
#2747 = LINE ( 'NONE', #13, #971 ) ;
#2748 = DIRECTION ( 'NONE',  ( -6.608470384673560490E-15, 0.000000000000000000, -1.000000000000000000 ) ) ;
#2749 = ORIENTED_EDGE ( 'NONE', *, *, #2219, .T. ) ;
#2750 = ORIENTED_EDGE ( 'NONE', *, *, #905, .T. ) ;
#2751 = CARTESIAN_POINT ( 'NONE',  ( -36.60441843368505488, 59.00000000000001421, 18.36589906412855910 ) ) ;
#2752 = CARTESIAN_POINT ( 'NONE',  ( -50.31438229166247567, 52.00000000000000711, 66.93578643762685942 ) ) ;
#2753 = EDGE_CURVE ( 'NONE', #3500, #2157, #2760, .T. ) ;
#2754 = ORIENTED_EDGE ( 'NONE', *, *, #3278, .F. ) ;
#2755 = ORIENTED_EDGE ( 'NONE', *, *, #1059, .F. ) ;
#2756 = CARTESIAN_POINT ( 'NONE',  ( -31.75567679714604807, 52.47435191592552428, 49.90275403393140863 ) ) ;
#2757 = CARTESIAN_POINT ( 'NONE',  ( -23.42641981728166201, 58.46410161513777126, 40.42886667852268090 ) ) ;
#2758 = VECTOR ( 'NONE', #2379, 1000.000000000000000 ) ;
#2759 = CONICAL_SURFACE ( 'NONE', #1655, 5.999999999999998224, 0.7853981633974471688 ) ;
#2760 = LINE ( 'NONE', #3601, #2073 ) ;
#2761 = DIRECTION ( 'NONE',  ( -0.4999999999999941713, 0.7071067811865475727, 0.5000000000000059952 ) ) ;
#2762 = AXIS2_PLACEMENT_3D ( 'NONE', #2328, #3466, #2004 ) ;
#2763 = LINE ( 'NONE', #231, #2964 ) ;
#2764 = FACE_OUTER_BOUND ( 'NONE', #347, .T. ) ;
#2765 = PLANE ( 'NONE',  #906 ) ;
#2766 = AXIS2_PLACEMENT_3D ( 'NONE', #2956, #158, #2151 ) ;
#2767 = VERTEX_POINT ( 'NONE', #3335 ) ;
#2768 = EDGE_LOOP ( 'NONE', ( #2075, #2749, #2053, #1134 ) ) ;
#2769 = AXIS2_PLACEMENT_3D ( 'NONE', #1860, #2977, #942 ) ;
#2770 = CONICAL_SURFACE ( 'NONE', #3070, 1.000000000000000888, 0.7853981633974471688 ) ;
#2771 = DIRECTION ( 'NONE',  ( -6.938893903907236266E-15, 0.000000000000000000, -1.000000000000000000 ) ) ;
#2772 = DIRECTION ( 'NONE',  ( -0.7071067811865487940, -0.000000000000000000, -0.7071067811865463515 ) ) ;
#2773 = CONICAL_SURFACE ( 'NONE', #3249, 9.000000000000000000, 0.7853981633974407295 ) ;
#2774 = ORIENTED_EDGE ( 'NONE', *, *, #2090, .T. ) ;
#2775 = ORIENTED_EDGE ( 'NONE', *, *, #139, .T. ) ;
#2776 = CARTESIAN_POINT ( 'NONE',  ( -33.77139523962636503, 51.88000599570538185, 50.39279938559069905 ) ) ;
#2777 = CARTESIAN_POINT ( 'NONE',  ( -21.70427719690576041, 58.70077684123021555, 39.21996646865545699 ) ) ;
#2778 = CC_DESIGN_APPROVAL ( #3393, ( #2203 ) ) ;
#2779 = DIRECTION ( 'NONE',  ( 0.7071067811865524577, 0.000000000000000000, 0.7071067811865426878 ) ) ;
#2780 = CARTESIAN_POINT ( 'NONE',  ( -9.420022958620581477, 61.06679104416309656, 24.60441217986015161 ) ) ;
#2781 = CYLINDRICAL_SURFACE ( 'NONE', #2306, 26.00000000000000355 ) ;
#2782 = EDGE_CURVE ( 'NONE', #273, #2141, #2023, .T. ) ;
#2783 = CARTESIAN_POINT ( 'NONE',  ( 40.52140414596435392, 53.00000000000000711, 40.59999999999941878 ) ) ;
#2784 = CARTESIAN_POINT ( 'NONE',  ( 1.293618733967912382, 60.30761779544235424, 26.07664533498812176 ) ) ;
#2785 = CARTESIAN_POINT ( 'NONE',  ( -38.75770175139529528, 58.75812185063958992, 21.31444926265844231 ) ) ;
#2786 = ORIENTED_EDGE ( 'NONE', *, *, #3545, .T. ) ;
#2787 = ORIENTED_EDGE ( 'NONE', *, *, #606, .T. ) ;
#2788 = CARTESIAN_POINT ( 'NONE',  ( -38.59228418493387380, 59.00000000000000000, 22.38791852729866960 ) ) ;
#2789 = CARTESIAN_POINT ( 'NONE',  ( -25.97859585403593030, 60.29525071777889877, 0.7357888139838305586 ) ) ;
#2790 = MANIFOLD_SOLID_BREP ( '\X2\5b9e4f53\X0\-\X2\79fb52a8\X0\/\X2\590d5236\X0\21[2]', #1253 ) ;
#2791 = B_SPLINE_CURVE_WITH_KNOTS ( 'NONE', 3,
 ( #2682, #3529, #3609, #1920, #561, #1639, #271, #1936, #1390, #1656 ),
 .UNSPECIFIED., .F., .F.,
 ( 4, 2, 2, 2, 4 ),
 ( 0.000000000000000000, 0.2500000000000003331, 0.5000000000000002220, 0.7500000000000001110, 1.000000000000000000 ),
 .UNSPECIFIED. ) ;
#2792 = VERTEX_POINT ( 'NONE', #1619 ) ;
#2793 = ORIENTED_EDGE ( 'NONE', *, *, #2454, .T. ) ;
#2794 = CARTESIAN_POINT ( 'NONE',  ( -24.85512842231895192, 60.88954633363205460, 13.38416328023017954 ) ) ;
#2795 = DIRECTION ( 'NONE',  ( 0.000000000000000000, 1.000000000000000000, 0.000000000000000000 ) ) ;
#2796 = ADVANCED_FACE ( 'NONE', ( #2728 ), #777, .T. ) ;
#2797 = CARTESIAN_POINT ( 'NONE',  ( -10.39658624618120442, 53.00000000000000711, 34.55962095248796118 ) ) ;
#2798 = ADVANCED_FACE ( 'NONE', ( #1399 ), #2142, .T. ) ;
#2799 = ADVANCED_FACE ( 'NONE', ( #3546, #2489 ), #209, .T. ) ;
#2800 = CARTESIAN_POINT ( 'NONE',  ( -38.35063419437059196, 58.81828921705709945, 20.68924363473844608 ) ) ;
#2801 = DIRECTION ( 'NONE',  ( 3.491481338843121522E-15, 0.8660254037844397068, 0.4999999999999982792 ) ) ;
#2802 = B_SPLINE_CURVE_WITH_KNOTS ( 'NONE', 3,
 ( #1449, #1716, #55, #1169, #2286, #3405, #3105, #2829, #2653, #475, #742, #2108, #420, #2147, #2163, #3263, #1868, #3218, #757, #997, #224, #1051, #2724, #2394 ),
 .UNSPECIFIED., .F., .F.,
 ( 4, 2, 2, 2, 2, 2, 2, 2, 2, 2, 2, 4 ),
 ( 0.000000000000000000, 0.09098815918001024183, 0.1364822387700157236, 0.1819763183600212331, 0.2729644775400321688, 0.3639526367200431878, 0.4094467163100486973, 0.4549407959000542068, 0.5004348754900597163, 0.5459289550800652258, 0.6369171142600760227, 0.7279052734400868196 ),
 .UNSPECIFIED. ) ;
#2803 = CARTESIAN_POINT ( 'NONE',  ( -16.93995189492801501, 59.99307324083185478, 28.17069711559564738 ) ) ;
#2804 = CARTESIAN_POINT ( 'NONE',  ( 1.330135381148756402, 60.60766115662854503, 26.97670034887810075 ) ) ;
#2805 = CARTESIAN_POINT ( 'NONE',  ( -17.14976125110997174, 59.84445459337023721, 27.17064642102372218 ) ) ;
#2806 = ORIENTED_EDGE ( 'NONE', *, *, #3468, .T. ) ;
#2807 = ORIENTED_EDGE ( 'NONE', *, *, #1130, .F. ) ;
#2808 = CARTESIAN_POINT ( 'NONE',  ( -38.94372916115684546, 59.00000000000001421, 23.00985149899017301 ) ) ;
#2809 = CARTESIAN_POINT ( 'NONE',  ( -60.15817449424140051, 63.00000000000000000, 43.77957864020596190 ) ) ;
#2810 = ORIENTED_EDGE ( 'NONE', *, *, #1243, .T. ) ;
#2811 = ORIENTED_EDGE ( 'NONE', *, *, #2699, .T. ) ;
#2812 = ADVANCED_FACE ( 'NONE', ( #799 ), #2468, .F. ) ;
#2813 = CARTESIAN_POINT ( 'NONE',  ( -24.49270788450813896, 61.06217911407041754, 9.382307032569492833 ) ) ;
#2814 = CARTESIAN_POINT ( 'NONE',  ( -66.81438229166236908, 46.00000000000000711, 53.26421356237334237 ) ) ;
#2815 = DIRECTION ( 'NONE',  ( -0.000000000000000000, -1.000000000000000000, 0.000000000000000000 ) ) ;
#2816 = VERTEX_POINT ( 'NONE', #1092 ) ;
#2817 = VECTOR ( 'NONE', #3512, 1000.000000000000000 ) ;
#2818 = DIRECTION ( 'NONE',  ( -0.7071067811865386910, 0.000000000000000000, 0.7071067811865564545 ) ) ;
#2819 = EDGE_CURVE ( 'NONE', #2066, #3376, #330, .T. ) ;
#2820 = VECTOR ( 'NONE', #3629, 1000.000000000000000 ) ;
#2821 = LINE ( 'NONE', #2061, #2598 ) ;
#2822 = FACE_OUTER_BOUND ( 'NONE', #1302, .T. ) ;
#2823 = PLANE ( 'NONE',  #1969 ) ;
#2824 = CIRCLE ( 'NONE', #844, 11.00000000000001421 ) ;
#2825 = ORIENTED_EDGE ( 'NONE', *, *, #2298, .T. ) ;
#2826 = ORIENTED_EDGE ( 'NONE', *, *, #1624, .T. ) ;
#2827 = FACE_OUTER_BOUND ( 'NONE', #507, .T. ) ;
#2828 = CARTESIAN_POINT ( 'NONE',  ( -34.43821680652403217, 53.00000000000000711, 10.51799039214557574 ) ) ;
#2829 = CARTESIAN_POINT ( 'NONE',  ( -15.67563521795318415, 60.37334122877972220, 26.06026720907172844 ) ) ;
#2830 = VERTEX_POINT ( 'NONE', #3266 ) ;
#2831 = ORIENTED_EDGE ( 'NONE', *, *, #3185, .F. ) ;
#2832 = AXIS2_PLACEMENT_3D ( 'NONE', #2882, #1737, #2849 ) ;
#2833 = DIRECTION ( 'NONE',  ( -0.000000000000000000, -1.000000000000000000, 0.000000000000000000 ) ) ;
#2834 = CYLINDRICAL_SURFACE ( 'NONE', #3006, 1.999999999999999556 ) ;
#2835 = CIRCLE ( 'NONE', #1265, 9.000000000000021316 ) ;
#2836 = AXIS2_PLACEMENT_3D ( 'NONE', #3520, #2362, #1017 ) ;
#2837 = CARTESIAN_POINT ( 'NONE',  ( -35.79910392972465871, 49.00000000000000711, 0.09999999999994561850 ) ) ;
#2838 = ORIENTED_EDGE ( 'NONE', *, *, #1930, .T. ) ;
#2839 = CARTESIAN_POINT ( 'NONE',  ( -27.00353988041783637, 59.00000000000000711, 42.21073046400906037 ) ) ;
#2840 = ORGANIZATION ( 'æœª', 'æœª', '' ) ;
#2841 = PERSON_AND_ORGANIZATION ( #3342, #2840 ) ;
#2842 = EDGE_CURVE ( 'NONE', #1684, #2250, #2122, .T. ) ;
#2843 = FACE_OUTER_BOUND ( 'NONE', #2614, .T. ) ;
#2844 = CARTESIAN_POINT ( 'NONE',  ( -13.69564044050780716, 60.82655799285697640, 25.10878173356251963 ) ) ;
#2845 = B_SPLINE_SURFACE_WITH_KNOTS ( 'NONE', 1, 3, ( 
 ( #1694, #2805, #2263, #102, #1709, #359, #1733, #2844, #873, #1990, #379, #2295, #3418, #1219, #3099, #912, #2031, #1475 ),
 ( #2932, #188, #410, #396, #463, #1019, #2383, #157, #1511, #425, #692, #2897, #2133, #1002, #947, #1783, #448, #745 ) ),
 .UNSPECIFIED., .F., .F., .F.,
 ( 2, 2 ),
 ( 4, 2, 2, 2, 2, 2, 2, 2, 4 ),
 ( 0.000000000000000000, 1.000000000000000000 ),
 ( -0.7853981633974402854, -0.6505248843687586602, -0.5156516053400770350, -0.3807783263113954098, -0.2459050472827138123, -0.1110317682540321871, 0.02384151077464942425, 0.1587147898033310356, 0.2935880688320126608 ),
 .UNSPECIFIED. ) ;
#2846 = CARTESIAN_POINT ( 'NONE',  ( -40.47859585403564608, 46.00000000000000711, 40.59999999999998721 ) ) ;
#2847 = DIRECTION ( 'NONE',  ( 0.4738341848967502212, -0.8803712478008154374, 0.02067924729935100014 ) ) ;
#2848 = ORIENTED_EDGE ( 'NONE', *, *, #3230, .T. ) ;
#2849 = DIRECTION ( 'NONE',  ( 6.982939617164450418E-15, 0.000000000000000000, 1.000000000000000000 ) ) ;
#2850 = DIRECTION ( 'NONE',  ( 0.6889822365046194275, -0.6546536707079658735, 0.3110177634953968373 ) ) ;
#2851 = EDGE_LOOP ( 'NONE', ( #3274, #3096, #405, #277 ) ) ;
#2852 = EDGE_LOOP ( 'NONE', ( #2787, #1879, #2740, #238, #1534, #469, #1395, #1679, #887, #1359 ) ) ;
#2853 = EDGE_CURVE ( 'NONE', #1378, #3592, #1646, .T. ) ;
#2854 = CARTESIAN_POINT ( 'NONE',  ( -25.11314419837615830, 60.76665285079829459, 14.13121331644470580 ) ) ;
#2855 = CARTESIAN_POINT ( 'NONE',  ( -35.98303139023366981, 59.05947143316134884, 18.24178980200831646 ) ) ;
#2856 = CARTESIAN_POINT ( 'NONE',  ( -25.55553759986619156, 58.12604442658526693, 42.20327246635704199 ) ) ;
#2857 = LINE ( 'NONE', #116, #3062 ) ;
#2858 = B_SPLINE_CURVE_WITH_KNOTS ( 'NONE', 3,
 ( #2436, #174, #1330, #156, #2931, #3206, #478, #1799, #1275, #1870, #2382, #1254, #2364, #2971, #706, #2097, #964, #2416, #3265, #1596, #409, #1525, #2708, #2149, #2397, #3506, #1001, #3544, #1544, #133, #759, #1018, #3489, #1855, #1309, #2989, #1814, #2112, #3223, #461, #208, #3521, #724, #1564, #1837, #2953, #447, #2132, #2675, #1295, #776, #2726, #227, #1347, #1891, #3561, #1053, #3281, #3009 ),
 .UNSPECIFIED., .F., .F.,
 ( 4, 1, 1, 1, 2, 2, 1, 1, 1, 2, 2, 1, 1, 1, 2, 2, 1, 1, 1, 1, 2, 2, 1, 1, 1, 1, 2, 2, 1, 1, 1, 1, 2, 2, 1, 1, 1, 1, 1, 1, 2, 2, 4 ),
 ( 0.000000000000000000, 0.06250000000002252365, 0.09375000000003390344, 0.1093750000000395795, 0.1171875000000424244, 0.1250000000000452693, 0.1875000000000691669, 0.2187500000000811573, 0.2343750000000877076, 0.2421875000000915656, 0.2500000000000954237, 0.3125000000001140754, 0.3437500000001228462, 0.3593750000001277312, 0.3671875000001312839, 0.3750000000001347811, 0.4375000000001691425, 0.4687500000001874612, 0.4843750000001971756, 0.4921875000002025047, 0.4960937500002047251, 0.5000000000002068345, 0.5625000000002309264, 0.5937500000002429168, 0.6093750000002490230, 0.6171875000002514655, 0.6210937500002522427, 0.6250000000002530198, 0.6875000000002574607, 0.7187500000002606804, 0.7343750000002613465, 0.7421875000002621237, 0.7460937500002621237, 0.7500000000002620126, 0.8125000000002633449, 0.8437500000002651213, 0.8593750000002660094, 0.8671875000002658984, 0.8710937500002658984, 0.8730468750002657874, 0.8740234375002652323, 0.8750000000002646772, 1.000000000000000000 ),
 .UNSPECIFIED. ) ;
#2859 = CARTESIAN_POINT ( 'NONE',  ( -49.66971790839787815, 52.69794285505354736, 33.29112205436495486 ) ) ;
#2860 = EDGE_CURVE ( 'NONE', #326, #2192, #1912, .T. ) ;
#2861 = LINE ( 'NONE', #1148, #1076 ) ;
#2862 = CARTESIAN_POINT ( 'NONE',  ( -16.93995189492801501, 59.99307324083185478, 28.17069711559564738 ) ) ;
#2863 = CARTESIAN_POINT ( 'NONE',  ( -41.49883351026768707, 58.23260569998748792, 25.02952785909429068 ) ) ;
#2864 = ORIENTED_EDGE ( 'NONE', *, *, #2219, .F. ) ;
#2865 = DIRECTION ( 'NONE',  ( 6.938893903907222067E-15, 0.000000000000000000, 1.000000000000000000 ) ) ;
#2866 = CARTESIAN_POINT ( 'NONE',  ( -31.22859585403582727, 53.00000000000000711, 31.35000000000013998 ) ) ;
#2867 = ORIENTED_EDGE ( 'NONE', *, *, #2819, .T. ) ;
#2868 = ORIENTED_EDGE ( 'NONE', *, *, #393, .F. ) ;
#2869 = CARTESIAN_POINT ( 'NONE',  ( -24.64210757352797998, 60.99101263446519994, 8.496413309992368212 ) ) ;
#2870 = EDGE_CURVE ( 'NONE', #1922, #382, #3024, .T. ) ;
#2871 = CARTESIAN_POINT ( 'NONE',  ( -65.40016872928926261, 45.00000000000000711, 51.85000000000022169 ) ) ;
#2872 = EDGE_CURVE ( 'NONE', #1788, #969, #2835, .T. ) ;
#2873 = CARTESIAN_POINT ( 'NONE',  ( -23.42641981728166201, 58.46410161513777126, 40.42886667852268090 ) ) ;
#2874 = DIRECTION ( 'NONE',  ( 6.938893903907222067E-15, 0.000000000000000000, 1.000000000000000000 ) ) ;
#2875 =( BOUNDED_SURFACE ( )  B_SPLINE_SURFACE ( 3, 2, ( 
 ( #1841, #1584, #2680 ),
 ( #2640, #1569, #414 ),
 ( #2919, #466, #2153 ),
 ( #2976, #1005, #2959 ),
 ( #697, #764, #2713 ),
 ( #2117, #970, #3227 ) ),
 .UNSPECIFIED., .F., .F., .T. ) 
 B_SPLINE_SURFACE_WITH_KNOTS ( ( 4, 2, 4 ),
 ( 3, 3 ),
 ( 4.709247387731100076, 4.972617571857043117, 5.235987755982987046 ),
 ( 0.000000000000000000, 0.5664227210736645368 ),
 .UNSPECIFIED. ) 
 GEOMETRIC_REPRESENTATION_ITEM ( )  RATIONAL_B_SPLINE_SURFACE ( (
 ( 1.000000000000000000, 0.8336535120469112936, 0.8557518847886946833),
 ( 1.000000000000000000, 0.8461010978269537519, 0.8665458655321206516),
 ( 1.000000000000000000, 0.8579624558395111400, 0.8768314961950320896),
 ( 1.000000000000000000, 0.8800620539691372812, 0.8959952634398498095),
 ( 1.000000000000000000, 0.8903009442471487844, 0.9048739638117808681),
 ( 1.000000000000000000, 0.8995530801122479936, 0.9128969955970736017) ) ) 
 REPRESENTATION_ITEM ( '' )  SURFACE ( )  );
#2876 = CARTESIAN_POINT ( 'NONE',  ( -19.63005244032030916, 59.00000000000000711, 37.36930722853234244 ) ) ;
#2877 = DIRECTION ( 'NONE',  ( 1.000000000000000000, 0.000000000000000000, -6.982962677686266711E-15 ) ) ;
#2878 = CARTESIAN_POINT ( 'NONE',  ( 0.02140414596437691108, 60.59529471918388310, 27.00072536783020638 ) ) ;
#2879 = CARTESIAN_POINT ( 'NONE',  ( 0.02140414596406466086, 53.99999999999998579, 0.09999999999969581832 ) ) ;
#2880 = VERTEX_POINT ( 'NONE', #494 ) ;
#2881 = VECTOR ( 'NONE', #1296, 1000.000000000000114 ) ;
#2882 = CARTESIAN_POINT ( 'NONE',  ( 0.02140414596431446104, 49.00000000000000711, 35.92050807568841009 ) ) ;
#2883 = CIRCLE ( 'NONE', #375, 2.000000000000002665 ) ;
#2884 = CARTESIAN_POINT ( 'NONE',  ( 40.52140414596435392, 53.00000000000000711, 40.59999999999941878 ) ) ;
#2885 = VECTOR ( 'NONE', #747, 1000.000000000000114 ) ;
#2886 = EDGE_LOOP ( 'NONE', ( #126, #278, #837, #1818 ) ) ;
#2887 = VERTEX_POINT ( 'NONE', #3539 ) ;
#2888 = B_SPLINE_CURVE_WITH_KNOTS ( 'NONE', 3,
 ( #1608, #994, #2720, #1535, #2649, #736, #147, #1268, #789, #2513, #307, #2479, #1907, #1697, #2751, #3071, #3036, #1940, #275, #253, #526, #3291, #3050, #1924, #3313, #810, #1, #3020, #2457, #1681, #1356, #1115, #1409, #1642, #1376, #3588, #3612, #1081, #1100, #564, #2445, #2737, #236, #2175, #1977, #18, #541, #2194, #2788, #3570, #2229, #2808, #3088, #509, #1062, #2212, #3366, #3329 ),
 .UNSPECIFIED., .F., .F.,
 ( 4, 1, 1, 1, 1, 1, 1, 2, 2, 1, 1, 1, 1, 2, 2, 1, 1, 1, 1, 2, 2, 1, 1, 1, 2, 2, 1, 1, 1, 2, 2, 1, 1, 1, 2, 2, 1, 1, 1, 2, 2, 4 ),
 ( 0.000000000000000000, 0.06249999999995529965, 0.09374999999993244293, 0.1093749999999203137, 0.1171874999999141936, 0.1210937499999111128, 0.1230468749999095862, 0.1240234374999088091, 0.1249999999999080458, 0.1874999999999184541, 0.2187499999999242550, 0.2343749999999277522, 0.2421874999999294731, 0.2460937499999303057, 0.2499999999999311107, 0.3124999999999609757, 0.3437499999999769629, 0.3593749999999850120, 0.3671874999999890643, 0.3710937499999905631, 0.3749999999999920064, 0.4374999999999943379, 0.4687499999999949485, 0.4843749999999951705, 0.4921874999999947820, 0.4999999999999943379, 0.5624999999999844569, 0.5937499999999801270, 0.6093749999999779066, 0.6171874999999774625, 0.6249999999999770184, 0.6874999999999730216, 0.7187499999999710232, 0.7343749999999705791, 0.7421874999999703570, 0.7499999999999700240, 0.8124999999999740208, 0.8437499999999760192, 0.8593749999999781286, 0.8671874999999797939, 0.8749999999999813483, 1.000000000000000000 ),
 .UNSPECIFIED. ) ;
#2889 = CONICAL_SURFACE ( 'NONE', #1487, 1.000000000000000888, 0.7853981633974447263 ) ;
#2890 = CARTESIAN_POINT ( 'NONE',  ( -13.45495520575034654, 61.14082457671946713, 25.94089182847289621 ) ) ;
#2891 = EDGE_CURVE ( 'NONE', #3460, #662, #2162, .T. ) ;
#2892 = CARTESIAN_POINT ( 'NONE',  ( -40.79910392972463740, 57.66025403784439618, 0.09999999999998031297 ) ) ;
#2893 = CIRCLE ( 'NONE', #3246, 10.00000000000000178 ) ;
#2894 = CARTESIAN_POINT ( 'NONE',  ( -6.228595854035711810, 53.00000000000000711, 31.34999999999973852 ) ) ;
#2895 = CARTESIAN_POINT ( 'NONE',  ( -50.31438229166246856, 45.00000000000000711, 66.93578643762685942 ) ) ;
#2896 = CARTESIAN_POINT ( 'NONE',  ( -50.47859585403207916, 51.16393535009967763, 34.10000000000002274 ) ) ;
#2897 = CARTESIAN_POINT ( 'NONE',  ( -11.00846784611709239, 61.38257409633083483, 25.47123055243355338 ) ) ;
#2898 = CARTESIAN_POINT ( 'NONE',  ( -6.228595854035711810, 56.00000000000000000, 31.34999999999973852 ) ) ;
#2899 = ADVANCED_FACE ( 'NONE', ( #530 ), #1631, .T. ) ;
#2900 = DIRECTION ( 'NONE',  ( 0.7071067811865564545, 0.000000000000000000, 0.7071067811865385799 ) ) ;
#2901 = ORIENTED_EDGE ( 'NONE', *, *, #2656, .T. ) ;
#2902 = CARTESIAN_POINT ( 'NONE',  ( -25.33165426792607988, 61.39192787103466742, 10.71329735756822643 ) ) ;
#2903 = PLANE ( 'NONE',  #3414 ) ;
#2904 = VERTEX_POINT ( 'NONE', #1361 ) ;
#2905 = VERTEX_POINT ( 'NONE', #1033 ) ;
#2906 = ADVANCED_FACE ( 'NONE', ( #3040 ), #1014, .F. ) ;
#2907 = CARTESIAN_POINT ( 'NONE',  ( -26.29643309923128314, 58.00000000000000000, 42.91783724519560650 ) ) ;
#2908 = ORIENTED_EDGE ( 'NONE', *, *, #2872, .F. ) ;
#2909 = DIRECTION ( 'NONE',  ( 6.047423072554920300E-15, -0.4999999999999982236, 0.8660254037844395958 ) ) ;
#2910 = EDGE_CURVE ( 'NONE', #1064, #366, #814, .T. ) ;
#2911 = CARTESIAN_POINT ( 'NONE',  ( -24.86609987527733878, 53.99999999999998579, 7.624104172105057309 ) ) ;
#2912 = DIRECTION ( 'NONE',  ( 0.2672612419124205108, -0.9258200997725527515, -0.2672612419124242300 ) ) ;
#2913 = CC_DESIGN_PERSON_AND_ORGANIZATION_ASSIGNMENT ( #357, #1459, ( #569 ) ) ;
#2914 = DIRECTION ( 'NONE',  ( 0.4999999999999991118, 0.7071067811865500152, 0.4999999999999973910 ) ) ;
#2915 = ADVANCED_FACE ( 'NONE', ( #1380 ), #2217, .T. ) ;
#2916 = CARTESIAN_POINT ( 'NONE',  ( -29.97859585403593741, 59.00000000000000711, 0.09999999999990398514 ) ) ;
#2917 = CARTESIAN_POINT ( 'NONE',  ( -42.33483424621991276, 58.08083606014657363, 25.94559208496182023 ) ) ;
#2918 = ORIENTED_EDGE ( 'NONE', *, *, #885, .F. ) ;
#2919 = CARTESIAN_POINT ( 'NONE',  ( -18.54028295974310225, 58.88919696861390207, 37.64517987132491328 ) ) ;
#2920 = DIRECTION ( 'NONE',  ( 0.000000000000000000, -1.000000000000000000, 0.000000000000000000 ) ) ;
#2921 = ORIENTED_EDGE ( 'NONE', *, *, #655, .F. ) ;
#2922 = ORIENTED_EDGE ( 'NONE', *, *, #194, .F. ) ;
#2923 = DIRECTION ( 'NONE',  ( 1.000000000000000000, 0.000000000000000000, -6.982962677686266711E-15 ) ) ;
#2924 = EDGE_CURVE ( 'NONE', #2034, #1767, #1344, .T. ) ;
#2925 = ORIENTED_EDGE ( 'NONE', *, *, #1791, .F. ) ;
#2926 = EDGE_CURVE ( 'NONE', #1612, #2574, #2179, .T. ) ;
#2927 = DIRECTION ( 'NONE',  ( -4.937700262164522799E-15, 0.7071067811865487940, -0.7071067811865463515 ) ) ;
#2928 = LINE ( 'NONE', #998, #2181 ) ;
#2929 = ORIENTED_EDGE ( 'NONE', *, *, #763, .T. ) ;
#2930 = DIRECTION ( 'NONE',  ( 1.387778780781444413E-14, 0.000000000000000000, 1.000000000000000000 ) ) ;
#2931 = CARTESIAN_POINT ( 'NONE',  ( -23.14922913152925688, 59.00000000000001421, 39.21795350729178864 ) ) ;
#2932 = CARTESIAN_POINT ( 'NONE',  ( -16.93995189492801501, 59.99307324083185478, 28.17069711559564738 ) ) ;
#2933 = DIRECTION ( 'NONE',  ( -0.000000000000000000, -1.000000000000000000, -0.000000000000000000 ) ) ;
#2934 = CARTESIAN_POINT ( 'NONE',  ( 4.994791074390806607, 75.24950011898576463, 14.45504019631959380 ) ) ;
#2935 = ORIENTED_EDGE ( 'NONE', *, *, #1195, .T. ) ;
#2936 = CARTESIAN_POINT ( 'NONE',  ( -28.58726858102802382, 53.96941244227930667, 38.60816766360404984 ) ) ;
#2937 = FACE_OUTER_BOUND ( 'NONE', #3039, .T. ) ;
#2938 = AXIS2_PLACEMENT_3D ( 'NONE', #391, #703, #3168 ) ;
#2939 = ORIENTED_EDGE ( 'NONE', *, *, #2272, .T. ) ;
#2940 = ORIENTED_EDGE ( 'NONE', *, *, #2602, .T. ) ;
#2941 = AXIS2_PLACEMENT_3D ( 'NONE', #2866, #1184, #109 ) ;
#2942 = PLANE ( 'NONE',  #1252 ) ;
#2943 = VECTOR ( 'NONE', #2253, 999.9999999999998863 ) ;
#2944 = ORIENTED_EDGE ( 'NONE', *, *, #655, .T. ) ;
#2945 = VECTOR ( 'NONE', #1813, 1000.000000000000114 ) ;
#2946 = EDGE_CURVE ( 'NONE', #2721, #1922, #1901, .T. ) ;
#2947 = DIRECTION ( 'NONE',  ( -6.608470384673560490E-15, 0.000000000000000000, -1.000000000000000000 ) ) ;
#2948 = VECTOR ( 'NONE', #27, 1000.000000000000000 ) ;
#2949 = DIRECTION ( 'NONE',  ( 0.000000000000000000, 1.000000000000000000, -0.000000000000000000 ) ) ;
#2950 = CARTESIAN_POINT ( 'NONE',  ( -35.47859585403565319, 46.00000000000000711, 40.59999999999995168 ) ) ;
#2951 = AXIS2_PLACEMENT_3D ( 'NONE', #162, #3252, #1875 ) ;
#2952 = AXIS2_PLACEMENT_3D ( 'NONE', #1274, #2988, #155 ) ;
#2953 = CARTESIAN_POINT ( 'NONE',  ( -18.37811730005870814, 59.00000000000000000, 36.78727729378483957 ) ) ;
#2954 = DIRECTION ( 'NONE',  ( 0.7071067811865524577, 0.000000000000000000, 0.7071067811865426878 ) ) ;
#2955 = AXIS2_PLACEMENT_3D ( 'NONE', #1065, #1614, #223 ) ;
#2956 = CARTESIAN_POINT ( 'NONE',  ( -51.72859585403556082, 46.00000000000000711, 65.52157287525376717 ) ) ;
#2957 = DIRECTION ( 'NONE',  ( -0.7071067811865386910, 0.000000000000000000, 0.7071067811865564545 ) ) ;
#2958 = EDGE_CURVE ( 'NONE', #1613, #305, #3608, .T. ) ;
#2959 = CARTESIAN_POINT ( 'NONE',  ( -21.56325545074312799, 59.27630277419152094, 38.63452607162921026 ) ) ;
#2960 = CARTESIAN_POINT ( 'NONE',  ( -7.718665996029089982, 61.18436811937795028, 25.85629717926260440 ) ) ;
#2961 = DIRECTION ( 'NONE',  ( -0.000000000000000000, -1.000000000000000000, -0.000000000000000000 ) ) ;
#2962 = ORIENTED_EDGE ( 'NONE', *, *, #1227, .T. ) ;
#2963 = ORIENTED_EDGE ( 'NONE', *, *, #1849, .F. ) ;
#2964 = VECTOR ( 'NONE', #1622, 999.9999999999998863 ) ;
#2965 = CARTESIAN_POINT ( 'NONE',  ( -66.10727551047581585, 53.00000000000000711, 52.55710678118679624 ) ) ;
#2966 = ADVANCED_FACE ( 'NONE', ( #2252 ), #845, .T. ) ;
#2967 = ORIENTED_EDGE ( 'NONE', *, *, #938, .F. ) ;
#2968 = CYLINDRICAL_SURFACE ( 'NONE', #26, 2.100000000000000977 ) ;
#2969 = CIRCLE ( 'NONE', #1216, 11.00000000000000000 ) ;
#2970 = LINE ( 'NONE', #2111, #976 ) ;
#2971 = CARTESIAN_POINT ( 'NONE',  ( -22.14638095305622656, 59.00000000000000711, 38.64833361070765250 ) ) ;
#2972 = LINE ( 'NONE', #2691, #195 ) ;
#2973 = CARTESIAN_POINT ( 'NONE',  ( -39.49161899940097697, 58.62989754654575592, 22.40427568884399889 ) ) ;
#2974 = CARTESIAN_POINT ( 'NONE',  ( -31.22859585403589477, 59.00000000000000711, 6.349999999999916156 ) ) ;
#2975 = ADVANCED_FACE ( 'NONE', ( #1454 ), #1189, .F. ) ;
#2976 = CARTESIAN_POINT ( 'NONE',  ( -20.57630553856787614, 58.43742676067117969, 39.34186535368122861 ) ) ;
#2977 = DIRECTION ( 'NONE',  ( 0.7071067811865524577, 0.000000000000000000, 0.7071067811865426878 ) ) ;
#2978 =( BOUNDED_CURVE ( )  B_SPLINE_CURVE ( 3, ( #2655, #3021, #1507, #1488 ),
 .UNSPECIFIED., .F., .T. ) 
 B_SPLINE_CURVE_WITH_KNOTS ( ( 4, 4 ),
 ( 5.235987755982986158, 6.283185307179586232 ),
 .UNSPECIFIED. ) 
 CURVE ( )  GEOMETRIC_REPRESENTATION_ITEM ( )  RATIONAL_B_SPLINE_CURVE ( ( 1.000000000000000000, 0.9106836025229585463, 0.9106836025229585463, 1.000000000000000000 ) ) 
 REPRESENTATION_ITEM ( '' )  );
#2979 = CARTESIAN_POINT ( 'NONE',  ( -31.22859585403586991, 56.00000000000000000, 9.849999999999917932 ) ) ;
#2980 = ORIENTED_EDGE ( 'NONE', *, *, #708, .F. ) ;
#2981 = ORIENTED_EDGE ( 'NONE', *, *, #2891, .T. ) ;
#2982 = LINE ( 'NONE', #769, #1595 ) ;
#2983 = EDGE_LOOP ( 'NONE', ( #2750, #2698, #165, #2868 ) ) ;
#2984 = ADVANCED_FACE ( 'NONE', ( #903 ), #335, .F. ) ;
#2985 = CARTESIAN_POINT ( 'NONE',  ( -48.47859585403593741, 50.91709623134523355, 0.1000000000000358241 ) ) ;
#2986 = ADVANCED_FACE ( 'NONE', ( #3108 ), #1397, .T. ) ;
#2987 = DIRECTION ( 'NONE',  ( 6.938893903907236266E-15, 0.000000000000000000, 1.000000000000000000 ) ) ;
#2988 = DIRECTION ( 'NONE',  ( -0.000000000000000000, -1.000000000000000000, 0.000000000000000000 ) ) ;
#2989 = CARTESIAN_POINT ( 'NONE',  ( -19.35579878318758063, 59.00000000000001421, 37.24296100461649672 ) ) ;
#2990 = DIRECTION ( 'NONE',  ( 0.000000000000000000, 1.000000000000000000, 0.000000000000000000 ) ) ;
#2991 = CARTESIAN_POINT ( 'NONE',  ( -34.43821680652403217, 53.00000000000000711, 10.51799039214557574 ) ) ;
#2992 = DIRECTION ( 'NONE',  ( -0.000000000000000000, 1.000000000000000000, 0.000000000000000000 ) ) ;
#2993 = LINE ( 'NONE', #2936, #1382 ) ;
#2994 = LINE ( 'NONE', #1603, #3484 ) ;
#2995 = DIRECTION ( 'NONE',  ( 6.938893903907222067E-15, 0.000000000000000000, 1.000000000000000000 ) ) ;
#2996 = ORIENTED_EDGE ( 'NONE', *, *, #149, .F. ) ;
#2997 = ORIENTED_EDGE ( 'NONE', *, *, #3110, .F. ) ;
#2998 = DIRECTION ( 'NONE',  ( 0.000000000000000000, 1.000000000000000000, -0.000000000000000000 ) ) ;
#2999 = CIRCLE ( 'NONE', #2071, 2.000000000000001776 ) ;
#3000 = ORIENTED_EDGE ( 'NONE', *, *, #3624, .F. ) ;
#3001 = ORIENTED_EDGE ( 'NONE', *, *, #1811, .F. ) ;
#3002 = EDGE_CURVE ( 'NONE', #2120, #3592, #1384, .T. ) ;
#3003 = AXIS2_PLACEMENT_3D ( 'NONE', #1598, #1106, #1915 ) ;
#3004 = CARTESIAN_POINT ( 'NONE',  ( -33.97859585403558214, 50.91709623134521934, 50.59999999999991616 ) ) ;
#3005 = CARTESIAN_POINT ( 'NONE',  ( -6.228595854035711810, 53.00000000000000711, 31.34999999999973852 ) ) ;
#3006 = AXIS2_PLACEMENT_3D ( 'NONE', #2560, #59, #1173 ) ;
#3007 = CIRCLE ( 'NONE', #1192, 10.00000000000000355 ) ;
#3008 = CARTESIAN_POINT ( 'NONE',  ( -31.22859585403582727, 58.00000000000000000, 31.35000000000013998 ) ) ;
#3009 = CARTESIAN_POINT ( 'NONE',  ( -16.47067680497805142, 59.00000000000000711, 35.92050807568852377 ) ) ;
#3010 = CARTESIAN_POINT ( 'NONE',  ( -31.22859585403588056, 45.00000000000000711, 8.449999999999912248 ) ) ;
#3011 = CARTESIAN_POINT ( 'NONE',  ( -23.65270938486011687, 58.42995259961947596, 40.59685913816847602 ) ) ;
#3012 = CIRCLE ( 'NONE', #1435, 2.000000000000001776 ) ;
#3013 = DIRECTION ( 'NONE',  ( -6.982939617164451206E-15, 0.000000000000000000, -1.000000000000000000 ) ) ;
#3014 = DIRECTION ( 'NONE',  ( 0.7071067811865410224, 0.000000000000000000, -0.7071067811865540120 ) ) ;
#3015 = CARTESIAN_POINT ( 'NONE',  ( 7.135108281872771130, 61.08689428764755291, 26.04566543225628905 ) ) ;
#3016 = AXIS2_PLACEMENT_3D ( 'NONE', #585, #1432, #649 ) ;
#3017 = CARTESIAN_POINT ( 'NONE',  ( -36.16488786719168047, 59.00000367691070835, 17.18954191963271327 ) ) ;
#3018 = VECTOR ( 'NONE', #1251, 1000.000000000000114 ) ;
#3019 = VERTEX_POINT ( 'NONE', #1982 ) ;
#3020 = CARTESIAN_POINT ( 'NONE',  ( -37.17999471310664461, 59.00000000000001421, 19.60103207807307868 ) ) ;
#3021 = CARTESIAN_POINT ( 'NONE',  ( -33.83233148409360780, 53.64914703891410852, 50.45373563005794892 ) ) ;
#3022 = ORIENTED_EDGE ( 'NONE', *, *, #2062, .F. ) ;
#3023 = VERTEX_POINT ( 'NONE', #2559 ) ;
#3024 = LINE ( 'NONE', #3054, #797 ) ;
#3025 = DIRECTION ( 'NONE',  ( 0.000000000000000000, 1.000000000000000000, 0.000000000000000000 ) ) ;
#3026 = EDGE_CURVE ( 'NONE', #1630, #3086, #1757, .T. ) ;
#3027 = LINE ( 'NONE', #3010, #2467 ) ;
#3028 = CARTESIAN_POINT ( 'NONE',  ( -36.19216588908834353, 59.00000000000001421, 17.23409705646893286 ) ) ;
#3029 = CARTESIAN_POINT ( 'NONE',  ( -38.48676351763975845, 53.96941244227922851, 28.70867272699247152 ) ) ;
#3030 = LINE ( 'NONE', #2238, #1725 ) ;
#3031 = DIRECTION ( 'NONE',  ( -0.4999999999999942268, -0.7071067811865473507, 0.5000000000000061062 ) ) ;
#3032 = EDGE_CURVE ( 'NONE', #1127, #739, #2596, .T. ) ;
#3033 = CARTESIAN_POINT ( 'NONE',  ( -31.22859585403589477, 56.00000000000000000, 6.349999999999916156 ) ) ;
#3034 = VERTEX_POINT ( 'NONE', #1336 ) ;
#3035 = ORIENTED_EDGE ( 'NONE', *, *, #262, .T. ) ;
#3036 = CARTESIAN_POINT ( 'NONE',  ( -36.64553589153722868, 58.99999999999999289, 18.45533603915574261 ) ) ;
#3037 = LINE ( 'NONE', #826, #1139 ) ;
#3038 = ORIENTED_EDGE ( 'NONE', *, *, #1174, .F. ) ;
#3039 = EDGE_LOOP ( 'NONE', ( #954, #3210, #2446, #2177 ) ) ;
#3040 = FACE_OUTER_BOUND ( 'NONE', #2768, .T. ) ;
#3041 = CARTESIAN_POINT ( 'NONE',  ( -21.75293012652155156, 58.69508283240808311, 39.25268727120367629 ) ) ;
#3042 = CARTESIAN_POINT ( 'NONE',  ( -7.521489072849730562, 59.00000000000000711, -7.442893218813912526 ) ) ;
#3043 = CARTESIAN_POINT ( 'NONE',  ( -38.95972010467129110, 58.72508284796204236, 21.61955952949108095 ) ) ;
#3044 = CYLINDRICAL_SURFACE ( 'NONE', #263, 2.000000000000001776 ) ;
#3045 = APPROVAL_STATUS ( 'not_yet_approved' ) ;
#3046 = CARTESIAN_POINT ( 'NONE',  ( -23.31752503660033327, 59.00000000000000711, 39.30721700729757373 ) ) ;
#3047 = CARTESIAN_POINT ( 'NONE',  ( -36.53072712431835356, 58.98847848279532258, 17.78714670035705936 ) ) ;
#3048 = ORIENTED_EDGE ( 'NONE', *, *, #2434, .F. ) ;
#3049 = ORIENTED_EDGE ( 'NONE', *, *, #3197, .F. ) ;
#3050 = CARTESIAN_POINT ( 'NONE',  ( -37.04145756078555252, 59.00000000000002132, 19.30730585461985882 ) ) ;
#3051 = CARTESIAN_POINT ( 'NONE',  ( -39.56164183397568479, 59.00000000000000711, 24.02569546939774980 ) ) ;
#3052 = ORIENTED_EDGE ( 'NONE', *, *, #2002, .T. ) ;
#3053 = VERTEX_POINT ( 'NONE', #1282 ) ;
#3054 = CARTESIAN_POINT ( 'NONE',  ( -32.93378035418061955, 51.61937838715341798, 51.38361162489114520 ) ) ;
#3055 = CARTESIAN_POINT ( 'NONE',  ( -33.87003113277697963, 58.25820099772553107, 49.07722171636822139 ) ) ;
#3056 = ADVANCED_FACE ( 'NONE', ( #2387 ), #2773, .T. ) ;
#3057 = VECTOR ( 'NONE', #2998, 1000.000000000000000 ) ;
#3058 = VECTOR ( 'NONE', #1817, 999.9999999999998863 ) ;
#3059 = CARTESIAN_POINT ( 'NONE',  ( -31.22859585403582727, 53.00000000000000711, 31.35000000000013998 ) ) ;
#3060 = CARTESIAN_POINT ( 'NONE',  ( -24.07471798631210191, 58.36497093711551543, 40.92516908744202198 ) ) ;
#3061 = CARTESIAN_POINT ( 'NONE',  ( -33.15016872928940472, 45.00000000000000711, 49.59999999999992326 ) ) ;
#3062 = VECTOR ( 'NONE', #1232, 1000.000000000000000 ) ;
#3063 = LINE ( 'NONE', #2188, #3186 ) ;
#3064 = CARTESIAN_POINT ( 'NONE',  ( 0.6757700289550406803, 60.59529471918388310, 27.00072536783019217 ) ) ;
#3065 = DIRECTION ( 'NONE',  ( -0.000000000000000000, 1.000000000000000000, 0.000000000000000000 ) ) ;
#3066 = CONICAL_SURFACE ( 'NONE', #204, 3.000000000000002665, 0.7853981633974491672 ) ;
#3067 = ORIENTED_EDGE ( 'NONE', *, *, #587, .F. ) ;
#3068 = ORIENTED_EDGE ( 'NONE', *, *, #1175, .T. ) ;
#3069 = AXIS2_PLACEMENT_3D ( 'NONE', #1768, #2284, #3403 ) ;
#3070 = AXIS2_PLACEMENT_3D ( 'NONE', #705, #423, #2930 ) ;
#3071 = CARTESIAN_POINT ( 'NONE',  ( -36.63329424477614538, 59.00000000000001421, 18.42872415484235660 ) ) ;
#3072 = CARTESIAN_POINT ( 'NONE',  ( -25.95517568441146494, 60.30765311847797960, 1.373105454499006450 ) ) ;
#3073 = VERTEX_POINT ( 'NONE', #2440 ) ;
#3074 = EDGE_LOOP ( 'NONE', ( #3038, #3423, #1926, #2793, #1273 ) ) ;
#3075 = DIRECTION ( 'NONE',  ( 6.938893903907229167E-15, 0.000000000000000000, 1.000000000000000000 ) ) ;
#3076 = FACE_OUTER_BOUND ( 'NONE', #1269, .T. ) ;
#3077 = EDGE_CURVE ( 'NONE', #382, #755, #741, .T. ) ;
#3078 = AXIS2_PLACEMENT_3D ( 'NONE', #2507, #1918, #1109 ) ;
#3079 = DIRECTION ( 'NONE',  ( -0.000000000000000000, -1.000000000000000000, 0.000000000000000000 ) ) ;
#3080 = DIRECTION ( 'NONE',  ( 6.938893903907229167E-15, 0.000000000000000000, 1.000000000000000000 ) ) ;
#3081 = CARTESIAN_POINT ( 'NONE',  ( -39.27007794476437397, 58.54303760185906924, 20.75724976899017804 ) ) ;
#3082 = APPLICATION_PROTOCOL_DEFINITION ( 'international standard', 'config_control_design', 1994, #1015 ) ;
#3083 = CARTESIAN_POINT ( 'NONE',  ( -4.538033549501710340, 60.79262548000465927, 26.61735907581912031 ) ) ;
#3084 = CARTESIAN_POINT ( 'NONE',  ( -25.60592637375363978, 60.49258211881845426, -4.332218772900674253 ) ) ;
#3085 = EDGE_CURVE ( 'NONE', #662, #681, #2994, .T. ) ;
#3086 = VERTEX_POINT ( 'NONE', #2171 ) ;
#3087 = ORIENTED_EDGE ( 'NONE', *, *, #3160, .T. ) ;
#3088 = CARTESIAN_POINT ( 'NONE',  ( -38.97530962582469982, 59.00000000000000711, 23.06416258407801934 ) ) ;
#3089 = CARTESIAN_POINT ( 'NONE',  ( -44.36528127542793243, 53.00000000000000711, 59.57247185901920972 ) ) ;
#3090 = EDGE_LOOP ( 'NONE', ( #3514, #2922, #2997, #21 ) ) ;
#3091 = EDGE_LOOP ( 'NONE', ( #2929, #3574, #2848, #184 ) ) ;
#3092 = CARTESIAN_POINT ( 'NONE',  ( -24.45749117070933920, 61.07894809890289167, 11.17802507795315847 ) ) ;
#3093 = FACE_OUTER_BOUND ( 'NONE', #2477, .T. ) ;
#3094 = EDGE_CURVE ( 'NONE', #2390, #417, #2136, .T. ) ;
#3095 = CARTESIAN_POINT ( 'NONE',  ( -53.47922524310637726, 48.62924845001528240, 50.24788039406544726 ) ) ;
#3096 = ORIENTED_EDGE ( 'NONE', *, *, #2753, .T. ) ;
#3097 = CARTESIAN_POINT ( 'NONE',  ( -23.89321301454355861, 58.39399968522609186, 40.77154084336498130 ) ) ;
#3098 = CARTESIAN_POINT ( 'NONE',  ( -22.88632187435403509, 58.55009369878975178, 40.02939361172217048 ) ) ;
#3099 = CARTESIAN_POINT ( 'NONE',  ( -9.260020948324521939, 61.06211087000152560, 24.61425319444116866 ) ) ;
#3100 = DIRECTION ( 'NONE',  ( -1.000000000000000000, 0.000000000000000000, 6.982962677686266711E-15 ) ) ;
#3101 = ORIENTED_EDGE ( 'NONE', *, *, #1304, .F. ) ;
#3102 = ORIENTED_EDGE ( 'NONE', *, *, #2519, .F. ) ;
#3103 = CARTESIAN_POINT ( 'NONE',  ( -26.15634707766405143, 60.96743238726303815, 14.34330004991736374 ) ) ;
#3104 = CARTESIAN_POINT ( 'NONE',  ( -24.86609987527733878, 45.00000000000000711, 7.624104172105057309 ) ) ;
#3105 = CARTESIAN_POINT ( 'NONE',  ( -16.08445011427979310, 60.24337058605270556, 26.33313642727908643 ) ) ;
#3106 = EDGE_LOOP ( 'NONE', ( #3049, #3473, #3204, #1391, #113 ) ) ;
#3107 = VERTEX_POINT ( 'NONE', #3286 ) ;
#3108 = FACE_OUTER_BOUND ( 'NONE', #2515, .T. ) ;
#3109 = FACE_OUTER_BOUND ( 'NONE', #1812, .T. ) ;
#3110 = EDGE_CURVE ( 'NONE', #3184, #2460, #3511, .T. ) ;
#3111 =( BOUNDED_CURVE ( )  B_SPLINE_CURVE ( 3, ( #1972, #3081, #573, #2451 ),
 .UNSPECIFIED., .F., .T. ) 
 B_SPLINE_CURVE_WITH_KNOTS ( ( 4, 4 ),
 ( 1.047197551196599852, 1.570796326794896558 ),
 .UNSPECIFIED. ) 
 CURVE ( )  GEOMETRIC_REPRESENTATION_ITEM ( )  RATIONAL_B_SPLINE_CURVE ( ( 1.000000000000000000, 0.9772838841927123932, 0.9772838841927123932, 1.000000000000000000 ) ) 
 REPRESENTATION_ITEM ( '' )  );
#3112 = CARTESIAN_POINT ( 'NONE',  ( -24.63902547520299180, 58.27595848382701860, 41.38867520355044149 ) ) ;
#3113 = ORIENTED_EDGE ( 'NONE', *, *, #1075, .F. ) ;
#3114 = VECTOR ( 'NONE', #2696, 1000.000000000000000 ) ;
#3115 = FACE_OUTER_BOUND ( 'NONE', #955, .T. ) ;
#3116 = VECTOR ( 'NONE', #2957, 999.9999999999998863 ) ;
#3117 = AXIS2_PLACEMENT_3D ( 'NONE', #1337, #3065, #857 ) ;
#3118 = CYLINDRICAL_SURFACE ( 'NONE', #914, 9.999999999999996447 ) ;
#3119 = CC_DESIGN_PERSON_AND_ORGANIZATION_ASSIGNMENT ( #3606, #3323, ( #367 ) ) ;
#3120 = CARTESIAN_POINT ( 'NONE',  ( -25.21190894335517640, 60.70121674931802147, -6.199566917979309366 ) ) ;
#3121 = AXIS2_PLACEMENT_3D ( 'NONE', #2230, #1394, #1116 ) ;
#3122 = ADVANCED_FACE ( 'NONE', ( #2324 ), #1211, .F. ) ;
#3123 = PLANE ( 'NONE',  #1785 ) ;
#3124 = VECTOR ( 'NONE', #3268, 1000.000000000000000 ) ;
#3125 = CARTESIAN_POINT ( 'NONE',  ( -51.72859585403556082, 53.00000000000000711, 65.52157287525376717 ) ) ;
#3126 = ORIENTED_EDGE ( 'NONE', *, *, #2590, .F. ) ;
#3127 = CYLINDRICAL_SURFACE ( 'NONE', #2832, 10.00000000000000178 ) ;
#3128 = VECTOR ( 'NONE', #967, 1000.000000000000227 ) ;
#3129 = LINE ( 'NONE', #2554, #313 ) ;
#3130 = VERTEX_POINT ( 'NONE', #1585 ) ;
#3131 = VERTEX_POINT ( 'NONE', #2118 ) ;
#3132 = VECTOR ( 'NONE', #2079, 1000.000000000000114 ) ;
#3133 = CARTESIAN_POINT ( 'NONE',  ( -24.45176508796604153, 61.08167888772428000, 9.830620481554509738 ) ) ;
#3134 = PLANE ( 'NONE',  #788 ) ;
#3135 = VECTOR ( 'NONE', #3575, 1000.000000000000000 ) ;
#3136 = CARTESIAN_POINT ( 'NONE',  ( -2.959421646380208326, 59.00000000000000711, 30.09999999999971720 ) ) ;
#3137 = CARTESIAN_POINT ( 'NONE',  ( -25.99673384488067995, 59.00000000000000711, 41.25294070704197935 ) ) ;
#3138 =( GEOMETRIC_REPRESENTATION_CONTEXT ( 3 ) GLOBAL_UNCERTAINTY_ASSIGNED_CONTEXT ( ( #2642 ) ) GLOBAL_UNIT_ASSIGNED_CONTEXT ( ( #1335, #504, #855 ) ) REPRESENTATION_CONTEXT ( 'NONE', 'WORKASPACE' ) );
#3139 = ADVANCED_FACE ( 'NONE', ( #467 ), #483, .F. ) ;
#3140 = CARTESIAN_POINT ( 'NONE',  ( -48.69498422914448810, 53.10156542148518355, 32.31638837510875106 ) ) ;
#3141 = CARTESIAN_POINT ( 'NONE',  ( -26.87932122186644079, 60.59529471918389731, -0.5543658829907458507 ) ) ;
#3142 = CYLINDRICAL_SURFACE ( 'NONE', #1266, 6.999999999999992006 ) ;
#3143 = ADVANCED_FACE ( 'NONE', ( #2154 ), #1843, .T. ) ;
#3144 = LINE ( 'NONE', #1221, #1543 ) ;
#3145 = ORIENTED_EDGE ( 'NONE', *, *, #3328, .F. ) ;
#3146 = CARTESIAN_POINT ( 'NONE',  ( -27.48081297937572032, 60.28568787943259366, 16.45313975815317775 ) ) ;
#3147 = ADVANCED_FACE ( 'NONE', ( #1006 ), #3566, .F. ) ;
#3148 = LINE ( 'NONE', #2068, #3470 ) ;
#3149 = EDGE_LOOP ( 'NONE', ( #2613, #682, #603, #1360 ) ) ;
#3150 = ORIENTED_EDGE ( 'NONE', *, *, #1471, .T. ) ;
#3151 = DIRECTION ( 'NONE',  ( 0.000000000000000000, -1.000000000000000000, 0.000000000000000000 ) ) ;
#3152 = CARTESIAN_POINT ( 'NONE',  ( -40.79910392972447397, 57.66025403784441039, 22.59208095094235702 ) ) ;
#3153 = CARTESIAN_POINT ( 'NONE',  ( -24.36601453117825855, 58.31937198934014077, 41.16033340109053285 ) ) ;
#3154 = CARTESIAN_POINT ( 'NONE',  ( -26.51238836027091494, 59.00000000000000711, 41.71951933025430037 ) ) ;
#3155 = CARTESIAN_POINT ( 'NONE',  ( -17.73788499303925903, 59.00000000000000711, 36.49250987729754314 ) ) ;
#3156 = CARTESIAN_POINT ( 'NONE',  ( -25.97859585403593385, 60.29525135799768520, 0.7361075519950102120 ) ) ;
#3157 = DIRECTION ( 'NONE',  ( 0.000000000000000000, 1.000000000000000000, 0.000000000000000000 ) ) ;
#3158 = CARTESIAN_POINT ( 'NONE',  ( -42.28276640297904976, 58.09009379720375676, 25.89085224574733957 ) ) ;
#3159 = EDGE_LOOP ( 'NONE', ( #2050, #2940, #3348, #1342 ) ) ;
#3160 = EDGE_CURVE ( 'NONE', #2095, #3034, #1483, .T. ) ;
#3161 = DIRECTION ( 'NONE',  ( 6.982962677686266711E-15, 0.000000000000000000, 1.000000000000000000 ) ) ;
#3162 = CARTESIAN_POINT ( 'NONE',  ( -35.47859585403565319, 53.00000000000000711, 40.59999999999995168 ) ) ;
#3163 = ORIENTED_EDGE ( 'NONE', *, *, #1591, .T. ) ;
#3164 = ORIENTED_EDGE ( 'NONE', *, *, #990, .T. ) ;
#3165 = DIRECTION ( 'NONE',  ( 0.000000000000000000, 1.000000000000000000, 0.000000000000000000 ) ) ;
#3166 = CARTESIAN_POINT ( 'NONE',  ( -35.76768805486575076, 58.99995065201859745, 16.55438190111172503 ) ) ;
#3167 = EDGE_CURVE ( 'NONE', #1457, #828, #3336, .T. ) ;
#3168 = DIRECTION ( 'NONE',  ( -0.7071067811865408004, 0.000000000000000000, 0.7071067811865541231 ) ) ;
#3169 = DIRECTION ( 'NONE',  ( -0.000000000000000000, -1.000000000000000000, 0.000000000000000000 ) ) ;
#3170 = CARTESIAN_POINT ( 'NONE',  ( -50.36527506201591819, 51.60332017989182418, 33.04493129121387085 ) ) ;
#3171 = CARTESIAN_POINT ( 'NONE',  ( -30.49031193246620219, 58.00000000000001421, 47.11171607843053266 ) ) ;
#3172 = EDGE_CURVE ( 'NONE', #1503, #1396, #1494, .T. ) ;
#3173 = DIRECTION ( 'NONE',  ( -0.02067924729935013972, -0.8803712478008187681, -0.4738341848967441150 ) ) ;
#3174 = CARTESIAN_POINT ( 'NONE',  ( -42.11364039163015605, 58.12033948824110041, 25.71104838916308566 ) ) ;
#3175 = ORIENTED_EDGE ( 'NONE', *, *, #2454, .F. ) ;
#3176 = VECTOR ( 'NONE', #1649, 1000.000000000000114 ) ;
#3177 = CARTESIAN_POINT ( 'NONE',  ( -24.86609987527733168, 60.88432475819173106, 7.624104172105050203 ) ) ;
#3178 = CONICAL_SURFACE ( 'NONE', #1599, 0.9999999999999940048, 0.7853981633974496113 ) ;
#3179 = LINE ( 'NONE', #1790, #255 ) ;
#3180 = ORIENTED_EDGE ( 'NONE', *, *, #636, .F. ) ;
#3181 = ORIENTED_EDGE ( 'NONE', *, *, #1846, .T. ) ;
#3182 = EDGE_CURVE ( 'NONE', #1612, #1684, #3607, .T. ) ;
#3183 = CARTESIAN_POINT ( 'NONE',  ( -31.22859585403589477, 45.00000000000000711, 6.349999999999916156 ) ) ;
#3184 = VERTEX_POINT ( 'NONE', #1125 ) ;
#3185 = EDGE_CURVE ( 'NONE', #2017, #2034, #559, .T. ) ;
#3186 = VECTOR ( 'NONE', #3359, 999.9999999999998863 ) ;
#3187 = AXIS2_PLACEMENT_3D ( 'NONE', #49, #3100, #948 ) ;
#3188 = CARTESIAN_POINT ( 'NONE',  ( -40.27920200257016603, 59.00000000000000711, 25.07307217382091125 ) ) ;
#3189 = FACE_OUTER_BOUND ( 'NONE', #751, .T. ) ;
#3190 = CARTESIAN_POINT ( 'NONE',  ( -25.97859585403594096, 53.99999999999998579, 0.09999999999987622956 ) ) ;
#3191 = LINE ( 'NONE', #2348, #552 ) ;
#3192 = CARTESIAN_POINT ( 'NONE',  ( -33.15016872928938341, 46.00000000000000711, 52.59999999999992326 ) ) ;
#3193 = ORIENTED_EDGE ( 'NONE', *, *, #386, .T. ) ;
#3194 = LINE ( 'NONE', #989, #3543 ) ;
#3195 = ADVANCED_FACE ( 'NONE', ( #1389 ), #1453, .T. ) ;
#3196 = CARTESIAN_POINT ( 'NONE',  ( -66.81438229166238330, 46.00000000000000711, 50.43578643762714364 ) ) ;
#3197 = EDGE_CURVE ( 'NONE', #3019, #2628, #2747, .T. ) ;
#3198 = ORIENTED_EDGE ( 'NONE', *, *, #1249, .T. ) ;
#3199 = EDGE_LOOP ( 'NONE', ( #3428, #3261, #1326, #734 ) ) ;
#3200 = DIRECTION ( 'NONE',  ( 0.6546536707079696482, 0.3779644730092244220, -0.6546536707079863016 ) ) ;
#3201 = ORIENTED_EDGE ( 'NONE', *, *, #500, .T. ) ;
#3202 = CARTESIAN_POINT ( 'NONE',  ( -41.59811518429019372, 59.00000000000000711, 26.63379250623523120 ) ) ;
#3203 = EDGE_CURVE ( 'NONE', #3406, #2816, #247, .T. ) ;
#3204 = ORIENTED_EDGE ( 'NONE', *, *, #1791, .T. ) ;
#3205 = CARTESIAN_POINT ( 'NONE',  ( -51.72859585403555371, 53.00000000000000711, 66.52157287525376717 ) ) ;
#3206 = CARTESIAN_POINT ( 'NONE',  ( -23.09148004841572188, 59.00000000000001421, 39.18385403240809239 ) ) ;
#3207 = FACE_OUTER_BOUND ( 'NONE', #2197, .T. ) ;
#3208 = CARTESIAN_POINT ( 'NONE',  ( -53.14280941640865308, 46.00000000000000711, 66.93578643762685942 ) ) ;
#3209 = CARTESIAN_POINT ( 'NONE',  ( -50.47859585403571003, 52.07179676972448590, 33.27157287525385954 ) ) ;
#3210 = ORIENTED_EDGE ( 'NONE', *, *, #951, .T. ) ;
#3211 = DIRECTION ( 'NONE',  ( -6.938893903907228378E-15, 0.000000000000000000, -1.000000000000000000 ) ) ;
#3212 = CARTESIAN_POINT ( 'NONE',  ( -7.502700026140859180, 60.88432475819174527, 24.98750402124123227 ) ) ;
#3213 = EDGE_CURVE ( 'NONE', #2628, #2792, #2473, .T. ) ;
#3214 = ORIENTED_EDGE ( 'NONE', *, *, #2891, .F. ) ;
#3215 = ORIENTED_EDGE ( 'NONE', *, *, #2272, .F. ) ;
#3216 = LINE ( 'NONE', #1825, #3235 ) ;
#3217 = ORIENTED_EDGE ( 'NONE', *, *, #1227, .F. ) ;
#3218 = CARTESIAN_POINT ( 'NONE',  ( -12.66706861914103044, 60.96439535169518109, 24.81940145543604714 ) ) ;
#3219 = CARTESIAN_POINT ( 'NONE',  ( -42.79643309923148564, 58.00000000000000000, 26.41783724519563492 ) ) ;
#3220 = ADVANCED_FACE ( 'NONE', ( #2764 ), #892, .T. ) ;
#3221 = VERTEX_POINT ( 'NONE', #1510 ) ;
#3222 = CARTESIAN_POINT ( 'NONE',  ( 0.02140414596406466086, 45.00000000000000711, 0.09999999999969581832 ) ) ;
#3223 = CARTESIAN_POINT ( 'NONE',  ( -19.16956108176355045, 59.00000000000001421, 37.15503746315842193 ) ) ;
#3224 = PLANE ( 'NONE',  #3530 ) ;
#3225 = CARTESIAN_POINT ( 'NONE',  ( -42.79643309923148564, 58.00000000000000000, 26.41783724519563492 ) ) ;
#3226 = FACE_OUTER_BOUND ( 'NONE', #3090, .T. ) ;
#3227 = CARTESIAN_POINT ( 'NONE',  ( -23.43016134908705794, 58.46923037811070145, 40.42808623940030799 ) ) ;
#3228 = ADVANCED_FACE ( 'NONE', ( #2843 ), #3118, .T. ) ;
#3229 = DIRECTION ( 'NONE',  ( 6.982962677686266711E-15, 0.000000000000000000, 1.000000000000000000 ) ) ;
#3230 = EDGE_CURVE ( 'NONE', #2431, #1084, #1201, .T. ) ;
#3231 = CARTESIAN_POINT ( 'NONE',  ( -10.39658624618127369, 45.00000000000000711, 24.55962095248796118 ) ) ;
#3232 = AXIS2_PLACEMENT_3D ( 'NONE', #1745, #78, #1016 ) ;
#3233 = ORIENTED_EDGE ( 'NONE', *, *, #2853, .F. ) ;
#3234 = ORIENTED_EDGE ( 'NONE', *, *, #565, .F. ) ;
#3235 = VECTOR ( 'NONE', #3482, 1000.000000000000000 ) ;
#3236 = VECTOR ( 'NONE', #412, 1000.000000000000000 ) ;
#3237 = PLANE ( 'NONE',  #2522 ) ;
#3238 = ORIENTED_EDGE ( 'NONE', *, *, #2484, .F. ) ;
#3239 = AXIS2_PLACEMENT_3D ( 'NONE', #2563, #945, #2313 ) ;
#3240 = DIRECTION ( 'NONE',  ( -0.6546536707079694262, -0.3779644730092243110, 0.6546536707079865236 ) ) ;
#3241 = VECTOR ( 'NONE', #1857, 1000.000000000000000 ) ;
#3242 = LINE ( 'NONE', #790, #1537 ) ;
#3243 = EDGE_CURVE ( 'NONE', #2085, #3221, #3012, .T. ) ;
#3244 = CARTESIAN_POINT ( 'NONE',  ( -35.47859585403563898, 45.00000000000000711, 41.59999999999995168 ) ) ;
#3245 = CIRCLE ( 'NONE', #150, 2.000000000000001776 ) ;
#3246 = AXIS2_PLACEMENT_3D ( 'NONE', #596, #639, #1513 ) ;
#3247 = CARTESIAN_POINT ( 'NONE',  ( -26.27884838572995463, 58.00000000000000000, 36.29974746830593091 ) ) ;
#3248 = PLANE ( 'NONE',  #1428 ) ;
#3249 = AXIS2_PLACEMENT_3D ( 'NONE', #2695, #1300, #749 ) ;
#3250 = CARTESIAN_POINT ( 'NONE',  ( -39.93161013333569542, 58.54363334770323490, 23.03277361291060998 ) ) ;
#3251 = CARTESIAN_POINT ( 'NONE',  ( -51.06438229166259646, 50.91709623134523355, 34.68578643762694469 ) ) ;
#3252 = DIRECTION ( 'NONE',  ( -0.000000000000000000, -1.000000000000000000, 0.000000000000000000 ) ) ;
#3253 = CARTESIAN_POINT ( 'NONE',  ( -5.635450103528365062, 53.00000000000000711, -5.556854249492629627 ) ) ;
#3254 = DIRECTION ( 'NONE',  ( 0.000000000000000000, 1.000000000000000000, 0.000000000000000000 ) ) ;
#3255 = EDGE_CURVE ( 'NONE', #2405, #2161, #2821, .T. ) ;
#3256 = ORIENTED_EDGE ( 'NONE', *, *, #2782, .F. ) ;
#3257 = EDGE_LOOP ( 'NONE', ( #492, #46, #458, #3496 ) ) ;
#3258 = ADVANCED_FACE ( 'NONE', ( #2605 ), #618, .F. ) ;
#3259 = LOCAL_TIME ( 15, 29, 35.00000000000000000, #2060 ) ;
#3260 = CARTESIAN_POINT ( 'NONE',  ( -13.69697674592535463, 77.94302707978172862, -2.681619108111247041 ) ) ;
#3261 = ORIENTED_EDGE ( 'NONE', *, *, #1946, .F. ) ;
#3262 = CARTESIAN_POINT ( 'NONE',  ( -34.33774070762251540, 52.28954412843921773, 50.95914485358685653 ) ) ;
#3263 = CARTESIAN_POINT ( 'NONE',  ( -13.14100174411836619, 60.90590238280881152, 24.94219671349310019 ) ) ;
#3264 = CARTESIAN_POINT ( 'NONE',  ( 18.58707564840993953, 58.25820099772553107, 101.5343284975543838 ) ) ;
#3265 = CARTESIAN_POINT ( 'NONE',  ( -21.32537168193156774, 59.00000000000001421, 38.21252083258205090 ) ) ;
#3266 = CARTESIAN_POINT ( 'NONE',  ( -17.46765405804674032, 59.69302987964564977, 27.48855314062255317 ) ) ;
#3267 = CARTESIAN_POINT ( 'NONE',  ( -42.56073083883597974, 58.33333333333334281, 26.65353950559113727 ) ) ;
#3268 = DIRECTION ( 'NONE',  ( 0.7071067811865524577, -0.000000000000000000, 0.7071067811865426878 ) ) ;
#3269 = DIRECTION ( 'NONE',  ( 0.4999999999999986677, -0.7071067811865507924, 0.4999999999999966138 ) ) ;
#3270 = DIRECTION ( 'NONE',  ( 0.000000000000000000, 1.000000000000000000, 0.000000000000000000 ) ) ;
#3271 = CARTESIAN_POINT ( 'NONE',  ( 0.02140414596406466086, 53.00000000000000711, 0.09999999999969581832 ) ) ;
#3272 = ADVANCED_FACE ( 'NONE', ( #931 ), #124, .F. ) ;
#3273 = ORIENTED_EDGE ( 'NONE', *, *, #3167, .F. ) ;
#3274 = ORIENTED_EDGE ( 'NONE', *, *, #1025, .F. ) ;
#3275 = CARTESIAN_POINT ( 'NONE',  ( -33.15016872928939762, 50.91709623134523355, 50.59999999999992326 ) ) ;
#3276 = ORIENTED_EDGE ( 'NONE', *, *, #1550, .T. ) ;
#3277 = DIRECTION ( 'NONE',  ( -1.000000000000000000, 0.000000000000000000, 6.986327748953462886E-15 ) ) ;
#3278 = EDGE_CURVE ( 'NONE', #2495, #3034, #1460, .T. ) ;
#3279 = CARTESIAN_POINT ( 'NONE',  ( -3.494780281528995225, 59.72069868390982350, 28.69985548650049623 ) ) ;
#3280 = DIRECTION ( 'NONE',  ( 0.000000000000000000, 1.000000000000000000, 0.000000000000000000 ) ) ;
#3281 = CARTESIAN_POINT ( 'NONE',  ( -16.89704606641835127, 58.99999999999999289, 36.11298251247263380 ) ) ;
#3282 = EDGE_CURVE ( 'NONE', #881, #1788, #424, .T. ) ;
#3283 = FACE_OUTER_BOUND ( 'NONE', #1284, .T. ) ;
#3284 = CARTESIAN_POINT ( 'NONE',  ( -10.39658624618127369, 53.99999999999998579, 24.55962095248796118 ) ) ;
#3285 = LINE ( 'NONE', #3209, #2244 ) ;
#3286 = CARTESIAN_POINT ( 'NONE',  ( 0.02140414596436303329, 60.29525135799768520, 26.09999999999969944 ) ) ;
#3287 = FACE_OUTER_BOUND ( 'NONE', #1154, .T. ) ;
#3288 = EDGE_CURVE ( 'NONE', #2459, #3406, #1968, .T. ) ;
#3289 = VERTEX_POINT ( 'NONE', #3190 ) ;
#3290 = ORIENTED_EDGE ( 'NONE', *, *, #2488, .F. ) ;
#3291 = CARTESIAN_POINT ( 'NONE',  ( -36.97987708306941101, 59.00000000000001421, 19.17615889601949419 ) ) ;
#3292 = AXIS2_PLACEMENT_3D ( 'NONE', #825, #1660, #2771 ) ;
#3293 = EDGE_LOOP ( 'NONE', ( #1533, #2500, #1998, #917, #1171, #1411, #3294, #2786, #1263, #73, #641, #2089, #3198, #200 ) ) ;
#3294 = ORIENTED_EDGE ( 'NONE', *, *, #1777, .T. ) ;
#3295 = ADVANCED_FACE ( 'NONE', ( #1580 ), #187, .F. ) ;
#3296 = CIRCLE ( 'NONE', #1951, 2.099999999999996980 ) ;
#3297 = CARTESIAN_POINT ( 'NONE',  ( -31.19741871365274477, 59.00000000000000711, 46.40460929724398653 ) ) ;
#3298 = CARTESIAN_POINT ( 'NONE',  ( 0.02140414596406466086, 80.00000000000007105, 0.09999999999969581832 ) ) ;
#3299 = AXIS2_PLACEMENT_3D ( 'NONE', #219, #1305, #2375 ) ;
#3300 = VECTOR ( 'NONE', #2385, 1000.000000000000000 ) ;
#3301 = EDGE_CURVE ( 'NONE', #2250, #2721, #2858, .T. ) ;
#3302 = CARTESIAN_POINT ( 'NONE',  ( 8.271404145964293519, 58.00000000000000000, 8.349999999999891287 ) ) ;
#3303 = CARTESIAN_POINT ( 'NONE',  ( -36.90349825475185952, 58.96520020692701536, 18.39032230051575922 ) ) ;
#3304 = CIRCLE ( 'NONE', #2951, 2.000000000000001776 ) ;
#3305 = FACE_OUTER_BOUND ( 'NONE', #2631, .T. ) ;
#3306 = CARTESIAN_POINT ( 'NONE',  ( -16.35117436645192157, 60.29614892820760019, 27.58189381911664384 ) ) ;
#3307 = VECTOR ( 'NONE', #1592, 1000.000000000000000 ) ;
#3308 = CARTESIAN_POINT ( 'NONE',  ( -31.22859585403589477, 56.00000000000000000, 6.349999999999916156 ) ) ;
#3309 = CIRCLE ( 'NONE', #1845, 9.999999999999998224 ) ;
#3310 = EDGE_LOOP ( 'NONE', ( #1355, #2719, #993, #3175, #2227 ) ) ;
#3311 = VERTEX_POINT ( 'NONE', #1617 ) ;
#3312 = EDGE_CURVE ( 'NONE', #3053, #2269, #2165, .T. ) ;
#3313 = CARTESIAN_POINT ( 'NONE',  ( -37.08479783443361555, 59.00000000000000711, 19.39933248820799960 ) ) ;
#3314 = CARTESIAN_POINT ( 'NONE',  ( -25.05076974564800807, 60.78653979433733667, 7.013271036847423368 ) ) ;
#3315 = ORIENTED_EDGE ( 'NONE', *, *, #1946, .T. ) ;
#3316 = ORIENTED_EDGE ( 'NONE', *, *, #242, .T. ) ;
#3317 = CC_DESIGN_APPROVAL ( #148, ( #159 ) ) ;
#3318 = CARTESIAN_POINT ( 'NONE',  ( -33.97859585403436711, 51.16393535010062976, 50.59999999999870823 ) ) ;
#3319 = CARTESIAN_POINT ( 'NONE',  ( -19.91172824010831732, 58.87191976176214325, 38.05240277449657071 ) ) ;
#3320 = CARTESIAN_POINT ( 'NONE',  ( -51.72859585403556082, 53.00000000000000711, 65.52157287525376717 ) ) ;
#3321 = CARTESIAN_POINT ( 'NONE',  ( -50.47859585403571714, 51.64914703891412273, 33.27157287525385243 ) ) ;
#3322 = DIRECTION ( 'NONE',  ( -6.982939617164456728E-15, 0.000000000000000000, -1.000000000000000000 ) ) ;
#3323 = PERSON_AND_ORGANIZATION_ROLE ( 'design_owner' ) ;
#3324 = DIRECTION ( 'NONE',  ( -0.5000000000000078826, 0.7071067811865430208, -0.4999999999999985012 ) ) ;
#3325 = CARTESIAN_POINT ( 'NONE',  ( -39.90838504833195799, 58.55000847878707049, 23.00826327772503888 ) ) ;
#3326 = ORIENTED_EDGE ( 'NONE', *, *, #1358, .F. ) ;
#3327 = ORIENTED_EDGE ( 'NONE', *, *, #3243, .F. ) ;
#3328 = EDGE_CURVE ( 'NONE', #2376, #1767, #3245, .T. ) ;
#3329 = CARTESIAN_POINT ( 'NONE',  ( -39.56164183397568479, 59.00000000000000711, 24.02569546939774980 ) ) ;
#3330 = DIRECTION ( 'NONE',  ( -6.982962677686266711E-15, 0.000000000000000000, -1.000000000000000000 ) ) ;
#3331 = ORIENTED_EDGE ( 'NONE', *, *, #1558, .F. ) ;
#3332 = EDGE_LOOP ( 'NONE', ( #2558, #974, #2530, #2121 ) ) ;
#3333 = DIRECTION ( 'NONE',  ( -0.000000000000000000, -1.000000000000000000, 0.000000000000000000 ) ) ;
#3334 = CARTESIAN_POINT ( 'NONE',  ( -18.20014954356586045, 58.96782087528168859, 36.98241218084712756 ) ) ;
#3335 = CARTESIAN_POINT ( 'NONE',  ( -7.502700026140859180, 53.99999999999998579, 24.98750402124123227 ) ) ;
#3336 = B_SPLINE_CURVE_WITH_KNOTS ( 'NONE', 3,
 ( #2960, #2681, #179, #2056, #1772, #2890, #302, #820, #3306, #804 ),
 .UNSPECIFIED., .F., .F.,
 ( 4, 2, 2, 2, 4 ),
 ( 0.000000000000000000, 0.2500000000000000000, 0.5000000000000000000, 0.7500000000000000000, 1.000000000000000000 ),
 .UNSPECIFIED. ) ;
#3337 = CARTESIAN_POINT ( 'NONE',  ( -50.47859585403571003, 50.91709623134523355, 33.27157287525385954 ) ) ;
#3338 = CARTESIAN_POINT ( 'NONE',  ( -33.87003113277698674, 58.25820099772553107, 49.07722171636821429 ) ) ;
#3339 = CARTESIAN_POINT ( 'NONE',  ( -30.49031193246620219, 49.00000000000000711, 47.11171607843053266 ) ) ;
#3340 = CARTESIAN_POINT ( 'NONE',  ( 4.453622918864830638, 60.49258211881841163, 25.72733051971733786 ) ) ;
#3341 = DIRECTION ( 'NONE',  ( -0.000000000000000000, -1.000000000000000000, 0.000000000000000000 ) ) ;
#3342 = PERSON ( 'æœª', 'æœª', 'æœª', ('æœª'), ('æœª'), ('æœª') ) ;
#3343 = ORIENTED_EDGE ( 'NONE', *, *, #1419, .T. ) ;
#3344 = VERTEX_POINT ( 'NONE', #937 ) ;
#3345 = ADVANCED_FACE ( 'NONE', ( #2827 ), #926, .T. ) ;
#3346 = CARTESIAN_POINT ( 'NONE',  ( 0.02140414596440466666, 45.00000000000000711, 49.59999999999969589 ) ) ;
#3347 = CARTESIAN_POINT ( 'NONE',  ( -22.47067680497805142, 59.39230484541327826, 41.92050807568853799 ) ) ;
#3348 = ORIENTED_EDGE ( 'NONE', *, *, #1724, .F. ) ;
#3349 = ORIENTED_EDGE ( 'NONE', *, *, #763, .F. ) ;
#3350 = CARTESIAN_POINT ( 'NONE',  ( -24.55692822117592300, 61.03158480568526301, 12.07062231792412810 ) ) ;
#3351 = CARTESIAN_POINT ( 'NONE',  ( -18.88408090775399018, 58.93818465071210255, 37.40606515519752406 ) ) ;
#3352 = CONICAL_SURFACE ( 'NONE', #2648, 11.00000000000000000, 0.7853981633974530530 ) ;
#3353 = AXIS2_PLACEMENT_3D ( 'NONE', #29, #2206, #1673 ) ;
#3354 = EDGE_CURVE ( 'NONE', #1644, #604, #2301, .T. ) ;
#3355 = CARTESIAN_POINT ( 'NONE',  ( -6.228595854035687829, 56.00000000000000000, 34.84999999999974563 ) ) ;
#3356 = DIRECTION ( 'NONE',  ( -0.5000000000000012212, -0.7071067811865506814, -0.4999999999999943379 ) ) ;
#3357 = LINE ( 'NONE', #853, #1779 ) ;
#3358 = AXIS2_PLACEMENT_3D ( 'NONE', #888, #186, #1036 ) ;
#3359 = DIRECTION ( 'NONE',  ( 0.5000000000000035527, -0.7071067811865510144, 0.4999999999999916733 ) ) ;
#3360 = CARTESIAN_POINT ( 'NONE',  ( 5.079472654240228202, 60.55408171657220606, 25.61118530729756415 ) ) ;
#3361 = CARTESIAN_POINT ( 'NONE',  ( -36.08507795418488229, 59.00000000000000711, 17.22557052223767116 ) ) ;
#3362 = ORIENTED_EDGE ( 'NONE', *, *, #2870, .T. ) ;
#3363 = VERTEX_POINT ( 'NONE', #2336 ) ;
#3364 = VECTOR ( 'NONE', #1516, 1000.000000000000114 ) ;
#3365 = CIRCLE ( 'NONE', #2139, 2.000000000000001776 ) ;
#3366 = CARTESIAN_POINT ( 'NONE',  ( -39.38040720911089210, 59.00000000000001421, 23.74274337978869553 ) ) ;
#3367 = EDGE_CURVE ( 'NONE', #591, #3460, #1713, .T. ) ;
#3368 = CARTESIAN_POINT ( 'NONE',  ( -40.79910392972448818, 57.66025403784439618, 22.59208095094236057 ) ) ;
#3369 = ADVANCED_FACE ( 'NONE', ( #660 ), #624, .T. ) ;
#3370 = ORIENTED_EDGE ( 'NONE', *, *, #772, .T. ) ;
#3371 = ORIENTED_EDGE ( 'NONE', *, *, #3032, .F. ) ;
#3372 = DIRECTION ( 'NONE',  ( 0.7071067811865386910, 2.312964634635734772E-15, -0.7071067811865563435 ) ) ;
#3373 = CARTESIAN_POINT ( 'NONE',  ( -18.57772219270577452, 58.95328013068213835, 37.21574802986479824 ) ) ;
#3374 = APPLICATION_CONTEXT ( 'configuration controlled 3d designs of mechanical parts and assemblies' ) ;
#3375 = DIRECTION ( 'NONE',  ( 0.000000000000000000, 1.000000000000000000, 0.000000000000000000 ) ) ;
#3376 = VERTEX_POINT ( 'NONE', #897 ) ;
#3377 = LINE ( 'NONE', #870, #1659 ) ;
#3378 = SHAPE_DEFINITION_REPRESENTATION ( #104, #548 ) ;
#3379 = CARTESIAN_POINT ( 'NONE',  ( -25.27148907284887258, 59.00000000000000711, 40.47867965644009303 ) ) ;
#3380 = DIRECTION ( 'NONE',  ( 0.7071067811865558994, -0.000000000000000000, 0.7071067811865391350 ) ) ;
#3381 = VECTOR ( 'NONE', #2249, 1000.000000000000000 ) ;
#3382 = FACE_OUTER_BOUND ( 'NONE', #2210, .T. ) ;
#3383 = PLANE ( 'NONE',  #729 ) ;
#3384 = ORIENTED_EDGE ( 'NONE', *, *, #1175, .F. ) ;
#3385 = CARTESIAN_POINT ( 'NONE',  ( -40.47859585403568872, 46.00000000000000711, 35.59999999999998721 ) ) ;
#3386 = CARTESIAN_POINT ( 'NONE',  ( -49.47859585403593741, 45.00000000000000711, 0.1000000000000358241 ) ) ;
#3387 = ADVANCED_FACE ( 'NONE', ( #2011 ), #3127, .T. ) ;
#3388 = CARTESIAN_POINT ( 'NONE',  ( -42.08932631804492530, 59.00000000000000711, 27.12494402638217394 ) ) ;
#3389 = ORIENTED_EDGE ( 'NONE', *, *, #2503, .F. ) ;
#3390 = ORIENTED_EDGE ( 'NONE', *, *, #1138, .F. ) ;
#3391 = CARTESIAN_POINT ( 'NONE',  ( -24.59950288699447540, 61.01130921738867841, 8.715092859717717744 ) ) ;
#3392 = CARTESIAN_POINT ( 'NONE',  ( -20.01470864087469792, 58.86405353513229244, 38.11788652725790882 ) ) ;
#3393 = APPROVAL ( #3045, 'æœª' ) ;
#3394 = DIRECTION ( 'NONE',  ( -6.938893903907222067E-15, 0.000000000000000000, -1.000000000000000000 ) ) ;
#3395 = ORIENTED_EDGE ( 'NONE', *, *, #1724, .T. ) ;
#3396 = LINE ( 'NONE', #2895, #2593 ) ;
#3397 = PERSON_AND_ORGANIZATION ( #3342, #2840 ) ;
#3398 = CARTESIAN_POINT ( 'NONE',  ( -51.06438229166259646, 51.26617457242519293, 34.68578643762693758 ) ) ;
#3399 = CARTESIAN_POINT ( 'NONE',  ( -26.75932541687722122, 60.65706035687102116, 2.713939434482717239 ) ) ;
#3400 = DIRECTION ( 'NONE',  ( 0.000000000000000000, 1.000000000000000000, -0.000000000000000000 ) ) ;
#3401 = CARTESIAN_POINT ( 'NONE',  ( -25.97859585403594096, 45.00000000000000711, 0.09999999999987622956 ) ) ;
#3402 = ORIENTED_EDGE ( 'NONE', *, *, #2442, .T. ) ;
#3403 = DIRECTION ( 'NONE',  ( -1.000000000000000000, 0.000000000000000000, 6.982962677686266711E-15 ) ) ;
#3404 = DIRECTION ( 'NONE',  ( 0.7071067811865524577, 0.000000000000000000, 0.7071067811865426878 ) ) ;
#3405 = CARTESIAN_POINT ( 'NONE',  ( -16.21921804417329582, 60.19822142661659115, 26.42793102038013586 ) ) ;
#3406 = VERTEX_POINT ( 'NONE', #348 ) ;
#3407 = ORIENTED_EDGE ( 'NONE', *, *, #40, .T. ) ;
#3408 = B_SPLINE_SURFACE_WITH_KNOTS ( 'NONE', 1, 3, ( 
 ( #1493, #323, #2315, #2566, #2549, #66, #3399, #303, #48, #3141, #1422, #932, #3436, #638, #3452, #1179, #2331, #1162 ),
 ( #1974, #2606, #595, #1749, #891, #1443, #2527, #33, #3156, #344, #2006, #656, #1764, #3084, #2046, #3120, #619, #1461 ) ),
 .UNSPECIFIED., .F., .F., .F.,
 ( 2, 2 ),
 ( 4, 2, 2, 2, 2, 2, 2, 2, 4 ),
 ( 0.000000000000000000, 1.000000000000000000 ),
 ( 2.848004584757787505, 2.921401601965788686, 2.994798619173790311, 3.068195636381791935, 3.141592653589793116, 3.214989670797794297, 3.288386688005795477, 3.361783705213796658, 3.435180722421798283 ),
 .UNSPECIFIED. ) ;
#3409 = CARTESIAN_POINT ( 'NONE',  ( -50.47859585403593741, 59.00000000000000711, 0.1000000000000497019 ) ) ;
#3410 = DIRECTION ( 'NONE',  ( 0.7071067811865386910, 0.000000000000000000, -0.7071067811865564545 ) ) ;
#3411 = VECTOR ( 'NONE', #880, 1000.000000000000000 ) ;
#3412 = CARTESIAN_POINT ( 'NONE',  ( -24.24944416089578425, 58.33771945986060814, 41.06511459559735755 ) ) ;
#3413 = EDGE_CURVE ( 'NONE', #2141, #4, #2025, .T. ) ;
#3414 = AXIS2_PLACEMENT_3D ( 'NONE', #2884, #3458, #385 ) ;
#3415 = CARTESIAN_POINT ( 'NONE',  ( 0.02140414596440466666, 50.91709623134523355, 48.59999999999968878 ) ) ;
#3416 = DATE_AND_TIME ( #301, #1271 ) ;
#3417 = DIRECTION ( 'NONE',  ( -0.000000000000000000, 1.000000000000000000, -0.000000000000000000 ) ) ;
#3418 = CARTESIAN_POINT ( 'NONE',  ( -10.60764411314790578, 61.09188450984846241, 24.55174529898977198 ) ) ;
#3419 = CIRCLE ( 'NONE', #3534, 2.100000000000000977 ) ;
#3420 = DIRECTION ( 'NONE',  ( 6.938893903907222067E-15, 0.000000000000000000, 1.000000000000000000 ) ) ;
#3421 = AXIS2_PLACEMENT_3D ( 'NONE', #1123, #230, #3322 ) ;
#3422 = DIRECTION ( 'NONE',  ( -0.000000000000000000, -1.000000000000000000, -0.000000000000000000 ) ) ;
#3423 = ORIENTED_EDGE ( 'NONE', *, *, #2782, .T. ) ;
#3424 = CARTESIAN_POINT ( 'NONE',  ( -6.228595854035711810, 59.00000000000000711, 31.34999999999973852 ) ) ;
#3425 = B_SPLINE_CURVE_WITH_KNOTS ( 'NONE', 3,
 ( #1961, #2789, #3072, #19, #237, #292, #1410, #582, #566, #2514, #3589, #2195, #3314, #332 ),
 .UNSPECIFIED., .F., .F.,
 ( 4, 2, 2, 2, 2, 2, 4 ),
 ( 0.5000000000000000000, 0.6250000000000002220, 0.6875000000000002220, 0.7500000000000002220, 0.8125000000000002220, 0.8750000000000002220, 1.000000000000000000 ),
 .UNSPECIFIED. ) ;
#3426 = CARTESIAN_POINT ( 'NONE',  ( -26.27884838572994752, 58.00000000000000000, 36.29974746830593091 ) ) ;
#3427 = VERTEX_POINT ( 'NONE', #2086 ) ;
#3428 = ORIENTED_EDGE ( 'NONE', *, *, #2656, .F. ) ;
#3429 = VECTOR ( 'NONE', #1637, 1000.000000000000000 ) ;
#3430 = CARTESIAN_POINT ( 'NONE',  ( -25.23709230813491189, 60.70761482680475751, 14.44083937684858121 ) ) ;
#3431 = CARTESIAN_POINT ( 'NONE',  ( -38.51312192566353332, 59.27630277419152094, 21.68465959670948706 ) ) ;
#3432 = AXIS2_PLACEMENT_3D ( 'NONE', #1172, #75, #3372 ) ;
#3433 = CARTESIAN_POINT ( 'NONE',  ( -24.12311651888213149, 58.35743313541831867, 40.96381172339393117 ) ) ;
#3434 = CARTESIAN_POINT ( 'NONE',  ( -39.56164183397568479, 59.00000000000000711, 24.02569546939774980 ) ) ;
#3435 = CARTESIAN_POINT ( 'NONE',  ( -51.72859585403556082, 46.00000000000000711, 65.52157287525376717 ) ) ;
#3436 = CARTESIAN_POINT ( 'NONE',  ( -26.68737972764011346, 60.69409307959804778, -3.164781222852174558 ) ) ;
#3437 = CARTESIAN_POINT ( 'NONE',  ( -10.39658624618120442, 53.99999999999998579, 34.55962095248796118 ) ) ;
#3438 = CARTESIAN_POINT ( 'NONE',  ( -42.64063703704314889, 58.02698466953294343, 26.26204118300729107 ) ) ;
#3439 = ORIENTED_EDGE ( 'NONE', *, *, #40, .F. ) ;
#3440 = CARTESIAN_POINT ( 'NONE',  ( -27.36714899465848205, 59.69302987964559293, 17.58905820401098552 ) ) ;
#3441 = AXIS2_PLACEMENT_3D ( 'NONE', #2809, #510, #1661 ) ;
#3442 = FACE_OUTER_BOUND ( 'NONE', #921, .T. ) ;
#3443 = ORIENTED_EDGE ( 'NONE', *, *, #1401, .T. ) ;
#3444 = ORIENTED_EDGE ( 'NONE', *, *, #3077, .F. ) ;
#3445 = EDGE_CURVE ( 'NONE', #3376, #2478, #3194, .T. ) ;
#3446 = DIRECTION ( 'NONE',  ( -0.4999999999999916733, -0.7071067811865507924, 0.5000000000000035527 ) ) ;
#3447 = DIRECTION ( 'NONE',  ( -6.608470384673560490E-15, 0.000000000000000000, -1.000000000000000000 ) ) ;
#3448 = LINE ( 'NONE', #944, #77 ) ;
#3449 = CARTESIAN_POINT ( 'NONE',  ( -7.718665996029089982, 61.18436811937795028, 25.85629717926260440 ) ) ;
#3450 = COORDINATED_UNIVERSAL_TIME_OFFSET ( 8, 0, .AHEAD. ) ;
#3451 = DIRECTION ( 'NONE',  ( -0.7071067811865524577, 0.000000000000000000, -0.7071067811865426878 ) ) ;
#3452 = CARTESIAN_POINT ( 'NONE',  ( -26.37647597658424203, 60.85412507775845370, -5.103251329534855607 ) ) ;
#3453 = FACE_OUTER_BOUND ( 'NONE', #1237, .T. ) ;
#3454 = DIRECTION ( 'NONE',  ( 0.7071067811865426878, 0.000000000000000000, -0.7071067811865523467 ) ) ;
#3455 = ORIENTED_EDGE ( 'NONE', *, *, #3617, .F. ) ;
#3456 = ADVANCED_FACE ( 'NONE', ( #432 ), #2102, .F. ) ;
#3457 = CARTESIAN_POINT ( 'NONE',  ( -24.44997881823177721, 61.08253073514438114, 11.17921834703337680 ) ) ;
#3458 = DIRECTION ( 'NONE',  ( 6.982962677686266711E-15, 0.000000000000000000, 1.000000000000000000 ) ) ;
#3459 = EDGE_CURVE ( 'NONE', #2214, #1205, #555, .T. ) ;
#3460 = VERTEX_POINT ( 'NONE', #2401 ) ;
#3461 = EDGE_LOOP ( 'NONE', ( #3234, #3101, #3483, #2918 ) ) ;
#3462 = ADVANCED_FACE ( 'NONE', ( #2351 ), #2875, .F. ) ;
#3463 = CARTESIAN_POINT ( 'NONE',  ( 0.02140414596437691108, 60.59529471918388310, 27.00072536783020638 ) ) ;
#3464 = ORIENTED_EDGE ( 'NONE', *, *, #685, .F. ) ;
#3465 = CARTESIAN_POINT ( 'NONE',  ( -29.97859585403591609, 59.00000000000000711, 3.080825792344406011 ) ) ;
#3466 = DIRECTION ( 'NONE',  ( 0.000000000000000000, 1.000000000000000000, 0.000000000000000000 ) ) ;
#3467 = CARTESIAN_POINT ( 'NONE',  ( -49.06438229166260356, 54.38119784648299770, 32.68578643762688785 ) ) ;
#3468 = EDGE_CURVE ( 'NONE', #2482, #1699, #1804, .T. ) ;
#3469 = LINE ( 'NONE', #1277, #2881 ) ;
#3470 = VECTOR ( 'NONE', #1995, 1000.000000000000000 ) ;
#3471 = DIRECTION ( 'NONE',  ( 6.938893903907222067E-15, 0.000000000000000000, 1.000000000000000000 ) ) ;
#3472 = CYLINDRICAL_SURFACE ( 'NONE', #3535, 2.099999999999996980 ) ;
#3473 = ORIENTED_EDGE ( 'NONE', *, *, #393, .T. ) ;
#3474 = AXIS2_PLACEMENT_3D ( 'NONE', #3059, #3621, #1363 ) ;
#3475 = CYLINDRICAL_SURFACE ( 'NONE', #3603, 3.500000000000003109 ) ;
#3476 = AXIS2_PLACEMENT_3D ( 'NONE', #1434, #2795, #846 ) ;
#3477 = CARTESIAN_POINT ( 'NONE',  ( -2.521379136027160239, 60.34465411150744529, 26.00669791518128804 ) ) ;
#3478 = CIRCLE ( 'NONE', #1486, 26.00000000000000355 ) ;
#3479 = EDGE_LOOP ( 'NONE', ( #3384, #2408, #2668, #3181 ) ) ;
#3480 = ORIENTED_EDGE ( 'NONE', *, *, #54, .T. ) ;
#3481 = EDGE_CURVE ( 'NONE', #2340, #365, #1609, .T. ) ;
#3482 = DIRECTION ( 'NONE',  ( -6.982962677686266711E-15, 0.000000000000000000, -1.000000000000000000 ) ) ;
#3483 = ORIENTED_EDGE ( 'NONE', *, *, #740, .T. ) ;
#3484 = VECTOR ( 'NONE', #1570, 1000.000000000000000 ) ;
#3485 = AXIS2_PLACEMENT_3D ( 'NONE', #105, #360, #2296 ) ;
#3486 = CARTESIAN_POINT ( 'NONE',  ( -40.30746253255863110, 58.46410161513764336, 23.54782396324587523 ) ) ;
#3487 = ORIENTED_EDGE ( 'NONE', *, *, #2561, .F. ) ;
#3488 = DIRECTION ( 'NONE',  ( 4.937700262164522799E-15, -0.7071067811865487940, 0.7071067811865463515 ) ) ;
#3489 = CARTESIAN_POINT ( 'NONE',  ( -19.60024382556037637, 59.00000000000000000, 37.35889009989072207 ) ) ;
#3490 = FACE_OUTER_BOUND ( 'NONE', #1942, .T. ) ;
#3491 = CARTESIAN_POINT ( 'NONE',  ( -50.47859585403571003, 46.00000000000000711, 33.27157287525385954 ) ) ;
#3492 = CARTESIAN_POINT ( 'NONE',  ( -59.97859585403551108, 52.00000000000000711, 60.10000000000010800 ) ) ;
#3493 = ORIENTED_EDGE ( 'NONE', *, *, #966, .F. ) ;
#3494 = DIRECTION ( 'NONE',  ( -0.7071067811865542341, 0.000000000000000000, -0.7071067811865409114 ) ) ;
#3495 = CARTESIAN_POINT ( 'NONE',  ( -51.02148907284900048, 45.00000000000000711, 66.22867965644032040 ) ) ;
#3496 = ORIENTED_EDGE ( 'NONE', *, *, #392, .T. ) ;
#3497 = ORIENTED_EDGE ( 'NONE', *, *, #3459, .F. ) ;
#3498 = ADVANCED_FACE ( 'NONE', ( #1317 ), #3475, .F. ) ;
#3499 = DIRECTION ( 'NONE',  ( 6.938893903907232322E-15, 0.000000000000000000, 1.000000000000000000 ) ) ;
#3500 = VERTEX_POINT ( 'NONE', #141 ) ;
#3501 = CARTESIAN_POINT ( 'NONE',  ( -27.00353988041783637, 59.00000000000000711, 42.21073046400906037 ) ) ;
#3502 = CARTESIAN_POINT ( 'NONE',  ( -35.47859585403565319, 46.00000000000000711, 40.59999999999995168 ) ) ;
#3503 = ORIENTED_EDGE ( 'NONE', *, *, #1550, .F. ) ;
#3504 = LINE ( 'NONE', #1594, #738 ) ;
#3505 = ADVANCED_FACE ( 'NONE', ( #712 ), #2370, .F. ) ;
#3506 = CARTESIAN_POINT ( 'NONE',  ( -20.39666188069405095, 59.00000000000001421, 37.74451302492265370 ) ) ;
#3507 = CARTESIAN_POINT ( 'NONE',  ( -42.08932631804492530, 59.00000000000000711, 27.12494402638217394 ) ) ;
#3508 = DIRECTION ( 'NONE',  ( -0.7071067811865474617, 0.7071067811865476838, 4.937700262164530687E-15 ) ) ;
#3509 = CARTESIAN_POINT ( 'NONE',  ( 20.12190920935237060, 59.00000000000000711, 30.09999999999955023 ) ) ;
#3510 = CARTESIAN_POINT ( 'NONE',  ( -27.36714899465848205, 53.99999999999998579, 17.58905820401097841 ) ) ;
#3511 = LINE ( 'NONE', #192, #2309 ) ;
#3512 = DIRECTION ( 'NONE',  ( 0.7071067811865524577, -0.000000000000000000, 0.7071067811865426878 ) ) ;
#3513 = ORIENTED_EDGE ( 'NONE', *, *, #2464, .F. ) ;
#3514 = ORIENTED_EDGE ( 'NONE', *, *, #3185, .T. ) ;
#3515 = EDGE_CURVE ( 'NONE', #2034, #3537, #3304, .T. ) ;
#3516 = CARTESIAN_POINT ( 'NONE',  ( -25.73489303329871447, 61.18436811937792186, 7.840070141993266795 ) ) ;
#3517 = EDGE_LOOP ( 'NONE', ( #2980, #2158, #787, #1711 ) ) ;
#3518 = LINE ( 'NONE', #3298, #261 ) ;
#3519 = FACE_OUTER_BOUND ( 'NONE', #2851, .T. ) ;
#3520 = CARTESIAN_POINT ( 'NONE',  ( -34.43821680652403217, 53.99999999999998579, 10.51799039214557574 ) ) ;
#3521 = CARTESIAN_POINT ( 'NONE',  ( -18.51683052263851792, 59.00000000000001421, 36.85123462621708512 ) ) ;
#3522 = EDGE_CURVE ( 'NONE', #584, #2340, #748, .T. ) ;
#3523 = PLANE ( 'NONE',  #486 ) ;
#3524 = EDGE_CURVE ( 'NONE', #1113, #2830, #2993, .T. ) ;
#3525 = LINE ( 'NONE', #693, #3241 ) ;
#3526 = CARTESIAN_POINT ( 'NONE',  ( -21.97859585403546490, 57.66025403784439618, 40.92050807568854509 ) ) ;
#3527 = CARTESIAN_POINT ( 'NONE',  ( -36.17834332234169636, 45.00000000000000711, 26.40025253169435970 ) ) ;
#3528 = CARTESIAN_POINT ( 'NONE',  ( -26.41192732873918914, 60.14801855710368983, 16.48304750252931328 ) ) ;
#3529 = CARTESIAN_POINT ( 'NONE',  ( -27.46146481841633857, 60.29564699008514594, 16.47355361500425275 ) ) ;
#3530 = AXIS2_PLACEMENT_3D ( 'NONE', #1838, #1311, #2954 ) ;
#3531 = ORIENTED_EDGE ( 'NONE', *, *, #3197, .T. ) ;
#3532 = ORIENTED_EDGE ( 'NONE', *, *, #3032, .T. ) ;
#3533 = AXIS2_PLACEMENT_3D ( 'NONE', #2571, #1769, #71 ) ;
#3534 = AXIS2_PLACEMENT_3D ( 'NONE', #3005, #1034, #2672 ) ;
#3535 = AXIS2_PLACEMENT_3D ( 'NONE', #1445, #50, #1164 ) ;
#3536 = CARTESIAN_POINT ( 'NONE',  ( -35.47859585403568161, 46.00000000000000711, 35.59999999999995879 ) ) ;
#3537 = VERTEX_POINT ( 'NONE', #2386 ) ;
#3538 = CIRCLE ( 'NONE', #3421, 26.99999999999998224 ) ;
#3539 = CARTESIAN_POINT ( 'NONE',  ( -43.65817449424137209, 52.00000000000000711, 60.27957864020575585 ) ) ;
#3540 = DIRECTION ( 'NONE',  ( 0.7071067811865410224, 0.000000000000000000, -0.7071067811865540120 ) ) ;
#3541 = AXIS2_PLACEMENT_3D ( 'NONE', #2797, #850, #2042 ) ;
#3542 = CARTESIAN_POINT ( 'NONE',  ( -44.36528127542793243, 53.00000000000000711, 59.57247185901920972 ) ) ;
#3543 = VECTOR ( 'NONE', #3269, 1000.000000000000000 ) ;
#3544 = CARTESIAN_POINT ( 'NONE',  ( -20.29493749325893148, 58.99999999999998579, 37.69457813522401324 ) ) ;
#3545 = EDGE_CURVE ( 'NONE', #3131, #3130, #1602, .T. ) ;
#3546 = FACE_OUTER_BOUND ( 'NONE', #2322, .T. ) ;
#3547 = CARTESIAN_POINT ( 'NONE',  ( -39.18285873571176126, 58.68602902664927257, 21.95084560131780549 ) ) ;
#3548 = CARTESIAN_POINT ( 'NONE',  ( 8.271404145964293519, 46.00000000000000711, 8.349999999999891287 ) ) ;
#3549 = DIRECTION ( 'NONE',  ( -0.000000000000000000, -1.000000000000000000, -0.000000000000000000 ) ) ;
#3550 = CARTESIAN_POINT ( 'NONE',  ( -27.04304372439651161, 59.84741045313696617, 17.26495293374899731 ) ) ;
#3551 = CARTESIAN_POINT ( 'NONE',  ( -38.74031193246626970, 59.00000000000000711, 38.86171607843057529 ) ) ;
#3552 = VERTEX_POINT ( 'NONE', #3510 ) ;
#3553 = ORIENTED_EDGE ( 'NONE', *, *, #3160, .F. ) ;
#3554 = CARTESIAN_POINT ( 'NONE',  ( -31.22859585403589477, 53.00000000000000711, 6.349999999999916156 ) ) ;
#3555 = ORIENTED_EDGE ( 'NONE', *, *, #281, .F. ) ;
#3556 = EDGE_CURVE ( 'NONE', #2830, #828, #721, .T. ) ;
#3557 = CARTESIAN_POINT ( 'NONE',  ( -33.15016872928939762, 50.91709623134522644, 50.59999999999992326 ) ) ;
#3558 = DIRECTION ( 'NONE',  ( -0.000000000000000000, -1.000000000000000000, -0.000000000000000000 ) ) ;
#3559 = DIRECTION ( 'NONE',  ( 0.000000000000000000, 1.000000000000000000, 0.000000000000000000 ) ) ;
#3560 = EDGE_CURVE ( 'NONE', #4, #1245, #796, .T. ) ;
#3561 = CARTESIAN_POINT ( 'NONE',  ( -17.42241126672497131, 59.00000000000001421, 36.35083392066161423 ) ) ;
#3562 = CARTESIAN_POINT ( 'NONE',  ( -24.42246778473041502, 59.00000000000001421, 40.01500190954984504 ) ) ;
#3563 = CARTESIAN_POINT ( 'NONE',  ( -8.452493102367666822, 61.00300416959405680, 24.73835192451695519 ) ) ;
#3564 = LINE ( 'NONE', #3492, #317 ) ;
#3565 = MECHANICAL_CONTEXT ( 'NONE', #1015, 'mechanical' ) ;
#3566 = PLANE ( 'NONE',  #1324 ) ;
#3567 = DIRECTION ( 'NONE',  ( -1.000000000000000000, 0.000000000000000000, 6.983617243522253858E-15 ) ) ;
#3568 = ORIENTED_EDGE ( 'NONE', *, *, #3002, .F. ) ;
#3569 = ORIENTED_EDGE ( 'NONE', *, *, #645, .F. ) ;
#3570 = CARTESIAN_POINT ( 'NONE',  ( -38.72117016879053608, 59.00000000000002842, 22.62064352179223548 ) ) ;
#3571 = EDGE_CURVE ( 'NONE', #678, #1788, #3030, .T. ) ;
#3572 = EDGE_CURVE ( 'NONE', #3460, #2214, #2746, .T. ) ;
#3573 = ORIENTED_EDGE ( 'NONE', *, *, #977, .T. ) ;
#3574 = ORIENTED_EDGE ( 'NONE', *, *, #1044, .T. ) ;
#3575 = DIRECTION ( 'NONE',  ( -0.000000000000000000, -1.000000000000000000, -0.000000000000000000 ) ) ;
#3576 = CARTESIAN_POINT ( 'NONE',  ( -31.19741871365274477, 59.00000000000000711, 46.40460929724398653 ) ) ;
#3577 = EDGE_CURVE ( 'NONE', #2574, #3344, #683, .T. ) ;
#3578 = CARTESIAN_POINT ( 'NONE',  ( 0.02140414596437691108, 60.59529471918388310, 27.00072536783020638 ) ) ;
#3579 = CARTESIAN_POINT ( 'NONE',  ( 0.02140414596441854445, 52.07179676972448590, 50.59999999999969589 ) ) ;
#3580 = EDGE_CURVE ( 'NONE', #3427, #678, #3063, .T. ) ;
#3581 = DIRECTION ( 'NONE',  ( 1.000000000000000000, 0.000000000000000000, 0.000000000000000000 ) ) ;
#3582 = CARTESIAN_POINT ( 'NONE',  ( -1.250810442039227866, 60.30761779544235424, 26.07664533498815018 ) ) ;
#3583 = CARTESIAN_POINT ( 'NONE',  ( -37.24786100656419308, 59.00000000000000711, 19.75137337420958872 ) ) ;
#3584 = ORIENTED_EDGE ( 'NONE', *, *, #1632, .F. ) ;
#3585 = ORIENTED_EDGE ( 'NONE', *, *, #392, .F. ) ;
#3586 = B_SPLINE_CURVE_WITH_KNOTS ( 'NONE', 3,
 ( #3212, #2138, #2087, #3477, #1319, #1877 ),
 .UNSPECIFIED., .F., .F.,
 ( 4, 2, 4 ),
 ( 0.000000000000000000, 0.2500000000000000000, 0.5000000000000000000 ),
 .UNSPECIFIED. ) ;
#3587 = AXIS2_PLACEMENT_3D ( 'NONE', #39, #1153, #3613 ) ;
#3588 = CARTESIAN_POINT ( 'NONE',  ( -37.75133950148834572, 59.00000000000000711, 20.77792858017686584 ) ) ;
#3589 = CARTESIAN_POINT ( 'NONE',  ( -25.42009135272213172, 60.59098320645679792, 5.469433880435991213 ) ) ;
#3590 = AXIS2_PLACEMENT_3D ( 'NONE', #193, #2388, #1301 ) ;
#3591 = ORIENTED_EDGE ( 'NONE', *, *, #2281, .F. ) ;
#3592 = VERTEX_POINT ( 'NONE', #2492 ) ;
#3593 = ADVANCED_FACE ( 'NONE', ( #781 ), #803, .F. ) ;
#3594 = AXIS2_PLACEMENT_3D ( 'NONE', #3125, #2992, #2637 ) ;
#3595 = CIRCLE ( 'NONE', #2015, 26.00000000000000355 ) ;
#3596 = CARTESIAN_POINT ( 'NONE',  ( -32.56438229166246856, 54.38119784648299770, 49.18578643762680258 ) ) ;
#3597 = CARTESIAN_POINT ( 'NONE',  ( -65.40016872928926261, 45.00000000000000711, 51.85000000000022169 ) ) ;
#3598 = CIRCLE ( 'NONE', #2018, 2.099999999999996980 ) ;
#3599 = VECTOR ( 'NONE', #833, 1000.000000000000000 ) ;
#3600 = VECTOR ( 'NONE', #2115, 1000.000000000000227 ) ;
#3601 = CARTESIAN_POINT ( 'NONE',  ( -50.47859585403593741, 46.00000000000000711, 0.1000000000000497019 ) ) ;
#3602 = CARTESIAN_POINT ( 'NONE',  ( -24.02816908035883614, 58.37220839391759597, 40.88814303840257480 ) ) ;
#3603 = AXIS2_PLACEMENT_3D ( 'NONE', #1299, #1531, #178 ) ;
#3604 = CARTESIAN_POINT ( 'NONE',  ( -53.14280941640865308, 46.00000000000000711, 66.93578643762685942 ) ) ;
#3605 = ADVANCED_FACE ( 'NONE', ( #520 ), #99, .F. ) ;
#3606 = PERSON_AND_ORGANIZATION ( #3342, #2840 ) ;
#3607 = LINE ( 'NONE', #3379, #2540 ) ;
#3608 = CIRCLE ( 'NONE', #919, 2.000000000000001776 ) ;
#3609 = CARTESIAN_POINT ( 'NONE',  ( -26.95183592635953929, 60.55796910630002117, 15.80365569526020053 ) ) ;
#3610 = VERTEX_POINT ( 'NONE', #12 ) ;
#3611 = ORIENTED_EDGE ( 'NONE', *, *, #1512, .T. ) ;
#3612 = CARTESIAN_POINT ( 'NONE',  ( -37.88640473760582950, 59.00000000000001421, 21.04627015241853272 ) ) ;
#3613 = DIRECTION ( 'NONE',  ( -6.982962677686266711E-15, 0.000000000000000000, -1.000000000000000000 ) ) ;
#3614 = ORIENTED_EDGE ( 'NONE', *, *, #2946, .T. ) ;
#3615 = VERTEX_POINT ( 'NONE', #536 ) ;
#3616 = AXIS2_PLACEMENT_3D ( 'NONE', #2207, #1897, #3581 ) ;
#3617 = EDGE_CURVE ( 'NONE', #2592, #1378, #2763, .T. ) ;
#3618 = CARTESIAN_POINT ( 'NONE',  ( -32.19498422914433888, 53.10156542148517644, 48.81638837510868711 ) ) ;
#3619 = DIRECTION ( 'NONE',  ( 0.000000000000000000, -1.000000000000000000, 0.000000000000000000 ) ) ;
#3620 =( BOUNDED_CURVE ( )  B_SPLINE_CURVE ( 3, ( #2670, #418, #1865, #3275 ),
 .UNSPECIFIED., .F., .T. ) 
 B_SPLINE_CURVE_WITH_KNOTS ( ( 4, 4 ),
 ( 5.235987755982985270, 6.283185307179586232 ),
 .UNSPECIFIED. ) 
 CURVE ( )  GEOMETRIC_REPRESENTATION_ITEM ( )  RATIONAL_B_SPLINE_CURVE ( ( 1.000000000000000000, 0.9106836025229585463, 0.9106836025229585463, 1.000000000000000000 ) ) 
 REPRESENTATION_ITEM ( '' )  );
#3621 = DIRECTION ( 'NONE',  ( 0.000000000000000000, -1.000000000000000000, 0.000000000000000000 ) ) ;
#3622 = CC_DESIGN_PERSON_AND_ORGANIZATION_ASSIGNMENT ( #342, #376, ( #569 ) ) ;
#3623 = B_SPLINE_CURVE_WITH_KNOTS ( 'NONE', 3,
 ( #1801, #1278, #3267, #3225 ),
 .UNSPECIFIED., .F., .F.,
 ( 4, 4 ),
 ( 0.000000000000000000, 1.000000000000000000 ),
 .UNSPECIFIED. ) ;
#3624 = EDGE_CURVE ( 'NONE', #3363, #3053, #246, .T. ) ;
#3625 = CARTESIAN_POINT ( 'NONE',  ( -37.65438205259646764, 58.90350357590545372, 19.59622289250854266 ) ) ;
#3626 = DIRECTION ( 'NONE',  ( -6.208737100411930265E-15, 0.4576615381557278539, -0.8891264907159910358 ) ) ;
#3627 = CARTESIAN_POINT ( 'NONE',  ( -17.46765405804674032, 59.69302987964564977, 27.48855314062255317 ) ) ;
#3628 = CARTESIAN_POINT ( 'NONE',  ( 4.580841841430317807, 60.79262548000461663, 26.61735907581904570 ) ) ;
#3629 = DIRECTION ( 'NONE',  ( -0.7071067811865463515, 0.000000000000000000, 0.7071067811865487940 ) ) ;
#3630 = ORIENTED_EDGE ( 'NONE', *, *, #3515, .F. ) ;
#3631 = ORIENTED_EDGE ( 'NONE', *, *, #1939, .F. ) ;
ENDSEC;
END-ISO-10303-21;
