ISO-10303-21;
HEADER;
FILE_DESCRIPTION (( 'STEP AP203' ),
    '1' );
FILE_NAME ('Íâµ××ù2.STEP',
    '2026-06-05T07:28:52',
    ( 'Windows User' ),
    ( 'P R C' ),
    'SwSTEP 2.0',
    'SolidWorks 2024',
    '' );
FILE_SCHEMA (( 'CONFIG_CONTROL_DESIGN' ));
ENDSEC;

DATA;
#1 = CARTESIAN_POINT ( 'NONE',  ( -59.45106771305484727, 28.38890729257725454, 44.36528127542794664 ) ) ;
#2 = CARTESIAN_POINT ( 'NONE',  ( -51.77129335928430010, 33.60629825433233719, 40.66195228458065003 ) ) ;
#3 = VERTEX_POINT ( 'NONE', #4692 ) ;
#4 = CARTESIAN_POINT ( 'NONE',  ( -20.22859585403558214, 29.89446079204246232, 50.47859585403522686 ) ) ;
#5 = CARTESIAN_POINT ( 'NONE',  ( -20.22859585403551108, 30.31711052285291075, 60.47859585403521976 ) ) ;
#6 = ORIENTED_EDGE ( 'NONE', *, *, #4260, .T. ) ;
#7 = CIRCLE ( 'NONE', #2330, 3.500000000000003109 ) ;
#8 = AXIS2_PLACEMENT_3D ( 'NONE', #170, #4976, #4473 ) ;
#9 = CARTESIAN_POINT ( 'NONE',  ( -21.89530287810641696, 22.71076681889183035, 39.22737082482176874 ) ) ;
#10 = CARTESIAN_POINT ( 'NONE',  ( -17.21527386082076561, 22.38890729257720125, 36.13556968683486303 ) ) ;
#11 = VECTOR ( 'NONE', #3920, 1000.000000000000000 ) ;
#12 = DIRECTION ( 'NONE',  ( 0.4850297717774106898, -0.2496601706515625685, -0.8381025710972288545 ) ) ;
#13 = CONICAL_SURFACE ( 'NONE', #3050, 9.000000000000001776, 0.7853981633974479459 ) ;
#14 = AXIS2_PLACEMENT_3D ( 'NONE', #2323, #5305, #3699 ) ;
#15 = DIRECTION ( 'NONE',  ( 4.876176775795935793E-29, -1.000000000000000000, 6.982962677686266711E-15 ) ) ;
#16 = VERTEX_POINT ( 'NONE', #478 ) ;
#17 = CARTESIAN_POINT ( 'NONE',  ( -27.46048967317240397, 21.09275836437971563, 16.35117436647140465 ) ) ;
#18 = VERTEX_POINT ( 'NONE', #869 ) ;
#19 = EDGE_CURVE ( 'NONE', #1980, #5211, #3894, .T. ) ;
#20 = CARTESIAN_POINT ( 'NONE',  ( -66.81438229166238330, 22.38890729257729717, 50.31438229166258225 ) ) ;
#21 = CARTESIAN_POINT ( 'NONE',  ( -35.16390066579639040, 29.87194337454790372, 52.01581560603922583 ) ) ;
#22 = DIRECTION ( 'NONE',  ( -0.5000000000000057732, -6.047423072554914778E-15, -0.8660254037844352659 ) ) ;
#23 = CARTESIAN_POINT ( 'NONE',  ( -7.978595854035519075, 34.58890729257737462, 60.37459947117203996 ) ) ;
#24 = CARTESIAN_POINT ( 'NONE',  ( -37.23748595388251914, 22.38890729257708045, 19.60024382546803423 ) ) ;
#25 = EDGE_LOOP ( 'NONE', ( #2315, #2994, #878, #516 ) ) ;
#26 = CARTESIAN_POINT ( 'NONE',  ( -7.228595854035692270, 22.40901884126128962, 35.16520606784748537 ) ) ;
#27 = CIRCLE ( 'NONE', #5467, 6.999999999999992006 ) ;
#28 = CARTESIAN_POINT ( 'NONE',  ( -21.55837972006347414, 23.28972411509549190, 40.03885635894960870 ) ) ;
#29 = DIRECTION ( 'NONE',  ( 1.000000000000000000, 0.000000000000000000, -6.982962677686266711E-15 ) ) ;
#30 = DIRECTION ( 'NONE',  ( 4.876176775795935793E-29, -1.000000000000000000, 6.982962677686266711E-15 ) ) ;
#31 = VECTOR ( 'NONE', #3682, 1000.000000000000000 ) ;
#32 = VERTEX_POINT ( 'NONE', #1767 ) ;
#33 = CARTESIAN_POINT ( 'NONE',  ( -9.865482924672503984, 22.39495200650366158, 36.24527549589674180 ) ) ;
#34 = CARTESIAN_POINT ( 'NONE',  ( -18.09673145849698983, 29.12418558499465604, 50.14856848511855247 ) ) ;
#35 = VECTOR ( 'NONE', #1989, 1000.000000000000000 ) ;
#36 = EDGE_LOOP ( 'NONE', ( #3946, #576 ) ) ;
#37 = CARTESIAN_POINT ( 'NONE',  ( -19.75903155989135840, 22.50498310619951425, 37.83367787409498106 ) ) ;
#38 = LINE ( 'NONE', #897, #2773 ) ;
#39 = CARTESIAN_POINT ( 'NONE',  ( -2.228595854036013790, 22.38890729257694545, -0.02140414596484875587 ) ) ;
#40 = CARTESIAN_POINT ( 'NONE',  ( -100.1280907906476187, 22.38890729257680690, -19.87190920935264771 ) ) ;
#41 = ORIENTED_EDGE ( 'NONE', *, *, #4410, .T. ) ;
#42 = EDGE_CURVE ( 'NONE', #3776, #1535, #2894, .T. ) ;
#43 = CARTESIAN_POINT ( 'NONE',  ( -10.22859585403549332, 30.31711052285293206, 62.97859585403513449 ) ) ;
#44 = ORIENTED_EDGE ( 'NONE', *, *, #3325, .F. ) ;
#45 = EDGE_CURVE ( 'NONE', #770, #2854, #4746, .T. ) ;
#46 = DIRECTION ( 'NONE',  ( 4.876176775795935793E-29, -1.000000000000000000, 6.982962677686266711E-15 ) ) ;
#47 = CARTESIAN_POINT ( 'NONE',  ( -32.40584082858245552, 30.05878098242700958, 50.81430336226155475 ) ) ;
#48 = CARTESIAN_POINT ( 'NONE',  ( -10.22859585403549332, 30.31711052285293206, 62.97859585403513449 ) ) ;
#49 = CARTESIAN_POINT ( 'NONE',  ( -2.996452996892910559, 36.38890729257713730, 25.80285844302888165 ) ) ;
#50 = EDGE_CURVE ( 'NONE', #950, #1109, #1419, .T. ) ;
#51 = VECTOR ( 'NONE', #3916, 1000.000000000000000 ) ;
#52 = ADVANCED_FACE ( 'NONE', ( #1006 ), #3136, .F. ) ;
#53 = CARTESIAN_POINT ( 'NONE',  ( -36.24613010159698234, 22.38890729257706624, 17.45921905144124864 ) ) ;
#54 = ORIENTED_EDGE ( 'NONE', *, *, #3786, .T. ) ;
#55 = CARTESIAN_POINT ( 'NONE',  ( -27.04924227505969014, 21.54445269920690365, 17.14976125110964489 ) ) ;
#56 = CARTESIAN_POINT ( 'NONE',  ( -25.97859585403594096, 27.38890729257696321, -0.02140414596470997799 ) ) ;
#57 = CARTESIAN_POINT ( 'NONE',  ( -27.36714899465851047, 21.69587741293149818, 17.46765405804642768 ) ) ;
#58 = DIRECTION ( 'NONE',  ( -0.7071067811865524577, -4.937700262164531476E-15, -0.7071067811865426878 ) ) ;
#59 = EDGE_CURVE ( 'NONE', #2373, #5310, #3191, .T. ) ;
#60 = ORIENTED_EDGE ( 'NONE', *, *, #2965, .F. ) ;
#61 = CARTESIAN_POINT ( 'NONE',  ( -19.65037498230087820, 29.02842371992433002, 49.97857564388843343 ) ) ;
#62 = CARTESIAN_POINT ( 'NONE',  ( -17.91495864765483859, 29.13293361312630836, 50.16804777105076596 ) ) ;
#63 = VERTEX_POINT ( 'NONE', #643 ) ;
#64 = CIRCLE ( 'NONE', #2474, 4.999999999999997335 ) ;
#65 = CARTESIAN_POINT ( 'NONE',  ( -18.32959324343265806, 22.42609354207653638, 36.94100950509170644 ) ) ;
#66 = LINE ( 'NONE', #1422, #5453 ) ;
#67 = CARTESIAN_POINT ( 'NONE',  ( -7.978595854035637203, 36.38990729257724865, 42.97859585403509186 ) ) ;
#68 = CARTESIAN_POINT ( 'NONE',  ( -10.39658624618130212, 23.38890729257718348, 24.43821680652339623 ) ) ;
#69 = ORIENTED_EDGE ( 'NONE', *, *, #2217, .T. ) ;
#70 = PLANE ( 'NONE',  #2442 ) ;
#71 = ORIENTED_EDGE ( 'NONE', *, *, #4260, .F. ) ;
#72 = VERTEX_POINT ( 'NONE', #4385 ) ;
#73 = DIRECTION ( 'NONE',  ( 0.8660254037844422603, 3.491481338843132172E-15, 0.4999999999999937828 ) ) ;
#74 = CARTESIAN_POINT ( 'NONE',  ( -16.76054727686016577, 22.38890729257714440, 28.07425577584456988 ) ) ;
#75 = DIRECTION ( 'NONE',  ( 6.938893903907258354E-15, 6.938893903907258354E-15, 1.000000000000000000 ) ) ;
#76 = ORIENTED_EDGE ( 'NONE', *, *, #2604, .F. ) ;
#77 = EDGE_CURVE ( 'NONE', #2096, #4992, #3533, .T. ) ;
#78 = DIRECTION ( 'NONE',  ( 1.000000000000000000, 0.000000000000000000, -6.982962677686266711E-15 ) ) ;
#79 = EDGE_LOOP ( 'NONE', ( #1803, #1428, #2786, #2848 ) ) ;
#80 = CARTESIAN_POINT ( 'NONE',  ( -8.718053057059005795, 22.39382703267309793, 35.48416187311364212 ) ) ;
#81 = CARTESIAN_POINT ( 'NONE',  ( -21.14051148085302856, 22.76009197892297919, 38.69686560546820431 ) ) ;
#82 = CARTESIAN_POINT ( 'NONE',  ( -3.228595854035750889, 23.38890729257720835, 27.78934018064388312 ) ) ;
#83 = DIRECTION ( 'NONE',  ( 6.608470384673562857E-15, 6.608470384673562857E-15, 1.000000000000000000 ) ) ;
#84 = ADVANCED_FACE ( 'NONE', ( #2301, #4834 ), #1398, .F. ) ;
#85 = ADVANCED_FACE ( 'NONE', ( #4860 ), #1848, .F. ) ;
#86 = ORIENTED_EDGE ( 'NONE', *, *, #1916, .T. ) ;
#87 = CARTESIAN_POINT ( 'NONE',  ( -49.47859585403593030, 28.73976025366283338, -0.02140414596455732232 ) ) ;
#88 = CARTESIAN_POINT ( 'NONE',  ( -35.47859585403565319, 28.38890729257722612, 40.47859585403534055 ) ) ;
#89 = EDGE_LOOP ( 'NONE', ( #363, #2827, #177, #744 ) ) ;
#90 = CARTESIAN_POINT ( 'NONE',  ( -16.47067680497805142, 22.38890729257719414, 35.79910392972396949 ) ) ;
#91 = CARTESIAN_POINT ( 'NONE',  ( -37.28466100950873141, 22.45072264187810518, 18.88408090825794261 ) ) ;
#92 = B_SPLINE_SURFACE_WITH_KNOTS ( 'NONE', 1, 3, ( 
 ( #361, #280, #1621, #783, #3700, #4631, #3327, #2465, #1120, #309 ),
 ( #3726, #4166, #1230, #2853, #1565, #5478, #3781, #1651, #5363, #1993 ) ),
 .UNSPECIFIED., .F., .F., .F.,
 ( 2, 2 ),
 ( 4, 2, 2, 2, 4 ),
 ( 0.000000000000000000, 1.000000000000000000 ),
 ( 0.000000000000000000, 0.002082844828723696366, 0.004165689657447392731, 0.006248534486171089530, 0.008331379314894785462 ),
 .UNSPECIFIED. ) ;
#93 = CARTESIAN_POINT ( 'NONE',  ( -50.12647624810043823, 32.75965884256207517, 53.47922524310567383 ) ) ;
#94 = DIRECTION ( 'NONE',  ( 7.021499783715655013E-15, 6.608470384673557335E-15, 1.000000000000000000 ) ) ;
#95 = PLANE ( 'NONE',  #3872 ) ;
#96 = ORIENTED_EDGE ( 'NONE', *, *, #5482, .T. ) ;
#97 = VECTOR ( 'NONE', #4720, 1000.000000000000000 ) ;
#98 = CONICAL_SURFACE ( 'NONE', #4118, 3.000000000000065281, 0.7853981633974514986 ) ;
#99 = ORIENTED_EDGE ( 'NONE', *, *, #4796, .F. ) ;
#100 = CARTESIAN_POINT ( 'NONE',  ( -32.98838730849011824, 30.06804933547866554, 50.98742764079248246 ) ) ;
#101 = EDGE_CURVE ( 'NONE', #3666, #4442, #760, .T. ) ;
#102 = LINE ( 'NONE', #3177, #5184 ) ;
#103 = DIRECTION ( 'NONE',  ( 0.4999999999999932832, 0.7071067811865491270, -0.5000000000000046629 ) ) ;
#104 = ORIENTED_EDGE ( 'NONE', *, *, #2412, .F. ) ;
#105 = DIRECTION ( 'NONE',  ( -0.3779644730092227567, 0.6546536707079817496, 0.6546536707079751993 ) ) ;
#106 = ORIENTED_EDGE ( 'NONE', *, *, #1442, .T. ) ;
#107 = CARTESIAN_POINT ( 'NONE',  ( -25.38949730192761933, 20.02675306138904787, 9.344840947536006581 ) ) ;
#108 = CARTESIAN_POINT ( 'NONE',  ( -17.11083811765211138, 30.14988275211841540, 50.97700674185637126 ) ) ;
#109 = CARTESIAN_POINT ( 'NONE',  ( -36.33964368392540223, 29.51010706430763975, 52.86969557983559298 ) ) ;
#110 = FACE_OUTER_BOUND ( 'NONE', #1674, .T. ) ;
#111 = VERTEX_POINT ( 'NONE', #586 ) ;
#112 = EDGE_CURVE ( 'NONE', #3345, #2189, #1564, .T. ) ;
#113 = CARTESIAN_POINT ( 'NONE',  ( -59.97859585403552529, 54.83646810695054086, 59.97859585403527660 ) ) ;
#114 = DIRECTION ( 'NONE',  ( -0.7071067811865524577, -4.937700262164531476E-15, -0.7071067811865426878 ) ) ;
#115 = ORIENTED_EDGE ( 'NONE', *, *, #875, .F. ) ;
#116 = EDGE_CURVE ( 'NONE', #4628, #3685, #2273, .T. ) ;
#117 = EDGE_CURVE ( 'NONE', #210, #4302, #2285, .T. ) ;
#119 = AXIS2_PLACEMENT_3D ( 'NONE', #3218, #144, #2385 ) ;
#118 = LINE ( 'NONE', #509, #5001 ) ;
#120 = CARTESIAN_POINT ( 'NONE',  ( -22.97884192615152443, 22.38890729257720835, 38.99634230945204649 ) ) ;
#121 = DIRECTION ( 'NONE',  ( 4.876176775795935793E-29, -1.000000000000000000, 6.982962677686266711E-15 ) ) ;
#122 = AXIS2_PLACEMENT_3D ( 'NONE', #3076, #3017, #3467 ) ;
#123 = FACE_OUTER_BOUND ( 'NONE', #1297, .T. ) ;
#124 = EDGE_CURVE ( 'NONE', #185, #4425, #2797, .T. ) ;
#125 = DIRECTION ( 'NONE',  ( 4.876176775795935793E-29, -1.000000000000000000, 6.982962677686266711E-15 ) ) ;
#126 = ORIENTED_EDGE ( 'NONE', *, *, #1897, .T. ) ;
#127 = ORIENTED_EDGE ( 'NONE', *, *, #2203, .T. ) ;
#128 = DIRECTION ( 'NONE',  ( -6.938893903907222067E-15, -6.938893903907222067E-15, -1.000000000000000000 ) ) ;
#129 = DIRECTION ( 'NONE',  ( 6.608470384673562857E-15, 6.608470384673562857E-15, 1.000000000000000000 ) ) ;
#130 = DIRECTION ( 'NONE',  ( -4.876176775795935793E-29, 1.000000000000000000, -6.982962677686266711E-15 ) ) ;
#131 = ORIENTED_EDGE ( 'NONE', *, *, #4583, .F. ) ;
#132 = LINE ( 'NONE', #2674, #3599 ) ;
#133 = ORIENTED_EDGE ( 'NONE', *, *, #4124, .F. ) ;
#134 = VECTOR ( 'NONE', #2957, 1000.000000000000114 ) ;
#135 = DIRECTION ( 'NONE',  ( 7.021499783715655013E-15, 6.608470384673557335E-15, 1.000000000000000000 ) ) ;
#136 = AXIS2_PLACEMENT_3D ( 'NONE', #609, #2712, #1504 ) ;
#137 = CARTESIAN_POINT ( 'NONE',  ( -49.66971790840080558, 28.69096443752385284, 33.16971790840052137 ) ) ;
#138 = LINE ( 'NONE', #4742, #1639 ) ;
#139 = ORIENTED_EDGE ( 'NONE', *, *, #4314, .T. ) ;
#140 = CARTESIAN_POINT ( 'NONE',  ( -10.19251711871051036, 23.83785099236471439, 38.76233057108958491 ) ) ;
#141 = CARTESIAN_POINT ( 'NONE',  ( -3.228595854035702484, 28.38890729257719414, 35.22859585403513449 ) ) ;
#142 = EDGE_CURVE ( 'NONE', #4644, #3968, #3164, .T. ) ;
#143 = CARTESIAN_POINT ( 'NONE',  ( 0.02140414596450875007, 29.31711052285291075, 63.97859585403504923 ) ) ;
#144 = DIRECTION ( 'NONE',  ( -1.000000000000000000, 0.000000000000000000, 6.982962677686266711E-15 ) ) ;
#145 = CARTESIAN_POINT ( 'NONE',  ( -20.16793747667894721, 22.53693598045806823, 38.09416901091648100 ) ) ;
#146 = CARTESIAN_POINT ( 'NONE',  ( -26.27884838572997594, 23.38890729257726520, 36.17834332234133399 ) ) ;
#147 = DIRECTION ( 'NONE',  ( 4.876176775795935793E-29, -1.000000000000000000, 6.982962677686266711E-15 ) ) ;
#148 = LINE ( 'NONE', #512, #319 ) ;
#149 = DIRECTION ( 'NONE',  ( 0.7071067811865474617, -0.7071067811865474617, 0.000000000000000000 ) ) ;
#150 = ORIENTED_EDGE ( 'NONE', *, *, #2772, .F. ) ;
#151 = VECTOR ( 'NONE', #5150, 1000.000000000000000 ) ;
#152 = ORIENTED_EDGE ( 'NONE', *, *, #5306, .F. ) ;
#153 = CARTESIAN_POINT ( 'NONE',  ( -5.903595854035526003, 36.38890729257736467, 59.17659766260354814 ) ) ;
#154 = EDGE_CURVE ( 'NONE', #3094, #5183, #3559, .T. ) ;
#155 = CARTESIAN_POINT ( 'NONE',  ( -11.22859585403574734, 32.38890729257720125, 35.79910392972385580 ) ) ;
#156 = DIRECTION ( 'NONE',  ( 4.876176775795935793E-29, -1.000000000000000000, 6.982962677686266711E-15 ) ) ;
#157 = VERTEX_POINT ( 'NONE', #3583 ) ;
#158 = DIRECTION ( 'NONE',  ( 4.876176775795935793E-29, -1.000000000000000000, 6.982962677686266711E-15 ) ) ;
#159 = ORIENTED_EDGE ( 'NONE', *, *, #4675, .T. ) ;
#160 = DIRECTION ( 'NONE',  ( -1.000000000000000000, 0.000000000000000000, 6.982962677686266711E-15 ) ) ;
#161 = CARTESIAN_POINT ( 'NONE',  ( -32.61197112148126820, 29.27169907570438667, 50.46758663335800321 ) ) ;
#162 = CYLINDRICAL_SURFACE ( 'NONE', #2983, 2.099999999999996092 ) ;
#163 = ORIENTED_EDGE ( 'NONE', *, *, #5232, .F. ) ;
#164 = FACE_OUTER_BOUND ( 'NONE', #5067, .T. ) ;
#165 = LINE ( 'NONE', #1088, #901 ) ;
#166 = DIRECTION ( 'NONE',  ( -1.010705775216054192E-15, 6.938893903907227589E-15, 1.000000000000000000 ) ) ;
#167 = LINE ( 'NONE', #2763, #1815 ) ;
#168 = VERTEX_POINT ( 'NONE', #5277 ) ;
#169 = CARTESIAN_POINT ( 'NONE',  ( -17.48923046304835438, 29.17376273231466044, 50.26934509413209895 ) ) ;
#170 = CARTESIAN_POINT ( 'NONE',  ( -46.99031193246636917, 32.38890729257716572, 30.49031193246598548 ) ) ;
#171 = VERTEX_POINT ( 'NONE', #1034 ) ;
#172 = DIRECTION ( 'NONE',  ( -4.937700262164574075E-15, 0.7071067811865414665, -0.7071067811865536790 ) ) ;
#173 = LINE ( 'NONE', #1013, #2466 ) ;
#174 = CARTESIAN_POINT ( 'NONE',  ( -29.97859585403587346, 22.38890729257701295, 9.497770061690840038 ) ) ;
#175 = VERTEX_POINT ( 'NONE', #2738 ) ;
#176 = ADVANCED_FACE ( 'NONE', ( #4439 ), #1936, .F. ) ;
#177 = ORIENTED_EDGE ( 'NONE', *, *, #2366, .T. ) ;
#178 = DIRECTION ( 'NONE',  ( -4.876176775795935793E-29, 1.000000000000000000, -6.982962677686266711E-15 ) ) ;
#179 = DIRECTION ( 'NONE',  ( -1.000000000000000000, 0.000000000000000000, 6.982962677686266711E-15 ) ) ;
#180 = EDGE_CURVE ( 'NONE', #3968, #2622, #195, .T. ) ;
#181 = ORIENTED_EDGE ( 'NONE', *, *, #4796, .T. ) ;
#182 = AXIS2_PLACEMENT_3D ( 'NONE', #5086, #4613, #1152 ) ;
#183 = CARTESIAN_POINT ( 'NONE',  ( -31.22859585403585214, 23.38890729257722967, 31.22859585403555371 ) ) ;
#184 = EDGE_CURVE ( 'NONE', #4992, #4674, #251, .T. ) ;
#185 = VERTEX_POINT ( 'NONE', #4526 ) ;
#186 = VECTOR ( 'NONE', #4444, 1000.000000000000000 ) ;
#187 = FACE_OUTER_BOUND ( 'NONE', #4247, .T. ) ;
#188 = AXIS2_PLACEMENT_3D ( 'NONE', #683, #4506, #4097 ) ;
#189 = CARTESIAN_POINT ( 'NONE',  ( -35.74694860038375310, 29.50113017042507124, 52.36650868082303134 ) ) ;
#190 = DIRECTION ( 'NONE',  ( -1.000000000000000000, 0.000000000000000000, 6.982962677686266711E-15 ) ) ;
#191 = VECTOR ( 'NONE', #5066, 1000.000000000000000 ) ;
#192 = ORIENTED_EDGE ( 'NONE', *, *, #4714, .F. ) ;
#193 = LINE ( 'NONE', #1447, #898 ) ;
#194 = DIRECTION ( 'NONE',  ( -4.876176775795935793E-29, 1.000000000000000000, -6.982962677686266711E-15 ) ) ;
#195 = LINE ( 'NONE', #2383, #4156 ) ;
#196 = CARTESIAN_POINT ( 'NONE',  ( -2.996452996892910559, 27.38890729257714440, 25.80285844302894560 ) ) ;
#197 = ORIENTED_EDGE ( 'NONE', *, *, #1442, .F. ) ;
#198 = CARTESIAN_POINT ( 'NONE',  ( -18.49597705810339932, 29.15323348325831887, 50.19475249526357885 ) ) ;
#199 = DIRECTION ( 'NONE',  ( -0.5000000000000039968, -0.7071067811865510144, -0.4999999999999911182 ) ) ;
#200 = VERTEX_POINT ( 'NONE', #754 ) ;
#201 = VECTOR ( 'NONE', #1411, 1000.000000000000114 ) ;
#202 = CARTESIAN_POINT ( 'NONE',  ( -9.176597662604123684, 34.58890729257723251, 40.90359585403512455 ) ) ;
#203 = DIRECTION ( 'NONE',  ( -0.5000000000000066613, 0.7071067811865404673, -0.5000000000000035527 ) ) ;
#204 = VECTOR ( 'NONE', #5441, 1000.000000000000000 ) ;
#205 = CARTESIAN_POINT ( 'NONE',  ( -24.95166802785660920, 22.38890729257722967, 40.27920200256968997 ) ) ;
#206 = VECTOR ( 'NONE', #541, 1000.000000000000114 ) ;
#207 = ORIENTED_EDGE ( 'NONE', *, *, #1942, .T. ) ;
#208 = CARTESIAN_POINT ( 'NONE',  ( -6.228595854035726020, 25.38890729257716572, 31.22859585403515936 ) ) ;
#209 = AXIS2_PLACEMENT_3D ( 'NONE', #2027, #2000, #4952 ) ;
#210 = VERTEX_POINT ( 'NONE', #2825 ) ;
#211 = LINE ( 'NONE', #2724, #4430 ) ;
#212 = CARTESIAN_POINT ( 'NONE',  ( -23.31810753089513000, 22.38890729257722967, 39.18618322457014358 ) ) ;
#213 = EDGE_CURVE ( 'NONE', #4515, #175, #2080, .T. ) ;
#214 = ORIENTED_EDGE ( 'NONE', *, *, #1615, .T. ) ;
#215 = FACE_OUTER_BOUND ( 'NONE', #3402, .T. ) ;
#216 = ORIENTED_EDGE ( 'NONE', *, *, #1520, .F. ) ;
#217 = EDGE_CURVE ( 'NONE', #3733, #1098, #401, .T. ) ;
#218 = CARTESIAN_POINT ( 'NONE',  ( -17.01718819403537708, 30.16164188879152164, 51.00827872229627502 ) ) ;
#219 = ADVANCED_FACE ( 'NONE', ( #4946, #3247 ), #701, .T. ) ;
#220 = CARTESIAN_POINT ( 'NONE',  ( -35.09769963596222198, 29.48318392253419873, 51.87497279786278170 ) ) ;
#221 = CARTESIAN_POINT ( 'NONE',  ( -29.83646023030467376, 35.38890729257730072, 50.47859585403525529 ) ) ;
#222 = ORIENTED_EDGE ( 'NONE', *, *, #3228, .F. ) ;
#223 = CARTESIAN_POINT ( 'NONE',  ( -8.228595854036282020, 22.38890729257688861, -8.271404145965016497 ) ) ;
#224 = VECTOR ( 'NONE', #418, 1000.000000000000000 ) ;
#225 = FACE_OUTER_BOUND ( 'NONE', #849, .T. ) ;
#226 = DIRECTION ( 'NONE',  ( -4.876176775795935793E-29, 1.000000000000000000, -6.982962677686266711E-15 ) ) ;
#227 = EDGE_CURVE ( 'NONE', #4515, #5289, #3358, .T. ) ;
#228 = DIRECTION ( 'NONE',  ( -6.982962677686266711E-15, -6.982962677686266711E-15, -1.000000000000000000 ) ) ;
#229 = ORIENTED_EDGE ( 'NONE', *, *, #2615, .T. ) ;
#230 = CARTESIAN_POINT ( 'NONE',  ( -32.29384405163549587, 29.22222346949373062, 50.33319515066600047 ) ) ;
#231 = CARTESIAN_POINT ( 'NONE',  ( -37.85405012308275019, 22.50798347159564727, 19.79045569146189010 ) ) ;
#232 = CARTESIAN_POINT ( 'NONE',  ( -40.84240757733778082, 23.03147415714028767, 24.12311651876748186 ) ) ;
#233 = DIRECTION ( 'NONE',  ( -4.876176775795935793E-29, 1.000000000000000000, -6.982962677686266711E-15 ) ) ;
#234 = VERTEX_POINT ( 'NONE', #4112 ) ;
#235 = CARTESIAN_POINT ( 'NONE',  ( -31.22859585403589477, 28.38890729257699164, 6.228595854035309465 ) ) ;
#236 = VECTOR ( 'NONE', #12, 1000.000000000000114 ) ;
#237 = EDGE_LOOP ( 'NONE', ( #5330, #1866, #1079, #4151 ) ) ;
#238 = CARTESIAN_POINT ( 'NONE',  ( -10.39658624618123284, 36.38890729257718704, 34.43821680652330741 ) ) ;
#239 = FACE_OUTER_BOUND ( 'NONE', #5499, .T. ) ;
#240 = EDGE_LOOP ( 'NONE', ( #4180, #767, #1746, #1217 ) ) ;
#241 = CYLINDRICAL_SURFACE ( 'NONE', #5196, 3.500000000000000000 ) ;
#242 = ORIENTED_EDGE ( 'NONE', *, *, #4108, .T. ) ;
#243 = CARTESIAN_POINT ( 'NONE',  ( -16.88638935288938470, 30.17792042972276079, 51.05342575403966521 ) ) ;
#244 = DIRECTION ( 'NONE',  ( 0.5000000000000056621, -0.7071067811865416886, 0.5000000000000026645 ) ) ;
#245 = CARTESIAN_POINT ( 'NONE',  ( -31.22859585403589477, 25.38890729257698808, 6.228595854035323676 ) ) ;
#246 = ORIENTED_EDGE ( 'NONE', *, *, #2336, .T. ) ;
#247 = CARTESIAN_POINT ( 'NONE',  ( -10.20573086244280603, 23.87983128907414354, 38.85590323572860427 ) ) ;
#248 = DIRECTION ( 'NONE',  ( 0.6644630243886705534, -0.3420201433256687129, -0.6644630243886788801 ) ) ;
#249 = EDGE_CURVE ( 'NONE', #4194, #2105, #2435, .T. ) ;
#250 = B_SPLINE_CURVE_WITH_KNOTS ( 'NONE', 3,
 ( #464, #3401, #4649, #2506 ),
 .UNSPECIFIED., .F., .F.,
 ( 4, 4 ),
 ( 0.000000000000000000, 1.000000000000000000 ),
 .UNSPECIFIED. ) ;
#251 = LINE ( 'NONE', #4467, #4770 ) ;
#252 = ADVANCED_FACE ( 'NONE', ( #2491 ), #92, .T. ) ;
#253 = CARTESIAN_POINT ( 'NONE',  ( -10.39658624618123284, 22.38890729257718704, 34.43821680652340689 ) ) ;
#254 = ORIENTED_EDGE ( 'NONE', *, *, #4642, .T. ) ;
#255 = B_SPLINE_CURVE_WITH_KNOTS ( 'NONE', 1,
 ( #4282, #3422 ),
 .UNSPECIFIED., .F., .F.,
 ( 2, 2 ),
 ( 0.000000000000000000, 1.000000000000000000 ),
 .UNSPECIFIED. ) ;
#256 = CARTESIAN_POINT ( 'NONE',  ( -31.83284754014518825, 29.13390504888083399, 50.16127466489110276 ) ) ;
#257 = EDGE_CURVE ( 'NONE', #2813, #1980, #5392, .T. ) ;
#258 = CARTESIAN_POINT ( 'NONE',  ( -39.09856232269623177, 22.68813045135003037, 21.70427719690794532 ) ) ;
#259 = PRODUCT ( '\X2\59165e955ea7\X0\2', '\X2\59165e955ea7\X0\2', '', ( #5505 ) ) ;
#260 = ORIENTED_EDGE ( 'NONE', *, *, #2444, .T. ) ;
#261 = DIRECTION ( 'NONE',  ( 0.7071067811865417996, -4.937700262164536209E-15, -0.7071067811865531239 ) ) ;
#262 = CARTESIAN_POINT ( 'NONE',  ( -23.89321301454355151, 22.99490760735112715, 40.65013669740039148 ) ) ;
#263 = ORIENTED_EDGE ( 'NONE', *, *, #1731, .F. ) ;
#264 = CARTESIAN_POINT ( 'NONE',  ( -20.22859585403551108, 36.38890729257737178, 60.47859585403516292 ) ) ;
#265 = ORIENTED_EDGE ( 'NONE', *, *, #4067, .F. ) ;
#266 = DIRECTION ( 'NONE',  ( 1.000000000000000000, 0.000000000000000000, -6.982962677686266711E-15 ) ) ;
#267 = DIRECTION ( 'NONE',  ( 0.7071067811865524577, 4.937700262164531476E-15, 0.7071067811865426878 ) ) ;
#268 = ORIENTED_EDGE ( 'NONE', *, *, #4183, .F. ) ;
#269 = DIRECTION ( 'NONE',  ( -4.876176775795935793E-29, 1.000000000000000000, -6.982962677686266711E-15 ) ) ;
#270 = ORIENTED_EDGE ( 'NONE', *, *, #3842, .T. ) ;
#271 = DIRECTION ( 'NONE',  ( -1.000000000000000000, 0.000000000000000000, 6.982962677686266711E-15 ) ) ;
#272 = CARTESIAN_POINT ( 'NONE',  ( -7.502700026140873391, 27.38890729257713730, 24.86609987527663179 ) ) ;
#273 = DIRECTION ( 'NONE',  ( 1.000000000000000000, 0.000000000000000000, -6.982962677686266711E-15 ) ) ;
#274 = CIRCLE ( 'NONE', #1254, 4.000000000000058620 ) ;
#275 = ORIENTED_EDGE ( 'NONE', *, *, #296, .T. ) ;
#276 = CARTESIAN_POINT ( 'NONE',  ( -11.14641245720211593, 22.82184554900574014, 38.71056839049301601 ) ) ;
#277 =( NAMED_UNIT ( * ) SI_UNIT ( $, .STERADIAN. ) SOLID_ANGLE_UNIT ( ) );
#278 = VECTOR ( 'NONE', #1232, 1000.000000000000114 ) ;
#279 = AXIS2_PLACEMENT_3D ( 'NONE', #2949, #3875, #3452 ) ;
#280 = CARTESIAN_POINT ( 'NONE',  ( -39.18581286133248653, 22.38890729257711953, 23.31752503659857823 ) ) ;
#281 = ADVANCED_FACE ( 'NONE', ( #4973 ), #728, .F. ) ;
#282 = CARTESIAN_POINT ( 'NONE',  ( -37.55763485725849904, 22.38890729257708756, 20.26320737161400132 ) ) ;
#283 = EDGE_LOOP ( 'NONE', ( #3037, #3081, #1938, #2658, #1303 ) ) ;
#284 = CARTESIAN_POINT ( 'NONE',  ( -35.04412650115163075, 29.89105143195110514, 51.94069128478346187 ) ) ;
#285 = CARTESIAN_POINT ( 'NONE',  ( -34.43821680652403927, 28.38890729257702006, 10.39658624618095573 ) ) ;
#286 = EDGE_CURVE ( 'NONE', #2558, #3345, #580, .T. ) ;
#287 = EDGE_CURVE ( 'NONE', #2599, #5173, #1173, .T. ) ;
#288 = LINE ( 'NONE', #3623, #990 ) ;
#289 = B_SPLINE_CURVE_WITH_KNOTS ( 'NONE', 3,
 ( #4721, #4806, #4752, #3952 ),
 .UNSPECIFIED., .F., .F.,
 ( 4, 4 ),
 ( 0.000000000000000000, 1.000000000000000000 ),
 .UNSPECIFIED. ) ;
#290 = EDGE_LOOP ( 'NONE', ( #4756, #4349, #458, #1122 ) ) ;
#291 = CARTESIAN_POINT ( 'NONE',  ( 0.02140414596405772196, 28.38890729257694190, -0.02140414596490426702 ) ) ;
#292 = AXIS2_PLACEMENT_3D ( 'NONE', #4879, #2755, #4457 ) ;
#293 = EDGE_LOOP ( 'NONE', ( #943, #3453, #4979, #2734, #2247 ) ) ;
#294 = LINE ( 'NONE', #739, #1220 ) ;
#295 = CARTESIAN_POINT ( 'NONE',  ( 0.02140414596451568896, 30.31711052285294627, 64.97859585403507765 ) ) ;
#296 = EDGE_CURVE ( 'NONE', #2228, #2317, #4220, .T. ) ;
#297 = AXIS2_PLACEMENT_3D ( 'NONE', #2362, #1043, #2415 ) ;
#298 = ORIENTED_EDGE ( 'NONE', *, *, #3190, .F. ) ;
#299 = CARTESIAN_POINT ( 'NONE',  ( -17.29253048523443681, 30.12695275020243102, 50.91933227622092772 ) ) ;
#300 = ORIENTED_EDGE ( 'NONE', *, *, #5166, .F. ) ;
#301 = CIRCLE ( 'NONE', #5027, 2.000000000000001776 ) ;
#302 = CARTESIAN_POINT ( 'NONE',  ( -25.23893799736295307, 20.68217394407683685, 14.31905569242954357 ) ) ;
#303 = LINE ( 'NONE', #2484, #2284 ) ;
#304 = DIRECTION ( 'NONE',  ( 0.4999999999999953926, 0.7071067811865456854, -0.5000000000000072164 ) ) ;
#305 = VERTEX_POINT ( 'NONE', #2052 ) ;
#306 = CARTESIAN_POINT ( 'NONE',  ( -10.61649737576732022, 22.49389368183080506, 37.24568844918835708 ) ) ;
#307 = CALENDAR_DATE ( 2026, 5, 6 ) ;
#308 = LINE ( 'NONE', #808, #5057 ) ;
#309 = CARTESIAN_POINT ( 'NONE',  ( -35.79910392971643063, 22.38890729257706980, 16.47067680496960662 ) ) ;
#310 = VERTEX_POINT ( 'NONE', #3752 ) ;
#311 = LINE ( 'NONE', #4169, #3134 ) ;
#312 = CARTESIAN_POINT ( 'NONE',  ( -47.67098400946042602, 22.38890729257702006, 32.58519757183330512 ) ) ;
#313 = AXIS2_PLACEMENT_3D ( 'NONE', #383, #4318, #826 ) ;
#314 = DIRECTION ( 'NONE',  ( -0.7071067811865427988, 5.046468293750713771E-15, 0.7071067811865522357 ) ) ;
#315 = AXIS2_PLACEMENT_3D ( 'NONE', #82, #836, #5107 ) ;
#316 = CARTESIAN_POINT ( 'NONE',  ( -21.77149873636715327, 22.69601080804795146, 39.14378690067306366 ) ) ;
#317 = VERTEX_POINT ( 'NONE', #1201 ) ;
#318 = FACE_OUTER_BOUND ( 'NONE', #2073, .T. ) ;
#319 = VECTOR ( 'NONE', #4008, 1000.000000000000000 ) ;
#320 = EDGE_LOOP ( 'NONE', ( #3003, #703, #347, #152 ) ) ;
#321 = EDGE_CURVE ( 'NONE', #18, #2334, #2910, .T. ) ;
#322 = CARTESIAN_POINT ( 'NONE',  ( -25.73489303329873223, 20.20453917319909465, 7.718665996028674314 ) ) ;
#323 = CARTESIAN_POINT ( 'NONE',  ( -14.85648550491473152, 29.31559636319237683, 50.92384895729413330 ) ) ;
#324 = EDGE_CURVE ( 'NONE', #3578, #1002, #1761, .T. ) ;
#325 = ORIENTED_EDGE ( 'NONE', *, *, #5336, .T. ) ;
#326 = DIRECTION ( 'NONE',  ( 6.938893903907236266E-15, 6.938893903907236266E-15, 1.000000000000000000 ) ) ;
#327 = ORIENTED_EDGE ( 'NONE', *, *, #4348, .T. ) ;
#328 = CARTESIAN_POINT ( 'NONE',  ( -24.76651248123208759, 20.45714750688633643, 12.94037649875724583 ) ) ;
#329 = CARTESIAN_POINT ( 'NONE',  ( -6.228595854035710921, 25.38890729257717993, 33.32859585403515723 ) ) ;
#330 = ORIENTED_EDGE ( 'NONE', *, *, #4511, .T. ) ;
#331 = CARTESIAN_POINT ( 'NONE',  ( -9.143385538344256602, 23.39570009336414813, 36.91902974029167694 ) ) ;
#332 = ORIENTED_EDGE ( 'NONE', *, *, #4583, .T. ) ;
#333 = CARTESIAN_POINT ( 'NONE',  ( -11.13298610613733075, 22.80097535251822194, 38.64107711547253388 ) ) ;
#334 = APPROVAL_STATUS ( 'not_yet_approved' ) ;
#335 = DIRECTION ( 'NONE',  ( -1.000000000000000000, 0.000000000000000000, 6.982962677686266711E-15 ) ) ;
#336 = CARTESIAN_POINT ( 'NONE',  ( -66.10727551047581585, 36.38890729257730783, 51.02148907284902890 ) ) ;
#337 = EDGE_CURVE ( 'NONE', #1405, #5016, #2722, .T. ) ;
#338 = ORIENTED_EDGE ( 'NONE', *, *, #618, .F. ) ;
#339 = DIRECTION ( 'NONE',  ( 0.6546536707079698703, -0.3779644730092283633, -0.6546536707079837480 ) ) ;
#340 = CARTESIAN_POINT ( 'NONE',  ( -26.00264905295993856, 23.33837020392278205, 42.50619786865267713 ) ) ;
#341 = CARTESIAN_POINT ( 'NONE',  ( -51.72859585403556082, 36.38890729257741441, 65.40016872928909208 ) ) ;
#342 = DIRECTION ( 'NONE',  ( -4.876176775795935793E-29, 1.000000000000000000, -6.982962677686266711E-15 ) ) ;
#343 = EDGE_LOOP ( 'NONE', ( #1948, #4850, #2953, #4867 ) ) ;
#344 = CARTESIAN_POINT ( 'NONE',  ( -19.05475557243943285, 22.38890729257720835, 36.97987747018415661 ) ) ;
#345 = CARTESIAN_POINT ( 'NONE',  ( -24.86609987527744181, 20.50458253438517886, -7.545508318069863662 ) ) ;
#346 = CARTESIAN_POINT ( 'NONE',  ( -16.99892394835432441, 29.19033867441920194, 50.31376869192546764 ) ) ;
#347 = ORIENTED_EDGE ( 'NONE', *, *, #3842, .F. ) ;
#348 = ADVANCED_FACE ( 'NONE', ( #5080 ), #1678, .F. ) ;
#349 = CARTESIAN_POINT ( 'NONE',  ( -66.81438229166238330, 29.38890729257729717, 50.31438229166253251 ) ) ;
#350 = ORIENTED_EDGE ( 'NONE', *, *, #3434, .T. ) ;
#351 = CARTESIAN_POINT ( 'NONE',  ( -31.22859585403585214, 28.38890729257716572, 31.22859585403552174 ) ) ;
#352 = CARTESIAN_POINT ( 'NONE',  ( -36.58540062755338340, 29.59147880074756998, 53.09911955972795994 ) ) ;
#353 = CARTESIAN_POINT ( 'NONE',  ( -3.228595854035709145, 28.38890729257718704, 34.22859585403511318 ) ) ;
#354 = CARTESIAN_POINT ( 'NONE',  ( -9.500578012721893728, 23.42601020483761332, 37.26921848965028516 ) ) ;
#355 = ADVANCED_FACE ( 'NONE', ( #3411 ), #3353, .T. ) ;
#356 = EDGE_CURVE ( 'NONE', #2358, #4274, #3439, .T. ) ;
#357 = ORIENTED_EDGE ( 'NONE', *, *, #423, .F. ) ;
#358 = CARTESIAN_POINT ( 'NONE',  ( -9.440825168976157755, 23.41761816914149108, 37.19984599368605416 ) ) ;
#359 = SHAPE_DEFINITION_REPRESENTATION ( #4492, #822 ) ;
#360 = DIRECTION ( 'NONE',  ( -0.7071067811865426878, 5.898059818321141754E-15, 0.7071067811865523467 ) ) ;
#361 = CARTESIAN_POINT ( 'NONE',  ( -39.56164183397566347, 22.38890729257711243, 23.90429132343322038 ) ) ;
#362 = ADVANCED_FACE ( 'NONE', ( #2544 ), #5133, .F. ) ;
#363 = ORIENTED_EDGE ( 'NONE', *, *, #2036, .T. ) ;
#364 = FACE_OUTER_BOUND ( 'NONE', #2810, .T. ) ;
#365 = CIRCLE ( 'NONE', #3492, 26.00000000000000355 ) ;
#366 = CARTESIAN_POINT ( 'NONE',  ( -23.64905798389359148, 22.95823570701368510, 40.47091651949738633 ) ) ;
#367 = CARTESIAN_POINT ( 'NONE',  ( -41.42983392729835401, 23.14343939690419205, 24.82861051025462373 ) ) ;
#368 = VECTOR ( 'NONE', #4956, 1000.000000000000000 ) ;
#369 = AXIS2_PLACEMENT_3D ( 'NONE', #1238, #793, #482 ) ;
#370 = VECTOR ( 'NONE', #2824, 1000.000000000000000 ) ;
#371 = CARTESIAN_POINT ( 'NONE',  ( -29.97859585403591609, 22.38890729257696677, 2.959421646379833515 ) ) ;
#372 = CARTESIAN_POINT ( 'NONE',  ( -19.25047209754830391, 22.38890729257720480, 37.07185524358040141 ) ) ;
#373 = DIRECTION ( 'NONE',  ( -6.938893903907222067E-15, -6.938893903907222067E-15, -1.000000000000000000 ) ) ;
#374 = DIRECTION ( 'NONE',  ( -1.000000000000000000, 0.000000000000000000, 6.982962677686266711E-15 ) ) ;
#375 = ORIENTED_EDGE ( 'NONE', *, *, #3529, .T. ) ;
#376 = CARTESIAN_POINT ( 'NONE',  ( -10.39658624618129501, 22.38890729257712664, 25.43821680652346728 ) ) ;
#377 = ORIENTED_EDGE ( 'NONE', *, *, #4921, .F. ) ;
#378 = EDGE_CURVE ( 'NONE', #5417, #2661, #4646, .T. ) ;
#379 = DIRECTION ( 'NONE',  ( 0.5000000000000057732, 6.047423072554913989E-15, 0.8660254037844352659 ) ) ;
#380 = CARTESIAN_POINT ( 'NONE',  ( -36.36631035499662090, 29.64091304663227433, 52.90488425010080675 ) ) ;
#381 = EDGE_CURVE ( 'NONE', #4505, #1691, #4706, .T. ) ;
#382 = CONICAL_SURFACE ( 'NONE', #4135, 0.9999999999999870104, 0.7853981633974547183 ) ;
#383 = CARTESIAN_POINT ( 'NONE',  ( -111.9081744942418482, 18.38890729257688861, -8.091825505758253101 ) ) ;
#384 = VERTEX_POINT ( 'NONE', #4659 ) ;
#385 = FACE_OUTER_BOUND ( 'NONE', #5345, .T. ) ;
#386 = EDGE_CURVE ( 'NONE', #305, #2767, #3654, .T. ) ;
#387 = VECTOR ( 'NONE', #1500, 1000.000000000000000 ) ;
#388 = CARTESIAN_POINT ( 'NONE',  ( -10.22859585403549332, 35.38890729257739309, 62.97859585403510607 ) ) ;
#389 = VERTEX_POINT ( 'NONE', #3889 ) ;
#390 = CARTESIAN_POINT ( 'NONE',  ( -9.845247518954137078, 22.39884192127776785, 36.24726520593754486 ) ) ;
#391 = EDGE_CURVE ( 'NONE', #171, #2160, #3069, .T. ) ;
#392 = CARTESIAN_POINT ( 'NONE',  ( -31.22859585403590899, 25.38890729257697387, 4.128595854035326695 ) ) ;
#393 = CONICAL_SURFACE ( 'NONE', #1101, 10.99999999999999467, 0.7853981633974389531 ) ;
#394 = CARTESIAN_POINT ( 'NONE',  ( -36.17834332234172479, 27.38890729257715151, 26.27884838572974147 ) ) ;
#395 = EDGE_LOOP ( 'NONE', ( #1481, #1406, #5326, #1833 ) ) ;
#396 = CARTESIAN_POINT ( 'NONE',  ( -36.17834332234172479, 36.38890729257713730, 26.27884838572968462 ) ) ;
#397 = LINE ( 'NONE', #5514, #4915 ) ;
#398 = EDGE_CURVE ( 'NONE', #200, #4432, #3016, .T. ) ;
#399 = LINE ( 'NONE', #2471, #4121 ) ;
#400 = CARTESIAN_POINT ( 'NONE',  ( -18.35160426838318415, 22.38890729257720835, 36.65366760446973871 ) ) ;
#401 = CIRCLE ( 'NONE', #2019, 2.000000000000001776 ) ;
#402 = LINE ( 'NONE', #39, #3728 ) ;
#403 = DIRECTION ( 'NONE',  ( 0.2672612419124202887, 0.9258200997725508641, -0.2672612419124305028 ) ) ;
#404 = ORIENTED_EDGE ( 'NONE', *, *, #1934, .T. ) ;
#405 = CARTESIAN_POINT ( 'NONE',  ( -38.47859585403587346, 22.38890729257694545, -0.02140414596459895569 ) ) ;
#406 = ORIENTED_EDGE ( 'NONE', *, *, #4048, .F. ) ;
#407 = CARTESIAN_POINT ( 'NONE',  ( -17.70846348660306546, 30.07440932625594954, 50.79158117163854058 ) ) ;
#408 = CARTESIAN_POINT ( 'NONE',  ( -35.80814650515154085, 29.75725317620514332, 52.45741700657955420 ) ) ;
#409 = LINE ( 'NONE', #1777, #5304 ) ;
#410 = EDGE_LOOP ( 'NONE', ( #4898, #1524, #3230 ) ) ;
#411 = CARTESIAN_POINT ( 'NONE',  ( -9.411279175965001187, 23.41501615133015690, 37.17039857189074326 ) ) ;
#412 = AXIS2_PLACEMENT_3D ( 'NONE', #3326, #3357, #360 ) ;
#413 = CARTESIAN_POINT ( 'NONE',  ( -37.48089208765571811, 22.38890729257708756, 20.10633277108939865 ) ) ;
#414 = ORIENTED_EDGE ( 'NONE', *, *, #3497, .F. ) ;
#415 = DIRECTION ( 'NONE',  ( 4.876176775795935793E-29, -1.000000000000000000, 6.982962677686266711E-15 ) ) ;
#416 = DIRECTION ( 'NONE',  ( 4.876176775795935793E-29, -1.000000000000000000, 6.982962677686266711E-15 ) ) ;
#417 = VECTOR ( 'NONE', #266, 1000.000000000000000 ) ;
#418 = DIRECTION ( 'NONE',  ( -0.6644630243886706644, 0.3420201433256688239, 0.6644630243886787690 ) ) ;
#419 = EDGE_LOOP ( 'NONE', ( #5011, #1879, #1350, #1555 ) ) ;
#420 = CARTESIAN_POINT ( 'NONE',  ( -18.50111795209127052, 29.10723870832289606, 50.11508720819273321 ) ) ;
#421 = CARTESIAN_POINT ( 'NONE',  ( -25.69463088630545045, 23.28619804256379311, 42.21206816140998797 ) ) ;
#422 = ORIENTED_EDGE ( 'NONE', *, *, #765, .F. ) ;
#423 = EDGE_CURVE ( 'NONE', #1109, #200, #2134, .T. ) ;
#424 = B_SPLINE_CURVE_WITH_KNOTS ( 'NONE', 3,
 ( #3154, #3100, #2621, #4350 ),
 .UNSPECIFIED., .F., .F.,
 ( 4, 4 ),
 ( 0.000000000000000000, 1.000000000000000000 ),
 .UNSPECIFIED. ) ;
#425 = LINE ( 'NONE', #2496, #1884 ) ;
#426 = CARTESIAN_POINT ( 'NONE',  ( -21.97880010680101748, 22.38890729257721190, 38.43598178454694647 ) ) ;
#427 = CARTESIAN_POINT ( 'NONE',  ( -16.58311961957976877, 29.22217363235296972, 50.39892780032213437 ) ) ;
#428 = CYLINDRICAL_SURFACE ( 'NONE', #637, 10.00000000000000000 ) ;
#429 = ORIENTED_EDGE ( 'NONE', *, *, #101, .T. ) ;
#430 = CARTESIAN_POINT ( 'NONE',  ( -7.978595854035560819, 36.38890729257734336, 55.58259223689813666 ) ) ;
#431 = ORIENTED_EDGE ( 'NONE', *, *, #4988, .T. ) ;
#432 = LINE ( 'NONE', #3007, #1213 ) ;
#433 = CARTESIAN_POINT ( 'NONE',  ( -34.52489739682970793, 29.96229764360587566, 51.64577179618247982 ) ) ;
#434 = LINE ( 'NONE', #3798, #5037 ) ;
#435 = ORIENTED_EDGE ( 'NONE', *, *, #2274, .T. ) ;
#436 = DIRECTION ( 'NONE',  ( -4.876176775795935793E-29, 1.000000000000000000, -6.982962677686266711E-15 ) ) ;
#437 = DIRECTION ( 'NONE',  ( -6.938893903907238633E-15, -6.938893903907238633E-15, -1.000000000000000000 ) ) ;
#438 = VERTEX_POINT ( 'NONE', #3466 ) ;
#439 = CARTESIAN_POINT ( 'NONE',  ( -24.62960005978472822, 20.39193339975212993, 12.39487502277769515 ) ) ;
#440 = DIRECTION ( 'NONE',  ( 4.876176775795935793E-29, -1.000000000000000000, 6.982962677686266711E-15 ) ) ;
#441 = FACE_OUTER_BOUND ( 'NONE', #3362, .T. ) ;
#442 = EDGE_LOOP ( 'NONE', ( #1353, #2964, #3374, #4367 ) ) ;
#443 = DIRECTION ( 'NONE',  ( 6.938893903907236266E-15, 6.938893903907236266E-15, 1.000000000000000000 ) ) ;
#444 = DIRECTION ( 'NONE',  ( 6.938893903907077705E-15, 6.938893903907077705E-15, 1.000000000000000000 ) ) ;
#445 = ORIENTED_EDGE ( 'NONE', *, *, #1754, .F. ) ;
#446 = ADVANCED_FACE ( 'NONE', ( #441 ), #2215, .T. ) ;
#447 = CIRCLE ( 'NONE', #4914, 2.099999999999996092 ) ;
#448 = ADVANCED_FACE ( 'NONE', ( #3043 ), #1240, .F. ) ;
#449 = CIRCLE ( 'NONE', #4728, 2.000000000000001776 ) ;
#450 = CARTESIAN_POINT ( 'NONE',  ( -3.228595854035750889, 36.38890729257715151, 27.78934018064380140 ) ) ;
#451 = CARTESIAN_POINT ( 'NONE',  ( -18.11592259113610837, 22.38890729257720125, 36.54541922736736836 ) ) ;
#452 = EDGE_CURVE ( 'NONE', #2661, #2291, #3791, .T. ) ;
#453 = AXIS2_PLACEMENT_3D ( 'NONE', #3653, #2862, #3684 ) ;
#454 = DIRECTION ( 'NONE',  ( 0.5000000000000065503, 0.7071067811865474617, 0.4999999999999937828 ) ) ;
#455 = AXIS2_PLACEMENT_3D ( 'NONE', #518, #4427, #3988 ) ;
#456 = ADVANCED_FACE ( 'NONE', ( #2790 ), #3532, .F. ) ;
#457 = DIRECTION ( 'NONE',  ( -0.6546536707079697592, 0.3779644730092286409, 0.6546536707079836370 ) ) ;
#458 = ORIENTED_EDGE ( 'NONE', *, *, #2920, .T. ) ;
#459 = CARTESIAN_POINT ( 'NONE',  ( -26.87932122186644079, 20.79361257339306235, -0.02140414596468916131 ) ) ;
#460 = ORIENTED_EDGE ( 'NONE', *, *, #1762, .T. ) ;
#461 = CARTESIAN_POINT ( 'NONE',  ( -17.29253048523443681, 30.12695275020243102, 50.91933227622092772 ) ) ;
#462 = CARTESIAN_POINT ( 'NONE',  ( -34.76512919105188359, 29.93130883559760136, 51.77732305793477252 ) ) ;
#463 = EDGE_CURVE ( 'NONE', #2317, #4596, #303, .T. ) ;
#464 = CARTESIAN_POINT ( 'NONE',  ( -31.65135778470513372, 29.99993045266530700, 50.64466750026786457 ) ) ;
#465 = LINE ( 'NONE', #995, #3610 ) ;
#466 = CARTESIAN_POINT ( 'NONE',  ( -37.12155685864030374, 22.38890729257708045, 19.35579878316022828 ) ) ;
#467 = ORIENTED_EDGE ( 'NONE', *, *, #4527, .T. ) ;
#468 = CARTESIAN_POINT ( 'NONE',  ( -24.86609987527734589, 20.50458253438528899, 7.502700026140498579 ) ) ;
#469 = AXIS2_PLACEMENT_3D ( 'NONE', #183, #158, #1808 ) ;
#470 = FACE_OUTER_BOUND ( 'NONE', #3937, .T. ) ;
#471 = CARTESIAN_POINT ( 'NONE',  ( -5.903595854035526003, 34.58890729257736041, 59.17659766260356236 ) ) ;
#472 = DIRECTION ( 'NONE',  ( 0.8660254037844348218, -3.491481338843136511E-15, -0.5000000000000064393 ) ) ;
#473 = CONICAL_SURFACE ( 'NONE', #892, 26.99999999999998224, 0.7853981633974466137 ) ;
#474 = ORIENTED_EDGE ( 'NONE', *, *, #4243, .F. ) ;
#475 = LINE ( 'NONE', #4689, #5262 ) ;
#476 = CARTESIAN_POINT ( 'NONE',  ( -9.228595854035908985, 29.31711052285245955, -0.02140414596484181697 ) ) ;
#477 = AXIS2_PLACEMENT_3D ( 'NONE', #2648, #103, #5238 ) ;
#478 = CARTESIAN_POINT ( 'NONE',  ( -2.228595854035770873, 22.38890729257718704, 34.22859585403514870 ) ) ;
#479 = FACE_OUTER_BOUND ( 'NONE', #4462, .T. ) ;
#480 = DIRECTION ( 'NONE',  ( 6.938893903907222067E-15, 6.938893903907222067E-15, 1.000000000000000000 ) ) ;
#481 = DIRECTION ( 'NONE',  ( 0.7071067811865386910, -4.937700262164559875E-15, -0.7071067811865564545 ) ) ;
#482 = DIRECTION ( 'NONE',  ( -6.912157637850478988E-15, -6.982962677686266711E-15, -1.000000000000000000 ) ) ;
#483 = ORIENTED_EDGE ( 'NONE', *, *, #4991, .T. ) ;
#484 = FACE_OUTER_BOUND ( 'NONE', #5469, .T. ) ;
#485 = ORIENTED_EDGE ( 'NONE', *, *, #50, .T. ) ;
#486 = VECTOR ( 'NONE', #2753, 1000.000000000000000 ) ;
#487 = EDGE_CURVE ( 'NONE', #5380, #1166, #719, .T. ) ;
#488 = ORIENTED_EDGE ( 'NONE', *, *, #5370, .F. ) ;
#490 = EDGE_CURVE ( 'NONE', #4182, #3624, #3321, .T. ) ;
#489 = CARTESIAN_POINT ( 'NONE',  ( -29.97859585403593741, 22.38890729257694545, -0.02140414596465446684 ) ) ;
#491 =( BOUNDED_CURVE ( )  B_SPLINE_CURVE ( 3, ( #2708, #1872, #2627, #4355 ),
 .UNSPECIFIED., .F., .T. ) 
 B_SPLINE_CURVE_WITH_KNOTS ( ( 4, 4 ),
 ( 1.047197551196599852, 1.570796326794896558 ),
 .UNSPECIFIED. ) 
 CURVE ( )  GEOMETRIC_REPRESENTATION_ITEM ( )  RATIONAL_B_SPLINE_CURVE ( ( 1.000000000000000000, 0.9772838841927123932, 0.9772838841927123932, 1.000000000000000000 ) ) 
 REPRESENTATION_ITEM ( '' )  );
#492 = DIRECTION ( 'NONE',  ( -6.938893903907222067E-15, -6.938893903907222067E-15, -1.000000000000000000 ) ) ;
#493 = DIRECTION ( 'NONE',  ( 6.938893903907232322E-15, 6.938893903907232322E-15, 1.000000000000000000 ) ) ;
#494 = VERTEX_POINT ( 'NONE', #4989 ) ;
#495 = LINE ( 'NONE', #1780, #2437 ) ;
#496 = EDGE_LOOP ( 'NONE', ( #1370, #4031, #751, #4852 ) ) ;
#497 = APPLICATION_CONTEXT ( 'configuration controlled 3d designs of mechanical parts and assemblies' ) ;
#498 = CARTESIAN_POINT ( 'NONE',  ( -29.97859585403608307, 22.38890729257680690, -20.12190920935274363 ) ) ;
#499 = AXIS2_PLACEMENT_3D ( 'NONE', #2225, #1856, #94 ) ;
#500 = CARTESIAN_POINT ( 'NONE',  ( -19.57495412312984229, 21.68142722990577198, 36.60740529681785915 ) ) ;
#501 = CARTESIAN_POINT ( 'NONE',  ( -51.06438229166259646, 30.12273272015198344, 34.56438229166234777 ) ) ;
#502 = PLANE ( 'NONE',  #3519 ) ;
#503 = ORIENTED_EDGE ( 'NONE', *, *, #4896, .F. ) ;
#504 = DIRECTION ( 'NONE',  ( -1.000000000000000000, 0.000000000000000000, 6.982962677686266711E-15 ) ) ;
#505 = CARTESIAN_POINT ( 'NONE',  ( -31.22859585403585214, 23.38890729257722967, 31.22859585403555371 ) ) ;
#506 = AXIS2_PLACEMENT_3D ( 'NONE', #5405, #3342, #373 ) ;
#507 = DIRECTION ( 'NONE',  ( -4.876176775795935793E-29, 1.000000000000000000, -6.982962677686266711E-15 ) ) ;
#508 = AXIS2_PLACEMENT_3D ( 'NONE', #3575, #4853, #1899 ) ;
#509 = CARTESIAN_POINT ( 'NONE',  ( 8.271404145964293519, 23.38890729257700229, 8.228595854035324564 ) ) ;
#510 = CARTESIAN_POINT ( 'NONE',  ( -22.94275740072403025, 22.38890729257722612, 38.97530901982650420 ) ) ;
#511 = DIRECTION ( 'NONE',  ( 0.7071067811865474617, 0.7071067811865474617, -9.875400524329062952E-15 ) ) ;
#512 = CARTESIAN_POINT ( 'NONE',  ( -48.95581757040396553, 23.13070629485164886, 33.87003113277686595 ) ) ;
#513 = ORIENTED_EDGE ( 'NONE', *, *, #3643, .F. ) ;
#514 = CARTESIAN_POINT ( 'NONE',  ( -25.97859585403594096, 21.09365593457926025, -0.02140414596469610020 ) ) ;
#515 = ORIENTED_EDGE ( 'NONE', *, *, #4050, .F. ) ;
#516 = ORIENTED_EDGE ( 'NONE', *, *, #217, .F. ) ;
#517 = CARTESIAN_POINT ( 'NONE',  ( -32.41941964527204334, 30.05932646164854916, 50.81792544711676385 ) ) ;
#518 = CARTESIAN_POINT ( 'NONE',  ( -14.33363605035592947, 6.139407173591145295, -4.994791074391305763 ) ) ;
#519 = PLANE ( 'NONE',  #1096 ) ;
#520 = ADVANCED_FACE ( 'NONE', ( #1988 ), #5414, .F. ) ;
#521 = ORIENTED_EDGE ( 'NONE', *, *, #700, .F. ) ;
#522 = CARTESIAN_POINT ( 'NONE',  ( -50.47859585403594451, 22.38890729257694545, -0.02140414596451568896 ) ) ;
#523 = ORIENTED_EDGE ( 'NONE', *, *, #2281, .T. ) ;
#524 = CARTESIAN_POINT ( 'NONE',  ( -25.35148980725795198, 20.00718940126465384, 9.760075920880703748 ) ) ;
#525 = CARTESIAN_POINT ( 'NONE',  ( -17.29253048523443681, 30.12695275020243102, 50.91933227622092772 ) ) ;
#526 = EDGE_CURVE ( 'NONE', #175, #4724, #2995, .T. ) ;
#527 = CARTESIAN_POINT ( 'NONE',  ( 0.02140414596405772196, 28.38890729257694190, -0.02140414596490426702 ) ) ;
#528 = CARTESIAN_POINT ( 'NONE',  ( -31.83284754014518825, 29.13390504888083399, 50.16127466489110986 ) ) ;
#529 = ADVANCED_FACE ( 'NONE', ( #1955 ), #4768, .F. ) ;
#530 = ORIENTED_EDGE ( 'NONE', *, *, #3813, .T. ) ;
#531 = DIRECTION ( 'NONE',  ( -6.982939617164451206E-15, -6.938893903907227589E-15, -1.000000000000000000 ) ) ;
#532 = DIRECTION ( 'NONE',  ( 6.938893903907236266E-15, 6.938893903907236266E-15, 1.000000000000000000 ) ) ;
#533 = ORIENTED_EDGE ( 'NONE', *, *, #3940, .T. ) ;
#534 = EDGE_CURVE ( 'NONE', #1002, #3148, #5386, .T. ) ;
#535 = CARTESIAN_POINT ( 'NONE',  ( -19.03181208090543919, 22.45939497208827262, 37.37712024057187676 ) ) ;
#536 = CARTESIAN_POINT ( 'NONE',  ( -36.55001950315153891, 22.40481033073466577, 17.69555590400643297 ) ) ;
#537 = EDGE_CURVE ( 'NONE', #317, #1521, #1112, .T. ) ;
#538 = DIRECTION ( 'NONE',  ( -1.000000000000000000, 0.000000000000000000, 6.982962677686266711E-15 ) ) ;
#539 = FACE_OUTER_BOUND ( 'NONE', #496, .T. ) ;
#540 = CIRCLE ( 'NONE', #1426, 10.00000000000000178 ) ;
#541 = DIRECTION ( 'NONE',  ( -0.8660254037844395958, 0.4999999999999982236, 2.555941733711799172E-15 ) ) ;
#542 = ORIENTED_EDGE ( 'NONE', *, *, #662, .T. ) ;
#543 = VECTOR ( 'NONE', #1683, 1000.000000000000000 ) ;
#544 = AXIS2_PLACEMENT_3D ( 'NONE', #3546, #2314, #3066 ) ;
#545 = ORIENTED_EDGE ( 'NONE', *, *, #2857, .T. ) ;
#546 = CARTESIAN_POINT ( 'NONE',  ( -33.14200998080599447, 30.06493614678956305, 51.04067244661391101 ) ) ;
#547 = CARTESIAN_POINT ( 'NONE',  ( -17.06813794681692897, 22.38890361558116027, 36.16488797325148852 ) ) ;
#548 = DIRECTION ( 'NONE',  ( 4.876176775795935793E-29, -1.000000000000000000, 6.982962677686266711E-15 ) ) ;
#549 = ORIENTED_EDGE ( 'NONE', *, *, #1100, .T. ) ;
#550 = DIRECTION ( 'NONE',  ( 6.982962677686266711E-15, 6.982962677686266711E-15, 1.000000000000000000 ) ) ;
#551 = EDGE_LOOP ( 'NONE', ( #3382, #3689, #338, #2184 ) ) ;
#552 = ADVANCED_FACE ( 'NONE', ( #5019 ), #4490, .F. ) ;
#553 = CARTESIAN_POINT ( 'NONE',  ( -17.53779716920591625, 21.64093439124183149, 34.66051865187243664 ) ) ;
#554 = CARTESIAN_POINT ( 'NONE',  ( -34.96301514032383295, 29.47813721083618788, 51.77985771656752689 ) ) ;
#555 = CARTESIAN_POINT ( 'NONE',  ( -6.228595854035750001, 22.38890729257714440, 27.72859585403518068 ) ) ;
#556 = ORIENTED_EDGE ( 'NONE', *, *, #4006, .T. ) ;
#557 = EDGE_CURVE ( 'NONE', #5430, #2970, #2370, .T. ) ;
#558 = CARTESIAN_POINT ( 'NONE',  ( -9.769521995335205489, 23.48339504290575519, 37.63292146144154060 ) ) ;
#559 = AXIS2_PLACEMENT_3D ( 'NONE', #4484, #2400, #660 ) ;
#560 = CARTESIAN_POINT ( 'NONE',  ( -31.65135778470513372, 29.99993045266530700, 50.64466750026786457 ) ) ;
#561 = CARTESIAN_POINT ( 'NONE',  ( -29.83646023030460270, 35.38890729257737178, 60.47859585403524818 ) ) ;
#562 = VECTOR ( 'NONE', #3956, 1000.000000000000114 ) ;
#563 = CARTESIAN_POINT ( 'NONE',  ( -39.09654936132249503, 22.38890729257711243, 23.14922913152076944 ) ) ;
#564 = CARTESIAN_POINT ( 'NONE',  ( -19.47481950540179696, 22.48540376475252245, 37.65438252681553166 ) ) ;
#565 = LINE ( 'NONE', #2278, #894 ) ;
#566 = EDGE_CURVE ( 'NONE', #856, #710, #3664, .T. ) ;
#567 = CARTESIAN_POINT ( 'NONE',  ( -11.22859585403564076, 27.31711052285281838, 51.01449423889741297 ) ) ;
#568 = VECTOR ( 'NONE', #4080, 1000.000000000000114 ) ;
#569 = CYLINDRICAL_SURFACE ( 'NONE', #1562, 10.00000000000000178 ) ;
#570 = CARTESIAN_POINT ( 'NONE',  ( -10.39658624618123284, 23.38890729257725454, 34.43821680652339978 ) ) ;
#571 = ORIENTED_EDGE ( 'NONE', *, *, #1147, .F. ) ;
#572 = ORIENTED_EDGE ( 'NONE', *, *, #4348, .F. ) ;
#573 = LINE ( 'NONE', #3987, #1939 ) ;
#574 = PLANE ( 'NONE',  #544 ) ;
#575 = LINE ( 'NONE', #2726, #2001 ) ;
#576 = ORIENTED_EDGE ( 'NONE', *, *, #1520, .T. ) ;
#577 = DIRECTION ( 'NONE',  ( 6.938893903907222067E-15, 6.938893903907222067E-15, 1.000000000000000000 ) ) ;
#578 = ORIENTED_EDGE ( 'NONE', *, *, #1042, .F. ) ;
#579 = FACE_OUTER_BOUND ( 'NONE', #2720, .T. ) ;
#580 = CIRCLE ( 'NONE', #1293, 10.00000000000000178 ) ;
#581 = CARTESIAN_POINT ( 'NONE',  ( -35.75468685300753435, 29.50128564467281933, 52.37272959985381249 ) ) ;
#582 = CARTESIAN_POINT ( 'NONE',  ( 0.02140414596434915551, 35.38890729257722967, 40.47859585403504212 ) ) ;
#583 = VERTEX_POINT ( 'NONE', #2044 ) ;
#584 = CARTESIAN_POINT ( 'NONE',  ( -1.228595854035707369, 27.38890729257720480, 34.22859585403510607 ) ) ;
#585 = DIRECTION ( 'NONE',  ( -6.938893903907222067E-15, -6.938893903907222067E-15, -1.000000000000000000 ) ) ;
#586 = CARTESIAN_POINT ( 'NONE',  ( -20.22859585403558214, 35.38890729257730072, 50.47859585403518423 ) ) ;
#587 = CARTESIAN_POINT ( 'NONE',  ( -38.16275904803737262, 22.38890729257708045, 21.46362389139468263 ) ) ;
#588 = CARTESIAN_POINT ( 'NONE',  ( -34.30499973000632963, 29.44475316558781586, 51.34909306063204326 ) ) ;
#589 = CARTESIAN_POINT ( 'NONE',  ( -22.47067680497805142, 23.72865325473283349, 40.79910392972399080 ) ) ;
#590 = DIRECTION ( 'NONE',  ( 6.982962677686266711E-15, 6.982962677686266711E-15, 1.000000000000000000 ) ) ;
#591 = AXIS2_PLACEMENT_3D ( 'NONE', #4201, #1631, #2420 ) ;
#592 = DIRECTION ( 'NONE',  ( 1.000000000000000000, 0.000000000000000000, -6.982939617164450418E-15 ) ) ;
#593 = ADVANCED_FACE ( 'NONE', ( #2845 ), #1642, .F. ) ;
#594 = DIRECTION ( 'NONE',  ( -6.047423072554940811E-15, 0.4999999999999935607, -0.8660254037844424824 ) ) ;
#595 = ORIENTED_EDGE ( 'NONE', *, *, #391, .F. ) ;
#596 = ORIENTED_EDGE ( 'NONE', *, *, #2102, .F. ) ;
#597 = DIRECTION ( 'NONE',  ( 0.000000000000000000, 6.938893903907232322E-15, 1.000000000000000000 ) ) ;
#598 = LINE ( 'NONE', #5294, #486 ) ;
#599 = VERTEX_POINT ( 'NONE', #3350 ) ;
#600 = LINE ( 'NONE', #4017, #4934 ) ;
#601 = ORIENTED_EDGE ( 'NONE', *, *, #4314, .F. ) ;
#602 =( BOUNDED_SURFACE ( )  B_SPLINE_SURFACE ( 3, 2, ( 
 ( #1933, #4496, #5333 ),
 ( #3641, #1449, #1503 ),
 ( #2761, #2299, #4083 ),
 ( #4025, #4858, #3216 ),
 ( #4913, #670, #1032 ),
 ( #4000, #698, #2354 ) ),
 .UNSPECIFIED., .F., .F., .T. ) 
 B_SPLINE_SURFACE_WITH_KNOTS ( ( 4, 2, 4 ),
 ( 3, 3 ),
 ( 4.188790204786393190, 4.452160388912336231, 4.715530573038279272 ),
 ( 0.4335772789263402371, 1.000000000000000000 ),
 .UNSPECIFIED. ) 
 GEOMETRIC_REPRESENTATION_ITEM ( )  RATIONAL_B_SPLINE_SURFACE ( (
 ( 0.9128969955970742678, 0.8995530801122497699, 1.000000000000000000),
 ( 0.9048739638117802020, 0.8903009442471493395, 1.000000000000000000),
 ( 0.8959952634398489213, 0.8800620539691375033, 1.000000000000000000),
 ( 0.8768314961950309794, 0.8579624558395115841, 1.000000000000000000),
 ( 0.8665458655321204295, 0.8461010978269551952, 1.000000000000000000),
 ( 0.8557518847886954605, 0.8336535120469139581, 1.000000000000000000) ) ) 
 REPRESENTATION_ITEM ( '' )  SURFACE ( )  );
#603 = CARTESIAN_POINT ( 'NONE',  ( -16.95956082471525406, 30.16884543551494247, 51.02786376706529126 ) ) ;
#604 = CARTESIAN_POINT ( 'NONE',  ( -33.18587272918012587, 29.34671715223124977, 50.73287142064289412 ) ) ;
#605 = DIRECTION ( 'NONE',  ( 5.204170427930408661E-15, 6.938893903907211812E-15, 1.000000000000000000 ) ) ;
#606 = ORIENTED_EDGE ( 'NONE', *, *, #296, .F. ) ;
#607 = CARTESIAN_POINT ( 'NONE',  ( -9.629024611360730290, 23.44780310341607077, 37.42848695691372995 ) ) ;
#608 = CARTESIAN_POINT ( 'NONE',  ( -3.228595854035709145, 22.38890729257718704, 34.22859585403515581 ) ) ;
#609 = CARTESIAN_POINT ( 'NONE',  ( -9.176597662604123684, 34.58890729257723251, 40.90359585403512455 ) ) ;
#610 = CARTESIAN_POINT ( 'NONE',  ( -38.30513547786765116, 22.38890729257710177, 21.73540616901352607 ) ) ;
#611 = VERTEX_POINT ( 'NONE', #329 ) ;
#612 = LINE ( 'NONE', #1508, #3759 ) ;
#613 = CARTESIAN_POINT ( 'NONE',  ( -20.22859585403551108, 36.38890729257737178, 60.47859585403516292 ) ) ;
#614 = ORIENTED_EDGE ( 'NONE', *, *, #3882, .F. ) ;
#615 = ADVANCED_FACE ( 'NONE', ( #1162 ), #2403, .F. ) ;
#616 = DIRECTION ( 'NONE',  ( 1.000000000000000000, -0.000000000000000000, -6.982962677686266711E-15 ) ) ;
#617 = CARTESIAN_POINT ( 'NONE',  ( -39.27007794476438107, 22.84586969071803608, 20.63584562302563441 ) ) ;
#618 = EDGE_CURVE ( 'NONE', #3345, #4016, #1194, .T. ) ;
#619 = DIRECTION ( 'NONE',  ( 1.000000000000000000, 0.000000000000000000, -6.982962677686266711E-15 ) ) ;
#620 = ORIENTED_EDGE ( 'NONE', *, *, #5444, .T. ) ;
#621 = ADVANCED_FACE ( 'NONE', ( #5439 ), #2377, .F. ) ;
#622 = CARTESIAN_POINT ( 'NONE',  ( -10.39658624618129856, 22.38890729257712664, 25.43821680652346728 ) ) ;
#623 = EDGE_CURVE ( 'NONE', #746, #2228, #1527, .T. ) ;
#624 = ORIENTED_EDGE ( 'NONE', *, *, #3366, .T. ) ;
#625 = CARTESIAN_POINT ( 'NONE',  ( -1.228595854035755996, 27.38890729257715861, 27.78934018064384404 ) ) ;
#626 = CARTESIAN_POINT ( 'NONE',  ( -17.66574312849026640, 22.40042882983673778, 36.53072747970892209 ) ) ;
#627 = VERTEX_POINT ( 'NONE', #2124 ) ;
#628 = VECTOR ( 'NONE', #3784, 1000.000000000000000 ) ;
#629 = CYLINDRICAL_SURFACE ( 'NONE', #1184, 9.999999999999996447 ) ;
#630 = EDGE_LOOP ( 'NONE', ( #4621, #4395, #4322, #377 ) ) ;
#631 = AXIS2_PLACEMENT_3D ( 'NONE', #3000, #4636, #2945 ) ;
#632 = EDGE_CURVE ( 'NONE', #3804, #4479, #1117, .T. ) ;
#633 = PLANE ( 'NONE',  #508 ) ;
#634 = VECTOR ( 'NONE', #3557, 1000.000000000000000 ) ;
#635 = CARTESIAN_POINT ( 'NONE',  ( -50.14762567056956755, 29.28683938171033319, 33.64762567056928333 ) ) ;
#636 = CARTESIAN_POINT ( 'NONE',  ( -7.228595854035663848, 28.38890729257722256, 39.22859585403514870 ) ) ;
#637 = AXIS2_PLACEMENT_3D ( 'NONE', #3845, #3509, #3928 ) ;
#638 = CONICAL_SURFACE ( 'NONE', #1431, 9.000000000000001776, 0.7853981633974503884 ) ;
#639 = PRODUCT_DEFINITION ( 'æœ', '', #1085, #802 ) ;
#640 = ORIENTED_EDGE ( 'NONE', *, *, #2111, .F. ) ;
#641 = CARTESIAN_POINT ( 'NONE',  ( -9.506336097967739818, 23.42601684581506660, 37.27369182885325216 ) ) ;
#642 = DIRECTION ( 'NONE',  ( -1.000000000000000000, -2.081668171172168119E-15, 6.982939617164450418E-15 ) ) ;
#643 = CARTESIAN_POINT ( 'NONE',  ( -10.22859585403551463, 35.38890729257737178, 60.47859585403510607 ) ) ;
#644 = PLANE ( 'NONE',  #4309 ) ;
#645 = EDGE_LOOP ( 'NONE', ( #2570, #712, #414, #989 ) ) ;
#646 = CARTESIAN_POINT ( 'NONE',  ( -34.73400275167724516, 29.46824643546129963, 51.62363059966071432 ) ) ;
#647 = CARTESIAN_POINT ( 'NONE',  ( -31.22859585403579885, 22.38890729257722256, 39.22859585403561056 ) ) ;
#648 = AXIS2_PLACEMENT_3D ( 'NONE', #4905, #5410, #1924 ) ;
#649 = CARTESIAN_POINT ( 'NONE',  ( -40.38918179826516308, 22.94151911172449232, 23.53772837471988666 ) ) ;
#650 = AXIS2_PLACEMENT_3D ( 'NONE', #4990, #436, #3721 ) ;
#651 = CARTESIAN_POINT ( 'NONE',  ( -26.41609585403588056, 20.55517581937925087, 8.135614141834377477 ) ) ;
#652 = ORIENTED_EDGE ( 'NONE', *, *, #2637, .T. ) ;
#653 = DIRECTION ( 'NONE',  ( -6.982962677686266711E-15, -6.982962677686266711E-15, -1.000000000000000000 ) ) ;
#654 = EDGE_CURVE ( 'NONE', #4628, #384, #1302, .T. ) ;
#655 = AXIS2_PLACEMENT_3D ( 'NONE', #4146, #2158, #4584 ) ;
#656 = ORIENTED_EDGE ( 'NONE', *, *, #2032, .T. ) ;
#657 = DIRECTION ( 'NONE',  ( -0.8660254037844422603, -3.491481338843132172E-15, -0.4999999999999937828 ) ) ;
#658 = CARTESIAN_POINT ( 'NONE',  ( -9.900752772352991116, 36.38890729257734336, 56.69235005111342218 ) ) ;
#659 = EDGE_LOOP ( 'NONE', ( #86, #1143, #1802, #2030 ) ) ;
#660 = DIRECTION ( 'NONE',  ( -6.938893903907222067E-15, -6.938893903907222067E-15, -1.000000000000000000 ) ) ;
#661 = ORIENTED_EDGE ( 'NONE', *, *, #4519, .F. ) ;
#662 = EDGE_CURVE ( 'NONE', #4453, #1535, #2206, .T. ) ;
#663 = EDGE_CURVE ( 'NONE', #1951, #4628, #5098, .T. ) ;
#664 = CARTESIAN_POINT ( 'NONE',  ( -16.22676778911204920, 30.25304681255024164, 51.31423569755677505 ) ) ;
#665 = DIRECTION ( 'NONE',  ( -4.876176775795935793E-29, 1.000000000000000000, -6.982962677686266711E-15 ) ) ;
#666 = DIRECTION ( 'NONE',  ( -1.000000000000000000, 0.000000000000000000, 6.982962677686266711E-15 ) ) ;
#667 = ORIENTED_EDGE ( 'NONE', *, *, #117, .T. ) ;
#668 = LINE ( 'NONE', #1903, #3137 ) ;
#669 = CIRCLE ( 'NONE', #1653, 10.00000000000000178 ) ;
#670 = CARTESIAN_POINT ( 'NONE',  ( -35.98303139023794017, 22.32943585940825670, 18.12038565604195384 ) ) ;
#671 = AXIS2_PLACEMENT_3D ( 'NONE', #5223, #1058, #5335 ) ;
#672 = DIRECTION ( 'NONE',  ( -1.000000000000000000, 0.000000000000000000, 6.982962677686266711E-15 ) ) ;
#673 = FACE_OUTER_BOUND ( 'NONE', #4545, .T. ) ;
#674 = EDGE_LOOP ( 'NONE', ( #3823, #5352, #2256, #1329 ) ) ;
#675 = CARTESIAN_POINT ( 'NONE',  ( -34.60990955426575511, 29.95210527381820853, 51.69053458890681441 ) ) ;
#676 = CARTESIAN_POINT ( 'NONE',  ( -51.72859585403556082, 36.38890729257741441, 65.40016872928909208 ) ) ;
#677 = VERTEX_POINT ( 'NONE', #2617 ) ;
#678 = VERTEX_POINT ( 'NONE', #908 ) ;
#679 = AXIS2_PLACEMENT_3D ( 'NONE', #5096, #1269, #4264 ) ;
#680 = CARTESIAN_POINT ( 'NONE',  ( -43.65817449424140051, 18.38890729257736467, 60.15817449424122998 ) ) ;
#681 = CARTESIAN_POINT ( 'NONE',  ( -39.56164183397566347, 22.38890729257711243, 23.90429132343322038 ) ) ;
#682 = EDGE_LOOP ( 'NONE', ( #4041, #3109, #2050, #5099, #2146, #2566, #920, #6, #4045 ) ) ;
#683 = CARTESIAN_POINT ( 'NONE',  ( -8.228595854036282020, 35.38890729257688861, -8.271404145965098209 ) ) ;
#684 = AXIS2_PLACEMENT_3D ( 'NONE', #567, #616, #4420 ) ;
#685 = ORIENTED_EDGE ( 'NONE', *, *, #5092, .F. ) ;
#686 = CARTESIAN_POINT ( 'NONE',  ( -10.91919477727714316, 29.31711052285281482, 49.85979370051815351 ) ) ;
#687 = FACE_OUTER_BOUND ( 'NONE', #2138, .T. ) ;
#688 = ORIENTED_EDGE ( 'NONE', *, *, #4714, .T. ) ;
#689 = CIRCLE ( 'NONE', #3642, 11.00000000000001066 ) ;
#690 = DIRECTION ( 'NONE',  ( -0.7071067811865424657, 4.857225732735061442E-15, 0.7071067811865526798 ) ) ;
#691 = ORIENTED_EDGE ( 'NONE', *, *, #5103, .T. ) ;
#692 = DIRECTION ( 'NONE',  ( 6.982962677686266711E-15, 6.982962677686266711E-15, 1.000000000000000000 ) ) ;
#693 = EDGE_CURVE ( 'NONE', #1231, #4154, #3801, .T. ) ;
#694 = DIRECTION ( 'NONE',  ( -4.876176775795935793E-29, 1.000000000000000000, -6.982962677686266711E-15 ) ) ;
#695 = PLANE ( 'NONE',  #2612 ) ;
#696 = EDGE_LOOP ( 'NONE', ( #2286, #404, #1689, #3846, #1071 ) ) ;
#697 = CARTESIAN_POINT ( 'NONE',  ( -8.345688756303182743, 23.39333505866358109, 36.44389102258985247 ) ) ;
#698 = CARTESIAN_POINT ( 'NONE',  ( -35.08749262250609746, 22.39109354456192591, 17.11317990081083096 ) ) ;
#699 = EDGE_CURVE ( 'NONE', #5417, #4713, #250, .T. ) ;
#700 = EDGE_CURVE ( 'NONE', #1540, #4351, #434, .T. ) ;
#701 = PLANE ( 'NONE',  #5398 ) ;
#702 = DIRECTION ( 'NONE',  ( 4.876176775795935793E-29, -1.000000000000000000, 6.982962677686266711E-15 ) ) ;
#703 = ORIENTED_EDGE ( 'NONE', *, *, #5408, .F. ) ;
#704 = CARTESIAN_POINT ( 'NONE',  ( -34.93694879729814318, 29.90718993569820228, 51.87622922171281914 ) ) ;
#705 = CARTESIAN_POINT ( 'NONE',  ( -2.996452996892910559, 23.38890729257719414, 25.80285844302897402 ) ) ;
#706 = B_SPLINE_SURFACE_WITH_KNOTS ( 'NONE', 1, 3, ( 
 ( #2947, #3686, #768, #4176, #1977, #3371, #2526, #3285, #1186, #2865, #713, #4129, #1214, #2895, #817, #4591, #791, #322 ),
 ( #345, #3736, #4638, #1237, #4152, #2923, #2035, #2060, #1134, #4616, #3760, #5377, #5460, #4562, #2498, #5433, #3711, #1550 ) ),
 .UNSPECIFIED., .F., .F., .F.,
 ( 2, 2 ),
 ( 4, 2, 2, 2, 2, 2, 2, 2, 4 ),
 ( 0.000000000000000000, 1.000000000000000000 ),
 ( 2.848004584757787505, 2.921401601965788686, 2.994798619173790311, 3.068195636381791935, 3.141592653589793116, 3.214989670797794297, 3.288386688005795477, 3.361783705213796658, 3.435180722421798283 ),
 .UNSPECIFIED. ) ;
#707 = ADVANCED_FACE ( 'NONE', ( #5180 ), #2180, .F. ) ;
#708 = CARTESIAN_POINT ( 'NONE',  ( -36.17834332234172479, 36.38890729257713730, 26.27884838572968462 ) ) ;
#709 = DIRECTION ( 'NONE',  ( 0.4999999999999943379, -6.047423072554913989E-15, -0.8660254037844420383 ) ) ;
#710 = VERTEX_POINT ( 'NONE', #2536 ) ;
#711 = DIRECTION ( 'NONE',  ( 4.876176775795935793E-29, -1.000000000000000000, 6.982962677686266711E-15 ) ) ;
#712 = ORIENTED_EDGE ( 'NONE', *, *, #287, .T. ) ;
#713 = CARTESIAN_POINT ( 'NONE',  ( -26.85529620291433162, 20.78124613594840397, 1.287327089219717946 ) ) ;
#714 = CARTESIAN_POINT ( 'NONE',  ( 0.02140414596430752214, 28.38890729257719414, 35.22859585403511318 ) ) ;
#715 = EDGE_LOOP ( 'NONE', ( #3098, #2562, #2204, #2386 ) ) ;
#716 = CARTESIAN_POINT ( 'NONE',  ( -41.13123706848855932, 22.38890729257712664, 25.99633690069024183 ) ) ;
#717 = ORIENTED_EDGE ( 'NONE', *, *, #693, .F. ) ;
#718 = CARTESIAN_POINT ( 'NONE',  ( -25.52176732201149889, 20.81689370818840246, 14.92951671046276729 ) ) ;
#719 = LINE ( 'NONE', #4966, #843 ) ;
#720 = CARTESIAN_POINT ( 'NONE',  ( -65.40016872928926261, 35.38890729257731493, 51.72859585403557503 ) ) ;
#721 = CIRCLE ( 'NONE', #1981, 1.099999999999996758 ) ;
#722 = AXIS2_PLACEMENT_3D ( 'NONE', #3893, #5165, #5248 ) ;
#723 = ORIENTED_EDGE ( 'NONE', *, *, #1440, .T. ) ;
#724 = CARTESIAN_POINT ( 'NONE',  ( -11.20540574441919901, 22.95852035353037124, 39.12674680297977403 ) ) ;
#725 = PERSON_AND_ORGANIZATION_ROLE ( 'creator' ) ;
#726 = AXIS2_PLACEMENT_3D ( 'NONE', #4040, #4477, #4452 ) ;
#727 = VECTOR ( 'NONE', #4983, 1000.000000000000227 ) ;
#728 = CYLINDRICAL_SURFACE ( 'NONE', #3716, 26.00000000000000355 ) ;
#729 = ORIENTED_EDGE ( 'NONE', *, *, #623, .F. ) ;
#730 = DIRECTION ( 'NONE',  ( 4.876176775795935793E-29, -1.000000000000000000, 6.982962677686266711E-15 ) ) ;
#731 = EDGE_CURVE ( 'NONE', #4541, #4984, #3907, .T. ) ;
#732 = LINE ( 'NONE', #5111, #2510 ) ;
#733 = CARTESIAN_POINT ( 'NONE',  ( -40.47859585403593030, 28.38890729257694190, -0.02140414596462671126 ) ) ;
#734 = CARTESIAN_POINT ( 'NONE',  ( -10.22859585403565319, 35.38890729257722967, 40.47859585403511318 ) ) ;
#735 = ORIENTED_EDGE ( 'NONE', *, *, #4011, .T. ) ;
#736 = LINE ( 'NONE', #5346, #368 ) ;
#737 = VECTOR ( 'NONE', #3462, 1000.000000000000114 ) ;
#738 = VERTEX_POINT ( 'NONE', #3035 ) ;
#739 = CARTESIAN_POINT ( 'NONE',  ( -66.10727551047580164, 36.38890729257731493, 52.43570263522212116 ) ) ;
#740 = CARTESIAN_POINT ( 'NONE',  ( -1.228595854035749113, 27.38890729257715861, 27.78934018064384404 ) ) ;
#741 = AXIS2_PLACEMENT_3D ( 'NONE', #1463, #3173, #2750 ) ;
#742 = VERTEX_POINT ( 'NONE', #4236 ) ;
#743 = CARTESIAN_POINT ( 'NONE',  ( -40.47859585403568872, 28.38890729257719414, 35.47859585403537608 ) ) ;
#744 = ORIENTED_EDGE ( 'NONE', *, *, #4384, .T. ) ;
#745 = AXIS2_PLACEMENT_3D ( 'NONE', #636, #4883, #4910 ) ;
#746 = VERTEX_POINT ( 'NONE', #4624 ) ;
#747 = CARTESIAN_POINT ( 'NONE',  ( -25.32892518765959622, 20.72503897027076647, 14.52372852237158263 ) ) ;
#748 = CARTESIAN_POINT ( 'NONE',  ( -25.73489303329873223, 20.20453917319909820, 7.718665996028674314 ) ) ;
#749 = ORIENTED_EDGE ( 'NONE', *, *, #1029, .T. ) ;
#750 = CARTESIAN_POINT ( 'NONE',  ( -9.344927861892601939, 23.40828247834233622, 37.10139943751666891 ) ) ;
#751 = ORIENTED_EDGE ( 'NONE', *, *, #3598, .F. ) ;
#752 = CARTESIAN_POINT ( 'NONE',  ( -9.529964220597761937, 22.39034635218410330, 35.97373382014627197 ) ) ;
#753 = LINE ( 'NONE', #1252, #5313 ) ;
#754 = CARTESIAN_POINT ( 'NONE',  ( -28.04929296963161534, 21.39583405174528963, 16.93995189492770237 ) ) ;
#755 = VERTEX_POINT ( 'NONE', #74 ) ;
#756 = CARTESIAN_POINT ( 'NONE',  ( -36.79590909532013399, 29.54207472218698172, 53.29757486733157634 ) ) ;
#757 = CARTESIAN_POINT ( 'NONE',  ( -65.40016872928926261, 36.38890729257731493, 51.72859585403557503 ) ) ;
#758 = CARTESIAN_POINT ( 'NONE',  ( -42.25835134936431814, 23.29453906607954039, 25.74483249142784658 ) ) ;
#759 = EDGE_CURVE ( 'NONE', #2069, #996, #2561, .T. ) ;
#760 = CIRCLE ( 'NONE', #4953, 10.00000000000000178 ) ;
#761 = LINE ( 'NONE', #2859, #1341 ) ;
#762 = EDGE_LOOP ( 'NONE', ( #3793, #5231, #3181, #5195 ) ) ;
#763 = CYLINDRICAL_SURFACE ( 'NONE', #631, 2.000000000000001776 ) ;
#764 = VECTOR ( 'NONE', #850, 1000.000000000000000 ) ;
#765 = EDGE_CURVE ( 'NONE', #4708, #3804, #409, .T. ) ;
#766 = ADVANCED_FACE ( 'NONE', ( #852 ), #5527, .F. ) ;
#767 = ORIENTED_EDGE ( 'NONE', *, *, #1412, .F. ) ;
#768 = CARTESIAN_POINT ( 'NONE',  ( -26.09062793295402471, 20.38764718207269766, -6.501788879353794570 ) ) ;
#769 = LINE ( 'NONE', #2809, #1709 ) ;
#770 = VERTEX_POINT ( 'NONE', #1272 ) ;
#771 = CARTESIAN_POINT ( 'NONE',  ( -31.22859585403585214, 27.38890729257717993, 31.22859585403552884 ) ) ;
#772 = VERTEX_POINT ( 'NONE', #2986 ) ;
#773 = CARTESIAN_POINT ( 'NONE',  ( -24.79523022424945822, 20.47082776787695124, 13.04712417082472697 ) ) ;
#774 = DIRECTION ( 'NONE',  ( -4.876176775795935793E-29, 1.000000000000000000, -6.982962677686266711E-15 ) ) ;
#775 = ORIENTED_EDGE ( 'NONE', *, *, #5265, .F. ) ;
#776 = CARTESIAN_POINT ( 'NONE',  ( -9.788896571632848875, 23.48934924242208311, 37.66362035383382789 ) ) ;
#777 = AXIS2_PLACEMENT_3D ( 'NONE', #985, #5253, #1402 ) ;
#778 = VERTEX_POINT ( 'NONE', #1724 ) ;
#779 = CARTESIAN_POINT ( 'NONE',  ( -9.895143476404694383, 22.40113598865409372, 36.29602166352063364 ) ) ;
#780 = EDGE_CURVE ( 'NONE', #3395, #1098, #3009, .T. ) ;
#781 = CALENDAR_DATE ( 2026, 5, 6 ) ;
#782 = CARTESIAN_POINT ( 'NONE',  ( -7.978595854035637203, 29.31711052285275798, 42.97859585403514160 ) ) ;
#783 = CARTESIAN_POINT ( 'NONE',  ( -38.17333149202073628, 22.38890729257709822, 21.49669587850607755 ) ) ;
#784 = VERTEX_POINT ( 'NONE', #48 ) ;
#785 = CARTESIAN_POINT ( 'NONE',  ( -30.49031193246620575, 32.38890729257727941, 46.99031193246590732 ) ) ;
#786 = DIRECTION ( 'NONE',  ( -0.8660254037844422603, -3.491481338843132172E-15, -0.4999999999999937828 ) ) ;
#787 = CARTESIAN_POINT ( 'NONE',  ( -42.48480988961063787, 23.33493256938902505, 25.98480988961021865 ) ) ;
#788 = CARTESIAN_POINT ( 'NONE',  ( -66.81438229166235487, 35.38890729257732204, 53.14280941640867439 ) ) ;
#789 = CARTESIAN_POINT ( 'NONE',  ( -17.32396853344590326, 22.38890729257719769, 36.18479943750961780 ) ) ;
#790 = EDGE_CURVE ( 'NONE', #599, #2334, #4704, .T. ) ;
#791 = CARTESIAN_POINT ( 'NONE',  ( -25.92426128629253412, 20.30201300492940319, 7.092299989943822602 ) ) ;
#792 = EDGE_CURVE ( 'NONE', #3166, #3514, #1752, .T. ) ;
#793 = DIRECTION ( 'NONE',  ( 0.7071067811865479058, 0.7071067811865471286, -9.825333800518993126E-15 ) ) ;
#794 = EDGE_CURVE ( 'NONE', #18, #4069, #598, .T. ) ;
#795 = ORIENTED_EDGE ( 'NONE', *, *, #3718, .F. ) ;
#796 = LINE ( 'NONE', #3765, #1908 ) ;
#797 = ORIENTED_EDGE ( 'NONE', *, *, #5050, .F. ) ;
#798 = CARTESIAN_POINT ( 'NONE',  ( -18.16413665424888890, 30.02317978022425748, 50.68123702433189948 ) ) ;
#799 = CARTESIAN_POINT ( 'NONE',  ( -25.84996563096457223, 20.97321757818944832, 15.51957661621058548 ) ) ;
#800 = DIRECTION ( 'NONE',  ( -0.8660254037844353769, 3.491481338843132566E-15, 0.5000000000000058842 ) ) ;
#801 = CARTESIAN_POINT ( 'NONE',  ( -9.563636299075655600, 23.43546696092613146, 37.34396420253471405 ) ) ;
#802 = DESIGN_CONTEXT ( 'detailed design', #1853, 'design' ) ;
#803 = LINE ( 'NONE', #3381, #914 ) ;
#804 = ORIENTED_EDGE ( 'NONE', *, *, #3983, .T. ) ;
#805 = EDGE_CURVE ( 'NONE', #494, #853, #669, .T. ) ;
#806 = CARTESIAN_POINT ( 'NONE',  ( -8.437454889892995524, 23.39186099912889105, 36.48248270063114518 ) ) ;
#807 = APPROVAL_ROLE ( '' ) ;
#808 = CARTESIAN_POINT ( 'NONE',  ( 40.52140414596435392, 28.38890729257722612, 40.47859585403480764 ) ) ;
#809 = DIRECTION ( 'NONE',  ( 4.876176775795935793E-29, -1.000000000000000000, 6.982962677686266711E-15 ) ) ;
#810 = ORIENTED_EDGE ( 'NONE', *, *, #2768, .F. ) ;
#811 = CARTESIAN_POINT ( 'NONE',  ( -36.90752804217008531, 29.51522581427966685, 53.40752804216982952 ) ) ;
#812 = AXIS2_PLACEMENT_3D ( 'NONE', #839, #4633, #2883 ) ;
#813 = CARTESIAN_POINT ( 'NONE',  ( -24.42637902674859163, 23.07912070652699654, 41.08925395379957735 ) ) ;
#814 = VECTOR ( 'NONE', #2220, 1000.000000000000114 ) ;
#815 = CARTESIAN_POINT ( 'NONE',  ( -10.05359585403552636, 34.58890729257736041, 59.17659766260358367 ) ) ;
#816 = DIRECTION ( 'NONE',  ( -0.7071067811865463515, 4.937700262164505444E-15, 0.7071067811865487940 ) ) ;
#817 = CARTESIAN_POINT ( 'NONE',  ( -26.37647597658417098, 20.53478221481852728, 5.181847183570070570 ) ) ;
#818 = PLANE ( 'NONE',  #2078 ) ;
#819 = VERTEX_POINT ( 'NONE', #3516 ) ;
#820 = DIRECTION ( 'NONE',  ( -4.876176775795935793E-29, 1.000000000000000000, -6.982962677686266711E-15 ) ) ;
#821 = ORIENTED_EDGE ( 'NONE', *, *, #3746, .T. ) ;
#822 = ADVANCED_BREP_SHAPE_REPRESENTATION ( '\X2\59165e955ea7\X0\2', ( #4334, #2079 ), #3502 ) ;
#823 = LINE ( 'NONE', #5149, #2115 ) ;
#824 = CARTESIAN_POINT ( 'NONE',  ( -35.92914586268881294, 29.73337280802625315, 52.54857541564023649 ) ) ;
#825 = AXIS2_PLACEMENT_3D ( 'NONE', #1636, #5094, #4673 ) ;
#826 = DIRECTION ( 'NONE',  ( 0.7071067811865424657, -4.857225732735061442E-15, -0.7071067811865526798 ) ) ;
#827 = ORIENTED_EDGE ( 'NONE', *, *, #2511, .F. ) ;
#828 = DIRECTION ( 'NONE',  ( -4.876176775795935793E-29, 1.000000000000000000, -6.982962677686266711E-15 ) ) ;
#829 = ADVANCED_FACE ( 'NONE', ( #1466 ), #1864, .F. ) ;
#830 = CONICAL_SURFACE ( 'NONE', #1543, 2.999999999999999112, 0.7853981633974473908 ) ;
#831 = CARTESIAN_POINT ( 'NONE',  ( -36.49492770657830221, 22.38890729257706624, 18.00585548187645912 ) ) ;
#832 = ORIENTED_EDGE ( 'NONE', *, *, #4593, .F. ) ;
#833 = CARTESIAN_POINT ( 'NONE',  ( -24.73598765523259146, 20.44260773342100990, 7.933038647766814222 ) ) ;
#834 = CARTESIAN_POINT ( 'NONE',  ( 10.27140414596450313, 68.33417298250397209, 64.97859585403475080 ) ) ;
#835 = AXIS2_PLACEMENT_3D ( 'NONE', #1814, #4298, #1763 ) ;
#836 = DIRECTION ( 'NONE',  ( -4.876176775795935793E-29, 1.000000000000000000, -6.982962677686266711E-15 ) ) ;
#837 = ADVANCED_FACE ( 'NONE', ( #3569 ), #5209, .F. ) ;
#838 = ORIENTED_EDGE ( 'NONE', *, *, #1169, .T. ) ;
#839 = CARTESIAN_POINT ( 'NONE',  ( -29.97859585403545779, 22.38890729257742507, 68.22859585403527660 ) ) ;
#840 = CARTESIAN_POINT ( 'NONE',  ( -24.15282620996246266, 23.03611044167415400, 40.86623196551182957 ) ) ;
#841 = DIRECTION ( 'NONE',  ( 0.7071067811865472397, -0.7071067811865477948, 5.006672381007298193E-17 ) ) ;
#842 = CARTESIAN_POINT ( 'NONE',  ( -21.11225016638277552, 22.38890729257721190, 37.98171805316530225 ) ) ;
#843 = VECTOR ( 'NONE', #1558, 1000.000000000000000 ) ;
#844 = VECTOR ( 'NONE', #2192, 1000.000000000000000 ) ;
#845 = CARTESIAN_POINT ( 'NONE',  ( -7.521489072849723456, 22.38890729257689571, -7.564297364778464150 ) ) ;
#846 = CYLINDRICAL_SURFACE ( 'NONE', #991, 1.099999999999996758 ) ;
#847 = EDGE_LOOP ( 'NONE', ( #3630, #2226, #4856, #159 ) ) ;
#848 = DIRECTION ( 'NONE',  ( 6.982939617164456728E-15, 6.938893903907233111E-15, 1.000000000000000000 ) ) ;
#849 = EDGE_LOOP ( 'NONE', ( #1189, #3479, #357, #978 ) ) ;
#850 = DIRECTION ( 'NONE',  ( -4.876176775795935793E-29, 1.000000000000000000, -6.982962677686266711E-15 ) ) ;
#851 = CARTESIAN_POINT ( 'NONE',  ( -35.55590220211509234, 29.80507695981992811, 52.27472132803371352 ) ) ;
#852 = FACE_OUTER_BOUND ( 'NONE', #79, .T. ) ;
#853 = VERTEX_POINT ( 'NONE', #1893 ) ;
#854 = DIRECTION ( 'NONE',  ( -4.937700262164565397E-15, 0.7071067811865425767, -0.7071067811865524577 ) ) ;
#855 = CARTESIAN_POINT ( 'NONE',  ( -37.37033738531587801, 22.38890729257708401, 19.87816388051223981 ) ) ;
#856 = VERTEX_POINT ( 'NONE', #4792 ) ;
#857 = CARTESIAN_POINT ( 'NONE',  ( -29.83646023030467376, 29.89446079204246232, 50.47859585403529792 ) ) ;
#858 = ADVANCED_FACE ( 'NONE', ( #1385 ), #5259, .F. ) ;
#859 = CARTESIAN_POINT ( 'NONE',  ( -59.45106771305484727, 28.38890729257725454, 44.36528127542796085 ) ) ;
#860 = AXIS2_PLACEMENT_3D ( 'NONE', #1156, #5038, #2451 ) ;
#861 = DIRECTION ( 'NONE',  ( -0.7071067811865487940, -0.7071067811865462405, 9.875400524329062952E-15 ) ) ;
#862 = ADVANCED_FACE ( 'NONE', ( #3096 ), #2231, .F. ) ;
#863 = ORIENTED_EDGE ( 'NONE', *, *, #2143, .T. ) ;
#864 = EDGE_CURVE ( 'NONE', #784, #32, #3587, .T. ) ;
#865 = CIRCLE ( 'NONE', #2832, 8.999999999999932498 ) ;
#866 = DIRECTION ( 'NONE',  ( -4.876176775795935793E-29, 1.000000000000000000, -6.982962677686266711E-15 ) ) ;
#867 = DIRECTION ( 'NONE',  ( 4.876176775795935793E-29, -1.000000000000000000, 6.982962677686266711E-15 ) ) ;
#868 = EDGE_CURVE ( 'NONE', #4442, #438, #102, .T. ) ;
#869 = CARTESIAN_POINT ( 'NONE',  ( -26.27884838572997594, 27.38890729257721901, 36.17834332234130557 ) ) ;
#870 = CARTESIAN_POINT ( 'NONE',  ( -18.80614003204192386, 22.44723046165109182, 37.23640766791838530 ) ) ;
#871 = CARTESIAN_POINT ( 'NONE',  ( -22.49923832506735266, 22.38890729257721546, 38.72116957910122892 ) ) ;
#872 = ADVANCED_FACE ( 'NONE', ( #3150 ), #574, .F. ) ;
#873 = CARTESIAN_POINT ( 'NONE',  ( -66.10727551047581585, 36.38890729257730783, 51.02148907284902890 ) ) ;
#874 = LINE ( 'NONE', #4230, #3405 ) ;
#875 = EDGE_CURVE ( 'NONE', #4713, #2105, #4778, .T. ) ;
#876 = EDGE_LOOP ( 'NONE', ( #4944, #1974, #2485, #2233 ) ) ;
#877 = CARTESIAN_POINT ( 'NONE',  ( -25.49430791493731263, 20.08070240028055764, 8.514387321695455313 ) ) ;
#878 = ORIENTED_EDGE ( 'NONE', *, *, #4925, .F. ) ;
#879 = DIRECTION ( 'NONE',  ( 4.876176775795935793E-29, -1.000000000000000000, 6.982962677686266711E-15 ) ) ;
#880 = DIRECTION ( 'NONE',  ( -7.131640956793594270E-15, 2.852656382717437708E-14, -1.000000000000000000 ) ) ;
#881 = CARTESIAN_POINT ( 'NONE',  ( 5.678258395456473373, 28.38890729257698453, 5.635450103527413823 ) ) ;
#882 = CYLINDRICAL_SURFACE ( 'NONE', #3334, 2.000000000000001776 ) ;
#883 = CARTESIAN_POINT ( 'NONE',  ( -35.47859585403565319, 36.38890729257724388, 41.47859585403528371 ) ) ;
#884 = ORIENTED_EDGE ( 'NONE', *, *, #3157, .T. ) ;
#885 = CARTESIAN_POINT ( 'NONE',  ( -66.10727551047580164, 28.38890729257730428, 51.02148907284909995 ) ) ;
#886 = CARTESIAN_POINT ( 'NONE',  ( -18.54681298738800521, 21.59744627605426714, 35.62368594464044236 ) ) ;
#887 = DIRECTION ( 'NONE',  ( 6.938893903907211812E-15, 6.938893903907211812E-15, 1.000000000000000000 ) ) ;
#888 = EDGE_LOOP ( 'NONE', ( #3548, #4160, #1719, #2749, #5389, #1432, #2092 ) ) ;
#889 = CARTESIAN_POINT ( 'NONE',  ( -35.47859585403565319, 36.38890729257724388, 41.47859585403528371 ) ) ;
#890 = FACE_OUTER_BOUND ( 'NONE', #645, .T. ) ;
#891 = ORIENTED_EDGE ( 'NONE', *, *, #3879, .T. ) ;
#892 = AXIS2_PLACEMENT_3D ( 'NONE', #3201, #233, #2748 ) ;
#893 = ADVANCED_FACE ( 'NONE', ( #3122 ), #2243, .T. ) ;
#894 = VECTOR ( 'NONE', #3535, 1000.000000000000000 ) ;
#895 = CARTESIAN_POINT ( 'NONE',  ( -50.47859585403617189, 35.38890729257671808, -33.19297702121841809 ) ) ;
#896 = EDGE_CURVE ( 'NONE', #3901, #3626, #3286, .T. ) ;
#897 = CARTESIAN_POINT ( 'NONE',  ( -31.19741871365275898, 22.38890729257727230, 46.28320515127943224 ) ) ;
#898 = VECTOR ( 'NONE', #1003, 1000.000000000000114 ) ;
#899 = CARTESIAN_POINT ( 'NONE',  ( -16.17769361034387288, 29.25343945696968717, 50.49983433581630976 ) ) ;
#900 = AXIS2_PLACEMENT_3D ( 'NONE', #3737, #4073, #3260 ) ;
#901 = VECTOR ( 'NONE', #4058, 1000.000000000000000 ) ;
#902 = DIRECTION ( 'NONE',  ( 6.982962677686266711E-15, 6.982962677686266711E-15, 1.000000000000000000 ) ) ;
#903 = ORIENTED_EDGE ( 'NONE', *, *, #1934, .F. ) ;
#904 = DIRECTION ( 'NONE',  ( -6.982962677686266711E-15, -6.982962677686266711E-15, -1.000000000000000000 ) ) ;
#905 = ORIENTED_EDGE ( 'NONE', *, *, #2511, .T. ) ;
#906 = CARTESIAN_POINT ( 'NONE',  ( -7.978595854035637203, 34.58890729257724672, 42.97859585403510607 ) ) ;
#907 = CARTESIAN_POINT ( 'NONE',  ( -32.68634478219154005, 30.06681249915861898, 50.89308033192666159 ) ) ;
#908 = CARTESIAN_POINT ( 'NONE',  ( -66.10727551047580164, 36.38890729257731493, 52.43570263522212116 ) ) ;
#909 = DIRECTION ( 'NONE',  ( -4.876176775795935793E-29, 1.000000000000000000, -6.982962677686266711E-15 ) ) ;
#910 = ORIENTED_EDGE ( 'NONE', *, *, #4207, .T. ) ;
#911 = DIRECTION ( 'NONE',  ( 4.876176775795935793E-29, -1.000000000000000000, 6.982962677686266711E-15 ) ) ;
#912 = ORIENTED_EDGE ( 'NONE', *, *, #780, .T. ) ;
#913 = CARTESIAN_POINT ( 'NONE',  ( -25.51604281013469944, 20.09189003856553413, 12.24574601736806834 ) ) ;
#914 = VECTOR ( 'NONE', #1729, 1000.000000000000000 ) ;
#915 = CARTESIAN_POINT ( 'NONE',  ( -22.52756022784695489, 22.45502900967197846, 39.43900795022797467 ) ) ;
#916 = DIRECTION ( 'NONE',  ( -1.000000000000000000, 1.040834085586083310E-14, 6.982939617164445684E-15 ) ) ;
#917 = DIRECTION ( 'NONE',  ( 0.7071067811865463515, -4.937700262164505444E-15, -0.7071067811865487940 ) ) ;
#918 = CIRCLE ( 'NONE', #1456, 3.999999999999982681 ) ;
#919 = AXIS2_PLACEMENT_3D ( 'NONE', #2481, #5041, #4595 ) ;
#920 = ORIENTED_EDGE ( 'NONE', *, *, #4449, .T. ) ;
#921 = FACE_OUTER_BOUND ( 'NONE', #2696, .T. ) ;
#922 = CARTESIAN_POINT ( 'NONE',  ( -18.11136014407359696, 29.12350878367961116, 50.14710492218979709 ) ) ;
#923 = CONICAL_SURFACE ( 'NONE', #2620, 10.99999999999999467, 0.7853981633974503884 ) ;
#924 = ORIENTED_EDGE ( 'NONE', *, *, #1898, .F. ) ;
#925 = FACE_OUTER_BOUND ( 'NONE', #4650, .T. ) ;
#926 = DIRECTION ( 'NONE',  ( -6.235212397397041587E-15, -0.5000000000000042188, -0.8660254037844362651 ) ) ;
#927 = ADVANCED_FACE ( 'NONE', ( #687 ), #5434, .F. ) ;
#928 = DIRECTION ( 'NONE',  ( 4.876176775795935793E-29, -1.000000000000000000, 6.982962677686266711E-15 ) ) ;
#929 = CARTESIAN_POINT ( 'NONE',  ( -16.99892394835432441, 29.19033867441920194, 50.31376869192546764 ) ) ;
#930 = ORIENTED_EDGE ( 'NONE', *, *, #5510, .F. ) ;
#931 = DIRECTION ( 'NONE',  ( 4.876176775795935793E-29, -1.000000000000000000, 6.982962677686266711E-15 ) ) ;
#932 = ORIENTED_EDGE ( 'NONE', *, *, #4278, .F. ) ;
#933 = VECTOR ( 'NONE', #4266, 999.9999999999998863 ) ;
#934 = EDGE_CURVE ( 'NONE', #4138, #5401, #2783, .T. ) ;
#935 = AXIS2_PLACEMENT_3D ( 'NONE', #3807, #1734, #887 ) ;
#936 = ADVANCED_FACE ( 'NONE', ( #239 ), #13, .T. ) ;
#937 = ORIENTED_EDGE ( 'NONE', *, *, #731, .F. ) ;
#938 = CARTESIAN_POINT ( 'NONE',  ( -33.57649484258669048, 30.04811825718488905, 51.20346818183478632 ) ) ;
#939 = CARTESIAN_POINT ( 'NONE',  ( -22.71729723362779652, 22.38890729257721190, 38.83762023832795052 ) ) ;
#940 = CARTESIAN_POINT ( 'NONE',  ( -35.47859585403565319, 36.38890729257724388, 41.47859585403528371 ) ) ;
#941 = VERTEX_POINT ( 'NONE', #2368 ) ;
#942 = FACE_OUTER_BOUND ( 'NONE', #4963, .T. ) ;
#943 = ORIENTED_EDGE ( 'NONE', *, *, #4719, .F. ) ;
#944 = CARTESIAN_POINT ( 'NONE',  ( -8.656108506787168366, 22.39472157898094196, 35.45720491707508160 ) ) ;
#945 = EDGE_CURVE ( 'NONE', #3, #5430, #1075, .T. ) ;
#946 = AXIS2_PLACEMENT_3D ( 'NONE', #5315, #203, #1487 ) ;
#947 = FACE_OUTER_BOUND ( 'NONE', #1219, .T. ) ;
#948 = CARTESIAN_POINT ( 'NONE',  ( -50.45561995121193632, 30.12275882936906513, 33.10421692364178625 ) ) ;
#949 = CARTESIAN_POINT ( 'NONE',  ( -31.22859585403589477, 36.38890729257699519, 6.228595854035253510 ) ) ;
#950 = VERTEX_POINT ( 'NONE', #1950 ) ;
#951 = CARTESIAN_POINT ( 'NONE',  ( 0.02140414596405772196, 22.38890729257694545, -0.02140414596486263366 ) ) ;
#952 = CARTESIAN_POINT ( 'NONE',  ( -31.19741871365277319, 32.38890729257727230, 46.28320515127935408 ) ) ;
#953 = VECTOR ( 'NONE', #1921, 1000.000000000000000 ) ;
#954 = VERTEX_POINT ( 'NONE', #658 ) ;
#955 = CIRCLE ( 'NONE', #1849, 26.00000000000000355 ) ;
#956 = CARTESIAN_POINT ( 'NONE',  ( -20.10016500817382479, 22.53153643844503051, 38.05092504441735457 ) ) ;
#957 = DIRECTION ( 'NONE',  ( 0.7071067811865561215, 5.204170427930426805E-15, 0.7071067811865388020 ) ) ;
#958 = B_SPLINE_CURVE_WITH_KNOTS ( 'NONE', 3,
 ( #3732, #1234, #5428, #1260, #2944, #3840, #9, #1712, #1594, #3417, #316, #3304, #5008, #1181, #4333, #3113, #145, #956, #1823, #2167, #1344, #37, #564, #535, #870, #5168, #1851, #65, #5113, #3506, #1400, #4279, #1768, #90 ),
 .UNSPECIFIED., .F., .F.,
 ( 4, 2, 1, 1, 1, 1, 2, 2, 2, 1, 1, 1, 1, 2, 2, 2, 1, 1, 1, 1, 2, 2, 4 ),
 ( 0.000000000000000000, 0.1250000000000293376, 0.1875000000000433820, 0.2187500000000511813, 0.2343750000000555667, 0.2421875000000582590, 0.2460937500000595912, 0.2500000000000609512, 0.3750000000000970335, 0.4375000000001152411, 0.4687500000001236788, 0.4843750000001272871, 0.4921875000001285638, 0.4960937500001280642, 0.5000000000001275646, 0.6250000000001081357, 0.6875000000000995870, 0.7187500000000947020, 0.7343750000000922595, 0.7421875000000911493, 0.7460937500000903722, 0.7500000000000895950, 1.000000000000000000 ),
 .UNSPECIFIED. ) ;
#959 = PLANE ( 'NONE',  #1131 ) ;
#960 = CARTESIAN_POINT ( 'NONE',  ( -26.27884838572997594, 23.38890729257726520, 36.17834332234133399 ) ) ;
#961 = EDGE_CURVE ( 'NONE', #2009, #3423, #1551, .T. ) ;
#962 = EDGE_CURVE ( 'NONE', #2090, #3514, #5272, .T. ) ;
#963 = DIRECTION ( 'NONE',  ( -6.982962677686266711E-15, -6.982962677686266711E-15, -1.000000000000000000 ) ) ;
#964 = ORIENTED_EDGE ( 'NONE', *, *, #3332, .F. ) ;
#965 = ADVANCED_FACE ( 'NONE', ( #4100 ), #3687, .F. ) ;
#966 = ORIENTED_EDGE ( 'NONE', *, *, #142, .F. ) ;
#967 = LINE ( 'NONE', #4760, #151 ) ;
#968 = CARTESIAN_POINT ( 'NONE',  ( -23.42641981728166201, 22.92480567743946196, 40.30746253255811951 ) ) ;
#969 = DIRECTION ( 'NONE',  ( 6.982962677686266711E-15, 6.982962677686266711E-15, 1.000000000000000000 ) ) ;
#970 = EDGE_CURVE ( 'NONE', #3993, #770, #769, .T. ) ;
#971 = EDGE_LOOP ( 'NONE', ( #1324, #5411, #2500, #4285 ) ) ;
#972 = CARTESIAN_POINT ( 'NONE',  ( -31.22859585403586991, 18.60855272203544430, 9.728595854035377855 ) ) ;
#973 = EDGE_LOOP ( 'NONE', ( #2639, #5076, #488, #1603 ) ) ;
#974 = CARTESIAN_POINT ( 'NONE',  ( -17.48649135485675643, 22.38619853933040105, 36.64561605462500893 ) ) ;
#975 = CARTESIAN_POINT ( 'NONE',  ( -35.49924848990357873, 29.49551451140632707, 52.17184484715934900 ) ) ;
#976 = DIRECTION ( 'NONE',  ( 4.876176775795935793E-29, -1.000000000000000000, 6.982962677686266711E-15 ) ) ;
#977 = EDGE_CURVE ( 'NONE', #16, #4357, #4735, .T. ) ;
#978 = ORIENTED_EDGE ( 'NONE', *, *, #50, .F. ) ;
#979 = CARTESIAN_POINT ( 'NONE',  ( -10.81094540103127066, 22.55519722398580740, 37.62311446954281990 ) ) ;
#980 = CARTESIAN_POINT ( 'NONE',  ( -17.74208344706436691, 29.14215524676826519, 50.18992791044741608 ) ) ;
#981 = DIRECTION ( 'NONE',  ( -4.876176775795935793E-29, 1.000000000000000000, -6.982962677686266711E-15 ) ) ;
#982 = CARTESIAN_POINT ( 'NONE',  ( -7.792088648144920526, 22.38890729257712664, 25.82331156840139741 ) ) ;
#983 = CARTESIAN_POINT ( 'NONE',  ( -50.31438229166245435, 29.38890729257741441, 66.81438229166224119 ) ) ;
#984 = LINE ( 'NONE', #1319, #1611 ) ;
#985 = CARTESIAN_POINT ( 'NONE',  ( -10.05359585403554057, 34.58890729257734620, 56.78059404546663558 ) ) ;
#986 = AXIS2_PLACEMENT_3D ( 'NONE', #3338, #5035, #2551 ) ;
#987 = DIRECTION ( 'NONE',  ( 4.876176775795935793E-29, -1.000000000000000000, 6.982962677686266711E-15 ) ) ;
#988 = LINE ( 'NONE', #43, #1452 ) ;
#989 = ORIENTED_EDGE ( 'NONE', *, *, #42, .F. ) ;
#990 = VECTOR ( 'NONE', #5371, 1000.000000000000000 ) ;
#991 = AXIS2_PLACEMENT_3D ( 'NONE', #5461, #15, #4640 ) ;
#992 = ORIENTED_EDGE ( 'NONE', *, *, #2948, .T. ) ;
#993 = DIRECTION ( 'NONE',  ( -6.982962677686266711E-15, -6.982962677686266711E-15, -1.000000000000000000 ) ) ;
#994 = CARTESIAN_POINT ( 'NONE',  ( -31.22859585403589477, 36.38890729257699519, 6.228595854035253510 ) ) ;
#995 = CARTESIAN_POINT ( 'NONE',  ( -7.228595854035685164, 23.38890729257726520, 36.22859585403517713 ) ) ;
#996 = VERTEX_POINT ( 'NONE', #2839 ) ;
#997 = CARTESIAN_POINT ( 'NONE',  ( -39.56164183397566347, 22.38890729257711243, 23.90429132343322038 ) ) ;
#998 = EDGE_LOOP ( 'NONE', ( #545, #5435, #685, #127 ) ) ;
#999 = CARTESIAN_POINT ( 'NONE',  ( -17.04304362369945736, 30.15840381927163349, 50.99954349985430468 ) ) ;
#1000 = CARTESIAN_POINT ( 'NONE',  ( -36.32309313883553159, 29.50992356456780996, 52.85487111006502658 ) ) ;
#1001 = DIRECTION ( 'NONE',  ( 0.8891264907159910358, -0.4576615381557277984, -3.012903660457993946E-15 ) ) ;
#1002 = VERTEX_POINT ( 'NONE', #4538 ) ;
#1003 = DIRECTION ( 'NONE',  ( -0.5000000000000053291, 0.7071067811865431318, -0.5000000000000008882 ) ) ;
#1004 = CARTESIAN_POINT ( 'NONE',  ( -50.31438229166246145, 35.38890729257742152, 66.81438229166221277 ) ) ;
#1005 = EDGE_CURVE ( 'NONE', #157, #2492, #1187, .T. ) ;
#1006 = FACE_OUTER_BOUND ( 'NONE', #630, .T. ) ;
#1007 = VECTOR ( 'NONE', #5118, 1000.000000000000000 ) ;
#1008 = CARTESIAN_POINT ( 'NONE',  ( -38.58102173179958072, 22.38890729257709822, 22.24521685837127549 ) ) ;
#1010 = VECTOR ( 'NONE', #4836, 1000.000000000000114 ) ;
#1009 = CARTESIAN_POINT ( 'NONE',  ( -36.53700036746843693, 29.51212446930253108, 53.04923365412212632 ) ) ;
#1011 = CARTESIAN_POINT ( 'NONE',  ( -36.68245833221303798, 22.41114954560421424, 17.91068656859489749 ) ) ;
#1012 = FACE_OUTER_BOUND ( 'NONE', #3243, .T. ) ;
#1013 = CARTESIAN_POINT ( 'NONE',  ( 2.803023254075188042, 3.445880212795339848, 13.69697674592459080 ) ) ;
#1014 = DIRECTION ( 'NONE',  ( 4.876176775795935793E-29, -1.000000000000000000, 6.982962677686266711E-15 ) ) ;
#1015 = ORIENTED_EDGE ( 'NONE', *, *, #227, .T. ) ;
#1016 = EDGE_LOOP ( 'NONE', ( #2396, #3059, #1809, #596 ) ) ;
#1017 = DIRECTION ( 'NONE',  ( -1.000000000000000000, 0.000000000000000000, 6.982962677686266711E-15 ) ) ;
#1018 = CARTESIAN_POINT ( 'NONE',  ( -29.83646023030467020, 29.31711052285281838, 50.14526252070195511 ) ) ;
#1019 = CARTESIAN_POINT ( 'NONE',  ( -23.90429132343347618, 22.38890729257722256, 39.56164183397518030 ) ) ;
#1020 = ORIENTED_EDGE ( 'NONE', *, *, #2234, .F. ) ;
#1021 = CARTESIAN_POINT ( 'NONE',  ( -51.72859585403556082, 22.38890729257740375, 65.40016872928917735 ) ) ;
#1022 = ORIENTED_EDGE ( 'NONE', *, *, #4586, .T. ) ;
#1023 = CARTESIAN_POINT ( 'NONE',  ( -27.20510795289026618, 21.61869264843476302, 17.30561301627816562 ) ) ;
#1024 = VECTOR ( 'NONE', #3298, 1000.000000000000114 ) ;
#1025 = CARTESIAN_POINT ( 'NONE',  ( -34.50783473738457019, 29.45648264337323141, 51.47681166030226763 ) ) ;
#1026 = CARTESIAN_POINT ( 'NONE',  ( -26.27884838572997594, 27.38890729257721901, 36.17834332234130557 ) ) ;
#1027 =( BOUNDED_CURVE ( )  B_SPLINE_CURVE ( 3, ( #2413, #1150, #1941, #3589 ),
 .UNSPECIFIED., .F., .F. ) 
 B_SPLINE_CURVE_WITH_KNOTS ( ( 4, 4 ),
 ( 5.235987755982987046, 6.283185307179586232 ),
 .UNSPECIFIED. ) 
 CURVE ( )  GEOMETRIC_REPRESENTATION_ITEM ( )  RATIONAL_B_SPLINE_CURVE ( ( 1.000000000000000000, 0.9106836025229588794, 0.9106836025229588794, 1.000000000000000000 ) ) 
 REPRESENTATION_ITEM ( '' )  );
#1028 = VERTEX_POINT ( 'NONE', #295 ) ;
#1029 = EDGE_CURVE ( 'NONE', #2120, #778, #1516, .T. ) ;
#1030 = CARTESIAN_POINT ( 'NONE',  ( -10.08119585696536546, 23.65709279986322500, 38.29479791481496420 ) ) ;
#1031 = AXIS2_PLACEMENT_3D ( 'NONE', #2718, #4421, #1885 ) ;
#1032 = CARTESIAN_POINT ( 'NONE',  ( -36.64561605462517946, 22.38619853933026249, 17.48649135486214234 ) ) ;
#1033 = ADVANCED_FACE ( 'NONE', ( #2061 ), #3857, .T. ) ;
#1034 = CARTESIAN_POINT ( 'NONE',  ( -9.261055245618868170, 36.38890729257737178, 59.63417119621662721 ) ) ;
#1035 = ADVANCED_FACE ( 'NONE', ( #5039 ), #2171, .F. ) ;
#1036 = DIRECTION ( 'NONE',  ( -6.938893903907276498E-15, -6.938893903907276498E-15, -1.000000000000000000 ) ) ;
#1037 = VERTEX_POINT ( 'NONE', #1321 ) ;
#1038 = EDGE_CURVE ( 'NONE', #2373, #3446, #2578, .T. ) ;
#1039 = DIRECTION ( 'NONE',  ( -6.938893903907222067E-15, -6.938893903907222067E-15, -1.000000000000000000 ) ) ;
#1040 = CARTESIAN_POINT ( 'NONE',  ( -25.57174160454343692, 28.38890729257720835, 36.88545010352783038 ) ) ;
#1041 = CONICAL_SURFACE ( 'NONE', #655, 1.000000000000000888, 0.7853981633974496113 ) ;
#1042 = EDGE_CURVE ( 'NONE', #950, #4432, #3029, .T. ) ;
#1043 = DIRECTION ( 'NONE',  ( -0.7071067811865487940, -4.937700262164556720E-15, -0.7071067811865463515 ) ) ;
#1044 = ORIENTED_EDGE ( 'NONE', *, *, #780, .F. ) ;
#1045 = LINE ( 'NONE', #1130, #3584 ) ;
#1046 = ORIENTED_EDGE ( 'NONE', *, *, #1169, .F. ) ;
#1047 = CARTESIAN_POINT ( 'NONE',  ( -10.22859585403568694, 27.38890729257721901, 36.22859585403517002 ) ) ;
#1048 = CARTESIAN_POINT ( 'NONE',  ( -22.33058667757637039, 22.76184010080495668, 39.52027772267527439 ) ) ;
#1049 = ORIENTED_EDGE ( 'NONE', *, *, #4991, .F. ) ;
#1050 = CARTESIAN_POINT ( 'NONE',  ( 40.52140414596435392, 35.81390729257724104, 40.90359585403476927 ) ) ;
#1051 = ORIENTED_EDGE ( 'NONE', *, *, #4821, .T. ) ;
#1052 = CARTESIAN_POINT ( 'NONE',  ( -8.228595854035477331, 30.31711052285294627, 64.97859585403513449 ) ) ;
#1053 = CARTESIAN_POINT ( 'NONE',  ( -34.06400782779962810, 29.42849450120762000, 51.20441703914047338 ) ) ;
#1054 = LINE ( 'NONE', #1026, #2446 ) ;
#1055 = ORIENTED_EDGE ( 'NONE', *, *, #2412, .T. ) ;
#1056 = CARTESIAN_POINT ( 'NONE',  ( -11.14382532570602891, 22.81682743297368177, 38.69470764610740332 ) ) ;
#1057 = FACE_OUTER_BOUND ( 'NONE', #410, .T. ) ;
#1058 = DIRECTION ( 'NONE',  ( 4.876176775795935793E-29, -1.000000000000000000, 6.982962677686266711E-15 ) ) ;
#1059 =( BOUNDED_CURVE ( )  B_SPLINE_CURVE ( 3, ( #4054, #2791, #4491, #3380 ),
 .UNSPECIFIED., .F., .T. ) 
 B_SPLINE_CURVE_WITH_KNOTS ( ( 4, 4 ),
 ( 5.235987755982984382, 6.283185307179586232 ),
 .UNSPECIFIED. ) 
 CURVE ( )  GEOMETRIC_REPRESENTATION_ITEM ( )  RATIONAL_B_SPLINE_CURVE ( ( 1.000000000000000000, 0.9106836025229583242, 0.9106836025229583242, 1.000000000000000000 ) ) 
 REPRESENTATION_ITEM ( '' )  );
#1060 = CARTESIAN_POINT ( 'NONE',  ( -38.02855074683529324, 22.38890729257709822, 21.20383810197663976 ) ) ;
#1061 = ORIENTED_EDGE ( 'NONE', *, *, #4718, .T. ) ;
#1062 = ADVANCED_FACE ( 'NONE', ( #1688 ), #2142, .F. ) ;
#1063 = CARTESIAN_POINT ( 'NONE',  ( -16.99892394835432796, 29.13258834040791356, 50.15899405891713059 ) ) ;
#1064 = CARTESIAN_POINT ( 'NONE',  ( -38.98043355233897245, 22.66789131987205863, 21.52793868802488575 ) ) ;
#1065 = ORIENTED_EDGE ( 'NONE', *, *, #1336, .F. ) ;
#1066 = FACE_OUTER_BOUND ( 'NONE', #3124, .T. ) ;
#1067 = DIRECTION ( 'NONE',  ( 4.876176775795935793E-29, -1.000000000000000000, 6.982962677686266711E-15 ) ) ;
#1068 = ADVANCED_FACE ( 'NONE', ( #2555 ), #846, .F. ) ;
#1069 = EDGE_CURVE ( 'NONE', #2813, #819, #4783, .T. ) ;
#1070 = DIRECTION ( 'NONE',  ( -0.7071067811865465735, 0.7071067811865484609, -1.341063538875720069E-29 ) ) ;
#1071 = ORIENTED_EDGE ( 'NONE', *, *, #5200, .T. ) ;
#1072 = CARTESIAN_POINT ( 'NONE',  ( -9.176597662604104144, 36.38890729257726520, 45.05359585403508049 ) ) ;
#1073 = ORIENTED_EDGE ( 'NONE', *, *, #1369, .F. ) ;
#1074 = LINE ( 'NONE', #3234, #417 ) ;
#1075 = LINE ( 'NONE', #714, #3501 ) ;
#1076 = ORIENTED_EDGE ( 'NONE', *, *, #1537, .F. ) ;
#1077 = VECTOR ( 'NONE', #504, 1000.000000000000000 ) ;
#1078 = CARTESIAN_POINT ( 'NONE',  ( -41.59852358254126159, 22.38890729257713019, 26.51279670895837981 ) ) ;
#1079 = ORIENTED_EDGE ( 'NONE', *, *, #1069, .F. ) ;
#1080 = VECTOR ( 'NONE', #3475, 1000.000000000000000 ) ;
#1081 = EDGE_LOOP ( 'NONE', ( #5136, #300, #5014, #3415 ) ) ;
#1082 = CARTESIAN_POINT ( 'NONE',  ( -15.66421445782354205, 30.29968907163687675, 51.58103487950028665 ) ) ;
#1083 = CARTESIAN_POINT ( 'NONE',  ( -36.90752804217008531, 29.51522581427966685, 53.40752804216983662 ) ) ;
#1084 = DIRECTION ( 'NONE',  ( -1.000000000000000000, -0.000000000000000000, 6.982962677686266711E-15 ) ) ;
#1085 = PRODUCT_DEFINITION_FORMATION_WITH_SPECIFIED_SOURCE ( 'ä»', '', #259, .NOT_KNOWN. ) ;
#1086 = ORIENTED_EDGE ( 'NONE', *, *, #5033, .T. ) ;
#1087 = CARTESIAN_POINT ( 'NONE',  ( -10.05359585403554057, 36.21507200480002808, 56.78059404546662137 ) ) ;
#1088 = CARTESIAN_POINT ( 'NONE',  ( -40.79910392972448818, 23.72865325473270559, 21.97859585403521265 ) ) ;
#1089 = DIRECTION ( 'NONE',  ( -6.938893903907229167E-15, -6.938893903907229167E-15, -1.000000000000000000 ) ) ;
#1090 = ADVANCED_FACE ( 'NONE', ( #5144 ), #818, .F. ) ;
#1091 = CARTESIAN_POINT ( 'NONE',  ( -5.903595854035526003, 36.38890729257736467, 59.17659766260354814 ) ) ;
#1092 = ORIENTED_EDGE ( 'NONE', *, *, #4048, .T. ) ;
#1093 = CARTESIAN_POINT ( 'NONE',  ( -33.64522120053918997, 29.39507240404392263, 50.96674974861050345 ) ) ;
#1094 = DIRECTION ( 'NONE',  ( 4.876176775795935793E-29, -1.000000000000000000, 6.982962677686266711E-15 ) ) ;
#1095 = CARTESIAN_POINT ( 'NONE',  ( -7.228595854035663848, 27.38890729257723322, 39.22859585403515581 ) ) ;
#1096 = AXIS2_PLACEMENT_3D ( 'NONE', #2232, #3934, #969 ) ;
#1097 = CARTESIAN_POINT ( 'NONE',  ( -52.43570263522209274, 28.38890729257740730, 66.10727551047568795 ) ) ;
#1098 = VERTEX_POINT ( 'NONE', #2088 ) ;
#1099 = FACE_OUTER_BOUND ( 'NONE', #4672, .T. ) ;
#1100 = EDGE_CURVE ( 'NONE', #5178, #5042, #2164, .T. ) ;
#1101 = AXIS2_PLACEMENT_3D ( 'NONE', #1334, #58, #4327 ) ;
#1102 = ORIENTED_EDGE ( 'NONE', *, *, #4519, .T. ) ;
#1103 = LINE ( 'NONE', #2808, #5319 ) ;
#1104 = DIRECTION ( 'NONE',  ( 7.021499783715655013E-15, 6.608470384673557335E-15, 1.000000000000000000 ) ) ;
#1105 = B_SPLINE_SURFACE_WITH_KNOTS ( 'NONE', 1, 3, ( 
 ( #4978, #1461, #205, #2833, #2392, #3593 ),
 ( #2310, #262, #4068, #4475, #4423, #4871 ) ),
 .UNSPECIFIED., .F., .F., .F.,
 ( 2, 2 ),
 ( 4, 2, 4 ),
 ( 0.000000000000000000, 1.000000000000000000 ),
 ( 1.045710769551886576, 1.308253548173391456, 1.570796326794896336 ),
 .UNSPECIFIED. ) ;
#1106 = EDGE_CURVE ( 'NONE', #996, #4890, #3002, .T. ) ;
#1107 = EDGE_LOOP ( 'NONE', ( #1646, #2426, #1830, #4360 ) ) ;
#1108 = CARTESIAN_POINT ( 'NONE',  ( -40.47859585403593030, 35.38890729257695256, -0.02140414596466834463 ) ) ;
#1109 = VERTEX_POINT ( 'NONE', #4671 ) ;
#1110 = EDGE_CURVE ( 'NONE', #72, #2668, #874, .T. ) ;
#1111 = DIRECTION ( 'NONE',  ( 6.938893903907222067E-15, 6.938893903907222067E-15, 1.000000000000000000 ) ) ;
#1112 = LINE ( 'NONE', #3771, #2721 ) ;
#1113 = DIRECTION ( 'NONE',  ( 4.876176775795935793E-29, -1.000000000000000000, 6.982962677686266711E-15 ) ) ;
#1114 = EDGE_LOOP ( 'NONE', ( #891, #350, #5365, #2236, #1607, #3175 ) ) ;
#1115 = EDGE_CURVE ( 'NONE', #310, #3624, #255, .T. ) ;
#1116 = CARTESIAN_POINT ( 'NONE',  ( -10.18477594800611641, 23.81759847145984565, 38.71549049646198171 ) ) ;
#1117 = CIRCLE ( 'NONE', #1831, 2.000000000000001776 ) ;
#1118 =( LENGTH_UNIT ( ) NAMED_UNIT ( * ) SI_UNIT ( .MILLI., .METRE. ) );
#1119 = VECTOR ( 'NONE', #672, 1000.000000000000000 ) ;
#1120 = CARTESIAN_POINT ( 'NONE',  ( -36.08510051819372677, 22.38890729257706269, 17.10421628291650720 ) ) ;
#1121 = CARTESIAN_POINT ( 'NONE',  ( -36.66587314780213802, 22.38890729257707335, 18.37811730001768495 ) ) ;
#1122 = ORIENTED_EDGE ( 'NONE', *, *, #1965, .T. ) ;
#1123 = CARTESIAN_POINT ( 'NONE',  ( -16.99892394835432086, 29.19091833642150391, 50.31532024209197118 ) ) ;
#1124 = CARTESIAN_POINT ( 'NONE',  ( -37.98559580430499238, 22.52353428324446583, 19.99760139962197414 ) ) ;
#1125 = EDGE_LOOP ( 'NONE', ( #1730, #1514, #2741, #2416 ) ) ;
#1126 = VECTOR ( 'NONE', #1200, 999.9999999999998863 ) ;
#1127 = DIRECTION ( 'NONE',  ( -0.7071067811865521247, -4.937700262164533843E-15, -0.7071067811865430208 ) ) ;
#1128 = CARTESIAN_POINT ( 'NONE',  ( 0.02140414596441854445, 29.89446079204246232, 50.47859585403508476 ) ) ;
#1129 = ORIENTED_EDGE ( 'NONE', *, *, #962, .F. ) ;
#1130 = CARTESIAN_POINT ( 'NONE',  ( 0.02140414596434915551, 35.38890729257722967, 40.47859585403504212 ) ) ;
#1131 = AXIS2_PLACEMENT_3D ( 'NONE', #3819, #454, #1347 ) ;
#1132 = ORIENTED_EDGE ( 'NONE', *, *, #1861, .F. ) ;
#1133 = EDGE_CURVE ( 'NONE', #3753, #2321, #3372, .T. ) ;
#1134 = CARTESIAN_POINT ( 'NONE',  ( -25.97859585403594451, 21.09365593457925314, -0.6575116979598092382 ) ) ;
#1135 = CARTESIAN_POINT ( 'NONE',  ( -19.00053436558398090, 22.38890729257720125, 36.95243714326409190 ) ) ;
#1136 = ORIENTED_EDGE ( 'NONE', *, *, #5166, .T. ) ;
#1137 = AXIS2_PLACEMENT_3D ( 'NONE', #4965, #3994, #1111 ) ;
#1138 = DIRECTION ( 'NONE',  ( 0.7071067811865524577, 4.937700262164531476E-15, 0.7071067811865426878 ) ) ;
#1139 = VERTEX_POINT ( 'NONE', #3820 ) ;
#1140 = CARTESIAN_POINT ( 'NONE',  ( -24.85700740032176981, 20.50025558422027316, 13.26241384574162829 ) ) ;
#1141 = DIRECTION ( 'NONE',  ( -0.7071067811865420216, 4.937700262164535420E-15, 0.7071067811865531239 ) ) ;
#1142 = CARTESIAN_POINT ( 'NONE',  ( 0.02140414596405772196, 36.38890729257695256, -0.02140414596495977817 ) ) ;
#1143 = ORIENTED_EDGE ( 'NONE', *, *, #5161, .F. ) ;
#1144 = CARTESIAN_POINT ( 'NONE',  ( -10.71782255533410577, 22.52345928464128733, 37.43526782574356560 ) ) ;
#1145 = PERSON_AND_ORGANIZATION ( #5429, #4123 ) ;
#1146 = CARTESIAN_POINT ( 'NONE',  ( -27.36714899465851047, 27.38890729257708045, 17.46765405804638505 ) ) ;
#1147 = EDGE_CURVE ( 'NONE', #4493, #4302, #5116, .T. ) ;
#1148 = EDGE_LOOP ( 'NONE', ( #76, #4039, #4549, #242 ) ) ;
#1149 = CARTESIAN_POINT ( 'NONE',  ( -36.68253149466125507, 29.56890386665532233, 53.18920249975831638 ) ) ;
#1150 = CARTESIAN_POINT ( 'NONE',  ( -50.11257045025126899, 29.10578565744749469, 32.41811792172037343 ) ) ;
#1151 = CARTESIAN_POINT ( 'NONE',  ( -41.18981419228957463, 23.09827429255499354, 24.54700046505177724 ) ) ;
#1152 = DIRECTION ( 'NONE',  ( -7.199803112183367597E-15, -6.982962677686266711E-15, -1.000000000000000000 ) ) ;
#1153 = ORIENTED_EDGE ( 'NONE', *, *, #3186, .F. ) ;
#1154 = DIRECTION ( 'NONE',  ( -0.7071067811865426878, 4.857225732735058287E-15, 0.7071067811865523467 ) ) ;
#1155 = ORIENTED_EDGE ( 'NONE', *, *, #1828, .T. ) ;
#1156 = CARTESIAN_POINT ( 'NONE',  ( -6.228595854035726020, 25.38890729257716572, 31.22859585403515936 ) ) ;
#1157 = CARTESIAN_POINT ( 'NONE',  ( -14.62227971789524972, 29.31711052285281482, 51.01449423889742718 ) ) ;
#1158 = EDGE_LOOP ( 'NONE', ( #4641, #1807, #5155, #3886 ) ) ;
#1159 = DIRECTION ( 'NONE',  ( -4.937700262164493611E-15, -0.7071067811865531239, -0.7071067811865420216 ) ) ;
#1160 = VERTEX_POINT ( 'NONE', #1295 ) ;
#1161 = CARTESIAN_POINT ( 'NONE',  ( -25.37575652584619945, 20.74734643844341164, 14.62558685650324719 ) ) ;
#1162 = FACE_OUTER_BOUND ( 'NONE', #5069, .T. ) ;
#1163 = CARTESIAN_POINT ( 'NONE',  ( -9.649617429791158330, 23.45239262409504022, 37.45690218238422631 ) ) ;
#1164 = VECTOR ( 'NONE', #3301, 1000.000000000000114 ) ;
#1165 = AXIS2_PLACEMENT_3D ( 'NONE', #952, #114, #1338 ) ;
#1166 = VERTEX_POINT ( 'NONE', #1663 ) ;
#1167 = CARTESIAN_POINT ( 'NONE',  ( -9.019937791273695993, 22.39020130092717409, 35.63512321048037990 ) ) ;
#1168 = PERSON_AND_ORGANIZATION ( #5429, #4123 ) ;
#1169 = EDGE_CURVE ( 'NONE', #2120, #2899, #3394, .T. ) ;
#1170 = AXIS2_PLACEMENT_3D ( 'NONE', #264, #2335, #3231 ) ;
#1171 = DIRECTION ( 'NONE',  ( 6.982939617164451206E-15, 6.938893903907227589E-15, 1.000000000000000000 ) ) ;
#1172 = VECTOR ( 'NONE', #3310, 1000.000000000000000 ) ;
#1173 = LINE ( 'NONE', #4606, #4414 ) ;
#1174 = EDGE_LOOP ( 'NONE', ( #3473, #3744, #3912, #4846 ) ) ;
#1175 = ADVANCED_FACE ( 'NONE', ( #5091 ), #1263, .F. ) ;
#1176 = CARTESIAN_POINT ( 'NONE',  ( -36.81844552293500072, 29.53669087793180381, 53.31948590048222769 ) ) ;
#1177 = ADVANCED_FACE ( 'NONE', ( #2979 ), #428, .T. ) ;
#1178 = CYLINDRICAL_SURFACE ( 'NONE', #1978, 3.500000000000000000 ) ;
#1179 = EDGE_LOOP ( 'NONE', ( #3172, #5256, #3503, #1571, #1953 ) ) ;
#1180 = CARTESIAN_POINT ( 'NONE',  ( -7.521489072849717239, 22.38890729257689571, -7.564297364778464150 ) ) ;
#1181 = CARTESIAN_POINT ( 'NONE',  ( -20.78864092280267784, 22.59122353085493629, 38.49380470876580063 ) ) ;
#1182 = EDGE_LOOP ( 'NONE', ( #2045, #222, #2198, #4056 ) ) ;
#1183 = CARTESIAN_POINT ( 'NONE',  ( -20.12380473774485168, 22.38890729257721190, 37.48959683940197607 ) ) ;
#1184 = AXIS2_PLACEMENT_3D ( 'NONE', #4046, #5325, #690 ) ;
#1185 = ORIENTED_EDGE ( 'NONE', *, *, #4019, .T. ) ;
#1186 = CARTESIAN_POINT ( 'NONE',  ( -26.87932122186644079, 20.79361257339305524, -0.6757700289553459916 ) ) ;
#1187 = LINE ( 'NONE', #2422, #5007 ) ;
#1188 = VECTOR ( 'NONE', #2557, 999.9999999999998863 ) ;
#1189 = ORIENTED_EDGE ( 'NONE', *, *, #1042, .T. ) ;
#1190 = CARTESIAN_POINT ( 'NONE',  ( -29.83646023030467376, 35.38890729257730072, 50.47859585403525529 ) ) ;
#1191 = ORIENTED_EDGE ( 'NONE', *, *, #526, .T. ) ;
#1192 = VECTOR ( 'NONE', #2151, 1000.000000000000000 ) ;
#1193 = CARTESIAN_POINT ( 'NONE',  ( -36.65036196642353161, 29.57637701656613771, 53.15938848338191036 ) ) ;
#1194 = LINE ( 'NONE', #272, #2193 ) ;
#1195 = ORIENTED_EDGE ( 'NONE', *, *, #4859, .T. ) ;
#1196 = CARTESIAN_POINT ( 'NONE',  ( 0.02140414596451568896, 68.33417298250397209, 64.97859585403480764 ) ) ;
#1197 = ORIENTED_EDGE ( 'NONE', *, *, #321, .F. ) ;
#1198 = CARTESIAN_POINT ( 'NONE',  ( -9.336997207066763949, 23.40769737291237007, 37.09386189148619906 ) ) ;
#1199 = COORDINATED_UNIVERSAL_TIME_OFFSET ( 8, 0, .AHEAD. ) ;
#1200 = DIRECTION ( 'NONE',  ( -0.7071067811865386910, 4.937700262164559875E-15, 0.7071067811865564545 ) ) ;
#1201 = CARTESIAN_POINT ( 'NONE',  ( -31.22859585403590899, 28.38890729257697743, 4.128595854035312485 ) ) ;
#1202 = EDGE_CURVE ( 'NONE', #305, #4817, #3900, .T. ) ;
#1203 = ORIENTED_EDGE ( 'NONE', *, *, #4343, .F. ) ;
#1204 = VECTOR ( 'NONE', #1327, 1000.000000000000114 ) ;
#1205 = CARTESIAN_POINT ( 'NONE',  ( -10.05359585403552636, 34.58890729257736041, 59.17659766260358367 ) ) ;
#1206 = LINE ( 'NONE', #3302, #4374 ) ;
#1207 = EDGE_CURVE ( 'NONE', #4154, #4069, #5204, .T. ) ;
#1208 = B_SPLINE_CURVE_WITH_KNOTS ( 'NONE', 3,
 ( #2397, #4042, #2367, #1465, #3149, #2752, #3176, #686 ),
 .UNSPECIFIED., .F., .F.,
 ( 4, 2, 2, 4 ),
 ( 0.0006062781705148497695, 0.0009078172319425213948, 0.001209356293370193128, 0.001812434416225534861 ),
 .UNSPECIFIED. ) ;
#1209 = CARTESIAN_POINT ( 'NONE',  ( -41.03892925624697341, 23.06953530345200321, 24.36601453253981830 ) ) ;
#1210 = ADVANCED_FACE ( 'NONE', ( #3592 ), #1383, .T. ) ;
#1211 = FACE_OUTER_BOUND ( 'NONE', #762, .T. ) ;
#1212 = CARTESIAN_POINT ( 'NONE',  ( -16.68360699003163816, 22.38890729257719414, 35.89522627289715473 ) ) ;
#1213 = VECTOR ( 'NONE', #46, 1000.000000000000000 ) ;
#1214 = CARTESIAN_POINT ( 'NONE',  ( -26.68737972764007083, 20.69481421297892609, 3.243377076887382415 ) ) ;
#1215 = DIRECTION ( 'NONE',  ( 0.7071067811865474617, -0.7071067811865474617, 0.000000000000000000 ) ) ;
#1216 = ADVANCED_FACE ( 'NONE', ( #123 ), #569, .T. ) ;
#1217 = ORIENTED_EDGE ( 'NONE', *, *, #142, .T. ) ;
#1218 = CARTESIAN_POINT ( 'NONE',  ( -49.39566310967811802, 24.05652639462422115, 32.89566310967786222 ) ) ;
#1219 = EDGE_LOOP ( 'NONE', ( #549, #1545, #5320 ) ) ;
#1220 = VECTOR ( 'NONE', #3308, 1000.000000000000000 ) ;
#1221 = CARTESIAN_POINT ( 'NONE',  ( -5.582592236898711313, 34.58890729257724672, 42.97859585403509186 ) ) ;
#1222 = CARTESIAN_POINT ( 'NONE',  ( -25.62646634790231559, 20.86675837498779984, 15.12994396448037371 ) ) ;
#1223 = DIRECTION ( 'NONE',  ( -0.2046286570172842489, 0.7071067811865529018, 0.6768508792395079299 ) ) ;
#1224 = CARTESIAN_POINT ( 'NONE',  ( -10.22859585403566562, 24.00020291154870122, 39.10534196676731256 ) ) ;
#1225 = CARTESIAN_POINT ( 'NONE',  ( -36.23742630532012754, 22.38890729257706624, 17.44003738349587707 ) ) ;
#1226 = ORIENTED_EDGE ( 'NONE', *, *, #4761, .F. ) ;
#1227 = CARTESIAN_POINT ( 'NONE',  ( -11.22859343839475166, 23.08670018885572262, 39.47212224899877242 ) ) ;
#1228 = PERSON_AND_ORGANIZATION ( #5429, #4123 ) ;
#1229 = FACE_OUTER_BOUND ( 'NONE', #442, .T. ) ;
#1230 = CARTESIAN_POINT ( 'NONE',  ( -39.51975026818762160, 22.76173733792776588, 22.32980988773632092 ) ) ;
#1231 = VERTEX_POINT ( 'NONE', #68 ) ;
#1232 = DIRECTION ( 'NONE',  ( -0.5000000000000057732, -6.047423072554914778E-15, -0.8660254037844352659 ) ) ;
#1233 = CARTESIAN_POINT ( 'NONE',  ( -25.58964424323761833, 23.26856780434276928, 42.11364039166595319 ) ) ;
#1234 = CARTESIAN_POINT ( 'NONE',  ( -23.17535362615929984, 22.88484447375730824, 40.12172963679594773 ) ) ;
#1235 = CARTESIAN_POINT ( 'NONE',  ( -18.53894650599259109, 22.38890729257720125, 36.73991888289742036 ) ) ;
#1236 = ADVANCED_FACE ( 'NONE', ( #539 ), #5219, .T. ) ;
#1237 = CARTESIAN_POINT ( 'NONE',  ( -25.48978116133388738, 20.83482557600467899, -5.079472654240574592 ) ) ;
#1238 = CARTESIAN_POINT ( 'NONE',  ( -9.228595854035908985, 29.31711052285245955, -0.02140414596484181697 ) ) ;
#1239 = EDGE_CURVE ( 'NONE', #2189, #2009, #2961, .T. ) ;
#1240 =( BOUNDED_SURFACE ( )  B_SPLINE_SURFACE ( 3, 2, ( 
 ( #3833, #1362, #2656 ),
 ( #501, #3493, #5189 ),
 ( #3075, #4771, #948 ),
 ( #1703, #4354, #2104 ),
 ( #5508, #635, #4434 ),
 ( #2348, #137, #2295 ),
 ( #3128, #4854, #1871 ),
 ( #5328, #1392, #3106 ) ),
 .UNSPECIFIED., .F., .F., .F. ) 
 B_SPLINE_SURFACE_WITH_KNOTS ( ( 4, 2, 2, 4 ),
 ( 3, 3 ),
 ( 4.406877377911718819E-17, 0.2617993877991502405, 0.5235987755983004810, 1.047197551196600962 ),
 ( 0.000000000000000000, 1.000000000000000000 ),
 .UNSPECIFIED. ) 
 GEOMETRIC_REPRESENTATION_ITEM ( )  RATIONAL_B_SPLINE_SURFACE ( (
 ( 1.000000000000000000, 0.9238795325112882928, 1.000000000000000000),
 ( 1.000000000000000000, 0.9238813156583485231, 1.000000000000000000),
 ( 1.000000000000000000, 0.9216890640686230540, 1.000000000000000000),
 ( 1.000000000000000000, 0.9129840413603638183, 1.000000000000000000),
 ( 1.000000000000000000, 0.9064693560639948133, 1.000000000000000000),
 ( 1.000000000000000000, 0.8806974846571447024, 1.000000000000000000),
 ( 1.000000000000000000, 0.8551780668707263944, 1.000000000000000000),
 ( 1.000000000000000000, 0.8226643880080360960, 1.000000000000000000) ) ) 
 REPRESENTATION_ITEM ( '' )  SURFACE ( )  );
#1241 = ORIENTED_EDGE ( 'NONE', *, *, #4407, .T. ) ;
#1242 = CARTESIAN_POINT ( 'NONE',  ( -26.95175508176094681, 20.83089657300410380, 15.68229737211757424 ) ) ;
#1243 = VERTEX_POINT ( 'NONE', #2694 ) ;
#1244 = PLANE ( 'NONE',  #4419 ) ;
#1245 = CARTESIAN_POINT ( 'NONE',  ( -36.14814058391937124, 29.68832919215406108, 52.72112609267739458 ) ) ;
#1246 = CARTESIAN_POINT ( 'NONE',  ( -66.10727551047583006, 36.38890729257730783, 51.02148907284904311 ) ) ;
#1247 = CARTESIAN_POINT ( 'NONE',  ( -10.19042076180628342, 23.82460203484133388, 38.73539457794503704 ) ) ;
#1248 = CARTESIAN_POINT ( 'NONE',  ( -29.83646023030460270, 36.38890729257737178, 60.47859585403524818 ) ) ;
#1249 = ORIENTED_EDGE ( 'NONE', *, *, #1861, .T. ) ;
#1250 = DIRECTION ( 'NONE',  ( -6.982962677686266711E-15, -6.982962677686266711E-15, -1.000000000000000000 ) ) ;
#1251 = PERSON_AND_ORGANIZATION ( #5429, #4123 ) ;
#1252 = CARTESIAN_POINT ( 'NONE',  ( -10.22859585403551463, 35.38890729257737178, 60.47859585403510607 ) ) ;
#1253 = CARTESIAN_POINT ( 'NONE',  ( -26.27884838572997594, 27.38890729257721901, 36.17834332234130557 ) ) ;
#1254 = AXIS2_PLACEMENT_3D ( 'NONE', #2743, #1568, #3278 ) ;
#1255 = ORIENTED_EDGE ( 'NONE', *, *, #378, .T. ) ;
#1256 = DIRECTION ( 'NONE',  ( -0.4999999999999937828, 6.047423072554916356E-15, 0.8660254037844422603 ) ) ;
#1257 = CIRCLE ( 'NONE', #5089, 5.999999999999998224 ) ;
#1258 = CARTESIAN_POINT ( 'NONE',  ( -25.05482213461776553, 23.18014910005019757, 41.62740398286536703 ) ) ;
#1259 = AXIS2_PLACEMENT_3D ( 'NONE', #2288, #1922, #3933 ) ;
#1260 = CARTESIAN_POINT ( 'NONE',  ( -22.49565793004233782, 22.78750087520137413, 39.63944701551105254 ) ) ;
#1261 = CARTESIAN_POINT ( 'NONE',  ( -21.58312049805466515, 22.38890729257720835, 38.22480226368773515 ) ) ;
#1262 = FACE_OUTER_BOUND ( 'NONE', #3574, .T. ) ;
#1263 = PLANE ( 'NONE',  #369 ) ;
#1264 = VERTEX_POINT ( 'NONE', #4784 ) ;
#1265 = EDGE_CURVE ( 'NONE', #2269, #4505, #4338, .T. ) ;
#1266 = FACE_OUTER_BOUND ( 'NONE', #876, .T. ) ;
#1267 = CIRCLE ( 'NONE', #2701, 2.999999999999995559 ) ;
#1268 = ORIENTED_EDGE ( 'NONE', *, *, #3813, .F. ) ;
#1269 = DIRECTION ( 'NONE',  ( 4.876176775795935793E-29, -1.000000000000000000, 6.982962677686266711E-15 ) ) ;
#1270 = CARTESIAN_POINT ( 'NONE',  ( -34.59101424325281471, 29.95413954727783334, 51.68110749390071135 ) ) ;
#1271 = AXIS2_PLACEMENT_3D ( 'NONE', #1298, #2981, #1602 ) ;
#1272 = CARTESIAN_POINT ( 'NONE',  ( -53.14280941640864597, 29.38890729257741441, 66.81438229166224119 ) ) ;
#1273 = ORIENTED_EDGE ( 'NONE', *, *, #3424, .T. ) ;
#1274 = PLANE ( 'NONE',  #2889 ) ;
#1275 = EDGE_CURVE ( 'NONE', #3064, #3753, #148, .T. ) ;
#1276 = EDGE_CURVE ( 'NONE', #4992, #2096, #3361, .T. ) ;
#1277 = CIRCLE ( 'NONE', #1632, 3.000000000000002665 ) ;
#1278 = CARTESIAN_POINT ( 'NONE',  ( -36.69597327359161909, 22.38890729257707690, 18.44344381853878900 ) ) ;
#1279 = ORIENTED_EDGE ( 'NONE', *, *, #2901, .T. ) ;
#1280 = CARTESIAN_POINT ( 'NONE',  ( -27.36714899465851047, 21.69587741293149463, 17.46765405804642768 ) ) ;
#1281 = DIRECTION ( 'NONE',  ( -4.876176775795935793E-29, 1.000000000000000000, -6.982962677686266711E-15 ) ) ;
#1282 = CONICAL_SURFACE ( 'NONE', #5203, 9.000000000000015987, 0.7853981633974473908 ) ;
#1283 = CARTESIAN_POINT ( 'NONE',  ( -31.65135778470513372, 29.99993045266530700, 50.64466750026786457 ) ) ;
#1284 = EDGE_CURVE ( 'NONE', #4299, #627, #3564, .T. ) ;
#1285 = B_SPLINE_CURVE_WITH_KNOTS ( 'NONE', 3,
 ( #1378, #3031, #2640, #5174 ),
 .UNSPECIFIED., .F., .F.,
 ( 4, 4 ),
 ( 0.000000000000000000, 1.000000000000000000 ),
 .UNSPECIFIED. ) ;
#1286 = ORIENTED_EDGE ( 'NONE', *, *, #3484, .T. ) ;
#1287 = DIRECTION ( 'NONE',  ( 6.982962677686266711E-15, 6.982962677686266711E-15, 1.000000000000000000 ) ) ;
#1288 = DIRECTION ( 'NONE',  ( 6.912157637850478988E-15, 6.982962677686266711E-15, 1.000000000000000000 ) ) ;
#1289 = EDGE_LOOP ( 'NONE', ( #3397, #96, #1716, #1711 ) ) ;
#1290 = LINE ( 'NONE', #3025, #97 ) ;
#1291 = CARTESIAN_POINT ( 'NONE',  ( -22.08754643696057229, 22.38890729257721546, 38.49488646243801782 ) ) ;
#1292 = AXIS2_PLACEMENT_3D ( 'NONE', #4598, #2902, #4941 ) ;
#1293 = AXIS2_PLACEMENT_3D ( 'NONE', #4193, #809, #1589 ) ;
#1294 = CARTESIAN_POINT ( 'NONE',  ( -16.47067680497805142, 22.38890729257719414, 35.79910392972396949 ) ) ;
#1295 = CARTESIAN_POINT ( 'NONE',  ( -5.903595854035546431, 36.38890729257734336, 56.78059404546659295 ) ) ;
#1296 = B_SPLINE_CURVE_WITH_KNOTS ( 'NONE', 3,
 ( #5074, #1224, #1608, #1247, #2125, #4600, #5021, #1697, #5046, #2959, #4680, #5500, #2933, #2097, #2538, #776, #5415, #3800, #1583, #4238, #1163, #4651, #801, #354, #3403, #4268, #411, #3828, #750, #4626, #2876, #4571, #331, #5528, #2508, #2563, #1671, #5100, #2070 ),
 .UNSPECIFIED., .F., .F.,
 ( 4, 2, 2, 2, 2, 1, 2, 2, 2, 1, 2, 2, 2, 1, 2, 2, 2, 1, 1, 2, 2, 4 ),
 ( 0.000000000000000000, 0.1250000000000130729, 0.2500000000000261458, 0.3125000000000319744, 0.3750000000000377476, 0.4375000000000435763, 0.4687500000000442979, 0.5000000000000449640, 0.5625000000000530687, 0.5937500000000566214, 0.6093750000000562883, 0.6250000000000559552, 0.6875000000000380806, 0.7187500000000316414, 0.7343750000000308642, 0.7500000000000299760, 0.8125000000000226485, 0.8437500000000189848, 0.8593750000000150990, 0.8671875000000131006, 0.8750000000000111022, 1.000000000000000000 ),
 .UNSPECIFIED. ) ;
#1297 = EDGE_LOOP ( 'NONE', ( #4342, #2003, #3072, #1844 ) ) ;
#1298 = CARTESIAN_POINT ( 'NONE',  ( -3.228595854035750889, 28.38890729257713730, 27.78934018064385825 ) ) ;
#1299 = ORIENTED_EDGE ( 'NONE', *, *, #2716, .F. ) ;
#1300 = DIRECTION ( 'NONE',  ( -4.876176775795935793E-29, 1.000000000000000000, -6.982962677686266711E-15 ) ) ;
#1301 = CARTESIAN_POINT ( 'NONE',  ( -10.22859585403568694, 32.38890729257720125, 35.79910392972385580 ) ) ;
#1302 = LINE ( 'NONE', #2095, #2017 ) ;
#1303 = ORIENTED_EDGE ( 'NONE', *, *, #3117, .F. ) ;
#1304 = CYLINDRICAL_SURFACE ( 'NONE', #2087, 4.999999999999997335 ) ;
#1305 = CARTESIAN_POINT ( 'NONE',  ( 0.02140414596405772196, 1.388907292576878616, -0.02140414596470997799 ) ) ;
#1306 = EDGE_LOOP ( 'NONE', ( #723, #1859, #4880, #5404, #1241, #5443, #2394, #1643, #4738, #4485 ) ) ;
#1307 = CARTESIAN_POINT ( 'NONE',  ( -26.20829003792306366, 21.14389195634124974, 16.09486896139774359 ) ) ;
#1308 = CARTESIAN_POINT ( 'NONE',  ( -23.01189971933420964, 23.49429685826148884, 40.39318674395686770 ) ) ;
#1309 = VECTOR ( 'NONE', #511, 1000.000000000000114 ) ;
#1310 = CARTESIAN_POINT ( 'NONE',  ( -48.47859585403594451, 30.47181106123171190, -0.02140414596458507790 ) ) ;
#1311 = DIRECTION ( 'NONE',  ( 4.876176775795935793E-29, -1.000000000000000000, 6.982962677686266711E-15 ) ) ;
#1312 = EDGE_CURVE ( 'NONE', #2611, #2697, #4841, .T. ) ;
#1313 = EDGE_CURVE ( 'NONE', #3685, #168, #173, .T. ) ;
#1314 = ORIENTED_EDGE ( 'NONE', *, *, #534, .F. ) ;
#1315 = LINE ( 'NONE', #2219, #3404 ) ;
#1316 = DIRECTION ( 'NONE',  ( 6.938893903907222067E-15, 6.938893903907222067E-15, 1.000000000000000000 ) ) ;
#1317 = EDGE_LOOP ( 'NONE', ( #4679, #2023, #4743, #1394 ) ) ;
#1318 = DIRECTION ( 'NONE',  ( 1.000000000000000000, 0.000000000000000000, -6.982962677686266711E-15 ) ) ;
#1319 = CARTESIAN_POINT ( 'NONE',  ( -36.90752804217008531, 36.38890729257732914, 53.40752804216979399 ) ) ;
#1320 = CARTESIAN_POINT ( 'NONE',  ( -14.62227971789524972, 29.31711052285281482, 51.01449423889742718 ) ) ;
#1321 = CARTESIAN_POINT ( 'NONE',  ( 0.02140414596434915551, 36.38890729257724388, 41.47859585403503502 ) ) ;
#1322 = ORIENTED_EDGE ( 'NONE', *, *, #3053, .T. ) ;
#1323 = FACE_OUTER_BOUND ( 'NONE', #343, .T. ) ;
#1324 = ORIENTED_EDGE ( 'NONE', *, *, #213, .T. ) ;
#1325 = FACE_OUTER_BOUND ( 'NONE', #2649, .T. ) ;
#1326 = CARTESIAN_POINT ( 'NONE',  ( -29.83646023030468086, 36.38890729257730072, 49.47859585403524818 ) ) ;
#1327 = DIRECTION ( 'NONE',  ( -0.6546536707079768647, 0.3779644730092286964, 0.6546536707079765316 ) ) ;
#1328 = CARTESIAN_POINT ( 'NONE',  ( -20.22859585403551108, 29.31711052285288233, 60.47859585403521976 ) ) ;
#1329 = ORIENTED_EDGE ( 'NONE', *, *, #1505, .F. ) ;
#1330 = FACE_OUTER_BOUND ( 'NONE', #2419, .T. ) ;
#1331 = ORIENTED_EDGE ( 'NONE', *, *, #4183, .T. ) ;
#1332 = CARTESIAN_POINT ( 'NONE',  ( -25.84711998937787314, 20.26230593853347628, 13.44943745095525856 ) ) ;
#1333 = LINE ( 'NONE', #4272, #3553 ) ;
#1334 = CARTESIAN_POINT ( 'NONE',  ( -60.15817449424140051, 18.38890729257725098, 43.65817449424147156 ) ) ;
#1335 = ORIENTED_EDGE ( 'NONE', *, *, #5197, .T. ) ;
#1336 = EDGE_CURVE ( 'NONE', #3355, #4794, #2727, .T. ) ;
#1337 = DIRECTION ( 'NONE',  ( 4.876176775795935793E-29, -1.000000000000000000, 6.982962677686266711E-15 ) ) ;
#1338 = DIRECTION ( 'NONE',  ( 0.7071067811865424657, -4.857225732735059075E-15, -0.7071067811865524577 ) ) ;
#1339 = ORIENTED_EDGE ( 'NONE', *, *, #623, .T. ) ;
#1340 = EDGE_CURVE ( 'NONE', #2840, #772, #5454, .T. ) ;
#1341 = VECTOR ( 'NONE', #1659, 1000.000000000000114 ) ;
#1342 = ADVANCED_FACE ( 'NONE', ( #4447 ), #3622, .F. ) ;
#1343 = AXIS2_PLACEMENT_3D ( 'NONE', #208, #3625, #5318 ) ;
#1344 = CARTESIAN_POINT ( 'NONE',  ( -20.04060501598253907, 22.52686359149339523, 38.01297032407170917 ) ) ;
#1345 = DIRECTION ( 'NONE',  ( 0.7071067811865386910, -4.937700262164559875E-15, -0.7071067811865564545 ) ) ;
#1346 = VECTOR ( 'NONE', #2364, 1000.000000000000000 ) ;
#1347 = DIRECTION ( 'NONE',  ( -0.7071067811865420216, 4.937700262164535420E-15, 0.7071067811865531239 ) ) ;
#1348 = AXIS2_PLACEMENT_3D ( 'NONE', #1434, #1835, #2699 ) ;
#1349 = CARTESIAN_POINT ( 'NONE',  ( -41.59811518429019372, 22.38890729257714085, 26.51238836027070533 ) ) ;
#1350 = ORIENTED_EDGE ( 'NONE', *, *, #3678, .F. ) ;
#1351 = ADVANCED_FACE ( 'NONE', ( #2771 ), #4895, .T. ) ;
#1352 = DIRECTION ( 'NONE',  ( -1.000000000000000000, 0.000000000000000000, 6.982962677686266711E-15 ) ) ;
#1353 = ORIENTED_EDGE ( 'NONE', *, *, #4652, .T. ) ;
#1354 = ORIENTED_EDGE ( 'NONE', *, *, #3688, .F. ) ;
#1355 = CARTESIAN_POINT ( 'NONE',  ( -32.13775884120794757, 30.04741591655346866, 50.74349815571806488 ) ) ;
#1356 = CARTESIAN_POINT ( 'NONE',  ( -29.83646023030468086, 29.02843538825798930, 49.97859585403528371 ) ) ;
#1357 = LINE ( 'NONE', #940, #3063 ) ;
#1358 = ORIENTED_EDGE ( 'NONE', *, *, #3193, .T. ) ;
#1359 = DIRECTION ( 'NONE',  ( 4.876176775795935793E-29, -1.000000000000000000, 6.982962677686266711E-15 ) ) ;
#1360 = ORIENTED_EDGE ( 'NONE', *, *, #1960, .T. ) ;
#1361 = CARTESIAN_POINT ( 'NONE',  ( -26.15634707766407985, 20.42147490531402454, 14.22189590395281833 ) ) ;
#1362 = CARTESIAN_POINT ( 'NONE',  ( -50.47859585403570293, 30.47181106123194638, 33.97859585403542582 ) ) ;
#1363 = CARTESIAN_POINT ( 'NONE',  ( -6.228595854035750001, 25.38890729257714085, 27.72859585403515936 ) ) ;
#1364 = VECTOR ( 'NONE', #1409, 1000.000000000000000 ) ;
#1365 = ORIENTED_EDGE ( 'NONE', *, *, #566, .T. ) ;
#1366 = CARTESIAN_POINT ( 'NONE',  ( -10.22869619897054072, 22.42536946788328223, 36.66366558022549071 ) ) ;
#1367 = DIRECTION ( 'NONE',  ( -0.7071067811865524577, -4.937700262164531476E-15, -0.7071067811865426878 ) ) ;
#1368 = AXIS2_PLACEMENT_3D ( 'NONE', #3525, #2267, #5160 ) ;
#1369 = EDGE_CURVE ( 'NONE', #2730, #1691, #2955, .T. ) ;
#1370 = ORIENTED_EDGE ( 'NONE', *, *, #4150, .T. ) ;
#1371 = EDGE_CURVE ( 'NONE', #2792, #1976, #4702, .T. ) ;
#1372 = ADVANCED_FACE ( 'NONE', ( #4622 ), #1244, .F. ) ;
#1373 = DIRECTION ( 'NONE',  ( 6.938893903907222067E-15, 6.938893903907222067E-15, 1.000000000000000000 ) ) ;
#1374 = CARTESIAN_POINT ( 'NONE',  ( -37.69836670308887960, 22.49056300479531600, 19.54425772558770547 ) ) ;
#1375 = EDGE_CURVE ( 'NONE', #1696, #3804, #823, .T. ) ;
#1376 = CYLINDRICAL_SURFACE ( 'NONE', #4782, 1.099999999999996758 ) ;
#1377 = CARTESIAN_POINT ( 'NONE',  ( -35.79910392972465871, 32.38890729257695256, -0.02140414596468222241 ) ) ;
#1378 = CARTESIAN_POINT ( 'NONE',  ( -8.772682996941233213, 23.38890729257727230, 36.65647709800666831 ) ) ;
#1379 = EDGE_LOOP ( 'NONE', ( #3526, #1739, #2756, #3656, #3470, #254, #4701 ) ) ;
#1380 = VECTOR ( 'NONE', #4142, 1000.000000000000114 ) ;
#1381 = ORIENTED_EDGE ( 'NONE', *, *, #1375, .F. ) ;
#1382 = CARTESIAN_POINT ( 'NONE',  ( -32.44884018053026153, 30.06045301462126673, 50.82583961314021792 ) ) ;
#1383 = B_SPLINE_SURFACE_WITH_KNOTS ( 'NONE', 1, 3, ( 
 ( #2280, #1349, #1460, #3145, #5286, #2665 ),
 ( #4364, #3116, #3058, #5254, #4808, #2197 ) ),
 .UNSPECIFIED., .F., .F., .F.,
 ( 2, 2 ),
 ( 4, 2, 4 ),
 ( 0.000000000000000000, 1.000000000000000000 ),
 ( 1.570796326794896558, 1.833339105416402104, 2.095881884037907650 ),
 .UNSPECIFIED. ) ;
#1384 = EDGE_CURVE ( 'NONE', #2540, #3930, #4332, .T. ) ;
#1385 = FACE_OUTER_BOUND ( 'NONE', #4513, .T. ) ;
#1386 = CARTESIAN_POINT ( 'NONE',  ( -9.508574067388147810, 36.38890729257724388, 41.47859585403510607 ) ) ;
#1387 = ORIENTED_EDGE ( 'NONE', *, *, #3609, .F. ) ;
#1388 = CARTESIAN_POINT ( 'NONE',  ( -1.866562663318199311, 23.15255526870706504, 28.24224383016506223 ) ) ;
#1389 = VERTEX_POINT ( 'NONE', #3851 ) ;
#1390 = CIRCLE ( 'NONE', #5224, 1.099999999999996758 ) ;
#1391 = DIRECTION ( 'NONE',  ( 0.7071067811865564545, 4.937700262164502288E-15, 0.7071067811865385799 ) ) ;
#1392 = CARTESIAN_POINT ( 'NONE',  ( -48.69498422914447389, 28.28734187109198217, 32.19498422914418967 ) ) ;
#1393 = FACE_OUTER_BOUND ( 'NONE', #3436, .T. ) ;
#1394 = ORIENTED_EDGE ( 'NONE', *, *, #5307, .F. ) ;
#1395 = CARTESIAN_POINT ( 'NONE',  ( -10.34002826080197046, 22.43886676109526945, 36.80980986726680015 ) ) ;
#1396 = CARTESIAN_POINT ( 'NONE',  ( -17.55031268257788568, 29.15308720492804540, 50.21674226350836534 ) ) ;
#1397 = AXIS2_PLACEMENT_3D ( 'NONE', #2577, #928, #4336 ) ;
#1398 = PLANE ( 'NONE',  #3802 ) ;
#1399 = CONICAL_SURFACE ( 'NONE', #1137, 1.000000000000000888, 0.7853981633974496113 ) ;
#1400 = CARTESIAN_POINT ( 'NONE',  ( -18.26891882796476096, 22.42370711174865860, 36.90349867089170033 ) ) ;
#1401 = CARTESIAN_POINT ( 'NONE',  ( -7.502700026140873391, 36.38890729257712309, 24.86609987527656074 ) ) ;
#1402 = DIRECTION ( 'NONE',  ( -6.982962677686266711E-15, -6.982962677686266711E-15, -1.000000000000000000 ) ) ;
#1403 = CARTESIAN_POINT ( 'NONE',  ( -18.50111795209165422, 29.10723870832390503, 50.11508720819447404 ) ) ;
#1404 = LINE ( 'NONE', #4365, #5108 ) ;
#1405 = VERTEX_POINT ( 'NONE', #3796 ) ;
#1406 = ORIENTED_EDGE ( 'NONE', *, *, #5516, .T. ) ;
#1407 = CARTESIAN_POINT ( 'NONE',  ( -43.65817449424140051, 29.38890729257736112, 60.15817449424116603 ) ) ;
#1408 = DIRECTION ( 'NONE',  ( -6.982962677686266711E-15, -6.982962677686266711E-15, -1.000000000000000000 ) ) ;
#1409 = DIRECTION ( 'NONE',  ( -6.982962677686266711E-15, -6.982962677686266711E-15, -1.000000000000000000 ) ) ;
#1410 = ORIENTED_EDGE ( 'NONE', *, *, #3020, .F. ) ;
#1411 = DIRECTION ( 'NONE',  ( 0.7071067811865474617, -0.7071067811865474617, 0.000000000000000000 ) ) ;
#1412 = EDGE_CURVE ( 'NONE', #677, #2622, #2984, .T. ) ;
#1413 = VERTEX_POINT ( 'NONE', #5043 ) ;
#1414 = CARTESIAN_POINT ( 'NONE',  ( -31.83284754014518825, 29.13390504888084109, 50.16127466489110986 ) ) ;
#1415 = CARTESIAN_POINT ( 'NONE',  ( -36.30001574109530793, 29.50966361357612300, 52.83426604480550282 ) ) ;
#1416 = CARTESIAN_POINT ( 'NONE',  ( -9.951694370330903539, 36.33095505114842183, 56.72176119641893166 ) ) ;
#1417 = ORIENTED_EDGE ( 'NONE', *, *, #1239, .T. ) ;
#1418 = DIRECTION ( 'NONE',  ( -0.7071067811865386910, 4.937700262164559875E-15, 0.7071067811865564545 ) ) ;
#1419 = LINE ( 'NONE', #2685, #3444 ) ;
#1420 = CARTESIAN_POINT ( 'NONE',  ( -38.65647133620387876, 22.38890729257710177, 22.38205894323289868 ) ) ;
#1421 = CARTESIAN_POINT ( 'NONE',  ( 8.271404145964293519, 29.38890729257699874, 8.228595854035283708 ) ) ;
#1422 = CARTESIAN_POINT ( 'NONE',  ( -10.22859585403565319, 24.59467865851732782, 40.29910392972385580 ) ) ;
#1423 = CYLINDRICAL_SURFACE ( 'NONE', #5140, 6.999999999999992006 ) ;
#1424 = CIRCLE ( 'NONE', #4551, 8.999999999999973355 ) ;
#1425 = DIRECTION ( 'NONE',  ( -4.876176775795936353E-29, 1.000000000000000000, -6.982962677686267499E-15 ) ) ;
#1426 = AXIS2_PLACEMENT_3D ( 'NONE', #5395, #5340, #4892 ) ;
#1427 = DIRECTION ( 'NONE',  ( -2.973811673103097763E-15, -6.938893903907228378E-15, -1.000000000000000000 ) ) ;
#1428 = ORIENTED_EDGE ( 'NONE', *, *, #4410, .F. ) ;
#1429 = CONICAL_SURFACE ( 'NONE', #453, 11.00000000000003020, 0.7853981633974482790 ) ;
#1430 = VECTOR ( 'NONE', #1215, 1000.000000000000114 ) ;
#1431 = AXIS2_PLACEMENT_3D ( 'NONE', #5193, #1367, #3445 ) ;
#1432 = ORIENTED_EDGE ( 'NONE', *, *, #2036, .F. ) ;
#1433 = DIRECTION ( 'NONE',  ( -6.938893903907228378E-15, -6.938893903907228378E-15, -1.000000000000000000 ) ) ;
#1434 = CARTESIAN_POINT ( 'NONE',  ( -8.228595854035491541, 30.31711052285293206, 62.97859585403513449 ) ) ;
#1435 = FACE_OUTER_BOUND ( 'NONE', #1317, .T. ) ;
#1436 = EDGE_CURVE ( 'NONE', #389, #3837, #3461, .T. ) ;
#1437 = VERTEX_POINT ( 'NONE', #2613 ) ;
#1438 = CARTESIAN_POINT ( 'NONE',  ( -31.22859585403585214, 23.38890729257722967, 31.22859585403555371 ) ) ;
#1439 = ORIENTED_EDGE ( 'NONE', *, *, #5336, .F. ) ;
#1440 = EDGE_CURVE ( 'NONE', #3804, #2317, #3824, .T. ) ;
#1441 = CARTESIAN_POINT ( 'NONE',  ( -9.176597662604104144, 34.58890729257726093, 45.05359585403509470 ) ) ;
#1442 = EDGE_CURVE ( 'NONE', #853, #4138, #2177, .T. ) ;
#1443 = CARTESIAN_POINT ( 'NONE',  ( -34.31913950431778204, 29.44551566585996838, 51.35815254830531984 ) ) ;
#1444 = CARTESIAN_POINT ( 'NONE',  ( -7.978595854035541279, 34.58890729257734620, 56.87859585403510465 ) ) ;
#1445 = ADVANCED_FACE ( 'NONE', ( #3768 ), #2928, .F. ) ;
#1446 = ORIENTED_EDGE ( 'NONE', *, *, #2745, .T. ) ;
#1447 = CARTESIAN_POINT ( 'NONE',  ( -36.17834332234172479, 27.38890729257715151, 26.27884838572974147 ) ) ;
#1448 = AXIS2_PLACEMENT_3D ( 'NONE', #522, #78, #550 ) ;
#1449 = CARTESIAN_POINT ( 'NONE',  ( -39.57111972028282310, 23.06767969547185260, 22.10662599754130042 ) ) ;
#1450 = DIRECTION ( 'NONE',  ( -4.876176775795935793E-29, 1.000000000000000000, -6.982962677686266711E-15 ) ) ;
#1451 = EDGE_CURVE ( 'NONE', #3543, #1437, #3428, .T. ) ;
#1452 = VECTOR ( 'NONE', #149, 1000.000000000000114 ) ;
#1453 = LINE ( 'NONE', #196, #1010 ) ;
#1454 = ORIENTED_EDGE ( 'NONE', *, *, #5065, .F. ) ;
#1456 = AXIS2_PLACEMENT_3D ( 'NONE', #3963, #2585, #75 ) ;
#1455 = CARTESIAN_POINT ( 'NONE',  ( -36.67729296528978722, 29.51334623158388482, 53.18218503569443101 ) ) ;
#1457 = CARTESIAN_POINT ( 'NONE',  ( -37.93099862860733396, 22.51698753082128945, 19.91172824023615107 ) ) ;
#1458 = ORIENTED_EDGE ( 'NONE', *, *, #3392, .T. ) ;
#1459 = DIRECTION ( 'NONE',  ( 4.876176775795935793E-29, -1.000000000000000000, 6.982962677686266711E-15 ) ) ;
#1460 = CARTESIAN_POINT ( 'NONE',  ( -41.13153656107785139, 22.38890729257713375, 25.99673384488047390 ) ) ;
#1461 = CARTESIAN_POINT ( 'NONE',  ( -24.42235096285287455, 22.38890729257723322, 39.89352292476517192 ) ) ;
#1462 = ORIENTED_EDGE ( 'NONE', *, *, #3226, .T. ) ;
#1463 = CARTESIAN_POINT ( 'NONE',  ( 0.02140414596450875007, 29.31711052285291075, 63.97859585403504923 ) ) ;
#1464 = ORIENTED_EDGE ( 'NONE', *, *, #2788, .F. ) ;
#1465 = CARTESIAN_POINT ( 'NONE',  ( -11.19075556049678610, 29.31711052285281127, 50.61137698162197296 ) ) ;
#1466 = FACE_OUTER_BOUND ( 'NONE', #283, .T. ) ;
#1467 = ORIENTED_EDGE ( 'NONE', *, *, #4586, .F. ) ;
#1468 = FACE_OUTER_BOUND ( 'NONE', #3566, .T. ) ;
#1469 = ORIENTED_EDGE ( 'NONE', *, *, #632, .F. ) ;
#1470 = LINE ( 'NONE', #2789, #3105 ) ;
#1471 = CARTESIAN_POINT ( 'NONE',  ( -32.99094514029393110, 29.32343974300859912, 50.63889848245957381 ) ) ;
#1472 = CARTESIAN_POINT ( 'NONE',  ( -35.79910392972454503, 22.38890729257706269, 16.47067680497772812 ) ) ;
#1473 = VERTEX_POINT ( 'NONE', #5120 ) ;
#1474 = CARTESIAN_POINT ( 'NONE',  ( -10.22859585403566740, 24.06793468469762587, 39.22859585403519134 ) ) ;
#1475 = AXIS2_PLACEMENT_3D ( 'NONE', #351, #1300, #4234 ) ;
#1476 = DIRECTION ( 'NONE',  ( -6.938893903907222067E-15, -6.938893903907222067E-15, -1.000000000000000000 ) ) ;
#1477 = ADVANCED_FACE ( 'NONE', ( #2093 ), #1692, .T. ) ;
#1478 = CARTESIAN_POINT ( 'NONE',  ( -41.47859585403617899, 36.38890729257670387, -35.52140414596468077 ) ) ;
#1479 = ADVANCED_FACE ( 'NONE', ( #1325 ), #3090, .F. ) ;
#1480 = CARTESIAN_POINT ( 'NONE',  ( -38.42561534406745949, 22.38890729257709822, 21.96026730772783253 ) ) ;
#1481 = ORIENTED_EDGE ( 'NONE', *, *, #3923, .F. ) ;
#1482 = CARTESIAN_POINT ( 'NONE',  ( -31.90054086556407142, 30.02912285007300852, 50.69065850852646093 ) ) ;
#1483 = CARTESIAN_POINT ( 'NONE',  ( -37.99648238130032496, 22.52485375744522855, 20.01470864088607016 ) ) ;
#1484 = ORIENTED_EDGE ( 'NONE', *, *, #19, .T. ) ;
#1485 = PLANE ( 'NONE',  #3099 ) ;
#1486 = CIRCLE ( 'NONE', #2650, 2.099999999999997868 ) ;
#1487 = DIRECTION ( 'NONE',  ( 0.7071067811865417996, -4.937700262164536209E-15, -0.7071067811865531239 ) ) ;
#1488 = DIRECTION ( 'NONE',  ( -0.4999999999999940048, 6.047423072554914778E-15, 0.8660254037844421493 ) ) ;
#1489 = VERTEX_POINT ( 'NONE', #3399 ) ;
#1490 = CARTESIAN_POINT ( 'NONE',  ( -42.79643309923149985, 23.38890729257713375, 26.29643309923107708 ) ) ;
#1491 = ORIENTED_EDGE ( 'NONE', *, *, #1336, .T. ) ;
#1492 = LINE ( 'NONE', #4901, #5054 ) ;
#1493 = B_SPLINE_CURVE_WITH_KNOTS ( 'NONE', 3,
 ( #2703, #1078, #716, #3180, #2344, #4985 ),
 .UNSPECIFIED., .F., .F.,
 ( 4, 2, 4 ),
 ( 0.000000000000000000, 0.5000000000000000000, 1.000000000000000000 ),
 .UNSPECIFIED. ) ;
#1494 = DIRECTION ( 'NONE',  ( 4.876176775795935793E-29, -1.000000000000000000, 6.982962677686266711E-15 ) ) ;
#1495 = ORIENTED_EDGE ( 'NONE', *, *, #5334, .T. ) ;
#1496 = LINE ( 'NONE', #1050, #5018 ) ;
#1497 = ORIENTED_EDGE ( 'NONE', *, *, #3186, .T. ) ;
#1498 = CARTESIAN_POINT ( 'NONE',  ( -15.99634202624551982, 30.27504927346810959, 51.41781567020316857 ) ) ;
#1499 = CARTESIAN_POINT ( 'NONE',  ( -35.73370225517376753, 29.50086105138575832, 52.35588195760223584 ) ) ;
#1500 = DIRECTION ( 'NONE',  ( 1.000000000000000000, 0.000000000000000000, -6.982962677686266711E-15 ) ) ;
#1501 = ORIENTED_EDGE ( 'NONE', *, *, #3086, .F. ) ;
#1502 = CARTESIAN_POINT ( 'NONE',  ( -10.05359585403552636, 35.64687123726398710, 59.17659766260357657 ) ) ;
#1503 = CARTESIAN_POINT ( 'NONE',  ( -40.03885635895105111, 23.28972411509589335, 21.55837972005642200 ) ) ;
#1504 = DIRECTION ( 'NONE',  ( 0.4999999999999940048, -6.047423072554913989E-15, -0.8660254037844420383 ) ) ;
#1505 = EDGE_CURVE ( 'NONE', #5056, #2854, #4868, .T. ) ;
#1506 = DIRECTION ( 'NONE',  ( -0.6546536707079697592, 0.3779644730092286409, 0.6546536707079836370 ) ) ;
#1507 = ORIENTED_EDGE ( 'NONE', *, *, #4653, .F. ) ;
#1508 = CARTESIAN_POINT ( 'NONE',  ( -1.228595854035762880, 27.38890729257714440, 25.94853039380629056 ) ) ;
#1509 = CARTESIAN_POINT ( 'NONE',  ( -39.11533848706004335, 22.69104624807449255, 21.72922977366818387 ) ) ;
#1510 = DIRECTION ( 'NONE',  ( 6.938893903907236266E-15, 6.938893903907236266E-15, 1.000000000000000000 ) ) ;
#1511 = EDGE_CURVE ( 'NONE', #5338, #310, #432, .T. ) ;
#1512 = EDGE_CURVE ( 'NONE', #2069, #3772, #1750, .T. ) ;
#1513 = DIRECTION ( 'NONE',  ( -0.5000000000000036637, -0.7071067811865542341, -0.4999999999999868439 ) ) ;
#1514 = ORIENTED_EDGE ( 'NONE', *, *, #977, .F. ) ;
#1515 = FACE_OUTER_BOUND ( 'NONE', #3267, .T. ) ;
#1516 = B_SPLINE_CURVE_WITH_KNOTS ( 'NONE', 3,
 ( #1157, #2008, #323, #5407, #2037, #1600, #5013, #4592, #2478, #4178, #346 ),
 .UNSPECIFIED., .F., .F.,
 ( 4, 1, 2, 2, 2, 4 ),
 ( 0.000000000000000000, 0.1250000000000050515, 0.1875000000000065781, 0.2500000000000081046, 0.5000000000000054401, 1.000000000000000000 ),
 .UNSPECIFIED. ) ;
#1517 = EDGE_LOOP ( 'NONE', ( #4456, #3463, #3024, #1996 ) ) ;
#1518 = DIRECTION ( 'NONE',  ( 4.876176775795935793E-29, -1.000000000000000000, 6.982962677686266711E-15 ) ) ;
#1519 = DIRECTION ( 'NONE',  ( 4.876176775795935793E-29, -1.000000000000000000, 6.982962677686266711E-15 ) ) ;
#1520 = EDGE_CURVE ( 'NONE', #3930, #2540, #2201, .T. ) ;
#1521 = VERTEX_POINT ( 'NONE', #392 ) ;
#1522 = AXIS2_PLACEMENT_3D ( 'NONE', #450, #5198, #1373 ) ;
#1523 = CARTESIAN_POINT ( 'NONE',  ( -5.903595854035546431, 34.58890729257734620, 56.78059404546660716 ) ) ;
#1524 = ORIENTED_EDGE ( 'NONE', *, *, #5065, .T. ) ;
#1525 = ORIENTED_EDGE ( 'NONE', *, *, #2089, .T. ) ;
#1526 = CARTESIAN_POINT ( 'NONE',  ( -16.80735413162372183, 30.18758088714091059, 51.08199774359527368 ) ) ;
#1527 = LINE ( 'NONE', #1246, #933 ) ;
#1528 = CARTESIAN_POINT ( 'NONE',  ( -10.22859585403549332, 35.38890729257739309, 62.97859585403510607 ) ) ;
#1529 = LOCAL_TIME ( 15, 28, 52.00000000000000000, #5052 ) ;
#1530 = VERTEX_POINT ( 'NONE', #4219 ) ;
#1531 = CARTESIAN_POINT ( 'NONE',  ( -10.04962837077658655, 23.62755177466267398, 38.20332511085904770 ) ) ;
#1532 = LINE ( 'NONE', #1004, #370 ) ;
#1533 = DIRECTION ( 'NONE',  ( -6.982962677686266711E-15, -6.982962677686266711E-15, -1.000000000000000000 ) ) ;
#1534 = LINE ( 'NONE', #4060, #5383 ) ;
#1535 = VERTEX_POINT ( 'NONE', #2103 ) ;
#1536 = CARTESIAN_POINT ( 'NONE',  ( -32.97481950293454389, 29.32261978348971354, 50.62902936259437325 ) ) ;
#1537 = EDGE_CURVE ( 'NONE', #63, #2160, #753, .T. ) ;
#1538 = CARTESIAN_POINT ( 'NONE',  ( -39.05931867610778596, 22.68135096850503984, 21.64581599146072577 ) ) ;
#1539 = EDGE_CURVE ( 'NONE', #1521, #3185, #2911, .T. ) ;
#1540 = VERTEX_POINT ( 'NONE', #4576 ) ;
#1541 = AXIS2_PLACEMENT_3D ( 'NONE', #1021, #911, #577 ) ;
#1542 = CARTESIAN_POINT ( 'NONE',  ( -42.05501085029359842, 23.25803417553535368, 25.52662961946872855 ) ) ;
#1543 = AXIS2_PLACEMENT_3D ( 'NONE', #3616, #1850, #1878 ) ;
#1544 = DIRECTION ( 'NONE',  ( -7.885106708985509741E-15, -6.308085367188407793E-15, -1.000000000000000000 ) ) ;
#1545 = ORIENTED_EDGE ( 'NONE', *, *, #4213, .T. ) ;
#1546 = ADVANCED_FACE ( 'NONE', ( #1617 ), #5501, .F. ) ;
#1547 = CARTESIAN_POINT ( 'NONE',  ( -25.61449087427906335, 20.14256437223481555, 8.116889153972911330 ) ) ;
#1548 = AXIS2_PLACEMENT_3D ( 'NONE', #5218, #1311, #2592 ) ;
#1549 = ORIENTED_EDGE ( 'NONE', *, *, #5033, .F. ) ;
#1550 = CARTESIAN_POINT ( 'NONE',  ( -24.86609987527735299, 20.50458253438528899, 7.502700026140456835 ) ) ;
#1551 = LINE ( 'NONE', #740, #3139 ) ;
#1552 = B_SPLINE_SURFACE_WITH_KNOTS ( 'NONE', 1, 3, ( 
 ( #1280, #55, #3490, #1307, #2990, #3013, #4271, #5187, #2212, #439, #4709, #4656, #2154, #3861, #4295, #2966, #833, #468 ),
 ( #2185, #4242, #1757, #4739, #5156, #3939, #1361, #1332, #4767, #913, #3040, #2653, #4352, #524, #107, #2541, #1547, #2417 ) ),
 .UNSPECIFIED., .F., .F., .F.,
 ( 2, 2 ),
 ( 4, 2, 2, 2, 2, 2, 2, 2, 4 ),
 ( 0.000000000000000000, 1.000000000000000000 ),
 ( -0.7853981633974473908, -0.6505248843687657656, -0.5156516053400841404, -0.3807783263114025152, -0.2459050472827209177, -0.1110317682540392925, 0.02384151077464231883, 0.1587147898033239302, 0.2935880688320055554 ),
 .UNSPECIFIED. ) ;
#1553 = ORIENTED_EDGE ( 'NONE', *, *, #5084, .F. ) ;
#1554 = CARTESIAN_POINT ( 'NONE',  ( -5.582592236898711313, 34.58890729257724672, 42.97859585403509186 ) ) ;
#1555 = ORIENTED_EDGE ( 'NONE', *, *, #2814, .F. ) ;
#1556 = ADVANCED_FACE ( 'NONE', ( #4658 ), #5053, .F. ) ;
#1557 = CARTESIAN_POINT ( 'NONE',  ( -15.72442317347946172, 30.29586710485491707, 51.55036133305227963 ) ) ;
#1558 = DIRECTION ( 'NONE',  ( 6.982962677686266711E-15, 6.982962677686266711E-15, 1.000000000000000000 ) ) ;
#1559 = LINE ( 'NONE', #221, #3703 ) ;
#1560 = ORIENTED_EDGE ( 'NONE', *, *, #1682, .T. ) ;
#1561 = CARTESIAN_POINT ( 'NONE',  ( -9.584026732816418814, 22.39117662019103250, 36.01672794703506497 ) ) ;
#1562 = AXIS2_PLACEMENT_3D ( 'NONE', #1377, #2308, #592 ) ;
#1563 = PERSON_AND_ORGANIZATION ( #5429, #4123 ) ;
#1564 = CIRCLE ( 'NONE', #1655, 26.00000000000000355 ) ;
#1565 = CARTESIAN_POINT ( 'NONE',  ( -38.37981183196625068, 22.57162514241631612, 20.61671505472954280 ) ) ;
#1566 = ORIENTED_EDGE ( 'NONE', *, *, #2374, .T. ) ;
#1567 = CARTESIAN_POINT ( 'NONE',  ( -9.176597662604104144, 34.58890729257726093, 45.05359585403509470 ) ) ;
#1568 = DIRECTION ( 'NONE',  ( -4.876176775795935793E-29, 1.000000000000000000, -6.982962677686266711E-15 ) ) ;
#1569 = LINE ( 'NONE', #733, #1820 ) ;
#1570 = LINE ( 'NONE', #2002, #4727 ) ;
#1571 = ORIENTED_EDGE ( 'NONE', *, *, #1412, .T. ) ;
#1572 = LINE ( 'NONE', #3283, #2076 ) ;
#1573 = CONICAL_SURFACE ( 'NONE', #2921, 6.999999999999992006, 0.7853981633974439491 ) ;
#1574 = ORIENTED_EDGE ( 'NONE', *, *, #1754, .T. ) ;
#1575 = CARTESIAN_POINT ( 'NONE',  ( -17.29253048523443681, 30.12695275020243102, 50.91933227622092772 ) ) ;
#1576 = CARTESIAN_POINT ( 'NONE',  ( -17.10416655988644052, 22.38890729257719414, 36.08507803716521778 ) ) ;
#1577 = EDGE_LOOP ( 'NONE', ( #821, #4986, #2764, #2587, #4655 ) ) ;
#1578 = CIRCLE ( 'NONE', #4696, 2.000000000000001776 ) ;
#1579 = CARTESIAN_POINT ( 'NONE',  ( -10.37459947117257641, 36.38890729257725098, 42.97859585403510607 ) ) ;
#1580 = ORIENTED_EDGE ( 'NONE', *, *, #5515, .F. ) ;
#1581 = CARTESIAN_POINT ( 'NONE',  ( -36.90752804217008531, 29.51522581427966685, 53.40752804216983662 ) ) ;
#1582 = CARTESIAN_POINT ( 'NONE',  ( -5.903595854035526003, 34.58890729257736041, 59.17659766260356236 ) ) ;
#1583 = CARTESIAN_POINT ( 'NONE',  ( -9.679707027648658979, 23.45923369933870006, 37.49875932433293713 ) ) ;
#1584 = ADVANCED_FACE ( 'NONE', ( #1677 ), #2051, .T. ) ;
#1585 = ORIENTED_EDGE ( 'NONE', *, *, #5194, .T. ) ;
#1586 = CARTESIAN_POINT ( 'NONE',  ( -10.42916753046917044, 22.45434708239809751, 36.94282251655652516 ) ) ;
#1587 = CALENDAR_DATE ( 2026, 5, 6 ) ;
#1588 = LINE ( 'NONE', #1649, #1840 ) ;
#1589 = DIRECTION ( 'NONE',  ( 6.938893903907226800E-15, 6.938893903907226800E-15, 1.000000000000000000 ) ) ;
#1590 = ORIENTED_EDGE ( 'NONE', *, *, #1539, .T. ) ;
#1591 = PLANE ( 'NONE',  #3225 ) ;
#1592 = CARTESIAN_POINT ( 'NONE',  ( -24.33741375309743304, 23.06505560595777382, 41.01582198863955853 ) ) ;
#1593 = DIRECTION ( 'NONE',  ( 6.938893903907215756E-15, 6.938893903907215756E-15, 1.000000000000000000 ) ) ;
#1594 = CARTESIAN_POINT ( 'NONE',  ( -21.80109718574549049, 22.69951201364497706, 39.16373740358039157 ) ) ;
#1595 = B_SPLINE_CURVE_WITH_KNOTS ( 'NONE', 1,
 ( #2693, #3144 ),
 .UNSPECIFIED., .F., .F.,
 ( 2, 2 ),
 ( 0.000000000000000000, 1.000000000000000000 ),
 .UNSPECIFIED. ) ;
#1596 = VERTEX_POINT ( 'NONE', #2543 ) ;
#1597 = CARTESIAN_POINT ( 'NONE',  ( -19.18590271503728673, 22.38890729257721190, 37.04145803702544981 ) ) ;
#1598 = ORIENTED_EDGE ( 'NONE', *, *, #3510, .T. ) ;
#1599 = DIRECTION ( 'NONE',  ( 1.000000000000000000, -0.000000000000000000, -6.982962677686266711E-15 ) ) ;
#1600 = CARTESIAN_POINT ( 'NONE',  ( -15.14714004134780900, 29.30768151176278380, 50.81981367777351011 ) ) ;
#1601 = VERTEX_POINT ( 'NONE', #4165 ) ;
#1602 = DIRECTION ( 'NONE',  ( 6.938893903907102160E-15, 6.938893903907102160E-15, 1.000000000000000000 ) ) ;
#1603 = ORIENTED_EDGE ( 'NONE', *, *, #1897, .F. ) ;
#1604 = CARTESIAN_POINT ( 'NONE',  ( -24.44993351765198497, 20.30635396904160928, 11.05740788248673390 ) ) ;
#1605 = EDGE_CURVE ( 'NONE', #4794, #3355, #1390, .T. ) ;
#1606 = DIRECTION ( 'NONE',  ( 6.938893903907215756E-15, 6.938893903907215756E-15, 1.000000000000000000 ) ) ;
#1607 = ORIENTED_EDGE ( 'NONE', *, *, #1957, .T. ) ;
#1608 = CARTESIAN_POINT ( 'NONE',  ( -10.22120243483574775, 23.93893487610013793, 38.98372826618532372 ) ) ;
#1609 = AXIS2_PLACEMENT_3D ( 'NONE', #3951, #3054, #1318 ) ;
#1610 = EDGE_CURVE ( 'NONE', #4734, #494, #1727, .T. ) ;
#1611 = VECTOR ( 'NONE', #3026, 1000.000000000000000 ) ;
#1612 = EDGE_LOOP ( 'NONE', ( #1779, #3542, #5020 ) ) ;
#1613 = CARTESIAN_POINT ( 'NONE',  ( -7.428553288669251131, 23.40657473456561988, 36.23362343301691624 ) ) ;
#1614 = PERSON_AND_ORGANIZATION ( #5429, #4123 ) ;
#1615 = EDGE_CURVE ( 'NONE', #5401, #5175, #2393, .T. ) ;
#1616 = CIRCLE ( 'NONE', #1888, 2.099999999999996092 ) ;
#1617 = FACE_OUTER_BOUND ( 'NONE', #4393, .T. ) ;
#1618 = AXIS2_PLACEMENT_3D ( 'NONE', #40, #403, #3762 ) ;
#1620 = EDGE_CURVE ( 'NONE', #1622, #384, #2823, .T. ) ;
#1619 = CC_DESIGN_APPROVAL ( #2692, ( #1085 ) ) ;
#1621 = CARTESIAN_POINT ( 'NONE',  ( -38.83715495224312519, 22.38890729257710532, 22.71645794479557878 ) ) ;
#1622 = VERTEX_POINT ( 'NONE', #1 ) ;
#1623 = CARTESIAN_POINT ( 'NONE',  ( -5.582592236898711313, 36.38890729257725098, 42.97859585403507765 ) ) ;
#1624 = CARTESIAN_POINT ( 'NONE',  ( -25.58669451516377791, 23.26807400939183168, 42.11088869303971194 ) ) ;
#1625 = ADVANCED_FACE ( 'NONE', ( #1701, #2968 ), #4192, .T. ) ;
#1626 = LINE ( 'NONE', #4093, #4943 ) ;
#1627 = DIRECTION ( 'NONE',  ( -6.912157637850478988E-15, -6.982962677686266711E-15, -1.000000000000000000 ) ) ;
#1628 = CC_DESIGN_PERSON_AND_ORGANIZATION_ASSIGNMENT ( #3274, #2463, ( #1085 ) ) ;
#1629 = CARTESIAN_POINT ( 'NONE',  ( -19.30404344513755177, 22.38890729257720480, 37.09711509044756639 ) ) ;
#1630 = CIRCLE ( 'NONE', #5284, 3.499999999999999556 ) ;
#1631 = DIRECTION ( 'NONE',  ( -4.876176775795935793E-29, 1.000000000000000000, -6.982962677686266711E-15 ) ) ;
#1632 = AXIS2_PLACEMENT_3D ( 'NONE', #3517, #4370, #2181 ) ;
#1633 = CARTESIAN_POINT ( 'NONE',  ( -26.76783762002232692, 22.72224062591058313, 42.32502857844001198 ) ) ;
#1634 = CIRCLE ( 'NONE', #4392, 7.999999999999972466 ) ;
#1635 = ORIENTED_EDGE ( 'NONE', *, *, #4011, .F. ) ;
#1636 = CARTESIAN_POINT ( 'NONE',  ( -20.22859585403551108, 22.38890729257736822, 60.47859585403527660 ) ) ;
#1637 = ORIENTED_EDGE ( 'NONE', *, *, #3441, .T. ) ;
#1638 = AXIS2_PLACEMENT_3D ( 'NONE', #4245, #4326, #2187 ) ;
#1639 = VECTOR ( 'NONE', #917, 1000.000000000000000 ) ;
#1640 = CARTESIAN_POINT ( 'NONE',  ( -7.978595854035637203, 34.58890729257724672, 42.97859585403510607 ) ) ;
#1641 = CARTESIAN_POINT ( 'NONE',  ( -36.53632308301160947, 29.60272846545130321, 53.05459582192063550 ) ) ;
#1642 = CYLINDRICAL_SURFACE ( 'NONE', #5396, 2.000000000000001776 ) ;
#1643 = ORIENTED_EDGE ( 'NONE', *, *, #1133, .T. ) ;
#1644 = CARTESIAN_POINT ( 'NONE',  ( -11.22859585403564076, 29.31711052285281482, 51.01449423889740586 ) ) ;
#1645 = CARTESIAN_POINT ( 'NONE',  ( -36.67162528239089880, 22.38890729257707690, 18.39060718725490418 ) ) ;
#1646 = ORIENTED_EDGE ( 'NONE', *, *, #3718, .T. ) ;
#1647 = CARTESIAN_POINT ( 'NONE',  ( -11.19810919857857279, 22.93437839979594983, 39.05751329998593491 ) ) ;
#1648 = APPROVAL_DATE_TIME ( #3296, #4907 ) ;
#1649 = CARTESIAN_POINT ( 'NONE',  ( 0.02140414596430752214, 22.38890729257719414, 35.22859585403507054 ) ) ;
#1650 = EDGE_CURVE ( 'NONE', #4759, #4625, #5476, .T. ) ;
#1651 = CARTESIAN_POINT ( 'NONE',  ( -36.53077130685660734, 22.40042882733190055, 17.66581510643288411 ) ) ;
#1652 = ORIENTED_EDGE ( 'NONE', *, *, #3226, .F. ) ;
#1653 = AXIS2_PLACEMENT_3D ( 'NONE', #155, #179, #3962 ) ;
#1654 = DIRECTION ( 'NONE',  ( -6.912157637850478988E-15, -6.982962677686266711E-15, -1.000000000000000000 ) ) ;
#1655 = AXIS2_PLACEMENT_3D ( 'NONE', #3112, #2762, #166 ) ;
#1656 = ADVANCED_FACE ( 'NONE', ( #1229 ), #2909, .F. ) ;
#1657 = CARTESIAN_POINT ( 'NONE',  ( -24.95629331123410211, 23.16411591079388188, 41.54087121116167935 ) ) ;
#1658 = EDGE_CURVE ( 'NONE', #4357, #2099, #1588, .T. ) ;
#1659 = DIRECTION ( 'NONE',  ( -0.3779644730092315830, -0.6546536707079817496, -0.6546536707079699813 ) ) ;
#1660 = CARTESIAN_POINT ( 'NONE',  ( -21.84853773780782049, 22.38890729257721190, 38.36592190785716383 ) ) ;
#1661 = AXIS2_PLACEMENT_3D ( 'NONE', #2464, #4996, #1171 ) ;
#1662 = CARTESIAN_POINT ( 'NONE',  ( -16.54595745323786460, 30.22160392377578120, 51.17305815312313655 ) ) ;
#1663 = CARTESIAN_POINT ( 'NONE',  ( -49.47859585403571003, 36.38890729257717993, 33.15016872928921288 ) ) ;
#1664 = ORIENTED_EDGE ( 'NONE', *, *, #4422, .T. ) ;
#1665 = CARTESIAN_POINT ( 'NONE',  ( -36.88545010352826381, 28.38890729257712309, 25.57174160454320244 ) ) ;
#1666 = ORIENTED_EDGE ( 'NONE', *, *, #864, .F. ) ;
#1667 = VECTOR ( 'NONE', #5285, 1000.000000000000000 ) ;
#1668 = DIRECTION ( 'NONE',  ( 0.7071067811865531239, 4.937700262164526743E-15, 0.7071067811865420216 ) ) ;
#1669 = CARTESIAN_POINT ( 'NONE',  ( -25.76650943087456369, 20.93346398386544394, 15.37701971433984660 ) ) ;
#1670 = CARTESIAN_POINT ( 'NONE',  ( -32.58519757183402277, 22.38890729257744994, 47.67098400946061787 ) ) ;
#1671 = CARTESIAN_POINT ( 'NONE',  ( -9.002389317716758654, 23.39056696904495070, 36.80617934237029232 ) ) ;
#1672 = VECTOR ( 'NONE', #1017, 1000.000000000000000 ) ;
#1673 = CARTESIAN_POINT ( 'NONE',  ( -36.59740315267305988, 22.38890729257708401, 18.22940255140061083 ) ) ;
#1674 = EDGE_LOOP ( 'NONE', ( #270, #2837, #4539, #1666 ) ) ;
#1675 = CARTESIAN_POINT ( 'NONE',  ( -9.074938361904321127, 23.39305272214132714, 36.86353254156940551 ) ) ;
#1676 = DIRECTION ( 'NONE',  ( 0.000000000000000000, 0.000000000000000000, 1.000000000000000000 ) ) ;
#1677 = FACE_OUTER_BOUND ( 'NONE', #290, .T. ) ;
#1678 = PLANE ( 'NONE',  #4862 ) ;
#1679 = ORIENTED_EDGE ( 'NONE', *, *, #5375, .F. ) ;
#1680 = CARTESIAN_POINT ( 'NONE',  ( -10.22859585403565319, 35.38890729257722967, 40.47859585403511318 ) ) ;
#1681 = DIRECTION ( 'NONE',  ( 4.876176775795935793E-29, -1.000000000000000000, 6.982962677686266711E-15 ) ) ;
#1682 = EDGE_CURVE ( 'NONE', #1622, #1696, #3780, .T. ) ;
#1683 = DIRECTION ( 'NONE',  ( -6.982962677686266711E-15, -6.982962677686266711E-15, -1.000000000000000000 ) ) ;
#1684 = CARTESIAN_POINT ( 'NONE',  ( -17.59661177026136869, 22.38890729257719414, 36.30845137623897756 ) ) ;
#1685 = EDGE_CURVE ( 'NONE', #5347, #2339, #308, .T. ) ;
#1686 = CARTESIAN_POINT ( 'NONE',  ( -49.47859585403571714, 28.73976025366305720, 31.15016872928922353 ) ) ;
#1687 = ADVANCED_FACE ( 'NONE', ( #470 ), #3041, .F. ) ;
#1688 = FACE_OUTER_BOUND ( 'NONE', #1148, .T. ) ;
#1689 = ORIENTED_EDGE ( 'NONE', *, *, #2930, .F. ) ;
#1690 = CARTESIAN_POINT ( 'NONE',  ( -10.22859585403565319, 24.59467865851733137, 40.29910392972386290 ) ) ;
#1691 = VERTEX_POINT ( 'NONE', #2589 ) ;
#1692 = PLANE ( 'NONE',  #1748 ) ;
#1693 = CARTESIAN_POINT ( 'NONE',  ( -26.21149136346227948, 21.14542254376537755, 16.08618363864717793 ) ) ;
#1694 = ADVANCED_FACE ( 'NONE', ( #2676 ), #1733, .F. ) ;
#1695 = CARTESIAN_POINT ( 'NONE',  ( -10.39658624618123284, 23.38890729257725454, 34.43821680652339978 ) ) ;
#1696 = VERTEX_POINT ( 'NONE', #4325 ) ;
#1697 = CARTESIAN_POINT ( 'NONE',  ( -10.06338998254917705, 23.64119556054541960, 38.24471506698126433 ) ) ;
#1698 = CARTESIAN_POINT ( 'NONE',  ( -10.22859585403566030, 28.38890729257722256, 39.22859585403517002 ) ) ;
#1699 = VERTEX_POINT ( 'NONE', #56 ) ;
#1700 = CARTESIAN_POINT ( 'NONE',  ( -8.276192122121070582, 22.40040265047376877, 35.31780252362717931 ) ) ;
#1701 = FACE_OUTER_BOUND ( 'NONE', #3748, .T. ) ;
#1702 = VECTOR ( 'NONE', #730, 1000.000000000000000 ) ;
#1703 = CARTESIAN_POINT ( 'NONE',  ( -50.83774070762260777, 29.09936316413789115, 34.33774070762235198 ) ) ;
#1704 = CIRCLE ( 'NONE', #1165, 10.00000000000000178 ) ;
#1705 = ORIENTED_EDGE ( 'NONE', *, *, #4150, .F. ) ;
#1706 = LINE ( 'NONE', #4300, #2071 ) ;
#1707 = CIRCLE ( 'NONE', #726, 1.099999999999996758 ) ;
#1708 = DIRECTION ( 'NONE',  ( 4.876176775795935793E-29, -1.000000000000000000, 6.982962677686266711E-15 ) ) ;
#1709 = VECTOR ( 'NONE', #4130, 1000.000000000000227 ) ;
#1710 = LOCAL_TIME ( 15, 28, 52.00000000000000000, #5420 ) ;
#1711 = ORIENTED_EDGE ( 'NONE', *, *, #1265, .T. ) ;
#1712 = CARTESIAN_POINT ( 'NONE',  ( -21.82944043455889016, 22.70287814414723826, 39.18285804640185432 ) ) ;
#1713 = CARTESIAN_POINT ( 'NONE',  ( -20.41756905946089162, 22.38890729257721546, 37.63314525437478153 ) ) ;
#1714 = CARTESIAN_POINT ( 'NONE',  ( -15.47492939528347655, 30.31700655611433248, 51.67172116885232924 ) ) ;
#1715 = DIRECTION ( 'NONE',  ( -0.7071067811865492381, -5.204170427930426805E-15, -0.7071067811865457964 ) ) ;
#1716 = ORIENTED_EDGE ( 'NONE', *, *, #3117, .T. ) ;
#1717 = CARTESIAN_POINT ( 'NONE',  ( 0.02140414596451568896, 35.38890729257740730, 64.97859585403504923 ) ) ;
#1718 = CONICAL_SURFACE ( 'NONE', #3693, 8.999999999999937828, 0.7853981633974457255 ) ;
#1719 = ORIENTED_EDGE ( 'NONE', *, *, #1436, .T. ) ;
#1720 = ADVANCED_FACE ( 'NONE', ( #5188 ), #4375, .T. ) ;
#1721 = CARTESIAN_POINT ( 'NONE',  ( -11.22859585403564608, 29.04916133042169690, 50.01449423889741297 ) ) ;
#1722 = CARTESIAN_POINT ( 'NONE',  ( -34.92810301297595288, 29.90848200384475675, 51.87099004516836942 ) ) ;
#1723 = CIRCLE ( 'NONE', #4051, 6.999999999999992006 ) ;
#1724 = CARTESIAN_POINT ( 'NONE',  ( -16.99892394835432441, 29.19033867441920194, 50.31376869192546764 ) ) ;
#1725 = VERTEX_POINT ( 'NONE', #3552 ) ;
#1726 = CARTESIAN_POINT ( 'NONE',  ( -31.17443461376004521, 29.06372809831502124, 50.03972462099086727 ) ) ;
#1727 = B_SPLINE_CURVE_WITH_KNOTS ( 'NONE', 1,
 ( #3725, #4630 ),
 .UNSPECIFIED., .F., .F.,
 ( 2, 2 ),
 ( 0.000000000000000000, 1.000000000000000000 ),
 .UNSPECIFIED. ) ;
#1728 = AXIS2_PLACEMENT_3D ( 'NONE', #245, #3242, #3270 ) ;
#1729 = DIRECTION ( 'NONE',  ( -4.876176775795935793E-29, 1.000000000000000000, -6.982962677686266711E-15 ) ) ;
#1730 = ORIENTED_EDGE ( 'NONE', *, *, #1927, .T. ) ;
#1731 = EDGE_CURVE ( 'NONE', #2321, #1696, #689, .T. ) ;
#1732 = CARTESIAN_POINT ( 'NONE',  ( -17.46765405804676163, 36.38890729257714440, 27.36714899465789230 ) ) ;
#1733 = CYLINDRICAL_SURFACE ( 'NONE', #3370, 2.099999999999997868 ) ;
#1734 = DIRECTION ( 'NONE',  ( 4.876176775795935793E-29, -1.000000000000000000, 6.982962677686266711E-15 ) ) ;
#1735 = DIRECTION ( 'NONE',  ( -6.982962677686266711E-15, -6.982962677686266711E-15, -1.000000000000000000 ) ) ;
#1736 = ORIENTED_EDGE ( 'NONE', *, *, #2234, .T. ) ;
#1737 = CARTESIAN_POINT ( 'NONE',  ( -50.47859585403594451, 35.38890729257695256, -0.02140414596459895569 ) ) ;
#1738 = CARTESIAN_POINT ( 'NONE',  ( -51.72859585403556082, 35.38890729257740730, 65.40016872928909208 ) ) ;
#1739 = ORIENTED_EDGE ( 'NONE', *, *, #2384, .T. ) ;
#1740 = ADVANCED_FACE ( 'NONE', ( #947 ), #1816, .F. ) ;
#1741 = LINE ( 'NONE', #3897, #2418 ) ;
#1742 = CARTESIAN_POINT ( 'NONE',  ( -35.99564625262895134, 22.38890729257705914, 16.79170336676053665 ) ) ;
#1743 = VECTOR ( 'NONE', #3386, 1000.000000000000114 ) ;
#1744 = DIRECTION ( 'NONE',  ( -4.876176775795935793E-29, 1.000000000000000000, -6.982962677686266711E-15 ) ) ;
#1745 = CARTESIAN_POINT ( 'NONE',  ( -41.47859585403568872, 36.38890729257719414, 35.47859585403532634 ) ) ;
#1746 = ORIENTED_EDGE ( 'NONE', *, *, #3940, .F. ) ;
#1747 = CARTESIAN_POINT ( 'NONE',  ( -31.22859585403585214, 28.38890729257716572, 31.22859585403552174 ) ) ;
#1748 = AXIS2_PLACEMENT_3D ( 'NONE', #2559, #3377, #2533 ) ;
#1749 = EDGE_LOOP ( 'NONE', ( #2423, #4935, #4081 ) ) ;
#1750 = LINE ( 'NONE', #3033, #3896 ) ;
#1751 = CARTESIAN_POINT ( 'NONE',  ( -31.89114396158444009, 30.02802191772846285, 50.68892116272518678 ) ) ;
#1752 = LINE ( 'NONE', #3459, #2546 ) ;
#1753 = LINE ( 'NONE', #3460, #2796 ) ;
#1754 = EDGE_CURVE ( 'NONE', #1990, #1530, #4798, .T. ) ;
#1755 = CARTESIAN_POINT ( 'NONE',  ( -36.72983048028159203, 22.38890729257706980, 18.51683052269635610 ) ) ;
#1756 = EDGE_LOOP ( 'NONE', ( #3030, #5440, #2754, #863 ) ) ;
#1757 = CARTESIAN_POINT ( 'NONE',  ( -27.48081297937576295, 21.10321941314449390, 16.33173561218863412 ) ) ;
#1758 = FACE_OUTER_BOUND ( 'NONE', #3238, .T. ) ;
#1759 = ADVANCED_FACE ( 'NONE', ( #1758 ), #2802, .T. ) ;
#1760 = VECTOR ( 'NONE', #3451, 999.9999999999998863 ) ;
#1761 = LINE ( 'NONE', #2626, #1743 ) ;
#1762 = EDGE_CURVE ( 'NONE', #1002, #3600, #1333, .T. ) ;
#1763 = DIRECTION ( 'NONE',  ( 0.7071067811865463515, -4.937700262164505444E-15, -0.7071067811865487940 ) ) ;
#1764 = ORIENTED_EDGE ( 'NONE', *, *, #2574, .T. ) ;
#1765 = DIRECTION ( 'NONE',  ( 0.7071067811865521247, 4.937700262164533843E-15, 0.7071067811865430208 ) ) ;
#1766 = CARTESIAN_POINT ( 'NONE',  ( -18.38717846132224665, 29.11151445464849985, 50.12249301806895119 ) ) ;
#1767 = CARTESIAN_POINT ( 'NONE',  ( -8.228595854035477331, 30.31711052285294627, 64.97859585403513449 ) ) ;
#1768 = CARTESIAN_POINT ( 'NONE',  ( -17.11269333683634741, 22.38890729257720125, 36.19216615015868399 ) ) ;
#1769 = CARTESIAN_POINT ( 'NONE',  ( -36.74806532265495207, 22.41453756765062622, 18.01716283679048658 ) ) ;
#1770 = DIRECTION ( 'NONE',  ( 7.021499783715655013E-15, 6.608470384673557335E-15, 1.000000000000000000 ) ) ;
#1771 = DIRECTION ( 'NONE',  ( 0.6546536707079768647, -0.3779644730092285854, -0.6546536707079765316 ) ) ;
#1772 = ORIENTED_EDGE ( 'NONE', *, *, #45, .T. ) ;
#1773 = DIRECTION ( 'NONE',  ( -4.876176775795935793E-29, 1.000000000000000000, -6.982962677686266711E-15 ) ) ;
#1774 = ORIENTED_EDGE ( 'NONE', *, *, #1005, .F. ) ;
#1775 = ORIENTED_EDGE ( 'NONE', *, *, #257, .T. ) ;
#1776 = CARTESIAN_POINT ( 'NONE',  ( -34.68424439954284821, 29.94223756482243459, 51.73185433605380013 ) ) ;
#1777 = CARTESIAN_POINT ( 'NONE',  ( -66.10727551047580164, 28.38890729257730428, 51.02148907284909995 ) ) ;
#1778 = CARTESIAN_POINT ( 'NONE',  ( -31.22859585403589477, 22.38890729257699164, 6.228595854035351209 ) ) ;
#1779 = ORIENTED_EDGE ( 'NONE', *, *, #1869, .F. ) ;
#1780 = CARTESIAN_POINT ( 'NONE',  ( -1.228595854035755996, 23.38890729257720835, 27.78934018064386891 ) ) ;
#1781 = ORIENTED_EDGE ( 'NONE', *, *, #356, .T. ) ;
#1782 = CARTESIAN_POINT ( 'NONE',  ( -10.22859585403566030, 24.06793468469762587, 39.22859585403519134 ) ) ;
#1783 = EDGE_CURVE ( 'NONE', #3837, #5167, #3926, .T. ) ;
#1784 = CARTESIAN_POINT ( 'NONE',  ( -31.17479350161749707, 29.06376635038212086, 50.03979087551454086 ) ) ;
#1785 = DIRECTION ( 'NONE',  ( -6.938893903907226011E-15, -6.938893903907226011E-15, -1.000000000000000000 ) ) ;
#1786 = CARTESIAN_POINT ( 'NONE',  ( -17.46765405804676163, 27.38890729257715861, 27.36714899465794559 ) ) ;
#1787 = ADVANCED_FACE ( 'NONE', ( #187 ), #1399, .T. ) ;
#1788 = ORIENTED_EDGE ( 'NONE', *, *, #1371, .T. ) ;
#1789 = ADVANCED_FACE ( 'NONE', ( #579 ), #1954, .F. ) ;
#1790 = CARTESIAN_POINT ( 'NONE',  ( -7.978595854035541279, 29.31711052285286101, 56.87859585403514018 ) ) ;
#1791 = CARTESIAN_POINT ( 'NONE',  ( -20.22859585403558214, 35.38890729257730072, 50.47859585403518423 ) ) ;
#1792 = ORIENTED_EDGE ( 'NONE', *, *, #805, .F. ) ;
#1793 = AXIS2_PLACEMENT_3D ( 'NONE', #3948, #866, #443 ) ;
#1794 = AXIS2_PLACEMENT_3D ( 'NONE', #613, #1094, #2766 ) ;
#1795 = FACE_OUTER_BOUND ( 'NONE', #4215, .T. ) ;
#1796 = CARTESIAN_POINT ( 'NONE',  ( -3.228595854035709145, 36.38990729257719181, 34.22859585403505633 ) ) ;
#1797 = ADVANCED_FACE ( 'NONE', ( #2817 ), #633, .F. ) ;
#1798 = ORIENTED_EDGE ( 'NONE', *, *, #794, .F. ) ;
#1799 = CARTESIAN_POINT ( 'NONE',  ( -25.97859585403594096, 21.09365593457926025, -0.02140414596469610020 ) ) ;
#1800 = CARTESIAN_POINT ( 'NONE',  ( -6.228595854035701151, 18.60855272203561839, 34.72859585403520555 ) ) ;
#1801 = FACE_BOUND ( 'NONE', #5128, .T. ) ;
#1802 = ORIENTED_EDGE ( 'NONE', *, *, #3261, .F. ) ;
#1803 = ORIENTED_EDGE ( 'NONE', *, *, #1451, .T. ) ;
#1804 = CARTESIAN_POINT ( 'NONE',  ( -32.86672710817685328, 30.06867408300537647, 50.94794625479254080 ) ) ;
#1805 = DIRECTION ( 'NONE',  ( -0.5000000000000022204, 0.7071067811865456854, -0.5000000000000003331 ) ) ;
#1806 = DIRECTION ( 'NONE',  ( 4.876176775795935793E-29, -1.000000000000000000, 6.982962677686266711E-15 ) ) ;
#1807 = ORIENTED_EDGE ( 'NONE', *, *, #59, .F. ) ;
#1808 = DIRECTION ( 'NONE',  ( -8.921435019309303546E-15, -6.938893903907236266E-15, -1.000000000000000000 ) ) ;
#1809 = ORIENTED_EDGE ( 'NONE', *, *, #1824, .T. ) ;
#1810 = LINE ( 'NONE', #498, #3764 ) ;
#1811 = CONICAL_SURFACE ( 'NONE', #4839, 8.999999999999932498, 0.7853981633974526089 ) ;
#1812 = CARTESIAN_POINT ( 'NONE',  ( -17.07780782201713876, 30.15404047188643943, 50.98789832693240243 ) ) ;
#1813 = CARTESIAN_POINT ( 'NONE',  ( -32.04785106726982491, 29.17814494494398758, 50.23790041259405115 ) ) ;
#1814 = CARTESIAN_POINT ( 'NONE',  ( 8.271404145964293519, 29.38890729257700585, 8.228595854035283708 ) ) ;
#1815 = VECTOR ( 'NONE', #2357, 1000.000000000000227 ) ;
#1816 =( BOUNDED_SURFACE ( )  B_SPLINE_SURFACE ( 3, 2, ( 
 ( #553, #2265, #4710 ),
 ( #886, #3969, #974 ),
 ( #500, #4296, #5132 ),
 ( #3074, #81, #3104 ),
 ( #915, #2213, #28 ),
 ( #3438, #1308, #5243 ) ),
 .UNSPECIFIED., .F., .F., .T. ) 
 B_SPLINE_SURFACE_WITH_KNOTS ( ( 4, 2, 4 ),
 ( 3, 3 ),
 ( 4.709247387731100076, 4.972617571857043117, 5.235987755982986158 ),
 ( 0.4335772789263039328, 1.000000000000000000 ),
 .UNSPECIFIED. ) 
 GEOMETRIC_REPRESENTATION_ITEM ( )  RATIONAL_B_SPLINE_SURFACE ( (
 ( 0.8557518847886981250, 0.8336535120469031890, 1.000000000000000000),
 ( 0.8665458655323623471, 0.8461010978272213157, 1.000000000000000000),
 ( 0.8768314961947145658, 0.8579624558391347744, 1.000000000000000000),
 ( 0.8959952634401711080, 0.8800620539694991029, 1.000000000000000000),
 ( 0.9048739638115413930, 0.8903009442468647894, 1.000000000000000000),
 ( 0.9128969955970756001, 0.8995530801122428866, 1.000000000000000000) ) ) 
 REPRESENTATION_ITEM ( '' )  SURFACE ( )  );
#1817 = ORIENTED_EDGE ( 'NONE', *, *, #1115, .F. ) ;
#1818 = FACE_OUTER_BOUND ( 'NONE', #4684, .T. ) ;
#1819 = CARTESIAN_POINT ( 'NONE',  ( -17.73661435111752027, 29.14245665995735024, 50.19065536840584230 ) ) ;
#1820 = VECTOR ( 'NONE', #5005, 1000.000000000000000 ) ;
#1821 = ORIENTED_EDGE ( 'NONE', *, *, #2336, .F. ) ;
#1822 = EDGE_CURVE ( 'NONE', #32, #4425, #5298, .T. ) ;
#1823 = CARTESIAN_POINT ( 'NONE',  ( -20.07101677776800841, 22.52924275812587140, 38.03234569795543507 ) ) ;
#1824 = EDGE_CURVE ( 'NONE', #2096, #611, #4433, .T. ) ;
#1825 = DIRECTION ( 'NONE',  ( 1.000000000000000000, 0.000000000000000000, -6.982962677686266711E-15 ) ) ;
#1826 = CARTESIAN_POINT ( 'NONE',  ( -41.47859585403568872, 36.38890729257719414, 35.47859585403532634 ) ) ;
#1827 = CARTESIAN_POINT ( 'NONE',  ( -17.74027676780961471, 30.07039166138201125, 50.78184378828697731 ) ) ;
#1828 = EDGE_CURVE ( 'NONE', #3993, #3860, #1470, .T. ) ;
#1829 = CARTESIAN_POINT ( 'NONE',  ( -6.780594045467164044, 34.58890729257726093, 45.05359585403507339 ) ) ;
#1830 = ORIENTED_EDGE ( 'NONE', *, *, #3983, .F. ) ;
#1831 = AXIS2_PLACEMENT_3D ( 'NONE', #3485, #5498, #492 ) ;
#1832 = VECTOR ( 'NONE', #4887, 1000.000000000000000 ) ;
#1833 = ORIENTED_EDGE ( 'NONE', *, *, #2005, .F. ) ;
#1834 = CARTESIAN_POINT ( 'NONE',  ( -32.59668014330307528, 30.06518203095102137, 50.86673637746601173 ) ) ;
#1835 = DIRECTION ( 'NONE',  ( -4.876176775795935793E-29, 1.000000000000000000, -6.982962677686266711E-15 ) ) ;
#1836 = CARTESIAN_POINT ( 'NONE',  ( 10.27140414596430240, 27.38890729257721901, 36.22859585403503502 ) ) ;
#1837 = ORIENTED_EDGE ( 'NONE', *, *, #217, .T. ) ;
#1838 = CARTESIAN_POINT ( 'NONE',  ( -40.47859585403568872, 35.38890729257719414, 35.47859585403532634 ) ) ;
#1839 = ORIENTED_EDGE ( 'NONE', *, *, #2208, .F. ) ;
#1840 = VECTOR ( 'NONE', #3385, 1000.000000000000000 ) ;
#1841 = DIRECTION ( 'NONE',  ( 6.938893903907236266E-15, 6.938893903907236266E-15, 1.000000000000000000 ) ) ;
#1842 = CARTESIAN_POINT ( 'NONE',  ( -33.62113900631401719, 29.39289289152728912, 50.95380342252549610 ) ) ;
#1843 = CARTESIAN_POINT ( 'NONE',  ( -5.582592236898711313, 36.38890729257725098, 42.97859585403507765 ) ) ;
#1844 = ORIENTED_EDGE ( 'NONE', *, *, #5482, .F. ) ;
#1845 = CARTESIAN_POINT ( 'NONE',  ( -9.936974145199449993, 23.55095140492874606, 37.93465330219004983 ) ) ;
#1846 = FACE_OUTER_BOUND ( 'NONE', #5484, .T. ) ;
#1847 = AXIS2_PLACEMENT_3D ( 'NONE', #2977, #3057, #3508 ) ;
#1848 = PLANE ( 'NONE',  #136 ) ;
#1849 = AXIS2_PLACEMENT_3D ( 'NONE', #3458, #2985, #3065 ) ;
#1850 = DIRECTION ( 'NONE',  ( -4.876176775795935793E-29, 1.000000000000000000, -6.982962677686266711E-15 ) ) ;
#1851 = CARTESIAN_POINT ( 'NONE',  ( -18.39856825502253557, 22.42888899423720517, 36.98367725499346648 ) ) ;
#1852 = LINE ( 'NONE', #1401, #1080 ) ;
#1853 = APPLICATION_CONTEXT ( 'configuration controlled 3d designs of mechanical parts and assemblies' ) ;
#1854 = ADVANCED_FACE ( 'NONE', ( #2757 ), #4052, .F. ) ;
#1855 = CARTESIAN_POINT ( 'NONE',  ( -40.47545499249755352, 22.95895469301379066, 23.65270938524979272 ) ) ;
#1856 = DIRECTION ( 'NONE',  ( 4.876176775795935793E-29, -1.000000000000000000, 6.982962677686266711E-15 ) ) ;
#1857 = EDGE_CURVE ( 'NONE', #111, #3666, #1926, .T. ) ;
#1858 = DIRECTION ( 'NONE',  ( 6.938893903907252043E-15, 6.938893903907252043E-15, 1.000000000000000000 ) ) ;
#1859 = ORIENTED_EDGE ( 'NONE', *, *, #463, .T. ) ;
#1860 = EDGE_CURVE ( 'NONE', #1109, #310, #3192, .T. ) ;
#1861 = EDGE_CURVE ( 'NONE', #4984, #3179, #3742, .T. ) ;
#1862 = VERTEX_POINT ( 'NONE', #3378 ) ;
#1863 = CARTESIAN_POINT ( 'NONE',  ( -31.22859585403589477, 25.38890729257698808, 6.228595854035323676 ) ) ;
#1864 = CYLINDRICAL_SURFACE ( 'NONE', #455, 1.999999999999999556 ) ;
#1865 = DIRECTION ( 'NONE',  ( -0.6546536707079768647, 0.3779644730092285854, 0.6546536707079765316 ) ) ;
#1866 = ORIENTED_EDGE ( 'NONE', *, *, #5242, .F. ) ;
#1867 = DIRECTION ( 'NONE',  ( 4.876176775795935793E-29, -1.000000000000000000, 6.982962677686266711E-15 ) ) ;
#1868 = ORIENTED_EDGE ( 'NONE', *, *, #287, .F. ) ;
#1869 = EDGE_CURVE ( 'NONE', #2291, #5417, #4917, .T. ) ;
#1870 = DIRECTION ( 'NONE',  ( -6.982962677686266711E-15, -6.982962677686266711E-15, -1.000000000000000000 ) ) ;
#1871 = CARTESIAN_POINT ( 'NONE',  ( -49.78134988796022498, 28.91455537664760911, 31.75567679715124569 ) ) ;
#1872 = CARTESIAN_POINT ( 'NONE',  ( -20.63584562302590086, 22.84586969071817109, 39.27007794476385527 ) ) ;
#1873 = APPROVAL ( #4604, 'æœª' ) ;
#1874 = ORIENTED_EDGE ( 'NONE', *, *, #4243, .T. ) ;
#1875 = CARTESIAN_POINT ( 'NONE',  ( -10.22859404230493574, 24.01692089922793372, 39.13576427631220866 ) ) ;
#1876 = CARTESIAN_POINT ( 'NONE',  ( -11.22859585403564608, 28.38890729257722256, 39.22859585403517713 ) ) ;
#1877 = DIRECTION ( 'NONE',  ( -1.000000000000000000, 0.000000000000000000, 6.982962677686266711E-15 ) ) ;
#1878 = DIRECTION ( 'NONE',  ( -6.938893903907230744E-15, -6.938893903907230744E-15, -1.000000000000000000 ) ) ;
#1879 = ORIENTED_EDGE ( 'NONE', *, *, #790, .F. ) ;
#1880 = DIRECTION ( 'NONE',  ( 6.982962677686266711E-15, 6.982962677686266711E-15, 1.000000000000000000 ) ) ;
#1881 = CARTESIAN_POINT ( 'NONE',  ( -52.43570263522210695, 36.38890729257741441, 66.10727551047564532 ) ) ;
#1882 = ORIENTED_EDGE ( 'NONE', *, *, #2519, .T. ) ;
#1883 = CARTESIAN_POINT ( 'NONE',  ( -51.02148907284901469, 28.38890729257740730, 66.10727551047567374 ) ) ;
#1884 = VECTOR ( 'NONE', #5061, 1000.000000000000000 ) ;
#1885 = DIRECTION ( 'NONE',  ( 6.308085367188407793E-15, 6.308085367188407793E-15, 1.000000000000000000 ) ) ;
#1886 = CARTESIAN_POINT ( 'NONE',  ( -29.83646023030467376, 29.31711052285281482, 50.47859585403529792 ) ) ;
#1887 = ORIENTED_EDGE ( 'NONE', *, *, #1783, .F. ) ;
#1888 = AXIS2_PLACEMENT_3D ( 'NONE', #235, #4929, #1975 ) ;
#1889 = AXIS2_PLACEMENT_3D ( 'NONE', #4698, #2528, #1715 ) ;
#1890 = VECTOR ( 'NONE', #2382, 1000.000000000000227 ) ;
#1891 = ORIENTED_EDGE ( 'NONE', *, *, #5406, .T. ) ;
#1892 = LINE ( 'NONE', #5258, #2391 ) ;
#1893 = CARTESIAN_POINT ( 'NONE',  ( -11.22859585403571359, 23.72865325473283349, 40.79910392972390554 ) ) ;
#1894 = ORIENTED_EDGE ( 'NONE', *, *, #2601, .F. ) ;
#1895 = DIRECTION ( 'NONE',  ( -6.938893903907276498E-15, -6.938893903907276498E-15, -1.000000000000000000 ) ) ;
#1896 = VERTEX_POINT ( 'NONE', #489 ) ;
#1897 = EDGE_CURVE ( 'NONE', #1699, #5338, #955, .T. ) ;
#1898 = EDGE_CURVE ( 'NONE', #4864, #4734, #865, .T. ) ;
#1899 = DIRECTION ( 'NONE',  ( 0.5000000000000057732, 6.047423072554914778E-15, 0.8660254037844352659 ) ) ;
#1900 = CARTESIAN_POINT ( 'NONE',  ( -35.84877747648283730, 29.50316037669531255, 52.44849021504720099 ) ) ;
#1901 = FACE_OUTER_BOUND ( 'NONE', #2041, .T. ) ;
#1902 = VERTEX_POINT ( 'NONE', #2583 ) ;
#1903 = CARTESIAN_POINT ( 'NONE',  ( 0.02140414596405772196, 29.31711052285245955, -0.02140414596490426702 ) ) ;
#1904 = CONICAL_SURFACE ( 'NONE', #2973, 11.00000000000000355, 0.7853981633974491672 ) ;
#1905 = CARTESIAN_POINT ( 'NONE',  ( -17.46765405804676163, 23.38890729257720125, 27.36714899465797401 ) ) ;
#1906 = AXIS2_PLACEMENT_3D ( 'NONE', #1778, #1806, #3123 ) ;
#1907 = DIRECTION ( 'NONE',  ( 4.876176775795935793E-29, -1.000000000000000000, 6.982962677686266711E-15 ) ) ;
#1908 = VECTOR ( 'NONE', #4232, 1000.000000000000000 ) ;
#1909 = CARTESIAN_POINT ( 'NONE',  ( -38.93318873902701682, 22.38890729257710177, 22.87106673851754124 ) ) ;
#1910 = ORIENTED_EDGE ( 'NONE', *, *, #452, .T. ) ;
#1912 = VECTOR ( 'NONE', #5329, 1000.000000000000000 ) ;
#1911 = CARTESIAN_POINT ( 'NONE',  ( 0.02140414596450875007, 36.38890729257740020, 63.97859585403502081 ) ) ;
#1913 = CARTESIAN_POINT ( 'NONE',  ( -39.54666755908261422, 22.76645423652278666, 22.36979832033240712 ) ) ;
#1914 = CARTESIAN_POINT ( 'NONE',  ( 0.02140414596434915551, 28.38890729257722612, 40.47859585403509186 ) ) ;
#1915 = CARTESIAN_POINT ( 'NONE',  ( -35.79910392972454503, 22.38890729257706269, 16.47067680497772812 ) ) ;
#1916 = EDGE_CURVE ( 'NONE', #3039, #1540, #967, .T. ) ;
#1917 = FACE_OUTER_BOUND ( 'NONE', #2283, .T. ) ;
#1918 = VERTEX_POINT ( 'NONE', #4790 ) ;
#1919 = PLANE ( 'NONE',  #741 ) ;
#1920 = VERTEX_POINT ( 'NONE', #1326 ) ;
#1921 = DIRECTION ( 'NONE',  ( 7.199803112183367597E-15, 6.982962677686266711E-15, 1.000000000000000000 ) ) ;
#1922 = DIRECTION ( 'NONE',  ( -4.937700262164496766E-15, -0.7071067811865524577, -0.7071067811865425767 ) ) ;
#1923 = ORIENTED_EDGE ( 'NONE', *, *, #1898, .T. ) ;
#1924 = DIRECTION ( 'NONE',  ( 1.387778780781463662E-14, -6.938893903907318308E-15, -1.000000000000000000 ) ) ;
#1925 = ORIENTED_EDGE ( 'NONE', *, *, #4748, .F. ) ;
#1926 = LINE ( 'NONE', #1987, #4085 ) ;
#1927 = EDGE_CURVE ( 'NONE', #3395, #4357, #2669, .T. ) ;
#1928 = CARTESIAN_POINT ( 'NONE',  ( -35.71385945587110911, 29.50045399664779922, 52.33999251244022588 ) ) ;
#1929 = CARTESIAN_POINT ( 'NONE',  ( -40.47859585403568872, 35.38890729257719414, 35.47859585403534055 ) ) ;
#1930 = ORIENTED_EDGE ( 'NONE', *, *, #4050, .T. ) ;
#1931 = CARTESIAN_POINT ( 'NONE',  ( -11.22859264289535197, 23.06803374817935648, 39.42683271000194623 ) ) ;
#1932 = AXIS2_PLACEMENT_3D ( 'NONE', #906, #416, #2879 ) ;
#1933 = CARTESIAN_POINT ( 'NONE',  ( -40.30668209343622976, 22.91967691446644295, 23.43016134908680215 ) ) ;
#1934 = EDGE_CURVE ( 'NONE', #171, #4471, #4345, .T. ) ;
#1935 = EDGE_CURVE ( 'NONE', #770, #210, #1578, .T. ) ;
#1936 = PLANE ( 'NONE',  #5216 ) ;
#1937 = CARTESIAN_POINT ( 'NONE',  ( -39.33502817114231931, 22.38890729257710888, 23.54551111938585350 ) ) ;
#1938 = ORIENTED_EDGE ( 'NONE', *, *, #4407, .F. ) ;
#1939 = VECTOR ( 'NONE', #3568, 1000.000000000000000 ) ;
#1940 = CARTESIAN_POINT ( 'NONE',  ( -33.34878663214634997, 30.06074666425232422, 51.11234017442730249 ) ) ;
#1941 = CARTESIAN_POINT ( 'NONE',  ( -50.47859585403571003, 29.73976025366306786, 33.15016872928926261 ) ) ;
#1942 = EDGE_CURVE ( 'NONE', #856, #2358, #5348, .T. ) ;
#1943 = FACE_OUTER_BOUND ( 'NONE', #2467, .T. ) ;
#1944 = AXIS2_PLACEMENT_3D ( 'NONE', #3523, #3914, #3015 ) ;
#1945 = LINE ( 'NONE', #5344, #5361 ) ;
#1946 = ORIENTED_EDGE ( 'NONE', *, *, #3163, .F. ) ;
#1947 = DIRECTION ( 'NONE',  ( 6.982962677686266711E-15, 6.982962677686266711E-15, 1.000000000000000000 ) ) ;
#1948 = ORIENTED_EDGE ( 'NONE', *, *, #2114, .T. ) ;
#1949 = CARTESIAN_POINT ( 'NONE',  ( -35.47859585403569582, 28.38890729257719414, 35.47859585403534055 ) ) ;
#1950 = CARTESIAN_POINT ( 'NONE',  ( -30.65629957880571510, 23.38890729257716217, 20.75680464219367138 ) ) ;
#1951 = VERTEX_POINT ( 'NONE', #5321 ) ;
#1952 = DIRECTION ( 'NONE',  ( -4.876176775795936353E-29, 1.000000000000000000, -6.982962677686267499E-15 ) ) ;
#1953 = ORIENTED_EDGE ( 'NONE', *, *, #4416, .T. ) ;
#1954 = PLANE ( 'NONE',  #4972 ) ;
#1955 = FACE_OUTER_BOUND ( 'NONE', #2058, .T. ) ;
#1956 = LINE ( 'NONE', #1929, #1912 ) ;
#1957 = EDGE_CURVE ( 'NONE', #3166, #4114, #2302, .T. ) ;
#1958 = B_SPLINE_SURFACE_WITH_KNOTS ( 'NONE', 1, 3, ( 
 ( #256, #4033, #230, #2742, #1536, #4837, #1093, #3167, #2765, #588, #2829, #4472, #646, #2359, #5251, #2411, #3618, #4920, #2800, #1968, #1009, #1455, #2388, #5311, #4004, #3588, #3196, #5366 ),
 ( #4115, #1482, #4062, #3250, #4865, #1940, #4530, #3648, #5339, #4500, #3561, #675, #4949, #704, #284, #2547, #3363, #4223, #4550, #3754, #4975, #1149, #2521, #756, #1176, #2855, #4609, #811 ) ),
 .UNSPECIFIED., .F., .F., .F.,
 ( 2, 2 ),
 ( 4, 2, 2, 2, 2, 2, 2, 2, 2, 2, 2, 2, 2, 4 ),
 ( 0.000000000000000000, 1.000000000000000000 ),
 ( 0.000000000000000000, 0.0008292831551746897159, 0.001658566310349379432, 0.002487849465524069256, 0.002902491043111413843, 0.003317132620698758864, 0.003731774198286103884, 0.004146415775873448471, 0.004975698931048138512, 0.005804982086222827686, 0.006219623663810172273, 0.006426944452603845434, 0.006530604847000682014, 0.006634265241397517728 ),
 .UNSPECIFIED. ) ;
#1959 = ORIENTED_EDGE ( 'NONE', *, *, #2532, .T. ) ;
#1960 = EDGE_CURVE ( 'NONE', #5183, #3571, #1892, .T. ) ;
#1961 = DIRECTION ( 'NONE',  ( -6.982962677686266711E-15, -6.982962677686266711E-15, -1.000000000000000000 ) ) ;
#1962 = CARTESIAN_POINT ( 'NONE',  ( -52.47859585403571003, 30.47181106123194283, 33.15016872928926972 ) ) ;
#1963 = ADVANCED_FACE ( 'NONE', ( #3544, #4813 ), #4480, .T. ) ;
#1964 = CARTESIAN_POINT ( 'NONE',  ( -51.72859585403556082, 29.38890729257740375, 65.40016872928914893 ) ) ;
#1965 = EDGE_CURVE ( 'NONE', #32, #1028, #2313, .T. ) ;
#1966 = CARTESIAN_POINT ( 'NONE',  ( -9.176597662604104144, 34.58890729257726093, 45.05359585403509470 ) ) ;
#1967 = ORIENTED_EDGE ( 'NONE', *, *, #2993, .T. ) ;
#1968 = CARTESIAN_POINT ( 'NONE',  ( -36.44216769350175866, 29.51123056927175625, 52.96174655204761450 ) ) ;
#1969 = CARTESIAN_POINT ( 'NONE',  ( -5.903595854035546431, 34.58890729257734620, 56.78059404546660716 ) ) ;
#1970 = ORIENTED_EDGE ( 'NONE', *, *, #5103, .F. ) ;
#1971 = CARTESIAN_POINT ( 'NONE',  ( -41.81424306910873412, 23.21442598262273194, 25.26371958426031483 ) ) ;
#1972 = EDGE_CURVE ( 'NONE', #3148, #1160, #2698, .T. ) ;
#1973 = DIRECTION ( 'NONE',  ( 4.876176775795935793E-29, -1.000000000000000000, 6.982962677686266711E-15 ) ) ;
#1974 = ORIENTED_EDGE ( 'NONE', *, *, #3739, .F. ) ;
#1975 = DIRECTION ( 'NONE',  ( 6.608470384673562857E-15, 6.608470384673562857E-15, 1.000000000000000000 ) ) ;
#1976 = VERTEX_POINT ( 'NONE', #1407 ) ;
#1977 = CARTESIAN_POINT ( 'NONE',  ( -26.49595492985535472, 20.59628181257228619, -4.580841841430672190 ) ) ;
#1978 = AXIS2_PLACEMENT_3D ( 'NONE', #2137, #2083, #5425 ) ;
#1979 = CARTESIAN_POINT ( 'NONE',  ( -16.47067680497805142, 22.38890729257720125, 35.79910392972396949 ) ) ;
#1980 = VERTEX_POINT ( 'NONE', #4509 ) ;
#1981 = AXIS2_PLACEMENT_3D ( 'NONE', #3651, #1973, #1544 ) ;
#1982 = CARTESIAN_POINT ( 'NONE',  ( -31.22859585403589477, 18.60855272203542299, 6.228595854035378743 ) ) ;
#1983 = ORIENTED_EDGE ( 'NONE', *, *, #3020, .T. ) ;
#1984 = AXIS2_PLACEMENT_3D ( 'NONE', #3235, #4933, #1104 ) ;
#1985 = AXIS2_PLACEMENT_3D ( 'NONE', #2596, #3974, #1316 ) ;
#1986 = ORIENTED_EDGE ( 'NONE', *, *, #2643, .F. ) ;
#1987 = CARTESIAN_POINT ( 'NONE',  ( -29.83646023030467376, 35.38890729257730072, 50.47859585403525529 ) ) ;
#1988 = FACE_OUTER_BOUND ( 'NONE', #419, .T. ) ;
#1989 = DIRECTION ( 'NONE',  ( 4.876176775795935793E-29, -1.000000000000000000, 6.982962677686266711E-15 ) ) ;
#1990 = VERTEX_POINT ( 'NONE', #3121 ) ;
#1991 = CARTESIAN_POINT ( 'NONE',  ( -11.17016931266297775, 22.86523082466894863, 38.84949442699832645 ) ) ;
#1992 = LINE ( 'NONE', #1905, #1890 ) ;
#1993 = CARTESIAN_POINT ( 'NONE',  ( -35.79910392972454503, 22.38890729257705203, 16.47067680497773523 ) ) ;
#1994 = VECTOR ( 'NONE', #3209, 1000.000000000000114 ) ;
#1995 = CARTESIAN_POINT ( 'NONE',  ( -37.03363331723487306, 22.38890729257707335, 19.16956108184504970 ) ) ;
#1996 = ORIENTED_EDGE ( 'NONE', *, *, #4012, .T. ) ;
#1997 = CARTESIAN_POINT ( 'NONE',  ( -7.228595854035685164, 27.38890729257721901, 36.22859585403514870 ) ) ;
#1998 = CARTESIAN_POINT ( 'NONE',  ( -5.635450103528343746, 28.38890729257690992, -5.678258395457208785 ) ) ;
#1999 = CONICAL_SURFACE ( 'NONE', #1271, 1.000000000000018208, 0.7853981633974471688 ) ;
#2000 = DIRECTION ( 'NONE',  ( 0.4999999999999937828, -6.047423072554916356E-15, -0.8660254037844422603 ) ) ;
#2001 = VECTOR ( 'NONE', #1865, 1000.000000000000114 ) ;
#2002 = CARTESIAN_POINT ( 'NONE',  ( -9.176597662604123684, 34.58890729257723251, 40.90359585403512455 ) ) ;
#2003 = ORIENTED_EDGE ( 'NONE', *, *, #2542, .F. ) ;
#2004 = CARTESIAN_POINT ( 'NONE',  ( -7.978595854035526180, 29.31711052285287522, 59.07859585403512881 ) ) ;
#2005 = EDGE_CURVE ( 'NONE', #3571, #5347, #64, .T. ) ;
#2006 = ORIENTED_EDGE ( 'NONE', *, *, #1110, .F. ) ;
#2007 = CARTESIAN_POINT ( 'NONE',  ( -29.83646023030468086, 29.02843538825798930, 49.97859585403528371 ) ) ;
#2008 = CARTESIAN_POINT ( 'NONE',  ( -14.71519860059712848, 29.31711052285282193, 50.97780435917503183 ) ) ;
#2009 = VERTEX_POINT ( 'NONE', #625 ) ;
#2010 = CARTESIAN_POINT ( 'NONE',  ( -65.40016872928926261, 28.38890729257730428, 51.72859585403563187 ) ) ;
#2011 = ORIENTED_EDGE ( 'NONE', *, *, #3838, .F. ) ;
#2012 = CARTESIAN_POINT ( 'NONE',  ( -25.07031622580897690, 20.60185399631489389, 13.90282362268215266 ) ) ;
#2013 = CARTESIAN_POINT ( 'NONE',  ( -26.87932122186644079, 20.79361257339306235, -0.02140414596468916131 ) ) ;
#2014 = DIRECTION ( 'NONE',  ( -6.938893903907222067E-15, -6.938893903907222067E-15, -1.000000000000000000 ) ) ;
#2015 = EDGE_LOOP ( 'NONE', ( #624, #3717, #133, #3701, #1781 ) ) ;
#2016 = CARTESIAN_POINT ( 'NONE',  ( -8.482734613861513395, 23.39119251700693169, 36.50286784566796427 ) ) ;
#2017 = VECTOR ( 'NONE', #4731, 1000.000000000000000 ) ;
#2018 = DATE_TIME_ROLE ( 'classification_date' ) ;
#2019 = AXIS2_PLACEMENT_3D ( 'NONE', #5448, #4548, #4998 ) ;
#2020 = DIRECTION ( 'NONE',  ( 0.7071067811865474617, 0.7071067811865474617, -9.875400524329062952E-15 ) ) ;
#2021 = CARTESIAN_POINT ( 'NONE',  ( 0.02140414596405772196, 36.38890729257695256, -0.02140414596495977817 ) ) ;
#2022 = VECTOR ( 'NONE', #4390, 1000.000000000000000 ) ;
#2023 = ORIENTED_EDGE ( 'NONE', *, *, #1133, .F. ) ;
#2024 = CARTESIAN_POINT ( 'NONE',  ( -3.228595854035702484, 22.38890729257719414, 35.22859585403509186 ) ) ;
#2025 = FACE_OUTER_BOUND ( 'NONE', #2751, .T. ) ;
#2026 = B_SPLINE_CURVE_WITH_KNOTS ( 'NONE', 3,
 ( #3498, #5192, #33, #1366, #1395, #3110, #4802, #979, #2571, #2136, #4275, #5275, #1056, #3579, #2380, #2271, #1931, #3999 ),
 .UNSPECIFIED., .F., .F.,
 ( 4, 2, 2, 2, 2, 2, 2, 2, 4 ),
 ( 0.000000000000000000, 0.2499999999999992784, 0.3750000000000006661, 0.5000000000000021094, 0.6250000000000035527, 0.7500000000000048850, 0.8125000000000036637, 0.8750000000000023315, 1.000000000000000000 ),
 .UNSPECIFIED. ) ;
#2027 = CARTESIAN_POINT ( 'NONE',  ( -5.903595854035546431, 34.58890729257734620, 56.78059404546660716 ) ) ;
#2028 = FACE_OUTER_BOUND ( 'NONE', #4931, .T. ) ;
#2029 = B_SPLINE_CURVE_WITH_KNOTS ( 'NONE', 3,
 ( #1087, #2352, #2793, #1502 ),
 .UNSPECIFIED., .F., .F.,
 ( 4, 4 ),
 ( 7.308623034800112525E-07, 0.002458966878432397064 ),
 .UNSPECIFIED. ) ;
#2030 = ORIENTED_EDGE ( 'NONE', *, *, #2143, .F. ) ;
#2031 = DIRECTION ( 'NONE',  ( 4.937700262164497555E-15, 0.7071067811865524577, 0.7071067811865426878 ) ) ;
#2032 = EDGE_CURVE ( 'NONE', #2899, #3910, #1208, .T. ) ;
#2033 = AXIS2_PLACEMENT_3D ( 'NONE', #4014, #178, #3206 ) ;
#2034 = EDGE_LOOP ( 'NONE', ( #1273, #2951, #5093, #2343 ) ) ;
#2035 = CARTESIAN_POINT ( 'NONE',  ( -25.86194821126384369, 21.03189029689211154, -2.562408586986165027 ) ) ;
#2036 = EDGE_CURVE ( 'NONE', #63, #157, #211, .T. ) ;
#2037 = CARTESIAN_POINT ( 'NONE',  ( -15.09737132286097605, 29.30931152500971493, 50.83719979540910572 ) ) ;
#2038 = EDGE_CURVE ( 'NONE', #1405, #2009, #573, .T. ) ;
#2039 = ORIENTED_EDGE ( 'NONE', *, *, #3879, .F. ) ;
#2040 = CARTESIAN_POINT ( 'NONE',  ( -25.32172291534528696, 19.99186744012514438, 11.00642241521506115 ) ) ;
#2041 = EDGE_LOOP ( 'NONE', ( #4688, #3249, #2980, #1821 ) ) ;
#2042 = ADVANCED_FACE ( 'NONE', ( #4426 ), #5324, .T. ) ;
#2043 = CARTESIAN_POINT ( 'NONE',  ( -24.62916397093678356, 20.39172469318745939, 12.39313750979165896 ) ) ;
#2044 = CARTESIAN_POINT ( 'NONE',  ( -9.228595854035464896, 29.31711052285289654, 62.97859585403514870 ) ) ;
#2045 = ORIENTED_EDGE ( 'NONE', *, *, #2739, .T. ) ;
#2046 = LINE ( 'NONE', #3745, #204 ) ;
#2047 = ORIENTED_EDGE ( 'NONE', *, *, #5050, .T. ) ;
#2048 = EDGE_CURVE ( 'NONE', #3551, #4047, #4875, .T. ) ;
#2049 = CARTESIAN_POINT ( 'NONE',  ( -7.625995913190476649, 23.40496013952373744, 36.25337866126270825 ) ) ;
#2050 = ORIENTED_EDGE ( 'NONE', *, *, #1147, .T. ) ;
#2051 = PLANE ( 'NONE',  #3808 ) ;
#2052 = CARTESIAN_POINT ( 'NONE',  ( -7.978595854035526180, 34.58890729257736041, 59.07859585403510039 ) ) ;
#2053 = ORIENTED_EDGE ( 'NONE', *, *, #3293, .T. ) ;
#2054 = DIRECTION ( 'NONE',  ( 0.7071067811865463515, -4.625929269271499522E-15, -0.7071067811865485719 ) ) ;
#2055 = CARTESIAN_POINT ( 'NONE',  ( -24.73209682664013087, 23.12782839336388818, 41.34609081031999978 ) ) ;
#2056 = CARTESIAN_POINT ( 'NONE',  ( -9.228595854035479107, 29.31711052285288233, 60.47859585403513449 ) ) ;
#2057 = CARTESIAN_POINT ( 'NONE',  ( -18.50111795209164711, 29.10723870832389792, 50.11508720819445983 ) ) ;
#2058 = EDGE_LOOP ( 'NONE', ( #1322, #5213, #3986, #2982 ) ) ;
#2059 = CARTESIAN_POINT ( 'NONE',  ( -20.65652475348553452, 22.38890729257720480, 37.75133966320924372 ) ) ;
#2060 = CARTESIAN_POINT ( 'NONE',  ( -25.95524118902438460, 21.08128949713458411, -1.293618733968238566 ) ) ;
#2061 = FACE_OUTER_BOUND ( 'NONE', #2940, .T. ) ;
#2062 = ORIENTED_EDGE ( 'NONE', *, *, #2374, .F. ) ;
#2063 = CARTESIAN_POINT ( 'NONE',  ( -40.71830083320475069, 28.57292839007545027, 57.21830083320450910 ) ) ;
#2064 = ORIENTED_EDGE ( 'NONE', *, *, #3220, .T. ) ;
#2065 = EDGE_CURVE ( 'NONE', #742, #1896, #1074, .T. ) ;
#2066 = CARTESIAN_POINT ( 'NONE',  ( -38.47859585403587346, 22.38890729257694545, -0.02140414596459895569 ) ) ;
#2067 = CARTESIAN_POINT ( 'NONE',  ( -26.34241392983987495, 21.20777717891365199, 16.27110823176002441 ) ) ;
#2068 = DIRECTION ( 'NONE',  ( -4.876176775795935793E-29, 1.000000000000000000, -6.982962677686266711E-15 ) ) ;
#2069 = VERTEX_POINT ( 'NONE', #3627 ) ;
#2070 = CARTESIAN_POINT ( 'NONE',  ( -8.772682996941233213, 23.38890729257727230, 36.65647709800666831 ) ) ;
#2071 = VECTOR ( 'NONE', #5110, 1000.000000000000000 ) ;
#2072 = EDGE_CURVE ( 'NONE', #1160, #3772, #1492, .T. ) ;
#2073 = EDGE_LOOP ( 'NONE', ( #5112, #3878, #3262, #2081 ) ) ;
#2074 = ADVANCED_FACE ( 'NONE', ( #2782 ), #4072, .T. ) ;
#2075 = CARTESIAN_POINT ( 'NONE',  ( -8.299230343599145243, 23.39414015034064320, 36.42569507726376798 ) ) ;
#2076 = VECTOR ( 'NONE', #4070, 1000.000000000000114 ) ;
#2077 = CARTESIAN_POINT ( 'NONE',  ( -110.5203956360609254, 28.38890729257688150, -9.479604363939237999 ) ) ;
#2078 = AXIS2_PLACEMENT_3D ( 'NONE', #4723, #902, #374 ) ;
#2079 = AXIS2_PLACEMENT_3D ( 'NONE', #2850, #1676, #2130 ) ;
#2080 = LINE ( 'NONE', #1146, #1380 ) ;
#2081 = ORIENTED_EDGE ( 'NONE', *, *, #124, .F. ) ;
#2082 = PLANE ( 'NONE',  #3679 ) ;
#2083 = DIRECTION ( 'NONE',  ( -4.876176775795936353E-29, 1.000000000000000000, -6.982962677686267499E-15 ) ) ;
#2084 = FACE_OUTER_BOUND ( 'NONE', #25, .T. ) ;
#2085 = CARTESIAN_POINT ( 'NONE',  ( -20.92486593761919877, 22.38890729257720835, 37.88640470361200130 ) ) ;
#2086 = CARTESIAN_POINT ( 'NONE',  ( -9.228595854035512858, 36.38890729257737178, 60.47859585403509897 ) ) ;
#2087 = AXIS2_PLACEMENT_3D ( 'NONE', #3856, #548, #493 ) ;
#2088 = CARTESIAN_POINT ( 'NONE',  ( -3.228595854035695378, 27.38890729257721901, 36.22859585403512028 ) ) ;
#2089 = EDGE_CURVE ( 'NONE', #5178, #853, #1103, .T. ) ;
#2090 = VERTEX_POINT ( 'NONE', #4982 ) ;
#2091 = CARTESIAN_POINT ( 'NONE',  ( -17.46765405804676163, 27.38890729257715861, 27.36714899465794559 ) ) ;
#2092 = ORIENTED_EDGE ( 'NONE', *, *, #5157, .T. ) ;
#2093 = FACE_OUTER_BOUND ( 'NONE', #89, .T. ) ;
#2094 = CARTESIAN_POINT ( 'NONE',  ( -26.54774436520422398, 21.30558086882943414, 16.54016104575881485 ) ) ;
#2095 = CARTESIAN_POINT ( 'NONE',  ( -57.48556207511720118, 27.64710829030276074, 40.98556207511717275 ) ) ;
#2096 = VERTEX_POINT ( 'NONE', #5064 ) ;
#2097 = CARTESIAN_POINT ( 'NONE',  ( -9.868069669349306849, 23.51945699981528648, 37.80234706415495793 ) ) ;
#2098 = CARTESIAN_POINT ( 'NONE',  ( -37.57317398925800234, 22.38890729257709467, 20.29493749325480323 ) ) ;
#2099 = VERTEX_POINT ( 'NONE', #5012 ) ;
#2100 = CARTESIAN_POINT ( 'NONE',  ( -7.918029706934481382, 23.40092554786577139, 36.30721166203298367 ) ) ;
#2101 = DATE_AND_TIME ( #5391, #2338 ) ;
#2102 = EDGE_CURVE ( 'NONE', #4674, #611, #3006, .T. ) ;
#2103 = CARTESIAN_POINT ( 'NONE',  ( -36.88545010352832065, 22.38890729257712664, 25.57174160454318823 ) ) ;
#2104 = CARTESIAN_POINT ( 'NONE',  ( -50.36527506201575477, 29.78558711268473047, 32.92352714524925972 ) ) ;
#2105 = VERTEX_POINT ( 'NONE', #2007 ) ;
#2106 = VECTOR ( 'NONE', #2584, 999.9999999999998863 ) ;
#2107 = ADVANCED_FACE ( 'NONE', ( #2477 ), #706, .T. ) ;
#2108 = CARTESIAN_POINT ( 'NONE',  ( -35.47859585403565319, 36.38890729257724388, 41.47859585403528371 ) ) ;
#2109 = VECTOR ( 'NONE', #5055, 1000.000000000000000 ) ;
#2110 = CARTESIAN_POINT ( 'NONE',  ( -24.87416262801602684, 23.15080212565870710, 41.46930109273220921 ) ) ;
#2111 = EDGE_CURVE ( 'NONE', #4559, #4311, #2838, .T. ) ;
#2112 = CARTESIAN_POINT ( 'NONE',  ( -18.65816139772257642, 29.97326411210736907, 50.60267890326932871 ) ) ;
#2113 = CARTESIAN_POINT ( 'NONE',  ( -19.27792950674131944, 22.38890729257720125, 37.08479838706130494 ) ) ;
#2114 = EDGE_CURVE ( 'NONE', #678, #4188, #294, .T. ) ;
#2115 = VECTOR ( 'NONE', #4287, 999.9999999999998863 ) ;
#2116 = CARTESIAN_POINT ( 'NONE',  ( -15.38590813671617497, 29.30077620169280550, 50.73313766326146634 ) ) ;
#2117 = CARTESIAN_POINT ( 'NONE',  ( -13.69697674592533332, 3.445880212795214614, -2.803023254075673876 ) ) ;
#2118 = EDGE_LOOP ( 'NONE', ( #5317, #905, #2932, #4076 ) ) ;
#2119 = FACE_OUTER_BOUND ( 'NONE', #888, .T. ) ;
#2120 = VERTEX_POINT ( 'NONE', #4537 ) ;
#2121 = VECTOR ( 'NONE', #4007, 1000.000000000000000 ) ;
#2122 = CARTESIAN_POINT ( 'NONE',  ( -18.65816139772257642, 29.97326411210736907, 50.60267890326932871 ) ) ;
#2123 = CARTESIAN_POINT ( 'NONE',  ( -36.37702648123531901, 29.63853971550409838, 52.91413663822228841 ) ) ;
#2124 = CARTESIAN_POINT ( 'NONE',  ( -6.228595854035701151, 25.38890729257719059, 34.72859585403516292 ) ) ;
#2125 = CARTESIAN_POINT ( 'NONE',  ( -10.16688635348466363, 23.77252048159077802, 38.61028447121800156 ) ) ;
#2126 = VECTOR ( 'NONE', #2186, 1000.000000000000000 ) ;
#2127 = LINE ( 'NONE', #388, #5374 ) ;
#2128 = ORIENTED_EDGE ( 'NONE', *, *, #2747, .T. ) ;
#2129 = CARTESIAN_POINT ( 'NONE',  ( -7.888986605853512302, 22.40543083810778668, 35.22374215639302975 ) ) ;
#2130 = DIRECTION ( 'NONE',  ( 1.000000000000000000, 0.000000000000000000, 0.000000000000000000 ) ) ;
#2131 = DIRECTION ( 'NONE',  ( 6.308085367188407793E-15, 6.308085367188407793E-15, 1.000000000000000000 ) ) ;
#2132 = DIRECTION ( 'NONE',  ( 0.5000000000000025535, 0.7071067811865485719, 0.4999999999999960032 ) ) ;
#2133 = ADVANCED_FACE ( 'NONE', ( #4958 ), #4337, .T. ) ;
#2134 = B_SPLINE_CURVE_WITH_KNOTS ( 'NONE', 1,
 ( #57, #2992 ),
 .UNSPECIFIED., .F., .F.,
 ( 2, 2 ),
 ( 0.000000000000000000, 1.000000000000000000 ),
 .UNSPECIFIED. ) ;
#2135 = ORIENTED_EDGE ( 'NONE', *, *, #4511, .F. ) ;
#2136 = CARTESIAN_POINT ( 'NONE',  ( -11.01044338963935587, 22.66738180958756033, 38.14955536185456708 ) ) ;
#2137 = CARTESIAN_POINT ( 'NONE',  ( -31.22859585403589477, 18.60855272203542299, 6.228595854035378743 ) ) ;
#2138 = EDGE_LOOP ( 'NONE', ( #3487, #4797, #1132, #330, #1092, #5302, #4283 ) ) ;
#2139 = CARTESIAN_POINT ( 'NONE',  ( -11.22859585403564608, 29.04916133042168980, 50.01449423889740586 ) ) ;
#2140 = CARTESIAN_POINT ( 'NONE',  ( -19.29618662768962878, 22.38890729257720835, 37.09340843143593958 ) ) ;
#2141 = CARTESIAN_POINT ( 'NONE',  ( -15.13194482118073481, 30.31711052285285746, 51.87486711300088160 ) ) ;
#2142 = CYLINDRICAL_SURFACE ( 'NONE', #279, 1.099999999999996758 ) ;
#2143 = EDGE_CURVE ( 'NONE', #3039, #2815, #3549, .T. ) ;
#2144 = ORIENTED_EDGE ( 'NONE', *, *, #463, .F. ) ;
#2145 = CARTESIAN_POINT ( 'NONE',  ( -10.22859585403568694, 32.38890729257720125, 35.79910392972385580 ) ) ;
#2146 = ORIENTED_EDGE ( 'NONE', *, *, #3953, .T. ) ;
#2147 = DIRECTION ( 'NONE',  ( -4.876176775795935793E-29, 1.000000000000000000, -6.982962677686266711E-15 ) ) ;
#2148 = CARTESIAN_POINT ( 'NONE',  ( -33.69519291871825573, 30.04090227181473693, 51.25215300321509915 ) ) ;
#2149 = DIRECTION ( 'NONE',  ( 1.000000000000000000, 0.000000000000000000, -6.982962677686266711E-15 ) ) ;
#2150 = ORIENTED_EDGE ( 'NONE', *, *, #2901, .F. ) ;
#2151 = DIRECTION ( 'NONE',  ( 4.876176775795935793E-29, -1.000000000000000000, 6.982962677686266711E-15 ) ) ;
#2152 = CARTESIAN_POINT ( 'NONE',  ( -37.56315502226307501, 22.38890729257708756, 20.27448460518696649 ) ) ;
#2153 = ORIENTED_EDGE ( 'NONE', *, *, #4078, .F. ) ;
#2154 = CARTESIAN_POINT ( 'NONE',  ( -24.43034115302585008, 20.29702278272860383, 10.60764411314753808 ) ) ;
#2155 = DIRECTION ( 'NONE',  ( -0.7071067811865386910, 5.046468293750706671E-15, 0.7071067811865563435 ) ) ;
#2156 = CIRCLE ( 'NONE', #4465, 27.00000000000006395 ) ;
#2157 = DIRECTION ( 'NONE',  ( 0.7071067811865463515, -4.937700262164505444E-15, -0.7071067811865487940 ) ) ;
#2158 = DIRECTION ( 'NONE',  ( 4.876176775795935793E-29, -1.000000000000000000, 6.982962677686266711E-15 ) ) ;
#2159 = CIRCLE ( 'NONE', #3495, 1.000000000000000888 ) ;
#2160 = VERTEX_POINT ( 'NONE', #2086 ) ;
#2161 = DIRECTION ( 'NONE',  ( -6.982939617164435429E-15, -6.938893903907211812E-15, -1.000000000000000000 ) ) ;
#2162 = CIRCLE ( 'NONE', #2337, 26.99999999999998224 ) ;
#2163 = LINE ( 'NONE', #476, #2249 ) ;
#2164 = CIRCLE ( 'NONE', #1889, 1.999999999999997780 ) ;
#2165 = LOCAL_TIME ( 15, 28, 52.00000000000000000, #1199 ) ;
#2166 = ORIENTED_EDGE ( 'NONE', *, *, #526, .F. ) ;
#2167 = CARTESIAN_POINT ( 'NONE',  ( -20.05156177028560194, 22.52771821202379954, 38.01994917904038118 ) ) ;
#2168 = DIRECTION ( 'NONE',  ( 0.5000000000000024425, -0.7071067811865472397, 0.4999999999999979461 ) ) ;
#2169 = ADVANCED_FACE ( 'NONE', ( #3790 ), #4101, .T. ) ;
#2170 = FACE_OUTER_BOUND ( 'NONE', #3972, .T. ) ;
#2171 = PLANE ( 'NONE',  #1618 ) ;
#2172 = B_SPLINE_CURVE_WITH_KNOTS ( 'NONE', 3,
 ( #2914, #4582, #340, #2549, #5483, #421, #4610, #4634, #5452, #2494, #1233, #3389, #1624, #4553, #2942, #2440, #1258, #1657, #2469, #4170, #2110, #3364, #2055, #4664, #813, #1592, #4196, #5002, #2885, #840, #3333, #366, #2522 ),
 .UNSPECIFIED., .F., .F.,
 ( 4, 2, 2, 1, 1, 1, 1, 2, 2, 2, 1, 1, 1, 2, 2, 2, 1, 1, 2, 2, 4 ),
 ( 0.000000000000000000, 0.1250000000000740796, 0.1875000000001121603, 0.2187500000001298683, 0.2343750000001389167, 0.2421875000001459666, 0.2460937500001494915, 0.2480468750001500189, 0.2500000000001505462, 0.3750000000001230682, 0.4375000000001092459, 0.4687500000001004197, 0.4843750000000969225, 0.4921875000000919820, 0.5000000000000869305, 0.6250000000000517364, 0.6875000000000346390, 0.7187500000000249800, 0.7343750000000212053, 0.7500000000000174305, 1.000000000000000000 ),
 .UNSPECIFIED. ) ;
#2173 = ORIENTED_EDGE ( 'NONE', *, *, #3424, .F. ) ;
#2174 = FACE_OUTER_BOUND ( 'NONE', #3233, .T. ) ;
#2175 = ORIENTED_EDGE ( 'NONE', *, *, #4384, .F. ) ;
#2176 = ADVANCED_FACE ( 'NONE', ( #1262 ), #959, .F. ) ;
#2177 = LINE ( 'NONE', #1721, #3629 ) ;
#2178 = CARTESIAN_POINT ( 'NONE',  ( -34.01064545172393139, 30.01644596328647197, 51.39108531332507823 ) ) ;
#2179 = AXIS2_PLACEMENT_3D ( 'NONE', #1128, #594, #619 ) ;
#2180 = CYLINDRICAL_SURFACE ( 'NONE', #313, 9.999999999999996447 ) ;
#2181 = DIRECTION ( 'NONE',  ( -2.284052576702794009E-14, -6.938893903907222067E-15, -1.000000000000000000 ) ) ;
#2182 = CIRCLE ( 'NONE', #1906, 3.500000000000000000 ) ;
#2183 = CARTESIAN_POINT ( 'NONE',  ( -37.11181401592438789, 22.38890729257708401, 19.33517977222605211 ) ) ;
#2184 = ORIENTED_EDGE ( 'NONE', *, *, #286, .F. ) ;
#2185 = CARTESIAN_POINT ( 'NONE',  ( -28.04929296963161534, 21.39583405174528963, 16.93995189492770237 ) ) ;
#2186 = DIRECTION ( 'NONE',  ( -4.876176775795935793E-29, 1.000000000000000000, -6.982962677686266711E-15 ) ) ;
#2187 = DIRECTION ( 'NONE',  ( -6.308085367188407793E-15, -6.308085367188407793E-15, -1.000000000000000000 ) ) ;
#2188 = CARTESIAN_POINT ( 'NONE',  ( -10.05359585403554057, 36.21507200480002808, 56.78059404546662137 ) ) ;
#2189 = VERTEX_POINT ( 'NONE', #3843 ) ;
#2190 = CARTESIAN_POINT ( 'NONE',  ( -10.22859585403559812, 29.31711052285280061, 48.47859585403500660 ) ) ;
#2191 = CARTESIAN_POINT ( 'NONE',  ( -17.70165176073318847, 29.14439558867264424, 50.19534963522795579 ) ) ;
#2192 = DIRECTION ( 'NONE',  ( -0.7071067811865524577, -4.937700262164531476E-15, -0.7071067811865426878 ) ) ;
#2193 = VECTOR ( 'NONE', #1223, 1000.000000000000114 ) ;
#2194 = DIRECTION ( 'NONE',  ( 1.000000000000000000, 0.000000000000000000, -6.982962677686266711E-15 ) ) ;
#2195 = CARTESIAN_POINT ( 'NONE',  ( -2.996452996892910559, 23.38890729257719414, 25.80285844302898113 ) ) ;
#2196 = DIRECTION ( 'NONE',  ( 0.6546536707079687600, -0.3779644730092268090, -0.6546536707079857464 ) ) ;
#2197 = CARTESIAN_POINT ( 'NONE',  ( -40.30746253255860978, 22.92480567743934827, 23.42641981728140621 ) ) ;
#2198 = ORIENTED_EDGE ( 'NONE', *, *, #868, .F. ) ;
#2199 = ADVANCED_FACE ( 'NONE', ( #2170 ), #1376, .F. ) ;
#2200 = CARTESIAN_POINT ( 'NONE',  ( 0.02140414596405772196, 29.31711052285245955, -0.02140414596490426702 ) ) ;
#2201 = CIRCLE ( 'NONE', #1932, 1.099999999999996758 ) ;
#2202 = ORIENTED_EDGE ( 'NONE', *, *, #5375, .T. ) ;
#2203 = EDGE_CURVE ( 'NONE', #2269, #4252, #4253, .T. ) ;
#2204 = ORIENTED_EDGE ( 'NONE', *, *, #3360, .F. ) ;
#2205 = DIRECTION ( 'NONE',  ( -4.937700262164488089E-15, -0.7071067811865536790, -0.7071067811865414665 ) ) ;
#2206 = LINE ( 'NONE', #3854, #134 ) ;
#2207 = LINE ( 'NONE', #49, #1192 ) ;
#2208 = EDGE_CURVE ( 'NONE', #4432, #4453, #4754, .T. ) ;
#2209 = ORIENTED_EDGE ( 'NONE', *, *, #124, .T. ) ;
#2210 = DIRECTION ( 'NONE',  ( -4.876176775795935793E-29, 1.000000000000000000, -6.982962677686266711E-15 ) ) ;
#2211 = ORIENTED_EDGE ( 'NONE', *, *, #1207, .F. ) ;
#2212 = CARTESIAN_POINT ( 'NONE',  ( -24.84848549856132038, 20.49619248854099496, 13.26698237915058165 ) ) ;
#2213 = CARTESIAN_POINT ( 'NONE',  ( -22.10662599755412216, 23.06767969546308805, 39.57111972027743718 ) ) ;
#2214 = AXIS2_PLACEMENT_3D ( 'NONE', #1095, #4840, #4924 ) ;
#2215 = PLANE ( 'NONE',  #4324 ) ;
#2216 = CYLINDRICAL_SURFACE ( 'NONE', #4400, 26.00000000000000355 ) ;
#2217 = EDGE_CURVE ( 'NONE', #2877, #16, #402, .T. ) ;
#2218 = ORIENTED_EDGE ( 'NONE', *, *, #537, .T. ) ;
#2219 = CARTESIAN_POINT ( 'NONE',  ( 5.678258395456529328, 22.38890729257698808, 5.635450103527518628 ) ) ;
#2220 = DIRECTION ( 'NONE',  ( -0.6768508792395084850, 0.7071067811865507924, 0.2046286570172896890 ) ) ;
#2221 = VERTEX_POINT ( 'NONE', #1294 ) ;
#2222 = PLANE ( 'NONE',  #1609 ) ;
#2223 = CARTESIAN_POINT ( 'NONE',  ( -35.79910392972454503, 22.38890729257706269, 16.47067680497772812 ) ) ;
#2224 = CARTESIAN_POINT ( 'NONE',  ( -25.23542042486641890, 20.70014230014328760, 6.281097234262467133 ) ) ;
#2225 = CARTESIAN_POINT ( 'NONE',  ( -6.228595854035726020, 28.38890729257716572, 31.22859585403513805 ) ) ;
#2226 = ORIENTED_EDGE ( 'NONE', *, *, #1512, .F. ) ;
#2227 = FACE_OUTER_BOUND ( 'NONE', #1379, .T. ) ;
#2228 = VERTEX_POINT ( 'NONE', #873 ) ;
#2229 = EDGE_LOOP ( 'NONE', ( #2202, #4003, #667, #571 ) ) ;
#2230 = CARTESIAN_POINT ( 'NONE',  ( -34.55131004631930836, 29.95905863940723890, 51.65984225084037718 ) ) ;
#2231 = PLANE ( 'NONE',  #2872 ) ;
#2232 = CARTESIAN_POINT ( 'NONE',  ( 0.02140414596405772196, 28.38890729257694190, -0.02140414596490426702 ) ) ;
#2233 = ORIENTED_EDGE ( 'NONE', *, *, #1239, .F. ) ;
#2234 = EDGE_CURVE ( 'NONE', #4628, #2792, #4522, .T. ) ;
#2235 = DIRECTION ( 'NONE',  ( -6.938893903907229167E-15, -6.938893903907229167E-15, -1.000000000000000000 ) ) ;
#2236 = ORIENTED_EDGE ( 'NONE', *, *, #792, .F. ) ;
#2237 = CARTESIAN_POINT ( 'NONE',  ( -25.82331156840199426, 28.38890729257699874, 7.792088648144490648 ) ) ;
#2238 = CARTESIAN_POINT ( 'NONE',  ( -17.23395085725272224, 30.13435285533099517, 50.93732462632555524 ) ) ;
#2239 = CARTESIAN_POINT ( 'NONE',  ( -36.08887153846765727, 29.50698632888422779, 52.64982519315510245 ) ) ;
#2240 = CARTESIAN_POINT ( 'NONE',  ( 0.02140414596405772196, 36.38890729257695256, -0.02140414596495977817 ) ) ;
#2241 = ADVANCED_FACE ( 'NONE', ( #3001 ), #3873, .F. ) ;
#2242 = EDGE_CURVE ( 'NONE', #611, #4674, #1486, .T. ) ;
#2243 = B_SPLINE_SURFACE_WITH_KNOTS ( 'NONE', 1, 3, ( 
 ( #968, #4876, #1048, #4015, #2670, #2725, #3628, #4369, #4455, #626, #547, #2341 ),
 ( #4043, #212, #939, #2647, #4346, #2258, #5237, #4959, #1135, #4563, #1576, #1979 ) ),
 .UNSPECIFIED., .F., .F., .F.,
 ( 2, 2 ),
 ( 4, 2, 2, 2, 2, 4 ),
 ( 0.000000000000000000, 1.000000000000000000 ),
 ( 0.000000000000000000, 0.002083005836503531126, 0.003124508754755296689, 0.004166011673007062252, 0.006249017509510593378, 0.008332023346014124504 ),
 .UNSPECIFIED. ) ;
#2244 = ORIENTED_EDGE ( 'NONE', *, *, #1115, .T. ) ;
#2245 = DIRECTION ( 'NONE',  ( 4.937700262164571708E-15, -0.7071067811865416886, 0.7071067811865532349 ) ) ;
#2246 = FACE_OUTER_BOUND ( 'NONE', #1081, .T. ) ;
#2247 = ORIENTED_EDGE ( 'NONE', *, *, #693, .T. ) ;
#2248 = VECTOR ( 'NONE', #3141, 1000.000000000000000 ) ;
#2249 = VECTOR ( 'NONE', #3500, 1000.000000000000000 ) ;
#2250 = DIRECTION ( 'NONE',  ( 4.937700262164496766E-15, 0.7071067811865524577, 0.7071067811865425767 ) ) ;
#2251 = CARTESIAN_POINT ( 'NONE',  ( -36.88766415519523179, 22.42272049863153427, 18.24329609300799149 ) ) ;
#2252 = PLANE ( 'NONE',  #777 ) ;
#2253 = CARTESIAN_POINT ( 'NONE',  ( -18.19555975045360796, 30.02000534104403329, 50.67627295550263966 ) ) ;
#2254 = DIRECTION ( 'NONE',  ( 4.876176775795935793E-29, -1.000000000000000000, 6.982962677686266711E-15 ) ) ;
#2255 = ORIENTED_EDGE ( 'NONE', *, *, #4092, .F. ) ;
#2256 = ORIENTED_EDGE ( 'NONE', *, *, #2711, .F. ) ;
#2257 = CARTESIAN_POINT ( 'NONE',  ( -51.72859585403556082, 29.38890729257740375, 65.40016872928914893 ) ) ;
#2258 = CARTESIAN_POINT ( 'NONE',  ( -20.87723182038367398, 22.38890729257721190, 37.86113464578580334 ) ) ;
#2259 = CARTESIAN_POINT ( 'NONE',  ( -51.72859585403556082, 22.38890729257740375, 65.40016872928917735 ) ) ;
#2260 = CIRCLE ( 'NONE', #469, 6.999999999999992006 ) ;
#2261 = ORIENTED_EDGE ( 'NONE', *, *, #1265, .F. ) ;
#2262 = FACE_OUTER_BOUND ( 'NONE', #1182, .T. ) ;
#2263 = ORIENTED_EDGE ( 'NONE', *, *, #945, .T. ) ;
#2264 = VECTOR ( 'NONE', #1359, 1000.000000000000000 ) ;
#2265 = CARTESIAN_POINT ( 'NONE',  ( -17.11317990081120755, 22.39109354456205025, 35.08749262250547218 ) ) ;
#2266 = CARTESIAN_POINT ( 'NONE',  ( -33.95217054760730235, 29.42012310384854956, 51.13961332748962718 ) ) ;
#2267 = DIRECTION ( 'NONE',  ( 4.876176775795935793E-29, -1.000000000000000000, 6.982962677686266711E-15 ) ) ;
#2268 = AXIS2_PLACEMENT_3D ( 'NONE', #253, #3585, #3646 ) ;
#2269 = VERTEX_POINT ( 'NONE', #1686 ) ;
#2270 = EDGE_CURVE ( 'NONE', #5173, #5257, #3367, .T. ) ;
#2271 = CARTESIAN_POINT ( 'NONE',  ( -11.21846634052629099, 22.99920048355888724, 39.24443046316331163 ) ) ;
#2272 = LINE ( 'NONE', #3921, #814 ) ;
#2273 = LINE ( 'NONE', #3644, #4682 ) ;
#2274 = EDGE_CURVE ( 'NONE', #678, #5191, #3087, .T. ) ;
#2275 = CARTESIAN_POINT ( 'NONE',  ( -39.02744666498895043, 22.38890729257710532, 23.03198157351966557 ) ) ;
#2276 = EDGE_CURVE ( 'NONE', #4299, #2611, #5507, .T. ) ;
#2277 = CARTESIAN_POINT ( 'NONE',  ( -7.228595854035685164, 23.38890729257726520, 36.22859585403517713 ) ) ;
#2278 = CARTESIAN_POINT ( 'NONE',  ( -42.97750241724737919, 28.38890729257735401, 58.06328885487405245 ) ) ;
#2279 = LINE ( 'NONE', #3981, #4693 ) ;
#2280 = CARTESIAN_POINT ( 'NONE',  ( -42.08932631804492530, 22.38890729257714085, 27.00353988041763387 ) ) ;
#2281 = EDGE_CURVE ( 'NONE', #2730, #5380, #2554, .T. ) ;
#2282 = CARTESIAN_POINT ( 'NONE',  ( -40.30746253255860978, 22.92480567743934827, 23.42641981728140621 ) ) ;
#2283 = EDGE_LOOP ( 'NONE', ( #2675, #99, #298, #4872 ) ) ;
#2284 = VECTOR ( 'NONE', #3269, 999.9999999999998863 ) ;
#2285 = CIRCLE ( 'NONE', #4066, 2.000000000000001776 ) ;
#2286 = ORIENTED_EDGE ( 'NONE', *, *, #2601, .T. ) ;
#2287 = DIRECTION ( 'NONE',  ( 1.000000000000000000, 0.000000000000000000, -6.982962677686266711E-15 ) ) ;
#2288 = CARTESIAN_POINT ( 'NONE',  ( 10.27140414596450313, 35.38890729257740730, 64.97859585403496396 ) ) ;
#2289 = CC_DESIGN_DATE_AND_TIME_ASSIGNMENT ( #4994, #3324, ( #639 ) ) ;
#2290 = CARTESIAN_POINT ( 'NONE',  ( -31.22859585403589477, 28.38890729257699164, 6.228595854035309465 ) ) ;
#2291 = VERTEX_POINT ( 'NONE', #4281 ) ;
#2292 = LINE ( 'NONE', #5240, #737 ) ;
#2293 = EDGE_LOOP ( 'NONE', ( #912, #4523, #2346, #483 ) ) ;
#2294 = CARTESIAN_POINT ( 'NONE',  ( -16.19816577927979395, 30.25591178119127633, 51.32677588552694203 ) ) ;
#2295 = CARTESIAN_POINT ( 'NONE',  ( -50.03611373785975758, 29.16951116971232949, 32.26520449693962433 ) ) ;
#2296 = LINE ( 'NONE', #3918, #3070 ) ;
#2297 = ORIENTED_EDGE ( 'NONE', *, *, #5092, .T. ) ;
#2298 = FACE_OUTER_BOUND ( 'NONE', #1306, .T. ) ;
#2299 = CARTESIAN_POINT ( 'NONE',  ( -38.69686560546941934, 22.76009197892746982, 21.14051148085655640 ) ) ;
#2300 = AXIS2_PLACEMENT_3D ( 'NONE', #3477, #3028, #5090 ) ;
#2301 = FACE_BOUND ( 'NONE', #4529, .T. ) ;
#2302 = CIRCLE ( 'NONE', #4787, 3.500000000000000000 ) ;
#2303 = CARTESIAN_POINT ( 'NONE',  ( -51.02148907284900048, 36.38890729257741441, 66.10727551047565953 ) ) ;
#2304 = CARTESIAN_POINT ( 'NONE',  ( -18.48199359657225571, 29.19108411487556864, 50.27709265819849094 ) ) ;
#2305 = CARTESIAN_POINT ( 'NONE',  ( -38.39922547973471012, 22.57699686097757663, 20.64377796578100188 ) ) ;
#2306 = EDGE_LOOP ( 'NONE', ( #1635, #3652, #5241, #3431 ) ) ;
#2307 = LINE ( 'NONE', #4446, #2121 ) ;
#2308 = DIRECTION ( 'NONE',  ( -6.982962677686266711E-15, -6.982962677686266711E-15, -1.000000000000000000 ) ) ;
#2309 = EDGE_CURVE ( 'NONE', #310, #4143, #3339, .T. ) ;
#2310 = CARTESIAN_POINT ( 'NONE',  ( -23.42641981728164779, 22.92480567743946906, 40.30746253255811951 ) ) ;
#2311 = EDGE_LOOP ( 'NONE', ( #1891, #3223, #3647, #2989 ) ) ;
#2312 = ORIENTED_EDGE ( 'NONE', *, *, #423, .T. ) ;
#2313 = LINE ( 'NONE', #5236, #2828 ) ;
#2314 = DIRECTION ( 'NONE',  ( 0.5000000000000026645, 0.7071067811865560104, 0.4999999999999852895 ) ) ;
#2315 = ORIENTED_EDGE ( 'NONE', *, *, #4653, .T. ) ;
#2316 = DIRECTION ( 'NONE',  ( -4.876176775795936353E-29, 1.000000000000000000, -6.982962677686267499E-15 ) ) ;
#2317 = VERTEX_POINT ( 'NONE', #5202 ) ;
#2318 = CARTESIAN_POINT ( 'NONE',  ( -26.82853812295659068, 21.43933358365452690, 16.88545539525687644 ) ) ;
#2319 = CARTESIAN_POINT ( 'NONE',  ( -35.05712632648295113, 29.48171369319626578, 51.84609335650378625 ) ) ;
#2320 = PLANE ( 'NONE',  #2978 ) ;
#2321 = VERTEX_POINT ( 'NONE', #4781 ) ;
#2322 = CARTESIAN_POINT ( 'NONE',  ( -46.99031193246635496, 23.38890729257714085, 30.49031193246604943 ) ) ;
#2323 = CARTESIAN_POINT ( 'NONE',  ( -10.22859585403566030, 24.01270492467312678, 39.29109585403513449 ) ) ;
#2324 = CARTESIAN_POINT ( 'NONE',  ( -10.22859585403568694, 29.31711052285271535, 36.22859585403515581 ) ) ;
#2325 = CARTESIAN_POINT ( 'NONE',  ( -38.09111668663960870, 22.38890729257709467, 21.32537168197224986 ) ) ;
#2326 = ORIENTED_EDGE ( 'NONE', *, *, #5161, .T. ) ;
#2327 = CARTESIAN_POINT ( 'NONE',  ( -18.51001943070820488, 29.10792641506251854, 50.11627835120646779 ) ) ;
#2328 = LINE ( 'NONE', #705, #186 ) ;
#2329 = PLANE ( 'NONE',  #3189 ) ;
#2330 = AXIS2_PLACEMENT_3D ( 'NONE', #4387, #2999, #3979 ) ;
#2331 = CARTESIAN_POINT ( 'NONE',  ( -37.56467105775384852, 22.38890729257707335, 18.58935735861295413 ) ) ;
#2332 = CIRCLE ( 'NONE', #8, 9.000000000000021316 ) ;
#2333 = CARTESIAN_POINT ( 'NONE',  ( -10.05359585403552636, 35.64687123726398710, 59.17659766260357657 ) ) ;
#2334 = VERTEX_POINT ( 'NONE', #1040 ) ;
#2335 = DIRECTION ( 'NONE',  ( -4.876176775795935793E-29, 1.000000000000000000, -6.982962677686266711E-15 ) ) ;
#2336 = EDGE_CURVE ( 'NONE', #4559, #3551, #4878, .T. ) ;
#2337 = AXIS2_PLACEMENT_3D ( 'NONE', #291, #711, #2777 ) ;
#2338 = LOCAL_TIME ( 15, 28, 52.00000000000000000, #5078 ) ;
#2339 = VERTEX_POINT ( 'NONE', #5314 ) ;
#2340 = CARTESIAN_POINT ( 'NONE',  ( -6.780594045467191577, 34.58890729257723251, 40.90359585403510323 ) ) ;
#2341 = CARTESIAN_POINT ( 'NONE',  ( -16.47067680497804787, 22.38890729257718704, 35.79910392972396949 ) ) ;
#2342 = ADVANCED_FACE ( 'NONE', ( #1943 ), #2329, .F. ) ;
#2343 = ORIENTED_EDGE ( 'NONE', *, *, #1312, .F. ) ;
#2344 = CARTESIAN_POINT ( 'NONE',  ( -39.89359776354189080, 22.38890729257711953, 24.42246778466172685 ) ) ;
#2345 = ADVANCED_FACE ( 'NONE', ( #4065 ), #1485, .F. ) ;
#2346 = ORIENTED_EDGE ( 'NONE', *, *, #2111, .T. ) ;
#2347 = CARTESIAN_POINT ( 'NONE',  ( -16.73886543034834773, 30.19586032591320901, 51.10726576695359569 ) ) ;
#2348 = CARTESIAN_POINT ( 'NONE',  ( -50.17941805931163657, 27.86721127819317090, 33.67941805931137367 ) ) ;
#2349 = CARTESIAN_POINT ( 'NONE',  ( -2.228595854035819279, 22.38890729257714085, 27.78934018064389022 ) ) ;
#2350 = ORIENTED_EDGE ( 'NONE', *, *, #2930, .T. ) ;
#2351 = ADVANCED_FACE ( 'NONE', ( #3650 ), #2252, .F. ) ;
#2352 = CARTESIAN_POINT ( 'NONE',  ( -10.05359585403553524, 35.94699513175742567, 57.56540825955709550 ) ) ;
#2353 = AXIS2_PLACEMENT_3D ( 'NONE', #4372, #1867, #2729 ) ;
#2354 = CARTESIAN_POINT ( 'NONE',  ( -35.76768805486575076, 22.38895664055847590, 16.43297775514718140 ) ) ;
#2355 = AXIS2_PLACEMENT_3D ( 'NONE', #3608, #666, #2014 ) ;
#2356 = CARTESIAN_POINT ( 'NONE',  ( -6.780594045467164044, 34.58890729257726093, 45.05359585403507339 ) ) ;
#2357 = DIRECTION ( 'NONE',  ( -0.6546536707079697592, 0.3779644730092284188, 0.6546536707079837480 ) ) ;
#2358 = VERTEX_POINT ( 'NONE', #202 ) ;
#2359 = CARTESIAN_POINT ( 'NONE',  ( -34.94447012723787793, 29.47748714842779805, 51.76660910514195280 ) ) ;
#2360 = LINE ( 'NONE', #5281, #2866 ) ;
#2361 = CARTESIAN_POINT ( 'NONE',  ( -40.68192864703690503, 23.00004563424291959, 23.92067200756947898 ) ) ;
#2362 = CARTESIAN_POINT ( 'NONE',  ( -43.65817449424140051, 18.38890729257736467, 60.15817449424122998 ) ) ;
#2363 = ORIENTED_EDGE ( 'NONE', *, *, #249, .F. ) ;
#2364 = DIRECTION ( 'NONE',  ( 1.000000000000000000, 0.000000000000000000, -6.982962677686266711E-15 ) ) ;
#2365 = ORIENTED_EDGE ( 'NONE', *, *, #1539, .F. ) ;
#2366 = EDGE_CURVE ( 'NONE', #784, #2815, #3198, .T. ) ;
#2367 = CARTESIAN_POINT ( 'NONE',  ( -11.22065781576534960, 29.31711052285281838, 50.81071586252863881 ) ) ;
#2368 = CARTESIAN_POINT ( 'NONE',  ( -6.448617640683168339, 36.38890729257724388, 41.47859585403507765 ) ) ;
#2369 = EDGE_CURVE ( 'NONE', #2668, #3179, #3954, .T. ) ;
#2370 = CIRCLE ( 'NONE', #4412, 1.000000000000021760 ) ;
#2371 = ORIENTED_EDGE ( 'NONE', *, *, #2048, .F. ) ;
#2372 = LINE ( 'NONE', #2425, #3782 ) ;
#2373 = VERTEX_POINT ( 'NONE', #1826 ) ;
#2374 = EDGE_CURVE ( 'NONE', #1389, #3185, #3538, .T. ) ;
#2375 = CARTESIAN_POINT ( 'NONE',  ( -16.63080525840927848, 30.20883123688363270, 51.14758911421832721 ) ) ;
#2376 = ADVANCED_FACE ( 'NONE', ( #1012 ), #1423, .F. ) ;
#2377 = CYLINDRICAL_SURFACE ( 'NONE', #4502, 3.499999999999999556 ) ;
#2378 = CARTESIAN_POINT ( 'NONE',  ( -53.14280941640864597, 35.38890729257741441, 66.81438229166219855 ) ) ;
#2379 = ORIENTED_EDGE ( 'NONE', *, *, #116, .T. ) ;
#2380 = CARTESIAN_POINT ( 'NONE',  ( -11.18809225012966380, 22.90519598834615422, 38.97218399778659403 ) ) ;
#2381 = AXIS2_PLACEMENT_3D ( 'NONE', #3806, #2490, #4605 ) ;
#2382 = DIRECTION ( 'NONE',  ( 0.5000000000000029976, -0.7071067811865445751, 0.5000000000000009992 ) ) ;
#2383 = CARTESIAN_POINT ( 'NONE',  ( -6.780594045467164044, 36.38890729257726520, 45.05359585403505918 ) ) ;
#2384 = EDGE_CURVE ( 'NONE', #1037, #4351, #4893, .T. ) ;
#2385 = DIRECTION ( 'NONE',  ( -6.982939617164450418E-15, -6.938893903907226800E-15, -1.000000000000000000 ) ) ;
#2386 = ORIENTED_EDGE ( 'NONE', *, *, #2922, .F. ) ;
#2387 = VECTOR ( 'NONE', #5342, 1000.000000000000000 ) ;
#2388 = CARTESIAN_POINT ( 'NONE',  ( -36.72382913989695652, 29.51373443356951753, 53.22688569705024264 ) ) ;
#2389 = DIRECTION ( 'NONE',  ( -4.876176775795935793E-29, 1.000000000000000000, -6.982962677686266711E-15 ) ) ;
#2390 = PLANE ( 'NONE',  #209 ) ;
#2391 = VECTOR ( 'NONE', #4396, 1000.000000000000000 ) ;
#2392 = CARTESIAN_POINT ( 'NONE',  ( -26.51238836027092916, 22.38890729257724388, 41.59811518428973187 ) ) ;
#2393 = B_SPLINE_CURVE_WITH_KNOTS ( 'NONE', 3,
 ( #3832, #5079, #3751, #5447 ),
 .UNSPECIFIED., .F., .F.,
 ( 4, 4 ),
 ( 0.000000000000000000, 0.001501112755703135678 ),
 .UNSPECIFIED. ) ;
#2394 = ORIENTED_EDGE ( 'NONE', *, *, #5170, .T. ) ;
#2395 = FACE_OUTER_BOUND ( 'NONE', #5341, .T. ) ;
#2396 = ORIENTED_EDGE ( 'NONE', *, *, #184, .F. ) ;
#2397 = CARTESIAN_POINT ( 'NONE',  ( -11.22859585403564076, 29.31711052285281482, 51.01449423889740586 ) ) ;
#2398 = DIRECTION ( 'NONE',  ( 6.938893903907229167E-15, 6.938893903907229167E-15, 1.000000000000000000 ) ) ;
#2399 = EDGE_LOOP ( 'NONE', ( #932, #1837, #1044, #3876 ) ) ;
#2400 = DIRECTION ( 'NONE',  ( -4.876176775795935793E-29, 1.000000000000000000, -6.982962677686266711E-15 ) ) ;
#2401 = VERTEX_POINT ( 'NONE', #1883 ) ;
#2402 = CARTESIAN_POINT ( 'NONE',  ( -15.79788172248202116, 30.29083829634016922, 51.51351442749859189 ) ) ;
#2403 = PLANE ( 'NONE',  #5214 ) ;
#2404 = CARTESIAN_POINT ( 'NONE',  ( -10.39658624618123284, 28.38890729257718704, 34.43821680652336426 ) ) ;
#2405 = ORIENTED_EDGE ( 'NONE', *, *, #1537, .T. ) ;
#2406 = CARTESIAN_POINT ( 'NONE',  ( -11.22286217678596643, 23.03343660488912903, 39.33418336822841610 ) ) ;
#2407 = EDGE_CURVE ( 'NONE', #3282, #4194, #1595, .T. ) ;
#2408 = CARTESIAN_POINT ( 'NONE',  ( 0.02140414596405772196, 34.58890729257694829, -0.02140414596494590038 ) ) ;
#2409 = DIRECTION ( 'NONE',  ( 4.876176775795935793E-29, -1.000000000000000000, 6.982962677686266711E-15 ) ) ;
#2410 = EDGE_LOOP ( 'NONE', ( #640, #246, #4964, #1279, #3738 ) ) ;
#2411 = CARTESIAN_POINT ( 'NONE',  ( -35.35852624974118186, 29.49222413137899323, 52.06255062222294328 ) ) ;
#2412 = EDGE_CURVE ( 'NONE', #4138, #2899, #3991, .T. ) ;
#2413 = CARTESIAN_POINT ( 'NONE',  ( -49.47859585403571714, 28.73976025366305720, 31.15016872928922353 ) ) ;
#2414 = DIRECTION ( 'NONE',  ( 0.7071067811865386910, -4.937700262164559875E-15, -0.7071067811865564545 ) ) ;
#2415 = DIRECTION ( 'NONE',  ( 0.7071067811865462405, -5.046468293750697993E-15, -0.7071067811865487940 ) ) ;
#2416 = ORIENTED_EDGE ( 'NONE', *, *, #5487, .F. ) ;
#2417 = CARTESIAN_POINT ( 'NONE',  ( -25.73489303329872513, 20.20453917319909465, 7.718665996028716059 ) ) ;
#2418 = VECTOR ( 'NONE', #3474, 1000.000000000000000 ) ;
#2419 = EDGE_LOOP ( 'NONE', ( #4186, #5246, #4267, #4662 ) ) ;
#2420 = DIRECTION ( 'NONE',  ( -6.938893903907318308E-15, -6.938893903907318308E-15, -1.000000000000000000 ) ) ;
#2421 = VECTOR ( 'NONE', #4276, 1000.000000000000000 ) ;
#2422 = CARTESIAN_POINT ( 'NONE',  ( -10.22859585403551463, 30.31711052285291075, 60.47859585403513449 ) ) ;
#2423 = ORIENTED_EDGE ( 'NONE', *, *, #4939, .F. ) ;
#2424 = AXIS2_PLACEMENT_3D ( 'NONE', #3203, #2835, #1154 ) ;
#2425 = CARTESIAN_POINT ( 'NONE',  ( -35.47859585403565319, 36.38890729257722967, 40.47859585403528371 ) ) ;
#2426 = ORIENTED_EDGE ( 'NONE', *, *, #2445, .F. ) ;
#2427 = VECTOR ( 'NONE', #3792, 1000.000000000000000 ) ;
#2428 = AXIS2_PLACEMENT_3D ( 'NONE', #3133, #3580, #642 ) ;
#2429 = CARTESIAN_POINT ( 'NONE',  ( -24.44640615108122006, 20.30467432464106992, 9.933947122392856599 ) ) ;
#2430 = DIRECTION ( 'NONE',  ( -4.876176775795935793E-29, 1.000000000000000000, -6.982962677686266711E-15 ) ) ;
#2431 = LINE ( 'NONE', #3184, #35 ) ;
#2432 = ORIENTED_EDGE ( 'NONE', *, *, #2943, .T. ) ;
#2433 = CARTESIAN_POINT ( 'NONE',  ( -8.204970620804155956, 23.39581648224222477, 36.39148305772974368 ) ) ;
#2434 = COORDINATED_UNIVERSAL_TIME_OFFSET ( 8, 0, .AHEAD. ) ;
#2435 = LINE ( 'NONE', #3669, #2109 ) ;
#2436 = EDGE_CURVE ( 'NONE', #384, #2321, #2307, .T. ) ;
#2437 = VECTOR ( 'NONE', #4431, 1000.000000000000114 ) ;
#2438 = ORIENTED_EDGE ( 'NONE', *, *, #4486, .T. ) ;
#2439 = CARTESIAN_POINT ( 'NONE',  ( -36.17834332234172479, 23.38890729257719414, 26.27884838572976633 ) ) ;
#2440 = CARTESIAN_POINT ( 'NONE',  ( -25.14298619591210837, 23.19458072537100435, 41.70583309931167548 ) ) ;
#2441 = ADVANCED_FACE ( 'NONE', ( #1066 ), #1573, .F. ) ;
#2442 = AXIS2_PLACEMENT_3D ( 'NONE', #3118, #3540, #3480 ) ;
#2443 = DIRECTION ( 'NONE',  ( -0.7071067811865532349, -4.937700262164525954E-15, -0.7071067811865419106 ) ) ;
#2444 = EDGE_CURVE ( 'NONE', #2540, #4794, #2279, .T. ) ;
#2445 = EDGE_CURVE ( 'NONE', #3821, #4759, #5400, .T. ) ;
#2446 = VECTOR ( 'NONE', #2846, 999.9999999999998863 ) ;
#2447 = CARTESIAN_POINT ( 'NONE',  ( -29.97859585403608307, 22.38890729257680690, -20.12190920935274363 ) ) ;
#2448 = ORIENTED_EDGE ( 'NONE', *, *, #3739, .T. ) ;
#2449 = CARTESIAN_POINT ( 'NONE',  ( -10.05359585403554057, 36.21507200480002808, 56.78059404546662137 ) ) ;
#2450 = EDGE_LOOP ( 'NONE', ( #3672, #1015, #2594, #1664, #485 ) ) ;
#2451 = DIRECTION ( 'NONE',  ( 7.021499783715655013E-15, 6.608470384673557335E-15, 1.000000000000000000 ) ) ;
#2452 = DIRECTION ( 'NONE',  ( -0.7071067811865467956, 0.7071067811865483499, -1.104405267309416528E-29 ) ) ;
#2453 = ADVANCED_FACE ( 'NONE', ( #4197 ), #3253, .F. ) ;
#2454 = ORIENTED_EDGE ( 'NONE', *, *, #2615, .F. ) ;
#2455 = CARTESIAN_POINT ( 'NONE',  ( -25.73489303329873223, 20.20453917319909820, 7.718665996028674314 ) ) ;
#2456 = ORIENTED_EDGE ( 'NONE', *, *, #490, .T. ) ;
#2457 = CARTESIAN_POINT ( 'NONE',  ( -24.99361543977563827, 20.56532486633708601, 13.69052538148570264 ) ) ;
#2458 = CARTESIAN_POINT ( 'NONE',  ( 4.994791074390799501, 6.139407173591276745, 14.33363605035515320 ) ) ;
#2459 = ORIENTED_EDGE ( 'NONE', *, *, #4830, .F. ) ;
#2460 = LINE ( 'NONE', #1196, #3874 ) ;
#2461 = ORIENTED_EDGE ( 'NONE', *, *, #2384, .F. ) ;
#2462 = CARTESIAN_POINT ( 'NONE',  ( -8.995169013121694590, 23.39094968742973535, 36.80337312248715875 ) ) ;
#2463 = PERSON_AND_ORGANIZATION_ROLE ( 'creator' ) ;
#2464 = CARTESIAN_POINT ( 'NONE',  ( 0.02140414596405772196, 23.38890729257701651, -0.02140414596486263366 ) ) ;
#2465 = CARTESIAN_POINT ( 'NONE',  ( -36.37110573132407865, 22.38890729257707335, 17.73788499302358801 ) ) ;
#2466 = VECTOR ( 'NONE', #1771, 1000.000000000000114 ) ;
#2467 = EDGE_LOOP ( 'NONE', ( #3763, #4381, #3119, #1049 ) ) ;
#2468 = LINE ( 'NONE', #396, #1702 ) ;
#2469 = CARTESIAN_POINT ( 'NONE',  ( -24.90812371327378116, 23.15630159261294096, 41.49883351039244417 ) ) ;
#2470 = CARTESIAN_POINT ( 'NONE',  ( -42.79643309923149985, 23.38890729257713375, 26.29643309923107708 ) ) ;
#2471 = CARTESIAN_POINT ( 'NONE',  ( -10.37459947117257641, 34.58890729257724672, 42.97859585403512028 ) ) ;
#2472 = ORIENTED_EDGE ( 'NONE', *, *, #4997, .T. ) ;
#2473 = DIRECTION ( 'NONE',  ( -4.937700262164556720E-15, 0.7071067811865439090, -0.7071067811865512365 ) ) ;
#2474 = AXIS2_PLACEMENT_3D ( 'NONE', #1949, #3596, #597 ) ;
#2475 = ORIENTED_EDGE ( 'NONE', *, *, #59, .T. ) ;
#2476 = ADVANCED_FACE ( 'NONE', ( #3706 ), #1041, .T. ) ;
#2477 = FACE_OUTER_BOUND ( 'NONE', #3276, .T. ) ;
#2478 = CARTESIAN_POINT ( 'NONE',  ( -16.18101516039245880, 29.25322165185339784, 50.49885817456194559 ) ) ;
#2479 = EDGE_CURVE ( 'NONE', #1139, #3155, #3787, .T. ) ;
#2480 = ORIENTED_EDGE ( 'NONE', *, *, #4422, .F. ) ;
#2481 = CARTESIAN_POINT ( 'NONE',  ( -3.228595854035750889, 28.38890729257713730, 27.78934018064385825 ) ) ;
#2482 = ORIENTED_EDGE ( 'NONE', *, *, #4824, .F. ) ;
#2483 = CARTESIAN_POINT ( 'NONE',  ( -36.64040936397221060, 29.57869347830139972, 53.15013875596520876 ) ) ;
#2484 = CARTESIAN_POINT ( 'NONE',  ( -51.06438229166261067, 35.38890729257718704, 34.56438229166231935 ) ) ;
#2485 = ORIENTED_EDGE ( 'NONE', *, *, #961, .F. ) ;
#2486 = FACE_OUTER_BOUND ( 'NONE', #5522, .T. ) ;
#2487 = ORIENTED_EDGE ( 'NONE', *, *, #4278, .T. ) ;
#2488 = CARTESIAN_POINT ( 'NONE',  ( -11.03206252464040027, 22.68689118959360229, 38.22624615801230163 ) ) ;
#2489 = DATE_AND_TIME ( #781, #1529 ) ;
#2490 = DIRECTION ( 'NONE',  ( -4.876176775795935793E-29, 1.000000000000000000, -6.982962677686266711E-15 ) ) ;
#2491 = FACE_OUTER_BOUND ( 'NONE', #4981, .T. ) ;
#2492 = VERTEX_POINT ( 'NONE', #2056 ) ;
#2493 = LINE ( 'NONE', #1997, #628 ) ;
#2494 = CARTESIAN_POINT ( 'NONE',  ( -25.59344366477556676, 23.26920391472848948, 42.11718531264396859 ) ) ;
#2495 = CARTESIAN_POINT ( 'NONE',  ( -40.94371045036989187, 23.05118783286455653, 24.24944416181109474 ) ) ;
#2496 = CARTESIAN_POINT ( 'NONE',  ( -20.22859585403558569, 36.38890729257730072, 49.47859585403517713 ) ) ;
#2497 = LINE ( 'NONE', #5431, #5266 ) ;
#2498 = CARTESIAN_POINT ( 'NONE',  ( -25.48978116133379501, 20.83482557600473939, 5.036664362311279675 ) ) ;
#2499 = DIRECTION ( 'NONE',  ( 0.2130588602608594062, -0.4591684756709709658, -0.8624211459689172798 ) ) ;
#2500 = ORIENTED_EDGE ( 'NONE', *, *, #4618, .F. ) ;
#2501 = ADVANCED_FACE ( 'NONE', ( #3303 ), #923, .F. ) ;
#2502 = DIRECTION ( 'NONE',  ( -6.938893903907280442E-15, -6.938893903907280442E-15, -1.000000000000000000 ) ) ;
#2503 = ORIENTED_EDGE ( 'NONE', *, *, #4824, .T. ) ;
#2504 = DIRECTION ( 'NONE',  ( 0.4999999999999982792, 0.8660254037844397068, -9.538904411398042611E-15 ) ) ;
#2505 = CARTESIAN_POINT ( 'NONE',  ( -36.39321017816504877, 29.63494978119495471, 52.92813956375152173 ) ) ;
#2506 = CARTESIAN_POINT ( 'NONE',  ( -29.83646023030467376, 29.89446079204246232, 50.47859585403529792 ) ) ;
#2507 = ORIENTED_EDGE ( 'NONE', *, *, #4012, .F. ) ;
#2508 = CARTESIAN_POINT ( 'NONE',  ( -9.109992888598796412, 23.39437781350364887, 36.89184176387129810 ) ) ;
#2509 = ADVANCED_FACE ( 'NONE', ( #3864 ), #2390, .F. ) ;
#2511 = EDGE_CURVE ( 'NONE', #5183, #3611, #1569, .T. ) ;
#2510 = VECTOR ( 'NONE', #1288, 1000.000000000000000 ) ;
#2512 = DIRECTION ( 'NONE',  ( -0.8660254037844349329, 3.491481338843136511E-15, 0.5000000000000064393 ) ) ;
#2513 = ORIENTED_EDGE ( 'NONE', *, *, #875, .T. ) ;
#2514 = CARTESIAN_POINT ( 'NONE',  ( -10.26558284594760373, 22.43014012950844105, 36.71349640091472111 ) ) ;
#2515 = PERSON_AND_ORGANIZATION_ROLE ( 'design_supplier' ) ;
#2516 = DIRECTION ( 'NONE',  ( 1.000000000000000000, 0.000000000000000000, -6.982962677686266711E-15 ) ) ;
#2517 = AXIS2_PLACEMENT_3D ( 'NONE', #3188, #4438, #248 ) ;
#2518 = DIRECTION ( 'NONE',  ( 4.937700262164543309E-15, -0.7071067811865457964, 0.7071067811865492381 ) ) ;
#2519 = EDGE_CURVE ( 'NONE', #2854, #4188, #1626, .T. ) ;
#2520 = EDGE_LOOP ( 'NONE', ( #5462, #3078, #126, #2709 ) ) ;
#2521 = CARTESIAN_POINT ( 'NONE',  ( -36.72817284356944612, 29.55817080982154010, 53.23234087605147380 ) ) ;
#2522 = CARTESIAN_POINT ( 'NONE',  ( -23.42641981728171174, 22.92480567743940156, 40.30746253255811951 ) ) ;
#2523 = CYLINDRICAL_SURFACE ( 'NONE', #3581, 2.000000000000001776 ) ;
#2524 = CARTESIAN_POINT ( 'NONE',  ( -17.37383783672212445, 22.38890729257719769, 36.20740216094688435 ) ) ;
#2525 = VECTOR ( 'NONE', #1159, 999.9999999999998863 ) ;
#2526 = CARTESIAN_POINT ( 'NONE',  ( -26.75932541687725674, 20.73184693570591008, -2.635343580447495615 ) ) ;
#2527 = VECTOR ( 'NONE', #3884, 1000.000000000000000 ) ;
#2528 = DIRECTION ( 'NONE',  ( -0.6546536707079769757, 0.3779644730092279747, 0.6546536707079769757 ) ) ;
#2529 = ORIENTED_EDGE ( 'NONE', *, *, #1682, .F. ) ;
#2530 = CARTESIAN_POINT ( 'NONE',  ( 0.02140414596405772196, 28.38890729257694190, -0.02140414596490426702 ) ) ;
#2531 = ORIENTED_EDGE ( 'NONE', *, *, #759, .F. ) ;
#2532 = EDGE_CURVE ( 'NONE', #5211, #1918, #4532, .T. ) ;
#2533 = DIRECTION ( 'NONE',  ( -6.912157637850478988E-15, -6.982962677686266711E-15, -1.000000000000000000 ) ) ;
#2534 = CARTESIAN_POINT ( 'NONE',  ( -35.84799412423017628, 29.74945823102459386, 52.48716989737057048 ) ) ;
#2535 = ADVANCED_FACE ( 'NONE', ( #4120 ), #1282, .T. ) ;
#2536 = CARTESIAN_POINT ( 'NONE',  ( -6.780594045467191577, 35.81390729257724104, 40.90359585403510323 ) ) ;
#2537 = ORIENTED_EDGE ( 'NONE', *, *, #1650, .F. ) ;
#2538 = CARTESIAN_POINT ( 'NONE',  ( -9.821914560224874080, 23.50080203708110460, 37.71905002247729755 ) ) ;
#2539 = CARTESIAN_POINT ( 'NONE',  ( -37.62310887896266820, 22.38890729257709111, 20.39666188070258812 ) ) ;
#2540 = VERTEX_POINT ( 'NONE', #3336 ) ;
#2541 = CARTESIAN_POINT ( 'NONE',  ( -25.52100279974661134, 20.09444310216074925, 8.523245087149458499 ) ) ;
#2542 = EDGE_CURVE ( 'NONE', #2840, #742, #5034, .T. ) ;
#2543 = CARTESIAN_POINT ( 'NONE',  ( -23.90429132343347618, 22.38890729257722256, 39.56164183397518030 ) ) ;
#2544 = FACE_OUTER_BOUND ( 'NONE', #4900, .T. ) ;
#2545 = VERTEX_POINT ( 'NONE', #3440 ) ;
#2546 = VECTOR ( 'NONE', #5151, 1000.000000000000000 ) ;
#2547 = CARTESIAN_POINT ( 'NONE',  ( -35.36160207332235217, 29.84040334098289193, 52.13981712670200608 ) ) ;
#2548 = VECTOR ( 'NONE', #3275, 1000.000000000000000 ) ;
#2549 = CARTESIAN_POINT ( 'NONE',  ( -25.82418793992980355, 23.30807123258976432, 42.33483424710963305 ) ) ;
#2550 = ADVANCED_FACE ( 'NONE', ( #5135 ), #502, .F. ) ;
#2551 = DIRECTION ( 'NONE',  ( 6.938893903907077705E-15, 6.938893903907077705E-15, 1.000000000000000000 ) ) ;
#2552 = CARTESIAN_POINT ( 'NONE',  ( -17.39765298010115657, 22.38890729257720125, 36.21820048469051301 ) ) ;
#2553 = AXIS2_PLACEMENT_3D ( 'NONE', #4037, #1067, #3457 ) ;
#2554 = LINE ( 'NONE', #3420, #1309 ) ;
#2555 = FACE_OUTER_BOUND ( 'NONE', #2306, .T. ) ;
#2556 = ORIENTED_EDGE ( 'NONE', *, *, #4791, .T. ) ;
#2557 = DIRECTION ( 'NONE',  ( -0.7071067811865424657, -0.6123724356957968018, 0.3535533905932798926 ) ) ;
#2558 = VERTEX_POINT ( 'NONE', #1786 ) ;
#2559 = CARTESIAN_POINT ( 'NONE',  ( -10.22859585403565319, 68.33417298250380156, 40.47859585403488580 ) ) ;
#2560 = CARTESIAN_POINT ( 'NONE',  ( -33.84281522451381363, 30.02998335883005154, 51.31620801710268154 ) ) ;
#2561 = LINE ( 'NONE', #4678, #5125 ) ;
#2562 = ORIENTED_EDGE ( 'NONE', *, *, #2217, .F. ) ;
#2563 = CARTESIAN_POINT ( 'NONE',  ( -9.102317526706539041, 23.39409576044294070, 36.88568665409269443 ) ) ;
#2564 = VECTOR ( 'NONE', #5267, 1000.000000000000000 ) ;
#2565 = CARTESIAN_POINT ( 'NONE',  ( -36.22942977468163406, 22.38890729257706624, 17.42241126668578488 ) ) ;
#2566 = ORIENTED_EDGE ( 'NONE', *, *, #1313, .T. ) ;
#2567 = CARTESIAN_POINT ( 'NONE',  ( -8.466974808747284698, 22.39754775991906399, 35.38291571039394512 ) ) ;
#2568 = DIRECTION ( 'NONE',  ( -0.5000000000000067724, 0.7071067811865392461, -0.5000000000000048850 ) ) ;
#2569 = DIRECTION ( 'NONE',  ( 4.876176775795935793E-29, -1.000000000000000000, 6.982962677686266711E-15 ) ) ;
#2570 = ORIENTED_EDGE ( 'NONE', *, *, #3365, .F. ) ;
#2571 = CARTESIAN_POINT ( 'NONE',  ( -10.88464839117922622, 22.58878078005694334, 37.79665242470957764 ) ) ;
#2572 = LINE ( 'NONE', #1791, #2421 ) ;
#2573 = CARTESIAN_POINT ( 'NONE',  ( -38.74031193246627680, 22.38890729257721546, 38.74031193246602101 ) ) ;
#2574 = EDGE_CURVE ( 'NONE', #5178, #2221, #491, .T. ) ;
#2575 = LINE ( 'NONE', #895, #4637 ) ;
#2576 = CARTESIAN_POINT ( 'NONE',  ( -22.76043039998224060, 22.38890729257721546, 38.86982713940763290 ) ) ;
#2577 = CARTESIAN_POINT ( 'NONE',  ( -6.228595854035726020, 22.38890729257716572, 31.22859585403518068 ) ) ;
#2578 = LINE ( 'NONE', #1745, #1430 ) ;
#2579 = ORIENTED_EDGE ( 'NONE', *, *, #2102, .T. ) ;
#2580 = CARTESIAN_POINT ( 'NONE',  ( -25.73489303329873223, 20.20453917319909820, 7.718665996028674314 ) ) ;
#2581 = ORIENTED_EDGE ( 'NONE', *, *, #1620, .F. ) ;
#2582 = CARTESIAN_POINT ( 'NONE',  ( -10.37459947117257641, 36.38890729257725098, 42.97859585403510607 ) ) ;
#2583 = CARTESIAN_POINT ( 'NONE',  ( -31.22859585403580596, 27.38890729257722612, 38.22859585403551819 ) ) ;
#2584 = DIRECTION ( 'NONE',  ( -0.7071067811865420216, 4.937700262164535420E-15, 0.7071067811865531239 ) ) ;
#2585 = DIRECTION ( 'NONE',  ( 4.876176775795935793E-29, -1.000000000000000000, 6.982962677686266711E-15 ) ) ;
#2586 = DIRECTION ( 'NONE',  ( -4.876176775795935793E-29, 1.000000000000000000, -6.982962677686266711E-15 ) ) ;
#2587 = ORIENTED_EDGE ( 'NONE', *, *, #970, .F. ) ;
#2588 = FACE_OUTER_BOUND ( 'NONE', #3848, .T. ) ;
#2589 = CARTESIAN_POINT ( 'NONE',  ( -50.47859585403594451, 30.47181106123171190, -0.02140414596457120011 ) ) ;
#2590 = AXIS2_PLACEMENT_3D ( 'NONE', #3870, #2250, #2194 ) ;
#2591 = DIRECTION ( 'NONE',  ( 6.982962677686266711E-15, 6.982962677686266711E-15, 1.000000000000000000 ) ) ;
#2592 = DIRECTION ( 'NONE',  ( 6.938893903907222067E-15, 6.938893903907222067E-15, 1.000000000000000000 ) ) ;
#2593 = CONICAL_SURFACE ( 'NONE', #4639, 6.999999999999992006, 0.7853981633974439491 ) ;
#2594 = ORIENTED_EDGE ( 'NONE', *, *, #4379, .T. ) ;
#2595 = CARTESIAN_POINT ( 'NONE',  ( -50.31438229166245435, 35.38890729257742152, 66.81438229166218434 ) ) ;
#2596 = CARTESIAN_POINT ( 'NONE',  ( -7.228595854035663848, 23.38890729257728651, 39.22859585403518423 ) ) ;
#2597 = VECTOR ( 'NONE', #4617, 1000.000000000000000 ) ;
#2598 = CIRCLE ( 'NONE', #2780, 2.000000000000001776 ) ;
#2599 = VERTEX_POINT ( 'NONE', #4378 ) ;
#2600 = ADVANCED_FACE ( 'NONE', ( #3943 ), #2216, .F. ) ;
#2601 = EDGE_CURVE ( 'NONE', #3985, #171, #3476, .T. ) ;
#2602 = CARTESIAN_POINT ( 'NONE',  ( 0.02140414596433527772, 22.38890729257721546, 38.47859585403507054 ) ) ;
#2603 = CARTESIAN_POINT ( 'NONE',  ( -23.62133885191672888, 22.38890729257721901, 39.38040696730758583 ) ) ;
#2604 = EDGE_CURVE ( 'NONE', #2767, #4588, #4800, .T. ) ;
#2605 = DIRECTION ( 'NONE',  ( 6.308085367188407793E-15, 6.308085367188407793E-15, 1.000000000000000000 ) ) ;
#2606 = ADVANCED_FACE ( 'NONE', ( #3107 ), #3971, .F. ) ;
#2607 = CARTESIAN_POINT ( 'NONE',  ( -10.05359585403554057, 34.58890729257734620, 56.78059404546663558 ) ) ;
#2608 = ORIENTED_EDGE ( 'NONE', *, *, #4416, .F. ) ;
#2609 = FACE_OUTER_BOUND ( 'NONE', #240, .T. ) ;
#2610 = VECTOR ( 'NONE', #2651, 1000.000000000000000 ) ;
#2611 = VERTEX_POINT ( 'NONE', #555 ) ;
#2612 = AXIS2_PLACEMENT_3D ( 'NONE', #4107, #2733, #273 ) ;
#2613 = CARTESIAN_POINT ( 'NONE',  ( -9.176597662604104144, 36.38890729257726520, 45.05359585403508049 ) ) ;
#2614 = CARTESIAN_POINT ( 'NONE',  ( -33.40046475980585683, 30.05649436078195080, 51.13505076810208294 ) ) ;
#2615 = EDGE_CURVE ( 'NONE', #1243, #2877, #4055, .T. ) ;
#2616 = VECTOR ( 'NONE', #4620, 1000.000000000000000 ) ;
#2617 = CARTESIAN_POINT ( 'NONE',  ( -5.582592236898711313, 34.58890729257724672, 42.97859585403509186 ) ) ;
#2618 = CARTESIAN_POINT ( 'NONE',  ( -8.228595854035477331, 35.38890729257740730, 64.97859585403510607 ) ) ;
#2619 = ORIENTED_EDGE ( 'NONE', *, *, #977, .T. ) ;
#2620 = AXIS2_PLACEMENT_3D ( 'NONE', #680, #4171, #314 ) ;
#2621 = CARTESIAN_POINT ( 'NONE',  ( -19.65000967962160416, 29.02842371255261611, 49.97857563112028600 ) ) ;
#2622 = VERTEX_POINT ( 'NONE', #1843 ) ;
#2623 = CARTESIAN_POINT ( 'NONE',  ( -8.840407901845514616, 22.39218918874566455, 35.54133472947116701 ) ) ;
#2624 = B_SPLINE_CURVE_WITH_KNOTS ( 'NONE', 1,
 ( #514, #459 ),
 .UNSPECIFIED., .F., .F.,
 ( 2, 2 ),
 ( 0.000000000000000000, 0.0009493851730700706088 ),
 .UNSPECIFIED. ) ;
#2625 = DIRECTION ( 'NONE',  ( 4.876176775795935793E-29, -1.000000000000000000, 6.982962677686266711E-15 ) ) ;
#2626 = CARTESIAN_POINT ( 'NONE',  ( -7.978595854035519075, 34.58890729257737462, 60.37459947117203996 ) ) ;
#2627 = CARTESIAN_POINT ( 'NONE',  ( -18.58935735861324545, 22.38890729257721190, 37.56467105775330140 ) ) ;
#2628 = ORIENTED_EDGE ( 'NONE', *, *, #2005, .T. ) ;
#2629 = CARTESIAN_POINT ( 'NONE',  ( -27.36714899465851047, 27.38890729257708045, 17.46765405804638505 ) ) ;
#2630 = DIRECTION ( 'NONE',  ( 1.000000000000000000, 0.000000000000000000, -6.982962677686266711E-15 ) ) ;
#2631 = ORIENTED_EDGE ( 'NONE', *, *, #2814, .T. ) ;
#2632 = AXIS2_PLACEMENT_3D ( 'NONE', #4273, #2569, #1785 ) ;
#2633 = VECTOR ( 'NONE', #1877, 1000.000000000000000 ) ;
#2634 = PLANE ( 'NONE',  #2590 ) ;
#2635 = LINE ( 'NONE', #3507, #5085 ) ;
#2636 = CARTESIAN_POINT ( 'NONE',  ( -25.97859585403594451, 21.09365465414168028, 1.250173482003153369 ) ) ;
#2637 = EDGE_CURVE ( 'NONE', #3155, #438, #138, .T. ) ;
#2638 = CARTESIAN_POINT ( 'NONE',  ( -3.228595854035750889, 27.38890729257715861, 27.78934018064385825 ) ) ;
#2639 = ORIENTED_EDGE ( 'NONE', *, *, #3266, .F. ) ;
#2640 = CARTESIAN_POINT ( 'NONE',  ( -9.115813482059364148, 22.72224062591055471, 36.08489515757546684 ) ) ;
#2641 = AXIS2_PLACEMENT_3D ( 'NONE', #2638, #987, #3088 ) ;
#2642 = EDGE_LOOP ( 'NONE', ( #4594, #2261, #2297, #150 ) ) ;
#2643 = EDGE_CURVE ( 'NONE', #954, #4890, #5130, .T. ) ;
#2644 = ORIENTED_EDGE ( 'NONE', *, *, #970, .T. ) ;
#2646 = ADVANCED_FACE ( 'NONE', ( #110 ), #3966, .T. ) ;
#2645 = CARTESIAN_POINT ( 'NONE',  ( -33.22624711959213073, 30.06272857422811740, 51.07060560282382511 ) ) ;
#2647 = CARTESIAN_POINT ( 'NONE',  ( -21.80249884599404098, 22.38890729257721546, 38.33975242729606947 ) ) ;
#2648 = CARTESIAN_POINT ( 'NONE',  ( -59.97859585403552529, 29.38890729257736822, 59.97859585403545424 ) ) ;
#2649 = EDGE_LOOP ( 'NONE', ( #5274, #614, #1197, #5186, #3590 ) ) ;
#2650 = AXIS2_PLACEMENT_3D ( 'NONE', #3899, #1744, #1770 ) ;
#2651 = DIRECTION ( 'NONE',  ( -0.7071067811865456854, -0.7071067811865493491, 9.875400524329062952E-15 ) ) ;
#2652 = ORIENTED_EDGE ( 'NONE', *, *, #1610, .F. ) ;
#2653 = CARTESIAN_POINT ( 'NONE',  ( -25.34982640646960661, 20.00633319624624562, 11.00846784611674600 ) ) ;
#2654 = CARTESIAN_POINT ( 'NONE',  ( -30.44479994848894933, 29.89443987951009518, 50.47856292533656841 ) ) ;
#2655 = AXIS2_PLACEMENT_3D ( 'NONE', #5215, #440, #1841 ) ;
#2656 = CARTESIAN_POINT ( 'NONE',  ( -50.47859585403570293, 30.47181106123194283, 33.15016872928925551 ) ) ;
#2657 = DIRECTION ( 'NONE',  ( 4.876176775795935793E-29, -1.000000000000000000, 6.982962677686266711E-15 ) ) ;
#2658 = ORIENTED_EDGE ( 'NONE', *, *, #2203, .F. ) ;
#2659 = CARTESIAN_POINT ( 'NONE',  ( -19.17729135860806622, 29.92082583661953166, 50.52011003290003543 ) ) ;
#2660 = CARTESIAN_POINT ( 'NONE',  ( -24.86609987527734589, 27.38890729257701295, 7.502700026140450618 ) ) ;
#2661 = VERTEX_POINT ( 'NONE', #528 ) ;
#2662 = CARTESIAN_POINT ( 'NONE',  ( -6.228595854035701151, 22.38890729257719059, 34.72859585403517713 ) ) ;
#2663 = CYLINDRICAL_SURFACE ( 'NONE', #5362, 2.000000000000001776 ) ;
#2664 = CARTESIAN_POINT ( 'NONE',  ( -50.47859585403571003, 27.00770944609417157, 31.15016872928923775 ) ) ;
#2665 = CARTESIAN_POINT ( 'NONE',  ( -39.56164183397566347, 22.38890729257711598, 23.90429132343322038 ) ) ;
#2666 = CARTESIAN_POINT ( 'NONE',  ( -10.37459947117257641, 34.58890729257724672, 42.97859585403512028 ) ) ;
#2667 = ORIENTED_EDGE ( 'NONE', *, *, #1860, .T. ) ;
#2668 = VERTEX_POINT ( 'NONE', #582 ) ;
#2669 = LINE ( 'NONE', #4317, #3280 ) ;
#2670 = CARTESIAN_POINT ( 'NONE',  ( -21.19304435627666905, 22.63078536474487379, 38.75770125267451505 ) ) ;
#2671 = DIRECTION ( 'NONE',  ( 6.938893903907222067E-15, 6.938893903907222067E-15, 1.000000000000000000 ) ) ;
#2672 = ADVANCED_FACE ( 'NONE', ( #3129 ), #5477, .T. ) ;
#2673 = ORIENTED_EDGE ( 'NONE', *, *, #391, .T. ) ;
#2674 = CARTESIAN_POINT ( 'NONE',  ( -11.50520892560911079, 17.39773742278895341, 29.83363605035503596 ) ) ;
#2675 = ORIENTED_EDGE ( 'NONE', *, *, #618, .T. ) ;
#2676 = FACE_OUTER_BOUND ( 'NONE', #1016, .T. ) ;
#2677 = ADVANCED_FACE ( 'NONE', ( #1393 ), #393, .F. ) ;
#2678 = CARTESIAN_POINT ( 'NONE',  ( -35.66774805497055212, 29.49948037155059666, 52.30327029752878332 ) ) ;
#2679 = CARTESIAN_POINT ( 'NONE',  ( -9.261055245618868170, 36.38890729257737178, 59.63417119621662721 ) ) ;
#2680 = EDGE_CURVE ( 'NONE', #1896, #4182, #2296, .T. ) ;
#2681 = EDGE_LOOP ( 'NONE', ( #4632, #3091, #2531, #3799, #5145 ) ) ;
#2682 = DIRECTION ( 'NONE',  ( 0.7071067811865420216, -4.937700262164535420E-15, -0.7071067811865531239 ) ) ;
#2683 = CARTESIAN_POINT ( 'NONE',  ( -17.65201404030625554, 29.14719238610128116, 50.20217342468823318 ) ) ;
#2684 = AXIS2_PLACEMENT_3D ( 'NONE', #5226, #4780, #957 ) ;
#2685 = CARTESIAN_POINT ( 'NONE',  ( -38.48676351763979397, 27.41949485029795497, 28.58726858102784263 ) ) ;
#2686 = ADVANCED_FACE ( 'NONE', ( #3997 ), #162, .F. ) ;
#2687 = VECTOR ( 'NONE', #2918, 1000.000000000000114 ) ;
#2688 = CARTESIAN_POINT ( 'NONE',  ( -39.47105318891886583, 22.38890729257710888, 23.76285900512221971 ) ) ;
#2689 = VECTOR ( 'NONE', #2499, 1000.000000000000114 ) ;
#2690 = DIRECTION ( 'NONE',  ( -6.982962677686266711E-15, -6.982962677686266711E-15, -1.000000000000000000 ) ) ;
#2691 = LINE ( 'NONE', #3114, #3675 ) ;
#2692 = APPROVAL ( #334, 'æœª' ) ;
#2693 = CARTESIAN_POINT ( 'NONE',  ( -20.22859585403558214, 29.89446079204246232, 50.47859585403522686 ) ) ;
#2694 = CARTESIAN_POINT ( 'NONE',  ( -3.112524425464341160, 22.38890729257713375, 26.79609931183650318 ) ) ;
#2695 = PLANE ( 'NONE',  #3604 ) ;
#2696 = EDGE_LOOP ( 'NONE', ( #4517, #3891, #5437, #2781 ) ) ;
#2697 = VERTEX_POINT ( 'NONE', #1363 ) ;
#2698 = LINE ( 'NONE', #153, #2917 ) ;
#2699 = DIRECTION ( 'NONE',  ( 6.938893903907222067E-15, 6.938893903907222067E-15, 1.000000000000000000 ) ) ;
#2700 = FACE_OUTER_BOUND ( 'NONE', #395, .T. ) ;
#2701 = AXIS2_PLACEMENT_3D ( 'NONE', #3885, #702, #437 ) ;
#2702 = EDGE_LOOP ( 'NONE', ( #2379, #4445, #3512, #1020 ) ) ;
#2703 = CARTESIAN_POINT ( 'NONE',  ( -42.08932631804492530, 22.38890729257713730, 27.00353988041763387 ) ) ;
#2704 = EDGE_LOOP ( 'NONE', ( #3307, #2432, #4010, #1129 ) ) ;
#2705 = AXIS2_PLACEMENT_3D ( 'NONE', #5146, #4284, #963 ) ;
#2706 = CARTESIAN_POINT ( 'NONE',  ( -15.46781114614423203, 30.31148542426658921, 51.68211085533896920 ) ) ;
#2707 = CARTESIAN_POINT ( 'NONE',  ( -34.62192254532641300, 29.46273050266630023, 51.54982088540715779 ) ) ;
#2708 = CARTESIAN_POINT ( 'NONE',  ( -22.47067680497805142, 23.72865325473283349, 40.79910392972399080 ) ) ;
#2709 = ORIENTED_EDGE ( 'NONE', *, *, #1511, .T. ) ;
#2710 = CARTESIAN_POINT ( 'NONE',  ( -41.69266885630374730, 27.64710829030287087, 56.77845529393039214 ) ) ;
#2711 = EDGE_CURVE ( 'NONE', #2854, #5191, #4772, .T. ) ;
#2712 = DIRECTION ( 'NONE',  ( -0.8660254037844421493, -3.491481338843134539E-15, -0.4999999999999940603 ) ) ;
#2713 = CARTESIAN_POINT ( 'NONE',  ( -38.54858046750594269, 22.38890729257710532, 22.18599236640451977 ) ) ;
#2714 = CARTESIAN_POINT ( 'NONE',  ( -16.99892394835432086, 29.04916133042169335, 50.01449423889745560 ) ) ;
#2715 = CARTESIAN_POINT ( 'NONE',  ( -36.46009431483884100, 22.40116655702350101, 17.54923040819661040 ) ) ;
#2716 = EDGE_CURVE ( 'NONE', #3910, #4541, #4435, .T. ) ;
#2717 = CARTESIAN_POINT ( 'NONE',  ( -31.22859585403588056, 36.38890729257700940, 8.328595854035249602 ) ) ;
#2718 = CARTESIAN_POINT ( 'NONE',  ( -7.978595854035637203, 29.31711052285275798, 42.97859585403514160 ) ) ;
#2719 = CARTESIAN_POINT ( 'NONE',  ( -6.780594045467164044, 36.38890729257726520, 45.05359585403505918 ) ) ;
#2720 = EDGE_LOOP ( 'NONE', ( #4344, #327, #2487, #4451 ) ) ;
#2721 = VECTOR ( 'NONE', #3291, 1000.000000000000000 ) ;
#2722 = CIRCLE ( 'NONE', #315, 2.000000000000001776 ) ;
#2723 = ORIENTED_EDGE ( 'NONE', *, *, #3811, .T. ) ;
#2724 = CARTESIAN_POINT ( 'NONE',  ( -10.22859585403551463, 68.33417298250394367, 60.47859585403488580 ) ) ;
#2725 = CARTESIAN_POINT ( 'NONE',  ( -20.61563482781306789, 22.57443906235537767, 38.38104575299441024 ) ) ;
#2726 = CARTESIAN_POINT ( 'NONE',  ( 3.580577512017702357, 6.139407173591270528, 12.91942248798205561 ) ) ;
#2727 = CIRCLE ( 'NONE', #1031, 1.099999999999996758 ) ;
#2728 = ORIENTED_EDGE ( 'NONE', *, *, #1957, .F. ) ;
#2729 = DIRECTION ( 'NONE',  ( 6.308085367188407793E-15, 6.308085367188407793E-15, 1.000000000000000000 ) ) ;
#2730 = VERTEX_POINT ( 'NONE', #3636 ) ;
#2731 = CARTESIAN_POINT ( 'NONE',  ( -27.05018776609467324, 21.54490859555343008, 17.13954975651159174 ) ) ;
#2732 = CARTESIAN_POINT ( 'NONE',  ( -35.13996119841192467, 29.48468119139380761, 51.90521247293411022 ) ) ;
#2733 = DIRECTION ( 'NONE',  ( -4.937700262164505444E-15, -0.7071067811865511255, -0.7071067811865439090 ) ) ;
#2734 = ORIENTED_EDGE ( 'NONE', *, *, #3853, .T. ) ;
#2735 = CARTESIAN_POINT ( 'NONE',  ( -9.795713033932768710, 23.49185265399235334, 37.67541717053740058 ) ) ;
#2736 = PLANE ( 'NONE',  #2517 ) ;
#2737 = AXIS2_PLACEMENT_3D ( 'NONE', #708, #2443, #261 ) ;
#2738 = CARTESIAN_POINT ( 'NONE',  ( -28.07425577584504595, 28.38890729257706980, 16.76054727685984957 ) ) ;
#2739 = EDGE_CURVE ( 'NONE', #3666, #1920, #1559, .T. ) ;
#2740 = LINE ( 'NONE', #1966, #3456 ) ;
#2741 = ORIENTED_EDGE ( 'NONE', *, *, #3373, .F. ) ;
#2742 = CARTESIAN_POINT ( 'NONE',  ( -32.74906728702249126, 29.29277067900826026, 50.52581452828309239 ) ) ;
#2743 = CARTESIAN_POINT ( 'NONE',  ( -7.228595854035663848, 22.38890729257722256, 39.22859585403519134 ) ) ;
#2744 = CARTESIAN_POINT ( 'NONE',  ( -40.76673889259219408, 23.01669889868604102, 24.02816908055482159 ) ) ;
#2745 = EDGE_CURVE ( 'NONE', #4016, #599, #5022, .T. ) ;
#2746 = CARTESIAN_POINT ( 'NONE',  ( -6.228595854035750001, 18.60855272203557220, 27.72859585403520910 ) ) ;
#2747 = EDGE_CURVE ( 'NONE', #3514, #2090, #5291, .T. ) ;
#2748 = DIRECTION ( 'NONE',  ( -6.982939617164456728E-15, -6.938893903907233111E-15, -1.000000000000000000 ) ) ;
#2749 = ORIENTED_EDGE ( 'NONE', *, *, #1783, .T. ) ;
#2750 = DIRECTION ( 'NONE',  ( -1.000000000000000000, 0.000000000000000000, 6.982962677686266711E-15 ) ) ;
#2751 = EDGE_LOOP ( 'NONE', ( #4109, #3120, #3219, #4957, #429 ) ) ;
#2752 = CARTESIAN_POINT ( 'NONE',  ( -11.08666451394056374, 29.31711052285281127, 50.22603959861402956 ) ) ;
#2753 = DIRECTION ( 'NONE',  ( 4.876176775795935793E-29, -1.000000000000000000, 6.982962677686266711E-15 ) ) ;
#2754 = ORIENTED_EDGE ( 'NONE', *, *, #2920, .F. ) ;
#2755 = DIRECTION ( 'NONE',  ( -4.876176775795935793E-29, 1.000000000000000000, -6.982962677686266711E-15 ) ) ;
#2756 = ORIENTED_EDGE ( 'NONE', *, *, #3779, .T. ) ;
#2757 = FACE_OUTER_BOUND ( 'NONE', #3855, .T. ) ;
#2758 = CARTESIAN_POINT ( 'NONE',  ( -35.24813711446095965, 29.48841435938234667, 51.98308508369807157 ) ) ;
#2759 = ORIENTED_EDGE ( 'NONE', *, *, #1100, .F. ) ;
#2760 = CARTESIAN_POINT ( 'NONE',  ( -9.715200207695783519, 23.46784830107050368, 37.54952794802719751 ) ) ;
#2761 = CARTESIAN_POINT ( 'NONE',  ( -38.51312192566653891, 22.11260451838903052, 21.56325545074482619 ) ) ;
#2762 = DIRECTION ( 'NONE',  ( -4.876176775795935793E-29, 1.000000000000000000, -6.982962677686266711E-15 ) ) ;
#2763 = CARTESIAN_POINT ( 'NONE',  ( -29.83363605035565413, 17.39773742278882906, 11.50520892560873598 ) ) ;
#2764 = ORIENTED_EDGE ( 'NONE', *, *, #1935, .F. ) ;
#2765 = CARTESIAN_POINT ( 'NONE',  ( -34.08616133599470288, 29.43005368626707252, 51.21746486919222008 ) ) ;
#2766 = DIRECTION ( 'NONE',  ( -6.938893903907226011E-15, -6.938893903907226011E-15, -1.000000000000000000 ) ) ;
#2767 = VERTEX_POINT ( 'NONE', #1444 ) ;
#2768 = EDGE_CURVE ( 'NONE', #778, #5401, #4845, .T. ) ;
#2769 = DIRECTION ( 'NONE',  ( 6.938893903907236266E-15, 6.938893903907236266E-15, 1.000000000000000000 ) ) ;
#2770 = AXIS2_PLACEMENT_3D ( 'NONE', #1737, #3443, #1287 ) ;
#2771 = FACE_OUTER_BOUND ( 'NONE', #1756, .T. ) ;
#2772 = EDGE_CURVE ( 'NONE', #1691, #1990, #3159, .T. ) ;
#2773 = VECTOR ( 'NONE', #3562, 1000.000000000000114 ) ;
#2774 = DIRECTION ( 'NONE',  ( 6.608470384673562857E-15, 6.608470384673562857E-15, 1.000000000000000000 ) ) ;
#2775 = ORIENTED_EDGE ( 'NONE', *, *, #2270, .T. ) ;
#2776 = EDGE_CURVE ( 'NONE', #3611, #3446, #1956, .T. ) ;
#2777 = DIRECTION ( 'NONE',  ( 6.982939617164456728E-15, 6.938893903907233111E-15, 1.000000000000000000 ) ) ;
#2778 = AXIS2_PLACEMENT_3D ( 'NONE', #113, #3892, #1765 ) ;
#2779 = AXIS2_PLACEMENT_3D ( 'NONE', #5322, #1494, #3207 ) ;
#2780 = AXIS2_PLACEMENT_3D ( 'NONE', #1962, #5360, #1476 ) ;
#2781 = ORIENTED_EDGE ( 'NONE', *, *, #487, .F. ) ;
#2782 = FACE_OUTER_BOUND ( 'NONE', #293, .T. ) ;
#2783 = LINE ( 'NONE', #4481, #1172 ) ;
#2784 = ORIENTED_EDGE ( 'NONE', *, *, #4939, .T. ) ;
#2785 = CYLINDRICAL_SURFACE ( 'NONE', #559, 3.000000000000002665 ) ;
#2786 = ORIENTED_EDGE ( 'NONE', *, *, #896, .F. ) ;
#2787 = ORIENTED_EDGE ( 'NONE', *, *, #257, .F. ) ;
#2788 = EDGE_CURVE ( 'NONE', #5380, #5310, #4967, .T. ) ;
#2789 = CARTESIAN_POINT ( 'NONE',  ( -119.2714890728493486, 28.38890729257694190, -0.7285109271506859940 ) ) ;
#2790 = FACE_OUTER_BOUND ( 'NONE', #973, .T. ) ;
#2791 = CARTESIAN_POINT ( 'NONE',  ( -50.33233148409372859, 27.73976025366306075, 33.83233148409345858 ) ) ;
#2792 = VERTEX_POINT ( 'NONE', #4855 ) ;
#2793 = CARTESIAN_POINT ( 'NONE',  ( -10.05359585403552813, 35.75016702593126894, 58.36276820972084067 ) ) ;
#2794 = AXIS2_PLACEMENT_3D ( 'NONE', #5337, #5364, #228 ) ;
#2795 = DIRECTION ( 'NONE',  ( -6.938893903907655151E-15, -6.938893903907655151E-15, -1.000000000000000000 ) ) ;
#2796 = VECTOR ( 'NONE', #3432, 999.9999999999998863 ) ;
#2797 = LINE ( 'NONE', #143, #1119 ) ;
#2798 = DIRECTION ( 'NONE',  ( 1.000000000000000000, 0.000000000000000000, -6.982962677686266711E-15 ) ) ;
#2799 = ORIENTED_EDGE ( 'NONE', *, *, #945, .F. ) ;
#2800 = CARTESIAN_POINT ( 'NONE',  ( -36.15450554219771107, 29.50807866839583582, 52.70346217159698199 ) ) ;
#2801 = CARTESIAN_POINT ( 'NONE',  ( -15.13194482118074191, 30.31711052285285746, 51.87486711300087450 ) ) ;
#2802 = B_SPLINE_SURFACE_WITH_KNOTS ( 'NONE', 1, 3, ( 
 ( #3888, #3491, #1784, #1414 ),
 ( #3465, #2654, #3127, #4823 ) ),
 .UNSPECIFIED., .F., .F., .F.,
 ( 2, 2 ),
 ( 4, 4 ),
 ( 0.000000000000000000, 1.000000000000000000 ),
 ( 0.000000000000000000, 0.1825011539756115353 ),
 .UNSPECIFIED. ) ;
#2803 = CARTESIAN_POINT ( 'NONE',  ( -42.10777970804137738, 23.26751603997792728, 25.58336046046756351 ) ) ;
#2804 = LINE ( 'NONE', #4504, #4026 ) ;
#2805 = ORIENTED_EDGE ( 'NONE', *, *, #4859, .F. ) ;
#2806 = CARTESIAN_POINT ( 'NONE',  ( -10.05359585403554057, 34.58890729257734620, 56.78059404546663558 ) ) ;
#2807 = ORIENTED_EDGE ( 'NONE', *, *, #759, .T. ) ;
#2808 = CARTESIAN_POINT ( 'NONE',  ( -10.13333336369120197, 23.72865325473283349, 40.79910392972389843 ) ) ;
#2809 = CARTESIAN_POINT ( 'NONE',  ( -52.43570263522209274, 28.38890729257740730, 66.10727551047568795 ) ) ;
#2810 = EDGE_LOOP ( 'NONE', ( #2461, #3387, #2608, #3214, #1226, #4211, #4231, #4927, #5423, #2475, #1464, #3741, #1462, #1339, #5095, #435, #1585, #3126, #652, #2871, #910, #4911, #3046, #4812, #3530, #2011, #903, #2673, #1874, #2326, #3068 ) ) ;
#2811 = CARTESIAN_POINT ( 'NONE',  ( -31.22859585403591964, 25.38890729257696321, 2.728595854035323232 ) ) ;
#2812 = VECTOR ( 'NONE', #226, 1000.000000000000000 ) ;
#2813 = VERTEX_POINT ( 'NONE', #5356 ) ;
#2814 = EDGE_CURVE ( 'NONE', #18, #2558, #1054, .T. ) ;
#2815 = VERTEX_POINT ( 'NONE', #1528 ) ;
#2816 = EDGE_CURVE ( 'NONE', #4188, #2317, #301, .T. ) ;
#2817 = FACE_OUTER_BOUND ( 'NONE', #1179, .T. ) ;
#2818 = DIRECTION ( 'NONE',  ( 6.938893903907077705E-15, 6.938893903907077705E-15, 1.000000000000000000 ) ) ;
#2819 = LINE ( 'NONE', #4544, #3959 ) ;
#2820 = EDGE_CURVE ( 'NONE', #738, #2221, #2819, .T. ) ;
#2821 = ORIENTED_EDGE ( 'NONE', *, *, #1069, .T. ) ;
#2822 = CARTESIAN_POINT ( 'NONE',  ( -11.08627393402630013, 22.74159596956797458, 38.43244525479219220 ) ) ;
#2823 = CIRCLE ( 'NONE', #412, 10.00000000000000355 ) ;
#2824 = DIRECTION ( 'NONE',  ( -0.7071067811865463515, 4.937700262164505444E-15, 0.7071067811865487940 ) ) ;
#2825 = CARTESIAN_POINT ( 'NONE',  ( -51.72859585403554661, 29.38890729257741441, 67.40016872928914893 ) ) ;
#2826 = CARTESIAN_POINT ( 'NONE',  ( -36.23368759335586020, 22.38890729257706624, 17.43179675142165408 ) ) ;
#2827 = ORIENTED_EDGE ( 'NONE', *, *, #5306, .T. ) ;
#2828 = VECTOR ( 'NONE', #2287, 1000.000000000000000 ) ;
#2829 = CARTESIAN_POINT ( 'NONE',  ( -34.41324888351691413, 29.45130270217510571, 51.41628246331855223 ) ) ;
#2830 = CARTESIAN_POINT ( 'NONE',  ( -38.82106555173394469, 22.64139441413276188, 21.28835876588122744 ) ) ;
#2831 = DIRECTION ( 'NONE',  ( -6.938893903907222067E-15, -6.938893903907222067E-15, -1.000000000000000000 ) ) ;
#2832 = AXIS2_PLACEMENT_3D ( 'NONE', #1301, #3095, #880 ) ;
#2833 = CARTESIAN_POINT ( 'NONE',  ( -25.99673384488070127, 22.38890729257723677, 41.13153656107740375 ) ) ;
#2834 = ORIENTED_EDGE ( 'NONE', *, *, #4307, .T. ) ;
#2835 = DIRECTION ( 'NONE',  ( 0.7071067811865524577, 4.937700262164531476E-15, 0.7071067811865426878 ) ) ;
#2836 = ORIENTED_EDGE ( 'NONE', *, *, #3947, .F. ) ;
#2837 = ORIENTED_EDGE ( 'NONE', *, *, #4816, .F. ) ;
#2838 = LINE ( 'NONE', #3259, #3814 ) ;
#2839 = CARTESIAN_POINT ( 'NONE',  ( -10.05359585403554057, 34.58890729257734620, 56.78059404546663558 ) ) ;
#2840 = VERTEX_POINT ( 'NONE', #1472 ) ;
#2841 = DIRECTION ( 'NONE',  ( -1.000000000000000000, 0.000000000000000000, 6.982962677686266711E-15 ) ) ;
#2842 = ORIENTED_EDGE ( 'NONE', *, *, #805, .T. ) ;
#2843 = CARTESIAN_POINT ( 'NONE',  ( -24.73534036004675940, 20.44229490699878937, 7.935213703075184810 ) ) ;
#2844 = ADVANCED_FACE ( 'NONE', ( #4521 ), #695, .F. ) ;
#2845 = FACE_OUTER_BOUND ( 'NONE', #3161, .T. ) ;
#2846 = DIRECTION ( 'NONE',  ( 0.7071067811865420216, -4.937700262164535420E-15, -0.7071067811865531239 ) ) ;
#2847 = EDGE_CURVE ( 'NONE', #5056, #210, #2431, .T. ) ;
#2848 = ORIENTED_EDGE ( 'NONE', *, *, #4124, .T. ) ;
#2849 = CARTESIAN_POINT ( 'NONE',  ( -9.191084602724481911, 23.39784845840778615, 36.95898577224595982 ) ) ;
#2850 = CARTESIAN_POINT ( 'NONE',  ( 0.000000000000000000, 0.000000000000000000, 0.000000000000000000 ) ) ;
#2851 = ADVANCED_FACE ( 'NONE', ( #3695 ), #2320, .F. ) ;
#2852 = ADVANCED_FACE ( 'NONE', ( #1901 ), #4577, .F. ) ;
#2853 = CARTESIAN_POINT ( 'NONE',  ( -38.75559704177762654, 22.62814634475781617, 21.19503092508979947 ) ) ;
#2854 = VERTEX_POINT ( 'NONE', #5301 ) ;
#2855 = CARTESIAN_POINT ( 'NONE',  ( -36.86317537309311376, 29.52595232270162739, 53.36338228208657597 ) ) ;
#2856 = CARTESIAN_POINT ( 'NONE',  ( -18.50111795209164711, 29.10723870832389792, 50.11508720819445983 ) ) ;
#2857 = EDGE_CURVE ( 'NONE', #4252, #1413, #1059, .T. ) ;
#2858 = CARTESIAN_POINT ( 'NONE',  ( -42.10506471525492600, 23.26702873013779538, 25.58044827993768067 ) ) ;
#2859 = CARTESIAN_POINT ( 'NONE',  ( -0.2334861876102708456, 47.15383074501882277, 52.24351930647647180 ) ) ;
#2860 = CC_DESIGN_PERSON_AND_ORGANIZATION_ASSIGNMENT ( #1228, #2515, ( #1085 ) ) ;
#2861 = ORIENTED_EDGE ( 'NONE', *, *, #2768, .T. ) ;
#2862 = DIRECTION ( 'NONE',  ( 4.876176775795935793E-29, -1.000000000000000000, 6.982962677686266711E-15 ) ) ;
#2863 = AXIS2_PLACEMENT_3D ( 'NONE', #2602, #4694, #4805 ) ;
#2864 = ORIENTED_EDGE ( 'NONE', *, *, #2788, .T. ) ;
#2865 = CARTESIAN_POINT ( 'NONE',  ( -26.87932122186643369, 20.79361257339306945, 0.6329617370259675857 ) ) ;
#2866 = VECTOR ( 'NONE', #4531, 1000.000000000000114 ) ;
#2867 = CARTESIAN_POINT ( 'NONE',  ( -46.99031193246635496, 32.38890729257716572, 30.49031193246599258 ) ) ;
#2868 = ORIENTED_EDGE ( 'NONE', *, *, #4315, .T. ) ;
#2869 = VECTOR ( 'NONE', #1947, 1000.000000000000000 ) ;
#2870 = CARTESIAN_POINT ( 'NONE',  ( -10.39658624618123284, 22.38890729257718704, 34.43821680652340689 ) ) ;
#2871 = ORIENTED_EDGE ( 'NONE', *, *, #3228, .T. ) ;
#2872 = AXIS2_PLACEMENT_3D ( 'NONE', #4397, #1408, #3597 ) ;
#2873 = CC_DESIGN_APPROVAL ( #4907, ( #639 ) ) ;
#2874 = CARTESIAN_POINT ( 'NONE',  ( -24.43036397808435822, 20.29703466848699378, 10.60668692826803294 ) ) ;
#2875 = DIRECTION ( 'NONE',  ( -6.982939617164445684E-15, -6.938893903907222067E-15, -1.000000000000000000 ) ) ;
#2876 = CARTESIAN_POINT ( 'NONE',  ( -9.226496271248816328, 23.39988813769114984, 36.99041073983806882 ) ) ;
#2877 = VERTEX_POINT ( 'NONE', #2349 ) ;
#2878 = CARTESIAN_POINT ( 'NONE',  ( -8.900780867136795393, 22.39144643083237796, 35.57153494434049179 ) ) ;
#2879 = DIRECTION ( 'NONE',  ( -7.885106708985509741E-15, -6.308085367188407793E-15, -1.000000000000000000 ) ) ;
#2880 = DIRECTION ( 'NONE',  ( -4.876176775795935793E-29, 1.000000000000000000, -6.982962677686266711E-15 ) ) ;
#2881 = VECTOR ( 'NONE', #2316, 1000.000000000000000 ) ;
#2882 = ORIENTED_EDGE ( 'NONE', *, *, #4652, .F. ) ;
#2883 = DIRECTION ( 'NONE',  ( -0.8891264907159910358, 0.4576615381557277984, 3.012903660457993946E-15 ) ) ;
#2884 = ADVANCED_FACE ( 'NONE', ( #4187 ), #5471, .T. ) ;
#2885 = CARTESIAN_POINT ( 'NONE',  ( -24.16529841031057657, 23.03805925268286003, 40.87626074434385259 ) ) ;
#2886 = ADVANCED_FACE ( 'NONE', ( #385, #3351 ), #5470, .T. ) ;
#2887 = AXIS2_PLACEMENT_3D ( 'NONE', #1829, #3565, #4785 ) ;
#2888 = CARTESIAN_POINT ( 'NONE',  ( -35.79910392972481503, 22.38890729257679268, -22.02140414596442142 ) ) ;
#2889 = AXIS2_PLACEMENT_3D ( 'NONE', #2987, #854, #3292 ) ;
#2890 = DIRECTION ( 'NONE',  ( 6.308085367188407793E-15, 6.308085367188407793E-15, 1.000000000000000000 ) ) ;
#2891 = ORIENTED_EDGE ( 'NONE', *, *, #934, .T. ) ;
#2892 = FACE_OUTER_BOUND ( 'NONE', #4961, .T. ) ;
#2893 = B_SPLINE_CURVE_WITH_KNOTS ( 'NONE', 3,
 ( #5481, #5030, #3388, #4581 ),
 .UNSPECIFIED., .F., .F.,
 ( 4, 4 ),
 ( 0.000000000000000000, 1.000000000000000000 ),
 .UNSPECIFIED. ) ;
#2894 = LINE ( 'NONE', #3052, #3977 ) ;
#2895 = CARTESIAN_POINT ( 'NONE',  ( -26.49595492985528367, 20.59628181257234303, 4.538033549501390596 ) ) ;
#2896 = CARTESIAN_POINT ( 'NONE',  ( -3.228595854035709145, 22.38890729257718704, 34.22859585403515581 ) ) ;
#2897 = ORIENTED_EDGE ( 'NONE', *, *, #3774, .F. ) ;
#2898 = CARTESIAN_POINT ( 'NONE',  ( -42.79643309923149985, 23.38890729257713375, 26.29643309923107708 ) ) ;
#2899 = VERTEX_POINT ( 'NONE', #1644 ) ;
#2900 = CARTESIAN_POINT ( 'NONE',  ( -36.84839147017617478, 29.52956116337114167, 53.34839147017590477 ) ) ;
#2901 = EDGE_CURVE ( 'NONE', #4734, #1725, #1296, .T. ) ;
#2902 = DIRECTION ( 'NONE',  ( -4.876176775795935793E-29, 1.000000000000000000, -6.982962677686266711E-15 ) ) ;
#2903 = DIRECTION ( 'NONE',  ( -6.982962677686266711E-15, -6.982962677686266711E-15, -1.000000000000000000 ) ) ;
#2904 = AXIS2_PLACEMENT_3D ( 'NONE', #2458, #4185, #4159 ) ;
#2905 = ORIENTED_EDGE ( 'NONE', *, *, #2114, .F. ) ;
#2906 = ADVANCED_FACE ( 'NONE', ( #2486 ), #1274, .T. ) ;
#2907 = CARTESIAN_POINT ( 'NONE',  ( -8.572102306964151097, 23.39007190009224502, 36.54578992531236992 ) ) ;
#2908 = DATE_AND_TIME ( #307, #3051 ) ;
#2909 = PLANE ( 'NONE',  #4246 ) ;
#2910 = LINE ( 'NONE', #1253, #51 ) ;
#2911 = CIRCLE ( 'NONE', #2381, 2.099999999999996092 ) ;
#2912 = ORIENTED_EDGE ( 'NONE', *, *, #3468, .T. ) ;
#2913 = CARTESIAN_POINT ( 'NONE',  ( -7.978595854035519075, 36.38890729257737178, 60.37459947117202574 ) ) ;
#2914 = CARTESIAN_POINT ( 'NONE',  ( -26.29643309923129024, 23.38890729257725098, 42.79643309923104511 ) ) ;
#2915 = CARTESIAN_POINT ( 'NONE',  ( -42.09537994928354010, 23.26528994317575894, 25.57005410207260354 ) ) ;
#2916 = EDGE_CURVE ( 'NONE', #1862, #1028, #2460, .T. ) ;
#2917 = VECTOR ( 'NONE', #993, 1000.000000000000000 ) ;
#2918 = DIRECTION ( 'NONE',  ( 0.8660254037844422603, 3.491481338843132172E-15, 0.4999999999999937828 ) ) ;
#2919 = CARTESIAN_POINT ( 'NONE',  ( -18.78442777694035826, 22.38890729257719769, 36.85357172157624461 ) ) ;
#2920 = EDGE_CURVE ( 'NONE', #3039, #32, #2046, .T. ) ;
#2921 = AXIS2_PLACEMENT_3D ( 'NONE', #3224, #1459, #2769 ) ;
#2922 = EDGE_CURVE ( 'NONE', #4566, #1405, #3320, .T. ) ;
#2923 = CARTESIAN_POINT ( 'NONE',  ( -25.79200997419063413, 20.99485757416509202, -3.195090374800891198 ) ) ;
#2924 = CARTESIAN_POINT ( 'NONE',  ( -50.31438229166245435, 22.38890729257741441, 66.81438229166226961 ) ) ;
#2925 = ORIENTED_EDGE ( 'NONE', *, *, #1942, .F. ) ;
#2926 = CARTESIAN_POINT ( 'NONE',  ( -28.04929296963161534, 21.39583405174528963, 16.93995189492770237 ) ) ;
#2927 = ORIENTED_EDGE ( 'NONE', *, *, #2276, .F. ) ;
#2928 = PLANE ( 'NONE',  #4162 ) ;
#2929 = CARTESIAN_POINT ( 'NONE',  ( -36.64435535903854912, 29.57777534963929966, 53.15380430970101600 ) ) ;
#2930 = EDGE_CURVE ( 'NONE', #3578, #4471, #4290, .T. ) ;
#2931 = CARTESIAN_POINT ( 'NONE',  ( -10.37459947117257641, 34.58890729257724672, 42.97859585403512028 ) ) ;
#2932 = ORIENTED_EDGE ( 'NONE', *, *, #2776, .T. ) ;
#2933 = CARTESIAN_POINT ( 'NONE',  ( -9.884029885432386919, 23.52641551142470888, 37.83226827130539505 ) ) ;
#2934 = CARTESIAN_POINT ( 'NONE',  ( -36.92729183711270480, 22.38890729257708401, 18.94270819183341104 ) ) ;
#2935 = EDGE_LOOP ( 'NONE', ( #5393, #4904 ) ) ;
#2936 = CARTESIAN_POINT ( 'NONE',  ( -10.54406832558365181, 22.47661952423661802, 37.12214250339314958 ) ) ;
#2937 = ADVANCED_FACE ( 'NONE', ( #3010 ), #882, .T. ) ;
#2938 = DIRECTION ( 'NONE',  ( -0.3110177634953892323, 0.6546536707079733119, -0.6889822365046160968 ) ) ;
#2939 = CARTESIAN_POINT ( 'NONE',  ( 7.564297364777742061, 22.38890729257699874, 7.521489072848793533 ) ) ;
#2940 = EDGE_LOOP ( 'NONE', ( #275, #3691, #2905, #163 ) ) ;
#2941 = CARTESIAN_POINT ( 'NONE',  ( -8.228595854035491541, 29.31711052285291075, 63.97859585403510607 ) ) ;
#2942 = CARTESIAN_POINT ( 'NONE',  ( -25.32413862537202576, 23.22435722801434466, 41.86849533927414768 ) ) ;
#2943 = EDGE_CURVE ( 'NONE', #2545, #3166, #2182, .T. ) ;
#2944 = CARTESIAN_POINT ( 'NONE',  ( -22.28287083945465596, 22.75900965414368926, 39.49161851387666644 ) ) ;
#2945 = DIRECTION ( 'NONE',  ( 6.938893903907222067E-15, 6.938893903907222067E-15, 1.000000000000000000 ) ) ;
#2946 = ADVANCED_FACE ( 'NONE', ( #2700 ), #1304, .F. ) ;
#2947 = CARTESIAN_POINT ( 'NONE',  ( -25.73489303329882461, 20.20453917319897741, -7.761474287958066043 ) ) ;
#2948 = EDGE_CURVE ( 'NONE', #5492, #3, #918, .T. ) ;
#2949 = CARTESIAN_POINT ( 'NONE',  ( -7.978595854035533286, 36.38990729257735524, 57.97859585403508476 ) ) ;
#2950 = ADVANCED_FACE ( 'NONE', ( #4319 ), #3547, .F. ) ;
#2951 = ORIENTED_EDGE ( 'NONE', *, *, #1284, .T. ) ;
#2952 = CYLINDRICAL_SURFACE ( 'NONE', #825, 10.00000000000000178 ) ;
#2953 = ORIENTED_EDGE ( 'NONE', *, *, #2711, .T. ) ;
#2954 = CIRCLE ( 'NONE', #1343, 3.500000000000003109 ) ;
#2955 = LINE ( 'NONE', #5070, #5047 ) ;
#2956 = CARTESIAN_POINT ( 'NONE',  ( -36.69667895774456667, 29.56555282113284022, 53.20270756857295424 ) ) ;
#2957 = DIRECTION ( 'NONE',  ( -0.7071067811865417996, 4.937700262164536209E-15, 0.7071067811865531239 ) ) ;
#2958 = ORIENTED_EDGE ( 'NONE', *, *, #699, .F. ) ;
#2959 = CARTESIAN_POINT ( 'NONE',  ( -9.994585427081634776, 23.58674985785668099, 38.06529056097618735 ) ) ;
#2960 = CONICAL_SURFACE ( 'NONE', #986, 1.000000000000021760, 0.7853981633974471688 ) ;
#2961 = CIRCLE ( 'NONE', #2641, 2.000000000000001776 ) ;
#2962 = CIRCLE ( 'NONE', #2428, 10.00000000000000178 ) ;
#2963 = LINE ( 'NONE', #4654, #2264 ) ;
#2964 = ORIENTED_EDGE ( 'NONE', *, *, #1313, .F. ) ;
#2965 = EDGE_CURVE ( 'NONE', #1098, #4559, #4732, .T. ) ;
#2966 = CARTESIAN_POINT ( 'NONE',  ( -24.63496005718750226, 20.39448646334666293, 8.372165927750007342 ) ) ;
#2967 = APPROVAL_DATE_TIME ( #2101, #1873 ) ;
#2968 = FACE_BOUND ( 'NONE', #4233, .T. ) ;
#2969 = DIRECTION ( 'NONE',  ( 6.982962677686266711E-15, 6.982962677686266711E-15, 1.000000000000000000 ) ) ;
#2970 = VERTEX_POINT ( 'NONE', #4815 ) ;
#2971 = CARTESIAN_POINT ( 'NONE',  ( -29.97859585403580240, 22.38890729257707690, 18.66488735505057761 ) ) ;
#2972 = DIRECTION ( 'NONE',  ( -4.876176775795935793E-29, 1.000000000000000000, -6.982962677686266711E-15 ) ) ;
#2973 = AXIS2_PLACEMENT_3D ( 'NONE', #3550, #3125, #4819 ) ;
#2974 = CARTESIAN_POINT ( 'NONE',  ( -7.978595854035533286, 29.31711052285286812, 57.97859585403513449 ) ) ;
#2975 = CARTESIAN_POINT ( 'NONE',  ( -16.47067680497805142, 22.38890729257719414, 35.79910392972396949 ) ) ;
#2976 = CIRCLE ( 'NONE', #3335, 3.500000000000000000 ) ;
#2977 = CARTESIAN_POINT ( 'NONE',  ( -44.36528127542796085, 18.38890729257736112, 59.45106771305469806 ) ) ;
#2978 = AXIS2_PLACEMENT_3D ( 'NONE', #5387, #190, #4137 ) ;
#2979 = FACE_OUTER_BOUND ( 'NONE', #3556, .T. ) ;
#2980 = ORIENTED_EDGE ( 'NONE', *, *, #4821, .F. ) ;
#2981 = DIRECTION ( 'NONE',  ( 4.876176775795935793E-29, -1.000000000000000000, 6.982962677686266711E-15 ) ) ;
#2982 = ORIENTED_EDGE ( 'NONE', *, *, #4508, .F. ) ;
#2983 = AXIS2_PLACEMENT_3D ( 'NONE', #949, #4712, #83 ) ;
#2984 = LINE ( 'NONE', #1221, #3178 ) ;
#2985 = DIRECTION ( 'NONE',  ( -4.876176775795935793E-29, 1.000000000000000000, -6.982962677686266711E-15 ) ) ;
#2986 = CARTESIAN_POINT ( 'NONE',  ( -40.79910392972448818, 23.72865325473270559, 22.47067680497779563 ) ) ;
#2987 = CARTESIAN_POINT ( 'NONE',  ( 40.52140414596435392, 35.38890729257722967, 40.47859585403475791 ) ) ;
#2988 = CARTESIAN_POINT ( 'NONE',  ( -37.69251931444997439, 22.38890729257708401, 20.53739314863561560 ) ) ;
#2989 = ORIENTED_EDGE ( 'NONE', *, *, #1857, .F. ) ;
#2990 = CARTESIAN_POINT ( 'NONE',  ( -25.96018862694736384, 21.02571677218950441, 15.71872479242179743 ) ) ;
#2991 = CARTESIAN_POINT ( 'NONE',  ( 2.803023254075174275, 3.445880212795311870, 13.69697674592460501 ) ) ;
#2992 = CARTESIAN_POINT ( 'NONE',  ( -28.04929296963161534, 21.39583405174528963, 16.93995189492770237 ) ) ;
#2993 = EDGE_CURVE ( 'NONE', #2105, #2661, #5495, .T. ) ;
#2994 = ORIENTED_EDGE ( 'NONE', *, *, #557, .F. ) ;
#2995 = CIRCLE ( 'NONE', #3976, 9.000000000000015987 ) ;
#2996 = PLANE ( 'NONE',  #2778 ) ;
#2997 = CARTESIAN_POINT ( 'NONE',  ( -17.72266416656258059, 29.14322814618696000, 50.19252057229937947 ) ) ;
#2998 = EDGE_LOOP ( 'NONE', ( #5279, #2503 ) ) ;
#2999 = DIRECTION ( 'NONE',  ( 4.876176775795935793E-29, -1.000000000000000000, 6.982962677686266711E-15 ) ) ;
#3000 = CARTESIAN_POINT ( 'NONE',  ( -52.47859585403571003, 22.38890729257717993, 33.15016872928933367 ) ) ;
#3001 = FACE_OUTER_BOUND ( 'NONE', #3903, .T. ) ;
#3002 = LINE ( 'NONE', #2607, #2427 ) ;
#3003 = ORIENTED_EDGE ( 'NONE', *, *, #1005, .T. ) ;
#3004 = DIRECTION ( 'NONE',  ( -4.937700262164552775E-15, 0.7071067811865444641, -0.7071067811865505703 ) ) ;
#3005 = ORIENTED_EDGE ( 'NONE', *, *, #2943, .F. ) ;
#3006 = CIRCLE ( 'NONE', #860, 2.099999999999997868 ) ;
#3007 = CARTESIAN_POINT ( 'NONE',  ( -24.86609987527734589, 36.38890729257700229, 7.502700026140387557 ) ) ;
#3008 = CARTESIAN_POINT ( 'NONE',  ( -34.51314186934448713, 29.96372613137554808, 51.63953933534638452 ) ) ;
#3009 = LINE ( 'NONE', #3430, #4951 ) ;
#3010 = FACE_OUTER_BOUND ( 'NONE', #2229, .T. ) ;
#3011 = DIRECTION ( 'NONE',  ( 0.7071067811865469066, 0.7071067811865482389, -9.875400524329062952E-15 ) ) ;
#3012 = ORIENTED_EDGE ( 'NONE', *, *, #2542, .T. ) ;
#3013 = CARTESIAN_POINT ( 'NONE',  ( -25.51681300161284938, 20.81452895199031872, 14.93648433631412331 ) ) ;
#3014 = EDGE_CURVE ( 'NONE', #4311, #2099, #465, .T. ) ;
#3015 = DIRECTION ( 'NONE',  ( -1.000000000000000000, 0.000000000000000000, 6.982939617164445684E-15 ) ) ;
#3016 = LINE ( 'NONE', #2, #224 ) ;
#3017 = DIRECTION ( 'NONE',  ( -4.876176775795935793E-29, 1.000000000000000000, -6.982962677686266711E-15 ) ) ;
#3018 = EDGE_CURVE ( 'NONE', #1725, #4311, #1277, .T. ) ;
#3019 = ORIENTED_EDGE ( 'NONE', *, *, #3365, .T. ) ;
#3020 = EDGE_CURVE ( 'NONE', #2189, #5016, #2207, .T. ) ;
#3021 = CARTESIAN_POINT ( 'NONE',  ( -35.47859585403569582, 36.38890729257719414, 35.47859585403528371 ) ) ;
#3022 = CARTESIAN_POINT ( 'NONE',  ( -17.81762860215425803, 29.13801596133545146, 50.17996786287691435 ) ) ;
#3023 = EDGE_CURVE ( 'NONE', #4479, #770, #1753, .T. ) ;
#3024 = ORIENTED_EDGE ( 'NONE', *, *, #3853, .F. ) ;
#3025 = CARTESIAN_POINT ( 'NONE',  ( -31.22859585403580596, 36.38890729257721546, 38.22859585403545424 ) ) ;
#3026 = DIRECTION ( 'NONE',  ( -4.876176775795935793E-29, 1.000000000000000000, -6.982962677686266711E-15 ) ) ;
#3027 = EDGE_CURVE ( 'NONE', #2492, #2120, #4751, .T. ) ;
#3028 = DIRECTION ( 'NONE',  ( -4.876176775795935793E-29, 1.000000000000000000, -6.982962677686266711E-15 ) ) ;
#3029 = LINE ( 'NONE', #4203, #2689 ) ;
#3030 = ORIENTED_EDGE ( 'NONE', *, *, #2366, .F. ) ;
#3031 = CARTESIAN_POINT ( 'NONE',  ( -8.944248238863382383, 23.05557395924391173, 36.37068612740871743 ) ) ;
#3032 = ORIENTED_EDGE ( 'NONE', *, *, #4179, .T. ) ;
#3033 = CARTESIAN_POINT ( 'NONE',  ( -7.978595854035560819, 34.58890729257733909, 55.58259223689815087 ) ) ;
#3034 = CARTESIAN_POINT ( 'NONE',  ( -35.03835990050570359, 29.89197161827199167, 51.93707424049289045 ) ) ;
#3035 = CARTESIAN_POINT ( 'NONE',  ( -9.287378883525597928, 22.38890729257719414, 35.79910392972391264 ) ) ;
#3036 = CARTESIAN_POINT ( 'NONE',  ( -30.50526857174425999, 29.02841448714323036, 49.97855965224259478 ) ) ;
#3037 = ORIENTED_EDGE ( 'NONE', *, *, #5004, .T. ) ;
#3038 = CARTESIAN_POINT ( 'NONE',  ( -6.228595854035726020, 22.38890729257716572, 31.22859585403518068 ) ) ;
#3039 = VERTEX_POINT ( 'NONE', #2618 ) ;
#3040 = CARTESIAN_POINT ( 'NONE',  ( -25.44202110333964484, 20.05378872391292333, 11.83539806786024329 ) ) ;
#3041 = CYLINDRICAL_SURFACE ( 'NONE', #2655, 6.999999999999992006 ) ;
#3042 = VECTOR ( 'NONE', #1070, 1000.000000000000000 ) ;
#3043 = FACE_OUTER_BOUND ( 'NONE', #998, .T. ) ;
#3044 = CARTESIAN_POINT ( 'NONE',  ( -7.978595854035560819, 34.58890729257733909, 55.58259223689815087 ) ) ;
#3045 = AXIS2_PLACEMENT_3D ( 'NONE', #5059, #1681, #5032 ) ;
#3046 = ORIENTED_EDGE ( 'NONE', *, *, #3311, .F. ) ;
#3047 = CARTESIAN_POINT ( 'NONE',  ( -7.228595854035685164, 27.38890729257721901, 36.22859585403514870 ) ) ;
#3048 = CIRCLE ( 'NONE', #5268, 0.9999999999999731326 ) ;
#3049 = CARTESIAN_POINT ( 'NONE',  ( -17.27100351238953024, 29.17072509154928284, 50.26178143697840284 ) ) ;
#3050 = AXIS2_PLACEMENT_3D ( 'NONE', #2867, #267, #5349 ) ;
#3051 = LOCAL_TIME ( 15, 28, 52.00000000000000000, #2434 ) ;
#3052 = CARTESIAN_POINT ( 'NONE',  ( -36.17834332234172479, 23.38890729257719414, 26.27884838572976633 ) ) ;
#3053 = EDGE_CURVE ( 'NONE', #4399, #72, #1357, .T. ) ;
#3054 = DIRECTION ( 'NONE',  ( -6.982962677686266711E-15, -6.982962677686266711E-15, -1.000000000000000000 ) ) ;
#3055 = EDGE_CURVE ( 'NONE', #1166, #1530, #5124, .T. ) ;
#3056 = CARTESIAN_POINT ( 'NONE',  ( -36.89217356876753229, 22.42299979252275932, 18.25059383489224629 ) ) ;
#3057 = DIRECTION ( 'NONE',  ( 0.7071067811865524577, 4.937700262164531476E-15, 0.7071067811865426878 ) ) ;
#3058 = CARTESIAN_POINT ( 'NONE',  ( -41.87725005235479614, 23.22687016254386450, 25.34457253323942894 ) ) ;
#3059 = ORIENTED_EDGE ( 'NONE', *, *, #77, .F. ) ;
#3060 = DIRECTION ( 'NONE',  ( -0.4999999999999977796, 0.7071067811865495711, 0.4999999999999993339 ) ) ;
#3061 = CIRCLE ( 'NONE', #648, 0.9999999999999870104 ) ;
#3062 = VERTEX_POINT ( 'NONE', #1386 ) ;
#3063 = VECTOR ( 'NONE', #3908, 1000.000000000000000 ) ;
#3064 = VERTEX_POINT ( 'NONE', #5181 ) ;
#3065 = DIRECTION ( 'NONE',  ( -1.224939954490834166E-16, 6.938893903907227589E-15, 1.000000000000000000 ) ) ;
#3066 = DIRECTION ( 'NONE',  ( -0.7071067811865386910, 4.937700262164559875E-15, 0.7071067811865564545 ) ) ;
#3067 = FACE_OUTER_BOUND ( 'NONE', #4726, .T. ) ;
#3068 = ORIENTED_EDGE ( 'NONE', *, *, #700, .T. ) ;
#3069 = CIRCLE ( 'NONE', #2632, 11.00000000000000355 ) ;
#3070 = VECTOR ( 'NONE', #1001, 1000.000000000000000 ) ;
#3071 = CYLINDRICAL_SURFACE ( 'NONE', #2353, 1.099999999999996758 ) ;
#3072 = ORIENTED_EDGE ( 'NONE', *, *, #1340, .T. ) ;
#3073 = CARTESIAN_POINT ( 'NONE',  ( -34.43821680652403927, 27.38890729257703782, 10.39658624618096816 ) ) ;
#3074 = CARTESIAN_POINT ( 'NONE',  ( -21.56325545074182415, 22.11260451838569097, 38.51312192566619075 ) ) ;
#3075 = CARTESIAN_POINT ( 'NONE',  ( -51.01843048601513431, 29.77370659750583570, 34.51843048601488562 ) ) ;
#3076 = CARTESIAN_POINT ( 'NONE',  ( -8.228595854035491541, 29.31711052285290364, 62.97859585403513449 ) ) ;
#3077 = ADVANCED_FACE ( 'NONE', ( #3067, #4793, #4347 ), #519, .F. ) ;
#3078 = ORIENTED_EDGE ( 'NONE', *, *, #3681, .T. ) ;
#3079 = CARTESIAN_POINT ( 'NONE',  ( -1.228595854035707369, 23.38890729257725098, 34.22859585403513449 ) ) ;
#3080 = CARTESIAN_POINT ( 'NONE',  ( -20.22859585403558569, 36.38890729257730072, 49.47859585403517713 ) ) ;
#3081 = ORIENTED_EDGE ( 'NONE', *, *, #2445, .T. ) ;
#3082 = VECTOR ( 'NONE', #4289, 1000.000000000000000 ) ;
#3083 = VECTOR ( 'NONE', #507, 1000.000000000000000 ) ;
#3084 = CARTESIAN_POINT ( 'NONE',  ( -9.176597662604123684, 35.81390729257724104, 40.90359585403511744 ) ) ;
#3085 = CARTESIAN_POINT ( 'NONE',  ( -23.32482246322533825, 22.38890729257722256, 39.19897471377319675 ) ) ;
#3086 = EDGE_CURVE ( 'NONE', #1389, #317, #4141, .T. ) ;
#3087 = LINE ( 'NONE', #4670, #1760 ) ;
#3088 = DIRECTION ( 'NONE',  ( 6.938893903907222067E-15, 6.938893903907222067E-15, 1.000000000000000000 ) ) ;
#3089 = CARTESIAN_POINT ( 'NONE',  ( -29.97859585403587346, 22.38890729257701295, 9.497770061690840038 ) ) ;
#3090 = CONICAL_SURFACE ( 'NONE', #1475, 7.999999999999972466, 0.7853981633974466137 ) ;
#3091 = ORIENTED_EDGE ( 'NONE', *, *, #1106, .F. ) ;
#3092 = EDGE_CURVE ( 'NONE', #1596, #2813, #3299, .T. ) ;
#3093 = EDGE_CURVE ( 'NONE', #819, #2291, #575, .T. ) ;
#3094 = VERTEX_POINT ( 'NONE', #3570 ) ;
#3095 = DIRECTION ( 'NONE',  ( 1.000000000000000000, -1.514188661106529260E-30, -7.199803112183367597E-15 ) ) ;
#3096 = FACE_OUTER_BOUND ( 'NONE', #2293, .T. ) ;
#3097 = CARTESIAN_POINT ( 'NONE',  ( -49.47859585403571003, 36.38890729257717993, 33.15016872928921288 ) ) ;
#3098 = ORIENTED_EDGE ( 'NONE', *, *, #3373, .T. ) ;
#3099 = AXIS2_PLACEMENT_3D ( 'NONE', #3563, #4036, #3621 ) ;
#3100 = CARTESIAN_POINT ( 'NONE',  ( -19.07179968664831549, 29.05483360351054145, 50.02431890408177395 ) ) ;
#3101 = ORIENTED_EDGE ( 'NONE', *, *, #3468, .F. ) ;
#3102 = B_SPLINE_CURVE_WITH_KNOTS ( 'NONE', 3,
 ( #2223, #1742, #4335, #2715, #536, #1011, #1769, #3925, #4362, #3450, #2251, #3056, #5142, #91, #5201, #1374, #231, #1457, #3252, #1124, #1483, #3649, #4950, #2305, #4005, #2830, #1064, #1538, #258, #1509, #3222, #3704, #1913, #3619, #3168 ),
 .UNSPECIFIED., .F., .F.,
 ( 4, 2, 2, 1, 1, 1, 2, 2, 2, 1, 1, 1, 1, 2, 2, 2, 1, 1, 1, 1, 2, 2, 4 ),
 ( 0.000000000000000000, 0.1249999999999391875, 0.1874999999999081568, 0.2187499999998931965, 0.2343749999998850364, 0.2421874999998809286, 0.2460937499998795686, 0.2499999999998782363, 0.3749999999998982481, 0.4374999999999088507, 0.4687499999999147904, 0.4843749999999170663, 0.4921874999999182876, 0.4960937499999195088, 0.4999999999999207301, 0.6249999999999756861, 0.6875000000000032196, 0.7187500000000175415, 0.7343750000000240918, 0.7421875000000273115, 0.7460937500000280886, 0.7500000000000287548, 1.000000000000000000 ),
 .UNSPECIFIED. ) ;
#3103 = ADVANCED_FACE ( 'NONE', ( #1435 ), #644, .F. ) ;
#3104 = CARTESIAN_POINT ( 'NONE',  ( -20.57630553856787969, 22.95148053190587945, 39.22046120771602773 ) ) ;
#3105 = VECTOR ( 'NONE', #3182, 999.9999999999998863 ) ;
#3106 = CARTESIAN_POINT ( 'NONE',  ( -49.47859585403571714, 28.73976025366305009, 31.15016872928922353 ) ) ;
#3107 = FACE_OUTER_BOUND ( 'NONE', #4919, .T. ) ;
#3108 = ADVANCED_FACE ( 'NONE', ( #3978 ), #4386, .T. ) ;
#3109 = ORIENTED_EDGE ( 'NONE', *, *, #5521, .T. ) ;
#3110 = CARTESIAN_POINT ( 'NONE',  ( -10.54845022594420989, 22.47565387031543338, 37.12282582511326012 ) ) ;
#3111 = CARTESIAN_POINT ( 'NONE',  ( -18.07467875684030645, 29.12521137378169556, 50.15079615219584497 ) ) ;
#3112 = CARTESIAN_POINT ( 'NONE',  ( 0.02140414596405772196, 27.38890729257696321, -0.02140414596489038923 ) ) ;
#3113 = CARTESIAN_POINT ( 'NONE',  ( -20.30252136568044818, 22.54792230472482117, 38.18022700268105041 ) ) ;
#3114 = CARTESIAN_POINT ( 'NONE',  ( -58.06328885487364033, 28.38890729257724743, 42.97750241724670417 ) ) ;
#3115 = CARTESIAN_POINT ( 'NONE',  ( -10.22859585403549332, 68.33417298250397209, 62.97859585403488580 ) ) ;
#3116 = CARTESIAN_POINT ( 'NONE',  ( -42.32862148807573988, 23.30788338648114433, 25.82866123048052032 ) ) ;
#3117 = EDGE_CURVE ( 'NONE', #772, #2269, #167, .T. ) ;
#3118 = CARTESIAN_POINT ( 'NONE',  ( -7.978595854035519075, 34.58890729257737462, 60.37459947117203996 ) ) ;
#3119 = ORIENTED_EDGE ( 'NONE', *, *, #1927, .F. ) ;
#3120 = ORIENTED_EDGE ( 'NONE', *, *, #1869, .T. ) ;
#3121 = CARTESIAN_POINT ( 'NONE',  ( -50.47859585403571003, 30.47181106123194283, 33.15016872928926261 ) ) ;
#3122 = FACE_OUTER_BOUND ( 'NONE', #1749, .T. ) ;
#3123 = DIRECTION ( 'NONE',  ( -6.938893903907228378E-15, -6.938893903907228378E-15, -1.000000000000000000 ) ) ;
#3124 = EDGE_LOOP ( 'NONE', ( #1868, #3922, #1086, #5292 ) ) ;
#3125 = DIRECTION ( 'NONE',  ( -4.876176775795935793E-29, 1.000000000000000000, -6.982962677686266711E-15 ) ) ;
#3126 = ORIENTED_EDGE ( 'NONE', *, *, #2479, .T. ) ;
#3127 = CARTESIAN_POINT ( 'NONE',  ( -31.05312684058905148, 29.92979175416659032, 50.53422769174372320 ) ) ;
#3128 = CARTESIAN_POINT ( 'NONE',  ( -49.66964772939373063, 27.35715960949778136, 33.16964772939346773 ) ) ;
#3129 = FACE_OUTER_BOUND ( 'NONE', #659, .T. ) ;
#3130 = ADVANCED_FACE ( 'NONE', ( #673 ), #830, .F. ) ;
#3131 = EDGE_LOOP ( 'NONE', ( #4488, #1073, #523, #2864, #4811, #827, #4499, #5530, #5524, #530, #3834, #3965, #620, #2723 ) ) ;
#3132 = LINE ( 'NONE', #584, #634 ) ;
#3133 = CARTESIAN_POINT ( 'NONE',  ( -35.79910392972465871, 32.38890729257695256, -0.02140414596468222241 ) ) ;
#3134 = VECTOR ( 'NONE', #339, 1000.000000000000114 ) ;
#3135 = CIRCLE ( 'NONE', #3945, 0.9999999999999940048 ) ;
#3136 = CYLINDRICAL_SURFACE ( 'NONE', #5488, 3.499999999999999556 ) ;
#3137 = VECTOR ( 'NONE', #1961, 1000.000000000000000 ) ;
#3138 = CARTESIAN_POINT ( 'NONE',  ( -39.56164183397566347, 22.38890729257711243, 23.90429132343322038 ) ) ;
#3139 = VECTOR ( 'NONE', #2452, 1000.000000000000000 ) ;
#3140 = SECURITY_CLASSIFICATION ( '', '', #4971 ) ;
#3141 = DIRECTION ( 'NONE',  ( 0.7071067811865463515, -4.937700262164505444E-15, -0.7071067811865487940 ) ) ;
#3142 = CARTESIAN_POINT ( 'NONE',  ( -22.99536213824265829, 22.38890729257721901, 39.00599322084696041 ) ) ;
#3143 = ORIENTED_EDGE ( 'NONE', *, *, #4835, .F. ) ;
#3144 = CARTESIAN_POINT ( 'NONE',  ( -20.22859585403558569, 29.02843538825798930, 49.97859585403521265 ) ) ;
#3145 = CARTESIAN_POINT ( 'NONE',  ( -40.27920200257015182, 22.38890729257712664, 24.95166802785637472 ) ) ;
#3146 = PLANE ( 'NONE',  #2705 ) ;
#3147 = ORIENTED_EDGE ( 'NONE', *, *, #42, .T. ) ;
#3148 = VERTEX_POINT ( 'NONE', #1091 ) ;
#3149 = CARTESIAN_POINT ( 'NONE',  ( -11.16891975582602115, 29.31711052285281838, 50.51378140396930405 ) ) ;
#3150 = FACE_OUTER_BOUND ( 'NONE', #5409, .T. ) ;
#3151 = CARTESIAN_POINT ( 'NONE',  ( -26.02101533195607175, 22.38890729257723322, 41.10668251548143104 ) ) ;
#3152 = VECTOR ( 'NONE', #5075, 1000.000000000000000 ) ;
#3153 = ORIENTED_EDGE ( 'NONE', *, *, #1384, .F. ) ;
#3154 = CARTESIAN_POINT ( 'NONE',  ( -18.50111795209164711, 29.10723870832389792, 50.11508720819445983 ) ) ;
#3155 = VERTEX_POINT ( 'NONE', #2303 ) ;
#3156 = DIRECTION ( 'NONE',  ( -1.000000000000000000, 0.000000000000000000, 6.982962677686266711E-15 ) ) ;
#3157 = EDGE_CURVE ( 'NONE', #4906, #3205, #3421, .T. ) ;
#3158 = CARTESIAN_POINT ( 'NONE',  ( -32.26990359920362295, 29.21815295425863468, 50.32364338662434733 ) ) ;
#3159 = LINE ( 'NONE', #4461, #5199 ) ;
#3160 = AXIS2_PLACEMENT_3D ( 'NONE', #4212, #828, #2903 ) ;
#3161 = EDGE_LOOP ( 'NONE', ( #1046, #749, #2861, #4126, #1055 ) ) ;
#3162 = LINE ( 'NONE', #5247, #5456 ) ;
#3163 = EDGE_CURVE ( 'NONE', #755, #4906, #4665, .T. ) ;
#3164 = LINE ( 'NONE', #2356, #2812 ) ;
#3165 = CARTESIAN_POINT ( 'NONE',  ( -31.22859585403591964, 22.38890729257696677, 2.728595854035351209 ) ) ;
#3166 = VERTEX_POINT ( 'NONE', #3165 ) ;
#3167 = CARTESIAN_POINT ( 'NONE',  ( -33.97614582065256172, 29.42194099479843672, 51.15337325821261771 ) ) ;
#3168 = CARTESIAN_POINT ( 'NONE',  ( -40.30746253255860978, 22.92480567743934827, 23.42641981728140621 ) ) ;
#3169 = CARTESIAN_POINT ( 'NONE',  ( -40.80376494157070510, 23.02393635547746342, 24.07471798642983885 ) ) ;
#3170 = CARTESIAN_POINT ( 'NONE',  ( -18.00087898807558418, 29.12601227259302661, 50.14760082476782088 ) ) ;
#3171 = LINE ( 'NONE', #1886, #31 ) ;
#3172 = ORIENTED_EDGE ( 'NONE', *, *, #4092, .T. ) ;
#3173 = DIRECTION ( 'NONE',  ( -4.937700262164570130E-15, 0.7071067811865420216, -0.7071067811865531239 ) ) ;
#3174 = VECTOR ( 'NONE', #4687, 1000.000000000000000 ) ;
#3175 = ORIENTED_EDGE ( 'NONE', *, *, #3947, .T. ) ;
#3176 = CARTESIAN_POINT ( 'NONE',  ( -11.00973175610891808, 29.31711052285281482, 50.04086765818170335 ) ) ;
#3177 = CARTESIAN_POINT ( 'NONE',  ( -36.90752804217008531, 35.38890729257732204, 53.40752804216979399 ) ) ;
#3178 = VECTOR ( 'NONE', #2147, 1000.000000000000000 ) ;
#3179 = VERTEX_POINT ( 'NONE', #4498 ) ;
#3180 = CARTESIAN_POINT ( 'NONE',  ( -40.27950149515945100, 22.38890729257711598, 24.95206497204660678 ) ) ;
#3181 = ORIENTED_EDGE ( 'NONE', *, *, #1440, .F. ) ;
#3182 = DIRECTION ( 'NONE',  ( -0.7071067811865521247, -4.937700262164533843E-15, -0.7071067811865430208 ) ) ;
#3183 = CARTESIAN_POINT ( 'NONE',  ( -36.47391046581800111, 29.51157812856879303, 52.99024988317576401 ) ) ;
#3184 = CARTESIAN_POINT ( 'NONE',  ( -51.72859585403554661, 22.38890729257741796, 67.40016872928917735 ) ) ;
#3185 = VERTEX_POINT ( 'NONE', #5278 ) ;
#3186 = EDGE_CURVE ( 'NONE', #4713, #3282, #1534, .T. ) ;
#3187 = CARTESIAN_POINT ( 'NONE',  ( -10.12185441404050046, 23.70632710188336389, 38.43398230526352677 ) ) ;
#3188 = CARTESIAN_POINT ( 'NONE',  ( -38.48676351763979397, 27.41949485029794076, 28.58726858102784263 ) ) ;
#3189 = AXIS2_PLACEMENT_3D ( 'NONE', #4363, #172, #538 ) ;
#3190 = EDGE_CURVE ( 'NONE', #2189, #1473, #1453, .T. ) ;
#3191 = LINE ( 'NONE', #1478, #1832 ) ;
#3192 = B_SPLINE_CURVE_WITH_KNOTS ( 'NONE', 3,
 ( #5327, #1023, #2731, #2318, #4020, #5497, #2094, #4987, #2067, #1693, #3719, #4235, #799, #4158, #1669, #1222, #718, #1161, #747, #302, #4567, #2012, #2457, #5466, #1140, #773, #328, #2043, #4209, #1604, #2874, #2429, #5044, #4597, #4134, #3769, #2843, #5413 ),
 .UNSPECIFIED., .F., .F.,
 ( 4, 2, 1, 2, 2, 2, 1, 2, 2, 2, 2, 2, 2, 2, 2, 2, 2, 2, 2, 4 ),
 ( 0.000000000000000000, 0.06250000000000333067, 0.09375000000000485723, 0.1093750000000055511, 0.1250000000000062450, 0.1875000000000073830, 0.2187500000000080769, 0.2343750000000082989, 0.2500000000000084932, 0.3125000000000078826, 0.3437500000000076605, 0.3750000000000074385, 0.4375000000000064393, 0.4687500000000059397, 0.5000000000000054401, 0.6250000000000042188, 0.7500000000000029976, 0.8125000000000021094, 0.8750000000000012212, 1.000000000000000000 ),
 .UNSPECIFIED. ) ;
#3193 = EDGE_CURVE ( 'NONE', #3626, #4644, #2740, .T. ) ;
#3194 = CARTESIAN_POINT ( 'NONE',  ( -38.06031550036571076, 22.38890729257709467, 21.26561479137410160 ) ) ;
#3195 = ORIENTED_EDGE ( 'NONE', *, *, #3325, .T. ) ;
#3196 = CARTESIAN_POINT ( 'NONE',  ( -36.88502721443567367, 29.51504402494732915, 53.38502659357775570 ) ) ;
#3197 = DIRECTION ( 'NONE',  ( 0.7071067811865417996, -4.937700262164536209E-15, -0.7071067811865531239 ) ) ;
#3198 = LINE ( 'NONE', #3115, #1667 ) ;
#3199 = CARTESIAN_POINT ( 'NONE',  ( -40.79910392972448818, 23.72865325473270559, 22.47067680497779563 ) ) ;
#3200 = ADVANCED_FACE ( 'NONE', ( #3671 ), #3248, .T. ) ;
#3201 = CARTESIAN_POINT ( 'NONE',  ( 0.02140414596405772196, 28.38890729257694190, -0.02140414596490426702 ) ) ;
#3202 = EDGE_LOOP ( 'NONE', ( #1930, #1590 ) ) ;
#3204 = AXIS2_PLACEMENT_3D ( 'NONE', #4741, #861, #2591 ) ;
#3203 = CARTESIAN_POINT ( 'NONE',  ( -46.28320515127980883, 32.38890729257717283, 31.19741871365253161 ) ) ;
#3205 = VERTEX_POINT ( 'NONE', #982 ) ;
#3206 = DIRECTION ( 'NONE',  ( -6.938893903907276498E-15, -6.938893903907276498E-15, -1.000000000000000000 ) ) ;
#3207 = DIRECTION ( 'NONE',  ( 1.387778780781454037E-14, 6.938893903907270187E-15, 1.000000000000000000 ) ) ;
#3208 = ORIENTED_EDGE ( 'NONE', *, *, #4413, .T. ) ;
#3209 = DIRECTION ( 'NONE',  ( -0.5000000000000005551, 0.7071067811865453523, 0.5000000000000025535 ) ) ;
#3210 = ORIENTED_EDGE ( 'NONE', *, *, #5510, .T. ) ;
#3211 = CARTESIAN_POINT ( 'NONE',  ( -16.25772505827425363, 30.24991480383635079, 51.30073765692436893 ) ) ;
#3212 = CARTESIAN_POINT ( 'NONE',  ( -36.25419303945484728, 29.50913259037425718, 52.79358010988591587 ) ) ;
#3213 = DIRECTION ( 'NONE',  ( -1.387778780781444413E-14, -6.938893903907222067E-15, -1.000000000000000000 ) ) ;
#3214 = ORIENTED_EDGE ( 'NONE', *, *, #180, .F. ) ;
#3215 = CARTESIAN_POINT ( 'NONE',  ( -5.635450103528343746, 28.38890729257690992, -5.678258395457208785 ) ) ;
#3216 = CARTESIAN_POINT ( 'NONE',  ( -37.52377572535608863, 22.49971032396190296, 18.54028295974021390 ) ) ;
#3217 = DIRECTION ( 'NONE',  ( -4.876176775795935793E-29, 1.000000000000000000, -6.982962677686266711E-15 ) ) ;
#3218 = CARTESIAN_POINT ( 'NONE',  ( 0.02140414596431446104, 32.38890729257720125, 35.79910392972378474 ) ) ;
#3219 = ORIENTED_EDGE ( 'NONE', *, *, #699, .T. ) ;
#3220 = EDGE_CURVE ( 'NONE', #3481, #2840, #5148, .T. ) ;
#3221 = CARTESIAN_POINT ( 'NONE',  ( -17.50903636354693660, 29.04916133121097133, 50.01449424026453272 ) ) ;
#3222 = CARTESIAN_POINT ( 'NONE',  ( -39.12651315213054204, 22.69299236485925420, 21.74584211782704202 ) ) ;
#3223 = ORIENTED_EDGE ( 'NONE', *, *, #4207, .F. ) ;
#3224 = CARTESIAN_POINT ( 'NONE',  ( -31.22859585403585214, 23.38890729257722967, 31.22859585403555371 ) ) ;
#3225 = AXIS2_PLACEMENT_3D ( 'NONE', #1205, #1256, #4249 ) ;
#3226 = EDGE_CURVE ( 'NONE', #1166, #746, #1267, .T. ) ;
#3227 = CIRCLE ( 'NONE', #722, 0.9999999999999870104 ) ;
#3228 = EDGE_CURVE ( 'NONE', #438, #1920, #4303, .T. ) ;
#3229 = FACE_OUTER_BOUND ( 'NONE', #237, .T. ) ;
#3230 = ORIENTED_EDGE ( 'NONE', *, *, #5004, .F. ) ;
#3231 = DIRECTION ( 'NONE',  ( -6.938893903907226011E-15, -6.938893903907226011E-15, -1.000000000000000000 ) ) ;
#3232 = APPROVAL_PERSON_ORGANIZATION ( #1251, #1873, #3724 ) ;
#3233 = EDGE_LOOP ( 'NONE', ( #4717, #1314, #4098, #2350 ) ) ;
#3234 = CARTESIAN_POINT ( 'NONE',  ( 0.02140414596405772196, 22.38890729257694545, -0.02140414596486263366 ) ) ;
#3235 = CARTESIAN_POINT ( 'NONE',  ( -6.228595854035726020, 36.38890729257716572, 31.22859585403508476 ) ) ;
#3236 = ORIENTED_EDGE ( 'NONE', *, *, #1106, .T. ) ;
#3237 = DIRECTION ( 'NONE',  ( -4.876176775795935793E-29, 1.000000000000000000, -6.982962677686266711E-15 ) ) ;
#3238 = EDGE_LOOP ( 'NONE', ( #1255, #3315, #115, #2958 ) ) ;
#3239 = ORIENTED_EDGE ( 'NONE', *, *, #4719, .T. ) ;
#3240 = CARTESIAN_POINT ( 'NONE',  ( -16.75348304656747445, 30.19410046701174366, 51.10183614752738634 ) ) ;
#3241 = CARTESIAN_POINT ( 'NONE',  ( 5.678258395456473373, 28.38890729257698453, 5.635450103527413823 ) ) ;
#3242 = DIRECTION ( 'NONE',  ( 4.876176775795935793E-29, -1.000000000000000000, 6.982962677686266711E-15 ) ) ;
#3243 = EDGE_LOOP ( 'NONE', ( #3950, #139, #3019, #4436 ) ) ;
#3244 = CARTESIAN_POINT ( 'NONE',  ( -9.687105213881078924, 23.46075798166923576, 37.50865924385026773 ) ) ;
#3245 = AXIS2_PLACEMENT_3D ( 'NONE', #2530, #3740, #848 ) ;
#3246 = AXIS2_PLACEMENT_3D ( 'NONE', #4918, #4088, #1036 ) ;
#3247 = FACE_BOUND ( 'NONE', #36, .T. ) ;
#3248 = PLANE ( 'NONE',  #2794 ) ;
#3249 = ORIENTED_EDGE ( 'NONE', *, *, #2948, .F. ) ;
#3251 = VECTOR ( 'NONE', #1735, 1000.000000000000000 ) ;
#3250 = CARTESIAN_POINT ( 'NONE',  ( -32.63338197383179562, 30.06842844447623264, 50.87440093909685146 ) ) ;
#3252 = CARTESIAN_POINT ( 'NONE',  ( -37.96925004473573750, 22.52155993313859739, 19.97190793118502583 ) ) ;
#3253 = PLANE ( 'NONE',  #2737 ) ;
#3254 = CARTESIAN_POINT ( 'NONE',  ( -31.22859585403589477, 25.38890729257698808, 6.228595854035323676 ) ) ;
#3255 = ORIENTED_EDGE ( 'NONE', *, *, #1824, .F. ) ;
#3256 = CARTESIAN_POINT ( 'NONE',  ( -8.228595854035491541, 29.31711052285289654, 62.97859585403513449 ) ) ;
#3257 = EDGE_CURVE ( 'NONE', #1109, #4515, #803, .T. ) ;
#3258 = EDGE_LOOP ( 'NONE', ( #2644, #3594, #4607, #5350 ) ) ;
#3259 = CARTESIAN_POINT ( 'NONE',  ( -7.228595854035685164, 22.38890729257720125, 36.22859585403518423 ) ) ;
#3260 = DIRECTION ( 'NONE',  ( -1.000000000000000000, 0.000000000000000000, 6.982962677686266711E-15 ) ) ;
#3261 = EDGE_CURVE ( 'NONE', #2815, #234, #2127, .T. ) ;
#3262 = ORIENTED_EDGE ( 'NONE', *, *, #1822, .T. ) ;
#3263 = FACE_OUTER_BOUND ( 'NONE', #2410, .T. ) ;
#3264 = CLOSED_SHELL ( 'NONE', ( #1787, #5403, #3615, #2937, #621, #3573, #2376, #2686, #965, #2199, #1068, #3844, #84, #1062, #3433, #2600, #862, #615, #1694, #858, #4482, #281, #2851, #927, #3077, #1687, #1445, #2453, #3359, #4615, #2345, #1372, #4216, #1556, #1035, #4585, #4468, #1963, #5234, #52, #1625, #176, #3839, #1477, #1584, #1789, #3531, #3645, #3108, #5227, #707, #3504, #1216, #2074, #1177, #5475, #4928, #829, #448, #1720, #552, #1740, #4340, #593, #4251, #5060, #1351, #4084, #3330, #2946, #5331, #5442, #3638, #4691, #5418, #2342, #5509, #3909, #2884, #1546, #2042, #2176, #2441, #1342, #5480, #4749, #2107, #4356, #1759, #3938, #4516, #1236, #2169, #4861, #1175, #2646, #4903, #2906, #529, #3200, #837, #2672, #4175, #4788, #4494, #4256, #3130, #3469, #4753, #446, #1033, #2476, #3917, #456, #2535, #5134, #1479, #520, #355, #4009, #3747, #362, #4177, #2844, #2852, #4189, #893, #3944, #4923, #5412, #1656, #2501, #2606, #2133, #2950, #3603, #872, #2677, #3103, #936, #2241, #1210, #252, #2886, #2351, #2550, #2509, #348, #3815, #4448, #219, #85, #4248, #1797, #3895, #1854, #766, #1090 ) ) ;
#3265 = ORIENTED_EDGE ( 'NONE', *, *, #4593, .T. ) ;
#3266 = EDGE_CURVE ( 'NONE', #3094, #1699, #3803, .T. ) ;
#3267 = EDGE_LOOP ( 'NONE', ( #4874, #2144, #606, #729 ) ) ;
#3268 = CARTESIAN_POINT ( 'NONE',  ( -15.13194482118074191, 30.31711052285285746, 51.87486711300087450 ) ) ;
#3269 = DIRECTION ( 'NONE',  ( 0.7071067811865386910, -4.937700262164559875E-15, -0.7071067811865564545 ) ) ;
#3270 = DIRECTION ( 'NONE',  ( 6.938893903907229167E-15, 6.938893903907229167E-15, 1.000000000000000000 ) ) ;
#3271 = ORIENTED_EDGE ( 'NONE', *, *, #386, .T. ) ;
#3272 = EDGE_CURVE ( 'NONE', #1037, #941, #5502, .T. ) ;
#3273 = CARTESIAN_POINT ( 'NONE',  ( -9.365574374607151142, 22.38869475955293709, 35.84975422130016653 ) ) ;
#3274 = PERSON_AND_ORGANIZATION ( #5429, #4123 ) ;
#3275 = DIRECTION ( 'NONE',  ( -0.7071067811865463515, 4.937700262164505444E-15, 0.7071067811865487940 ) ) ;
#3276 = EDGE_LOOP ( 'NONE', ( #1268, #4969, #2244, #4619 ) ) ;
#3277 = DIRECTION ( 'NONE',  ( -6.982962677686266711E-15, -6.982962677686266711E-15, -1.000000000000000000 ) ) ;
#3278 = DIRECTION ( 'NONE',  ( -6.938893903907126615E-15, -6.938893903907126615E-15, -1.000000000000000000 ) ) ;
#3279 = CARTESIAN_POINT ( 'NONE',  ( -41.44368929519533395, 23.14602618906982556, 24.84462686053725378 ) ) ;
#3280 = VECTOR ( 'NONE', #2205, 1000.000000000000000 ) ;
#3281 = DIRECTION ( 'NONE',  ( -4.876176775795935793E-29, 1.000000000000000000, -6.982962677686266711E-15 ) ) ;
#3282 = VERTEX_POINT ( 'NONE', #5472 ) ;
#3283 = CARTESIAN_POINT ( 'NONE',  ( -10.22859585403566030, 27.38890729257723322, 39.22859585403517713 ) ) ;
#3284 = ORIENTED_EDGE ( 'NONE', *, *, #3505, .F. ) ;
#3285 = CARTESIAN_POINT ( 'NONE',  ( -26.85529620291436004, 20.78124613594838266, -1.330135381149054608 ) ) ;
#3286 = LINE ( 'NONE', #4510, #727 ) ;
#3287 = EDGE_LOOP ( 'NONE', ( #688, #5261, #2456, #3710, #3639, #3708, #1331, #2836 ) ) ;
#3288 = CARTESIAN_POINT ( 'NONE',  ( -16.99892394835432441, 29.19033867441920194, 50.31376869192546764 ) ) ;
#3289 = ORIENTED_EDGE ( 'NONE', *, *, #4997, .F. ) ;
#3290 = CARTESIAN_POINT ( 'NONE',  ( -36.66498923521980657, 29.57296625883527241, 53.17302065642648046 ) ) ;
#3291 = DIRECTION ( 'NONE',  ( 4.876176775795935793E-29, -1.000000000000000000, 6.982962677686266711E-15 ) ) ;
#3292 = DIRECTION ( 'NONE',  ( -1.000000000000000000, 0.000000000000000000, 6.982962677686266711E-15 ) ) ;
#3293 = EDGE_CURVE ( 'NONE', #4734, #3551, #5101, .T. ) ;
#3294 = ORIENTED_EDGE ( 'NONE', *, *, #5406, .F. ) ;
#3295 = CARTESIAN_POINT ( 'NONE',  ( -10.17823494062199607, 22.42080826653735670, 36.60409516362539506 ) ) ;
#3296 = DATE_AND_TIME ( #1587, #1710 ) ;
#3297 = DIRECTION ( 'NONE',  ( 6.982962677686266711E-15, 6.982962677686266711E-15, 1.000000000000000000 ) ) ;
#3298 = DIRECTION ( 'NONE',  ( -0.7071067811865417996, 4.937700262164536209E-15, 0.7071067811865531239 ) ) ;
#3299 = B_SPLINE_CURVE_WITH_KNOTS ( 'NONE', 3,
 ( #1019, #3989, #3151, #5260 ),
 .UNSPECIFIED., .F., .F.,
 ( 4, 4 ),
 ( 0.000000000000000000, 1.000000000000000000 ),
 .UNSPECIFIED. ) ;
#3300 = ORIENTED_EDGE ( 'NONE', *, *, #5163, .F. ) ;
#3301 = DIRECTION ( 'NONE',  ( 0.7071067811865417996, -4.937700262164536209E-15, -0.7071067811865531239 ) ) ;
#3302 = CARTESIAN_POINT ( 'NONE',  ( -10.05359585403552636, 34.58890729257736041, 59.17659766260358367 ) ) ;
#3303 = FACE_OUTER_BOUND ( 'NONE', #2702, .T. ) ;
#3304 = CARTESIAN_POINT ( 'NONE',  ( -21.49815452959892781, 22.66382435068418388, 38.95971953757982220 ) ) ;
#3305 = ORIENTED_EDGE ( 'NONE', *, *, #5307, .T. ) ;
#3306 = CARTESIAN_POINT ( 'NONE',  ( -16.96206025127965589, 22.38890729257720125, 36.02101297028454496 ) ) ;
#3307 = ORIENTED_EDGE ( 'NONE', *, *, #3434, .F. ) ;
#3308 = DIRECTION ( 'NONE',  ( -0.4999999999999942268, -0.7071067811865439090, 0.5000000000000109912 ) ) ;
#3309 = VECTOR ( 'NONE', #786, 1000.000000000000114 ) ;
#3310 = DIRECTION ( 'NONE',  ( -1.000000000000000000, 0.000000000000000000, 6.982962677686266711E-15 ) ) ;
#3311 = EDGE_CURVE ( 'NONE', #3772, #954, #4293, .T. ) ;
#3312 = EDGE_LOOP ( 'NONE', ( #1387, #5049, #3722, #1736 ) ) ;
#3313 = CIRCLE ( 'NONE', #2424, 10.00000000000000355 ) ;
#3314 = CARTESIAN_POINT ( 'NONE',  ( -42.08932631804492530, 22.38890729257713730, 27.00353988041763387 ) ) ;
#3315 = ORIENTED_EDGE ( 'NONE', *, *, #2993, .F. ) ;
#3316 = VECTOR ( 'NONE', #457, 1000.000000000000000 ) ;
#3317 = AXIS2_PLACEMENT_3D ( 'NONE', #3613, #194, #585 ) ;
#3318 = CARTESIAN_POINT ( 'NONE',  ( -36.79592506591314560, 29.54209255896720521, 53.29738556964677798 ) ) ;
#3319 = DIRECTION ( 'NONE',  ( -6.938893903907229167E-15, -6.938893903907229167E-15, -1.000000000000000000 ) ) ;
#3320 = LINE ( 'NONE', #3773, #1364 ) ;
#3321 = B_SPLINE_CURVE_WITH_KNOTS ( 'NONE', 3,
 ( #2013, #3720, #3743, #748 ),
 .UNSPECIFIED., .F., .F.,
 ( 4, 4 ),
 ( 0.5000000000000000000, 1.000000000000000000 ),
 .UNSPECIFIED. ) ;
#3322 = ORIENTED_EDGE ( 'NONE', *, *, #4816, .T. ) ;
#3323 = CARTESIAN_POINT ( 'NONE',  ( -9.228506570812406551, 23.39991311904647731, 36.99189638111453604 ) ) ;
#3324 = DATE_TIME_ROLE ( 'creation_date' ) ;
#3325 = EDGE_CURVE ( 'NONE', #3930, #3355, #2963, .T. ) ;
#3326 = CARTESIAN_POINT ( 'NONE',  ( -59.45106771305484017, 18.38890729257725454, 44.36528127542802480 ) ) ;
#3327 = CARTESIAN_POINT ( 'NONE',  ( -36.95258527073556820, 22.38890729257707690, 19.00085375423329026 ) ) ;
#3328 = VECTOR ( 'NONE', #2586, 1000.000000000000000 ) ;
#3329 = ORIENTED_EDGE ( 'NONE', *, *, #3609, .T. ) ;
#3330 = ADVANCED_FACE ( 'NONE', ( #1330 ), #3911, .T. ) ;
#3331 = CARTESIAN_POINT ( 'NONE',  ( -30.25934329577831150, 22.53341688414002064, 19.15000222107440209 ) ) ;
#3332 = EDGE_CURVE ( 'NONE', #5175, #4194, #424, .T. ) ;
#3333 = CARTESIAN_POINT ( 'NONE',  ( -23.88638034095606599, 22.99453054763497306, 40.65256723782732706 ) ) ;
#3334 = AXIS2_PLACEMENT_3D ( 'NONE', #2259, #5152, #2671 ) ;
#3335 = AXIS2_PLACEMENT_3D ( 'NONE', #4391, #2254, #1427 ) ;
#3336 = CARTESIAN_POINT ( 'NONE',  ( -7.978595854035630097, 34.58890729257725383, 44.07859585403510749 ) ) ;
#3337 = VECTOR ( 'NONE', #2414, 999.9999999999998863 ) ;
#3338 = CARTESIAN_POINT ( 'NONE',  ( -3.228595854035709145, 28.38890729257718704, 34.22859585403511318 ) ) ;
#3339 = B_SPLINE_CURVE_WITH_KNOTS ( 'NONE', 3,
 ( #5143, #2224, #3927, #5171, #2636, #1799 ),
 .UNSPECIFIED., .F., .F.,
 ( 4, 2, 4 ),
 ( 0.000000000000000000, 0.2500000000000000555, 0.5000000000000000000 ),
 .UNSPECIFIED. ) ;
#3340 = CARTESIAN_POINT ( 'NONE',  ( -19.99143928276060223, 22.38890729257720835, 37.42531157323873003 ) ) ;
#3341 = EDGE_CURVE ( 'NONE', #3062, #3543, #2292, .T. ) ;
#3342 = DIRECTION ( 'NONE',  ( 4.876176775795935793E-29, -1.000000000000000000, 6.982962677686266711E-15 ) ) ;
#3343 = CARTESIAN_POINT ( 'NONE',  ( -10.22859585403557681, 29.31711052285281482, 51.01449423889739876 ) ) ;
#3344 = CC_DESIGN_PERSON_AND_ORGANIZATION_ASSIGNMENT ( #1145, #3750, ( #259 ) ) ;
#3345 = VERTEX_POINT ( 'NONE', #4737 ) ;
#3346 = LINE ( 'NONE', #376, #4221 ) ;
#3347 = ORIENTED_EDGE ( 'NONE', *, *, #2242, .T. ) ;
#3348 = DIRECTION ( 'NONE',  ( 0.4999999999999946709, 0.7071067811865600072, 0.4999999999999876210 ) ) ;
#3349 = CARTESIAN_POINT ( 'NONE',  ( -36.46604133031655692, 29.61864495876632830, 52.99196516200534290 ) ) ;
#3350 = CARTESIAN_POINT ( 'NONE',  ( -16.76054727686022972, 28.38890729257714440, 28.07425577584445620 ) ) ;
#3351 = FACE_BOUND ( 'NONE', #4561, .T. ) ;
#3352 = AXIS2_PLACEMENT_3D ( 'NONE', #3241, #244, #1141 ) ;
#3353 = CONICAL_SURFACE ( 'NONE', #935, 9.000000000000021316, 0.7853981633974466137 ) ;
#3354 = DIRECTION ( 'NONE',  ( -7.885106708985484498E-15, -6.938893903907226011E-15, -1.000000000000000000 ) ) ;
#3355 = VERTEX_POINT ( 'NONE', #5212 ) ;
#3356 = CARTESIAN_POINT ( 'NONE',  ( -8.746675381826252149, 23.38871680120885799, 36.63914962066544945 ) ) ;
#3357 = DIRECTION ( 'NONE',  ( -0.7071067811865524577, -4.937700262164531476E-15, -0.7071067811865426878 ) ) ;
#3358 = LINE ( 'NONE', #394, #1024 ) ;
#3359 = ADVANCED_FACE ( 'NONE', ( #4765 ), #3520, .F. ) ;
#3360 = EDGE_CURVE ( 'NONE', #1405, #2877, #495, .T. ) ;
#3361 = CIRCLE ( 'NONE', #499, 2.099999999999997868 ) ;
#3362 = EDGE_LOOP ( 'NONE', ( #5432, #4534, #1553, #5119 ) ) ;
#3363 = CARTESIAN_POINT ( 'NONE',  ( -35.56784824915318666, 29.80366317691701283, 52.28021203618430235 ) ) ;
#3364 = CARTESIAN_POINT ( 'NONE',  ( -24.86872565294237347, 23.14992233347943085, 41.46457988034044462 ) ) ;
#3365 = EDGE_CURVE ( 'NONE', #2599, #3776, #27, .T. ) ;
#3366 = EDGE_CURVE ( 'NONE', #4274, #3062, #5263, .T. ) ;
#3367 = CIRCLE ( 'NONE', #2300, 8.000000000000051514 ) ;
#3368 = PLANE ( 'NONE',  #182 ) ;
#3369 = DIRECTION ( 'NONE',  ( -0.4999999999999993339, 0.7071067811865463515, -0.5000000000000025535 ) ) ;
#3370 = AXIS2_PLACEMENT_3D ( 'NONE', #5158, #2625, #135 ) ;
#3371 = CARTESIAN_POINT ( 'NONE',  ( -26.68737972764013122, 20.69481421297887991, -3.286185368816649799 ) ) ;
#3372 = LINE ( 'NONE', #2117, #3316 ) ;
#3373 = EDGE_CURVE ( 'NONE', #4566, #16, #5154, .T. ) ;
#3374 = ORIENTED_EDGE ( 'NONE', *, *, #116, .F. ) ;
#3375 = LINE ( 'NONE', #1690, #1188 ) ;
#3376 = ORIENTED_EDGE ( 'NONE', *, *, #2716, .T. ) ;
#3377 = DIRECTION ( 'NONE',  ( -1.000000000000000000, -4.944289505653998261E-31, 6.912157637850478988E-15 ) ) ;
#3378 = CARTESIAN_POINT ( 'NONE',  ( 0.02140414596451568896, 35.38890729257740730, 64.97859585403504923 ) ) ;
#3379 = DIRECTION ( 'NONE',  ( -6.938893903907226800E-15, -6.938893903907226800E-15, -1.000000000000000000 ) ) ;
#3380 = CARTESIAN_POINT ( 'NONE',  ( -51.06438229166259646, 30.47181106123195349, 34.56438229166234777 ) ) ;
#3381 = CARTESIAN_POINT ( 'NONE',  ( -27.36714899465851047, 36.38890729257707335, 17.46765405804632465 ) ) ;
#3382 = ORIENTED_EDGE ( 'NONE', *, *, #3678, .T. ) ;
#3383 = CARTESIAN_POINT ( 'NONE',  ( -7.228595854035685164, 23.40700768639295504, 36.22859585403518423 ) ) ;
#3384 = APPROVAL_ROLE ( '' ) ;
#3385 = DIRECTION ( 'NONE',  ( -1.000000000000000000, 0.000000000000000000, 6.982962677686266711E-15 ) ) ;
#3386 = DIRECTION ( 'NONE',  ( 0.8660254037844361541, -3.491481338843121128E-15, -0.5000000000000042188 ) ) ;
#3387 = ORIENTED_EDGE ( 'NONE', *, *, #3272, .T. ) ;
#3388 = CARTESIAN_POINT ( 'NONE',  ( -14.79216808565707986, 29.65044385618616118, 51.30128519693190015 ) ) ;
#3389 = CARTESIAN_POINT ( 'NONE',  ( -25.58712096163055350, 23.26814540597985825, 42.11128656883951749 ) ) ;
#3390 = LINE ( 'NONE', #815, #2687 ) ;
#3391 = CARTESIAN_POINT ( 'NONE',  ( -20.17992778192987657, 22.38890729257721901, 37.51695139595286577 ) ) ;
#3392 = EDGE_CURVE ( 'NONE', #3282, #111, #600, .T. ) ;
#3393 = CARTESIAN_POINT ( 'NONE',  ( -16.99892394835432441, 29.19033867441920194, 50.31376869192546764 ) ) ;
#3394 = LINE ( 'NONE', #3343, #191 ) ;
#3395 = VERTEX_POINT ( 'NONE', #5185 ) ;
#3396 = CARTESIAN_POINT ( 'NONE',  ( -51.02148907284900048, 28.38890729257740730, 66.10727551047570216 ) ) ;
#3397 = ORIENTED_EDGE ( 'NONE', *, *, #3811, .F. ) ;
#3398 = VECTOR ( 'NONE', #3472, 1000.000000000000114 ) ;
#3399 = CARTESIAN_POINT ( 'NONE',  ( -30.49031193246621285, 23.38890729257730072, 46.99031193246597837 ) ) ;
#3400 = CARTESIAN_POINT ( 'NONE',  ( -35.77550353897814972, 29.76358765772665649, 52.43323482517390488 ) ) ;
#3401 = CARTESIAN_POINT ( 'NONE',  ( -31.05145540190953923, 29.92959649144502521, 50.53395270468997325 ) ) ;
#3402 = EDGE_LOOP ( 'NONE', ( #4429, #1195, #4458, #325 ) ) ;
#3403 = CARTESIAN_POINT ( 'NONE',  ( -9.468110618331897044, 23.42157545490435666, 37.23196937575211507 ) ) ;
#3404 = VECTOR ( 'NONE', #2682, 999.9999999999998863 ) ;
#3405 = VECTOR ( 'NONE', #4310, 1000.000000000000000 ) ;
#3406 = CIRCLE ( 'NONE', #3317, 2.000000000000001776 ) ;
#3407 = CARTESIAN_POINT ( 'NONE',  ( -36.68137607455140881, 22.38890729257707335, 18.41177131437214953 ) ) ;
#3408 = ORIENTED_EDGE ( 'NONE', *, *, #896, .T. ) ;
#3409 = CARTESIAN_POINT ( 'NONE',  ( -7.495205766872540920, 22.40853778367541338, 35.17265433300472210 ) ) ;
#3410 = CARTESIAN_POINT ( 'NONE',  ( -6.228595854035726020, 25.38890729257716572, 31.22859585403515936 ) ) ;
#3411 = FACE_OUTER_BOUND ( 'NONE', #551, .T. ) ;
#3412 = ORIENTED_EDGE ( 'NONE', *, *, #337, .T. ) ;
#3413 = CARTESIAN_POINT ( 'NONE',  ( -20.22859585403558569, 29.02843538825798930, 49.97859585403521265 ) ) ;
#3414 = DIRECTION ( 'NONE',  ( 6.938893903907226800E-15, 6.938893903907226800E-15, 1.000000000000000000 ) ) ;
#3415 = ORIENTED_EDGE ( 'NONE', *, *, #3018, .F. ) ;
#3416 = VECTOR ( 'NONE', #1138, 1000.000000000000000 ) ;
#3417 = CARTESIAN_POINT ( 'NONE',  ( -21.78217579857090058, 22.69727124111201988, 39.15098056559934037 ) ) ;
#3418 = CARTESIAN_POINT ( 'NONE',  ( -22.03410263975166927, 22.38890729257721190, 38.46590031482933369 ) ) ;
#3419 = VECTOR ( 'NONE', #4205, 1000.000000000000114 ) ;
#3420 = CARTESIAN_POINT ( 'NONE',  ( -50.47859585403594451, 35.38890729257695256, -0.02140414596459895569 ) ) ;
#3421 = CIRCLE ( 'NONE', #3246, 8.999999999999937828 ) ;
#3422 = CARTESIAN_POINT ( 'NONE',  ( -25.73489303329873223, 20.20453917319909820, 7.718665996028674314 ) ) ;
#3423 = VERTEX_POINT ( 'NONE', #3992 ) ;
#3424 = EDGE_CURVE ( 'NONE', #2611, #4299, #1630, .T. ) ;
#3425 = CARTESIAN_POINT ( 'NONE',  ( -101.4129243515909025, 23.13070629485128293, -18.58707564840933557 ) ) ;
#3426 = EDGE_LOOP ( 'NONE', ( #4776, #104, #1925 ) ) ;
#3427 = EDGE_CURVE ( 'NONE', #5310, #3611, #4851, .T. ) ;
#3428 = LINE ( 'NONE', #2582, #4960 ) ;
#3429 = CARTESIAN_POINT ( 'NONE',  ( -33.83002546098219909, 30.03094838242968478, 51.31062424637040209 ) ) ;
#3430 = CARTESIAN_POINT ( 'NONE',  ( -3.228595854035695378, 29.31711052285271535, 36.22859585403510607 ) ) ;
#3431 = ORIENTED_EDGE ( 'NONE', *, *, #1202, .F. ) ;
#3432 = DIRECTION ( 'NONE',  ( 0.7071067811865521247, 4.937700262164533843E-15, 0.7071067811865430208 ) ) ;
#3433 = ADVANCED_FACE ( 'NONE', ( #942 ), #3071, .F. ) ;
#3434 = EDGE_CURVE ( 'NONE', #2545, #2090, #3936, .T. ) ;
#3435 = CARTESIAN_POINT ( 'NONE',  ( -36.36520215323848504, 22.38890729257707335, 17.72125610411245589 ) ) ;
#3436 = EDGE_LOOP ( 'NONE', ( #1560, #263, #3931, #2581 ) ) ;
#3437 = CARTESIAN_POINT ( 'NONE',  ( -7.362472620404901136, 22.40902027711398503, 35.16521031169228451 ) ) ;
#3438 = CARTESIAN_POINT ( 'NONE',  ( -23.43016134908710058, 22.91967691446648914, 40.30668209343574659 ) ) ;
#3439 = LINE ( 'NONE', #3863, #3174 ) ;
#3440 = CARTESIAN_POINT ( 'NONE',  ( -31.22859585403586991, 22.38890729257701295, 9.728595854035352986 ) ) ;
#3441 = EDGE_CURVE ( 'NONE', #4069, #2599, #2260, .T. ) ;
#3442 = ORIENTED_EDGE ( 'NONE', *, *, #154, .T. ) ;
#3443 = DIRECTION ( 'NONE',  ( -0.7071067811865475727, 0.7071067811865475727, 0.000000000000000000 ) ) ;
#3444 = VECTOR ( 'NONE', #3614, 1000.000000000000000 ) ;
#3445 = DIRECTION ( 'NONE',  ( 0.7071067811865425767, -4.625929269271484533E-15, -0.7071067811865525687 ) ) ;
#3446 = VERTEX_POINT ( 'NONE', #1838 ) ;
#3447 = CC_DESIGN_PERSON_AND_ORGANIZATION_ASSIGNMENT ( #1614, #5025, ( #3140 ) ) ;
#3448 = VECTOR ( 'NONE', #1425, 1000.000000000000000 ) ;
#3449 = FACE_OUTER_BOUND ( 'NONE', #5029, .T. ) ;
#3450 = CARTESIAN_POINT ( 'NONE',  ( -36.87700932504561280, 22.42206448655313622, 18.22605115749664861 ) ) ;
#3451 = DIRECTION ( 'NONE',  ( 0.7071067811865521247, 4.937700262164533843E-15, 0.7071067811865430208 ) ) ;
#3452 = DIRECTION ( 'NONE',  ( 6.308085367188407793E-15, 6.308085367188407793E-15, 1.000000000000000000 ) ) ;
#3453 = ORIENTED_EDGE ( 'NONE', *, *, #286, .T. ) ;
#3454 = LINE ( 'NONE', #3877, #562 ) ;
#3455 = ORIENTED_EDGE ( 'NONE', *, *, #3529, .F. ) ;
#3456 = VECTOR ( 'NONE', #2798, 1000.000000000000000 ) ;
#3457 = DIRECTION ( 'NONE',  ( 6.938893903907222067E-15, 6.938893903907222067E-15, 1.000000000000000000 ) ) ;
#3458 = CARTESIAN_POINT ( 'NONE',  ( 0.02140414596405772196, 27.38890729257696321, -0.02140414596489038923 ) ) ;
#3459 = CARTESIAN_POINT ( 'NONE',  ( -31.22859585403591964, 18.60855272203539812, 2.728595854035378743 ) ) ;
#3460 = CARTESIAN_POINT ( 'NONE',  ( -59.97859585403552529, 29.38890729257736822, 59.97859585403545424 ) ) ;
#3461 = B_SPLINE_CURVE_WITH_KNOTS ( 'NONE', 3,
 ( #2122, #798, #407, #461 ),
 .UNSPECIFIED., .F., .F.,
 ( 4, 4 ),
 ( 0.000000000000000000, 1.000000000000000000 ),
 .UNSPECIFIED. ) ;
#3462 = DIRECTION ( 'NONE',  ( -0.4999999999999940048, 6.047423072554914778E-15, 0.8660254037844421493 ) ) ;
#3463 = ORIENTED_EDGE ( 'NONE', *, *, #3643, .T. ) ;
#3464 = CARTESIAN_POINT ( 'NONE',  ( -8.530428876393511217, 22.39658416998270596, 35.40652044369121398 ) ) ;
#3465 = CARTESIAN_POINT ( 'NONE',  ( -29.83646023030467376, 29.89446079204246232, 50.47859585403529792 ) ) ;
#3466 = CARTESIAN_POINT ( 'NONE',  ( -37.61463482335663855, 36.38890729257731493, 52.70042126098324076 ) ) ;
#3467 = DIRECTION ( 'NONE',  ( -6.938893903907414549E-15, -6.938893903907414549E-15, -1.000000000000000000 ) ) ;
#3468 = EDGE_CURVE ( 'NONE', #2661, #5178, #132, .T. ) ;
#3469 = ADVANCED_FACE ( 'NONE', ( #2262 ), #1904, .F. ) ;
#3470 = ORIENTED_EDGE ( 'NONE', *, *, #3606, .T. ) ;
#3471 = CARTESIAN_POINT ( 'NONE',  ( -11.22859585403592497, 28.38890729257694190, -0.02140414596482793919 ) ) ;
#3472 = DIRECTION ( 'NONE',  ( 0.6546536707079697592, -0.3779644730092286409, -0.6546536707079837480 ) ) ;
#3473 = ORIENTED_EDGE ( 'NONE', *, *, #1972, .T. ) ;
#3474 = DIRECTION ( 'NONE',  ( 6.912157637850478988E-15, 6.982962677686266711E-15, 1.000000000000000000 ) ) ;
#3475 = DIRECTION ( 'NONE',  ( -4.876176775795935793E-29, 1.000000000000000000, -6.982962677686266711E-15 ) ) ;
#3476 = B_SPLINE_CURVE_WITH_KNOTS ( 'NONE', 3,
 ( #3577, #3890, #4405, #2679 ),
 .UNSPECIFIED., .F., .F.,
 ( 4, 4 ),
 ( 2.950946207844865598E-07, 0.001178476601026999353 ),
 .UNSPECIFIED. ) ;
#3477 = CARTESIAN_POINT ( 'NONE',  ( -31.22859585403585214, 22.38890729257716572, 31.22859585403556082 ) ) ;
#3478 = CARTESIAN_POINT ( 'NONE',  ( -7.978595854035526180, 36.38990729257736234, 59.07859585403508618 ) ) ;
#3479 = ORIENTED_EDGE ( 'NONE', *, *, #398, .F. ) ;
#3480 = DIRECTION ( 'NONE',  ( -0.8660254037844362651, 3.491481338843121522E-15, 0.5000000000000042188 ) ) ;
#3481 = VERTEX_POINT ( 'NONE', #997 ) ;
#3482 = ORIENTED_EDGE ( 'NONE', *, *, #4413, .F. ) ;
#3483 = CARTESIAN_POINT ( 'NONE',  ( -35.40102026883014474, 29.83239840760035833, 52.16959079900818352 ) ) ;
#3484 = EDGE_CURVE ( 'NONE', #1918, #3481, #1493, .T. ) ;
#3485 = CARTESIAN_POINT ( 'NONE',  ( -65.40016872928926261, 29.38890729257730428, 51.72859585403561766 ) ) ;
#3486 = DIRECTION ( 'NONE',  ( -0.7071067811865474617, -0.7071067811865474617, 9.875400524329062952E-15 ) ) ;
#3487 = ORIENTED_EDGE ( 'NONE', *, *, #1110, .T. ) ;
#3488 = DIRECTION ( 'NONE',  ( 4.876176775795935793E-29, -1.000000000000000000, 6.982962677686266711E-15 ) ) ;
#3489 = ORIENTED_EDGE ( 'NONE', *, *, #2242, .F. ) ;
#3490 = CARTESIAN_POINT ( 'NONE',  ( -26.75282285478278155, 21.40326277433053193, 16.81038701683264236 ) ) ;
#3491 = CARTESIAN_POINT ( 'NONE',  ( -30.50563392030739607, 29.02841447572563283, 49.97855963246670541 ) ) ;
#3492 = AXIS2_PLACEMENT_3D ( 'NONE', #4744, #5137, #531 ) ;
#3493 = CARTESIAN_POINT ( 'NONE',  ( -50.47859585403206495, 30.22497194247606700, 33.97859585403543292 ) ) ;
#3494 = DIRECTION ( 'NONE',  ( -0.5000000000000065503, -6.047423072554913200E-15, -0.8660254037844349329 ) ) ;
#3495 = AXIS2_PLACEMENT_3D ( 'NONE', #5367, #4922, #1039 ) ;
#3496 = EDGE_LOOP ( 'NONE', ( #4773, #964, #1705, #3662 ) ) ;
#3497 = EDGE_CURVE ( 'NONE', #1535, #5173, #3957, .T. ) ;
#3498 = CARTESIAN_POINT ( 'NONE',  ( -9.287378883525597928, 22.38890729257719414, 35.79910392972391264 ) ) ;
#3499 = AXIS2_PLACEMENT_3D ( 'NONE', #223, #4495, #1418 ) ;
#3500 = DIRECTION ( 'NONE',  ( -6.912157637850478988E-15, -6.982962677686266711E-15, -1.000000000000000000 ) ) ;
#3501 = VECTOR ( 'NONE', #3712, 1000.000000000000000 ) ;
#3502 =( GEOMETRIC_REPRESENTATION_CONTEXT ( 3 ) GLOBAL_UNCERTAINTY_ASSIGNED_CONTEXT ( ( #5271 ) ) GLOBAL_UNIT_ASSIGNED_CONTEXT ( ( #1118, #4111, #277 ) ) REPRESENTATION_CONTEXT ( 'NONE', 'WORKASPACE' ) );
#3503 = ORIENTED_EDGE ( 'NONE', *, *, #3537, .F. ) ;
#3504 = ADVANCED_FACE ( 'NONE', ( #215 ), #629, .T. ) ;
#3505 = EDGE_CURVE ( 'NONE', #710, #4274, #1496, .T. ) ;
#3506 = CARTESIAN_POINT ( 'NONE',  ( -18.28014459619154053, 22.42414358235880201, 36.91043727596086654 ) ) ;
#3507 = CARTESIAN_POINT ( 'NONE',  ( 10.27140414596430240, 23.38890729257726520, 36.22859585403506344 ) ) ;
#3508 = DIRECTION ( 'NONE',  ( 0.7071067811865426878, -5.898059818321141754E-15, -0.7071067811865523467 ) ) ;
#3509 = DIRECTION ( 'NONE',  ( 4.876176775795935793E-29, -1.000000000000000000, 6.982962677686266711E-15 ) ) ;
#3510 = EDGE_CURVE ( 'NONE', #3860, #4479, #3631, .T. ) ;
#3511 = CARTESIAN_POINT ( 'NONE',  ( -7.978595854035646084, 34.58890729257723962, 41.87859585403511176 ) ) ;
#3512 = ORIENTED_EDGE ( 'NONE', *, *, #1371, .F. ) ;
#3513 = VECTOR ( 'NONE', #3486, 1000.000000000000114 ) ;
#3514 = VERTEX_POINT ( 'NONE', #2811 ) ;
#3515 = CARTESIAN_POINT ( 'NONE',  ( -35.17460071838528535, 29.87022311859788459, 52.02256421908480633 ) ) ;
#3516 = CARTESIAN_POINT ( 'NONE',  ( -26.29643309923129024, 23.38890729257725098, 42.79643309923104511 ) ) ;
#3517 = CARTESIAN_POINT ( 'NONE',  ( -7.228595854035663848, 23.38890729257728651, 39.22859585403518423 ) ) ;
#3518 = ORIENTED_EDGE ( 'NONE', *, *, #4612, .T. ) ;
#3519 = AXIS2_PLACEMENT_3D ( 'NONE', #3044, #3494, #472 ) ;
#3520 = PLANE ( 'NONE',  #1448 ) ;
#3521 = EDGE_LOOP ( 'NONE', ( #3265, #2842, #4570, #1764, #4089 ) ) ;
#3522 = CARTESIAN_POINT ( 'NONE',  ( -10.22859585403559102, 29.91518673420618057, 49.51449423889737034 ) ) ;
#3523 = CARTESIAN_POINT ( 'NONE',  ( -48.47859585403594451, 30.47181106123171190, -0.02140414596458507790 ) ) ;
#3524 = CARTESIAN_POINT ( 'NONE',  ( -34.41956373540229208, 29.45149113603799407, 51.42085134361867915 ) ) ;
#3525 = CARTESIAN_POINT ( 'NONE',  ( -3.228595854035750889, 22.38890729257714085, 27.78934018064389733 ) ) ;
#3526 = ORIENTED_EDGE ( 'NONE', *, *, #4896, .T. ) ;
#3527 = PLANE ( 'NONE',  #2770 ) ;
#3528 = DIRECTION ( 'NONE',  ( 4.876176775795935793E-29, -1.000000000000000000, 6.982962677686266711E-15 ) ) ;
#3529 = EDGE_CURVE ( 'NONE', #3860, #4708, #3061, .T. ) ;
#3530 = ORIENTED_EDGE ( 'NONE', *, *, #1972, .F. ) ;
#3531 = ADVANCED_FACE ( 'NONE', ( #3263 ), #2785, .F. ) ;
#3532 = CONICAL_SURFACE ( 'NONE', #4681, 26.99999999999998224, 0.7853981633974466137 ) ;
#3533 = CIRCLE ( 'NONE', #671, 2.099999999999997868 ) ;
#3534 = CARTESIAN_POINT ( 'NONE',  ( -1.228595854035707369, 36.38990729257719181, 34.22859585403504212 ) ) ;
#3535 = DIRECTION ( 'NONE',  ( -0.7071067811865463515, 4.937700262164505444E-15, 0.7071067811865487940 ) ) ;
#3536 =( BOUNDED_CURVE ( )  B_SPLINE_CURVE ( 3, ( #4954, #5287, #651, #174 ),
 .UNSPECIFIED., .F., .T. ) 
 B_SPLINE_CURVE_WITH_KNOTS ( ( 4, 4 ),
 ( 1.936003548085263093, 4.347181759094322473 ),
 .UNSPECIFIED. ) 
 CURVE ( )  GEOMETRIC_REPRESENTATION_ITEM ( )  RATIONAL_B_SPLINE_CURVE ( ( 1.000000000000000000, 0.5714285714285713969, 0.5714285714285713969, 1.000000000000000000 ) ) 
 REPRESENTATION_ITEM ( '' )  );
#3537 = EDGE_CURVE ( 'NONE', #677, #856, #5351, .T. ) ;
#3538 = LINE ( 'NONE', #2717, #2387 ) ;
#3539 = DIRECTION ( 'NONE',  ( 4.876176775795935793E-29, -1.000000000000000000, 6.982962677686266711E-15 ) ) ;
#3540 = DIRECTION ( 'NONE',  ( 0.5000000000000042188, 6.047423072554920300E-15, 0.8660254037844362651 ) ) ;
#3541 = AXIS2_PLACEMENT_3D ( 'NONE', #3410, #5421, #5106 ) ;
#3542 = ORIENTED_EDGE ( 'NONE', *, *, #452, .F. ) ;
#3543 = VERTEX_POINT ( 'NONE', #1579 ) ;
#3544 = FACE_OUTER_BOUND ( 'NONE', #4204, .T. ) ;
#3545 = EDGE_CURVE ( 'NONE', #5347, #72, #2372, .T. ) ;
#3546 = CARTESIAN_POINT ( 'NONE',  ( -8.228595854036282020, 29.38890729257688861, -8.271404145965057353 ) ) ;
#3547 = PLANE ( 'NONE',  #477 ) ;
#3548 = ORIENTED_EDGE ( 'NONE', *, *, #3392, .F. ) ;
#3549 = CIRCLE ( 'NONE', #506, 2.000000000000001776 ) ;
#3550 = CARTESIAN_POINT ( 'NONE',  ( -29.83646023030460270, 36.38890729257737178, 60.47859585403524818 ) ) ;
#3551 = VERTEX_POINT ( 'NONE', #4103 ) ;
#3552 = CARTESIAN_POINT ( 'NONE',  ( -8.772682996941233213, 23.38890729257727230, 36.65647709800666831 ) ) ;
#3553 = VECTOR ( 'NONE', #4353, 1000.000000000000000 ) ;
#3554 = CARTESIAN_POINT ( 'NONE',  ( -34.23376267088222136, 29.44001445907372627, 51.30615239803292127 ) ) ;
#3555 = CARTESIAN_POINT ( 'NONE',  ( -9.900752772352991116, 36.38890729257734336, 56.69235005111342218 ) ) ;
#3556 = EDGE_LOOP ( 'NONE', ( #4572, #1061, #3727, #2667 ) ) ;
#3557 = DIRECTION ( 'NONE',  ( -0.7071067811865463515, 0.7071067811865487940, -1.735493991486226252E-29 ) ) ;
#3558 = CARTESIAN_POINT ( 'NONE',  ( -10.22859585403557681, 27.31711052285281838, 51.01449423889740586 ) ) ;
#3559 = LINE ( 'NONE', #4804, #2633 ) ;
#3560 = CARTESIAN_POINT ( 'NONE',  ( -39.03971394380656079, 22.38890729257710177, 23.05287233866316399 ) ) ;
#3561 = CARTESIAN_POINT ( 'NONE',  ( -34.38723128624386760, 29.97884685012792616, 51.57318616779161147 ) ) ;
#3562 = DIRECTION ( 'NONE',  ( 0.5000000000000034417, 0.7071067811865492381, 0.4999999999999939493 ) ) ;
#3563 = CARTESIAN_POINT ( 'NONE',  ( 8.271404145964293519, 22.38890729257700229, 8.228595854035338775 ) ) ;
#3564 = LINE ( 'NONE', #1800, #3448 ) ;
#3565 = DIRECTION ( 'NONE',  ( 0.8660254037844419273, 3.491481338843136511E-15, 0.4999999999999943379 ) ) ;
#3566 = EDGE_LOOP ( 'NONE', ( #3795, #1792, #2652, #924 ) ) ;
#3567 = EDGE_LOOP ( 'NONE', ( #406, #2371, #1051, #1467 ) ) ;
#3568 = DIRECTION ( 'NONE',  ( -4.876176775795935793E-29, 1.000000000000000000, -6.982962677686266711E-15 ) ) ;
#3569 = FACE_OUTER_BOUND ( 'NONE', #4294, .T. ) ;
#3570 = CARTESIAN_POINT ( 'NONE',  ( -26.97859585403591964, 28.38890729257694190, -0.02140414596471691688 ) ) ;
#3571 = VERTEX_POINT ( 'NONE', #743 ) ;
#3572 = DIRECTION ( 'NONE',  ( 0.6546536707079767536, -0.3779644730092286409, -0.6546536707079766426 ) ) ;
#3573 = ADVANCED_FACE ( 'NONE', ( #4075 ), #241, .F. ) ;
#3574 = EDGE_LOOP ( 'NONE', ( #3210, #131, #1549, #2211 ) ) ;
#3575 = CARTESIAN_POINT ( 'NONE',  ( -5.582592236898711313, 34.58890729257724672, 42.97859585403509186 ) ) ;
#3576 = CARTESIAN_POINT ( 'NONE',  ( -32.72748916134051456, 29.28847402644228382, 50.51812285426775873 ) ) ;
#3577 = CARTESIAN_POINT ( 'NONE',  ( -10.05359585403552636, 35.64687123726398710, 59.17659766260357657 ) ) ;
#3578 = VERTEX_POINT ( 'NONE', #3661 ) ;
#3579 = CARTESIAN_POINT ( 'NONE',  ( -11.17493832365946460, 22.87423886665411032, 38.87811650938372310 ) ) ;
#3580 = DIRECTION ( 'NONE',  ( -6.982962677686266711E-15, -6.982962677686266711E-15, -1.000000000000000000 ) ) ;
#3581 = AXIS2_PLACEMENT_3D ( 'NONE', #4198, #4587, #4227 ) ;
#3582 = AXIS2_PLACEMENT_3D ( 'NONE', #5, #1708, #3414 ) ;
#3583 = CARTESIAN_POINT ( 'NONE',  ( -10.22859585403551463, 30.31711052285291075, 60.47859585403513449 ) ) ;
#3584 = VECTOR ( 'NONE', #2031, 1000.000000000000000 ) ;
#3585 = DIRECTION ( 'NONE',  ( 4.876176775795935793E-29, -1.000000000000000000, 6.982962677686266711E-15 ) ) ;
#3586 = EDGE_LOOP ( 'NONE', ( #2834, #5220, #5109, #1574 ) ) ;
#3587 = CIRCLE ( 'NONE', #1348, 2.000000000000001776 ) ;
#3588 = CARTESIAN_POINT ( 'NONE',  ( -36.86198056300562342, 29.51485845585414225, 53.36213229626706323 ) ) ;
#3589 = CARTESIAN_POINT ( 'NONE',  ( -50.47859585403571003, 30.47181106123194283, 33.15016872928926261 ) ) ;
#3590 = ORIENTED_EDGE ( 'NONE', *, *, #4579, .F. ) ;
#3591 = CARTESIAN_POINT ( 'NONE',  ( -40.61192697971949173, 22.98617118014284699, 23.83046988540397138 ) ) ;
#3592 = FACE_OUTER_BOUND ( 'NONE', #1107, .T. ) ;
#3593 = CARTESIAN_POINT ( 'NONE',  ( -27.00353988041785058, 22.38890729257724388, 42.08932631804448476 ) ) ;
#3594 = ORIENTED_EDGE ( 'NONE', *, *, #3023, .F. ) ;
#3595 = ORIENTED_EDGE ( 'NONE', *, *, #3163, .T. ) ;
#3596 = DIRECTION ( 'NONE',  ( -4.876176775795935793E-29, 1.000000000000000000, -6.982962677686266711E-15 ) ) ;
#3597 = DIRECTION ( 'NONE',  ( 1.000000000000000000, 0.000000000000000000, -6.982962677686266711E-15 ) ) ;
#3598 = EDGE_CURVE ( 'NONE', #3837, #778, #5426, .T. ) ;
#3599 = VECTOR ( 'NONE', #3572, 1000.000000000000114 ) ;
#3600 = VERTEX_POINT ( 'NONE', #1523 ) ;
#3601 = FACE_OUTER_BOUND ( 'NONE', #4148, .T. ) ;
#3602 = ORIENTED_EDGE ( 'NONE', *, *, #4830, .T. ) ;
#3603 = ADVANCED_FACE ( 'NONE', ( #3601 ), #382, .T. ) ;
#3604 = AXIS2_PLACEMENT_3D ( 'NONE', #2200, #1014, #4842 ) ;
#3605 = CARTESIAN_POINT ( 'NONE',  ( -16.20629069436619218, 30.25510157790283827, 51.32320475690800521 ) ) ;
#3606 = EDGE_CURVE ( 'NONE', #1028, #185, #3690, .T. ) ;
#3607 = CARTESIAN_POINT ( 'NONE',  ( -36.16389513861975047, 29.50802372718190014, 52.71428724169013691 ) ) ;
#3608 = CARTESIAN_POINT ( 'NONE',  ( -16.99892394835431730, 27.31711052285281838, 51.01449423889745560 ) ) ;
#3609 = EDGE_CURVE ( 'NONE', #1622, #2792, #4962, .T. ) ;
#3610 = VECTOR ( 'NONE', #4398, 1000.000000000000000 ) ;
#3611 = VERTEX_POINT ( 'NONE', #1108 ) ;
#3612 = CARTESIAN_POINT ( 'NONE',  ( -6.780594045467164044, 34.58890729257726093, 45.05359585403507339 ) ) ;
#3613 = CARTESIAN_POINT ( 'NONE',  ( -3.228595854035709145, 23.38890729257725098, 34.22859585403514870 ) ) ;
#3614 = DIRECTION ( 'NONE',  ( 0.6644630243886705534, -0.3420201433256687129, -0.6644630243886788801 ) ) ;
#3615 = ADVANCED_FACE ( 'NONE', ( #4540 ), #1718, .T. ) ;
#3616 = CARTESIAN_POINT ( 'NONE',  ( -52.47859585403571003, 36.38890729257717993, 33.15016872928923419 ) ) ;
#3617 = EDGE_LOOP ( 'NONE', ( #1798, #2631, #3239, #3865 ) ) ;
#3618 = CARTESIAN_POINT ( 'NONE',  ( -35.56121533826231484, 29.49743067937691166, 52.21694878208258217 ) ) ;
#3619 = CARTESIAN_POINT ( 'NONE',  ( -39.93578435145789740, 22.84483820143934807, 22.92399972565492305 ) ) ;
#3620 = VECTOR ( 'NONE', #774, 1000.000000000000000 ) ;
#3621 = DIRECTION ( 'NONE',  ( 0.7071067811865463515, -4.937700262164505444E-15, -0.7071067811865487940 ) ) ;
#3622 = PLANE ( 'NONE',  #946 ) ;
#3623 = CARTESIAN_POINT ( 'NONE',  ( -7.502700026140873391, 23.38890729257718704, 24.86609987527666021 ) ) ;
#3624 = VERTEX_POINT ( 'NONE', #2455 ) ;
#3625 = DIRECTION ( 'NONE',  ( 4.876176775795935793E-29, -1.000000000000000000, 6.982962677686266711E-15 ) ) ;
#3626 = VERTEX_POINT ( 'NONE', #5296 ) ;
#3627 = CARTESIAN_POINT ( 'NONE',  ( -7.978595854035560819, 34.58890729257733909, 55.58259223689815087 ) ) ;
#3628 = CARTESIAN_POINT ( 'NONE',  ( -20.32472064472134221, 22.54894013054170188, 38.19388296901420432 ) ) ;
#3629 = VECTOR ( 'NONE', #4208, 1000.000000000000114 ) ;
#3630 = ORIENTED_EDGE ( 'NONE', *, *, #2072, .T. ) ;
#3631 = LINE ( 'NONE', #3715, #1994 ) ;
#3632 = ORIENTED_EDGE ( 'NONE', *, *, #4921, .T. ) ;
#3633 = B_SPLINE_CURVE_WITH_KNOTS ( 'NONE', 1,
 ( #3314, #2898 ),
 .UNSPECIFIED., .F., .F.,
 ( 2, 2 ),
 ( 0.000000000000000000, 1.000000000000000000 ),
 .UNSPECIFIED. ) ;
#3634 = CARTESIAN_POINT ( 'NONE',  ( -15.86304489528833983, 30.28586839650867191, 51.48168569958646401 ) ) ;
#3635 = CARTESIAN_POINT ( 'NONE',  ( -33.09462788712765757, 29.33604484740956053, 50.68846431245660966 ) ) ;
#3636 = CARTESIAN_POINT ( 'NONE',  ( -50.47859585403594451, 35.38890729257695256, -0.02140414596459895569 ) ) ;
#3637 = AXIS2_PLACEMENT_3D ( 'NONE', #2664, #2196, #4308 ) ;
#3638 = ADVANCED_FACE ( 'NONE', ( #1468 ), #1811, .T. ) ;
#3639 = ORIENTED_EDGE ( 'NONE', *, *, #398, .T. ) ;
#3640 = CARTESIAN_POINT ( 'NONE',  ( -6.228595854035740231, 25.38890729257715151, 29.12859585403516149 ) ) ;
#3641 = CARTESIAN_POINT ( 'NONE',  ( -39.43900795023149897, 22.45502900968169158, 22.52756022783631451 ) ) ;
#3642 = AXIS2_PLACEMENT_3D ( 'NONE', #4740, #1391, #2155 ) ;
#3643 = EDGE_CURVE ( 'NONE', #4906, #1231, #3346, .T. ) ;
#3644 = CARTESIAN_POINT ( 'NONE',  ( -41.69266885630376862, 27.64710829030287087, 56.77845529393037793 ) ) ;
#3645 = ADVANCED_FACE ( 'NONE', ( #2119 ), #2952, .F. ) ;
#3646 = DIRECTION ( 'NONE',  ( -5.204170427930457571E-15, -6.938893903907276498E-15, -1.000000000000000000 ) ) ;
#3647 = ORIENTED_EDGE ( 'NONE', *, *, #2739, .F. ) ;
#3648 = CARTESIAN_POINT ( 'NONE',  ( -33.93085001701181369, 30.02350561201630796, 51.35434197728101680 ) ) ;
#3649 = CARTESIAN_POINT ( 'NONE',  ( -38.00114816342822621, 22.52542088126030606, 20.02203866265009680 ) ) ;
#3650 = FACE_OUTER_BOUND ( 'NONE', #3919, .T. ) ;
#3651 = CARTESIAN_POINT ( 'NONE',  ( -7.978595854035533286, 34.58890729257735330, 57.97859585403509897 ) ) ;
#3652 = ORIENTED_EDGE ( 'NONE', *, *, #2604, .T. ) ;
#3654 = CIRCLE ( 'NONE', #1638, 1.099999999999996758 ) ;
#3653 = CARTESIAN_POINT ( 'NONE',  ( -20.22859585403551108, 29.31711052285288233, 60.47859585403521976 ) ) ;
#3655 = ORIENTED_EDGE ( 'NONE', *, *, #5063, .T. ) ;
#3656 = ORIENTED_EDGE ( 'NONE', *, *, #2916, .T. ) ;
#3657 = DIRECTION ( 'NONE',  ( 4.876176775795935793E-29, -1.000000000000000000, 6.982962677686266711E-15 ) ) ;
#3658 = CARTESIAN_POINT ( 'NONE',  ( -31.22859585403589477, 25.38890729257698808, 6.228595854035323676 ) ) ;
#3659 = B_SPLINE_SURFACE_WITH_KNOTS ( 'NONE', 1, 3, ( 
 ( #1474, #1875, #4408, #5332, #247, #140, #1116, #4082, #4912, #5359, #3187, #1030, #1531, #3667, #1845, #4437, #4382, #2735, #558, #2760, #3244, #607, #4463, #641, #358, #1198, #4546, #3323, #2849, #5024, #1675, #2462, #3697, #5474, #3356, #3723, #2907, #2016, #806, #697, #2075, #2433, #4164, #5390, #2100, #3749, #2049, #1613, #4524, #3383 ),
 ( #4190, #1227, #2406, #724, #1647, #5419, #1991, #276, #333, #5051, #2822, #2488, #3777, #5445, #5077, #4573, #1144, #4139, #306, #2936, #4629, #1586, #4110, #2514, #3295, #4603, #4217, #779, #390, #3805, #5504, #1561, #752, #3273, #4970, #4993, #1167, #2878, #2623, #80, #944, #3464, #2567, #1700, #5531, #2129, #4685, #3409, #3437, #26 ) ),
 .UNSPECIFIED., .F., .F., .F.,
 ( 2, 2 ),
 ( 4, 2, 2, 2, 2, 2, 2, 2, 2, 2, 2, 2, 2, 2, 2, 2, 2, 2, 2, 2, 2, 2, 2, 2, 4 ),
 ( 0.000000000000000000, 1.000000000000000000 ),
 ( 0.000000000000000000, 0.0003959217794728740292, 0.0005938826692093110166, 0.0007918435589457480583, 0.0009898044486821851000, 0.001187765338418622033, 0.001583687117891496117, 0.001979608897364370200, 0.002177569787100807133, 0.002375530676837244067, 0.002573491566573681000, 0.002771452456310117933, 0.003167374235782992233, 0.003365335125519429600, 0.003563296015255866533, 0.003761256904992303467, 0.003959217794728740400, 0.004355139574201614266, 0.004553100463938051200, 0.004751061353674488133, 0.004949022243410925066, 0.005146983133147362000, 0.005542904912620235866, 0.005938826692093109733, 0.006334748471565984466 ),
 .UNSPECIFIED. ) ;
#3660 = EDGE_LOOP ( 'NONE', ( #3012, #4930, #192, #2728, #3005, #2039, #268, #542, #4789, #2775, #332, #3595, #884, #2438, #229, #69, #2619, #4035, #1136, #3958, #2784, #3735, #1775, #1484, #1959, #1286, #2064 ) ) ;
#3661 = CARTESIAN_POINT ( 'NONE',  ( -7.978595854035519075, 34.58890729257737462, 60.37459947117203996 ) ) ;
#3662 = ORIENTED_EDGE ( 'NONE', *, *, #4995, .F. ) ;
#3663 = CARTESIAN_POINT ( 'NONE',  ( -1.228595854035762880, 36.38990729257713497, 25.94853039380622661 ) ) ;
#3664 = LINE ( 'NONE', #5468, #3713 ) ;
#3665 = CARTESIAN_POINT ( 'NONE',  ( -6.553595854035717316, 29.31711052285274377, 41.12859585403501939 ) ) ;
#3666 = VERTEX_POINT ( 'NONE', #1190 ) ;
#3667 = CARTESIAN_POINT ( 'NONE',  ( -9.977524636269931690, 23.57448881793336071, 38.02327673622866655 ) ) ;
#3668 = DIRECTION ( 'NONE',  ( -4.876176775795935793E-29, 1.000000000000000000, -6.982962677686266711E-15 ) ) ;
#3669 = CARTESIAN_POINT ( 'NONE',  ( -29.83646023030468086, 29.02843538825798930, 49.97859585403528371 ) ) ;
#3670 = EDGE_CURVE ( 'NONE', #4724, #3094, #4657, .T. ) ;
#3671 = FACE_OUTER_BOUND ( 'NONE', #1158, .T. ) ;
#3672 = ORIENTED_EDGE ( 'NONE', *, *, #3257, .T. ) ;
#3673 = CARTESIAN_POINT ( 'NONE',  ( -17.49854216895881720, 29.12021964871501467, 50.13757085648320810 ) ) ;
#3674 = LINE ( 'NONE', #1969, #3309 ) ;
#3675 = VECTOR ( 'NONE', #1345, 999.9999999999998863 ) ;
#3676 = ORIENTED_EDGE ( 'NONE', *, *, #3746, .F. ) ;
#3677 = CARTESIAN_POINT ( 'NONE',  ( -41.36122996609059754, 23.13060553791973106, 24.74900015945821963 ) ) ;
#3678 = EDGE_CURVE ( 'NONE', #2558, #599, #3847, .T. ) ;
#3679 = AXIS2_PLACEMENT_3D ( 'NONE', #3702, #5394, #3277 ) ;
#3681 = EDGE_CURVE ( 'NONE', #4143, #1699, #796, .T. ) ;
#3680 = CIRCLE ( 'NONE', #4736, 5.000000000000000888 ) ;
#3682 = DIRECTION ( 'NONE',  ( 4.876176775795935793E-29, -1.000000000000000000, 6.982962677686266711E-15 ) ) ;
#3683 = ORIENTED_EDGE ( 'NONE', *, *, #4791, .F. ) ;
#3684 = DIRECTION ( 'NONE',  ( 6.938893903907209445E-15, 6.938893903907209445E-15, 1.000000000000000000 ) ) ;
#3685 = VERTEX_POINT ( 'NONE', #2063 ) ;
#3686 = CARTESIAN_POINT ( 'NONE',  ( -25.92426128629264781, 20.30201300492932859, -7.135108281873097091 ) ) ;
#3687 = CYLINDRICAL_SURFACE ( 'NONE', #1984, 2.099999999999997868 ) ;
#3688 = EDGE_CURVE ( 'NONE', #4864, #853, #3375, .T. ) ;
#3689 = ORIENTED_EDGE ( 'NONE', *, *, #2745, .F. ) ;
#3690 = LINE ( 'NONE', #5381, #2525 ) ;
#3691 = ORIENTED_EDGE ( 'NONE', *, *, #2816, .F. ) ;
#3692 = CARTESIAN_POINT ( 'NONE',  ( -16.76940922123916167, 30.19217935689390941, 51.09593875200902602 ) ) ;
#3693 = AXIS2_PLACEMENT_3D ( 'NONE', #2870, #4565, #1895 ) ;
#3694 = DIRECTION ( 'NONE',  ( -6.982962677686266711E-15, -6.982962677686266711E-15, -1.000000000000000000 ) ) ;
#3695 = FACE_OUTER_BOUND ( 'NONE', #2118, .T. ) ;
#3696 = ORIENTED_EDGE ( 'NONE', *, *, #5370, .T. ) ;
#3697 = CARTESIAN_POINT ( 'NONE',  ( -8.954622128954959237, 23.39020244622345857, 36.77435208683532863 ) ) ;
#3698 = CIRCLE ( 'NONE', #4843, 10.00000000000000178 ) ;
#3699 = DIRECTION ( 'NONE',  ( -6.235212397397041587E-15, -0.5000000000000042188, -0.8660254037844362651 ) ) ;
#3700 = CARTESIAN_POINT ( 'NONE',  ( -37.85833807082439506, 22.38890729257709111, 20.87790646756342028 ) ) ;
#3701 = ORIENTED_EDGE ( 'NONE', *, *, #4019, .F. ) ;
#3703 = VECTOR ( 'NONE', #5270, 1000.000000000000000 ) ;
#3702 = CARTESIAN_POINT ( 'NONE',  ( 0.02140414596405772196, 36.38890729257695256, -0.02140414596495977817 ) ) ;
#3704 = CARTESIAN_POINT ( 'NONE',  ( -39.13128312523122077, 22.69382446016794574, 21.75293012650800151 ) ) ;
#3705 = B_SPLINE_SURFACE_WITH_KNOTS ( 'NONE', 1, 3, ( 
 ( #4, #3866, #2659, #4715 ),
 ( #3413, #61, #4358, #420 ) ),
 .UNSPECIFIED., .F., .F., .F.,
 ( 2, 2 ),
 ( 4, 4 ),
 ( 0.000000000000000000, 1.000000000000000000 ),
 ( 2.983896419151791601, 3.141592653589793116 ),
 .UNSPECIFIED. ) ;
#3706 = FACE_OUTER_BOUND ( 'NONE', #674, .T. ) ;
#3707 = LINE ( 'NONE', #5399, #3042 ) ;
#3708 = ORIENTED_EDGE ( 'NONE', *, *, #2208, .T. ) ;
#3709 = CARTESIAN_POINT ( 'NONE',  ( -7.978595854035630097, 29.31711052285276509, 44.07859585403513591 ) ) ;
#3710 = ORIENTED_EDGE ( 'NONE', *, *, #3774, .T. ) ;
#3711 = CARTESIAN_POINT ( 'NONE',  ( -25.05018431330907447, 20.60205636611560820, 6.893811089323393482 ) ) ;
#3712 = DIRECTION ( 'NONE',  ( 1.000000000000000000, 0.000000000000000000, -6.982962677686266711E-15 ) ) ;
#3713 = VECTOR ( 'NONE', #694, 1000.000000000000000 ) ;
#3714 = EDGE_LOOP ( 'NONE', ( #4483, #1065 ) ) ;
#3715 = CARTESIAN_POINT ( 'NONE',  ( -66.10727551047578743, 28.38890729257731138, 52.43570263522216379 ) ) ;
#3716 = AXIS2_PLACEMENT_3D ( 'NONE', #2021, #4578, #5422 ) ;
#3717 = ORIENTED_EDGE ( 'NONE', *, *, #3341, .T. ) ;
#3718 = EDGE_CURVE ( 'NONE', #1918, #4759, #3633, .T. ) ;
#3719 = CARTESIAN_POINT ( 'NONE',  ( -26.02597688679386678, 21.05705891795387785, 15.80462212197432059 ) ) ;
#3720 = CARTESIAN_POINT ( 'NONE',  ( -26.87937447718556427, 20.79363998559093218, 2.595783471097595552 ) ) ;
#3721 = DIRECTION ( 'NONE',  ( -6.938893903907655151E-15, -6.938893903907655151E-15, -1.000000000000000000 ) ) ;
#3722 = ORIENTED_EDGE ( 'NONE', *, *, #654, .F. ) ;
#3723 = CARTESIAN_POINT ( 'NONE',  ( -8.616190226242123273, 23.38961969635675331, 36.56832694977705245 ) ) ;
#3724 = APPROVAL_ROLE ( '' ) ;
#3725 = CARTESIAN_POINT ( 'NONE',  ( -10.22859585403566030, 24.06793468469762587, 39.22859585403519134 ) ) ;
#3726 = CARTESIAN_POINT ( 'NONE',  ( -40.30746253255860978, 22.92480567743935183, 23.42641981728140621 ) ) ;
#3727 = ORIENTED_EDGE ( 'NONE', *, *, #3257, .F. ) ;
#3728 = VECTOR ( 'NONE', #5519, 1000.000000000000000 ) ;
#3729 = CARTESIAN_POINT ( 'NONE',  ( -36.90752804217008531, 35.38890729257732204, 53.40752804216980110 ) ) ;
#3730 = CYLINDRICAL_SURFACE ( 'NONE', #3045, 10.00000000000000178 ) ;
#3731 = CARTESIAN_POINT ( 'NONE',  ( -41.65158113915467908, 23.18464940335787361, 25.08256688902938691 ) ) ;
#3732 = CARTESIAN_POINT ( 'NONE',  ( -23.42641981728171174, 22.92480567743940156, 40.30746253255811951 ) ) ;
#3733 = VERTEX_POINT ( 'NONE', #4643 ) ;
#3734 = CARTESIAN_POINT ( 'NONE',  ( -18.35856062120665655, 22.38890729257720125, 36.65686914817938202 ) ) ;
#3735 = ORIENTED_EDGE ( 'NONE', *, *, #3092, .T. ) ;
#3736 = CARTESIAN_POINT ( 'NONE',  ( -25.05018431330919526, 20.60205636611551938, -6.936619381252682182 ) ) ;
#3737 = CARTESIAN_POINT ( 'NONE',  ( 40.52140414596435392, 28.38890729257722612, 40.47859585403480764 ) ) ;
#3738 = ORIENTED_EDGE ( 'NONE', *, *, #3018, .T. ) ;
#3739 = EDGE_CURVE ( 'NONE', #3423, #1473, #5379, .T. ) ;
#3740 = DIRECTION ( 'NONE',  ( 4.876176775795935793E-29, -1.000000000000000000, 6.982962677686266711E-15 ) ) ;
#3741 = ORIENTED_EDGE ( 'NONE', *, *, #487, .T. ) ;
#3742 = LINE ( 'NONE', #5438, #4525 ) ;
#3743 = CARTESIAN_POINT ( 'NONE',  ( -26.49276748956160077, 20.59464113619748460, 5.211874130030764718 ) ) ;
#3744 = ORIENTED_EDGE ( 'NONE', *, *, #4675, .F. ) ;
#3745 = CARTESIAN_POINT ( 'NONE',  ( -8.228595854035477331, 68.33417298250397209, 64.97859585403485028 ) ) ;
#3746 = EDGE_CURVE ( 'NONE', #2401, #4302, #5068, .T. ) ;
#3747 = ADVANCED_FACE ( 'NONE', ( #1266 ), #1999, .T. ) ;
#3748 = EDGE_LOOP ( 'NONE', ( #2868, #3632 ) ) ;
#3749 = CARTESIAN_POINT ( 'NONE',  ( -7.723888917903534157, 23.40377848355473489, 36.26810771380433351 ) ) ;
#3750 = PERSON_AND_ORGANIZATION_ROLE ( 'design_owner' ) ;
#3751 = CARTESIAN_POINT ( 'NONE',  ( -18.00655534133825597, 29.06914219139096645, 50.04910210527521031 ) ) ;
#3752 = CARTESIAN_POINT ( 'NONE',  ( -24.86609987527734589, 20.50458253438528544, 7.502700026140498579 ) ) ;
#3753 = VERTEX_POINT ( 'NONE', #1218 ) ;
#3754 = CARTESIAN_POINT ( 'NONE',  ( -36.45089026046377256, 29.62224288981684239, 52.97758870393494846 ) ) ;
#3755 = FACE_OUTER_BOUND ( 'NONE', #2704, .T. ) ;
#3756 = CARTESIAN_POINT ( 'NONE',  ( -41.40911609636594193, 23.13956891012772132, 24.80463149238822851 ) ) ;
#3757 = PLANE ( 'NONE',  #5176 ) ;
#3758 = CARTESIAN_POINT ( 'NONE',  ( -21.05642641496226730, 22.38890729257720835, 37.95323011467073115 ) ) ;
#3759 = VECTOR ( 'NONE', #1880, 1000.000000000000000 ) ;
#3760 = CARTESIAN_POINT ( 'NONE',  ( -25.95524118902436328, 21.08128949713460543, 1.250810442038887915 ) ) ;
#3761 = CIRCLE ( 'NONE', #3582, 10.00000000000000178 ) ;
#3762 = DIRECTION ( 'NONE',  ( -6.709013530006368362E-15, -0.2773500981126187925, -0.9607689228305215101 ) ) ;
#3763 = ORIENTED_EDGE ( 'NONE', *, *, #3014, .T. ) ;
#3764 = VECTOR ( 'NONE', #1250, 1000.000000000000000 ) ;
#3765 = CARTESIAN_POINT ( 'NONE',  ( -25.97859585403594096, 36.38890729257695256, -0.02140414596477936693 ) ) ;
#3766 = EDGE_LOOP ( 'NONE', ( #513, #1946, #930, #717 ) ) ;
#3767 = VECTOR ( 'NONE', #3955, 999.9999999999998863 ) ;
#3768 = FACE_OUTER_BOUND ( 'NONE', #3617, .T. ) ;
#3769 = CARTESIAN_POINT ( 'NONE',  ( -24.63460121764030930, 20.39431454319072046, 8.374407819468677516 ) ) ;
#3770 = EDGE_CURVE ( 'NONE', #1902, #18, #1723, .T. ) ;
#3771 = CARTESIAN_POINT ( 'NONE',  ( -31.22859585403590899, 36.38890729257698098, 4.128595854035257418 ) ) ;
#3772 = VERTEX_POINT ( 'NONE', #430 ) ;
#3773 = CARTESIAN_POINT ( 'NONE',  ( -1.228595854035762880, 23.38890729257719414, 25.94853039380631898 ) ) ;
#3774 = EDGE_CURVE ( 'NONE', #3624, #200, #4225, .T. ) ;
#3775 = CARTESIAN_POINT ( 'NONE',  ( -37.10633017813784562, 22.38890729257708756, 19.32356763543345579 ) ) ;
#3776 = VERTEX_POINT ( 'NONE', #4181 ) ;
#3777 = CARTESIAN_POINT ( 'NONE',  ( -10.98997254302202187, 22.65406782822667964, 38.09073089276737534 ) ) ;
#3778 = APPLICATION_PROTOCOL_DEFINITION ( 'international standard', 'config_control_design', 1994, #497 ) ;
#3779 = EDGE_CURVE ( 'NONE', #4351, #1862, #3794, .T. ) ;
#3780 = LINE ( 'NONE', #859, #4257 ) ;
#3781 = CARTESIAN_POINT ( 'NONE',  ( -37.26582857706083018, 22.44633605282738742, 18.85519852445151301 ) ) ;
#3782 = VECTOR ( 'NONE', #269, 1000.000000000000000 ) ;
#3783 = EDGE_LOOP ( 'NONE', ( #5384, #2799, #5153, #60 ) ) ;
#3784 = DIRECTION ( 'NONE',  ( -4.937700262164556720E-15, 0.7071067811865439090, -0.7071067811865512365 ) ) ;
#3785 = CARTESIAN_POINT ( 'NONE',  ( -46.28320515127980883, 22.38890729257716572, 31.19741871365259200 ) ) ;
#3786 = EDGE_CURVE ( 'NONE', #3064, #1951, #5493, .T. ) ;
#3787 = CIRCLE ( 'NONE', #4667, 1.000000000000000888 ) ;
#3788 = LINE ( 'NONE', #4635, #4376 ) ;
#3789 = FACE_OUTER_BOUND ( 'NONE', #4844, .T. ) ;
#3790 = FACE_OUTER_BOUND ( 'NONE', #4507, .T. ) ;
#3791 = B_SPLINE_CURVE_WITH_KNOTS ( 'NONE', 3,
 ( #3996, #1813, #3158, #161, #3576, #4826, #1471, #3635, #5217, #5269, #604, #4377, #1842, #2266, #1053, #3554, #1443, #3524, #3942, #5244, #1025, #2707, #4053, #4882, #554, #2319, #220, #4799, #2732, #2758, #4460, #975, #4021, #2678, #1928, #1499, #189, #581, #1900, #3970, #2239, #3607, #3212, #1415, #1000, #4404, #109, #5300, #3183, #4909, #1083 ),
 .UNSPECIFIED., .F., .F.,
 ( 4, 2, 2, 1, 1, 2, 2, 2, 2, 1, 1, 2, 2, 2, 1, 1, 2, 2, 2, 1, 1, 1, 2, 2, 2, 1, 1, 1, 1, 2, 2, 4 ),
 ( 0.000000000000000000, 0.1249999999999342748, 0.1874999999999014122, 0.2187499999998865075, 0.2343749999998776534, 0.2421874999998725742, 0.2499999999998674949, 0.3749999999998095968, 0.4374999999997830624, 0.4687499999997689626, 0.4843749999997633005, 0.4921874999997613020, 0.4999999999997593036, 0.5624999999997571942, 0.5937499999997565281, 0.6093749999997561950, 0.6171874999997560840, 0.6249999999997559730, 0.6874999999997716271, 0.7187499999997808420, 0.7343749999997863931, 0.7421874999997895017, 0.7460937499997909450, 0.7499999999997924993, 0.8124999999998222533, 0.8437499999998373523, 0.8593749999998447908, 0.8671874999998474554, 0.8710937499998488986, 0.8730468749998496758, 0.8749999999998504530, 1.000000000000000000 ),
 .UNSPECIFIED. ) ;
#3792 = DIRECTION ( 'NONE',  ( -4.876176775795935793E-29, 1.000000000000000000, -6.982962677686266711E-15 ) ) ;
#3793 = ORIENTED_EDGE ( 'NONE', *, *, #4086, .F. ) ;
#3794 = LINE ( 'NONE', #1717, #2616 ) ;
#3795 = ORIENTED_EDGE ( 'NONE', *, *, #3688, .T. ) ;
#3796 = CARTESIAN_POINT ( 'NONE',  ( -1.228595854035755996, 23.38890729257720835, 27.78934018064386891 ) ) ;
#3797 = CARTESIAN_POINT ( 'NONE',  ( -36.36229791988638738, 29.64180072305872216, 52.90142500552627070 ) ) ;
#3798 = CARTESIAN_POINT ( 'NONE',  ( 0.02140414596450875007, 36.38890729257740020, 63.97859585403502081 ) ) ;
#3799 = ORIENTED_EDGE ( 'NONE', *, *, #1512, .T. ) ;
#3800 = CARTESIAN_POINT ( 'NONE',  ( -9.708450767765164358, 23.46616305324413077, 37.53973304633215946 ) ) ;
#3801 = CIRCLE ( 'NONE', #4064, 10.00000000000000178 ) ;
#3802 = AXIS2_PLACEMENT_3D ( 'NONE', #4001, #981, #3975 ) ;
#3803 = LINE ( 'NONE', #1305, #4661 ) ;
#3804 = VERTEX_POINT ( 'NONE', #349 ) ;
#3805 = CARTESIAN_POINT ( 'NONE',  ( -9.742942341589197142, 22.39503079326908264, 36.15223368190084585 ) ) ;
#3806 = CARTESIAN_POINT ( 'NONE',  ( -31.22859585403589477, 25.38890729257698808, 6.228595854035323676 ) ) ;
#3807 = CARTESIAN_POINT ( 'NONE',  ( -10.39658624618123284, 28.38890729257718704, 34.43821680652336426 ) ) ;
#3808 = AXIS2_PLACEMENT_3D ( 'NONE', #834, #3297, #335 ) ;
#3809 = VERTEX_POINT ( 'NONE', #1665 ) ;
#3810 = DIRECTION ( 'NONE',  ( 0.7071067811865487940, 4.937700262164556720E-15, 0.7071067811865463515 ) ) ;
#3811 = EDGE_CURVE ( 'NONE', #4699, #4505, #4700, .T. ) ;
#3812 = DIRECTION ( 'NONE',  ( -1.387778780781454037E-14, -6.938893903907270187E-15, -1.000000000000000000 ) ) ;
#3813 = EDGE_CURVE ( 'NONE', #4143, #4182, #2624, .T. ) ;
#3814 = VECTOR ( 'NONE', #4229, 1000.000000000000000 ) ;
#3815 = ADVANCED_FACE ( 'NONE', ( #2174 ), #70, .F. ) ;
#3816 = CARTESIAN_POINT ( 'NONE',  ( -17.46765405804676163, 23.38890729257720125, 27.36714899465797401 ) ) ;
#3817 = CARTESIAN_POINT ( 'NONE',  ( -17.40928067472588836, 22.38890729257719414, 36.22347388706853621 ) ) ;
#3818 = AXIS2_PLACEMENT_3D ( 'NONE', #1441, #692, #271 ) ;
#3819 = CARTESIAN_POINT ( 'NONE',  ( -26.27884838572997594, 23.38890729257726520, 36.17834332234133399 ) ) ;
#3820 = CARTESIAN_POINT ( 'NONE',  ( -51.72859585403555371, 36.38890729257742152, 66.40016872928909208 ) ) ;
#3821 = VERTEX_POINT ( 'NONE', #2282 ) ;
#3822 = CARTESIAN_POINT ( 'NONE',  ( -25.81948768251074711, 20.24808271585857966, 13.45495520574983672 ) ) ;
#3823 = ORIENTED_EDGE ( 'NONE', *, *, #4527, .F. ) ;
#3824 = LINE ( 'NONE', #20, #764 ) ;
#3825 = CARTESIAN_POINT ( 'NONE',  ( -35.79122713424428781, 29.76054077421425603, 52.44486695378492414 ) ) ;
#3826 = DIRECTION ( 'NONE',  ( -0.5000000000000072164, 0.7071067811865386910, -0.5000000000000052180 ) ) ;
#3827 = VERTEX_POINT ( 'NONE', #3089 ) ;
#3828 = CARTESIAN_POINT ( 'NONE',  ( -9.398602576588459101, 23.41367684238714730, 37.15704813935511197 ) ) ;
#3829 = CARTESIAN_POINT ( 'NONE',  ( -36.79673319604597737, 22.38890729257706980, 18.66154070875315085 ) ) ;
#3830 = ORIENTED_EDGE ( 'NONE', *, *, #1276, .F. ) ;
#3831 = LINE ( 'NONE', #1732, #4733 ) ;
#3832 = CARTESIAN_POINT ( 'NONE',  ( -16.99892394835433151, 29.04916133042168980, 50.01449423889744850 ) ) ;
#3833 = CARTESIAN_POINT ( 'NONE',  ( -51.06438229166259646, 30.47181106123194994, 34.56438229166234777 ) ) ;
#3834 = ORIENTED_EDGE ( 'NONE', *, *, #2680, .F. ) ;
#3835 = FACE_OUTER_BOUND ( 'NONE', #3496, .T. ) ;
#3836 = CARTESIAN_POINT ( 'NONE',  ( -36.17834332234172479, 27.38890729257715151, 26.27884838572974147 ) ) ;
#3837 = VERTEX_POINT ( 'NONE', #4725 ) ;
#3838 = EDGE_CURVE ( 'NONE', #4471, #3148, #3454, .T. ) ;
#3839 = ADVANCED_FACE ( 'NONE', ( #484, #4810, #1801 ), #2695, .T. ) ;
#3840 = CARTESIAN_POINT ( 'NONE',  ( -22.02594075798717554, 22.72667820406298844, 39.31599009056266425 ) ) ;
#3841 = CARTESIAN_POINT ( 'NONE',  ( -17.41797350361546393, 22.38890729257720125, 36.22741676343324713 ) ) ;
#3842 = EDGE_CURVE ( 'NONE', #784, #583, #988, .T. ) ;
#3843 = CARTESIAN_POINT ( 'NONE',  ( -2.996452996892910559, 27.38890729257714440, 25.80285844302895271 ) ) ;
#3844 = ADVANCED_FACE ( 'NONE', ( #2227 ), #3984, .F. ) ;
#3845 = CARTESIAN_POINT ( 'NONE',  ( -34.43821680652403927, 36.38890729257702361, 10.39658624618089888 ) ) ;
#3846 = ORIENTED_EDGE ( 'NONE', *, *, #4179, .F. ) ;
#3847 = LINE ( 'NONE', #2091, #3419 ) ;
#3848 = EDGE_LOOP ( 'NONE', ( #2312, #2897, #1817, #4764 ) ) ;
#3849 = VECTOR ( 'NONE', #5058, 1000.000000000000000 ) ;
#3850 = VECTOR ( 'NONE', #2168, 1000.000000000000000 ) ;
#3851 = CARTESIAN_POINT ( 'NONE',  ( -31.22859585403588056, 28.38890729257700585, 8.328595854035304669 ) ) ;
#3852 = CARTESIAN_POINT ( 'NONE',  ( -35.66140615263594782, 29.78560752165317282, 52.34915560273746138 ) ) ;
#3853 = EDGE_CURVE ( 'NONE', #1601, #1231, #3698, .T. ) ;
#3854 = CARTESIAN_POINT ( 'NONE',  ( -5.635450103528392596, 22.38890729257690637, -5.678258395457222996 ) ) ;
#3855 = EDGE_LOOP ( 'NONE', ( #4402, #966, #4320, #41 ) ) ;
#3856 = CARTESIAN_POINT ( 'NONE',  ( -35.47859585403569582, 28.38890729257719414, 35.47859585403534055 ) ) ;
#3857 = CONICAL_SURFACE ( 'NONE', #2779, 0.9999999999999940048, 0.7853981633974496113 ) ;
#3858 = APPROVAL_PERSON_ORGANIZATION ( #5446, #4907, #3384 ) ;
#3859 = CARTESIAN_POINT ( 'NONE',  ( -37.94413807359875790, 22.38890729257709111, 21.03920401345677149 ) ) ;
#3860 = VERTEX_POINT ( 'NONE', #5255 ) ;
#3861 = CARTESIAN_POINT ( 'NONE',  ( -24.45177636713865965, 20.30723276245080910, 9.708743335554970599 ) ) ;
#3862 = CARTESIAN_POINT ( 'NONE',  ( -17.02895042140156789, 30.16016939836299571, 51.00429942780441195 ) ) ;
#3863 = CARTESIAN_POINT ( 'NONE',  ( -9.176597662604123684, 34.58890729257723251, 40.90359585403512455 ) ) ;
#3864 = FACE_OUTER_BOUND ( 'NONE', #847, .T. ) ;
#3865 = ORIENTED_EDGE ( 'NONE', *, *, #1207, .T. ) ;
#3866 = CARTESIAN_POINT ( 'NONE',  ( -19.70294051609492669, 29.89444912370879948, 50.47857748117451848 ) ) ;
#3867 = CARTESIAN_POINT ( 'NONE',  ( -18.11737336620189609, 29.12323178932019019, 50.14650798858922087 ) ) ;
#3868 = EDGE_LOOP ( 'NONE', ( #375, #431, #3329, #2472, #1495, #1155 ) ) ;
#3869 = AXIS2_PLACEMENT_3D ( 'NONE', #1248, #2409, #3354 ) ;
#3870 = CARTESIAN_POINT ( 'NONE',  ( 0.02140414596441854445, 35.38890729257730072, 50.47859585403504212 ) ) ;
#3871 = CARTESIAN_POINT ( 'NONE',  ( -23.42641981728171174, 22.92480567743940156, 40.30746253255811951 ) ) ;
#3872 = AXIS2_PLACEMENT_3D ( 'NONE', #3929, #3060, #4757 ) ;
#3873 = PLANE ( 'NONE',  #5416 ) ;
#3874 = VECTOR ( 'NONE', #4161, 1000.000000000000000 ) ;
#3875 = DIRECTION ( 'NONE',  ( 4.876176775795935793E-29, -1.000000000000000000, 6.982962677686266711E-15 ) ) ;
#3876 = ORIENTED_EDGE ( 'NONE', *, *, #5487, .T. ) ;
#3877 = CARTESIAN_POINT ( 'NONE',  ( -7.978595854035519075, 36.38890729257737178, 60.37459947117202574 ) ) ;
#3878 = ORIENTED_EDGE ( 'NONE', *, *, #1965, .F. ) ;
#3879 = EDGE_CURVE ( 'NONE', #3827, #2545, #2976, .T. ) ;
#3880 = CARTESIAN_POINT ( 'NONE',  ( -44.36528127542796085, 28.38890729257736112, 59.45106771305462701 ) ) ;
#3882 = EDGE_CURVE ( 'NONE', #2334, #3809, #1634, .T. ) ;
#3881 = CARTESIAN_POINT ( 'NONE',  ( -33.87066077894375837, 30.02784430705020569, 51.32843426271050191 ) ) ;
#3883 = DIRECTION ( 'NONE',  ( -0.8660254037844349329, 3.491481338843136511E-15, 0.5000000000000064393 ) ) ;
#3884 = DIRECTION ( 'NONE',  ( -1.000000000000000000, 0.000000000000000000, 6.982962677686266711E-15 ) ) ;
#3885 = CARTESIAN_POINT ( 'NONE',  ( -52.47859585403571003, 36.38890729257717993, 33.15016872928923419 ) ) ;
#3886 = ORIENTED_EDGE ( 'NONE', *, *, #2776, .F. ) ;
#3887 = LINE ( 'NONE', #3522, #4291 ) ;
#3888 = CARTESIAN_POINT ( 'NONE',  ( -29.83646023030468086, 29.02843538825798930, 49.97859585403528371 ) ) ;
#3889 = CARTESIAN_POINT ( 'NONE',  ( -18.65816139772257642, 29.97326411210736907, 50.60267890326932871 ) ) ;
#3890 = CARTESIAN_POINT ( 'NONE',  ( -9.787426062206058930, 35.89138324916658718, 59.33027086356646151 ) ) ;
#3891 = ORIENTED_EDGE ( 'NONE', *, *, #4307, .F. ) ;
#3892 = DIRECTION ( 'NONE',  ( 0.7071067811865430208, -4.937700262164529110E-15, -0.7071067811865521247 ) ) ;
#3893 = CARTESIAN_POINT ( 'NONE',  ( -51.72859585403556082, 28.38890729257740020, 65.40016872928914893 ) ) ;
#3894 = LINE ( 'NONE', #2573, #844 ) ;
#3895 = ADVANCED_FACE ( 'NONE', ( #2609 ), #5205, .F. ) ;
#3896 = VECTOR ( 'NONE', #4729, 1000.000000000000000 ) ;
#3897 = CARTESIAN_POINT ( 'NONE',  ( -9.228595854035937407, 36.38890729257695256, -0.02140414596489732812 ) ) ;
#3898 = CARTESIAN_POINT ( 'NONE',  ( -6.228595854035740231, 28.38890729257715151, 29.12859585403514018 ) ) ;
#3899 = CARTESIAN_POINT ( 'NONE',  ( -6.228595854035726020, 25.38890729257716572, 31.22859585403515936 ) ) ;
#3900 = LINE ( 'NONE', #3478, #5457 ) ;
#3901 = VERTEX_POINT ( 'NONE', #2666 ) ;
#3902 = DIRECTION ( 'NONE',  ( -6.938893903907226800E-15, -6.938893903907226800E-15, -1.000000000000000000 ) ) ;
#3903 = EDGE_LOOP ( 'NONE', ( #4786, #2537, #795, #4313 ) ) ;
#3904 = VECTOR ( 'NONE', #121, 1000.000000000000000 ) ;
#3905 = EDGE_LOOP ( 'NONE', ( #2047, #5117, #2882, #1439 ) ) ;
#3906 = CARTESIAN_POINT ( 'NONE',  ( -34.38199882753733050, 29.97947550675309003, 51.57042872237165199 ) ) ;
#3907 = LINE ( 'NONE', #5073, #3082 ) ;
#3908 = DIRECTION ( 'NONE',  ( -4.937700262164497555E-15, -0.7071067811865524577, -0.7071067811865426878 ) ) ;
#3909 = ADVANCED_FACE ( 'NONE', ( #4312 ), #3146, .F. ) ;
#3910 = VERTEX_POINT ( 'NONE', #5230 ) ;
#3911 = CYLINDRICAL_SURFACE ( 'NONE', #1541, 2.000000000000001776 ) ;
#3912 = ORIENTED_EDGE ( 'NONE', *, *, #1762, .F. ) ;
#3913 = DIRECTION ( 'NONE',  ( 4.876176775795935793E-29, -1.000000000000000000, 6.982962677686266711E-15 ) ) ;
#3914 = DIRECTION ( 'NONE',  ( 6.982962677686266711E-15, 6.982962677686266711E-15, 1.000000000000000000 ) ) ;
#3915 = EDGE_CURVE ( 'NONE', #1725, #738, #1285, .T. ) ;
#3916 = DIRECTION ( 'NONE',  ( 0.5000000000000036637, 0.7071067811865525687, 0.4999999999999892863 ) ) ;
#3917 = ADVANCED_FACE ( 'NONE', ( #1323 ), #95, .T. ) ;
#3918 = CARTESIAN_POINT ( 'NONE',  ( -29.97859585403593741, 22.38890729257694545, -0.02140414596465446684 ) ) ;
#3919 = EDGE_LOOP ( 'NONE', ( #3518, #4406, #2459, #3236 ) ) ;
#3920 = DIRECTION ( 'NONE',  ( -7.199803112183367597E-15, -6.982962677686266711E-15, -1.000000000000000000 ) ) ;
#3921 = CARTESIAN_POINT ( 'NONE',  ( -24.86609987527734589, 27.38890729257701295, 7.502700026140450618 ) ) ;
#3922 = ORIENTED_EDGE ( 'NONE', *, *, #3441, .F. ) ;
#3923 = EDGE_CURVE ( 'NONE', #3446, #3571, #1404, .T. ) ;
#3924 = DIRECTION ( 'NONE',  ( 0.7071067811865463515, -4.937700262164505444E-15, -0.7071067811865487940 ) ) ;
#3925 = CARTESIAN_POINT ( 'NONE',  ( -36.82353834717092411, 22.41884630722588767, 18.13947302855160260 ) ) ;
#3926 = B_SPLINE_CURVE_WITH_KNOTS ( 'NONE', 3,
 ( #525, #2238, #3941, #108, #1812, #999, #3862, #4077, #218, #603, #243, #1526, #3692, #3240, #5354, #2347, #2375, #5385, #4489, #4459, #3211, #664, #3605, #2294, #4940, #1498, #3634, #2402, #1557, #4403, #4908, #1082, #2706, #4105, #3268 ),
 .UNSPECIFIED., .F., .F.,
 ( 4, 2, 1, 1, 2, 2, 1, 1, 1, 2, 2, 2, 1, 1, 2, 2, 2, 1, 1, 2, 2, 4 ),
 ( 0.000000000000000000, 0.06250000000000069389, 0.09375000000000309475, 0.1093750000000019706, 0.1171875000000022204, 0.1250000000000024702, 0.1875000000000017764, 0.2187500000000028866, 0.2343750000000031641, 0.2421875000000049405, 0.2500000000000067168, 0.3749999999999772404, 0.4374999999999608091, 0.4687499999999544809, 0.4843749999999534817, 0.4999999999999524825, 0.6249999999999547029, 0.6874999999999561462, 0.7187499999999588107, 0.7343749999999601430, 0.7499999999999615863, 1.000000000000000000 ),
 .UNSPECIFIED. ) ;
#3927 = CARTESIAN_POINT ( 'NONE',  ( -25.51264257869398477, 20.84692956684259713, 5.041717574001841840 ) ) ;
#3928 = DIRECTION ( 'NONE',  ( 6.938893903907228378E-15, 6.938893903907228378E-15, 1.000000000000000000 ) ) ;
#3929 = CARTESIAN_POINT ( 'NONE',  ( -59.27148907284898627, 36.38890729257736467, 59.27148907284886548 ) ) ;
#3930 = VERTEX_POINT ( 'NONE', #3511 ) ;
#3931 = ORIENTED_EDGE ( 'NONE', *, *, #2436, .F. ) ;
#3932 = CARTESIAN_POINT ( 'NONE',  ( -33.16862694915194965, 30.06429667153138041, 51.05004343706894332 ) ) ;
#3933 = DIRECTION ( 'NONE',  ( -1.000000000000000000, 0.000000000000000000, 6.982962677686266711E-15 ) ) ;
#3934 = DIRECTION ( 'NONE',  ( 4.876176775795935793E-29, -1.000000000000000000, 6.982962677686266711E-15 ) ) ;
#3935 = ORIENTED_EDGE ( 'NONE', *, *, #4718, .F. ) ;
#3936 = LINE ( 'NONE', #972, #2881 ) ;
#3937 = EDGE_LOOP ( 'NONE', ( #601, #5295, #5503, #1637 ) ) ;
#3938 = ADVANCED_FACE ( 'NONE', ( #4450 ), #4094, .F. ) ;
#3939 = CARTESIAN_POINT ( 'NONE',  ( -26.33704450904930638, 20.51448559080375134, 14.59767920726548951 ) ) ;
#3940 = EDGE_CURVE ( 'NONE', #4644, #677, #4038, .T. ) ;
#3941 = CARTESIAN_POINT ( 'NONE',  ( -17.18123615694304718, 30.14101036895106134, 50.95409929440795338 ) ) ;
#3942 = CARTESIAN_POINT ( 'NONE',  ( -34.46277175472922494, 29.45395868893769631, 51.44816302604508707 ) ) ;
#3943 = FACE_OUTER_BOUND ( 'NONE', #4071, .T. ) ;
#3944 = ADVANCED_FACE ( 'NONE', ( #3229 ), #1105, .T. ) ;
#3945 = AXIS2_PLACEMENT_3D ( 'NONE', #757, #5083, #3812 ) ;
#3946 = ORIENTED_EDGE ( 'NONE', *, *, #1384, .T. ) ;
#3947 = EDGE_CURVE ( 'NONE', #4114, #3827, #3536, .T. ) ;
#3948 = CARTESIAN_POINT ( 'NONE',  ( -31.22859585403585214, 27.38890729257717993, 31.22859585403552884 ) ) ;
#3949 = CARTESIAN_POINT ( 'NONE',  ( -18.26197059496493580, 29.11661378511334419, 50.13232073832226376 ) ) ;
#3950 = ORIENTED_EDGE ( 'NONE', *, *, #4579, .T. ) ;
#3951 = CARTESIAN_POINT ( 'NONE',  ( -6.780594045467191577, 34.58890729257723251, 40.90359585403510323 ) ) ;
#3952 = CARTESIAN_POINT ( 'NONE',  ( -18.65816139772257642, 29.97326411210736907, 50.60267890326932871 ) ) ;
#3953 = EDGE_CURVE ( 'NONE', #1976, #3685, #5288, .T. ) ;
#3954 = LINE ( 'NONE', #1914, #3904 ) ;
#3955 = DIRECTION ( 'NONE',  ( -0.7071067811865420216, 4.937700262164535420E-15, 0.7071067811865531239 ) ) ;
#3956 = DIRECTION ( 'NONE',  ( 0.8660254037844361541, -3.491481338843121128E-15, -0.5000000000000042188 ) ) ;
#3957 = CIRCLE ( 'NONE', #292, 8.000000000000051514 ) ;
#3958 = ORIENTED_EDGE ( 'NONE', *, *, #2820, .T. ) ;
#3959 = VECTOR ( 'NONE', #1084, 1000.000000000000000 ) ;
#3960 = ORIENTED_EDGE ( 'NONE', *, *, #557, .T. ) ;
#3961 = DIRECTION ( 'NONE',  ( -4.876176775795935793E-29, 1.000000000000000000, -6.982962677686266711E-15 ) ) ;
#3962 = DIRECTION ( 'NONE',  ( -6.938893903907226800E-15, -6.938893903907226800E-15, -1.000000000000000000 ) ) ;
#3963 = CARTESIAN_POINT ( 'NONE',  ( -7.228595854035663848, 28.38890729257722256, 39.22859585403514870 ) ) ;
#3964 = B_SPLINE_CURVE_WITH_KNOTS ( 'NONE', 1,
 ( #2112, #2057 ),
 .UNSPECIFIED., .F., .F.,
 ( 2, 2 ),
 ( 0.000000000000000000, 1.000000000000000000 ),
 .UNSPECIFIED. ) ;
#3965 = ORIENTED_EDGE ( 'NONE', *, *, #2065, .F. ) ;
#3966 = CONICAL_SURFACE ( 'NONE', #122, 0.9999999999999731326, 0.7853981633974473908 ) ;
#3967 = DIRECTION ( 'NONE',  ( -6.938893903907236266E-15, -6.938893903907236266E-15, -1.000000000000000000 ) ) ;
#3968 = VERTEX_POINT ( 'NONE', #2719 ) ;
#3969 = CARTESIAN_POINT ( 'NONE',  ( -18.12038565604614604, 22.32943585941670150, 35.98303139023160924 ) ) ;
#3970 = CARTESIAN_POINT ( 'NONE',  ( -35.94215117245995827, 29.50478993652566118, 52.52541469234392224 ) ) ;
#3971 = PLANE ( 'NONE',  #835 ) ;
#3972 = EDGE_LOOP ( 'NONE', ( #216, #3195, #1491, #4373 ) ) ;
#3973 = LINE ( 'NONE', #4857, #4825 ) ;
#3974 = DIRECTION ( 'NONE',  ( 4.876176775795935793E-29, -1.000000000000000000, 6.982962677686266711E-15 ) ) ;
#3975 = DIRECTION ( 'NONE',  ( -6.982962677686266711E-15, -6.982962677686266711E-15, -1.000000000000000000 ) ) ;
#3976 = AXIS2_PLACEMENT_3D ( 'NONE', #4106, #2430, #1606 ) ;
#3977 = VECTOR ( 'NONE', #4590, 1000.000000000000114 ) ;
#3978 = FACE_OUTER_BOUND ( 'NONE', #3521, .T. ) ;
#3979 = DIRECTION ( 'NONE',  ( 6.938893903907222067E-15, 6.938893903907222067E-15, 1.000000000000000000 ) ) ;
#3980 = LINE ( 'NONE', #146, #3850 ) ;
#3981 = CARTESIAN_POINT ( 'NONE',  ( -7.978595854035630097, 36.38990729257725576, 44.07859585403509328 ) ) ;
#3982 = CARTESIAN_POINT ( 'NONE',  ( -49.47859585403617189, 28.73976025366259890, -34.02140414596457418 ) ) ;
#3983 = EDGE_CURVE ( 'NONE', #3481, #3821, #4809, .T. ) ;
#3984 = PLANE ( 'NONE',  #4140 ) ;
#3985 = VERTEX_POINT ( 'NONE', #2333 ) ;
#3986 = ORIENTED_EDGE ( 'NONE', *, *, #1038, .F. ) ;
#3987 = CARTESIAN_POINT ( 'NONE',  ( -1.228595854035755996, 36.38990729257714207, 27.78934018064378719 ) ) ;
#3988 = DIRECTION ( 'NONE',  ( -0.7071067811865564545, -4.770489558936220298E-15, -0.7071067811865385799 ) ) ;
#3989 = CARTESIAN_POINT ( 'NONE',  ( -24.93954916165828806, 22.38890729257722612, 40.22485215660136504 ) ) ;
#3990 = ORIENTED_EDGE ( 'NONE', *, *, #4086, .T. ) ;
#3991 = CIRCLE ( 'NONE', #684, 2.000000000000001776 ) ;
#3992 = CARTESIAN_POINT ( 'NONE',  ( -2.228595854035736235, 28.38890729257713730, 27.78934018064385114 ) ) ;
#3993 = VERTEX_POINT ( 'NONE', #1097 ) ;
#3994 = DIRECTION ( 'NONE',  ( 4.876176775795935793E-29, -1.000000000000000000, 6.982962677686266711E-15 ) ) ;
#3995 = VECTOR ( 'NONE', #73, 1000.000000000000114 ) ;
#3996 = CARTESIAN_POINT ( 'NONE',  ( -31.83284754014518825, 29.13390504888083399, 50.16127466489110986 ) ) ;
#3997 = FACE_OUTER_BOUND ( 'NONE', #4104, .T. ) ;
#3998 = ORIENTED_EDGE ( 'NONE', *, *, #249, .T. ) ;
#3999 = CARTESIAN_POINT ( 'NONE',  ( -11.22859585403572247, 23.14338217271093967, 39.60965051229203482 ) ) ;
#4000 = CARTESIAN_POINT ( 'NONE',  ( -34.66051865187304770, 21.64093439124179952, 17.53779716920553966 ) ) ;
#4001 = CARTESIAN_POINT ( 'NONE',  ( 0.02140414596405772196, 22.38890729257694545, -0.02140414596486263366 ) ) ;
#4002 = DIRECTION ( 'NONE',  ( 0.6889822365046138763, 0.6546536707079847472, 0.3110177634953700254 ) ) ;
#4003 = ORIENTED_EDGE ( 'NONE', *, *, #2847, .T. ) ;
#4004 = CARTESIAN_POINT ( 'NONE',  ( -36.81613739472163616, 29.51448810721259619, 53.31690033825655206 ) ) ;
#4005 = CARTESIAN_POINT ( 'NONE',  ( -38.68170289840951881, 22.61949265245150542, 21.07642870380409761 ) ) ;
#4006 = EDGE_CURVE ( 'NONE', #3666, #4713, #3171, .T. ) ;
#4007 = DIRECTION ( 'NONE',  ( -0.3110177634954099379, 0.6546536707079579909, -0.6889822365046212038 ) ) ;
#4008 = DIRECTION ( 'NONE',  ( -0.3110177634953988912, 0.6546536707079713135, -0.6889822365046135433 ) ) ;
#4009 = ADVANCED_FACE ( 'NONE', ( #1917 ), #473, .F. ) ;
#4010 = ORIENTED_EDGE ( 'NONE', *, *, #792, .T. ) ;
#4011 = EDGE_CURVE ( 'NONE', #2767, #305, #721, .T. ) ;
#4012 = EDGE_CURVE ( 'NONE', #1601, #3205, #288, .T. ) ;
#4013 = ORIENTED_EDGE ( 'NONE', *, *, #4486, .F. ) ;
#4014 = CARTESIAN_POINT ( 'NONE',  ( -10.39658624618123284, 22.38890729257718704, 34.43821680652340689 ) ) ;
#4015 = CARTESIAN_POINT ( 'NONE',  ( -21.47953002909126852, 22.66163314088018055, 38.94717479134952498 ) ) ;
#4016 = VERTEX_POINT ( 'NONE', #5316 ) ;
#4017 = CARTESIAN_POINT ( 'NONE',  ( -20.22859585403558214, 22.38890729257729717, 50.47859585403527660 ) ) ;
#4018 = ORIENTED_EDGE ( 'NONE', *, *, #1615, .F. ) ;
#4019 = EDGE_CURVE ( 'NONE', #2358, #3901, #1570, .T. ) ;
#4020 = CARTESIAN_POINT ( 'NONE',  ( -26.72039450875356437, 21.38782134456085160, 16.75715774991290985 ) ) ;
#4021 = CARTESIAN_POINT ( 'NONE',  ( -35.57629045767418319, 29.49743640134485290, 52.23122795495036286 ) ) ;
#4022 = DIRECTION ( 'NONE',  ( -4.876176775795935793E-29, 1.000000000000000000, -6.982962677686266711E-15 ) ) ;
#4023 = ORIENTED_EDGE ( 'NONE', *, *, #3779, .F. ) ;
#4024 = CARTESIAN_POINT ( 'NONE',  ( -51.06438229166259646, 35.38890729257718704, 34.56438229166231224 ) ) ;
#4025 = CARTESIAN_POINT ( 'NONE',  ( -36.60740529681915234, 21.68142722990241111, 19.57495412312665550 ) ) ;
#4026 = VECTOR ( 'NONE', #5517, 1000.000000000000114 ) ;
#4027 = CIRCLE ( 'NONE', #1794, 11.00000000000000355 ) ;
#4028 = DIRECTION ( 'NONE',  ( -1.000000000000000000, 1.514188661106531713E-30, 7.199803112183367597E-15 ) ) ;
#4029 = CIRCLE ( 'NONE', #4556, 10.00000000000000000 ) ;
#4030 = CARTESIAN_POINT ( 'NONE',  ( -39.06244988644032645, 22.38890729257709822, 23.09148004840957213 ) ) ;
#4031 = ORIENTED_EDGE ( 'NONE', *, *, #5343, .F. ) ;
#4032 = CONICAL_SURFACE ( 'NONE', #4292, 0.9999999999999384936, 0.7853981633974457255 ) ;
#4033 = CARTESIAN_POINT ( 'NONE',  ( -32.06437404751762443, 29.18153686471358910, 50.24379365235660089 ) ) ;
#4034 = CARTESIAN_POINT ( 'NONE',  ( -52.47859585403571003, 35.38890729257717993, 33.15016872928924130 ) ) ;
#4035 = ORIENTED_EDGE ( 'NONE', *, *, #1658, .T. ) ;
#4036 = DIRECTION ( 'NONE',  ( -0.7071067811865487940, -4.937700262164556720E-15, -0.7071067811865463515 ) ) ;
#4037 = CARTESIAN_POINT ( 'NONE',  ( -8.228595854035491541, 68.33417298250397209, 62.97859585403485738 ) ) ;
#4038 = LINE ( 'NONE', #4533, #4574 ) ;
#4039 = ORIENTED_EDGE ( 'NONE', *, *, #386, .F. ) ;
#4040 = CARTESIAN_POINT ( 'NONE',  ( -7.978595854035533286, 29.31711052285286812, 57.97859585403513449 ) ) ;
#4041 = ORIENTED_EDGE ( 'NONE', *, *, #4968, .T. ) ;
#4042 = CARTESIAN_POINT ( 'NONE',  ( -11.22859585403570293, 29.31711052285281838, 50.91336158516322286 ) ) ;
#4043 = CARTESIAN_POINT ( 'NONE',  ( -23.90429132343349039, 22.38890729257722256, 39.56164183397518741 ) ) ;
#4044 = VECTOR ( 'NONE', #2512, 1000.000000000000000 ) ;
#4045 = ORIENTED_EDGE ( 'NONE', *, *, #3093, .T. ) ;
#4046 = CARTESIAN_POINT ( 'NONE',  ( -98.74031193246669602, 32.38890729257679624, -21.25968806753363793 ) ) ;
#4047 = VERTEX_POINT ( 'NONE', #4897 ) ;
#4048 = EDGE_CURVE ( 'NONE', #4047, #2339, #3707, .T. ) ;
#4049 = AXIS2_PLACEMENT_3D ( 'NONE', #2404, #4022, #605 ) ;
#4050 = EDGE_CURVE ( 'NONE', #3185, #1521, #447, .T. ) ;
#4051 = AXIS2_PLACEMENT_3D ( 'NONE', #771, #820, #326 ) ;
#4052 = PLANE ( 'NONE',  #3818 ) ;
#4053 = CARTESIAN_POINT ( 'NONE',  ( -34.72537373002271721, 29.46783946716491798, 51.61788830159529340 ) ) ;
#4054 = CARTESIAN_POINT ( 'NONE',  ( -49.06438229166259646, 27.00770944609417512, 32.56438229166230514 ) ) ;
#4055 = CIRCLE ( 'NONE', #1368, 0.9999999999999384936 ) ;
#4056 = ORIENTED_EDGE ( 'NONE', *, *, #101, .F. ) ;
#4057 = DIRECTION ( 'NONE',  ( 0.7071067811865417996, -4.937700262164536209E-15, -0.7071067811865531239 ) ) ;
#4058 = DIRECTION ( 'NONE',  ( 6.982962677686266711E-15, 6.982962677686266711E-15, 1.000000000000000000 ) ) ;
#4059 = DIRECTION ( 'NONE',  ( 0.6889822365046157637, 0.6546536707079771977, 0.3110177634953812942 ) ) ;
#4060 = CARTESIAN_POINT ( 'NONE',  ( -20.22859585403558214, 29.89446079204246232, 50.47859585403522686 ) ) ;
#4061 = ORIENTED_EDGE ( 'NONE', *, *, #5343, .T. ) ;
#4062 = CARTESIAN_POINT ( 'NONE',  ( -32.14676062599494344, 30.04779645380442332, 50.74587576112703857 ) ) ;
#4063 = DIRECTION ( 'NONE',  ( -4.876176775795935793E-29, 1.000000000000000000, -6.982962677686266711E-15 ) ) ;
#4064 = AXIS2_PLACEMENT_3D ( 'NONE', #1695, #4210, #3379 ) ;
#4065 = FACE_OUTER_BOUND ( 'NONE', #682, .T. ) ;
#4066 = AXIS2_PLACEMENT_3D ( 'NONE', #1964, #3217, #4916 ) ;
#4067 = EDGE_CURVE ( 'NONE', #746, #4596, #1945, .T. ) ;
#4068 = CARTESIAN_POINT ( 'NONE',  ( -24.37680479308015791, 23.07037521734248742, 41.03796981773596286 ) ) ;
#4069 = VERTEX_POINT ( 'NONE', #4926 ) ;
#4070 = DIRECTION ( 'NONE',  ( -0.7071067811865474617, 0.7071067811865474617, 0.000000000000000000 ) ) ;
#4071 = EDGE_LOOP ( 'NONE', ( #4074, #4974, #1983, #1102 ) ) ;
#4072 = CYLINDRICAL_SURFACE ( 'NONE', #4168, 10.00000000000000178 ) ;
#4073 = DIRECTION ( 'NONE',  ( 6.982962677686266711E-15, 6.982962677686266711E-15, 1.000000000000000000 ) ) ;
#4074 = ORIENTED_EDGE ( 'NONE', *, *, #5031, .T. ) ;
#4075 = FACE_OUTER_BOUND ( 'NONE', #1114, .T. ) ;
#4076 = ORIENTED_EDGE ( 'NONE', *, *, #3923, .T. ) ;
#4077 = CARTESIAN_POINT ( 'NONE',  ( -17.01973375139890621, 30.16132324510592611, 51.00741706399393394 ) ) ;
#4078 = EDGE_CURVE ( 'NONE', #5211, #4625, #2804, .T. ) ;
#4079 = CARTESIAN_POINT ( 'NONE',  ( -6.228595854035726020, 18.60855272203559352, 31.22859585403520910 ) ) ;
#4080 = DIRECTION ( 'NONE',  ( 0.4472135954999469920, -6.245751692660194244E-15, -0.8944271909999212955 ) ) ;
#4081 = ORIENTED_EDGE ( 'NONE', *, *, #4894, .F. ) ;
#4082 = CARTESIAN_POINT ( 'NONE',  ( -10.16695830641046072, 23.77855172336294487, 38.62171542182083783 ) ) ;
#4083 = CARTESIAN_POINT ( 'NONE',  ( -39.22046120772188260, 22.95148053190715842, 20.57630553857006461 ) ) ;
#4084 = ADVANCED_FACE ( 'NONE', ( #1211 ), #2523, .T. ) ;
#4085 = VECTOR ( 'NONE', #3156, 1000.000000000000000 ) ;
#4086 = EDGE_CURVE ( 'NONE', #4188, #4479, #3788, .T. ) ;
#4087 = DIRECTION ( 'NONE',  ( 0.4999999999999943379, -6.047423072554913989E-15, -0.8660254037844420383 ) ) ;
#4088 = DIRECTION ( 'NONE',  ( 4.876176775795935793E-29, -1.000000000000000000, 6.982962677686266711E-15 ) ) ;
#4089 = ORIENTED_EDGE ( 'NONE', *, *, #2820, .F. ) ;
#4090 = CARTESIAN_POINT ( 'NONE',  ( -17.98454304907600232, 29.17413424805751987, 50.25704321247005879 ) ) ;
#4091 = DIRECTION ( 'NONE',  ( -6.938893903907222067E-15, -6.938893903907222067E-15, -1.000000000000000000 ) ) ;
#4092 = EDGE_CURVE ( 'NONE', #941, #710, #761, .T. ) ;
#4093 = CARTESIAN_POINT ( 'NONE',  ( -66.81438229166235487, 35.38890729257732204, 53.14280941640867439 ) ) ;
#4094 = PLANE ( 'NONE',  #2179 ) ;
#4095 = CC_DESIGN_PERSON_AND_ORGANIZATION_ASSIGNMENT ( #1563, #725, ( #639 ) ) ;
#4096 = ORIENTED_EDGE ( 'NONE', *, *, #3220, .F. ) ;
#4097 = DIRECTION ( 'NONE',  ( -0.7071067811865386910, 4.937700262164559875E-15, 0.7071067811865564545 ) ) ;
#4098 = ORIENTED_EDGE ( 'NONE', *, *, #324, .F. ) ;
#4099 = DIRECTION ( 'NONE',  ( 6.982962677686266711E-15, 6.982962677686266711E-15, 1.000000000000000000 ) ) ;
#4100 = FACE_OUTER_BOUND ( 'NONE', #4316, .T. ) ;
#4101 = B_SPLINE_SURFACE_WITH_KNOTS ( 'NONE', 1, 3, ( 
 ( #1575, #5489, #1662, #4258, #1714, #2141 ),
 ( #3393, #427, #899, #2116, #5115, #1320 ) ),
 .UNSPECIFIED., .F., .F., .F.,
 ( 2, 2 ),
 ( 4, 2, 4 ),
 ( 0.000000000000000000, 1.000000000000000000 ),
 ( 0.000000000000000000, 0.001302822362610967215, 0.002605644725221934431 ),
 .UNSPECIFIED. ) ;
#4102 = EDGE_LOOP ( 'NONE', ( #4328, #2454, #4599, #4580 ) ) ;
#4103 = CARTESIAN_POINT ( 'NONE',  ( -10.22859585403566030, 27.38890729257723322, 39.22859585403517713 ) ) ;
#4104 = EDGE_LOOP ( 'NONE', ( #2482, #2218, #515, #2062 ) ) ;
#4105 = CARTESIAN_POINT ( 'NONE',  ( -15.29441089174660817, 30.31706127363996828, 51.77862594928261331 ) ) ;
#4106 = CARTESIAN_POINT ( 'NONE',  ( -34.43821680652403927, 28.38890729257702006, 10.39658624618095573 ) ) ;
#4107 = CARTESIAN_POINT ( 'NONE',  ( 0.02140414596430752214, 28.38890729257719414, 35.22859585403511318 ) ) ;
#4108 = EDGE_CURVE ( 'NONE', #4817, #4588, #4818, .T. ) ;
#4109 = ORIENTED_EDGE ( 'NONE', *, *, #4968, .F. ) ;
#4110 = CARTESIAN_POINT ( 'NONE',  ( -10.38919857668329882, 22.44783307099982039, 36.88461276819845125 ) ) ;
#4111 =( NAMED_UNIT ( * ) PLANE_ANGLE_UNIT ( ) SI_UNIT ( $, .RADIAN. ) );
#4112 = CARTESIAN_POINT ( 'NONE',  ( -9.228595854035493318, 36.38890729257739309, 62.97859585403509186 ) ) ;
#4113 = DIRECTION ( 'NONE',  ( 0.7071067811865463515, -0.7071067811865487940, 1.656607900964125072E-29 ) ) ;
#4114 = VERTEX_POINT ( 'NONE', #371 ) ;
#4115 = CARTESIAN_POINT ( 'NONE',  ( -31.65135778470514083, 29.99993045266530700, 50.64466750026786457 ) ) ;
#4116 = VECTOR ( 'NONE', #5225, 1000.000000000000000 ) ;
#4117 = FACE_OUTER_BOUND ( 'NONE', #971, .T. ) ;
#4118 = AXIS2_PLACEMENT_3D ( 'NONE', #3558, #2630, #444 ) ;
#4119 = ORIENTED_EDGE ( 'NONE', *, *, #537, .F. ) ;
#4120 = FACE_OUTER_BOUND ( 'NONE', #4222, .T. ) ;
#4121 = VECTOR ( 'NONE', #342, 1000.000000000000000 ) ;
#4122 = AXIS2_PLACEMENT_3D ( 'NONE', #3658, #1519, #2398 ) ;
#4123 = ORGANIZATION ( 'æœª', 'æœª', '' ) ;
#4124 = EDGE_CURVE ( 'NONE', #3901, #3543, #399, .T. ) ;
#4125 = CARTESIAN_POINT ( 'NONE',  ( -40.30746253255860978, 22.92480567743934827, 23.42641981728140621 ) ) ;
#4126 = ORIENTED_EDGE ( 'NONE', *, *, #934, .F. ) ;
#4127 = LINE ( 'NONE', #4535, #5006 ) ;
#4128 = ORIENTED_EDGE ( 'NONE', *, *, #790, .T. ) ;
#4129 = CARTESIAN_POINT ( 'NONE',  ( -26.75932541687722122, 20.73184693570594561, 2.592535288518228231 ) ) ;
#4130 = DIRECTION ( 'NONE',  ( -0.5000000000000003331, 0.7071067811865455743, 0.5000000000000023315 ) ) ;
#4131 = ORIENTED_EDGE ( 'NONE', *, *, #4988, .F. ) ;
#4132 = DIRECTION ( 'NONE',  ( -6.938893903907228378E-15, -6.938893903907228378E-15, -1.000000000000000000 ) ) ;
#4133 = ORIENTED_EDGE ( 'NONE', *, *, #5084, .T. ) ;
#4134 = CARTESIAN_POINT ( 'NONE',  ( -24.52855622042842754, 20.34380489284629334, 9.036936247321289528 ) ) ;
#4135 = AXIS2_PLACEMENT_3D ( 'NONE', #2010, #3237, #4155 ) ;
#4136 = DIRECTION ( 'NONE',  ( -6.982939617164456728E-15, -6.938893903907233111E-15, -1.000000000000000000 ) ) ;
#4137 = DIRECTION ( 'NONE',  ( -6.982962677686266711E-15, -6.982962677686266711E-15, -1.000000000000000000 ) ) ;
#4138 = VERTEX_POINT ( 'NONE', #2139 ) ;
#4139 = CARTESIAN_POINT ( 'NONE',  ( -10.65141876056755521, 22.50329102748357712, 37.30864505526275821 ) ) ;
#4140 = AXIS2_PLACEMENT_3D ( 'NONE', #4341, #1352, #904 ) ;
#4141 = CIRCLE ( 'NONE', #4394, 2.099999999999996092 ) ;
#4142 = DIRECTION ( 'NONE',  ( -0.5000000000000029976, 0.7071067811865446862, -0.5000000000000009992 ) ) ;
#4143 = VERTEX_POINT ( 'NONE', #5458 ) ;
#4144 = LINE ( 'NONE', #1680, #5451 ) ;
#4145 = LINE ( 'NONE', #312, #3398 ) ;
#4146 = CARTESIAN_POINT ( 'NONE',  ( -51.72859585403556082, 36.38890729257741441, 65.40016872928909208 ) ) ;
#4147 = FACE_OUTER_BOUND ( 'NONE', #3567, .T. ) ;
#4148 = EDGE_LOOP ( 'NONE', ( #1598, #1469, #422, #3455 ) ) ;
#4149 = CARTESIAN_POINT ( 'NONE',  ( -23.42641981728171174, 22.92480567743940156, 40.30746253255811951 ) ) ;
#4150 = EDGE_CURVE ( 'NONE', #389, #5175, #3964, .T. ) ;
#4151 = ORIENTED_EDGE ( 'NONE', *, *, #3092, .F. ) ;
#4152 = CARTESIAN_POINT ( 'NONE',  ( -25.60592637375364689, 20.89632517375847698, -4.453622918865163705 ) ) ;
#4153 = DIRECTION ( 'NONE',  ( -6.938893903907655151E-15, -6.938893903907655151E-15, -1.000000000000000000 ) ) ;
#4154 = VERTEX_POINT ( 'NONE', #3816 ) ;
#4155 = DIRECTION ( 'NONE',  ( -1.387778780781463662E-14, -6.938893903907318308E-15, -1.000000000000000000 ) ) ;
#4156 = VECTOR ( 'NONE', #4087, 999.9999999999998863 ) ;
#4157 = ORIENTED_EDGE ( 'NONE', *, *, #5170, .F. ) ;
#4158 = CARTESIAN_POINT ( 'NONE',  ( -25.79355579754093597, 20.94634719970775194, 15.42380462473604652 ) ) ;
#4159 = DIRECTION ( 'NONE',  ( 0.7071067811865490160, 4.770489558936220298E-15, 0.7071067811865460184 ) ) ;
#4160 = ORIENTED_EDGE ( 'NONE', *, *, #4995, .T. ) ;
#4161 = DIRECTION ( 'NONE',  ( 4.876176775795935793E-29, -1.000000000000000000, 6.982962677686266711E-15 ) ) ;
#4162 = AXIS2_PLACEMENT_3D ( 'NONE', #5525, #1668, #5496 ) ;
#4163 = ORIENTED_EDGE ( 'NONE', *, *, #4642, .F. ) ;
#4164 = CARTESIAN_POINT ( 'NONE',  ( -8.157380070050948007, 23.39668371318527917, 36.37554986274837887 ) ) ;
#4165 = CARTESIAN_POINT ( 'NONE',  ( -7.502700026140873391, 23.38890729257718704, 24.86609987527666021 ) ) ;
#4166 = CARTESIAN_POINT ( 'NONE',  ( -39.90798946575704065, 22.83881359378713327, 22.88632187435239018 ) ) ;
#4167 = ORIENTED_EDGE ( 'NONE', *, *, #3272, .F. ) ;
#4168 = AXIS2_PLACEMENT_3D ( 'NONE', #238, #3657, #4932 ) ;
#4169 = CARTESIAN_POINT ( 'NONE',  ( -12.91942248798281945, 6.139407173591159506, -3.580577512018236597 ) ) ;
#4170 = CARTESIAN_POINT ( 'NONE',  ( -24.88771551989393416, 23.15299610067469871, 41.48107923506954364 ) ) ;
#4171 = DIRECTION ( 'NONE',  ( 0.7071067811865524577, 4.937700262164531476E-15, 0.7071067811865426878 ) ) ;
#4172 = DIRECTION ( 'NONE',  ( 4.876176775795935793E-29, -1.000000000000000000, 6.982962677686266711E-15 ) ) ;
#4173 = ORIENTED_EDGE ( 'NONE', *, *, #356, .F. ) ;
#4174 = CARTESIAN_POINT ( 'NONE',  ( -20.23387780655880164, 22.38890729257720480, 37.54328726064721167 ) ) ;
#4175 = ADVANCED_FACE ( 'NONE', ( #2028 ), #3757, .F. ) ;
#4176 = CARTESIAN_POINT ( 'NONE',  ( -26.37647597658424914, 20.53478221481847399, -5.224655475499351276 ) ) ;
#4177 = ADVANCED_FACE ( 'NONE', ( #2084 ), #2960, .T. ) ;
#4178 = CARTESIAN_POINT ( 'NONE',  ( -16.58672285200055896, 29.22191587696969961, 50.39818306074776189 ) ) ;
#4179 = EDGE_CURVE ( 'NONE', #1264, #3578, #3390, .T. ) ;
#4180 = ORIENTED_EDGE ( 'NONE', *, *, #180, .T. ) ;
#4181 = CARTESIAN_POINT ( 'NONE',  ( -36.17834332234172479, 23.38890729257719414, 26.27884838572976633 ) ) ;
#4182 = VERTEX_POINT ( 'NONE', #4558 ) ;
#4183 = EDGE_CURVE ( 'NONE', #4453, #3827, #5485, .T. ) ;
#4184 = CARTESIAN_POINT ( 'NONE',  ( -36.63974795327627731, 29.57884744601695104, 53.14952393668791331 ) ) ;
#4185 = DIRECTION ( 'NONE',  ( 0.6546536707079769757, -0.3779644730092286964, -0.6546536707079766426 ) ) ;
#4186 = ORIENTED_EDGE ( 'NONE', *, *, #2847, .F. ) ;
#4187 = FACE_OUTER_BOUND ( 'NONE', #4102, .T. ) ;
#4188 = VERTEX_POINT ( 'NONE', #788 ) ;
#4189 = ADVANCED_FACE ( 'NONE', ( #4147 ), #3368, .F. ) ;
#4190 = CARTESIAN_POINT ( 'NONE',  ( -11.22859585403572247, 23.14338217271094322, 39.60965051229203482 ) ) ;
#4191 = APPROVAL_DATE_TIME ( #2489, #2692 ) ;
#4192 = PLANE ( 'NONE',  #3541 ) ;
#4193 = CARTESIAN_POINT ( 'NONE',  ( -10.39658624618123284, 27.38890729257720480, 34.43821680652337136 ) ) ;
#4194 = VERTEX_POINT ( 'NONE', #4254 ) ;
#4195 = CARTESIAN_POINT ( 'NONE',  ( -66.81438229166235487, 29.38890729257731849, 53.14280941640871703 ) ) ;
#4196 = CARTESIAN_POINT ( 'NONE',  ( -24.23635898760124618, 23.04918081454071199, 40.93360410989477316 ) ) ;
#4197 = FACE_OUTER_BOUND ( 'NONE', #2450, .T. ) ;
#4198 = CARTESIAN_POINT ( 'NONE',  ( -65.40016872928926261, 54.83646810695047691, 51.72859585403543292 ) ) ;
#4199 = CARTESIAN_POINT ( 'NONE',  ( -21.14934170948578185, 22.38890729257720480, 38.00067634029775832 ) ) ;
#4200 = CIRCLE ( 'NONE', #1793, 6.999999999999992006 ) ;
#4201 = CARTESIAN_POINT ( 'NONE',  ( -51.72859585403556082, 28.38890729257740020, 65.40016872928914893 ) ) ;
#4202 = AXIS2_PLACEMENT_3D ( 'NONE', #4614, #3369, #816 ) ;
#4203 = CARTESIAN_POINT ( 'NONE',  ( -32.84488837480637358, 28.10558971592155331, 29.61578969069467959 ) ) ;
#4204 = EDGE_LOOP ( 'NONE', ( #2128, #4339 ) ) ;
#4205 = DIRECTION ( 'NONE',  ( 0.5000000000000003331, 0.7071067811865555663, 0.4999999999999883427 ) ) ;
#4206 = ORIENTED_EDGE ( 'NONE', *, *, #5408, .T. ) ;
#4207 = EDGE_CURVE ( 'NONE', #1920, #5382, #425, .T. ) ;
#4208 = DIRECTION ( 'NONE',  ( 6.235212397397041587E-15, 0.5000000000000042188, 0.8660254037844362651 ) ) ;
#4209 = CARTESIAN_POINT ( 'NONE',  ( -24.54965403229221366, 20.35385467348996258, 11.95184010129506191 ) ) ;
#4210 = DIRECTION ( 'NONE',  ( -4.876176775795935793E-29, 1.000000000000000000, -6.982962677686266711E-15 ) ) ;
#4211 = ORIENTED_EDGE ( 'NONE', *, *, #1451, .F. ) ;
#4212 = CARTESIAN_POINT ( 'NONE',  ( 0.02140414596405772196, 34.58890729257694829, -0.02140414596494590038 ) ) ;
#4213 = EDGE_CURVE ( 'NONE', #5042, #2221, #958, .T. ) ;
#4214 = CARTESIAN_POINT ( 'NONE',  ( -37.13615384170802258, 22.38890729257708401, 19.38667496466847950 ) ) ;
#4215 = EDGE_LOOP ( 'NONE', ( #4241, #4173, #2925, #1365 ) ) ;
#4216 = ADVANCED_FACE ( 'NONE', ( #925 ), #4361, .F. ) ;
#4217 = CARTESIAN_POINT ( 'NONE',  ( -9.992414118526685485, 22.40660771411988605, 36.39592700283799331 ) ) ;
#4218 = APPROVAL_STATUS ( 'not_yet_approved' ) ;
#4219 = CARTESIAN_POINT ( 'NONE',  ( -50.47859585403571003, 35.38890729257717993, 33.15016872928922709 ) ) ;
#4220 = LINE ( 'NONE', #336, #5126 ) ;
#4221 = VECTOR ( 'NONE', #3004, 1000.000000000000000 ) ;
#4222 = EDGE_LOOP ( 'NONE', ( #3696, #2166, #4955, #3935 ) ) ;
#4223 = CARTESIAN_POINT ( 'NONE',  ( -35.96973560688048366, 29.72610271076293387, 52.57636594093569471 ) ) ;
#4224 = CARTESIAN_POINT ( 'NONE',  ( -25.57174160454338363, 22.38890729257720480, 36.88545010352792985 ) ) ;
#4225 = B_SPLINE_CURVE_WITH_KNOTS ( 'NONE', 3,
 ( #2580, #877, #5463, #2040, #5523, #3822, #5436, #1242, #17, #2926 ),
 .UNSPECIFIED., .F., .F.,
 ( 4, 2, 2, 2, 4 ),
 ( 0.000000000000000000, 0.2500000000000001110, 0.5000000000000002220, 0.7500000000000003331, 1.000000000000000000 ),
 .UNSPECIFIED. ) ;
#4226 = VECTOR ( 'NONE', #2657, 1000.000000000000000 ) ;
#4227 = DIRECTION ( 'NONE',  ( 6.938893903907222067E-15, 6.938893903907222067E-15, 1.000000000000000000 ) ) ;
#4228 = CARTESIAN_POINT ( 'NONE',  ( -18.24449559159834067, 22.38890729257719769, 36.60441874388590833 ) ) ;
#4229 = DIRECTION ( 'NONE',  ( 4.876176775795935793E-29, -1.000000000000000000, 6.982962677686266711E-15 ) ) ;
#4230 = CARTESIAN_POINT ( 'NONE',  ( 35.52140414596435392, 35.38890729257722967, 40.47859585403479343 ) ) ;
#4231 = ORIENTED_EDGE ( 'NONE', *, *, #3341, .F. ) ;
#4232 = DIRECTION ( 'NONE',  ( -4.876176775795935793E-29, 1.000000000000000000, -6.982962677686266711E-15 ) ) ;
#4233 = EDGE_LOOP ( 'NONE', ( #3347, #2579 ) ) ;
#4234 = DIRECTION ( 'NONE',  ( -6.938893903907252043E-15, -6.938893903907252043E-15, -1.000000000000000000 ) ) ;
#4235 = CARTESIAN_POINT ( 'NONE',  ( -25.93593577597872724, 21.01416918677587731, 15.66279725004024392 ) ) ;
#4236 = CARTESIAN_POINT ( 'NONE',  ( -35.79910392972465871, 22.38890729257694545, -0.02140414596461283347 ) ) ;
#4237 = ORIENTED_EDGE ( 'NONE', *, *, #324, .T. ) ;
#4238 = CARTESIAN_POINT ( 'NONE',  ( -9.660243817986689407, 23.45473711096387959, 37.47150491036848763 ) ) ;
#4239 = AXIS2_PLACEMENT_3D ( 'NONE', #2931, #800, #22 ) ;
#4240 = CARTESIAN_POINT ( 'NONE',  ( -35.99157836772542396, 22.38890729257706269, 16.89704606910517271 ) ) ;
#4241 = ORIENTED_EDGE ( 'NONE', *, *, #3505, .T. ) ;
#4242 = CARTESIAN_POINT ( 'NONE',  ( -27.75511110574987228, 21.24440933802069864, 16.64578290542893058 ) ) ;
#4243 = EDGE_CURVE ( 'NONE', #2160, #234, #1741, .T. ) ;
#4244 = DIRECTION ( 'NONE',  ( 4.876176775795935793E-29, -1.000000000000000000, 6.982962677686266711E-15 ) ) ;
#4245 = CARTESIAN_POINT ( 'NONE',  ( -7.978595854035533286, 34.58890729257735330, 57.97859585403509897 ) ) ;
#4246 = AXIS2_PLACEMENT_3D ( 'NONE', #2991, #2938, #4686 ) ;
#4247 = EDGE_LOOP ( 'NONE', ( #5323, #467, #1679, #4133 ) ) ;
#4248 = ADVANCED_FACE ( 'NONE', ( #1795 ), #2222, .F. ) ;
#4249 = DIRECTION ( 'NONE',  ( -0.8660254037844422603, -3.491481338843132172E-15, -0.4999999999999937828 ) ) ;
#4250 = DIRECTION ( 'NONE',  ( 4.876176775795935793E-29, -1.000000000000000000, 6.982962677686266711E-15 ) ) ;
#4251 = ADVANCED_FACE ( 'NONE', ( #3449 ), #4304, .T. ) ;
#4252 = VERTEX_POINT ( 'NONE', #4750 ) ;
#4253 = CIRCLE ( 'NONE', #3637, 2.000000000000002665 ) ;
#4254 = CARTESIAN_POINT ( 'NONE',  ( -20.22859585403558569, 29.02843538825798930, 49.97859585403521265 ) ) ;
#4255 = CARTESIAN_POINT ( 'NONE',  ( -17.41747288731258436, 22.38890729257719769, 36.22718970040064335 ) ) ;
#4256 = ADVANCED_FACE ( 'NONE', ( #5141 ), #2634, .T. ) ;
#4257 = VECTOR ( 'NONE', #2568, 1000.000000000000114 ) ;
#4258 = CARTESIAN_POINT ( 'NONE',  ( -15.82615247209593434, 30.29260904136521049, 51.49119905644623429 ) ) ;
#4259 = CARTESIAN_POINT ( 'NONE',  ( -26.29643309923129024, 23.38890729257725098, 42.79643309923104511 ) ) ;
#4260 = EDGE_CURVE ( 'NONE', #1489, #819, #118, .T. ) ;
#4261 = ORIENTED_EDGE ( 'NONE', *, *, #1610, .T. ) ;
#4262 = DIRECTION ( 'NONE',  ( 0.5000000000000008882, 0.7071067811865512365, 0.4999999999999938938 ) ) ;
#4263 = ORIENTED_EDGE ( 'NONE', *, *, #184, .T. ) ;
#4264 = DIRECTION ( 'NONE',  ( -6.938893903907222067E-15, -6.938893903907222067E-15, -1.000000000000000000 ) ) ;
#4265 = CARTESIAN_POINT ( 'NONE',  ( -33.91250313094884916, 30.02456768890967354, 51.34691976601013153 ) ) ;
#4266 = DIRECTION ( 'NONE',  ( -0.7071067811865386910, 4.937700262164559875E-15, 0.7071067811865564545 ) ) ;
#4267 = ORIENTED_EDGE ( 'NONE', *, *, #45, .F. ) ;
#4268 = CARTESIAN_POINT ( 'NONE',  ( -9.434205311221662171, 23.41758114713763916, 37.19498589673585798 ) ) ;
#4269 = CARTESIAN_POINT ( 'NONE',  ( -35.79910392972454503, 22.38890729257706269, 16.47067680497772812 ) ) ;
#4270 = ORIENTED_EDGE ( 'NONE', *, *, #3332, .T. ) ;
#4271 = CARTESIAN_POINT ( 'NONE',  ( -25.32154288232631245, 20.72151826649977124, 14.53039527405545250 ) ) ;
#4272 = CARTESIAN_POINT ( 'NONE',  ( -5.903595854035526003, 34.58890729257736041, 59.17659766260356236 ) ) ;
#4273 = CARTESIAN_POINT ( 'NONE',  ( -20.22859585403551108, 36.38890729257737178, 60.47859585403516292 ) ) ;
#4274 = VERTEX_POINT ( 'NONE', #3084 ) ;
#4275 = CARTESIAN_POINT ( 'NONE',  ( -11.06331912220230862, 22.71303879217327193, 38.33150622259499585 ) ) ;
#4276 = DIRECTION ( 'NONE',  ( -4.937700262164565397E-15, 0.7071067811865426878, -0.7071067811865524577 ) ) ;
#4277 = ORIENTED_EDGE ( 'NONE', *, *, #5072, .T. ) ;
#4278 = EDGE_CURVE ( 'NONE', #3733, #4566, #4779, .T. ) ;
#4279 = CARTESIAN_POINT ( 'NONE',  ( -17.71002901164491306, 22.40213608636159748, 36.55809784755926017 ) ) ;
#4280 = CARTESIAN_POINT ( 'NONE',  ( -19.72106163191520523, 22.38890729257720125, 37.29490917073396616 ) ) ;
#4281 = CARTESIAN_POINT ( 'NONE',  ( -36.90752804217008531, 29.51522581427966685, 53.40752804216983662 ) ) ;
#4282 = CARTESIAN_POINT ( 'NONE',  ( -24.86609987527734589, 20.50458253438528544, 7.502700026140498579 ) ) ;
#4283 = ORIENTED_EDGE ( 'NONE', *, *, #3545, .T. ) ;
#4284 = DIRECTION ( 'NONE',  ( -0.7071067811865500152, 0.7071067811865451302, 3.392101892450351324E-29 ) ) ;
#4285 = ORIENTED_EDGE ( 'NONE', *, *, #227, .F. ) ;
#4286 = AXIS2_PLACEMENT_3D ( 'NONE', #2974, #4172, #2890 ) ;
#4287 = DIRECTION ( 'NONE',  ( -0.7071067811865386910, 4.937700262164559875E-15, 0.7071067811865564545 ) ) ;
#4288 = CARTESIAN_POINT ( 'NONE',  ( -35.23663958316546996, 29.86015315634008616, 52.06196999941645487 ) ) ;
#4289 = DIRECTION ( 'NONE',  ( -7.199803112183367597E-15, -6.982962677686266711E-15, -1.000000000000000000 ) ) ;
#4290 = LINE ( 'NONE', #23, #4487 ) ;
#4291 = VECTOR ( 'NONE', #5104, 1000.000000000000114 ) ;
#4292 = AXIS2_PLACEMENT_3D ( 'NONE', #608, #3668, #2795 ) ;
#4293 = LINE ( 'NONE', #5048, #4044 ) ;
#4294 = EDGE_LOOP ( 'NONE', ( #4023, #521, #5473, #5009 ) ) ;
#4295 = CARTESIAN_POINT ( 'NONE',  ( -24.49284904847726096, 20.32679642257552999, 9.260020948324154233 ) ) ;
#4296 = CARTESIAN_POINT ( 'NONE',  ( -19.14984207615711043, 22.38823392898508402, 36.90489237377423848 ) ) ;
#4297 = DIRECTION ( 'NONE',  ( -6.982962677686266711E-15, -6.982962677686266711E-15, -1.000000000000000000 ) ) ;
#4298 = DIRECTION ( 'NONE',  ( -0.5000000000000007772, 0.7071067811865441310, -0.5000000000000039968 ) ) ;
#4299 = VERTEX_POINT ( 'NONE', #2662 ) ;
#4300 = CARTESIAN_POINT ( 'NONE',  ( -10.22859585403566030, 28.38890729257722612, 40.47859585403516292 ) ) ;
#4301 = CARTESIAN_POINT ( 'NONE',  ( -16.99892394835433151, 29.04916133042168980, 50.01449423889744850 ) ) ;
#4302 = VERTEX_POINT ( 'NONE', #983 ) ;
#4303 = CIRCLE ( 'NONE', #3869, 11.00000000000000355 ) ;
#4304 = CYLINDRICAL_SURFACE ( 'NONE', #1522, 2.000000000000001776 ) ;
#4305 = FACE_OUTER_BOUND ( 'NONE', #2399, .T. ) ;
#4306 = VECTOR ( 'NONE', #4262, 1000.000000000000000 ) ;
#4307 = EDGE_CURVE ( 'NONE', #1530, #2730, #2575, .T. ) ;
#4308 = DIRECTION ( 'NONE',  ( 0.7071067811865580088, 5.204170427930414183E-15, 0.7071067811865372477 ) ) ;
#4309 = AXIS2_PLACEMENT_3D ( 'NONE', #4863, #4002, #1506 ) ;
#4310 = DIRECTION ( 'NONE',  ( 1.000000000000000000, 0.000000000000000000, -6.982962677686266711E-15 ) ) ;
#4311 = VERTEX_POINT ( 'NONE', #2277 ) ;
#4312 = FACE_OUTER_BOUND ( 'NONE', #715, .T. ) ;
#4313 = ORIENTED_EDGE ( 'NONE', *, *, #2532, .F. ) ;
#4314 = EDGE_CURVE ( 'NONE', #1902, #2599, #1290, .T. ) ;
#4315 = EDGE_CURVE ( 'NONE', #2697, #627, #7, .T. ) ;
#4316 = EDGE_LOOP ( 'NONE', ( #3830, #4263, #3489, #3255 ) ) ;
#4317 = CARTESIAN_POINT ( 'NONE',  ( -3.228595854035695378, 23.38890729257726520, 36.22859585403514870 ) ) ;
#4318 = DIRECTION ( 'NONE',  ( -0.7071067811865524577, -4.937700262164531476E-15, -0.7071067811865426878 ) ) ;
#4319 = FACE_OUTER_BOUND ( 'NONE', #3258, .T. ) ;
#4320 = ORIENTED_EDGE ( 'NONE', *, *, #3193, .F. ) ;
#4321 = CARTESIAN_POINT ( 'NONE',  ( -1.228595854035707369, 23.38890729257725098, 34.22859585403513449 ) ) ;
#4322 = ORIENTED_EDGE ( 'NONE', *, *, #1312, .T. ) ;
#4323 = CARTESIAN_POINT ( 'NONE',  ( -40.79910392972463740, 23.72865325473254927, -0.02140414596459201679 ) ) ;
#4324 = AXIS2_PLACEMENT_3D ( 'NONE', #5159, #2132, #2157 ) ;
#4325 = CARTESIAN_POINT ( 'NONE',  ( -60.15817449424140051, 29.38890729257725809, 43.65817449424140051 ) ) ;
#4326 = DIRECTION ( 'NONE',  ( 4.876176775795935793E-29, -1.000000000000000000, 6.982962677686266711E-15 ) ) ;
#4327 = DIRECTION ( 'NONE',  ( 0.7071067811865427988, -5.046468293750713771E-15, -0.7071067811865522357 ) ) ;
#4328 = ORIENTED_EDGE ( 'NONE', *, *, #3360, .T. ) ;
#4329 = LINE ( 'NONE', #889, #1077 ) ;
#4330 = CARTESIAN_POINT ( 'NONE',  ( -17.45901357322265568, 29.15869075757971629, 50.23091412090310826 ) ) ;
#4331 = CARTESIAN_POINT ( 'NONE',  ( -53.14280941640864597, 54.83646810695058349, 66.81438229166205645 ) ) ;
#4332 = CIRCLE ( 'NONE', #4512, 1.099999999999996758 ) ;
#4333 = CARTESIAN_POINT ( 'NONE',  ( -20.56783959495961867, 22.57061808728161623, 38.35063426561058009 ) ) ;
#4334 = MANIFOLD_SOLID_BREP ( '\X2\5b9e4f53\X0\-\X2\79fb52a8\X0\/\X2\590d5236\X0\21[1]', #3264 ) ;
#4335 = CARTESIAN_POINT ( 'NONE',  ( -36.18537453362545619, 22.39222304359102722, 17.10162631572314496 ) ) ;
#4336 = DIRECTION ( 'NONE',  ( -6.938893903907229167E-15, -6.938893903907229167E-15, -1.000000000000000000 ) ) ;
#4337 = CONICAL_SURFACE ( 'NONE', #591, 0.9999999999999870104, 0.7853981633974570498 ) ;
#4338 = LINE ( 'NONE', #3982, #2022 ) ;
#4339 = ORIENTED_EDGE ( 'NONE', *, *, #962, .T. ) ;
#4340 = ADVANCED_FACE ( 'NONE', ( #479 ), #4666, .F. ) ;
#4341 = CARTESIAN_POINT ( 'NONE',  ( 0.02140414596405772196, 36.38890729257695256, -0.02140414596495977817 ) ) ;
#4342 = ORIENTED_EDGE ( 'NONE', *, *, #5444, .F. ) ;
#4343 = EDGE_CURVE ( 'NONE', #4302, #1976, #4417, .T. ) ;
#4344 = ORIENTED_EDGE ( 'NONE', *, *, #2038, .T. ) ;
#4345 = LINE ( 'NONE', #4368, #3995 ) ;
#4346 = CARTESIAN_POINT ( 'NONE',  ( -21.49526181126194757, 22.38890729257721190, 38.17803359348279457 ) ) ;
#4347 = FACE_BOUND ( 'NONE', #2935, .T. ) ;
#4348 = EDGE_CURVE ( 'NONE', #2009, #3733, #612, .T. ) ;
#4349 = ORIENTED_EDGE ( 'NONE', *, *, #4888, .T. ) ;
#4350 = CARTESIAN_POINT ( 'NONE',  ( -20.22859585403558569, 29.02843538825798930, 49.97859585403521265 ) ) ;
#4351 = VERTEX_POINT ( 'NONE', #1911 ) ;
#4352 = CARTESIAN_POINT ( 'NONE',  ( -25.33165426792609409, 19.99697942154235974, 10.59189321160368280 ) ) ;
#4353 = DIRECTION ( 'NONE',  ( -6.982962677686266711E-15, -6.982962677686266711E-15, -1.000000000000000000 ) ) ;
#4354 = CARTESIAN_POINT ( 'NONE',  ( -50.27139523962645740, 29.50890129687113017, 33.77139523962494394 ) ) ;
#4355 = CARTESIAN_POINT ( 'NONE',  ( -16.47067680497805142, 22.38890729257719414, 35.79910392972396949 ) ) ;
#4356 = ADVANCED_FACE ( 'NONE', ( #4891 ), #1958, .T. ) ;
#4357 = VERTEX_POINT ( 'NONE', #2024 ) ;
#4358 = CARTESIAN_POINT ( 'NONE',  ( -19.07216090906531392, 29.05480043283506930, 50.02426145078649000 ) ) ;
#4359 = CARTESIAN_POINT ( 'NONE',  ( -18.50111795209164711, 29.10723870832389792, 50.11508720819445983 ) ) ;
#4360 = ORIENTED_EDGE ( 'NONE', *, *, #3484, .F. ) ;
#4361 = PLANE ( 'NONE',  #2863 ) ;
#4362 = CARTESIAN_POINT ( 'NONE',  ( -36.86100803501228285, 22.42108641730421326, 18.20014954376577876 ) ) ;
#4363 = CARTESIAN_POINT ( 'NONE',  ( 0.02140414596430752214, 22.38890729257719414, 35.22859585403507054 ) ) ;
#4364 = CARTESIAN_POINT ( 'NONE',  ( -42.79643309923149985, 23.38890729257713019, 26.29643309923107708 ) ) ;
#4365 = CARTESIAN_POINT ( 'NONE',  ( -40.47859585403568872, 28.38890729257719414, 35.47859585403537608 ) ) ;
#4366 = EDGE_LOOP ( 'NONE', ( #2053, #5282, #2135, #937, #3655, #1923 ) ) ;
#4367 = ORIENTED_EDGE ( 'NONE', *, *, #663, .F. ) ;
#4368 = CARTESIAN_POINT ( 'NONE',  ( -10.05359585403552636, 36.38890729257736467, 59.17659766260356946 ) ) ;
#4369 = CARTESIAN_POINT ( 'NONE',  ( -19.44677617158753336, 22.48072137837005613, 37.63484572055244115 ) ) ;
#4370 = DIRECTION ( 'NONE',  ( 4.876176775795935793E-29, -1.000000000000000000, 6.982962677686266711E-15 ) ) ;
#4371 = ORIENTED_EDGE ( 'NONE', *, *, #3027, .T. ) ;
#4372 = CARTESIAN_POINT ( 'NONE',  ( -7.978595854035637203, 36.38990729257724865, 42.97859585403509186 ) ) ;
#4373 = ORIENTED_EDGE ( 'NONE', *, *, #2444, .F. ) ;
#4374 = VECTOR ( 'NONE', #2972, 1000.000000000000000 ) ;
#4375 = CYLINDRICAL_SURFACE ( 'NONE', #1944, 2.000000000000001776 ) ;
#4376 = VECTOR ( 'NONE', #4668, 1000.000000000000000 ) ;
#4377 = CARTESIAN_POINT ( 'NONE',  ( -33.40643935804972386, 29.37190009519375167, 50.84139451550922928 ) ) ;
#4378 = CARTESIAN_POINT ( 'NONE',  ( -31.22859585403580596, 23.38890729257727941, 38.22859585403554661 ) ) ;
#4379 = EDGE_CURVE ( 'NONE', #5289, #3776, #2468, .T. ) ;
#4380 = AXIS2_PLACEMENT_3D ( 'NONE', #994, #4814, #129 ) ;
#4381 = ORIENTED_EDGE ( 'NONE', *, *, #1658, .F. ) ;
#4382 = CARTESIAN_POINT ( 'NONE',  ( -9.845515880011262766, 23.51000408543559672, 37.76088754061803598 ) ) ;
#4383 = FACE_OUTER_BOUND ( 'NONE', #3905, .T. ) ;
#4384 = EDGE_CURVE ( 'NONE', #2815, #63, #4144, .T. ) ;
#4385 = CARTESIAN_POINT ( 'NONE',  ( -35.47859585403565319, 35.38890729257722967, 40.47859585403528371 ) ) ;
#4386 = CYLINDRICAL_SURFACE ( 'NONE', #119, 10.00000000000000178 ) ;
#4387 = CARTESIAN_POINT ( 'NONE',  ( -6.228595854035726020, 25.38890729257716572, 31.22859585403515936 ) ) ;
#4388 = CARTESIAN_POINT ( 'NONE',  ( -22.88844631836299470, 22.38890729257721546, 38.94372855968259017 ) ) ;
#4389 = DIRECTION ( 'NONE',  ( 4.876176775795935793E-29, -1.000000000000000000, 6.982962677686266711E-15 ) ) ;
#4390 = DIRECTION ( 'NONE',  ( -6.982962677686266711E-15, -6.982962677686266711E-15, -1.000000000000000000 ) ) ;
#4391 = CARTESIAN_POINT ( 'NONE',  ( -31.22859585403589477, 22.38890729257699164, 6.228595854035351209 ) ) ;
#4392 = AXIS2_PLACEMENT_3D ( 'NONE', #1747, #125, #1858 ) ;
#4393 = EDGE_LOOP ( 'NONE', ( #4277, #4013, #2507, #661 ) ) ;
#4394 = AXIS2_PLACEMENT_3D ( 'NONE', #2290, #156, #4849 ) ;
#4395 = ORIENTED_EDGE ( 'NONE', *, *, #2276, .T. ) ;
#4396 = DIRECTION ( 'NONE',  ( 6.982962677686266711E-15, 6.982962677686266711E-15, 1.000000000000000000 ) ) ;
#4397 = CARTESIAN_POINT ( 'NONE',  ( 10.27140414596430240, 29.31711052285271535, 36.22859585403502081 ) ) ;
#4398 = DIRECTION ( 'NONE',  ( -4.937700262164471523E-15, -0.7071067811865561215, -0.7071067811865390240 ) ) ;
#4399 = VERTEX_POINT ( 'NONE', #2108 ) ;
#4400 = AXIS2_PLACEMENT_3D ( 'NONE', #2240, #976, #5190 ) ;
#4401 = CARTESIAN_POINT ( 'NONE',  ( -40.47859585403593030, 35.38890729257695256, -0.02140414596466834463 ) ) ;
#4402 = ORIENTED_EDGE ( 'NONE', *, *, #4761, .T. ) ;
#4403 = CARTESIAN_POINT ( 'NONE',  ( -15.69348684537600569, 30.29785743537078702, 51.56608112789589882 ) ) ;
#4404 = CARTESIAN_POINT ( 'NONE',  ( -36.33301877379000899, 29.51003381603913667, 52.86375825550469898 ) ) ;
#4405 = CARTESIAN_POINT ( 'NONE',  ( -9.523406689103838474, 36.13895763578110376, 59.48270251969830014 ) ) ;
#4406 = ORIENTED_EDGE ( 'NONE', *, *, #5200, .F. ) ;
#4407 = EDGE_CURVE ( 'NONE', #4252, #4759, #311, .T. ) ;
#4408 = CARTESIAN_POINT ( 'NONE',  ( -10.22429559609847516, 23.96898367365867344, 39.04265553179364900 ) ) ;
#4409 = PLANE ( 'NONE',  #14 ) ;
#4410 = EDGE_CURVE ( 'NONE', #3626, #1437, #5513, .T. ) ;
#4411 = DIRECTION ( 'NONE',  ( -6.938893903907226800E-15, -6.938893903907226800E-15, -1.000000000000000000 ) ) ;
#4412 = AXIS2_PLACEMENT_3D ( 'NONE', #353, #2068, #2818 ) ;
#4413 = EDGE_CURVE ( 'NONE', #5167, #2120, #2893, .T. ) ;
#4414 = VECTOR ( 'NONE', #2518, 1000.000000000000114 ) ;
#4415 = CARTESIAN_POINT ( 'NONE',  ( -38.51519670688998076, 22.38890729257710177, 22.12486561214121039 ) ) ;
#4416 = EDGE_CURVE ( 'NONE', #2622, #941, #5082, .T. ) ;
#4417 = LINE ( 'NONE', #1421, #2248 ) ;
#4418 = CARTESIAN_POINT ( 'NONE',  ( -10.22859585403565319, 29.31711052285274377, 40.47859585403515581 ) ) ;
#4419 = AXIS2_PLACEMENT_3D ( 'NONE', #2066, #2504, #4647 ) ;
#4420 = DIRECTION ( 'NONE',  ( -6.938893903907222067E-15, -6.938893903907222067E-15, -1.000000000000000000 ) ) ;
#4421 = DIRECTION ( 'NONE',  ( 4.876176775795935793E-29, -1.000000000000000000, 6.982962677686266711E-15 ) ) ;
#4422 = EDGE_CURVE ( 'NONE', #3776, #950, #5450, .T. ) ;
#4423 = CARTESIAN_POINT ( 'NONE',  ( -25.82866123048071927, 23.30788338648124736, 42.32862148807524250 ) ) ;
#4424 = ORIENTED_EDGE ( 'NONE', *, *, #663, .T. ) ;
#4425 = VERTEX_POINT ( 'NONE', #2941 ) ;
#4426 = FACE_OUTER_BOUND ( 'NONE', #3766, .T. ) ;
#4427 = DIRECTION ( 'NONE',  ( -0.6546536707079698703, 0.3779644730092284188, 0.6546536707079837480 ) ) ;
#4428 = PRODUCT_RELATED_PRODUCT_CATEGORY ( 'detail', '', ( #259 ) ) ;
#4429 = ORIENTED_EDGE ( 'NONE', *, *, #3786, .F. ) ;
#4430 = VECTOR ( 'NONE', #1518, 1000.000000000000000 ) ;
#4431 = DIRECTION ( 'NONE',  ( -0.7071067811865451302, -0.7071067811865500152, 9.875400524329061374E-15 ) ) ;
#4432 = VERTEX_POINT ( 'NONE', #3331 ) ;
#4433 = LINE ( 'NONE', #4518, #2564 ) ;
#4434 = CARTESIAN_POINT ( 'NONE',  ( -50.29791312347701648, 29.62296100699174062, 32.78880326817068180 ) ) ;
#4435 = LINE ( 'NONE', #3665, #568 ) ;
#4436 = ORIENTED_EDGE ( 'NONE', *, *, #4379, .F. ) ;
#4437 = CARTESIAN_POINT ( 'NONE',  ( -9.869268865488402653, 23.51973684772886841, 37.80407579608917246 ) ) ;
#4438 = DIRECTION ( 'NONE',  ( -0.02067924729934919603, 0.8803712478008152154, -0.4738341848967506653 ) ) ;
#4439 = FACE_OUTER_BOUND ( 'NONE', #4366, .T. ) ;
#4440 = AXIS2_PLACEMENT_3D ( 'NONE', #1310, #4297, #916 ) ;
#4441 = CARTESIAN_POINT ( 'NONE',  ( -39.17608372923492510, 22.38890729257710888, 23.28283962155450837 ) ) ;
#4442 = VERTEX_POINT ( 'NONE', #3729 ) ;
#4443 = CARTESIAN_POINT ( 'NONE',  ( -18.01258662798304044, 29.06938310877473342, 50.04951938642432907 ) ) ;
#4444 = DIRECTION ( 'NONE',  ( -0.08207489424486215379, -0.7071067811865449082, 0.7023273536853725796 ) ) ;
#4445 = ORIENTED_EDGE ( 'NONE', *, *, #3953, .F. ) ;
#4446 = CARTESIAN_POINT ( 'NONE',  ( -56.77845529393063373, 27.64710829030276784, 41.69266885630372599 ) ) ;
#4447 = FACE_OUTER_BOUND ( 'NONE', #4602, .T. ) ;
#4448 = ADVANCED_FACE ( 'NONE', ( #5424 ), #1591, .F. ) ;
#4449 = EDGE_CURVE ( 'NONE', #168, #1489, #1424, .T. ) ;
#4450 = FACE_OUTER_BOUND ( 'NONE', #5353, .T. ) ;
#4451 = ORIENTED_EDGE ( 'NONE', *, *, #2922, .T. ) ;
#4452 = DIRECTION ( 'NONE',  ( 6.308085367188407793E-15, 6.308085367188407793E-15, 1.000000000000000000 ) ) ;
#4453 = VERTEX_POINT ( 'NONE', #2971 ) ;
#4454 = DIRECTION ( 'NONE',  ( 4.876176775795935793E-29, -1.000000000000000000, 6.982962677686266711E-15 ) ) ;
#4455 = CARTESIAN_POINT ( 'NONE',  ( -18.85489791770633872, 22.44632166980252563, 37.26564214443347112 ) ) ;
#4456 = ORIENTED_EDGE ( 'NONE', *, *, #3157, .F. ) ;
#4457 = DIRECTION ( 'NONE',  ( -6.938893903907183413E-15, -6.938893903907183413E-15, -1.000000000000000000 ) ) ;
#4458 = ORIENTED_EDGE ( 'NONE', *, *, #19, .F. ) ;
#4459 = CARTESIAN_POINT ( 'NONE',  ( -16.33165561379531283, 30.24225775870922561, 51.26894715362570309 ) ) ;
#4460 = CARTESIAN_POINT ( 'NONE',  ( -35.34706231160168244, 29.49144013862585112, 52.05614017961188011 ) ) ;
#4461 = CARTESIAN_POINT ( 'NONE',  ( -50.47859585403570293, 30.47181106123194638, 33.97859585403544713 ) ) ;
#4462 = EDGE_LOOP ( 'NONE', ( #810, #4061, #4018 ) ) ;
#4463 = CARTESIAN_POINT ( 'NONE',  ( -9.599047896022275594, 23.44194049315778727, 37.38919537677321614 ) ) ;
#4464 = DIRECTION ( 'NONE',  ( -6.938893903907226800E-15, -6.938893903907226800E-15, -1.000000000000000000 ) ) ;
#4465 = AXIS2_PLACEMENT_3D ( 'NONE', #951, #5164, #2161 ) ;
#4466 = AXIS2_PLACEMENT_3D ( 'NONE', #1998, #199, #3197 ) ;
#4467 = CARTESIAN_POINT ( 'NONE',  ( -6.228595854035740231, 36.38890729257715861, 29.12859585403508689 ) ) ;
#4468 = ADVANCED_FACE ( 'NONE', ( #4663 ), #5000, .F. ) ;
#4469 = VECTOR ( 'NONE', #4057, 1000.000000000000114 ) ;
#4470 = DIRECTION ( 'NONE',  ( 1.000000000000000000, 0.000000000000000000, -6.982962677686266711E-15 ) ) ;
#4471 = VERTEX_POINT ( 'NONE', #2913 ) ;
#4472 = CARTESIAN_POINT ( 'NONE',  ( -34.62777343746152070, 29.46305099774760805, 51.55356512953152759 ) ) ;
#4473 = DIRECTION ( 'NONE',  ( -0.7071067811865386910, 2.312964634635737139E-15, 0.7071067811865564545 ) ) ;
#4474 = CARTESIAN_POINT ( 'NONE',  ( -40.30746253255860978, 22.92480567743934827, 23.42641981728140621 ) ) ;
#4475 = CARTESIAN_POINT ( 'NONE',  ( -25.34457253323963499, 23.22687016254397108, 41.87725005235432718 ) ) ;
#4476 = ORIENTED_EDGE ( 'NONE', *, *, #662, .F. ) ;
#4477 = DIRECTION ( 'NONE',  ( 4.876176775795935793E-29, -1.000000000000000000, 6.982962677686266711E-15 ) ) ;
#4478 = EDGE_CURVE ( 'NONE', #4559, #3, #2493, .T. ) ;
#4479 = VERTEX_POINT ( 'NONE', #4195 ) ;
#4480 = PLANE ( 'NONE',  #5512 ) ;
#4481 = CARTESIAN_POINT ( 'NONE',  ( -20.22859585403558569, 29.04916133042168980, 50.01449423889746981 ) ) ;
#4482 = ADVANCED_FACE ( 'NONE', ( #364 ), #2082, .T. ) ;
#4483 = ORIENTED_EDGE ( 'NONE', *, *, #1605, .F. ) ;
#4484 = CARTESIAN_POINT ( 'NONE',  ( -7.228595854035663848, 29.31711052285273666, 39.22859585403514160 ) ) ;
#4485 = ORIENTED_EDGE ( 'NONE', *, *, #1375, .T. ) ;
#4486 = EDGE_CURVE ( 'NONE', #3205, #1243, #2156, .T. ) ;
#4487 = VECTOR ( 'NONE', #130, 1000.000000000000000 ) ;
#4488 = ORIENTED_EDGE ( 'NONE', *, *, #381, .T. ) ;
#4489 = CARTESIAN_POINT ( 'NONE',  ( -16.39795267933055811, 30.23509624895212511, 51.24124823531479223 ) ) ;
#4490 = CYLINDRICAL_SURFACE ( 'NONE', #2904, 1.999999999999999778 ) ;
#4491 = CARTESIAN_POINT ( 'NONE',  ( -51.06438229166258935, 29.00770944609419999, 34.56438229166234777 ) ) ;
#4492 = PRODUCT_DEFINITION_SHAPE ( 'NONE', 'NONE',  #639 ) ;
#4493 = VERTEX_POINT ( 'NONE', #2595 ) ;
#4494 = ADVANCED_FACE ( 'NONE', ( #921 ), #3527, .T. ) ;
#4495 = DIRECTION ( 'NONE',  ( 0.7071067811865564545, 4.937700262164503077E-15, 0.7071067811865386910 ) ) ;
#4496 = CARTESIAN_POINT ( 'NONE',  ( -40.39318674395739350, 23.49429685826138581, 23.01189971933392542 ) ) ;
#4497 = DIRECTION ( 'NONE',  ( -7.199803112183367597E-15, -6.982962677686266711E-15, -1.000000000000000000 ) ) ;
#4498 = CARTESIAN_POINT ( 'NONE',  ( 0.02140414596434915551, 29.31711052285274377, 40.47859585403508476 ) ) ;
#4499 = ORIENTED_EDGE ( 'NONE', *, *, #154, .F. ) ;
#4500 = CARTESIAN_POINT ( 'NONE',  ( -34.27453177812746787, 29.99119526164147587, 51.51647722898106707 ) ) ;
#4501 = CARTESIAN_POINT ( 'NONE',  ( -40.47859585403593030, 28.38890729257694190, -0.02140414596462671126 ) ) ;
#4502 = AXIS2_PLACEMENT_3D ( 'NONE', #4079, #4543, #3319 ) ;
#4503 = CARTESIAN_POINT ( 'NONE',  ( -41.89847998270177953, 23.22977156499835871, 25.35671247254454386 ) ) ;
#4504 = CARTESIAN_POINT ( 'NONE',  ( -46.28320515127980883, 22.38890729257716572, 31.19741871365259200 ) ) ;
#4505 = VERTEX_POINT ( 'NONE', #87 ) ;
#4506 = DIRECTION ( 'NONE',  ( -0.5000000000000052180, 0.7071067811865455743, -0.4999999999999975575 ) ) ;
#4507 = EDGE_LOOP ( 'NONE', ( #5239, #5494, #3482, #1887 ) ) ;
#4508 = EDGE_CURVE ( 'NONE', #4399, #2373, #1257, .T. ) ;
#4509 = CARTESIAN_POINT ( 'NONE',  ( -31.19741871365277319, 22.38890729257727230, 46.28320515127941803 ) ) ;
#4510 = CARTESIAN_POINT ( 'NONE',  ( -10.37459947117257641, 34.58890729257724672, 42.97859585403512028 ) ) ;
#4511 = EDGE_CURVE ( 'NONE', #4984, #4047, #1706, .T. ) ;
#4512 = AXIS2_PLACEMENT_3D ( 'NONE', #1640, #879, #4676 ) ;
#4513 = EDGE_LOOP ( 'NONE', ( #4119, #1501, #1566, #2365 ) ) ;
#4514 = DIRECTION ( 'NONE',  ( -0.5000000000000057732, -6.047423072554914778E-15, -0.8660254037844352659 ) ) ;
#4515 = VERTEX_POINT ( 'NONE', #2629 ) ;
#4516 = ADVANCED_FACE ( 'NONE', ( #3835 ), #3705, .T. ) ;
#4517 = ORIENTED_EDGE ( 'NONE', *, *, #2281, .F. ) ;
#4518 = CARTESIAN_POINT ( 'NONE',  ( -6.228595854035710921, 36.38890729257717993, 33.32859585403507907 ) ) ;
#4519 = EDGE_CURVE ( 'NONE', #5016, #1601, #365, .T. ) ;
#4520 = CARTESIAN_POINT ( 'NONE',  ( 0.02140414596441854445, 27.31711052285281838, 51.01449423889734192 ) ) ;
#4521 = FACE_OUTER_BOUND ( 'NONE', #3783, .T. ) ;
#4522 = CIRCLE ( 'NONE', #1847, 10.00000000000000355 ) ;
#4523 = ORIENTED_EDGE ( 'NONE', *, *, #2965, .T. ) ;
#4524 = CARTESIAN_POINT ( 'NONE',  ( -7.329003428812588261, 23.40700897866038588, 36.22859871863041548 ) ) ;
#4525 = VECTOR ( 'NONE', #4542, 1000.000000000000000 ) ;
#4526 = CARTESIAN_POINT ( 'NONE',  ( 0.02140414596450875007, 29.31711052285291075, 63.97859585403504923 ) ) ;
#4527 = EDGE_CURVE ( 'NONE', #1139, #5056, #475, .T. ) ;
#4528 = CARTESIAN_POINT ( 'NONE',  ( -36.13477573195743986, 22.38890729257706269, 17.21375171771607171 ) ) ;
#4529 = EDGE_LOOP ( 'NONE', ( #2173, #2927 ) ) ;
#4530 = CARTESIAN_POINT ( 'NONE',  ( -33.58343216816832921, 30.04915188638477019, 51.20369837016410486 ) ) ;
#4531 = DIRECTION ( 'NONE',  ( -0.5000000000000059952, 0.7071067811865473507, -0.4999999999999941713 ) ) ;
#4532 = LINE ( 'NONE', #1180, #3337 ) ;
#4533 = CARTESIAN_POINT ( 'NONE',  ( -6.780594045467164044, 34.58890729257726093, 45.05359585403507339 ) ) ;
#4534 = ORIENTED_EDGE ( 'NONE', *, *, #2637, .F. ) ;
#4535 = CARTESIAN_POINT ( 'NONE',  ( -2.228595854035930302, 28.38890729257694190, -0.02140414596489038923 ) ) ;
#4536 = ORIENTED_EDGE ( 'NONE', *, *, #765, .T. ) ;
#4537 = CARTESIAN_POINT ( 'NONE',  ( -14.62227971789524972, 29.31711052285281482, 51.01449423889742718 ) ) ;
#4538 = CARTESIAN_POINT ( 'NONE',  ( -5.903595854035526003, 34.58890729257736041, 59.17659766260356236 ) ) ;
#4539 = ORIENTED_EDGE ( 'NONE', *, *, #1822, .F. ) ;
#4540 = FACE_OUTER_BOUND ( 'NONE', #1517, .T. ) ;
#4541 = VERTEX_POINT ( 'NONE', #2190 ) ;
#4542 = DIRECTION ( 'NONE',  ( 1.000000000000000000, 0.000000000000000000, -6.982962677686266711E-15 ) ) ;
#4543 = DIRECTION ( 'NONE',  ( -4.876176775795936353E-29, 1.000000000000000000, -6.982962677686267499E-15 ) ) ;
#4544 = CARTESIAN_POINT ( 'NONE',  ( -21.97859585403550398, 22.38890729257719414, 35.79910392972400501 ) ) ;
#4545 = EDGE_LOOP ( 'NONE', ( #5464, #1970, #265, #1652 ) ) ;
#4546 = CARTESIAN_POINT ( 'NONE',  ( -9.301459552403903430, 23.40483767196569076, 37.05933248515376732 ) ) ;
#4547 = CALENDAR_DATE ( 2026, 5, 6 ) ;
#4548 = DIRECTION ( 'NONE',  ( 4.876176775795935793E-29, -1.000000000000000000, 6.982962677686266711E-15 ) ) ;
#4549 = ORIENTED_EDGE ( 'NONE', *, *, #1202, .T. ) ;
#4550 = CARTESIAN_POINT ( 'NONE',  ( -36.16533140787963418, 29.68528354079695220, 52.73209044797093981 ) ) ;
#4551 = AXIS2_PLACEMENT_3D ( 'NONE', #785, #3810, #2054 ) ;
#4552 = EDGE_CURVE ( 'NONE', #3062, #4399, #4329, .T. ) ;
#4553 = CARTESIAN_POINT ( 'NONE',  ( -25.45134283598860137, 23.24542225095702364, 41.98467409979078724 ) ) ;
#4554 = AXIS2_PLACEMENT_3D ( 'NONE', #676, #2389, #4091 ) ;
#4555 = DIRECTION ( 'NONE',  ( -4.876176775795935793E-29, 1.000000000000000000, -6.982962677686266711E-15 ) ) ;
#4556 = AXIS2_PLACEMENT_3D ( 'NONE', #3073, #415, #5129 ) ;
#4557 = CONICAL_SURFACE ( 'NONE', #1985, 3.000000000000002665, 0.7853981633974452814 ) ;
#4558 = CARTESIAN_POINT ( 'NONE',  ( -26.87932122186644079, 20.79361257339306235, -0.02140414596468916131 ) ) ;
#4559 = VERTEX_POINT ( 'NONE', #3047 ) ;
#4560 = PLANE ( 'NONE',  #188 ) ;
#4561 = EDGE_LOOP ( 'NONE', ( #3271, #735 ) ) ;
#4562 = CARTESIAN_POINT ( 'NONE',  ( -25.60592637375357938, 20.89632517375853382, 4.410814626935882110 ) ) ;
#4563 = CARTESIAN_POINT ( 'NONE',  ( -17.73780874562765675, 22.38890729257720125, 36.37107171012029738 ) ) ;
#4564 = ORIENTED_EDGE ( 'NONE', *, *, #731, .T. ) ;
#4565 = DIRECTION ( 'NONE',  ( -4.876176775795935793E-29, 1.000000000000000000, -6.982962677686266711E-15 ) ) ;
#4566 = VERTEX_POINT ( 'NONE', #3079 ) ;
#4567 = CARTESIAN_POINT ( 'NONE',  ( -25.19653223953915244, 20.66197367650747907, 14.21811497458108597 ) ) ;
#4568 = VECTOR ( 'NONE', #105, 999.9999999999998863 ) ;
#4569 = CARTESIAN_POINT ( 'NONE',  ( 0.02140414596441854445, 22.38890729257729717, 50.47859585403513449 ) ) ;
#4570 = ORIENTED_EDGE ( 'NONE', *, *, #2089, .F. ) ;
#4571 = CARTESIAN_POINT ( 'NONE',  ( -9.189028569627172516, 23.39777388837600469, 36.95731623881513173 ) ) ;
#4572 = ORIENTED_EDGE ( 'NONE', *, *, #1511, .F. ) ;
#4573 = CARTESIAN_POINT ( 'NONE',  ( -10.74949320264258112, 22.53427346496910033, 37.49925042645291740 ) ) ;
#4574 = VECTOR ( 'NONE', #709, 999.9999999999998863 ) ;
#4575 = APPLICATION_PROTOCOL_DEFINITION ( 'international standard', 'config_control_design', 1994, #1853 ) ;
#4576 = CARTESIAN_POINT ( 'NONE',  ( -8.228595854035491541, 36.38890729257740020, 63.97859585403507765 ) ) ;
#4577 = CONICAL_SURFACE ( 'NONE', #745, 3.999999999999982681, 0.7853981633974471688 ) ;
#4578 = DIRECTION ( 'NONE',  ( 4.876176775795935793E-29, -1.000000000000000000, 6.982962677686266711E-15 ) ) ;
#4579 = EDGE_CURVE ( 'NONE', #5289, #1902, #4200, .T. ) ;
#4580 = ORIENTED_EDGE ( 'NONE', *, *, #337, .F. ) ;
#4581 = CARTESIAN_POINT ( 'NONE',  ( -14.62227971789524972, 29.31711052285281482, 51.01449423889742718 ) ) ;
#4582 = CARTESIAN_POINT ( 'NONE',  ( -26.14063703765068070, 23.36192262314958157, 42.64063703765042845 ) ) ;
#4583 = EDGE_CURVE ( 'NONE', #5257, #755, #1315, .T. ) ;
#4584 = DIRECTION ( 'NONE',  ( 6.938893903907222067E-15, 6.938893903907222067E-15, 1.000000000000000000 ) ) ;
#4585 = ADVANCED_FACE ( 'NONE', ( #1818 ), #2996, .F. ) ;
#4586 = EDGE_CURVE ( 'NONE', #2339, #5492, #5221, .T. ) ;
#4587 = DIRECTION ( 'NONE',  ( 4.876176775795935793E-29, -1.000000000000000000, 6.982962677686266711E-15 ) ) ;
#4588 = VERTEX_POINT ( 'NONE', #1790 ) ;
#4589 = CARTESIAN_POINT ( 'NONE',  ( -18.33393259625549376, 22.38890729257720480, 36.64553621527283411 ) ) ;
#4590 = DIRECTION ( 'NONE',  ( -0.5000000000000001110, -0.7071067811865541231, -0.4999999999999905631 ) ) ;
#4591 = CARTESIAN_POINT ( 'NONE',  ( -26.09062793295393590, 20.38764718207279003, 6.458980587424429487 ) ) ;
#4592 = CARTESIAN_POINT ( 'NONE',  ( -15.58219373009881004, 29.28905091807017769, 50.67529991202736284 ) ) ;
#4593 = EDGE_CURVE ( 'NONE', #738, #494, #2026, .T. ) ;
#4594 = ORIENTED_EDGE ( 'NONE', *, *, #381, .F. ) ;
#4595 = DIRECTION ( 'NONE',  ( 6.938893903907102160E-15, 6.938893903907102160E-15, 1.000000000000000000 ) ) ;
#4596 = VERTEX_POINT ( 'NONE', #4024 ) ;
#4597 = CARTESIAN_POINT ( 'NONE',  ( -24.50025476319774143, 20.33032829665482311, 9.261931924687765161 ) ) ;
#4598 = CARTESIAN_POINT ( 'NONE',  ( -35.47859585403569582, 36.38890729257719414, 35.47859585403528371 ) ) ;
#4599 = ORIENTED_EDGE ( 'NONE', *, *, #5072, .F. ) ;
#4600 = CARTESIAN_POINT ( 'NONE',  ( -10.12026759836669854, 23.70369708287184096, 38.42722232729756371 ) ) ;
#4601 = VECTOR ( 'NONE', #3348, 1000.000000000000000 ) ;
#4602 = EDGE_LOOP ( 'NONE', ( #4476, #1839, #578, #2480, #3147 ) ) ;
#4603 = CARTESIAN_POINT ( 'NONE',  ( -10.03979765807769731, 22.40978515961624140, 36.44708167888664718 ) ) ;
#4604 = APPROVAL_STATUS ( 'not_yet_approved' ) ;
#4605 = DIRECTION ( 'NONE',  ( 6.608470384673562857E-15, 6.608470384673562857E-15, 1.000000000000000000 ) ) ;
#4606 = CARTESIAN_POINT ( 'NONE',  ( -31.22859585403580596, 23.38890729257727941, 38.22859585403554661 ) ) ;
#4607 = ORIENTED_EDGE ( 'NONE', *, *, #3510, .F. ) ;
#4608 = VECTOR ( 'NONE', #590, 1000.000000000000000 ) ;
#4609 = CARTESIAN_POINT ( 'NONE',  ( -36.88563221846407458, 29.52053370302302682, 53.38563137183831486 ) ) ;
#4610 = CARTESIAN_POINT ( 'NONE',  ( -25.65904486711227150, 23.28020826754501371, 42.17857037476404969 ) ) ;
#4611 = CARTESIAN_POINT ( 'NONE',  ( -42.10118843543209266, 23.26633285087454084, 25.57628882819879124 ) ) ;
#4612 = EDGE_CURVE ( 'NONE', #4890, #3985, #2029, .T. ) ;
#4613 = DIRECTION ( 'NONE',  ( -0.7071067811865484609, -0.7071067811865465735, 1.002872986599739943E-14 ) ) ;
#4614 = CARTESIAN_POINT ( 'NONE',  ( 7.564297364777734956, 22.38890729257699874, 7.521489072848793533 ) ) ;
#4615 = ADVANCED_FACE ( 'NONE', ( #2298 ), #4945, .F. ) ;
#4616 = CARTESIAN_POINT ( 'NONE',  ( -25.97859585403593385, 21.09365593457926025, 0.6147034060304031877 ) ) ;
#4617 = DIRECTION ( 'NONE',  ( 4.876176775795935793E-29, -1.000000000000000000, 6.982962677686266711E-15 ) ) ;
#4618 = EDGE_CURVE ( 'NONE', #5289, #3809, #193, .T. ) ;
#4619 = ORIENTED_EDGE ( 'NONE', *, *, #490, .F. ) ;
#4620 = DIRECTION ( 'NONE',  ( 4.937700262164565397E-15, -0.7071067811865426878, 0.7071067811865524577 ) ) ;
#4621 = ORIENTED_EDGE ( 'NONE', *, *, #1284, .F. ) ;
#4622 = FACE_OUTER_BOUND ( 'NONE', #1289, .T. ) ;
#4623 = CARTESIAN_POINT ( 'NONE',  ( -36.43173360391530480, 29.62636370448868561, 52.96168881261171890 ) ) ;
#4624 = CARTESIAN_POINT ( 'NONE',  ( -50.35727551047605033, 36.38890729257719414, 35.27148907284883705 ) ) ;
#4625 = VERTEX_POINT ( 'NONE', #2322 ) ;
#4626 = CARTESIAN_POINT ( 'NONE',  ( -9.299278571862467757, 23.40456558396608955, 37.05682519115440954 ) ) ;
#4627 = CARTESIAN_POINT ( 'NONE',  ( -36.29779666001122962, 22.38890729257706269, 17.57300779940063862 ) ) ;
#4628 = VERTEX_POINT ( 'NONE', #2710 ) ;
#4629 = CARTESIAN_POINT ( 'NONE',  ( -10.50660833382955950, 22.46874139156826189, 37.06159627498092135 ) ) ;
#4630 = CARTESIAN_POINT ( 'NONE',  ( -11.22859585403572247, 23.14338217271093967, 39.60965051229203482 ) ) ;
#4631 = CARTESIAN_POINT ( 'NONE',  ( -37.24790308256287830, 22.38890729257708401, 19.63005244030874152 ) ) ;
#4632 = ORIENTED_EDGE ( 'NONE', *, *, #2643, .T. ) ;
#4633 = DIRECTION ( 'NONE',  ( 0.4576615381557277984, 0.8891264907159910358, -9.404570540365866189E-15 ) ) ;
#4634 = CARTESIAN_POINT ( 'NONE',  ( -25.62074928040692612, 23.27377970949645558, 42.14269576391033212 ) ) ;
#4635 = CARTESIAN_POINT ( 'NONE',  ( -66.81438229166235487, 54.83646810695049112, 53.14280941640853939 ) ) ;
#4636 = DIRECTION ( 'NONE',  ( 4.876176775795935793E-29, -1.000000000000000000, 6.982962677686266711E-15 ) ) ;
#4637 = VECTOR ( 'NONE', #2690, 1000.000000000000000 ) ;
#4638 = CARTESIAN_POINT ( 'NONE',  ( -25.21190894335516219, 20.68769054325889201, -6.320971063943881418 ) ) ;
#4639 = AXIS2_PLACEMENT_3D ( 'NONE', #505, #867, #532 ) ;
#4640 = DIRECTION ( 'NONE',  ( 6.308085367188407793E-15, 6.308085367188407793E-15, 1.000000000000000000 ) ) ;
#4641 = ORIENTED_EDGE ( 'NONE', *, *, #3427, .F. ) ;
#4642 = EDGE_CURVE ( 'NONE', #185, #3179, #668, .T. ) ;
#4643 = CARTESIAN_POINT ( 'NONE',  ( -1.228595854035707369, 27.38890729257720480, 34.22859585403510607 ) ) ;
#4644 = VERTEX_POINT ( 'NONE', #3612 ) ;
#4645 = CC_DESIGN_SECURITY_CLASSIFICATION ( #3140, ( #1085 ) ) ;
#4646 = B_SPLINE_CURVE_WITH_KNOTS ( 'NONE', 1,
 ( #1283, #4711 ),
 .UNSPECIFIED., .F., .F.,
 ( 2, 2 ),
 ( 0.000000000000000000, 1.000000000000000000 ),
 .UNSPECIFIED. ) ;
#4647 = DIRECTION ( 'NONE',  ( -6.982962677686266711E-15, -6.982962677686266711E-15, -1.000000000000000000 ) ) ;
#4648 = CARTESIAN_POINT ( 'NONE',  ( -36.00113210040041878, 29.71873581807816933, 52.60454148349678150 ) ) ;
#4649 = CARTESIAN_POINT ( 'NONE',  ( -30.44310128380243086, 29.89443993790407461, 50.47859585403528371 ) ) ;
#4650 = EDGE_LOOP ( 'NONE', ( #3998, #1967, #2912, #1525, #106, #2891, #214, #4270 ) ) ;
#4651 = CARTESIAN_POINT ( 'NONE',  ( -9.603172032561298366, 23.44255447328117725, 37.39412291734576144 ) ) ;
#4652 = EDGE_CURVE ( 'NONE', #1951, #168, #3162, .T. ) ;
#4653 = EDGE_CURVE ( 'NONE', #3733, #2970, #3132, .T. ) ;
#4654 = CARTESIAN_POINT ( 'NONE',  ( -7.978595854035646084, 36.38990729257724155, 41.87859585403509755 ) ) ;
#4655 = ORIENTED_EDGE ( 'NONE', *, *, #5334, .F. ) ;
#4656 = CARTESIAN_POINT ( 'NONE',  ( -24.44997881823178432, 20.30637655743265313, 11.05781420106881896 ) ) ;
#4657 = CIRCLE ( 'NONE', #3245, 26.99999999999998224 ) ;
#4658 = FACE_OUTER_BOUND ( 'NONE', #3868, .T. ) ;
#4659 = CARTESIAN_POINT ( 'NONE',  ( -56.77845529393063373, 27.64710829030276784, 41.69266885630372599 ) ) ;
#4660 = EDGE_CURVE ( 'NONE', #3809, #175, #4832, .T. ) ;
#4661 = VECTOR ( 'NONE', #4113, 999.9999999999998863 ) ;
#4662 = ORIENTED_EDGE ( 'NONE', *, *, #1935, .T. ) ;
#4663 = FACE_OUTER_BOUND ( 'NONE', #3287, .T. ) ;
#4664 = CARTESIAN_POINT ( 'NONE',  ( -24.60736471170539374, 23.10785956797885632, 41.24013921109674641 ) ) ;
#4665 = CIRCLE ( 'NONE', #2268, 8.999999999999937828 ) ;
#4666 =( BOUNDED_SURFACE ( )  B_SPLINE_SURFACE ( 3, 2, ( 
 ( #2304, #198, #2327 ),
 ( #4090, #5280, #4443 ),
 ( #169, #3673, #3221 ),
 ( #1123, #1063, #2714 ) ),
 .UNSPECIFIED., .F., .F., .F. ) 
 B_SPLINE_SURFACE_WITH_KNOTS ( ( 4, 4 ),
 ( 3, 3 ),
 ( 0.001737207379910873104, 0.003247326812148205056 ),
 ( 0.6811646734860972163, 1.000000000000000000 ),
 .UNSPECIFIED. ) 
 GEOMETRIC_REPRESENTATION_ITEM ( )  RATIONAL_B_SPLINE_SURFACE ( (
 ( 0.9955155635010874970, 0.9967082581690842602, 1.000000000000000000),
 ( 0.9930303100144532991, 0.9948839904234338949, 1.000000000000000000),
 ( 0.9895796801276985910, 0.9923511007852390264, 1.000000000000000000),
 ( 0.9851995854482162862, 0.9891359496991840583, 1.000000000000000000) ) ) 
 REPRESENTATION_ITEM ( '' )  SURFACE ( )  );
#4667 = AXIS2_PLACEMENT_3D ( 'NONE', #341, #4555, #2831 ) ;
#4668 = DIRECTION ( 'NONE',  ( 4.876176775795935793E-29, -1.000000000000000000, 6.982962677686266711E-15 ) ) ;
#4669 = CARTESIAN_POINT ( 'NONE',  ( -17.41420399876546554, 22.38890729257719769, 36.22570696819619229 ) ) ;
#4670 = CARTESIAN_POINT ( 'NONE',  ( -52.43570263522210695, 36.38890729257741441, 66.10727551047564532 ) ) ;
#4671 = CARTESIAN_POINT ( 'NONE',  ( -27.36714899465851047, 21.69587741293149818, 17.46765405804642768 ) ) ;
#4672 = EDGE_LOOP ( 'NONE', ( #1986, #3300, #3294, #5264, #2405, #595, #1894, #4948 ) ) ;
#4673 = DIRECTION ( 'NONE',  ( -6.938893903907226800E-15, -6.938893903907226800E-15, -1.000000000000000000 ) ) ;
#4674 = VERTEX_POINT ( 'NONE', #3640 ) ;
#4675 = EDGE_CURVE ( 'NONE', #3600, #1160, #3973, .T. ) ;
#4676 = DIRECTION ( 'NONE',  ( -6.308085367188407793E-15, -6.308085367188407793E-15, -1.000000000000000000 ) ) ;
#4677 = CARTESIAN_POINT ( 'NONE',  ( -32.49304289791832900, 30.06205538454479864, 50.83783834244161426 ) ) ;
#4678 = CARTESIAN_POINT ( 'NONE',  ( -7.978595854035560819, 34.58890729257733909, 55.58259223689815087 ) ) ;
#4679 = ORIENTED_EDGE ( 'NONE', *, *, #2436, .T. ) ;
#4680 = CARTESIAN_POINT ( 'NONE',  ( -9.956595570986872090, 23.56232365464013512, 37.97747222403448575 ) ) ;
#4681 = AXIS2_PLACEMENT_3D ( 'NONE', #527, #665, #4136 ) ;
#4682 = VECTOR ( 'NONE', #4059, 1000.000000000000114 ) ;
#4683 = CARTESIAN_POINT ( 'NONE',  ( -36.23119322681082366, 22.38890729257707335, 17.42629857065206878 ) ) ;
#4684 = EDGE_LOOP ( 'NONE', ( #1772, #1882, #3990, #5206 ) ) ;
#4685 = CARTESIAN_POINT ( 'NONE',  ( -7.758462599583326735, 22.40674378918433263, 35.20192133781507948 ) ) ;
#4686 = DIRECTION ( 'NONE',  ( 0.6546536707079768647, -0.3779644730092286409, -0.6546536707079765316 ) ) ;
#4687 = DIRECTION ( 'NONE',  ( -4.876176775795935793E-29, 1.000000000000000000, -6.982962677686266711E-15 ) ) ;
#4688 = ORIENTED_EDGE ( 'NONE', *, *, #4478, .T. ) ;
#4689 = CARTESIAN_POINT ( 'NONE',  ( -51.72859585403555371, 36.38890729257742152, 66.40016872928909208 ) ) ;
#4690 = CARTESIAN_POINT ( 'NONE',  ( -17.13844820351339138, 29.17984802627008634, 50.28572436340625273 ) ) ;
#4691 = ADVANCED_FACE ( 'NONE', ( #164 ), #3659, .T. ) ;
#4692 = CARTESIAN_POINT ( 'NONE',  ( -7.228595854035692270, 28.38890729257719414, 35.22859585403516292 ) ) ;
#4693 = VECTOR ( 'NONE', #147, 1000.000000000000000 ) ;
#4694 = DIRECTION ( 'NONE',  ( -3.491481338843162938E-15, 0.8660254037844362651, -0.5000000000000042188 ) ) ;
#4695 = CARTESIAN_POINT ( 'NONE',  ( -22.26651328116309614, 22.38890729257722256, 38.59228357925605479 ) ) ;
#4696 = AXIS2_PLACEMENT_3D ( 'NONE', #2257, #3961, #128 ) ;
#4697 = DIRECTION ( 'NONE',  ( 0.5000000000000031086, 0.7071067811865554553, 0.4999999999999856781 ) ) ;
#4698 = CARTESIAN_POINT ( 'NONE',  ( -22.47067680497804432, 21.99660244716396562, 41.79910392972399080 ) ) ;
#4699 = VERTEX_POINT ( 'NONE', #4323 ) ;
#4700 = LINE ( 'NONE', #405, #206 ) ;
#4701 = ORIENTED_EDGE ( 'NONE', *, *, #2369, .F. ) ;
#4702 = LINE ( 'NONE', #3880, #4601 ) ;
#4703 = CARTESIAN_POINT ( 'NONE',  ( -33.31295346084191777, 30.06007044396594452, 51.10199446342975449 ) ) ;
#4704 = LINE ( 'NONE', #881, #2106 ) ;
#4705 = CARTESIAN_POINT ( 'NONE',  ( -29.83646023030468086, 29.02843538825798930, 49.97859585403528371 ) ) ;
#4706 = CIRCLE ( 'NONE', #4440, 2.000000000000001776 ) ;
#4707 = CARTESIAN_POINT ( 'NONE',  ( -37.58818696117585745, 22.38890729257708756, 20.32556456217352547 ) ) ;
#4708 = VERTEX_POINT ( 'NONE', #885 ) ;
#4709 = CARTESIAN_POINT ( 'NONE',  ( -24.54960873171239299, 20.35383208509891162, 11.95143378271298396 ) ) ;
#4710 = CARTESIAN_POINT ( 'NONE',  ( -16.43297775514749759, 22.38895664055861445, 35.76768805486517522 ) ) ;
#4711 = CARTESIAN_POINT ( 'NONE',  ( -31.83284754014518825, 29.13390504888083399, 50.16127466489110986 ) ) ;
#4712 = DIRECTION ( 'NONE',  ( 4.876176775795935793E-29, -1.000000000000000000, 6.982962677686266711E-15 ) ) ;
#4713 = VERTEX_POINT ( 'NONE', #857 ) ;
#4714 = EDGE_CURVE ( 'NONE', #4114, #1896, #1810, .T. ) ;
#4715 = CARTESIAN_POINT ( 'NONE',  ( -18.65816139772256932, 29.97326411210736907, 50.60267890326932871 ) ) ;
#4716 = CARTESIAN_POINT ( 'NONE',  ( -49.47859585403594451, 36.38890729257695256, -0.02140414596461283347 ) ) ;
#4717 = ORIENTED_EDGE ( 'NONE', *, *, #3838, .T. ) ;
#4718 = EDGE_CURVE ( 'NONE', #5338, #4515, #4029, .T. ) ;
#4719 = EDGE_CURVE ( 'NONE', #2558, #4154, #3831, .T. ) ;
#4720 = DIRECTION ( 'NONE',  ( 4.876176775795935793E-29, -1.000000000000000000, 6.982962677686266711E-15 ) ) ;
#4721 = CARTESIAN_POINT ( 'NONE',  ( -20.22859585403558214, 29.89446079204246232, 50.47859585403522686 ) ) ;
#4722 = DIRECTION ( 'NONE',  ( 4.876176775795935793E-29, -1.000000000000000000, 6.982962677686266711E-15 ) ) ;
#4723 = CARTESIAN_POINT ( 'NONE',  ( 0.02140414596405772196, 36.38890729257695256, -0.02140414596495977817 ) ) ;
#4724 = VERTEX_POINT ( 'NONE', #2237 ) ;
#4725 = CARTESIAN_POINT ( 'NONE',  ( -17.29253048523443681, 30.12695275020243102, 50.91933227622092772 ) ) ;
#4726 = EDGE_LOOP ( 'NONE', ( #5147, #3442, #1360, #2628, #4758, #1022, #992, #2263, #3960, #2556, #2448, #181, #1446, #4128, #5123, #5139, #1191 ) ) ;
#4727 = VECTOR ( 'NONE', #1488, 1000.000000000000114 ) ;
#4728 = AXIS2_PLACEMENT_3D ( 'NONE', #4034, #4063, #5312 ) ;
#4729 = DIRECTION ( 'NONE',  ( -4.876176775795935793E-29, 1.000000000000000000, -6.982962677686266711E-15 ) ) ;
#4730 = CARTESIAN_POINT ( 'NONE',  ( -34.09561430587272213, 30.00866799853179856, 51.43074534301754142 ) ) ;
#4731 = DIRECTION ( 'NONE',  ( -0.7071067811865524577, -4.937700262164531476E-15, -0.7071067811865426878 ) ) ;
#4732 = LINE ( 'NONE', #1836, #2527 ) ;
#4733 = VECTOR ( 'NONE', #3913, 1000.000000000000000 ) ;
#4734 = VERTEX_POINT ( 'NONE', #1782 ) ;
#4735 = CIRCLE ( 'NONE', #4828, 0.9999999999999384936 ) ;
#4736 = AXIS2_PLACEMENT_3D ( 'NONE', #5276, #4886, #4464 ) ;
#4737 = CARTESIAN_POINT ( 'NONE',  ( -7.502700026140873391, 27.38890729257713730, 24.86609987527663179 ) ) ;
#4738 = ORIENTED_EDGE ( 'NONE', *, *, #1731, .T. ) ;
#4739 = CARTESIAN_POINT ( 'NONE',  ( -26.97691775120658519, 20.84384859515488486, 15.66961549263042031 ) ) ;
#4740 = CARTESIAN_POINT ( 'NONE',  ( -60.15817449424140051, 18.38890729257725098, 43.65817449424147156 ) ) ;
#4741 = CARTESIAN_POINT ( 'NONE',  ( -1.228595854035762880, 27.38890729257714440, 25.94853039380629056 ) ) ;
#4742 = CARTESIAN_POINT ( 'NONE',  ( -37.61463482335662434, 36.38890729257731493, 52.70042126098324076 ) ) ;
#4743 = ORIENTED_EDGE ( 'NONE', *, *, #1275, .F. ) ;
#4744 = CARTESIAN_POINT ( 'NONE',  ( 0.02140414596405772196, 23.38890729257701651, -0.02140414596486263366 ) ) ;
#4745 = CARTESIAN_POINT ( 'NONE',  ( -18.02245624003815649, 29.12768053593675432, 50.15622527217889370 ) ) ;
#4746 = LINE ( 'NONE', #4331, #3083 ) ;
#4747 = B_SPLINE_CURVE_WITH_KNOTS ( 'NONE', 3,
 ( #2975, #1212, #3306, #10, #789, #2524, #2552, #3817, #4669, #4255, #3841, #1684, #5486, #451, #4228, #5062, #4589, #400, #3734, #1235, #2919, #344, #1597, #372, #2113, #2140, #1629, #5010, #4280, #3340, #1183, #3391, #5088, #4174, #1713, #2059, #2085, #3758, #842, #4199, #5518, #5036, #1261, #1660, #426, #3418, #5114, #1291, #4695, #871, #2576, #4388, #510, #120, #3142, #3085, #2603, #4838 ),
 .UNSPECIFIED., .F., .F.,
 ( 4, 1, 1, 1, 1, 1, 1, 2, 2, 1, 1, 1, 1, 2, 2, 1, 1, 1, 1, 2, 2, 1, 1, 1, 2, 2, 1, 1, 1, 2, 2, 1, 1, 1, 2, 2, 1, 1, 1, 2, 2, 4 ),
 ( 0.000000000000000000, 0.06250000000000102696, 0.09375000000000205391, 0.1093750000000031919, 0.1171875000000044548, 0.1210937500000049960, 0.1230468750000068834, 0.1240234375000069666, 0.1250000000000070499, 0.1874999999999843736, 0.2187499999999735212, 0.2343749999999680811, 0.2421874999999658884, 0.2460937499999654443, 0.2499999999999649725, 0.3124999999999515943, 0.3437499999999454880, 0.3593749999999429900, 0.3671874999999417688, 0.3710937499999411582, 0.3749999999999405476, 0.4374999999999481526, 0.4687499999999519829, 0.4843749999999549805, 0.4921874999999565348, 0.4999999999999580336, 0.5624999999999679146, 0.5937499999999734657, 0.6093749999999755751, 0.6171874999999760192, 0.6249999999999764633, 0.6874999999999741318, 0.7187499999999740208, 0.7343749999999745759, 0.7421874999999753530, 0.7499999999999761302, 0.8124999999999731326, 0.8437499999999715783, 0.8593749999999713562, 0.8671874999999724665, 0.8749999999999735767, 1.000000000000000000 ),
 .UNSPECIFIED. ) ;
#4748 = EDGE_CURVE ( 'NONE', #3910, #4138, #3887, .T. ) ;
#4749 = ADVANCED_FACE ( 'NONE', ( #2588 ), #1552, .T. ) ;
#4751 = CIRCLE ( 'NONE', #4938, 11.00000000000003020 ) ;
#4750 = CARTESIAN_POINT ( 'NONE',  ( -49.06438229166259646, 27.00770944609417512, 32.56438229166230514 ) ) ;
#4752 = CARTESIAN_POINT ( 'NONE',  ( -19.17837249244936260, 29.92071692135341721, 50.51995671840406743 ) ) ;
#4753 = ADVANCED_FACE ( 'NONE', ( #1515 ), #4560, .T. ) ;
#4754 = LINE ( 'NONE', #93, #236 ) ;
#4755 = CARTESIAN_POINT ( 'NONE',  ( -17.50038000276760997, 29.15264729437884839, 50.21297153524887591 ) ) ;
#4756 = ORIENTED_EDGE ( 'NONE', *, *, #2916, .F. ) ;
#4757 = DIRECTION ( 'NONE',  ( -0.7071067811865521247, -4.937700262164533843E-15, -0.7071067811865430208 ) ) ;
#4758 = ORIENTED_EDGE ( 'NONE', *, *, #1685, .T. ) ;
#4759 = VERTEX_POINT ( 'NONE', #1490 ) ;
#4760 = CARTESIAN_POINT ( 'NONE',  ( -8.228595854035477331, 35.38890729257740730, 64.97859585403510607 ) ) ;
#4761 = EDGE_CURVE ( 'NONE', #1437, #3968, #4873, .T. ) ;
#4762 = CARTESIAN_POINT ( 'NONE',  ( -29.83646023030467376, 29.89446079204246232, 50.47859585403529792 ) ) ;
#4763 = CARTESIAN_POINT ( 'NONE',  ( -31.83284754014518825, 29.13390504888083399, 50.16127466489110986 ) ) ;
#4764 = ORIENTED_EDGE ( 'NONE', *, *, #1860, .F. ) ;
#4765 = FACE_OUTER_BOUND ( 'NONE', #3586, .T. ) ;
#4766 = ORIENTED_EDGE ( 'NONE', *, *, #2038, .F. ) ;
#4767 = CARTESIAN_POINT ( 'NONE',  ( -25.71859318855265641, 20.19614912735518786, 13.05276943583637816 ) ) ;
#4768 = CONICAL_SURFACE ( 'NONE', #1292, 5.999999999999998224, 0.7853981633974471688 ) ;
#4769 = CARTESIAN_POINT ( 'NONE',  ( -50.47859585403571003, 36.38890729257717993, 33.15016872928921998 ) ) ;
#4770 = VECTOR ( 'NONE', #1907, 1000.000000000000000 ) ;
#4771 = CARTESIAN_POINT ( 'NONE',  ( -50.43614099894333691, 29.97707980522702442, 33.93614099894432456 ) ) ;
#4772 = LINE ( 'NONE', #2378, #5388 ) ;
#4773 = ORIENTED_EDGE ( 'NONE', *, *, #2407, .T. ) ;
#4774 = DIRECTION ( 'NONE',  ( -6.938893903907230744E-15, -6.938893903907230744E-15, -1.000000000000000000 ) ) ;
#4775 = CARTESIAN_POINT ( 'NONE',  ( -41.47859585403593741, 36.38890729257695256, -0.02140414596466834463 ) ) ;
#4776 = ORIENTED_EDGE ( 'NONE', *, *, #2032, .F. ) ;
#4777 = AXIS2_PLACEMENT_3D ( 'NONE', #2077, #1281, #5506 ) ;
#4778 = B_SPLINE_CURVE_WITH_KNOTS ( 'NONE', 3,
 ( #4762, #4848, #1018, #1356 ),
 .UNSPECIFIED., .F., .F.,
 ( 4, 4 ),
 ( 0.000000000000000000, 1.000000000000000000 ),
 .UNSPECIFIED. ) ;
#4779 = LINE ( 'NONE', #3534, #4116 ) ;
#4780 = DIRECTION ( 'NONE',  ( 0.6546536707079698703, -0.3779644730092276972, -0.6546536707079843032 ) ) ;
#4781 = CARTESIAN_POINT ( 'NONE',  ( -57.21830083320480043, 28.57292839007531171, 40.71830083320472227 ) ) ;
#4782 = AXIS2_PLACEMENT_3D ( 'NONE', #67, #4722, #2605 ) ;
#4783 = B_SPLINE_CURVE_WITH_KNOTS ( 'NONE', 3,
 ( #5490, #1633, #5520, #4259 ),
 .UNSPECIFIED., .F., .F.,
 ( 4, 4 ),
 ( 0.000000000000000000, 1.000000000000000000 ),
 .UNSPECIFIED. ) ;
#4784 = CARTESIAN_POINT ( 'NONE',  ( -10.05359585403552636, 34.58890729257736041, 59.17659766260358367 ) ) ;
#4785 = DIRECTION ( 'NONE',  ( -0.4999999999999943379, 6.047423072554913200E-15, 0.8660254037844419273 ) ) ;
#4786 = ORIENTED_EDGE ( 'NONE', *, *, #4078, .T. ) ;
#4787 = AXIS2_PLACEMENT_3D ( 'NONE', #5293, #4847, #1433 ) ;
#4788 = ADVANCED_FACE ( 'NONE', ( #1099 ), #5182, .F. ) ;
#4789 = ORIENTED_EDGE ( 'NONE', *, *, #3497, .T. ) ;
#4791 = EDGE_CURVE ( 'NONE', #2970, #3423, #4127, .T. ) ;
#4790 = CARTESIAN_POINT ( 'NONE',  ( -42.08932631804492530, 22.38890729257713730, 27.00353988041763387 ) ) ;
#4792 = CARTESIAN_POINT ( 'NONE',  ( -6.780594045467191577, 34.58890729257723251, 40.90359585403510323 ) ) ;
#4793 = FACE_BOUND ( 'NONE', #2998, .T. ) ;
#4794 = VERTEX_POINT ( 'NONE', #3709 ) ;
#4795 = DIRECTION ( 'NONE',  ( 4.876176775795935793E-29, -1.000000000000000000, 6.982962677686266711E-15 ) ) ;
#4796 = EDGE_CURVE ( 'NONE', #1473, #4016, #2162, .T. ) ;
#4797 = ORIENTED_EDGE ( 'NONE', *, *, #2369, .T. ) ;
#4798 = LINE ( 'NONE', #4769, #2126 ) ;
#4799 = CARTESIAN_POINT ( 'NONE',  ( -35.12480101532944587, 29.48415027689303614, 51.89433601229358572 ) ) ;
#4800 = LINE ( 'NONE', #4827, #4226 ) ;
#4801 = EDGE_LOOP ( 'NONE', ( #1185, #3408, #1358, #533, #4999, #207 ) ) ;
#4802 = CARTESIAN_POINT ( 'NONE',  ( -10.64381550199263238, 22.49890890722687686, 37.28799616902603020 ) ) ;
#4803 = DIRECTION ( 'NONE',  ( -6.938893903907222067E-15, -6.938893903907222067E-15, -1.000000000000000000 ) ) ;
#4804 = CARTESIAN_POINT ( 'NONE',  ( 0.02140414596405772196, 28.38890729257694190, -0.02140414596490426702 ) ) ;
#4805 = DIRECTION ( 'NONE',  ( -1.000000000000000000, 0.000000000000000000, 6.982962677686266711E-15 ) ) ;
#4806 = CARTESIAN_POINT ( 'NONE',  ( -19.70403475822916306, 29.89444914799844710, 50.47859585403521265 ) ) ;
#4807 = CARTESIAN_POINT ( 'NONE',  ( -31.22859585403585214, 36.38890729257716572, 31.22859585403546490 ) ) ;
#4808 = CARTESIAN_POINT ( 'NONE',  ( -40.65013669740087465, 22.99490760735102413, 23.89321301454330637 ) ) ;
#4809 = B_SPLINE_CURVE_WITH_KNOTS ( 'NONE', 1,
 ( #681, #4125 ),
 .UNSPECIFIED., .F., .F.,
 ( 2, 2 ),
 ( 0.000000000000000000, 1.000000000000000000 ),
 .UNSPECIFIED. ) ;
#4810 = FACE_BOUND ( 'NONE', #3714, .T. ) ;
#4811 = ORIENTED_EDGE ( 'NONE', *, *, #3427, .T. ) ;
#4812 = ORIENTED_EDGE ( 'NONE', *, *, #2072, .F. ) ;
#4813 = FACE_BOUND ( 'NONE', #3202, .T. ) ;
#4814 = DIRECTION ( 'NONE',  ( 4.876176775795935793E-29, -1.000000000000000000, 6.982962677686266711E-15 ) ) ;
#4815 = CARTESIAN_POINT ( 'NONE',  ( -2.228595854035694490, 28.38890729257718704, 34.22859585403510607 ) ) ;
#4816 = EDGE_CURVE ( 'NONE', #4425, #583, #3048, .T. ) ;
#4817 = VERTEX_POINT ( 'NONE', #2004 ) ;
#4818 = CIRCLE ( 'NONE', #4286, 1.099999999999996758 ) ;
#4819 = DIRECTION ( 'NONE',  ( -6.938893903907226011E-15, -6.938893903907226011E-15, -1.000000000000000000 ) ) ;
#4820 = ORIENTED_EDGE ( 'NONE', *, *, #3093, .F. ) ;
#4821 = EDGE_CURVE ( 'NONE', #3551, #5492, #1572, .T. ) ;
#4822 = CIRCLE ( 'NONE', #4554, 1.000000000000000888 ) ;
#4823 = CARTESIAN_POINT ( 'NONE',  ( -31.65135778470513372, 29.99993045266530700, 50.64466750026786457 ) ) ;
#4824 = EDGE_CURVE ( 'NONE', #317, #1389, #1616, .T. ) ;
#4825 = VECTOR ( 'NONE', #5303, 1000.000000000000000 ) ;
#4826 = CARTESIAN_POINT ( 'NONE',  ( -32.90278942550388308, 29.31204883073172951, 50.59796670146018016 ) ) ;
#4827 = CARTESIAN_POINT ( 'NONE',  ( -7.978595854035541279, 36.38990729257734813, 56.87859585403509044 ) ) ;
#4828 = AXIS2_PLACEMENT_3D ( 'NONE', #2896, #5378, #4153 ) ;
#4830 = EDGE_CURVE ( 'NONE', #996, #1264, #4980, .T. ) ;
#4829 = APPROVAL_PERSON_ORGANIZATION ( #1168, #2692, #807 ) ;
#4831 = EDGE_LOOP ( 'NONE', ( #5040, #3305, #54, #4424 ) ) ;
#4832 = LINE ( 'NONE', #3215, #4469 ) ;
#4833 = FACE_OUTER_BOUND ( 'NONE', #1125, .T. ) ;
#4834 = FACE_OUTER_BOUND ( 'NONE', #3660, .T. ) ;
#4835 = EDGE_CURVE ( 'NONE', #4588, #4817, #1707, .T. ) ;
#4836 = DIRECTION ( 'NONE',  ( -0.08207489424486243135, 0.7071067811865535679, 0.7023273536853638088 ) ) ;
#4837 = CARTESIAN_POINT ( 'NONE',  ( -33.42287497058685375, 29.37377722014485570, 50.84948090161687162 ) ) ;
#4838 = CARTESIAN_POINT ( 'NONE',  ( -23.90429132343347618, 22.38890729257722256, 39.56164183397518030 ) ) ;
#4839 = AXIS2_PLACEMENT_3D ( 'NONE', #2145, #5015, #2502 ) ;
#4840 = DIRECTION ( 'NONE',  ( -4.876176775795935793E-29, 1.000000000000000000, -6.982962677686266711E-15 ) ) ;
#4841 = LINE ( 'NONE', #2746, #5131 ) ;
#4842 = DIRECTION ( 'NONE',  ( 6.982962677686266711E-15, 6.982962677686266711E-15, 1.000000000000000000 ) ) ;
#4843 = AXIS2_PLACEMENT_3D ( 'NONE', #570, #1773, #3902 ) ;
#4844 = EDGE_LOOP ( 'NONE', ( #775, #691, #445, #1580 ) ) ;
#4845 = CIRCLE ( 'NONE', #2355, 2.000000000000001776 ) ;
#4846 = ORIENTED_EDGE ( 'NONE', *, *, #534, .T. ) ;
#4847 = DIRECTION ( 'NONE',  ( 4.876176775795935793E-29, -1.000000000000000000, 6.982962677686266711E-15 ) ) ;
#4848 = CARTESIAN_POINT ( 'NONE',  ( -29.83646023030466665, 29.60578565744763679, 50.31192918736862651 ) ) ;
#4849 = DIRECTION ( 'NONE',  ( 6.608470384673562857E-15, 6.608470384673562857E-15, 1.000000000000000000 ) ) ;
#4850 = ORIENTED_EDGE ( 'NONE', *, *, #2519, .F. ) ;
#4851 = LINE ( 'NONE', #4401, #201 ) ;
#4852 = ORIENTED_EDGE ( 'NONE', *, *, #1436, .F. ) ;
#4853 = DIRECTION ( 'NONE',  ( 0.8660254037844353769, -3.491481338843132172E-15, -0.5000000000000058842 ) ) ;
#4854 = CARTESIAN_POINT ( 'NONE',  ( -49.19850754237358359, 28.40218451686032708, 32.69850754237329227 ) ) ;
#4855 = CARTESIAN_POINT ( 'NONE',  ( -44.36528127542796085, 28.38890729257736112, 59.45106771305462701 ) ) ;
#4856 = ORIENTED_EDGE ( 'NONE', *, *, #5197, .F. ) ;
#4857 = CARTESIAN_POINT ( 'NONE',  ( -5.903595854035546431, 34.58890729257734620, 56.78059404546660716 ) ) ;
#4858 = CARTESIAN_POINT ( 'NONE',  ( -36.90489237377475007, 22.38823392898038023, 19.14984207615352219 ) ) ;
#4859 = EDGE_CURVE ( 'NONE', #3064, #5211, #3313, .T. ) ;
#4860 = FACE_OUTER_BOUND ( 'NONE', #2015, .T. ) ;
#4861 = ADVANCED_FACE ( 'NONE', ( #2395 ), #1429, .F. ) ;
#4862 = AXIS2_PLACEMENT_3D ( 'NONE', #471, #29, #2969 ) ;
#4863 = CARTESIAN_POINT ( 'NONE',  ( -13.69697674592534042, 3.445880212795200848, -2.803023254075673876 ) ) ;
#4864 = VERTEX_POINT ( 'NONE', #5373 ) ;
#4865 = CARTESIAN_POINT ( 'NONE',  ( -32.87378426053930980, 30.07037090480244501, 50.94770679647198364 ) ) ;
#4866 = PLANE ( 'NONE',  #4466 ) ;
#4867 = ORIENTED_EDGE ( 'NONE', *, *, #2274, .F. ) ;
#4868 = CIRCLE ( 'NONE', #679, 2.000000000000001776 ) ;
#4869 = CARTESIAN_POINT ( 'NONE',  ( -40.82860044104024411, 23.02878368021810473, 24.10585632124658417 ) ) ;
#4870 = DIRECTION ( 'NONE',  ( -4.876176775795936353E-29, 1.000000000000000000, -6.982962677686267499E-15 ) ) ;
#4871 = CARTESIAN_POINT ( 'NONE',  ( -26.29643309923128314, 23.38890729257725098, 42.79643309923103089 ) ) ;
#4872 = ORIENTED_EDGE ( 'NONE', *, *, #112, .F. ) ;
#4873 = LINE ( 'NONE', #1072, #1346 ) ;
#4874 = ORIENTED_EDGE ( 'NONE', *, *, #4067, .T. ) ;
#4875 = LINE ( 'NONE', #1047, #953 ) ;
#4876 = CARTESIAN_POINT ( 'NONE',  ( -22.88685817034961190, 22.83889866142002845, 39.90838434104818333 ) ) ;
#4877 = ORIENTED_EDGE ( 'NONE', *, *, #3053, .F. ) ;
#4878 = CIRCLE ( 'NONE', #2214, 3.000000000000002665 ) ;
#4879 = CARTESIAN_POINT ( 'NONE',  ( -31.22859585403585214, 22.38890729257716572, 31.22859585403556082 ) ) ;
#4880 = ORIENTED_EDGE ( 'NONE', *, *, #5265, .T. ) ;
#4881 = DIRECTION ( 'NONE',  ( -4.937700262164493611E-15, -0.7071067811865531239, -0.7071067811865420216 ) ) ;
#4882 = CARTESIAN_POINT ( 'NONE',  ( -34.88333720607165844, 29.47481833092383852, 51.72502805036014450 ) ) ;
#4883 = DIRECTION ( 'NONE',  ( -4.876176775795935793E-29, 1.000000000000000000, -6.982962677686266711E-15 ) ) ;
#4884 = ORIENTED_EDGE ( 'NONE', *, *, #2407, .F. ) ;
#4885 = DIRECTION ( 'NONE',  ( 0.6889822365046107677, 0.6546536707079887440, 0.3110177634953681935 ) ) ;
#4886 = DIRECTION ( 'NONE',  ( -4.876176775795935793E-29, 1.000000000000000000, -6.982962677686266711E-15 ) ) ;
#4887 = DIRECTION ( 'NONE',  ( -6.982962677686266711E-15, -6.982962677686266711E-15, -1.000000000000000000 ) ) ;
#4888 = EDGE_CURVE ( 'NONE', #1862, #3039, #736, .T. ) ;
#4889 = CARTESIAN_POINT ( 'NONE',  ( -38.03975975016016520, 22.38890729257710532, 21.22566443237472811 ) ) ;
#4890 = VERTEX_POINT ( 'NONE', #2449 ) ;
#4891 = FACE_OUTER_BOUND ( 'NONE', #1612, .T. ) ;
#4892 = DIRECTION ( 'NONE',  ( -6.938893903907226800E-15, -6.938893903907226800E-15, -1.000000000000000000 ) ) ;
#4893 = LINE ( 'NONE', #5228, #4608 ) ;
#4894 = EDGE_CURVE ( 'NONE', #1596, #5042, #5283, .T. ) ;
#4895 = CYLINDRICAL_SURFACE ( 'NONE', #2553, 2.000000000000001776 ) ;
#4896 = EDGE_CURVE ( 'NONE', #2668, #1037, #1045, .T. ) ;
#4897 = CARTESIAN_POINT ( 'NONE',  ( -10.22859585403566030, 27.38890729257724743, 40.47859585403517002 ) ) ;
#4898 = ORIENTED_EDGE ( 'NONE', *, *, #1340, .F. ) ;
#4899 = CARTESIAN_POINT ( 'NONE',  ( -23.90429132343347618, 22.38890729257722256, 39.56164183397518030 ) ) ;
#4900 = EDGE_LOOP ( 'NONE', ( #5449, #3683, #1507, #572 ) ) ;
#4901 = CARTESIAN_POINT ( 'NONE',  ( -5.903595854035546431, 36.38890729257734336, 56.78059404546659295 ) ) ;
#4902 = DIRECTION ( 'NONE',  ( 0.7071067811865482389, -0.7071067811865469066, -8.677469957431131261E-30 ) ) ;
#4903 = ADVANCED_FACE ( 'NONE', ( #318 ), #1919, .F. ) ;
#4904 = ORIENTED_EDGE ( 'NONE', *, *, #1276, .T. ) ;
#4905 = CARTESIAN_POINT ( 'NONE',  ( -65.40016872928926261, 28.38890729257730428, 51.72859585403563187 ) ) ;
#4906 = VERTEX_POINT ( 'NONE', #622 ) ;
#4907 = APPROVAL ( #4218, 'æœª' ) ;
#4908 = CARTESIAN_POINT ( 'NONE',  ( -15.67298351935234457, 30.29914768390731794, 51.57654391528777893 ) ) ;
#4909 = CARTESIAN_POINT ( 'NONE',  ( -36.66426739650616184, 29.51326048301342908, 53.16426739650589894 ) ) ;
#4910 = DIRECTION ( 'NONE',  ( -6.938893903907258354E-15, -6.938893903907258354E-15, -1.000000000000000000 ) ) ;
#4911 = ORIENTED_EDGE ( 'NONE', *, *, #5163, .T. ) ;
#4912 = CARTESIAN_POINT ( 'NONE',  ( -10.15688854311189004, 23.75976854652419590, 38.57480881118207350 ) ) ;
#4913 = CARTESIAN_POINT ( 'NONE',  ( -35.62368594464622618, 21.59744627604699474, 18.54681298738364248 ) ) ;
#4914 = AXIS2_PLACEMENT_3D ( 'NONE', #3254, #3281, #2774 ) ;
#4915 = VECTOR ( 'NONE', #4250, 1000.000000000000000 ) ;
#4916 = DIRECTION ( 'NONE',  ( -6.938893903907222067E-15, -6.938893903907222067E-15, -1.000000000000000000 ) ) ;
#4917 = B_SPLINE_CURVE_WITH_KNOTS ( 'NONE', 3,
 ( #1581, #2900, #3318, #5017, #2956, #3290, #1193, #2929, #2483, #4184, #352, #1641, #3349, #4623, #2505, #2123, #380, #3797, #5071, #1245, #4648, #824, #2534, #408, #3825, #5526, #3400, #3852, #851, #3483, #5179, #4288, #5208, #3515, #21, #3034, #1722, #462, #1776, #1270, #2230, #433, #3008, #3906, #5097, #4730, #2178, #4265, #3881, #2560, #3429, #2148, #938, #2614, #4703, #2645, #3932, #546, #100, #1804, #907, #1834, #4677, #1382, #517, #47, #1355, #1751, #5121 ),
 .UNSPECIFIED., .F., .F.,
 ( 4, 2, 1, 1, 1, 2, 2, 2, 1, 1, 2, 2, 2, 1, 1, 1, 2, 2, 2, 1, 1, 2, 2, 2, 1, 1, 2, 2, 2, 1, 1, 2, 2, 2, 1, 2, 2, 2, 1, 1, 2, 2, 4 ),
 ( 0.000000000000000000, 0.03124999999996810884, 0.04687499999995235755, 0.05468749999994448191, 0.05859374999994237249, 0.06054687499994164390, 0.06249999999994090838, 0.09374999999995345390, 0.1093749999999609895, 0.1171874999999645978, 0.1210937499999638206, 0.1249999999999630573, 0.1874999999999417688, 0.2187499999999324429, 0.2343749999999277800, 0.2421874999999264200, 0.2460937499999252265, 0.2499999999999240052, 0.3124999999999269473, 0.3437499999999307776, 0.3593749999999302780, 0.3671874999999286682, 0.3749999999999270028, 0.4374999999999121814, 0.4687499999999061862, 0.4843749999999055200, 0.4921874999999044653, 0.4999999999999034106, 0.5624999999998840927, 0.5937499999998754330, 0.6093749999998727684, 0.6171874999998713252, 0.6249999999998698819, 0.6874999999998822053, 0.7187499999998900879, 0.7343749999998940847, 0.7499999999998979705, 0.8124999999999228395, 0.8437499999999358291, 0.8593749999999423794, 0.8671874999999451550, 0.8749999999999479305, 1.000000000000000000 ),
 .UNSPECIFIED. ) ;
#4918 = CARTESIAN_POINT ( 'NONE',  ( -10.39658624618123284, 22.38890729257718704, 34.43821680652340689 ) ) ;
#4919 = EDGE_LOOP ( 'NONE', ( #1788, #1203, #3676, #3289 ) ) ;
#4920 = CARTESIAN_POINT ( 'NONE',  ( -35.95922785286759904, 29.50536116667730724, 52.53742343117710334 ) ) ;
#4921 = EDGE_CURVE ( 'NONE', #627, #2697, #2954, .T. ) ;
#4922 = DIRECTION ( 'NONE',  ( -4.876176775795935793E-29, 1.000000000000000000, -6.982962677686266711E-15 ) ) ;
#4923 = ADVANCED_FACE ( 'NONE', ( #2892 ), #5459, .F. ) ;
#4924 = DIRECTION ( 'NONE',  ( 6.938893903907222067E-15, 6.938893903907222067E-15, 1.000000000000000000 ) ) ;
#4925 = EDGE_CURVE ( 'NONE', #1098, #5430, #2497, .T. ) ;
#4926 = CARTESIAN_POINT ( 'NONE',  ( -26.27884838572997594, 23.38890729257726520, 36.17834332234133399 ) ) ;
#4927 = ORIENTED_EDGE ( 'NONE', *, *, #4552, .T. ) ;
#4928 = ADVANCED_FACE ( 'NONE', ( #3789 ), #763, .F. ) ;
#4929 = DIRECTION ( 'NONE',  ( 4.876176775795935793E-29, -1.000000000000000000, 6.982962677686266711E-15 ) ) ;
#4930 = ORIENTED_EDGE ( 'NONE', *, *, #2065, .T. ) ;
#4931 = EDGE_LOOP ( 'NONE', ( #5081, #474, #1076, #2175 ) ) ;
#4932 = DIRECTION ( 'NONE',  ( 6.938893903907226800E-15, 6.938893903907226800E-15, 1.000000000000000000 ) ) ;
#4933 = DIRECTION ( 'NONE',  ( 4.876176775795935793E-29, -1.000000000000000000, 6.982962677686266711E-15 ) ) ;
#4934 = VECTOR ( 'NONE', #2210, 1000.000000000000000 ) ;
#4935 = ORIENTED_EDGE ( 'NONE', *, *, #4213, .F. ) ;
#4936 = CARTESIAN_POINT ( 'NONE',  ( -43.65817449424138630, 28.38890729257736822, 60.15817449424118024 ) ) ;
#4937 = ORIENTED_EDGE ( 'NONE', *, *, #1857, .T. ) ;
#4938 = AXIS2_PLACEMENT_3D ( 'NONE', #1328, #909, #5210 ) ;
#4939 = EDGE_CURVE ( 'NONE', #2221, #1596, #4747, .T. ) ;
#4940 = CARTESIAN_POINT ( 'NONE',  ( -16.08916842976374539, 30.26666409360434074, 51.37495035884672490 ) ) ;
#4941 = DIRECTION ( 'NONE',  ( -6.938893903907230744E-15, -6.938893903907230744E-15, -1.000000000000000000 ) ) ;
#4942 = DIRECTION ( 'NONE',  ( 6.982962677686266711E-15, 6.982962677686266711E-15, 1.000000000000000000 ) ) ;
#4943 = VECTOR ( 'NONE', #1127, 999.9999999999998863 ) ;
#4944 = ORIENTED_EDGE ( 'NONE', *, *, #3190, .T. ) ;
#4945 = PLANE ( 'NONE',  #3499 ) ;
#4946 = FACE_OUTER_BOUND ( 'NONE', #4801, .T. ) ;
#4947 = CARTESIAN_POINT ( 'NONE',  ( -36.26345823425830872, 22.38890729257706624, 17.49739649308728673 ) ) ;
#4948 = ORIENTED_EDGE ( 'NONE', *, *, #4612, .F. ) ;
#4949 = CARTESIAN_POINT ( 'NONE',  ( -34.71984023500611727, 29.93771650458116085, 51.75115093680190625 ) ) ;
#4950 = CARTESIAN_POINT ( 'NONE',  ( -38.20590997025817614, 22.55040825630306500, 20.34361092227797130 ) ) ;
#4951 = VECTOR ( 'NONE', #5122, 1000.000000000000000 ) ;
#4952 = DIRECTION ( 'NONE',  ( 0.8660254037844422603, 3.491481338843132172E-15, 0.4999999999999937828 ) ) ;
#4953 = AXIS2_PLACEMENT_3D ( 'NONE', #561, #1450, #4411 ) ;
#4954 = CARTESIAN_POINT ( 'NONE',  ( -29.97859585403591609, 22.38890729257696677, 2.959421646379833515 ) ) ;
#4955 = ORIENTED_EDGE ( 'NONE', *, *, #213, .F. ) ;
#4956 = DIRECTION ( 'NONE',  ( -1.000000000000000000, 0.000000000000000000, 6.982962677686266711E-15 ) ) ;
#4957 = ORIENTED_EDGE ( 'NONE', *, *, #4006, .F. ) ;
#4958 = FACE_OUTER_BOUND ( 'NONE', #1577, .T. ) ;
#4959 = CARTESIAN_POINT ( 'NONE',  ( -19.62997118960367615, 22.38890729257720480, 37.24786195082525353 ) ) ;
#4960 = VECTOR ( 'NONE', #379, 1000.000000000000227 ) ;
#4961 = EDGE_LOOP ( 'NONE', ( #2821, #71, #797, #2787 ) ) ;
#4962 = LINE ( 'NONE', #4936, #3416 ) ;
#4963 = EDGE_LOOP ( 'NONE', ( #44, #3153, #260, #5479 ) ) ;
#4964 = ORIENTED_EDGE ( 'NONE', *, *, #3293, .F. ) ;
#4965 = CARTESIAN_POINT ( 'NONE',  ( -51.72859585403556082, 36.38890729257741441, 65.40016872928909208 ) ) ;
#4966 = CARTESIAN_POINT ( 'NONE',  ( -49.47859585403571003, 36.38890729257717993, 33.15016872928921288 ) ) ;
#4967 = LINE ( 'NONE', #1142, #387 ) ;
#4968 = EDGE_CURVE ( 'NONE', #2291, #4442, #984, .T. ) ;
#4969 = ORIENTED_EDGE ( 'NONE', *, *, #2309, .F. ) ;
#4970 = CARTESIAN_POINT ( 'NONE',  ( -9.252701891091083652, 22.38869563550116837, 35.77343387026344601 ) ) ;
#4971 = SECURITY_CLASSIFICATION_LEVEL ( 'unclassified' ) ;
#4972 = AXIS2_PLACEMENT_3D ( 'NONE', #3663, #160, #1870 ) ;
#4973 = FACE_OUTER_BOUND ( 'NONE', #2520, .T. ) ;
#4974 = ORIENTED_EDGE ( 'NONE', *, *, #112, .T. ) ;
#4975 = CARTESIAN_POINT ( 'NONE',  ( -36.54459016596695875, 29.60096366733970896, 53.06127192049535779 ) ) ;
#4976 = DIRECTION ( 'NONE',  ( -0.7071067811865564545, -4.937700262164502288E-15, -0.7071067811865385799 ) ) ;
#4977 = CARTESIAN_POINT ( 'NONE',  ( -41.55088709309857364, 23.16601539218840600, 24.96824587861934219 ) ) ;
#4978 = CARTESIAN_POINT ( 'NONE',  ( -23.90429132343347618, 22.38890729257722256, 39.56164183397518030 ) ) ;
#4979 = ORIENTED_EDGE ( 'NONE', *, *, #5031, .F. ) ;
#4980 = LINE ( 'NONE', #2806, #2869 ) ;
#4981 = EDGE_LOOP ( 'NONE', ( #804, #1454, #4096 ) ) ;
#4982 = CARTESIAN_POINT ( 'NONE',  ( -31.22859585403586991, 25.38890729257701295, 9.728595854035322787 ) ) ;
#4983 = DIRECTION ( 'NONE',  ( 0.5000000000000057732, 6.047423072554913989E-15, 0.8660254037844352659 ) ) ;
#4984 = VERTEX_POINT ( 'NONE', #4418 ) ;
#4985 = CARTESIAN_POINT ( 'NONE',  ( -39.56164183397566347, 22.38890729257711243, 23.90429132343322038 ) ) ;
#4986 = ORIENTED_EDGE ( 'NONE', *, *, #117, .F. ) ;
#4987 = CARTESIAN_POINT ( 'NONE',  ( -26.51509207548119562, 21.29002741194145543, 16.49800792845398689 ) ) ;
#4988 = EDGE_CURVE ( 'NONE', #4708, #1622, #2691, .T. ) ;
#4989 = CARTESIAN_POINT ( 'NONE',  ( -11.22859585403572247, 23.14338217271093967, 39.60965051229203482 ) ) ;
#4990 = CARTESIAN_POINT ( 'NONE',  ( -3.228595854035750889, 22.38890729257714085, 27.78934018064389733 ) ) ;
#4991 = EDGE_CURVE ( 'NONE', #4311, #3395, #2635, .T. ) ;
#4992 = VERTEX_POINT ( 'NONE', #3898 ) ;
#4993 = CARTESIAN_POINT ( 'NONE',  ( -9.078721683643673046, 22.38969885233218093, 35.66851139487212663 ) ) ;
#4994 = DATE_AND_TIME ( #4547, #2165 ) ;
#4995 = EDGE_CURVE ( 'NONE', #3282, #389, #289, .T. ) ;
#4996 = DIRECTION ( 'NONE',  ( 4.876176775795935793E-29, -1.000000000000000000, 6.982962677686266711E-15 ) ) ;
#4997 = EDGE_CURVE ( 'NONE', #2792, #2401, #565, .T. ) ;
#4998 = DIRECTION ( 'NONE',  ( 6.938893903907222067E-15, 6.938893903907222067E-15, 1.000000000000000000 ) ) ;
#4999 = ORIENTED_EDGE ( 'NONE', *, *, #3537, .T. ) ;
#5000 = PLANE ( 'NONE',  #812 ) ;
#5001 = VECTOR ( 'NONE', #3924, 1000.000000000000000 ) ;
#5002 = CARTESIAN_POINT ( 'NONE',  ( -24.19364310219653547, 23.04249247847477378, 40.89910082331248731 ) ) ;
#5003 = CIRCLE ( 'NONE', #5357, 2.000000000000001776 ) ;
#5004 = EDGE_CURVE ( 'NONE', #772, #3821, #5177, .T. ) ;
#5005 = DIRECTION ( 'NONE',  ( -4.876176775795935793E-29, 1.000000000000000000, -6.982962677686266711E-15 ) ) ;
#5006 = VECTOR ( 'NONE', #653, 1000.000000000000000 ) ;
#5007 = VECTOR ( 'NONE', #4902, 999.9999999999998863 ) ;
#5008 = CARTESIAN_POINT ( 'NONE',  ( -21.22141626897137812, 22.63373951005948470, 38.77637116396052619 ) ) ;
#5009 = ORIENTED_EDGE ( 'NONE', *, *, #4888, .F. ) ;
#5010 = CARTESIAN_POINT ( 'NONE',  ( -19.47962923254451084, 22.38890729257720480, 37.17999533399574119 ) ) ;
#5011 = ORIENTED_EDGE ( 'NONE', *, *, #321, .T. ) ;
#5012 = CARTESIAN_POINT ( 'NONE',  ( -7.228595854035692270, 22.38890729257719414, 35.22859585403512028 ) ) ;
#5013 = CARTESIAN_POINT ( 'NONE',  ( -15.38674811573290846, 29.29895461096072751, 50.73760412577787093 ) ) ;
#5014 = ORIENTED_EDGE ( 'NONE', *, *, #3014, .F. ) ;
#5015 = DIRECTION ( 'NONE',  ( -1.000000000000000000, 0.000000000000000000, 6.982962677686266711E-15 ) ) ;
#5016 = VERTEX_POINT ( 'NONE', #2195 ) ;
#5017 = CARTESIAN_POINT ( 'NONE',  ( -36.72797235076797762, 29.55818372211816225, 53.23235243553379092 ) ) ;
#5018 = VECTOR ( 'NONE', #2841, 1000.000000000000000 ) ;
#5019 = FACE_OUTER_BOUND ( 'NONE', #5511, .T. ) ;
#5020 = ORIENTED_EDGE ( 'NONE', *, *, #378, .F. ) ;
#5021 = CARTESIAN_POINT ( 'NONE',  ( -10.10269498776954933, 23.68202032524402512, 38.36625408671861237 ) ) ;
#5022 = CIRCLE ( 'NONE', #4049, 9.000000000000021316 ) ;
#5023 = ORIENTED_EDGE ( 'NONE', *, *, #3366, .F. ) ;
#5024 = CARTESIAN_POINT ( 'NONE',  ( -9.114355719700794722, 23.39441844319996733, 36.89483949352118231 ) ) ;
#5025 = PERSON_AND_ORGANIZATION_ROLE ( 'classification_officer' ) ;
#5026 = CARTESIAN_POINT ( 'NONE',  ( -8.228595854036282020, 23.38890729257688506, -8.271404145965016497 ) ) ;
#5027 = AXIS2_PLACEMENT_3D ( 'NONE', #720, #1113, #3213 ) ;
#5028 = DIRECTION ( 'NONE',  ( -0.5000000000000029976, -0.7071067811865551223, -0.4999999999999861777 ) ) ;
#5029 = EDGE_LOOP ( 'NONE', ( #1410, #1417, #4766, #3412 ) ) ;
#5030 = CARTESIAN_POINT ( 'NONE',  ( -14.96205645341891355, 29.98377718951950754, 51.58807615496638022 ) ) ;
#5031 = EDGE_CURVE ( 'NONE', #1601, #3345, #1852, .T. ) ;
#5032 = DIRECTION ( 'NONE',  ( 6.938893903907226800E-15, 6.938893903907226800E-15, 1.000000000000000000 ) ) ;
#5033 = EDGE_CURVE ( 'NONE', #4069, #5257, #3980, .T. ) ;
#5034 = LINE ( 'NONE', #2888, #3251 ) ;
#5035 = DIRECTION ( 'NONE',  ( 4.876176775795935793E-29, -1.000000000000000000, 6.982962677686266711E-15 ) ) ;
#5036 = CARTESIAN_POINT ( 'NONE',  ( -21.34723286095179517, 22.38890729257721901, 38.10212847018822657 ) ) ;
#5037 = VECTOR ( 'NONE', #2149, 1000.000000000000000 ) ;
#5038 = DIRECTION ( 'NONE',  ( -4.876176775795935793E-29, 1.000000000000000000, -6.982962677686266711E-15 ) ) ;
#5039 = FACE_OUTER_BOUND ( 'NONE', #4831, .T. ) ;
#5040 = ORIENTED_EDGE ( 'NONE', *, *, #654, .T. ) ;
#5041 = DIRECTION ( 'NONE',  ( -4.876176775795935793E-29, 1.000000000000000000, -6.982962677686266711E-15 ) ) ;
#5042 = VERTEX_POINT ( 'NONE', #3871 ) ;
#5043 = CARTESIAN_POINT ( 'NONE',  ( -51.06438229166259646, 30.47181106123195349, 34.56438229166234777 ) ) ;
#5044 = CARTESIAN_POINT ( 'NONE',  ( -24.45930724289175018, 20.31082373986436096, 9.709640888291723115 ) ) ;
#5045 = DIRECTION ( 'NONE',  ( 1.000000000000000000, 0.000000000000000000, -6.982962677686266711E-15 ) ) ;
#5046 = CARTESIAN_POINT ( 'NONE',  ( -10.04103131290033524, 23.62157798550797949, 38.18256320025291473 ) ) ;
#5047 = VECTOR ( 'NONE', #5465, 1000.000000000000000 ) ;
#5048 = CARTESIAN_POINT ( 'NONE',  ( -7.978595854035560819, 36.38890729257734336, 55.58259223689813666 ) ) ;
#5049 = ORIENTED_EDGE ( 'NONE', *, *, #1620, .T. ) ;
#5050 = EDGE_CURVE ( 'NONE', #1980, #1489, #38, .T. ) ;
#5051 = CARTESIAN_POINT ( 'NONE',  ( -11.10287370139817398, 22.76078940205751877, 38.50180647017576518 ) ) ;
#5052 = COORDINATED_UNIVERSAL_TIME_OFFSET ( 8, 0, .AHEAD. ) ;
#5053 = PLANE ( 'NONE',  #4777 ) ;
#5054 = VECTOR ( 'NONE', #657, 1000.000000000000114 ) ;
#5055 = DIRECTION ( 'NONE',  ( -1.000000000000000000, -0.000000000000000000, 6.982962677686266711E-15 ) ) ;
#5056 = VERTEX_POINT ( 'NONE', #5169 ) ;
#5057 = VECTOR ( 'NONE', #2516, 1000.000000000000000 ) ;
#5058 = DIRECTION ( 'NONE',  ( -4.876176775795935793E-29, 1.000000000000000000, -6.982962677686266711E-15 ) ) ;
#5059 = CARTESIAN_POINT ( 'NONE',  ( -29.83646023030460270, 22.38890729257736822, 60.47859585403533345 ) ) ;
#5060 = ADVANCED_FACE ( 'NONE', ( #4305 ), #2663, .T. ) ;
#5061 = DIRECTION ( 'NONE',  ( 1.000000000000000000, 0.000000000000000000, -6.982962677686266711E-15 ) ) ;
#5062 = CARTESIAN_POINT ( 'NONE',  ( -18.30732070315891136, 22.38890729257719769, 36.63329456450304633 ) ) ;
#5063 = EDGE_CURVE ( 'NONE', #4541, #4864, #66, .T. ) ;
#5064 = CARTESIAN_POINT ( 'NONE',  ( -6.228595854035710921, 28.38890729257717993, 33.32859585403513591 ) ) ;
#5065 = EDGE_CURVE ( 'NONE', #2840, #3821, #3102, .T. ) ;
#5066 = DIRECTION ( 'NONE',  ( 1.000000000000000000, 0.000000000000000000, -6.982962677686266711E-15 ) ) ;
#5067 = EDGE_LOOP ( 'NONE', ( #4261, #832, #5372, #2150 ) ) ;
#5068 = LINE ( 'NONE', #3396, #4306 ) ;
#5069 = EDGE_LOOP ( 'NONE', ( #556, #1497, #1458, #4937 ) ) ;
#5070 = CARTESIAN_POINT ( 'NONE',  ( -50.47859585403594451, 22.38890729257694545, -0.02140414596451568896 ) ) ;
#5071 = CARTESIAN_POINT ( 'NONE',  ( -36.25020087839205729, 29.66654791350075016, 52.80505109467765834 ) ) ;
#5072 = EDGE_CURVE ( 'NONE', #5016, #1243, #2328, .T. ) ;
#5073 = CARTESIAN_POINT ( 'NONE',  ( -10.22859585403568694, 29.31711052285271535, 36.22859585403515581 ) ) ;
#5074 = CARTESIAN_POINT ( 'NONE',  ( -10.22859585403566030, 24.06793468469762587, 39.22859585403519134 ) ) ;
#5075 = DIRECTION ( 'NONE',  ( -1.000000000000000000, 0.000000000000000000, 6.982962677686266711E-15 ) ) ;
#5076 = ORIENTED_EDGE ( 'NONE', *, *, #3670, .F. ) ;
#5077 = CARTESIAN_POINT ( 'NONE',  ( -10.83976690891433847, 22.56895630629859895, 37.69269858361877823 ) ) ;
#5078 = COORDINATED_UNIVERSAL_TIME_OFFSET ( 8, 0, .AHEAD. ) ;
#5079 = CARTESIAN_POINT ( 'NONE',  ( -17.50602869435553899, 29.04916133042168980, 50.01449423889745560 ) ) ;
#5080 = FACE_OUTER_BOUND ( 'NONE', #1174, .T. ) ;
#5081 = ORIENTED_EDGE ( 'NONE', *, *, #3261, .T. ) ;
#5082 = LINE ( 'NONE', #1623, #278 ) ;
#5083 = DIRECTION ( 'NONE',  ( -4.876176775795935793E-29, 1.000000000000000000, -6.982962677686266711E-15 ) ) ;
#5084 = EDGE_CURVE ( 'NONE', #4493, #3155, #2360, .T. ) ;
#5085 = VECTOR ( 'NONE', #1825, 1000.000000000000000 ) ;
#5086 = CARTESIAN_POINT ( 'NONE',  ( -11.22859585403592497, 28.38890729257694190, -0.02140414596482793919 ) ) ;
#5087 = B_SPLINE_CURVE_WITH_KNOTS ( 'NONE', 3,
 ( #5138, #4690, #3049, #4330, #1396, #2683, #2191, #2997, #1819, #980, #3022, #62, #4745, #3111, #34, #922, #3867, #3949, #1766, #4359 ),
 .UNSPECIFIED., .F., .F.,
 ( 4, 2, 1, 1, 1, 2, 2, 1, 1, 1, 2, 2, 4 ),
 ( 0.000000000000000000, 0.2499999999999156786, 0.3749999999998733236, 0.4374999999998521183, 0.4687499999998464562, 0.4843749999998473998, 0.4999999999998483435, 0.6249999999998792077, 0.6874999999998946398, 0.7187499999999052980, 0.7343749999999078515, 0.7499999999999102940, 1.000000000000000000 ),
 .UNSPECIFIED. ) ;
#5088 = CARTESIAN_POINT ( 'NONE',  ( -20.21720869850852154, 22.38890729257720125, 37.53514415103013846 ) ) ;
#5089 = AXIS2_PLACEMENT_3D ( 'NONE', #3021, #1337, #4774 ) ;
#5090 = DIRECTION ( 'NONE',  ( -6.938893903907183413E-15, -6.938893903907183413E-15, -1.000000000000000000 ) ) ;
#5091 = FACE_OUTER_BOUND ( 'NONE', #320, .T. ) ;
#5092 = EDGE_CURVE ( 'NONE', #2269, #1990, #1027, .T. ) ;
#5093 = ORIENTED_EDGE ( 'NONE', *, *, #4315, .F. ) ;
#5094 = DIRECTION ( 'NONE',  ( -4.876176775795935793E-29, 1.000000000000000000, -6.982962677686266711E-15 ) ) ;
#5095 = ORIENTED_EDGE ( 'NONE', *, *, #5232, .T. ) ;
#5096 = CARTESIAN_POINT ( 'NONE',  ( -51.72859585403556082, 35.38890729257740730, 65.40016872928909208 ) ) ;
#5097 = CARTESIAN_POINT ( 'NONE',  ( -34.26660314069911095, 29.99202342149027345, 51.51255977168030142 ) ) ;
#5098 = LINE ( 'NONE', #1670, #1204 ) ;
#5099 = ORIENTED_EDGE ( 'NONE', *, *, #4343, .T. ) ;
#5100 = CARTESIAN_POINT ( 'NONE',  ( -8.895000944955057776, 23.38890643845907036, 36.72990666669671356 ) ) ;
#5101 = LINE ( 'NONE', #1698, #3328 ) ;
#5102 = ORIENTED_EDGE ( 'NONE', *, *, #4552, .F. ) ;
#5103 = EDGE_CURVE ( 'NONE', #4596, #1530, #449, .T. ) ;
#5104 = DIRECTION ( 'NONE',  ( -0.7071067811865429098, -0.6123724356957958026, 0.3535533905932806698 ) ) ;
#5105 = VECTOR ( 'NONE', #4514, 1000.000000000000114 ) ;
#5106 = DIRECTION ( 'NONE',  ( 6.982962677686266711E-15, 6.982962677686266711E-15, 1.000000000000000000 ) ) ;
#5107 = DIRECTION ( 'NONE',  ( -6.938893903907222067E-15, -6.938893903907222067E-15, -1.000000000000000000 ) ) ;
#5108 = VECTOR ( 'NONE', #931, 1000.000000000000000 ) ;
#5109 = ORIENTED_EDGE ( 'NONE', *, *, #2772, .T. ) ;
#5110 = DIRECTION ( 'NONE',  ( 4.876176775795935793E-29, -1.000000000000000000, 6.982962677686266711E-15 ) ) ;
#5111 = CARTESIAN_POINT ( 'NONE',  ( -10.22859585403565319, 30.31711052285277219, 40.47859585403514870 ) ) ;
#5112 = ORIENTED_EDGE ( 'NONE', *, *, #3606, .F. ) ;
#5113 = CARTESIAN_POINT ( 'NONE',  ( -18.29993680503479325, 22.42492024282112695, 36.92267290032734905 ) ) ;
#5114 = CARTESIAN_POINT ( 'NONE',  ( -22.07085450691479878, 22.38890729257721190, 38.48582219476067934 ) ) ;
#5115 = CARTESIAN_POINT ( 'NONE',  ( -14.99956274940825374, 29.31704121169380528, 50.86552054652182164 ) ) ;
#5116 = LINE ( 'NONE', #2924, #2597 ) ;
#5117 = ORIENTED_EDGE ( 'NONE', *, *, #4449, .F. ) ;
#5118 = DIRECTION ( 'NONE',  ( 0.7071067811865524577, 4.937700262164531476E-15, 0.7071067811865426878 ) ) ;
#5119 = ORIENTED_EDGE ( 'NONE', *, *, #5521, .F. ) ;
#5120 = CARTESIAN_POINT ( 'NONE',  ( -3.112524425464326949, 28.38890729257713730, 26.79609931183637883 ) ) ;
#5121 = CARTESIAN_POINT ( 'NONE',  ( -31.65135778470513372, 29.99993045266530700, 50.64466750026786457 ) ) ;
#5122 = DIRECTION ( 'NONE',  ( -4.876176775795935793E-29, 1.000000000000000000, -6.982962677686266711E-15 ) ) ;
#5123 = ORIENTED_EDGE ( 'NONE', *, *, #3882, .T. ) ;
#5124 = LINE ( 'NONE', #3097, #3513 ) ;
#5125 = VECTOR ( 'NONE', #3883, 1000.000000000000000 ) ;
#5126 = VECTOR ( 'NONE', #5028, 1000.000000000000000 ) ;
#5127 = CARTESIAN_POINT ( 'NONE',  ( -37.82960658507946050, 22.38890729257708756, 20.81300220800124379 ) ) ;
#5128 = EDGE_LOOP ( 'NONE', ( #5207, #3143 ) ) ;
#5129 = DIRECTION ( 'NONE',  ( 6.938893903907228378E-15, 6.938893903907228378E-15, 1.000000000000000000 ) ) ;
#5130 = B_SPLINE_CURVE_WITH_KNOTS ( 'NONE', 3,
 ( #3555, #1416, #5245, #2188 ),
 .UNSPECIFIED., .F., .F.,
 ( 4, 4 ),
 ( 2.849737686287037995E-07, 0.0002480080397803548740 ),
 .UNSPECIFIED. ) ;
#5131 = VECTOR ( 'NONE', #4870, 1000.000000000000000 ) ;
#5132 = CARTESIAN_POINT ( 'NONE',  ( -18.54028295974310936, 22.49971032396348392, 37.52377572536099848 ) ) ;
#5133 = PLANE ( 'NONE',  #3204 ) ;
#5134 = ADVANCED_FACE ( 'NONE', ( #4117 ), #4866, .F. ) ;
#5135 = FACE_OUTER_BOUND ( 'NONE', #2681, .T. ) ;
#5136 = ORIENTED_EDGE ( 'NONE', *, *, #3915, .T. ) ;
#5137 = DIRECTION ( 'NONE',  ( 4.876176775795935793E-29, -1.000000000000000000, 6.982962677686266711E-15 ) ) ;
#5138 = CARTESIAN_POINT ( 'NONE',  ( -16.99892394835432441, 29.19033867441920194, 50.31376869192546764 ) ) ;
#5139 = ORIENTED_EDGE ( 'NONE', *, *, #4660, .T. ) ;
#5140 = AXIS2_PLACEMENT_3D ( 'NONE', #4807, #4389, #1510 ) ;
#5141 = FACE_OUTER_BOUND ( 'NONE', #2311, .T. ) ;
#5142 = CARTESIAN_POINT ( 'NONE',  ( -37.09434388407694883, 22.43562716190016104, 18.57772219304118266 ) ) ;
#5143 = CARTESIAN_POINT ( 'NONE',  ( -24.86609987527734589, 20.50458253438528544, 7.502700026140498579 ) ) ;
#5144 = FACE_OUTER_BOUND ( 'NONE', #3131, .T. ) ;
#5145 = ORIENTED_EDGE ( 'NONE', *, *, #3311, .T. ) ;
#5146 = CARTESIAN_POINT ( 'NONE',  ( -1.228595854035762880, 23.38890729257719414, 25.94853039380631898 ) ) ;
#5147 = ORIENTED_EDGE ( 'NONE', *, *, #3670, .T. ) ;
#5148 = B_SPLINE_CURVE_WITH_KNOTS ( 'NONE', 3,
 ( #3138, #2688, #1937, #4441, #563, #4030, #3560, #2275, #1909, #5250, #1420, #1008, #2713, #5309, #4415, #1480, #610, #587, #2325, #3194, #4889, #1060, #3859, #5127, #2988, #2539, #4707, #2098, #2152, #282, #413, #855, #24, #5529, #4214, #466, #2183, #3775, #1995, #2934, #3829, #1755, #1278, #3407, #1645, #1121, #1673, #831, #3435, #4627, #4947, #53, #1225, #2826, #4683, #2565, #4528, #4240, #4269 ),
 .UNSPECIFIED., .F., .F.,
 ( 4, 1, 1, 1, 2, 2, 1, 1, 1, 2, 2, 1, 1, 1, 2, 2, 1, 1, 1, 1, 2, 2, 1, 1, 1, 1, 2, 2, 1, 1, 1, 1, 2, 2, 1, 1, 1, 1, 1, 1, 2, 2, 4 ),
 ( 0.000000000000000000, 0.06249999999999790445, 0.09374999999999633626, 0.1093749999999943934, 0.1171874999999934219, 0.1249999999999924505, 0.1874999999999856781, 0.2187499999999822087, 0.2343749999999799327, 0.2421874999999787392, 0.2499999999999775735, 0.3124999999999719669, 0.3437499999999691913, 0.3593749999999673039, 0.3671874999999663047, 0.3749999999999653610, 0.4374999999999517608, 0.4687499999999455436, 0.4843749999999423794, 0.4921874999999403255, 0.4960937499999397704, 0.4999999999999392708, 0.5624999999999439337, 0.5937499999999458211, 0.6093749999999471534, 0.6171874999999473754, 0.6210937499999473754, 0.6249999999999474865, 0.6874999999999341638, 0.7187499999999280575, 0.7343749999999249489, 0.7421874999999235056, 0.7460937499999227285, 0.7499999999999219513, 0.8124999999999074074, 0.8437499999999006350, 0.8593749999998977485, 0.8671874999998968603, 0.8710937499998965272, 0.8730468749998957501, 0.8740234374998958611, 0.8749999999998959721, 1.000000000000000000 ),
 .UNSPECIFIED. ) ;
#5149 = CARTESIAN_POINT ( 'NONE',  ( -8.228595854036282020, 29.38890729257688861, -8.271404145965057353 ) ) ;
#5150 = DIRECTION ( 'NONE',  ( -4.937700262164565397E-15, 0.7071067811865426878, -0.7071067811865524577 ) ) ;
#5151 = DIRECTION ( 'NONE',  ( -4.876176775795936353E-29, 1.000000000000000000, -6.982962677686267499E-15 ) ) ;
#5152 = DIRECTION ( 'NONE',  ( 4.876176775795935793E-29, -1.000000000000000000, 6.982962677686266711E-15 ) ) ;
#5153 = ORIENTED_EDGE ( 'NONE', *, *, #4478, .F. ) ;
#5154 = LINE ( 'NONE', #4321, #2610 ) ;
#5155 = ORIENTED_EDGE ( 'NONE', *, *, #1038, .T. ) ;
#5156 = CARTESIAN_POINT ( 'NONE',  ( -26.74733174055449325, 20.72567341100366889, 15.32154234445444274 ) ) ;
#5157 = EDGE_CURVE ( 'NONE', #63, #111, #540, .T. ) ;
#5158 = CARTESIAN_POINT ( 'NONE',  ( -6.228595854035726020, 36.38890729257716572, 31.22859585403508476 ) ) ;
#5159 = CARTESIAN_POINT ( 'NONE',  ( 8.271404145964293519, 35.38890729257700940, 8.228595854035241075 ) ) ;
#5160 = DIRECTION ( 'NONE',  ( -6.938893903907655151E-15, -6.938893903907655151E-15, -1.000000000000000000 ) ) ;
#5161 = EDGE_CURVE ( 'NONE', #234, #1540, #2159, .T. ) ;
#5162 = ORIENTED_EDGE ( 'NONE', *, *, #1275, .T. ) ;
#5163 = EDGE_CURVE ( 'NONE', #5382, #954, #4027, .T. ) ;
#5164 = DIRECTION ( 'NONE',  ( -4.876176775795935793E-29, 1.000000000000000000, -6.982962677686266711E-15 ) ) ;
#5165 = DIRECTION ( 'NONE',  ( 4.876176775795935793E-29, -1.000000000000000000, 6.982962677686266711E-15 ) ) ;
#5166 = EDGE_CURVE ( 'NONE', #2099, #738, #274, .T. ) ;
#5167 = VERTEX_POINT ( 'NONE', #2801 ) ;
#5168 = CARTESIAN_POINT ( 'NONE',  ( -18.53562319613120835, 22.43470767903635021, 37.06854336884769197 ) ) ;
#5169 = CARTESIAN_POINT ( 'NONE',  ( -51.72859585403554661, 35.38890729257741441, 67.40016872928909208 ) ) ;
#5170 = EDGE_CURVE ( 'NONE', #4625, #3753, #2332, .T. ) ;
#5171 = CARTESIAN_POINT ( 'NONE',  ( -25.88529376925020031, 21.04425318108109266, 2.521379135805649430 ) ) ;
#5172 = CARTESIAN_POINT ( 'NONE',  ( -17.29253048523443681, 30.12695275020243102, 50.91933227622092772 ) ) ;
#5173 = VERTEX_POINT ( 'NONE', #647 ) ;
#5174 = CARTESIAN_POINT ( 'NONE',  ( -9.287378883525597928, 22.38890729257719414, 35.79910392972391264 ) ) ;
#5175 = VERTEX_POINT ( 'NONE', #2856 ) ;
#5176 = AXIS2_PLACEMENT_3D ( 'NONE', #734, #841, #1627 ) ;
#5177 = CIRCLE ( 'NONE', #2684, 1.999999999999998002 ) ;
#5178 = VERTEX_POINT ( 'NONE', #589 ) ;
#5179 = CARTESIAN_POINT ( 'NONE',  ( -35.32442165155037372, 29.84558845412314909, 52.11865578435925528 ) ) ;
#5180 = FACE_OUTER_BOUND ( 'NONE', #3312, .T. ) ;
#5181 = CARTESIAN_POINT ( 'NONE',  ( -48.95581757040395843, 23.13070629485164886, 33.87003113277687305 ) ) ;
#5182 = CONICAL_SURFACE ( 'NONE', #1170, 11.00000000000000355, 0.7853981633974482790 ) ;
#5183 = VERTEX_POINT ( 'NONE', #4501 ) ;
#5184 = VECTOR ( 'NONE', #1805, 1000.000000000000114 ) ;
#5185 = CARTESIAN_POINT ( 'NONE',  ( -3.228595854035695378, 23.38890729257726520, 36.22859585403514870 ) ) ;
#5186 = ORIENTED_EDGE ( 'NONE', *, *, #3770, .F. ) ;
#5187 = CARTESIAN_POINT ( 'NONE',  ( -24.98737758759853733, 20.56234929972013248, 13.69564044050744300 ) ) ;
#5188 = FACE_OUTER_BOUND ( 'NONE', #2642, .T. ) ;
#5189 = CARTESIAN_POINT ( 'NONE',  ( -50.47859585403570293, 30.29727189069182103, 33.15016872928925551 ) ) ;
#5190 = DIRECTION ( 'NONE',  ( 6.982939617164451206E-15, 6.938893903907227589E-15, 1.000000000000000000 ) ) ;
#5191 = VERTEX_POINT ( 'NONE', #1881 ) ;
#5192 = CARTESIAN_POINT ( 'NONE',  ( -9.588508499130149687, 22.38890729252219813, 35.99996647461757959 ) ) ;
#5193 = CARTESIAN_POINT ( 'NONE',  ( -30.49031193246622706, 32.38890729257727941, 46.99031193246589311 ) ) ;
#5194 = EDGE_CURVE ( 'NONE', #5191, #1139, #4822, .T. ) ;
#5195 = ORIENTED_EDGE ( 'NONE', *, *, #632, .T. ) ;
#5196 = AXIS2_PLACEMENT_3D ( 'NONE', #1982, #1952, #4132 ) ;
#5197 = EDGE_CURVE ( 'NONE', #3600, #2069, #3674, .T. ) ;
#5199 = VECTOR ( 'NONE', #4942, 1000.000000000000000 ) ;
#5198 = DIRECTION ( 'NONE',  ( 4.876176775795935793E-29, -1.000000000000000000, 6.982962677686266711E-15 ) ) ;
#5200 = EDGE_CURVE ( 'NONE', #1264, #3985, #1206, .T. ) ;
#5201 = CARTESIAN_POINT ( 'NONE',  ( -37.56184798872450870, 22.47672282735154070, 19.32697012379371415 ) ) ;
#5202 = CARTESIAN_POINT ( 'NONE',  ( -66.81438229166238330, 35.38890729257730072, 50.31438229166248988 ) ) ;
#5203 = AXIS2_PLACEMENT_3D ( 'NONE', #285, #30, #1593 ) ;
#5204 = LINE ( 'NONE', #960, #3767 ) ;
#5205 = PLANE ( 'NONE',  #2887 ) ;
#5206 = ORIENTED_EDGE ( 'NONE', *, *, #3023, .T. ) ;
#5207 = ORIENTED_EDGE ( 'NONE', *, *, #4108, .F. ) ;
#5208 = CARTESIAN_POINT ( 'NONE',  ( -35.19936885706118090, 29.86621866756313537, 52.03825072229872717 ) ) ;
#5209 = PLANE ( 'NONE',  #1259 ) ;
#5210 = DIRECTION ( 'NONE',  ( 6.938893903907209445E-15, 6.938893903907209445E-15, 1.000000000000000000 ) ) ;
#5211 = VERTEX_POINT ( 'NONE', #3785 ) ;
#5212 = CARTESIAN_POINT ( 'NONE',  ( -7.978595854035646084, 29.31711052285275088, 41.87859585403514728 ) ) ;
#5213 = ORIENTED_EDGE ( 'NONE', *, *, #5516, .F. ) ;
#5214 = AXIS2_PLACEMENT_3D ( 'NONE', #4569, #3694, #5045 ) ;
#5215 = CARTESIAN_POINT ( 'NONE',  ( -31.22859585403585214, 36.38890729257716572, 31.22859585403546490 ) ) ;
#5216 = AXIS2_PLACEMENT_3D ( 'NONE', #2324, #4028, #4497 ) ;
#5217 = CARTESIAN_POINT ( 'NONE',  ( -33.13923662386749669, 29.34130172515824242, 50.71009987936499641 ) ) ;
#5218 = CARTESIAN_POINT ( 'NONE',  ( -8.228595854035491541, 36.38890729257739309, 62.97859585403507765 ) ) ;
#5219 = B_SPLINE_SURFACE_WITH_KNOTS ( 'NONE', 1, 3, ( 
 ( #5229, #2253, #1827, #5172 ),
 ( #1403, #3170, #4755, #929 ) ),
 .UNSPECIFIED., .F., .F., .F.,
 ( 2, 2 ),
 ( 4, 4 ),
 ( 0.000000000000000000, 1.000000000000000000 ),
 ( 0.000000000000000000, 0.001549561268261694189 ),
 .UNSPECIFIED. ) ;
#5220 = ORIENTED_EDGE ( 'NONE', *, *, #1369, .T. ) ;
#5221 = LINE ( 'NONE', #3471, #11 ) ;
#5222 = FACE_OUTER_BOUND ( 'NONE', #3426, .T. ) ;
#5223 = CARTESIAN_POINT ( 'NONE',  ( -6.228595854035726020, 28.38890729257716572, 31.22859585403513805 ) ) ;
#5224 = AXIS2_PLACEMENT_3D ( 'NONE', #782, #4244, #2131 ) ;
#5225 = DIRECTION ( 'NONE',  ( 4.876176775795935793E-29, -1.000000000000000000, 6.982962677686266711E-15 ) ) ;
#5226 = CARTESIAN_POINT ( 'NONE',  ( -41.79910392972447397, 21.99660244716382707, 22.47067680497781694 ) ) ;
#5227 = ADVANCED_FACE ( 'NONE', ( #2025 ), #3730, .F. ) ;
#5228 = CARTESIAN_POINT ( 'NONE',  ( 0.02140414596405772196, 36.38890729257695256, -0.02140414596495977817 ) ) ;
#5229 = CARTESIAN_POINT ( 'NONE',  ( -18.65816139772257642, 29.97326411210736907, 50.60267890326932871 ) ) ;
#5230 = CARTESIAN_POINT ( 'NONE',  ( -10.91919477727714316, 29.31711052285281482, 49.85979370051815351 ) ) ;
#5231 = ORIENTED_EDGE ( 'NONE', *, *, #2816, .T. ) ;
#5232 = EDGE_CURVE ( 'NONE', #2228, #678, #3135, .T. ) ;
#5233 = VECTOR ( 'NONE', #4881, 999.9999999999998863 ) ;
#5234 = ADVANCED_FACE ( 'NONE', ( #3755 ), #1178, .F. ) ;
#5235 = ORIENTED_EDGE ( 'NONE', *, *, #5242, .T. ) ;
#5236 = CARTESIAN_POINT ( 'NONE',  ( 10.27140414596450313, 30.31711052285294627, 64.97859585403499239 ) ) ;
#5237 = CARTESIAN_POINT ( 'NONE',  ( -20.56644632385337701, 22.38890729257721190, 37.70597624784613089 ) ) ;
#5238 = DIRECTION ( 'NONE',  ( 0.7071067811865521247, 4.937700262164533843E-15, 0.7071067811865430208 ) ) ;
#5239 = ORIENTED_EDGE ( 'NONE', *, *, #3598, .T. ) ;
#5240 = CARTESIAN_POINT ( 'NONE',  ( -9.176597662604123684, 36.38890729257722967, 40.90359585403511034 ) ) ;
#5241 = ORIENTED_EDGE ( 'NONE', *, *, #4835, .T. ) ;
#5242 = EDGE_CURVE ( 'NONE', #819, #5042, #2172, .T. ) ;
#5243 = CARTESIAN_POINT ( 'NONE',  ( -22.47067680497805142, 23.72865325473283349, 40.79910392972398370 ) ) ;
#5244 = CARTESIAN_POINT ( 'NONE',  ( -34.49161397584570921, 29.45558315265706639, 51.46646935646505483 ) ) ;
#5245 = CARTESIAN_POINT ( 'NONE',  ( -10.00264196561905550, 36.27300983785997346, 56.75117580427311736 ) ) ;
#5246 = ORIENTED_EDGE ( 'NONE', *, *, #1505, .T. ) ;
#5247 = CARTESIAN_POINT ( 'NONE',  ( -33.87003113277697963, 23.13070629485175544, 48.95581757040365289 ) ) ;
#5248 = DIRECTION ( 'NONE',  ( 0.000000000000000000, -6.938893903907318308E-15, -1.000000000000000000 ) ) ;
#5249 = CARTESIAN_POINT ( 'NONE',  ( -6.228595854035726020, 18.60855272203559352, 31.22859585403520910 ) ) ;
#5250 = CARTESIAN_POINT ( 'NONE',  ( -38.80638382922250429, 22.38890729257710532, 22.65034952737976681 ) ) ;
#5251 = CARTESIAN_POINT ( 'NONE',  ( -35.04870799208877941, 29.48153191606596124, 51.83952216675034919 ) ) ;
#5252 = DIRECTION ( 'NONE',  ( 4.876176775795935793E-29, -1.000000000000000000, 6.982962677686266711E-15 ) ) ;
#5253 = DIRECTION ( 'NONE',  ( -1.000000000000000000, 0.000000000000000000, 6.982962677686266711E-15 ) ) ;
#5254 = CARTESIAN_POINT ( 'NONE',  ( -41.03796981773646024, 23.07037521734237018, 24.37680479307994474 ) ) ;
#5255 = CARTESIAN_POINT ( 'NONE',  ( -66.10727551047578743, 28.38890729257731138, 52.43570263522216379 ) ) ;
#5256 = ORIENTED_EDGE ( 'NONE', *, *, #566, .F. ) ;
#5257 = VERTEX_POINT ( 'NONE', #4224 ) ;
#5258 = CARTESIAN_POINT ( 'NONE',  ( -40.47859585403621452, 28.38890729257666479, -40.52140414596463103 ) ) ;
#5259 = CYLINDRICAL_SURFACE ( 'NONE', #4380, 2.099999999999996092 ) ;
#5260 = CARTESIAN_POINT ( 'NONE',  ( -27.00353988041783637, 22.38890729257724388, 42.08932631804449898 ) ) ;
#5261 = ORIENTED_EDGE ( 'NONE', *, *, #2680, .T. ) ;
#5262 = VECTOR ( 'NONE', #2245, 1000.000000000000114 ) ;
#5263 = LINE ( 'NONE', #1388, #4568 ) ;
#5264 = ORIENTED_EDGE ( 'NONE', *, *, #5157, .F. ) ;
#5265 = EDGE_CURVE ( 'NONE', #4596, #1413, #397, .T. ) ;
#5266 = VECTOR ( 'NONE', #2473, 1000.000000000000000 ) ;
#5267 = DIRECTION ( 'NONE',  ( 4.876176775795935793E-29, -1.000000000000000000, 6.982962677686266711E-15 ) ) ;
#5268 = AXIS2_PLACEMENT_3D ( 'NONE', #3256, #5290, #5402 ) ;
#5269 = CARTESIAN_POINT ( 'NONE',  ( -33.16901366940647478, 29.34477417493772577, 50.72461146684709377 ) ) ;
#5270 = DIRECTION ( 'NONE',  ( -4.937700262164565397E-15, 0.7071067811865426878, -0.7071067811865524577 ) ) ;
#5271 = UNCERTAINTY_MEASURE_WITH_UNIT (LENGTH_MEASURE( 1.000000000000000082E-05 ), #1118, 'distance_accuracy_value', 'NONE');
#5272 = CIRCLE ( 'NONE', #4122, 3.499999999999999556 ) ;
#5273 = CC_DESIGN_APPROVAL ( #1873, ( #3140 ) ) ;
#5274 = ORIENTED_EDGE ( 'NONE', *, *, #4618, .T. ) ;
#5275 = CARTESIAN_POINT ( 'NONE',  ( -11.12565736850118725, 22.78972662405358918, 38.60349399630774769 ) ) ;
#5276 = CARTESIAN_POINT ( 'NONE',  ( -35.47859585403569582, 35.38890729257719414, 35.47859585403529792 ) ) ;
#5277 = CARTESIAN_POINT ( 'NONE',  ( -32.89566310967799012, 24.05652639462434550, 49.39566310967775564 ) ) ;
#5278 = CARTESIAN_POINT ( 'NONE',  ( -31.22859585403588056, 25.38890729257700229, 8.328595854035318879 ) ) ;
#5279 = ORIENTED_EDGE ( 'NONE', *, *, #3086, .T. ) ;
#5280 = CARTESIAN_POINT ( 'NONE',  ( -17.99823438834734546, 29.12755075927931969, 50.15026871245758144 ) ) ;
#5281 = CARTESIAN_POINT ( 'NONE',  ( -50.31438229166245435, 35.38890729257742152, 66.81438229166218434 ) ) ;
#5282 = ORIENTED_EDGE ( 'NONE', *, *, #2048, .T. ) ;
#5283 = B_SPLINE_CURVE_WITH_KNOTS ( 'NONE', 1,
 ( #4899, #4149 ),
 .UNSPECIFIED., .F., .F.,
 ( 2, 2 ),
 ( 0.000000000000000000, 1.000000000000000000 ),
 .UNSPECIFIED. ) ;
#5284 = AXIS2_PLACEMENT_3D ( 'NONE', #3038, #4795, #2235 ) ;
#5285 = DIRECTION ( 'NONE',  ( -4.876176775795935793E-29, 1.000000000000000000, -6.982962677686266711E-15 ) ) ;
#5286 = CARTESIAN_POINT ( 'NONE',  ( -39.89352292476564088, 22.38890729257712664, 24.42235096285261875 ) ) ;
#5287 = CARTESIAN_POINT ( 'NONE',  ( -26.41609585403590899, 20.55517581937922245, 4.321577566236288526 ) ) ;
#5288 = CIRCLE ( 'NONE', #297, 11.00000000000003020 ) ;
#5289 = VERTEX_POINT ( 'NONE', #3836 ) ;
#5290 = DIRECTION ( 'NONE',  ( 4.876176775795935793E-29, -1.000000000000000000, 6.982962677686266711E-15 ) ) ;
#5291 = CIRCLE ( 'NONE', #1728, 3.499999999999999556 ) ;
#5292 = ORIENTED_EDGE ( 'NONE', *, *, #2270, .F. ) ;
#5293 = CARTESIAN_POINT ( 'NONE',  ( -31.22859585403589477, 22.38890729257699164, 6.228595854035351209 ) ) ;
#5294 = CARTESIAN_POINT ( 'NONE',  ( -26.27884838572997594, 36.38890729257720125, 36.17834332234124872 ) ) ;
#5295 = ORIENTED_EDGE ( 'NONE', *, *, #3770, .T. ) ;
#5296 = CARTESIAN_POINT ( 'NONE',  ( -9.176597662604104144, 34.58890729257726093, 45.05359585403509470 ) ) ;
#5297 = ORIENTED_EDGE ( 'NONE', *, *, #4748, .T. ) ;
#5298 = LINE ( 'NONE', #1052, #5233 ) ;
#5299 = EDGE_CURVE ( 'NONE', #5167, #157, #3761, .T. ) ;
#5300 = CARTESIAN_POINT ( 'NONE',  ( -36.34428608854485532, 29.51015808888202230, 52.87386116286710092 ) ) ;
#5301 = CARTESIAN_POINT ( 'NONE',  ( -53.14280941640864597, 35.38890729257741441, 66.81438229166219855 ) ) ;
#5302 = ORIENTED_EDGE ( 'NONE', *, *, #1685, .F. ) ;
#5303 = DIRECTION ( 'NONE',  ( -4.876176775795935793E-29, 1.000000000000000000, -6.982962677686266711E-15 ) ) ;
#5304 = VECTOR ( 'NONE', #3826, 1000.000000000000227 ) ;
#5305 = DIRECTION ( 'NONE',  ( -0.7071067811865533459, 0.6123724356957900294, -0.3535533905932700116 ) ) ;
#5306 = EDGE_CURVE ( 'NONE', #157, #784, #732, .T. ) ;
#5307 = EDGE_CURVE ( 'NONE', #384, #3064, #4145, .T. ) ;
#5308 = DIRECTION ( 'NONE',  ( -4.876176775795936353E-29, 1.000000000000000000, -6.982962677686267499E-15 ) ) ;
#5309 = CARTESIAN_POINT ( 'NONE',  ( -38.52692946474374480, 22.38890729257710532, 22.14638095305582866 ) ) ;
#5310 = VERTEX_POINT ( 'NONE', #4775 ) ;
#5311 = CARTESIAN_POINT ( 'NONE',  ( -36.79307013214742028, 29.51430114899747892, 53.29429169828912904 ) ) ;
#5312 = DIRECTION ( 'NONE',  ( -6.938893903907222067E-15, -6.938893903907222067E-15, -1.000000000000000000 ) ) ;
#5313 = VECTOR ( 'NONE', #2020, 1000.000000000000114 ) ;
#5314 = CARTESIAN_POINT ( 'NONE',  ( -11.22859585403563720, 28.38890729257722612, 40.47859585403517002 ) ) ;
#5315 = CARTESIAN_POINT ( 'NONE',  ( -36.17834332234172479, 23.38890729257719414, 26.27884838572976633 ) ) ;
#5316 = CARTESIAN_POINT ( 'NONE',  ( -7.792088648144906315, 28.38890729257712309, 25.82331156840127306 ) ) ;
#5317 = ORIENTED_EDGE ( 'NONE', *, *, #1960, .F. ) ;
#5318 = DIRECTION ( 'NONE',  ( 6.938893903907222067E-15, 6.938893903907222067E-15, 1.000000000000000000 ) ) ;
#5319 = VECTOR ( 'NONE', #1599, 1000.000000000000000 ) ;
#5320 = ORIENTED_EDGE ( 'NONE', *, *, #2574, .F. ) ;
#5321 = CARTESIAN_POINT ( 'NONE',  ( -33.87003113277698674, 23.13070629485175544, 48.95581757040363868 ) ) ;
#5322 = CARTESIAN_POINT ( 'NONE',  ( -65.40016872928926261, 36.38890729257731493, 51.72859585403557503 ) ) ;
#5323 = ORIENTED_EDGE ( 'NONE', *, *, #2479, .F. ) ;
#5324 = CONICAL_SURFACE ( 'NONE', #2033, 8.999999999999937828, 0.7853981633974457255 ) ;
#5325 = DIRECTION ( 'NONE',  ( 0.7071067811865524577, 4.937700262164531476E-15, 0.7071067811865426878 ) ) ;
#5326 = ORIENTED_EDGE ( 'NONE', *, *, #3545, .F. ) ;
#5327 = CARTESIAN_POINT ( 'NONE',  ( -27.36714899465851047, 21.69587741293149818, 17.46765405804642768 ) ) ;
#5328 = CARTESIAN_POINT ( 'NONE',  ( -49.06438229166260356, 27.00770944609417512, 32.56438229166231935 ) ) ;
#5329 = DIRECTION ( 'NONE',  ( 6.982962677686266711E-15, 6.982962677686266711E-15, 1.000000000000000000 ) ) ;
#5330 = ORIENTED_EDGE ( 'NONE', *, *, #4894, .T. ) ;
#5331 = ADVANCED_FACE ( 'NONE', ( #5222 ), #98, .F. ) ;
#5332 = CARTESIAN_POINT ( 'NONE',  ( -10.21120327182321041, 23.90155904743478033, 38.90263585024871418 ) ) ;
#5333 = CARTESIAN_POINT ( 'NONE',  ( -40.79910392972448818, 23.72865325473270204, 22.47067680497780984 ) ) ;
#5334 = EDGE_CURVE ( 'NONE', #2401, #3993, #3227, .T. ) ;
#5335 = DIRECTION ( 'NONE',  ( 7.021499783715655013E-15, 6.608470384673557335E-15, 1.000000000000000000 ) ) ;
#5336 = EDGE_CURVE ( 'NONE', #1980, #1951, #1704, .T. ) ;
#5337 = CARTESIAN_POINT ( 'NONE',  ( -40.47859585403621452, 35.38890729257666834, -40.52140414596465945 ) ) ;
#5338 = VERTEX_POINT ( 'NONE', #2660 ) ;
#5339 = CARTESIAN_POINT ( 'NONE',  ( -34.04604176040921715, 30.01355500063767678, 51.40691021476936839 ) ) ;
#5340 = DIRECTION ( 'NONE',  ( -4.876176775795935793E-29, 1.000000000000000000, -6.982962677686266711E-15 ) ) ;
#5341 = EDGE_LOOP ( 'NONE', ( #3208, #5376, #1774, #5368 ) ) ;
#5342 = DIRECTION ( 'NONE',  ( 4.876176775795935793E-29, -1.000000000000000000, 6.982962677686266711E-15 ) ) ;
#5343 = EDGE_CURVE ( 'NONE', #778, #5175, #5087, .T. ) ;
#5344 = CARTESIAN_POINT ( 'NONE',  ( -50.35727551047605033, 36.38890729257719414, 35.27148907284883705 ) ) ;
#5345 = EDGE_LOOP ( 'NONE', ( #3602, #3032, #4237, #460, #1335, #2807 ) ) ;
#5346 = CARTESIAN_POINT ( 'NONE',  ( 10.27140414596450313, 35.38890729257740730, 64.97859585403496396 ) ) ;
#5347 = VERTEX_POINT ( 'NONE', #88 ) ;
#5348 = LINE ( 'NONE', #2340, #1672 ) ;
#5349 = DIRECTION ( 'NONE',  ( -0.7071067811865425767, 4.625929269271484533E-15, 0.7071067811865525687 ) ) ;
#5350 = ORIENTED_EDGE ( 'NONE', *, *, #1828, .F. ) ;
#5351 = LINE ( 'NONE', #1554, #5105 ) ;
#5352 = ORIENTED_EDGE ( 'NONE', *, *, #5194, .F. ) ;
#5353 = EDGE_LOOP ( 'NONE', ( #2513, #2363, #4884, #1153 ) ) ;
#5354 = CARTESIAN_POINT ( 'NONE',  ( -16.74294012879532190, 30.19537017094954123, 51.10575019312107514 ) ) ;
#5355 = DIRECTION ( 'NONE',  ( -1.000000000000000000, 0.000000000000000000, 6.982962677686266711E-15 ) ) ;
#5356 = CARTESIAN_POINT ( 'NONE',  ( -27.00353988041783637, 22.38890729257724388, 42.08932631804449898 ) ) ;
#5357 = AXIS2_PLACEMENT_3D ( 'NONE', #1738, #3528, #4803 ) ;
#5358 = ORIENTED_EDGE ( 'NONE', *, *, #5063, .F. ) ;
#5359 = CARTESIAN_POINT ( 'NONE',  ( -10.13430423955748694, 23.72360119110954102, 38.48080112560669619 ) ) ;
#5360 = DIRECTION ( 'NONE',  ( -4.876176775795935793E-29, 1.000000000000000000, -6.982962677686266711E-15 ) ) ;
#5361 = VECTOR ( 'NONE', #1513, 1000.000000000000000 ) ;
#5362 = AXIS2_PLACEMENT_3D ( 'NONE', #1796, #5252, #480 ) ;
#5363 = CARTESIAN_POINT ( 'NONE',  ( -36.16491670206534792, 22.38890362059645511, 17.06818483696486410 ) ) ;
#5364 = DIRECTION ( 'NONE',  ( 0.7071067811865475727, 0.7071067811865475727, -9.875400524329062952E-15 ) ) ;
#5365 = ORIENTED_EDGE ( 'NONE', *, *, #2747, .F. ) ;
#5366 = CARTESIAN_POINT ( 'NONE',  ( -36.90752804217008531, 29.51522581427965974, 53.40752804216982241 ) ) ;
#5367 = CARTESIAN_POINT ( 'NONE',  ( -8.228595854035491541, 36.38890729257739309, 62.97859585403507765 ) ) ;
#5368 = ORIENTED_EDGE ( 'NONE', *, *, #5299, .F. ) ;
#5369 = CARTESIAN_POINT ( 'NONE',  ( -42.00195718017636892, 23.24847840343219474, 25.46931577242568423 ) ) ;
#5370 = EDGE_CURVE ( 'NONE', #5338, #4724, #2272, .T. ) ;
#5371 = DIRECTION ( 'NONE',  ( -0.2046286570172836106, -0.7071067811865447972, 0.6768508792395165896 ) ) ;
#5372 = ORIENTED_EDGE ( 'NONE', *, *, #3915, .F. ) ;
#5373 = CARTESIAN_POINT ( 'NONE',  ( -10.22859585403565319, 24.59467865851733137, 40.29910392972386290 ) ) ;
#5374 = VECTOR ( 'NONE', #3011, 999.9999999999998863 ) ;
#5375 = EDGE_CURVE ( 'NONE', #4493, #5056, #5003, .T. ) ;
#5376 = ORIENTED_EDGE ( 'NONE', *, *, #3027, .F. ) ;
#5377 = CARTESIAN_POINT ( 'NONE',  ( -25.86194821126380106, 21.03189029689214351, 2.519600295056883876 ) ) ;
#5378 = DIRECTION ( 'NONE',  ( 4.876176775795935793E-29, -1.000000000000000000, 6.982962677686266711E-15 ) ) ;
#5379 = CIRCLE ( 'NONE', #919, 1.000000000000018208 ) ;
#5380 = VERTEX_POINT ( 'NONE', #4716 ) ;
#5381 = CARTESIAN_POINT ( 'NONE',  ( 0.02140414596450875007, 29.31711052285291075, 63.97859585403504923 ) ) ;
#5382 = VERTEX_POINT ( 'NONE', #3080 ) ;
#5383 = VECTOR ( 'NONE', #4470, 1000.000000000000000 ) ;
#5384 = ORIENTED_EDGE ( 'NONE', *, *, #4925, .T. ) ;
#5385 = CARTESIAN_POINT ( 'NONE',  ( -16.53450068831378772, 30.21997545847855449, 51.18540837338231597 ) ) ;
#5386 = LINE ( 'NONE', #1582, #3620 ) ;
#5387 = CARTESIAN_POINT ( 'NONE',  ( -40.47859585403621452, 28.38890729257666479, -40.52140414596463103 ) ) ;
#5388 = VECTOR ( 'NONE', #304, 1000.000000000000000 ) ;
#5389 = ORIENTED_EDGE ( 'NONE', *, *, #5299, .T. ) ;
#5390 = CARTESIAN_POINT ( 'NONE',  ( -8.014293055136530342, 23.39925311468352476, 36.33159846169779428 ) ) ;
#5391 = CALENDAR_DATE ( 2026, 5, 6 ) ;
#5392 = LINE ( 'NONE', #2939, #2548 ) ;
#5393 = ORIENTED_EDGE ( 'NONE', *, *, #77, .T. ) ;
#5394 = DIRECTION ( 'NONE',  ( -4.876176775795935793E-29, 1.000000000000000000, -6.982962677686266711E-15 ) ) ;
#5395 = CARTESIAN_POINT ( 'NONE',  ( -20.22859585403551108, 35.38890729257737178, 60.47859585403517713 ) ) ;
#5396 = AXIS2_PLACEMENT_3D ( 'NONE', #4520, #5355, #2875 ) ;
#5397 = CARTESIAN_POINT ( 'NONE',  ( -41.26727105858428502, 23.11294880893143855, 24.63902547638077323 ) ) ;
#5398 = AXIS2_PLACEMENT_3D ( 'NONE', #2408, #2880, #1533 ) ;
#5399 = CARTESIAN_POINT ( 'NONE',  ( 14.64640414596429352, 2.513907292577240327, 40.47859585403517002 ) ) ;
#5400 = B_SPLINE_CURVE_WITH_KNOTS ( 'NONE', 3,
 ( #4474, #649, #1855, #3591, #2361, #2744, #3169, #4869, #232, #2495, #1209, #1151, #5397, #3677, #3756, #367, #3279, #5455, #4977, #3731, #1971, #4503, #5369, #1542, #5427, #2915, #4611, #2858, #2803, #758, #787, #2470 ),
 .UNSPECIFIED., .F., .F.,
 ( 4, 2, 1, 1, 2, 2, 2, 1, 1, 1, 2, 2, 2, 1, 1, 1, 1, 1, 2, 2, 4 ),
 ( 0.000000000000000000, 0.1249999999999953926, 0.1874999999999930889, 0.2187499999999910349, 0.2343749999999899802, 0.2499999999999889255, 0.3749999999999868439, 0.4374999999999857891, 0.4687499999999842903, 0.4843749999999851785, 0.4921874999999831801, 0.4999999999999811817, 0.6249999999999167333, 0.6874999999998862021, 0.7187499999998736566, 0.7343749999998692157, 0.7421874999998655520, 0.7460937499998645528, 0.7480468749998657740, 0.7499999999998668843, 1.000000000000000000 ),
 .UNSPECIFIED. ) ;
#5401 = VERTEX_POINT ( 'NONE', #4301 ) ;
#5402 = DIRECTION ( 'NONE',  ( 6.938893903907414549E-15, 6.938893903907414549E-15, 1.000000000000000000 ) ) ;
#5403 = ADVANCED_FACE ( 'NONE', ( #890 ), #2593, .F. ) ;
#5404 = ORIENTED_EDGE ( 'NONE', *, *, #2857, .F. ) ;
#5405 = CARTESIAN_POINT ( 'NONE',  ( -8.228595854035491541, 35.38890729257739309, 62.97859585403510607 ) ) ;
#5406 = EDGE_CURVE ( 'NONE', #111, #5382, #2572, .T. ) ;
#5407 = CARTESIAN_POINT ( 'NONE',  ( -15.00063527962952215, 29.31207568953278653, 50.87162319067438432 ) ) ;
#5408 = EDGE_CURVE ( 'NONE', #583, #2492, #2163, .T. ) ;
#5409 = EDGE_LOOP ( 'NONE', ( #4536, #1381, #2529, #4131 ) ) ;
#5410 = DIRECTION ( 'NONE',  ( 4.876176775795935793E-29, -1.000000000000000000, 6.982962677686266711E-15 ) ) ;
#5411 = ORIENTED_EDGE ( 'NONE', *, *, #4660, .F. ) ;
#5412 = ADVANCED_FACE ( 'NONE', ( #4383 ), #638, .T. ) ;
#5413 = CARTESIAN_POINT ( 'NONE',  ( -24.86609987527734589, 20.50458253438528544, 7.502700026140498579 ) ) ;
#5414 = PLANE ( 'NONE',  #3352 ) ;
#5415 = CARTESIAN_POINT ( 'NONE',  ( -9.735852060123079355, 23.47364582117917564, 37.58094955181316266 ) ) ;
#5416 = AXIS2_PLACEMENT_3D ( 'NONE', #845, #4697, #481 ) ;
#5417 = VERTEX_POINT ( 'NONE', #560 ) ;
#5418 = ADVANCED_FACE ( 'NONE', ( #2246 ), #4557, .F. ) ;
#5419 = CARTESIAN_POINT ( 'NONE',  ( -11.18049087360218330, 22.88773362567438241, 38.91888713015042356 ) ) ;
#5420 = COORDINATED_UNIVERSAL_TIME_OFFSET ( 8, 0, .AHEAD. ) ;
#5421 = DIRECTION ( 'NONE',  ( 4.876176775795935793E-29, -1.000000000000000000, 6.982962677686266711E-15 ) ) ;
#5422 = DIRECTION ( 'NONE',  ( 6.982939617164451206E-15, 6.938893903907227589E-15, 1.000000000000000000 ) ) ;
#5423 = ORIENTED_EDGE ( 'NONE', *, *, #4508, .T. ) ;
#5424 = FACE_OUTER_BOUND ( 'NONE', #696, .T. ) ;
#5425 = DIRECTION ( 'NONE',  ( -6.938893903907228378E-15, -6.938893903907228378E-15, -1.000000000000000000 ) ) ;
#5426 = B_SPLINE_CURVE_WITH_KNOTS ( 'NONE', 1,
 ( #299, #3288 ),
 .UNSPECIFIED., .F., .F.,
 ( 2, 2 ),
 ( 0.000000000000000000, 1.000000000000000000 ),
 .UNSPECIFIED. ) ;
#5427 = CARTESIAN_POINT ( 'NONE',  ( -42.08186832057226212, 23.26286286602388387, 25.55553760005879482 ) ) ;
#5428 = CARTESIAN_POINT ( 'NONE',  ( -22.91136917115677107, 22.84527390127533408, 39.93160992084445127 ) ) ;
#5429 = PERSON ( 'æœª', 'æœª', 'æœª', ('æœª'), ('æœª'), ('æœª') ) ;
#5430 = VERTEX_POINT ( 'NONE', #141 ) ;
#5431 = CARTESIAN_POINT ( 'NONE',  ( -3.228595854035695378, 27.38890729257721901, 36.22859585403512028 ) ) ;
#5432 = ORIENTED_EDGE ( 'NONE', *, *, #868, .T. ) ;
#5433 = CARTESIAN_POINT ( 'NONE',  ( -25.21190894335508759, 20.68769054325897727, 6.278162772014503012 ) ) ;
#5434 = PLANE ( 'NONE',  #900 ) ;
#5435 = ORIENTED_EDGE ( 'NONE', *, *, #5515, .T. ) ;
#5436 = CARTESIAN_POINT ( 'NONE',  ( -26.13262116784285638, 20.40926242880331998, 14.23692417960231360 ) ) ;
#5437 = ORIENTED_EDGE ( 'NONE', *, *, #3055, .F. ) ;
#5438 = CARTESIAN_POINT ( 'NONE',  ( 40.52140414596435392, 29.31711052285274377, 40.47859585403480054 ) ) ;
#5439 = FACE_OUTER_BOUND ( 'NONE', #2034, .T. ) ;
#5440 = ORIENTED_EDGE ( 'NONE', *, *, #864, .T. ) ;
#5441 = DIRECTION ( 'NONE',  ( 4.876176775795935793E-29, -1.000000000000000000, 6.982962677686266711E-15 ) ) ;
#5442 = ADVANCED_FACE ( 'NONE', ( #1846 ), #4409, .F. ) ;
#5443 = ORIENTED_EDGE ( 'NONE', *, *, #1650, .T. ) ;
#5444 = EDGE_CURVE ( 'NONE', #742, #4699, #2962, .T. ) ;
#5445 = CARTESIAN_POINT ( 'NONE',  ( -10.89383423034967358, 22.59510898741827845, 37.82399255999045806 ) ) ;
#5446 = PERSON_AND_ORGANIZATION ( #5429, #4123 ) ;
#5447 = CARTESIAN_POINT ( 'NONE',  ( -18.50111795209164711, 29.10723870832389792, 50.11508720819445983 ) ) ;
#5448 = CARTESIAN_POINT ( 'NONE',  ( -3.228595854035709145, 27.38890729257720480, 34.22859585403512028 ) ) ;
#5449 = ORIENTED_EDGE ( 'NONE', *, *, #961, .T. ) ;
#5450 = LINE ( 'NONE', #2439, #1164 ) ;
#5451 = VECTOR ( 'NONE', #1654, 1000.000000000000000 ) ;
#5452 = CARTESIAN_POINT ( 'NONE',  ( -25.60241042314460813, 23.27070575501105409, 42.12555615868014769 ) ) ;
#5453 = VECTOR ( 'NONE', #926, 1000.000000000000114 ) ;
#5454 =( BOUNDED_CURVE ( )  B_SPLINE_CURVE ( 3, ( #1915, #2331, #617, #3199 ),
 .UNSPECIFIED., .F., .T. ) 
 B_SPLINE_CURVE_WITH_KNOTS ( ( 4, 4 ),
 ( 1.570796326794896558, 2.094395102393193486 ),
 .UNSPECIFIED. ) 
 CURVE ( )  GEOMETRIC_REPRESENTATION_ITEM ( )  RATIONAL_B_SPLINE_CURVE ( ( 1.000000000000000000, 0.9772838841927123932, 0.9772838841927123932, 1.000000000000000000 ) ) 
 REPRESENTATION_ITEM ( '' )  );
#5455 = CARTESIAN_POINT ( 'NONE',  ( -41.45178011266732199, 23.14753564605278413, 24.85396633719345516 ) ) ;
#5456 = VECTOR ( 'NONE', #4885, 1000.000000000000114 ) ;
#5457 = VECTOR ( 'NONE', #3539, 1000.000000000000000 ) ;
#5458 = CARTESIAN_POINT ( 'NONE',  ( -25.97859585403594096, 21.09365593457926025, -0.02140414596469610020 ) ) ;
#5459 = PLANE ( 'NONE',  #4202 ) ;
#5460 = CARTESIAN_POINT ( 'NONE',  ( -25.79200997419058083, 20.99485757416513110, 3.152282082871610047 ) ) ;
#5461 = CARTESIAN_POINT ( 'NONE',  ( -7.978595854035533286, 36.38990729257735524, 57.97859585403508476 ) ) ;
#5462 = ORIENTED_EDGE ( 'NONE', *, *, #2309, .T. ) ;
#5463 = CARTESIAN_POINT ( 'NONE',  ( -25.36142115983874490, 20.01230138268186209, 9.345546717269280990 ) ) ;
#5464 = ORIENTED_EDGE ( 'NONE', *, *, #3055, .T. ) ;
#5465 = DIRECTION ( 'NONE',  ( 4.876176775795935793E-29, -1.000000000000000000, 6.982962677686266711E-15 ) ) ;
#5466 = CARTESIAN_POINT ( 'NONE',  ( -24.88976036088144284, 20.51585715659624398, 13.36973474678363161 ) ) ;
#5467 = AXIS2_PLACEMENT_3D ( 'NONE', #1438, #3488, #3967 ) ;
#5468 = CARTESIAN_POINT ( 'NONE',  ( -6.780594045467191577, 34.58890729257723251, 40.90359585403510323 ) ) ;
#5469 = EDGE_LOOP ( 'NONE', ( #4163, #2209, #3322, #4206, #4371, #838, #656, #3376, #4564, #1249 ) ) ;
#5470 = PLANE ( 'NONE',  #3160 ) ;
#5471 = CONICAL_SURFACE ( 'NONE', #650, 0.9999999999999384936, 0.7853981633974450594 ) ;
#5472 = CARTESIAN_POINT ( 'NONE',  ( -20.22859585403558214, 29.89446079204246232, 50.47859585403522686 ) ) ;
#5473 = ORIENTED_EDGE ( 'NONE', *, *, #1916, .F. ) ;
#5474 = CARTESIAN_POINT ( 'NONE',  ( -8.831329744468755294, 23.38871601285548962, 36.69066585761878940 ) ) ;
#5475 = ADVANCED_FACE ( 'NONE', ( #1057 ), #602, .F. ) ;
#5476 = LINE ( 'NONE', #5026, #1126 ) ;
#5477 = CONICAL_SURFACE ( 'NONE', #1548, 1.000000000000000888, 0.7853981633974482790 ) ;
#5478 = CARTESIAN_POINT ( 'NONE',  ( -37.63489430136476699, 22.48073100647051348, 19.44685149842688432 ) ) ;
#5479 = ORIENTED_EDGE ( 'NONE', *, *, #1605, .T. ) ;
#5480 = ADVANCED_FACE ( 'NONE', ( #225 ), #2736, .F. ) ;
#5481 = CARTESIAN_POINT ( 'NONE',  ( -15.13194482118074191, 30.31711052285285746, 51.87486711300087450 ) ) ;
#5482 = EDGE_CURVE ( 'NONE', #4699, #772, #165, .T. ) ;
#5483 = CARTESIAN_POINT ( 'NONE',  ( -25.76944810064011904, 23.29881349551964931, 42.28276640379192486 ) ) ;
#5484 = EDGE_LOOP ( 'NONE', ( #5297, #197, #1354, #5358, #1299 ) ) ;
#5485 = LINE ( 'NONE', #2447, #543 ) ;
#5486 = CARTESIAN_POINT ( 'NONE',  ( -17.84708548084744351, 22.38890729257720125, 36.42242869319363052 ) ) ;
#5487 = EDGE_CURVE ( 'NONE', #3395, #4566, #3406, .T. ) ;
#5488 = AXIS2_PLACEMENT_3D ( 'NONE', #5249, #5308, #1089 ) ;
#5489 = CARTESIAN_POINT ( 'NONE',  ( -16.91452654998484206, 30.17470518710307559, 51.03545833312547586 ) ) ;
#5490 = CARTESIAN_POINT ( 'NONE',  ( -27.00353988041783637, 22.38890729257724388, 42.08932631804449898 ) ) ;
#5491 = CC_DESIGN_DATE_AND_TIME_ASSIGNMENT ( #2908, #2018, ( #3140 ) ) ;
#5492 = VERTEX_POINT ( 'NONE', #1876 ) ;
#5493 = LINE ( 'NONE', #3425, #1007 ) ;
#5494 = ORIENTED_EDGE ( 'NONE', *, *, #1029, .F. ) ;
#5495 = B_SPLINE_CURVE_WITH_KNOTS ( 'NONE', 3,
 ( #4705, #3036, #1726, #4763 ),
 .UNSPECIFIED., .F., .F.,
 ( 4, 4 ),
 ( 0.000000000000000000, 1.000000000000000000 ),
 .UNSPECIFIED. ) ;
#5496 = DIRECTION ( 'NONE',  ( -0.7071067811865420216, 4.937700262164535420E-15, 0.7071067811865531239 ) ) ;
#5497 = CARTESIAN_POINT ( 'NONE',  ( -26.61626935001757488, 21.33822200575083627, 16.62717246682564110 ) ) ;
#5498 = DIRECTION ( 'NONE',  ( -4.876176775795935793E-29, 1.000000000000000000, -6.982962677686266711E-15 ) ) ;
#5499 = EDGE_LOOP ( 'NONE', ( #5162, #4157, #2153, #2805 ) ) ;
#5500 = CARTESIAN_POINT ( 'NONE',  ( -9.913716712131410702, 23.54043979020650212, 37.89024366166914604 ) ) ;
#5501 = CONICAL_SURFACE ( 'NONE', #1661, 26.00000000000000355, 0.7853981633974447263 ) ;
#5502 = LINE ( 'NONE', #883, #3152 ) ;
#5503 = ORIENTED_EDGE ( 'NONE', *, *, #794, .T. ) ;
#5504 = CARTESIAN_POINT ( 'NONE',  ( -9.690385864527900850, 22.39351332542616646, 36.10585301234318223 ) ) ;
#5505 = MECHANICAL_CONTEXT ( 'NONE', #497, 'mechanical' ) ;
#5506 = DIRECTION ( 'NONE',  ( -6.982962677686266711E-15, -6.982962677686266711E-15, -1.000000000000000000 ) ) ;
#5507 = CIRCLE ( 'NONE', #1397, 3.499999999999999556 ) ;
#5508 = CARTESIAN_POINT ( 'NONE',  ( -50.70301683054471908, 28.77411095275133235, 34.20301683054446329 ) ) ;
#5509 = ADVANCED_FACE ( 'NONE', ( #4833 ), #4032, .T. ) ;
#5510 = EDGE_CURVE ( 'NONE', #4154, #755, #1992, .T. ) ;
#5511 = EDGE_LOOP ( 'NONE', ( #3101, #1910, #4820, #5235, #2759 ) ) ;
#5512 = AXIS2_PLACEMENT_3D ( 'NONE', #1863, #4454, #4099 ) ;
#5513 = LINE ( 'NONE', #1567, #3849 ) ;
#5514 = CARTESIAN_POINT ( 'NONE',  ( -51.06438229166259646, 29.31711052285270114, 34.56438229166235487 ) ) ;
#5515 = EDGE_CURVE ( 'NONE', #1413, #1990, #2598, .T. ) ;
#5516 = EDGE_CURVE ( 'NONE', #3446, #72, #3680, .T. ) ;
#5517 = DIRECTION ( 'NONE',  ( -0.5000000000000075495, 0.7071067811865382469, -0.5000000000000055511 ) ) ;
#5518 = CARTESIAN_POINT ( 'NONE',  ( -21.16612356018169550, 22.38890729257721546, 38.00926607581506289 ) ) ;
#5519 = DIRECTION ( 'NONE',  ( 6.982962677686266711E-15, 6.982962677686266711E-15, 1.000000000000000000 ) ) ;
#5520 = CARTESIAN_POINT ( 'NONE',  ( -26.53213535962681391, 23.05557395924391173, 42.56073083883552499 ) ) ;
#5521 = EDGE_CURVE ( 'NONE', #4442, #4493, #1532, .T. ) ;
#5522 = EDGE_LOOP ( 'NONE', ( #503, #2006, #4877, #5102, #5023, #3284, #2255, #4167 ) ) ;
#5523 = CARTESIAN_POINT ( 'NONE',  ( -25.41514831617661585, 20.03995645006214943, 11.84356024745458491 ) ) ;
#5524 = ORIENTED_EDGE ( 'NONE', *, *, #3681, .F. ) ;
#5525 = CARTESIAN_POINT ( 'NONE',  ( -26.27884838572997594, 36.38890729257720125, 36.17834332234124872 ) ) ;
#5526 = CARTESIAN_POINT ( 'NONE',  ( -35.77998293644672145, 29.76272070782422574, 52.43654469997352408 ) ) ;
#5527 = PLANE ( 'NONE',  #4239 ) ;
#5528 = CARTESIAN_POINT ( 'NONE',  ( -9.123406003903307138, 23.39489550175672861, 36.90270484723389188 ) ) ;
#5529 = CARTESIAN_POINT ( 'NONE',  ( -37.17009250182329083, 22.38890729257708045, 19.45835304393656884 ) ) ;
#5530 = ORIENTED_EDGE ( 'NONE', *, *, #3266, .T. ) ;
#5531 = CARTESIAN_POINT ( 'NONE',  ( -8.147840991240084207, 22.40226090956435101, 35.28167393154927822 ) ) ;
ENDSEC;
END-ISO-10303-21;
