ISO-10303-21;
HEADER;
FILE_DESCRIPTION (( 'STEP AP203' ),
    '1' );
FILE_NAME ('Íâµ××ù1.STEP',
    '2026-06-05T07:28:33',
    ( 'Windows User' ),
    ( 'P R C' ),
    'SwSTEP 2.0',
    'SolidWorks 2024',
    '' );
FILE_SCHEMA (( 'CONFIG_CONTROL_DESIGN' ));
ENDSEC;

DATA;
#1 = EDGE_CURVE ( 'NONE', #3423, #2742, #2232, .T. ) ;
#2 = VERTEX_POINT ( 'NONE', #2618 ) ;
#3 = DIRECTION ( 'NONE',  ( 0.000000000000000000, 0.000000000000000000, 1.000000000000000000 ) ) ;
#4 = CARTESIAN_POINT ( 'NONE',  ( -8.000000000000000000, -0.001000000000000132727, 59.09999999999999432 ) ) ;
#5 = VERTEX_POINT ( 'NONE', #3093 ) ;
#6 = CARTESIAN_POINT ( 'NONE',  ( -32.34850197421329909, 6.333639653437654005, 50.81511547530201511 ) ) ;
#7 = CIRCLE ( 'NONE', #3042, 10.00000000000000355 ) ;
#8 = CARTESIAN_POINT ( 'NONE',  ( -17.01941406568391812, 6.224868841385540641, 51.03620798620929833 ) ) ;
#9 = CARTESIAN_POINT ( 'NONE',  ( -42.16409991035694560, 13.11512758299302206, 25.64215342688623878 ) ) ;
#10 = VERTEX_POINT ( 'NONE', #2644 ) ;
#11 = LINE ( 'NONE', #3411, #437 ) ;
#12 = CARTESIAN_POINT ( 'NONE',  ( 0.000000000000000000, 8.000000000000000000, 0.000000000000000000 ) ) ;
#13 = DIRECTION ( 'NONE',  ( 1.387778780781444413E-14, 0.000000000000000000, -1.000000000000000000 ) ) ;
#14 = ADVANCED_FACE ( 'NONE', ( #4795 ), #1807, .F. ) ;
#15 = DIRECTION ( 'NONE',  ( 0.000000000000000000, 1.000000000000000000, 0.000000000000000000 ) ) ;
#16 = CARTESIAN_POINT ( 'NONE',  ( -37.97450797746841289, 14.00000000000000000, 21.07767612625670495 ) ) ;
#17 = CARTESIAN_POINT ( 'NONE',  ( -35.37993039570559972, 6.896683161198275513, 52.08395476818758851 ) ) ;
#18 = AXIS2_PLACEMENT_3D ( 'NONE', #3645, #4883, #4513 ) ;
#19 = ORIENTED_EDGE ( 'NONE', *, *, #3274, .F. ) ;
#20 = VERTEX_POINT ( 'NONE', #2260 ) ;
#21 = FACE_OUTER_BOUND ( 'NONE', #1979, .T. ) ;
#22 = DIRECTION ( 'NONE',  ( -0.000000000000000000, 1.000000000000000000, -0.000000000000000000 ) ) ;
#23 = LINE ( 'NONE', #831, #4372 ) ;
#24 = ORIENTED_EDGE ( 'NONE', *, *, #3874, .F. ) ;
#25 = VECTOR ( 'NONE', #3698, 1000.000000000000000 ) ;
#26 = ORIENTED_EDGE ( 'NONE', *, *, #4606, .F. ) ;
#27 = DIRECTION ( 'NONE',  ( -0.6644630243886786580, -0.3420201433256658263, 0.6644630243886723298 ) ) ;
#28 = LINE ( 'NONE', #1733, #399 ) ;
#29 = EDGE_CURVE ( 'NONE', #2094, #1802, #4316, .T. ) ;
#30 = AXIS2_PLACEMENT_3D ( 'NONE', #4506, #1917, #1942 ) ;
#31 = CARTESIAN_POINT ( 'NONE',  ( -29.85786437626905609, 7.360471904319304315, 49.99999999999997868 ) ) ;
#32 = ORIENTED_EDGE ( 'NONE', *, *, #4448, .F. ) ;
#33 = CARTESIAN_POINT ( 'NONE',  ( -111.9295786402058042, 18.00000000000000355, -8.070421359794201166 ) ) ;
#34 = CARTESIAN_POINT ( 'NONE',  ( -36.69880349980773815, 6.875524950916026334, 53.20309384393745944 ) ) ;
#35 = VECTOR ( 'NONE', #1485, 1000.000000000000114 ) ;
#36 = EDGE_LOOP ( 'NONE', ( #1254, #3602, #1280, #805, #3921 ) ) ;
#37 = CARTESIAN_POINT ( 'NONE',  ( -34.05997781472903796, 6.374686768577177531, 51.42485747291404863 ) ) ;
#38 = CARTESIAN_POINT ( 'NONE',  ( -41.52023765621699880, 13.23260569999408354, 24.92952785907859337 ) ) ;
#39 = ADVANCED_FACE ( 'NONE', ( #496 ), #3903, .F. ) ;
#40 = ADVANCED_FACE ( 'NONE', ( #83 ), #3484, .F. ) ;
#41 = ORIENTED_EDGE ( 'NONE', *, *, #3544, .F. ) ;
#42 = CARTESIAN_POINT ( 'NONE',  ( -7.647851547348111012, 12.98395150402556908, 36.27483683645826318 ) ) ;
#43 = LINE ( 'NONE', #766, #3858 ) ;
#44 = CARTESIAN_POINT ( 'NONE',  ( -31.25000000000032685, 8.000000000000000000, 31.25000000000002132 ) ) ;
#45 = CARTESIAN_POINT ( 'NONE',  ( -38.89086199568778568, 14.00000000000000355, 22.78118214336829084 ) ) ;
#46 = EDGE_CURVE ( 'NONE', #3036, #354, #4500, .T. ) ;
#47 = CARTESIAN_POINT ( 'NONE',  ( -32.16816477195938972, 6.341110838772870295, 50.76727990709175486 ) ) ;
#48 = VERTEX_POINT ( 'NONE', #136 ) ;
#49 = FACE_OUTER_BOUND ( 'NONE', #1381, .T. ) ;
#50 = CARTESIAN_POINT ( 'NONE',  ( -51.08578643762690064, 0.000000000000000000, 34.58578643762690774 ) ) ;
#51 = CARTESIAN_POINT ( 'NONE',  ( -31.25000000000000000, 11.00000000000000000, 6.250000000000003553 ) ) ;
#52 = ORIENTED_EDGE ( 'NONE', *, *, #1538, .T. ) ;
#53 = CARTESIAN_POINT ( 'NONE',  ( -6.249999999999991118, 17.78035457054157220, 27.75000000000000000 ) ) ;
#54 = LINE ( 'NONE', #555, #5060 ) ;
#55 = DIRECTION ( 'NONE',  ( -0.000000000000000000, 1.000000000000000000, -0.000000000000000000 ) ) ;
#56 = CARTESIAN_POINT ( 'NONE',  ( -31.85425168610960611, 7.255002243696456965, 50.18267881085579774 ) ) ;
#57 = CIRCLE ( 'NONE', #1750, 8.999999999999966249 ) ;
#58 = ORIENTED_EDGE ( 'NONE', *, *, #3587, .T. ) ;
#59 = CARTESIAN_POINT ( 'NONE',  ( 0.000000000000000000, 14.00000000000000000, 0.000000000000000000 ) ) ;
#60 = CARTESIAN_POINT ( 'NONE',  ( -36.51453762986299978, 6.877204394429292655, 53.03062405674749868 ) ) ;
#61 = ORIENTED_EDGE ( 'NONE', *, *, #3578, .T. ) ;
#62 = CARTESIAN_POINT ( 'NONE',  ( -36.19553253065188159, 6.706205522312819411, 52.76426122999682633 ) ) ;
#63 = CARTESIAN_POINT ( 'NONE',  ( -16.72858545238072026, 6.189251982467851576, 51.14052965705239728 ) ) ;
#64 = B_SPLINE_CURVE_WITH_KNOTS ( 'NONE', 1,
 ( #3694, #230 ),
 .UNSPECIFIED., .F., .F.,
 ( 2, 2 ),
 ( 0.000000000000000000, 1.000000000000000000 ),
 .UNSPECIFIED. ) ;
#65 = CARTESIAN_POINT ( 'NONE',  ( -42.81783724519573298, 12.99999999999999822, 26.31783724519565126 ) ) ;
#66 = CIRCLE ( 'NONE', #1403, 4.000000000000031086 ) ;
#67 = ORIENTED_EDGE ( 'NONE', *, *, #3106, .T. ) ;
#68 = EDGE_CURVE ( 'NONE', #271, #3428, #5219, .T. ) ;
#69 = CARTESIAN_POINT ( 'NONE',  ( -8.978448634137631501, 12.99866610875118056, 36.79745583144594434 ) ) ;
#70 = FACE_OUTER_BOUND ( 'NONE', #776, .T. ) ;
#71 = CARTESIAN_POINT ( 'NONE',  ( -10.24999999999999112, 12.32097260787962867, 39.25000000000000000 ) ) ;
#72 = VECTOR ( 'NONE', #2281, 999.9999999999998863 ) ;
#73 = CARTESIAN_POINT ( 'NONE',  ( -36.55840451343291875, 6.876782823274689704, 53.07063780008684972 ) ) ;
#74 = VECTOR ( 'NONE', #356, 1000.000000000000000 ) ;
#75 = ORIENTED_EDGE ( 'NONE', *, *, #2936, .T. ) ;
#76 = EDGE_CURVE ( 'NONE', #2623, #1220, #3395, .T. ) ;
#77 = AXIS2_PLACEMENT_3D ( 'NONE', #3180, #244, #1032 ) ;
#78 = EDGE_CURVE ( 'NONE', #685, #4570, #711, .T. ) ;
#79 = CARTESIAN_POINT ( 'NONE',  ( -24.62090703295965355, 16.01130921738857893, 8.615092859711557693 ) ) ;
#80 = CARTESIAN_POINT ( 'NONE',  ( -50.50000000000000000, 5.917096231345233548, 33.17157287525381548 ) ) ;
#81 = CARTESIAN_POINT ( 'NONE',  ( -31.85425168610960611, 7.255002243696456965, 50.18267881085579774 ) ) ;
#82 = ORIENTED_EDGE ( 'NONE', *, *, #4991, .T. ) ;
#83 = FACE_OUTER_BOUND ( 'NONE', #3570, .T. ) ;
#84 = DIRECTION ( 'NONE',  ( -0.000000000000000000, -1.000000000000000000, -0.000000000000000000 ) ) ;
#85 = DIRECTION ( 'NONE',  ( -0.7071067811865474617, 0.7071067811865474617, -0.000000000000000000 ) ) ;
#86 = CARTESIAN_POINT ( 'NONE',  ( -33.89143527874139039, 13.25820099772552929, 48.97722171636826971 ) ) ;
#87 = CARTESIAN_POINT ( 'NONE',  ( -60.17957864020574021, 18.00000000000000355, 43.67957864020586101 ) ) ;
#88 = APPROVAL_PERSON_ORGANIZATION ( #1399, #2231, #980 ) ;
#89 = EDGE_CURVE ( 'NONE', #5431, #447, #3997, .T. ) ;
#90 = ORIENTED_EDGE ( 'NONE', *, *, #235, .F. ) ;
#91 = FACE_OUTER_BOUND ( 'NONE', #4122, .T. ) ;
#92 = CARTESIAN_POINT ( 'NONE',  ( -32.74264131968944724, 7.095240187800576415, 50.52566489455934118 ) ) ;
#93 = EDGE_CURVE ( 'NONE', #2269, #3522, #2728, .T. ) ;
#94 = AXIS2_PLACEMENT_3D ( 'NONE', #5284, #2175, #434 ) ;
#95 = ORIENTED_EDGE ( 'NONE', *, *, #3568, .T. ) ;
#96 = ADVANCED_FACE ( 'NONE', ( #2362 ), #2312, .F. ) ;
#97 = ORIENTED_EDGE ( 'NONE', *, *, #3824, .F. ) ;
#98 = CARTESIAN_POINT ( 'NONE',  ( -35.26976450149046372, 6.530437892453962334, 52.09019434784559621 ) ) ;
#99 = CARTESIAN_POINT ( 'NONE',  ( -16.58060124783688849, 6.171846558900535129, 51.19729998195447251 ) ) ;
#100 = DIRECTION ( 'NONE',  ( 0.000000000000000000, 0.000000000000000000, -1.000000000000000000 ) ) ;
#101 = ORIENTED_EDGE ( 'NONE', *, *, #5448, .F. ) ;
#102 = LINE ( 'NONE', #2690, #617 ) ;
#103 = EDGE_CURVE ( 'NONE', #298, #525, #187, .T. ) ;
#104 = CARTESIAN_POINT ( 'NONE',  ( -37.90789795116184990, 14.00000000000000000, 20.94652270231240720 ) ) ;
#105 = CARTESIAN_POINT ( 'NONE',  ( -22.40346308917739648, 13.99999999999999467, 38.67787548215568449 ) ) ;
#106 = VERTEX_POINT ( 'NONE', #3642 ) ;
#107 = CARTESIAN_POINT ( 'NONE',  ( 0.000000000000000000, 1.000000000000000888, 65.00000000000000000 ) ) ;
#108 = DIRECTION ( 'NONE',  ( 0.000000000000000000, 1.000000000000000000, 0.000000000000000000 ) ) ;
#109 = DIRECTION ( 'NONE',  ( -0.000000000000000000, 1.000000000000000000, -0.000000000000000000 ) ) ;
#110 = VERTEX_POINT ( 'NONE', #1125 ) ;
#111 = VECTOR ( 'NONE', #4367, 1000.000000000000000 ) ;
#112 = CARTESIAN_POINT ( 'NONE',  ( -20.24999999999998934, 1.000000000000000888, 50.49999999999999289 ) ) ;
#113 = PLANE ( 'NONE',  #3630 ) ;
#114 = CARTESIAN_POINT ( 'NONE',  ( -1.250000000000006661, -0.0009999999999992653654, 27.81074432660873796 ) ) ;
#115 = EDGE_CURVE ( 'NONE', #3673, #1727, #2338, .T. ) ;
#116 = VECTOR ( 'NONE', #2493, 999.9999999999998863 ) ;
#117 = CARTESIAN_POINT ( 'NONE',  ( -7.999999999999989342, 0.000000000000000000, 55.60399638286304480 ) ) ;
#118 = CARTESIAN_POINT ( 'NONE',  ( -17.57063455350384373, 13.98774073557020436, 36.48149846038957378 ) ) ;
#119 = ORIENTED_EDGE ( 'NONE', *, *, #2630, .T. ) ;
#120 = DIRECTION ( 'NONE',  ( -0.7071067811865475727, 0.000000000000000000, 0.7071067811865473507 ) ) ;
#121 = ORIENTED_EDGE ( 'NONE', *, *, #2056, .F. ) ;
#122 = VERTEX_POINT ( 'NONE', #4905 ) ;
#123 = CARTESIAN_POINT ( 'NONE',  ( -36.37182627898180698, 6.744484809464376340, 52.91261910482322151 ) ) ;
#124 = DIRECTION ( 'NONE',  ( 1.000000000000000000, 0.000000000000000000, 0.000000000000000000 ) ) ;
#125 = CARTESIAN_POINT ( 'NONE',  ( -11.24999999999994493, 8.000000000000000000, -8.131516293641246967E-15 ) ) ;
#126 = ORIENTED_EDGE ( 'NONE', *, *, #3445, .F. ) ;
#127 = ORIENTED_EDGE ( 'NONE', *, *, #3792, .F. ) ;
#128 = CARTESIAN_POINT ( 'NONE',  ( -66.83578643762680827, 1.000000000000006217, 50.33578643762699301 ) ) ;
#129 = CARTESIAN_POINT ( 'NONE',  ( -3.250000000000005329, 8.000000000000000000, 27.81074432660873796 ) ) ;
#130 = CARTESIAN_POINT ( 'NONE',  ( -23.11288419438008290, 14.00000000000000178, 39.08385403240824729 ) ) ;
#131 = EDGE_LOOP ( 'NONE', ( #5184, #1083, #5425, #3780 ) ) ;
#132 = CARTESIAN_POINT ( 'NONE',  ( -15.49633354124788553, 6.071900736462980674, 51.69312531481715212 ) ) ;
#133 = DIRECTION ( 'NONE',  ( 0.4999999999999973910, -0.7071067811865476838, 0.5000000000000022204 ) ) ;
#134 = FACE_OUTER_BOUND ( 'NONE', #2178, .T. ) ;
#135 = ORIENTED_EDGE ( 'NONE', *, *, #4914, .F. ) ;
#136 = CARTESIAN_POINT ( 'NONE',  ( -30.51171607843058453, 13.00000000000001776, 47.01171607843061651 ) ) ;
#137 = CARTESIAN_POINT ( 'NONE',  ( -34.45962095248823687, 8.000000000000000000, 10.41799039214540201 ) ) ;
#138 = PLANE ( 'NONE',  #1406 ) ;
#139 = CARTESIAN_POINT ( 'NONE',  ( -9.137217290062578101, 13.66666666666665719, 36.10629910065645021 ) ) ;
#140 = CARTESIAN_POINT ( 'NONE',  ( -18.26470023895903694, 13.96618679394622475, 36.90906830115036996 ) ) ;
#141 = ADVANCED_FACE ( 'NONE', ( #1553 ), #1076, .F. ) ;
#142 = EDGE_CURVE ( 'NONE', #2750, #1934, #4852, .T. ) ;
#143 = VERTEX_POINT ( 'NONE', #1528 ) ;
#144 = PLANE ( 'NONE',  #5420 ) ;
#145 = ORIENTED_EDGE ( 'NONE', *, *, #2656, .T. ) ;
#146 = CIRCLE ( 'NONE', #3890, 2.000000000000001776 ) ;
#147 = LINE ( 'NONE', #1845, #533 ) ;
#148 = CARTESIAN_POINT ( 'NONE',  ( -29.85786437626907741, 0.000000000000000000, 49.49999999999999289 ) ) ;
#149 = ORIENTED_EDGE ( 'NONE', *, *, #1706, .F. ) ;
#150 = EDGE_LOOP ( 'NONE', ( #5037, #4840, #2978, #4627 ) ) ;
#151 = CARTESIAN_POINT ( 'NONE',  ( -10.01778619388591807, 12.80059049009036087, 38.09166951702324155 ) ) ;
#152 = ADVANCED_FACE ( 'NONE', ( #3611, #3588 ), #2780, .T. ) ;
#153 = CYLINDRICAL_SURFACE ( 'NONE', #1446, 10.00000000000000178 ) ;
#154 = VERTEX_POINT ( 'NONE', #4064 ) ;
#155 = EDGE_CURVE ( 'NONE', #4434, #4016, #1856, .T. ) ;
#156 = CARTESIAN_POINT ( 'NONE',  ( -15.02096689537266272, 7.071866080883502548, 50.88692469248663031 ) ) ;
#157 = CARTESIAN_POINT ( 'NONE',  ( -49.08578643762688642, 9.381197846482995928, 32.58578643762687221 ) ) ;
#158 = CYLINDRICAL_SURFACE ( 'NONE', #781, 1.099999999999996758 ) ;
#159 = ORIENTED_EDGE ( 'NONE', *, *, #1136, .F. ) ;
#160 = AXIS2_PLACEMENT_3D ( 'NONE', #1649, #1309, #2126 ) ;
#161 = DIRECTION ( 'NONE',  ( 0.000000000000000000, 0.000000000000000000, -1.000000000000000000 ) ) ;
#162 = CARTESIAN_POINT ( 'NONE',  ( -35.50000000000001421, 1.000000000000000888, 40.49999999999999289 ) ) ;
#163 = CARTESIAN_POINT ( 'NONE',  ( -24.88750402124150440, 0.000000000000000000, 7.524104172105012367 ) ) ;
#164 = AXIS2_PLACEMENT_3D ( 'NONE', #3696, #262, #4011 ) ;
#165 = FACE_OUTER_BOUND ( 'NONE', #2437, .T. ) ;
#166 = CARTESIAN_POINT ( 'NONE',  ( 5.656854249492363707, 14.00000000000000000, 5.656854249492416109 ) ) ;
#167 = ORIENTED_EDGE ( 'NONE', *, *, #1957, .T. ) ;
#168 = DIRECTION ( 'NONE',  ( 5.062390359345617340E-16, 0.000000000000000000, -1.000000000000000000 ) ) ;
#169 = ORIENTED_EDGE ( 'NONE', *, *, #1323, .F. ) ;
#170 = CC_DESIGN_APPROVAL ( #825, ( #3278 ) ) ;
#171 = DIRECTION ( 'NONE',  ( 0.000000000000000000, 0.000000000000000000, -1.000000000000000000 ) ) ;
#172 = CARTESIAN_POINT ( 'NONE',  ( -10.37201022901062153, 13.95330192968857652, 36.82562763329564604 ) ) ;
#173 = AXIS2_PLACEMENT_3D ( 'NONE', #423, #2444, #2136 ) ;
#174 = ORIENTED_EDGE ( 'NONE', *, *, #924, .T. ) ;
#175 = VERTEX_POINT ( 'NONE', #2833 ) ;
#176 = CARTESIAN_POINT ( 'NONE',  ( -8.924710062059476812, 13.99755686604678750, 35.59222258745775491 ) ) ;
#177 = B_SPLINE_SURFACE_WITH_KNOTS ( 'NONE', 1, 3, ( 
 ( #4539, #326, #4936, #2424 ),
 ( #236, #3617, #1952, #2008 ) ),
 .UNSPECIFIED., .F., .F., .F.,
 ( 2, 2 ),
 ( 4, 4 ),
 ( 0.000000000000000000, 1.000000000000000000 ),
 ( 6.100684153203973281, 6.283185307179585344 ),
 .UNSPECIFIED. ) ;
#178 = CARTESIAN_POINT ( 'NONE',  ( -38.99634422281226875, 14.00000000000000355, 22.96352128512557300 ) ) ;
#179 = CARTESIAN_POINT ( 'NONE',  ( -8.000000000000000000, -0.001000000000000132727, 44.09999999999999432 ) ) ;
#180 = ORIENTED_EDGE ( 'NONE', *, *, #1466, .F. ) ;
#181 = EDGE_CURVE ( 'NONE', #4912, #3973, #2388, .T. ) ;
#182 = DIRECTION ( 'NONE',  ( 0.7071067811865435759, 0.000000000000000000, -0.7071067811865515695 ) ) ;
#183 = CARTESIAN_POINT ( 'NONE',  ( -50.47702409717625471, 6.266148463208005559, 33.12562106960633201 ) ) ;
#184 = FACE_BOUND ( 'NONE', #4088, .T. ) ;
#185 = VECTOR ( 'NONE', #4977, 1000.000000000000114 ) ;
#186 = EDGE_LOOP ( 'NONE', ( #1588, #2160, #3495, #1926 ) ) ;
#187 = LINE ( 'NONE', #5298, #1591 ) ;
#188 = LINE ( 'NONE', #2421, #1169 ) ;
#189 = DIRECTION ( 'NONE',  ( -0.000000000000000000, -1.000000000000000000, -0.000000000000000000 ) ) ;
#190 = CARTESIAN_POINT ( 'NONE',  ( -39.58304597993990370, 14.00000000000000000, 23.92569546939779102 ) ) ;
#191 = CARTESIAN_POINT ( 'NONE',  ( -18.27199798087592342, 13.96590750005368164, 36.91357771474312699 ) ) ;
#192 = VECTOR ( 'NONE', #3837, 1000.000000000000000 ) ;
#193 = VERTEX_POINT ( 'NONE', #1020 ) ;
#194 = CARTESIAN_POINT ( 'NONE',  ( -27.07064642102398366, 14.84445459337011641, 17.17116539707415157 ) ) ;
#195 = AXIS2_PLACEMENT_3D ( 'NONE', #313, #5430, #2890 ) ;
#196 = CARTESIAN_POINT ( 'NONE',  ( -36.61363642140160835, 6.799050174317481599, 53.12707302602471771 ) ) ;
#197 = LINE ( 'NONE', #2248, #2414 ) ;
#198 = DIRECTION ( 'NONE',  ( 0.000000000000000000, 1.000000000000000000, 0.000000000000000000 ) ) ;
#199 = ORIENTED_EDGE ( 'NONE', *, *, #1464, .F. ) ;
#200 = EDGE_LOOP ( 'NONE', ( #3913, #2558, #3133, #1262 ) ) ;
#201 = DIRECTION ( 'NONE',  ( 0.000000000000000000, 0.000000000000000000, -1.000000000000000000 ) ) ;
#202 = VECTOR ( 'NONE', #345, 1000.000000000000000 ) ;
#203 = EDGE_CURVE ( 'NONE', #5431, #3357, #4932, .T. ) ;
#204 = EDGE_CURVE ( 'NONE', #4751, #110, #4535, .T. ) ;
#205 = CARTESIAN_POINT ( 'NONE',  ( -25.97664533498844364, 15.30761779544234713, -1.272214588003440561 ) ) ;
#206 = CARTESIAN_POINT ( 'NONE',  ( -35.10889676847026664, 13.99781374801513678, 17.13458404677544777 ) ) ;
#207 = CARTESIAN_POINT ( 'NONE',  ( -26.46859171716517167, 15.13122402619285012, 16.43018531460976916 ) ) ;
#208 = CARTESIAN_POINT ( 'NONE',  ( -23.92569546939782654, 13.99999999999999822, 39.58304597993991081 ) ) ;
#209 = CARTESIAN_POINT ( 'NONE',  ( -31.25000000000032685, 8.000000000000000000, 31.25000000000002132 ) ) ;
#210 = ORIENTED_EDGE ( 'NONE', *, *, #372, .T. ) ;
#211 = EDGE_CURVE ( 'NONE', #3424, #1497, #2803, .T. ) ;
#212 = DIRECTION ( 'NONE',  ( 1.000000000000000000, 0.000000000000000000, 0.000000000000000000 ) ) ;
#213 = LINE ( 'NONE', #2834, #366 ) ;
#214 = DIRECTION ( 'NONE',  ( 0.7071067811865507924, 0.000000000000000000, -0.7071067811865441310 ) ) ;
#215 = DIRECTION ( 'NONE',  ( 0.000000000000000000, -1.000000000000000000, 0.000000000000000000 ) ) ;
#216 = CARTESIAN_POINT ( 'NONE',  ( -18.46573224243853417, 7.279537230016233096, 50.14018296798695218 ) ) ;
#217 = ORIENTED_EDGE ( 'NONE', *, *, #1876, .T. ) ;
#218 = CARTESIAN_POINT ( 'NONE',  ( -34.45962095248823687, 0.000000000000000000, 10.41799039214540201 ) ) ;
#219 = DIRECTION ( 'NONE',  ( -1.000000000000000000, 0.000000000000000000, -0.000000000000000000 ) ) ;
#220 = DIRECTION ( 'NONE',  ( 0.000000000000000000, 0.000000000000000000, -1.000000000000000000 ) ) ;
#221 = CARTESIAN_POINT ( 'NONE',  ( -8.000000000000000000, 1.800000000000000044, 59.09999999999999432 ) ) ;
#222 = ORIENTED_EDGE ( 'NONE', *, *, #155, .F. ) ;
#223 = ORIENTED_EDGE ( 'NONE', *, *, #3004, .F. ) ;
#224 = CARTESIAN_POINT ( 'NONE',  ( -11.10920449433361057, 13.64561122470315091, 38.46006195910403846 ) ) ;
#225 = CARTESIAN_POINT ( 'NONE',  ( -51.75000000000005684, -18.44756081437316908, 65.42157287525370180 ) ) ;
#226 = CARTESIAN_POINT ( 'NONE',  ( -26.78072956284131223, 15.65706035687101583, 2.613939434482861923 ) ) ;
#227 = CARTESIAN_POINT ( 'NONE',  ( -19.62164797159211460, 13.99999999999999467, 37.25889009992385326 ) ) ;
#228 = CARTESIAN_POINT ( 'NONE',  ( -25.98551771175953462, 15.36131534408906241, 15.73213230494268444 ) ) ;
#229 = CARTESIAN_POINT ( 'NONE',  ( -17.02032809431873517, 7.339745962155606485, 50.03589838486224295 ) ) ;
#230 = CARTESIAN_POINT ( 'NONE',  ( -25.75629717926289075, 16.18436811937788278, 7.740070141993210306 ) ) ;
#231 = ORIENTED_EDGE ( 'NONE', *, *, #1445, .T. ) ;
#232 = CARTESIAN_POINT ( 'NONE',  ( 0.000000000000000000, 8.000000000000000000, 0.000000000000000000 ) ) ;
#233 = CARTESIAN_POINT ( 'NONE',  ( -11.25000000000002842, 7.339745962155606485, 50.03589838486224295 ) ) ;
#234 = CARTESIAN_POINT ( 'NONE',  ( -29.85786437626907741, 0.000000000000000000, 49.49999999999999289 ) ) ;
#235 = EDGE_CURVE ( 'NONE', #4211, #271, #4248, .T. ) ;
#236 = CARTESIAN_POINT ( 'NONE',  ( -31.67276193066955514, 6.388976839911990169, 50.66607164623255954 ) ) ;
#237 = DIRECTION ( 'NONE',  ( 2.124151195073640555E-16, 0.000000000000000000, 1.000000000000000000 ) ) ;
#238 = PERSON_AND_ORGANIZATION ( #2808, #1058 ) ;
#239 = VERTEX_POINT ( 'NONE', #5013 ) ;
#240 = CIRCLE ( 'NONE', #2826, 9.999999999999994671 ) ;
#241 = VERTEX_POINT ( 'NONE', #2057 ) ;
#242 = FACE_OUTER_BOUND ( 'NONE', #1814, .T. ) ;
#243 = AXIS2_PLACEMENT_3D ( 'NONE', #2179, #3876, #1756 ) ;
#244 = DIRECTION ( 'NONE',  ( -0.000000000000000000, 1.000000000000000000, -0.000000000000000000 ) ) ;
#245 = EDGE_CURVE ( 'NONE', #1011, #241, #2572, .T. ) ;
#246 = CARTESIAN_POINT ( 'NONE',  ( -120.0000000000000000, 8.000000000000000000, -6.938893903907228378E-15 ) ) ;
#247 = ADVANCED_FACE ( 'NONE', ( #5467 ), #2529, .F. ) ;
#248 = CARTESIAN_POINT ( 'NONE',  ( -24.66042962045698772, 13.27595848393499445, 41.28867520294930671 ) ) ;
#249 = VECTOR ( 'NONE', #2047, 1000.000000000000114 ) ;
#250 = ORIENTED_EDGE ( 'NONE', *, *, #2462, .T. ) ;
#251 = ORIENTED_EDGE ( 'NONE', *, *, #2119, .T. ) ;
#252 = CARTESIAN_POINT ( 'NONE',  ( -11.25000000000001954, 13.24552511986628822, 39.63105465825682217 ) ) ;
#253 = AXIS2_PLACEMENT_3D ( 'NONE', #2580, #455, #2633 ) ;
#254 = DIRECTION ( 'NONE',  ( 0.000000000000000000, -0.000000000000000000, -1.000000000000000000 ) ) ;
#255 = DIRECTION ( 'NONE',  ( -1.000000000000000000, 0.000000000000000000, 0.000000000000000000 ) ) ;
#256 = CARTESIAN_POINT ( 'NONE',  ( -18.96411233772181149, 13.99999999999999467, 36.94869598303699121 ) ) ;
#257 = AXIS2_PLACEMENT_3D ( 'NONE', #4767, #1384, #4849 ) ;
#258 = CARTESIAN_POINT ( 'NONE',  ( -25.65015033689036272, 15.52106072772533452, 15.15047783127412018 ) ) ;
#259 = CARTESIAN_POINT ( 'NONE',  ( -8.000000000000000000, 1.800000000000000044, 57.99999999999999289 ) ) ;
#260 = CARTESIAN_POINT ( 'NONE',  ( -6.249999999999991118, 0.000000000000000000, 31.25000000000000000 ) ) ;
#261 = ORIENTED_EDGE ( 'NONE', *, *, #3938, .T. ) ;
#262 = DIRECTION ( 'NONE',  ( -0.4999999999999990008, -0.7071067811865456854, -0.5000000000000036637 ) ) ;
#263 = CARTESIAN_POINT ( 'NONE',  ( -49.08578643762688642, 9.381197846482995928, 32.58578643762686511 ) ) ;
#264 = CARTESIAN_POINT ( 'NONE',  ( -11.52661307157338655, 18.99116986978820165, 29.85504019631978423 ) ) ;
#265 = ORIENTED_EDGE ( 'NONE', *, *, #3788, .T. ) ;
#266 = CIRCLE ( 'NONE', #982, 1.099999999999996758 ) ;
#267 = DIRECTION ( 'NONE',  ( -0.5000000000000027756, 0.7071067811865476838, -0.4999999999999970579 ) ) ;
#268 = CIRCLE ( 'NONE', #3908, 10.00000000000000178 ) ;
#269 = DIRECTION ( 'NONE',  ( 0.000000000000000000, -1.000000000000000000, 0.000000000000000000 ) ) ;
#270 = SECURITY_CLASSIFICATION_LEVEL ( 'unclassified' ) ;
#271 = VERTEX_POINT ( 'NONE', #4677 ) ;
#272 = ORIENTED_EDGE ( 'NONE', *, *, #1655, .T. ) ;
#273 = ADVANCED_FACE ( 'NONE', ( #1636 ), #4223, .T. ) ;
#274 = LINE ( 'NONE', #4047, #2739 ) ;
#275 = EDGE_CURVE ( 'NONE', #4912, #3036, #2475, .T. ) ;
#276 = CARTESIAN_POINT ( 'NONE',  ( -3.250000000000009770, 8.999999999999984013, 34.24999999999999289 ) ) ;
#277 = CARTESIAN_POINT ( 'NONE',  ( -10.24999999999998934, 1.000000000000000888, 60.50000000000000000 ) ) ;
#278 = VECTOR ( 'NONE', #4789, 1000.000000000000114 ) ;
#279 = CARTESIAN_POINT ( 'NONE',  ( -23.67411353066803059, 13.42995259964204458, 40.49685913805100768 ) ) ;
#280 = ORIENTED_EDGE ( 'NONE', *, *, #1445, .F. ) ;
#281 = ORIENTED_EDGE ( 'NONE', *, *, #3287, .T. ) ;
#282 = CARTESIAN_POINT ( 'NONE',  ( -10.94038159184792924, 13.77843387787820895, 37.91500949829128331 ) ) ;
#283 = AXIS2_PLACEMENT_3D ( 'NONE', #688, #2392, #746 ) ;
#284 = CARTESIAN_POINT ( 'NONE',  ( -29.85786437626905609, 7.360471904319304315, 49.99999999999997868 ) ) ;
#285 = CARTESIAN_POINT ( 'NONE',  ( 0.000000000000000000, 8.999999999999984013, 0.000000000000000000 ) ) ;
#286 = AXIS2_PLACEMENT_3D ( 'NONE', #1441, #4368, #992 ) ;
#287 = ORIENTED_EDGE ( 'NONE', *, *, #4028, .F. ) ;
#288 = DIRECTION ( 'NONE',  ( -9.637352644315624332E-16, 0.000000000000000000, -1.000000000000000000 ) ) ;
#289 = CARTESIAN_POINT ( 'NONE',  ( -31.67276193066955514, 6.388976839911990169, 50.66607164623255954 ) ) ;
#290 = LINE ( 'NONE', #3223, #2731 ) ;
#291 = DIRECTION ( 'NONE',  ( -0.000000000000000000, 1.000000000000000000, -0.000000000000000000 ) ) ;
#292 = LINE ( 'NONE', #3226, #1625 ) ;
#293 = LINE ( 'NONE', #2005, #25 ) ;
#294 = CIRCLE ( 'NONE', #4576, 3.500000000000000000 ) ;
#295 = ORIENTED_EDGE ( 'NONE', *, *, #3587, .F. ) ;
#296 = CARTESIAN_POINT ( 'NONE',  ( 0.000000000000000000, 1.000000000000000888, 40.49999999999999289 ) ) ;
#297 = DIRECTION ( 'NONE',  ( 0.4999999999999995559, 0.000000000000000000, 0.8660254037844389297 ) ) ;
#298 = VERTEX_POINT ( 'NONE', #427 ) ;
#299 = ORIENTED_EDGE ( 'NONE', *, *, #5105, .F. ) ;
#300 = CARTESIAN_POINT ( 'NONE',  ( -24.57101287767660835, 16.03507520747808357, 11.97283792867749774 ) ) ;
#301 = EDGE_CURVE ( 'NONE', #2632, #3036, #3464, .T. ) ;
#302 = CARTESIAN_POINT ( 'NONE',  ( -11.24999999999997513, 8.000000000000000000, 39.25000000000000000 ) ) ;
#303 = EDGE_CURVE ( 'NONE', #5154, #1342, #3805, .T. ) ;
#304 = FACE_OUTER_BOUND ( 'NONE', #2717, .T. ) ;
#305 = CARTESIAN_POINT ( 'NONE',  ( -23.55913252031741933, 13.44738818090773336, 40.41058594395990156 ) ) ;
#306 = EDGE_CURVE ( 'NONE', #692, #4868, #2104, .T. ) ;
#307 = EDGE_CURVE ( 'NONE', #3566, #524, #823, .T. ) ;
#308 = EDGE_LOOP ( 'NONE', ( #2821, #2360 ) ) ;
#309 = DIRECTION ( 'NONE',  ( 0.000000000000000000, -1.000000000000000000, 0.000000000000000000 ) ) ;
#310 = ORIENTED_EDGE ( 'NONE', *, *, #4277, .T. ) ;
#311 = CARTESIAN_POINT ( 'NONE',  ( -31.25000000000032685, 14.00000000000000000, 31.25000000000002132 ) ) ;
#312 = DIRECTION ( 'NONE',  ( 0.000000000000000000, 0.000000000000000000, -1.000000000000000000 ) ) ;
#313 = CARTESIAN_POINT ( 'NONE',  ( -31.25000000000000000, 17.78035457054157220, 6.250000000000003553 ) ) ;
#314 = ORIENTED_EDGE ( 'NONE', *, *, #372, .F. ) ;
#315 = DIRECTION ( 'NONE',  ( 0.5000000000000008882, 0.7071067811865503483, 0.4999999999999952816 ) ) ;
#316 = CARTESIAN_POINT ( 'NONE',  ( -26.01813799084504097, 13.99999999999999822, 41.15294070704211293 ) ) ;
#317 = VECTOR ( 'NONE', #1181, 1000.000000000000000 ) ;
#318 = LINE ( 'NONE', #2801, #5051 ) ;
#319 = EDGE_CURVE ( 'NONE', #2051, #2632, #3329, .T. ) ;
#320 = DIRECTION ( 'NONE',  ( -0.000000000000000000, -0.000000000000000000, 1.000000000000000000 ) ) ;
#321 = CARTESIAN_POINT ( 'NONE',  ( -9.906830204429063258, 12.86239760169695856, 37.85515990337886194 ) ) ;
#322 = ADVANCED_FACE ( 'NONE', ( #1688 ), #4504, .T. ) ;
#323 = CARTESIAN_POINT ( 'NONE',  ( -10.24999999999999112, 8.999999999999984013, 39.25000000000000000 ) ) ;
#324 = EDGE_CURVE ( 'NONE', #3619, #4570, #5091, .T. ) ;
#325 = ORIENTED_EDGE ( 'NONE', *, *, #3815, .T. ) ;
#326 = CARTESIAN_POINT ( 'NONE',  ( -31.19619764758189717, 7.325140942195175420, 50.06119502147922873 ) ) ;
#327 = CARTESIAN_POINT ( 'NONE',  ( -17.88891000468160186, 7.253478601140102455, 50.19532831444092835 ) ) ;
#328 = ORIENTED_EDGE ( 'NONE', *, *, #2865, .F. ) ;
#329 = ORIENTED_EDGE ( 'NONE', *, *, #4533, .T. ) ;
#330 = CARTESIAN_POINT ( 'NONE',  ( -8.000000000000000000, 7.071796769724485898, 57.99999999999999289 ) ) ;
#331 = VECTOR ( 'NONE', #1985, 1000.000000000000114 ) ;
#332 = ADVANCED_FACE ( 'NONE', ( #3304 ), #2720, .T. ) ;
#333 = CARTESIAN_POINT ( 'NONE',  ( -40.32886667852286422, 13.46410161513760606, 23.44782396324588092 ) ) ;
#334 = VECTOR ( 'NONE', #3359, 1000.000000000000000 ) ;
#335 = AXIS2_PLACEMENT_3D ( 'NONE', #330, #2042, #2513 ) ;
#336 = EDGE_CURVE ( 'NONE', #4472, #4664, #2996, .T. ) ;
#337 = VERTEX_POINT ( 'NONE', #2459 ) ;
#338 = DIRECTION ( 'NONE',  ( 0.000000000000000000, -1.000000000000000000, 0.000000000000000000 ) ) ;
#339 = CARTESIAN_POINT ( 'NONE',  ( -26.53420085488128777, 14.00000000000000000, 41.61992772846384270 ) ) ;
#340 = CARTESIAN_POINT ( 'NONE',  ( 4.973386928426639209, 30.24950011898577173, 14.35504019631993522 ) ) ;
#341 = CARTESIAN_POINT ( 'NONE',  ( -20.34696870813788294, 14.00000000000000000, 37.60959110714010478 ) ) ;
#342 = AXIS2_PLACEMENT_3D ( 'NONE', #3823, #3404, #124 ) ;
#343 = VERTEX_POINT ( 'NONE', #4294 ) ;
#344 = CYLINDRICAL_SURFACE ( 'NONE', #173, 10.00000000000000355 ) ;
#345 = DIRECTION ( 'NONE',  ( -0.000000000000000000, -1.000000000000000000, -0.000000000000000000 ) ) ;
#346 = CARTESIAN_POINT ( 'NONE',  ( -29.85786437626907741, 0.000000000000000000, 50.49999999999999289 ) ) ;
#347 = CARTESIAN_POINT ( 'NONE',  ( -17.75928913900357031, 13.99999999999999822, 36.39250987729774067 ) ) ;
#348 = CARTESIAN_POINT ( 'NONE',  ( -9.105565565092796021, 12.99545534528465041, 36.89263356956688256 ) ) ;
#349 = FACE_OUTER_BOUND ( 'NONE', #1849, .T. ) ;
#350 = ADVANCED_FACE ( 'NONE', ( #499 ), #1361, .F. ) ;
#351 = VERTEX_POINT ( 'NONE', #4744 ) ;
#352 = CARTESIAN_POINT ( 'NONE',  ( -42.34643272440470696, 13.66666666666666785, 26.78924176598668083 ) ) ;
#353 = DIRECTION ( 'NONE',  ( 7.228014483236699514E-16, 0.000000000000000000, -1.000000000000000000 ) ) ;
#354 = VERTEX_POINT ( 'NONE', #1757 ) ;
#355 = ORIENTED_EDGE ( 'NONE', *, *, #3407, .F. ) ;
#356 = DIRECTION ( 'NONE',  ( 1.000000000000000000, -0.000000000000000000, -0.000000000000000000 ) ) ;
#357 = CIRCLE ( 'NONE', #5270, 2.099999999999997868 ) ;
#358 = ORIENTED_EDGE ( 'NONE', *, *, #3680, .T. ) ;
#359 = DIRECTION ( 'NONE',  ( -0.7071067811865512365, 0.000000000000000000, 0.7071067811865439090 ) ) ;
#360 = CARTESIAN_POINT ( 'NONE',  ( -34.56730661036122854, 6.930348557418924749, 51.52260602602850525 ) ) ;
#361 = ORIENTED_EDGE ( 'NONE', *, *, #1191, .F. ) ;
#362 = DIRECTION ( 'NONE',  ( -0.7071067811865474617, -0.7071067811865474617, 0.000000000000000000 ) ) ;
#363 = CARTESIAN_POINT ( 'NONE',  ( -6.801998191431509966, 0.000000000000000000, 45.07499999999996732 ) ) ;
#364 = CIRCLE ( 'NONE', #18, 2.000000000000000000 ) ;
#365 = CARTESIAN_POINT ( 'NONE',  ( -119.2928932188134468, 8.000000000000000000, -0.7071067811865504593 ) ) ;
#366 = VECTOR ( 'NONE', #2004, 1000.000000000000000 ) ;
#367 = ORIENTED_EDGE ( 'NONE', *, *, #1723, .T. ) ;
#368 = EDGE_CURVE ( 'NONE', #2, #5154, #3812, .T. ) ;
#369 = PLANE ( 'NONE',  #4988 ) ;
#370 = CARTESIAN_POINT ( 'NONE',  ( -5.656854249492374365, 14.00000000000000000, -5.656854249492426767 ) ) ;
#371 = CARTESIAN_POINT ( 'NONE',  ( -39.58304597993990370, 14.00000000000000000, 23.92569546939779102 ) ) ;
#372 = EDGE_CURVE ( 'NONE', #5493, #1226, #3784, .T. ) ;
#373 = CARTESIAN_POINT ( 'NONE',  ( -21.21643507106029958, 13.76076094781863723, 38.77700118774573923 ) ) ;
#374 = CARTESIAN_POINT ( 'NONE',  ( -9.388075989277226086, 12.97838772312436362, 37.14551037138945588 ) ) ;
#375 = CARTESIAN_POINT ( 'NONE',  ( -36.92893218813451739, 6.873681478297654301, 53.42893218813449607 ) ) ;
#376 = ORIENTED_EDGE ( 'NONE', *, *, #600, .T. ) ;
#377 = DIRECTION ( 'NONE',  ( 0.4999999999999988898, -0.7071067811865491270, -0.4999999999999988898 ) ) ;
#378 = EDGE_CURVE ( 'NONE', #2481, #337, #3426, .T. ) ;
#379 = FACE_OUTER_BOUND ( 'NONE', #4391, .T. ) ;
#380 = EDGE_LOOP ( 'NONE', ( #3880, #4253, #576, #631 ) ) ;
#381 = VECTOR ( 'NONE', #1660, 1000.000000000000000 ) ;
#382 = ORIENTED_EDGE ( 'NONE', *, *, #2763, .T. ) ;
#383 = CARTESIAN_POINT ( 'NONE',  ( -20.24999999999998934, 7.360471904319305203, 49.99999999999997868 ) ) ;
#384 = ORIENTED_EDGE ( 'NONE', *, *, #1482, .T. ) ;
#385 = DIRECTION ( 'NONE',  ( -1.000000000000000000, 0.000000000000000000, 0.000000000000000000 ) ) ;
#386 = CARTESIAN_POINT ( 'NONE',  ( -36.37168908347130269, 6.878683531151427388, 52.90065264049514582 ) ) ;
#387 = ORIENTED_EDGE ( 'NONE', *, *, #2827, .F. ) ;
#388 = DIRECTION ( 'NONE',  ( 0.000000000000000000, 0.000000000000000000, -1.000000000000000000 ) ) ;
#389 = LINE ( 'NONE', #2102, #3814 ) ;
#390 = CARTESIAN_POINT ( 'NONE',  ( -41.50248338095223488, 13.23591119192000498, 24.90911966576479841 ) ) ;
#391 = EDGE_LOOP ( 'NONE', ( #4742, #462, #2515, #5286 ) ) ;
#392 = CARTESIAN_POINT ( 'NONE',  ( -41.61951933025442685, 13.99999999999999289, 26.53379250623527241 ) ) ;
#393 = CARTESIAN_POINT ( 'NONE',  ( -20.24999999999998934, 6.494446500534837519, 50.49999999999999289 ) ) ;
#394 = CARTESIAN_POINT ( 'NONE',  ( -10.24999999999998934, 12.99999999999996625, 36.25000000000000000 ) ) ;
#395 = AXIS2_PLACEMENT_3D ( 'NONE', #4826, #891, #1332 ) ;
#396 = CARTESIAN_POINT ( 'NONE',  ( -49.49999999999999289, 7.649147038914112962, 31.17157287525377996 ) ) ;
#397 = CARTESIAN_POINT ( 'NONE',  ( -9.810846370023602603, 12.89893819972184907, 37.68695803168012048 ) ) ;
#398 = CARTESIAN_POINT ( 'NONE',  ( -32.89518840650377030, 6.318536387774838836, 50.96911094243669282 ) ) ;
#399 = VECTOR ( 'NONE', #1783, 1000.000000000000114 ) ;
#400 = ORIENTED_EDGE ( 'NONE', *, *, #3906, .T. ) ;
#401 = EDGE_CURVE ( 'NONE', #343, #2213, #28, .T. ) ;
#402 = CARTESIAN_POINT ( 'NONE',  ( -57.23970497916911171, 7.815978902501890424, 40.73970497916917566 ) ) ;
#403 = DIRECTION ( 'NONE',  ( 0.000000000000000000, -1.000000000000000000, 0.000000000000000000 ) ) ;
#404 = CARTESIAN_POINT ( 'NONE',  ( -11.25000000000001954, 4.000000000000000000, 35.82050807568871420 ) ) ;
#405 = VERTEX_POINT ( 'NONE', #440 ) ;
#406 = ORIENTED_EDGE ( 'NONE', *, *, #734, .T. ) ;
#407 = LINE ( 'NONE', #5024, #4889 ) ;
#408 = LINE ( 'NONE', #5000, #3525 ) ;
#409 = EDGE_CURVE ( 'NONE', #3703, #5501, #1566, .T. ) ;
#410 = DIRECTION ( 'NONE',  ( 0.000000000000000000, 1.000000000000000000, 0.000000000000000000 ) ) ;
#411 = VERTEX_POINT ( 'NONE', #4157 ) ;
#412 = CARTESIAN_POINT ( 'NONE',  ( -40.50000000000000711, 0.5749999999999921840, 40.92500000000000426 ) ) ;
#413 = PLANE ( 'NONE',  #4205 ) ;
#414 = EDGE_CURVE ( 'NONE', #4472, #3586, #3878, .T. ) ;
#415 = EDGE_LOOP ( 'NONE', ( #444, #5249, #5192, #3677 ) ) ;
#416 = LINE ( 'NONE', #3822, #476 ) ;
#417 = CARTESIAN_POINT ( 'NONE',  ( -10.07499999999999751, 1.800000000000000044, 59.19800180856846339 ) ) ;
#418 = CIRCLE ( 'NONE', #1586, 5.000000000000000888 ) ;
#419 = CARTESIAN_POINT ( 'NONE',  ( -41.88989948471490266, 13.16455006466883937, 25.34554277076253470 ) ) ;
#420 = AXIS2_PLACEMENT_3D ( 'NONE', #4486, #3095, #3591 ) ;
#421 = AXIS2_PLACEMENT_3D ( 'NONE', #5351, #3146, #1895 ) ;
#422 = EDGE_LOOP ( 'NONE', ( #1015, #5463, #4483, #5125 ) ) ;
#423 = CARTESIAN_POINT ( 'NONE',  ( -38.76171607843060229, 4.000000000000000000, 38.76171607843060229 ) ) ;
#424 = FACE_OUTER_BOUND ( 'NONE', #4126, .T. ) ;
#425 = CARTESIAN_POINT ( 'NONE',  ( -7.999999999999986677, 0.000000000000000000, 60.39600361713693388 ) ) ;
#426 = EDGE_CURVE ( 'NONE', #143, #3522, #5132, .T. ) ;
#427 = CARTESIAN_POINT ( 'NONE',  ( -5.924999999999996270, 0.000000000000000000, 56.80199819143151529 ) ) ;
#428 = CARTESIAN_POINT ( 'NONE',  ( -9.332314564255186795, 12.98329184459367980, 37.08997005099283228 ) ) ;
#429 = CARTESIAN_POINT ( 'NONE',  ( -39.29148209072857156, 13.54303760185905325, 20.65724976899021925 ) ) ;
#430 = CONICAL_SURFACE ( 'NONE', #5250, 9.000000000000021316, 0.7853981633974457255 ) ;
#431 = ORIENTED_EDGE ( 'NONE', *, *, #5436, .T. ) ;
#432 = ORIENTED_EDGE ( 'NONE', *, *, #651, .F. ) ;
#433 = CARTESIAN_POINT ( 'NONE',  ( -15.40917168622786981, 7.090688572791832733, 50.75984709816398066 ) ) ;
#434 = DIRECTION ( 'NONE',  ( 0.000000000000000000, 0.000000000000000000, 1.000000000000000000 ) ) ;
#435 = FACE_OUTER_BOUND ( 'NONE', #4422, .T. ) ;
#436 = VERTEX_POINT ( 'NONE', #469 ) ;
#437 = VECTOR ( 'NONE', #795, 1000.000000000000114 ) ;
#438 = EDGE_LOOP ( 'NONE', ( #1668, #3659, #2910, #927 ) ) ;
#439 = CARTESIAN_POINT ( 'NONE',  ( -26.35844865501356793, 15.87442170177325806, 14.61908335322998553 ) ) ;
#440 = CARTESIAN_POINT ( 'NONE',  ( -36.90685424949269589, 14.00000000000000000, 25.59314575050759188 ) ) ;
#441 = CARTESIAN_POINT ( 'NONE',  ( -49.49999999999999289, 7.649147038914112962, 0.000000000000000000 ) ) ;
#442 = EDGE_CURVE ( 'NONE', #3026, #4401, #408, .T. ) ;
#443 = ADVANCED_FACE ( 'NONE', ( #2647 ), #3255, .T. ) ;
#444 = ORIENTED_EDGE ( 'NONE', *, *, #1910, .T. ) ;
#445 = CARTESIAN_POINT ( 'NONE',  ( -31.67276193066955514, 6.388976839911990169, 50.66607164623255954 ) ) ;
#446 = CARTESIAN_POINT ( 'NONE',  ( -35.41923395097020943, 6.896107912213384594, 52.11614176235984530 ) ) ;
#447 = VERTEX_POINT ( 'NONE', #3905 ) ;
#448 = CARTESIAN_POINT ( 'NONE',  ( -35.77677702042046093, 6.621438103000461872, 52.43981749027540928 ) ) ;
#449 = AXIS2_PLACEMENT_3D ( 'NONE', #3948, #1795, #3131 ) ;
#450 = CARTESIAN_POINT ( 'NONE',  ( -17.19673410424478277, 6.247149118536174051, 50.97673379851015341 ) ) ;
#451 = ADVANCED_FACE ( 'NONE', ( #2121 ), #4798, .F. ) ;
#452 = CARTESIAN_POINT ( 'NONE',  ( -41.56227535686415564, 13.22479138183880210, 24.97769745690114718 ) ) ;
#453 = AXIS2_PLACEMENT_3D ( 'NONE', #3564, #4347, #1450 ) ;
#454 = ORIENTED_EDGE ( 'NONE', *, *, #4366, .F. ) ;
#455 = DIRECTION ( 'NONE',  ( -0.000000000000000000, 1.000000000000000000, -0.000000000000000000 ) ) ;
#456 = CARTESIAN_POINT ( 'NONE',  ( -25.75629717926289075, 16.18436811937788278, 7.740070141993210306 ) ) ;
#457 = CARTESIAN_POINT ( 'NONE',  ( -51.75000000000005684, 8.000000000000000000, 65.42157287525370180 ) ) ;
#458 = CARTESIAN_POINT ( 'NONE',  ( -36.24862653389140377, 14.00000000000000178, 17.43894925511725447 ) ) ;
#459 = VECTOR ( 'NONE', #3954, 1000.000000000000000 ) ;
#460 = CARTESIAN_POINT ( 'NONE',  ( -36.88457951906030985, 6.862954969875364242, 53.38478642804852115 ) ) ;
#461 = CIRCLE ( 'NONE', #1353, 2.000000000000001776 ) ;
#462 = ORIENTED_EDGE ( 'NONE', *, *, #2361, .F. ) ;
#463 = DIRECTION ( 'NONE',  ( 0.7071067811865475727, -0.7071067811865475727, 0.000000000000000000 ) ) ;
#464 = CARTESIAN_POINT ( 'NONE',  ( -25.07217389164510024, 15.78653979431986976, 6.913271036738441566 ) ) ;
#465 = FACE_OUTER_BOUND ( 'NONE', #2695, .T. ) ;
#466 = ORIENTED_EDGE ( 'NONE', *, *, #897, .T. ) ;
#467 = EDGE_LOOP ( 'NONE', ( #3582, #1679, #2545, #358 ) ) ;
#468 = CARTESIAN_POINT ( 'NONE',  ( -20.59770968453469564, 13.43742676067135555, 39.24186535368070849 ) ) ;
#469 = CARTESIAN_POINT ( 'NONE',  ( -40.82050807568870709, 12.66025403784439618, 0.000000000000000000 ) ) ;
#470 = CIRCLE ( 'NONE', #2081, 2.000000000000001776 ) ;
#471 = DIRECTION ( 'NONE',  ( -0.8660254037844384856, 0.000000000000000000, -0.5000000000000003331 ) ) ;
#472 = ORIENTED_EDGE ( 'NONE', *, *, #5080, .F. ) ;
#473 = FACE_OUTER_BOUND ( 'NONE', #3596, .T. ) ;
#474 = CARTESIAN_POINT ( 'NONE',  ( -34.72118241414754891, 6.922399673311751656, 51.62271913350506480 ) ) ;
#475 = EDGE_CURVE ( 'NONE', #175, #2718, #2181, .T. ) ;
#476 = VECTOR ( 'NONE', #1227, 1000.000000000000000 ) ;
#477 = ADVANCED_FACE ( 'NONE', ( #1699 ), #756, .F. ) ;
#478 = ORIENTED_EDGE ( 'NONE', *, *, #4866, .F. ) ;
#479 = CARTESIAN_POINT ( 'NONE',  ( -32.30139018221959901, 6.335951555361119425, 50.80304089564935310 ) ) ;
#480 = PERSON_AND_ORGANIZATION_ROLE ( 'creator' ) ;
#481 = CARTESIAN_POINT ( 'NONE',  ( -40.49232066478055003, 13.43067158570292285, 23.67046212892957158 ) ) ;
#482 = EDGE_CURVE ( 'NONE', #193, #4979, #240, .T. ) ;
#483 = EDGE_CURVE ( 'NONE', #3357, #2575, #2567, .T. ) ;
#484 = ORIENTED_EDGE ( 'NONE', *, *, #1876, .F. ) ;
#485 = CARTESIAN_POINT ( 'NONE',  ( -9.652774217692545733, 12.94062780129374524, 37.45301016311485398 ) ) ;
#486 = CARTESIAN_POINT ( 'NONE',  ( -37.28723272302517699, 13.94257123974967527, 18.87660267041605522 ) ) ;
#487 = CARTESIAN_POINT ( 'NONE',  ( -36.65478465952554643, 13.99999999999999822, 18.32891175499914027 ) ) ;
#488 = CARTESIAN_POINT ( 'NONE',  ( -34.10756548195911364, 6.958853606310243300, 51.23886901515689374 ) ) ;
#489 = ORIENTED_EDGE ( 'NONE', *, *, #1225, .T. ) ;
#490 = EDGE_CURVE ( 'NONE', #20, #4552, #4318, .T. ) ;
#491 = FACE_OUTER_BOUND ( 'NONE', #2607, .T. ) ;
#492 = FACE_OUTER_BOUND ( 'NONE', #4538, .T. ) ;
#493 = CARTESIAN_POINT ( 'NONE',  ( -51.75000000000005684, 0.000000000000000000, 65.42157287525370180 ) ) ;
#494 = ORIENTED_EDGE ( 'NONE', *, *, #3994, .T. ) ;
#495 = EDGE_CURVE ( 'NONE', #592, #4211, #945, .T. ) ;
#496 = FACE_OUTER_BOUND ( 'NONE', #1557, .T. ) ;
#497 = DIRECTION ( 'NONE',  ( 1.000000000000000000, 0.000000000000000000, -0.000000000000000000 ) ) ;
#498 = ADVANCED_FACE ( 'NONE', ( #2757 ), #5273, .F. ) ;
#499 = FACE_OUTER_BOUND ( 'NONE', #983, .T. ) ;
#500 = CARTESIAN_POINT ( 'NONE',  ( -10.07499999999999751, 1.800000000000000044, 56.80199819143152951 ) ) ;
#501 = DIRECTION ( 'NONE',  ( 0.7071067811865507924, 0.000000000000000000, -0.7071067811865441310 ) ) ;
#502 = CONICAL_SURFACE ( 'NONE', #2199, 0.9999999999999731326, 0.7853981633974457255 ) ;
#503 = B_SPLINE_CURVE_WITH_KNOTS ( 'NONE', 3,
 ( #2516, #839, #3019, #445 ),
 .UNSPECIFIED., .F., .F.,
 ( 4, 4 ),
 ( 0.000000000000000000, 1.000000000000000000 ),
 .UNSPECIFIED. ) ;
#504 = ORIENTED_EDGE ( 'NONE', *, *, #29, .T. ) ;
#505 = DIRECTION ( 'NONE',  ( 0.000000000000000000, -0.000000000000000000, -1.000000000000000000 ) ) ;
#506 = DIRECTION ( 'NONE',  ( -0.7071067811865491270, -0.6123724356957936932, -0.3535533905932721210 ) ) ;
#507 = ORIENTED_EDGE ( 'NONE', *, *, #5503, .F. ) ;
#508 = EDGE_LOOP ( 'NONE', ( #3107, #1173, #1735, #5368, #3335 ) ) ;
#509 = EDGE_CURVE ( 'NONE', #525, #2929, #661, .T. ) ;
#510 = CARTESIAN_POINT ( 'NONE',  ( -35.14347206397562218, 6.510307075113755282, 52.01102954895865338 ) ) ;
#511 = PERSON_AND_ORGANIZATION ( #2808, #1058 ) ;
#512 = CARTESIAN_POINT ( 'NONE',  ( -7.249999999999992895, 8.000000000000000000, 39.25000000000000000 ) ) ;
#513 = CONICAL_SURFACE ( 'NONE', #2298, 11.00000000000000000, 0.7853981633974503884 ) ;
#514 = ORIENTED_EDGE ( 'NONE', *, *, #275, .T. ) ;
#515 = CARTESIAN_POINT ( 'NONE',  ( -10.10260481930369103, 12.72986535828938592, 38.31992997953252456 ) ) ;
#516 = CARTESIAN_POINT ( 'NONE',  ( -38.02175731600378583, 14.00000000000000000, 21.17021572768284798 ) ) ;
#517 = DIRECTION ( 'NONE',  ( -0.000000000000000000, 1.000000000000000000, -0.000000000000000000 ) ) ;
#518 = VECTOR ( 'NONE', #3904, 1000.000000000000000 ) ;
#519 = VERTEX_POINT ( 'NONE', #234 ) ;
#520 = AXIS2_PLACEMENT_3D ( 'NONE', #5483, #4135, #3345 ) ;
#521 = CARTESIAN_POINT ( 'NONE',  ( -11.25000000000001954, 13.24552511986628645, 39.63105465825682217 ) ) ;
#522 = CARTESIAN_POINT ( 'NONE',  ( -48.71638837510876385, 8.101565421485185325, 32.21638837510874254 ) ) ;
#523 = CARTESIAN_POINT ( 'NONE',  ( -36.19974746830612844, 8.999999999999982236, 26.30025253169416288 ) ) ;
#524 = VERTEX_POINT ( 'NONE', #4460 ) ;
#525 = VERTEX_POINT ( 'NONE', #4797 ) ;
#526 = CARTESIAN_POINT ( 'NONE',  ( -22.54896437381508179, 13.93387828289758446, 39.46041209618613976 ) ) ;
#527 = CARTESIAN_POINT ( 'NONE',  ( 0.000000000000000000, 0.000000000000000000, 0.000000000000000000 ) ) ;
#528 = DIRECTION ( 'NONE',  ( -0.5000000000000029976, 0.000000000000000000, -0.8660254037844369313 ) ) ;
#529 = DIRECTION ( 'NONE',  ( 0.000000000000000000, 0.000000000000000000, 1.000000000000000000 ) ) ;
#530 = VECTOR ( 'NONE', #1228, 1000.000000000000227 ) ;
#531 = ORIENTED_EDGE ( 'NONE', *, *, #3906, .F. ) ;
#532 = FACE_OUTER_BOUND ( 'NONE', #5247, .T. ) ;
#533 = VECTOR ( 'NONE', #3571, 1000.000000000000000 ) ;
#534 = ORIENTED_EDGE ( 'NONE', *, *, #816, .T. ) ;
#535 = ORIENTED_EDGE ( 'NONE', *, *, #1416, .T. ) ;
#536 = CARTESIAN_POINT ( 'NONE',  ( -32.37995499520817333, 6.332166307173611841, 50.82325866777001977 ) ) ;
#537 = DATE_AND_TIME ( #2188, #1773 ) ;
#538 = CARTESIAN_POINT ( 'NONE',  ( -11.16594004780106353, 13.57091665082931975, 38.71993280329511578 ) ) ;
#539 = AXIS2_PLACEMENT_3D ( 'NONE', #5391, #1930, #1512 ) ;
#540 = EDGE_LOOP ( 'NONE', ( #4894, #2465, #5129, #2336 ) ) ;
#541 = CONICAL_SURFACE ( 'NONE', #5450, 1.000000000000000888, 0.7853981633974471688 ) ;
#542 = ORIENTED_EDGE ( 'NONE', *, *, #4545, .T. ) ;
#543 = DIRECTION ( 'NONE',  ( -0.7071067811865487940, 0.7071067811865463515, -5.110978055611257974E-16 ) ) ;
#544 = CARTESIAN_POINT ( 'NONE',  ( -37.56450544321566554, 13.99999999999999822, 20.25490170191530126 ) ) ;
#545 = CARTESIAN_POINT ( 'NONE',  ( -23.92569546939782654, 14.00000000000000000, 39.58304597993991081 ) ) ;
#546 = ADVANCED_FACE ( 'NONE', ( #3510 ), #1865, .T. ) ;
#547 = ORIENTED_EDGE ( 'NONE', *, *, #5153, .F. ) ;
#548 = EDGE_CURVE ( 'NONE', #2173, #5311, #3543, .T. ) ;
#549 = CARTESIAN_POINT ( 'NONE',  ( -15.15334896714515978, 6.071796769724453036, 51.89627125896569027 ) ) ;
#550 = CARTESIAN_POINT ( 'NONE',  ( 7.542893218813642164, 14.00000000000000000, 7.542893218813720324 ) ) ;
#551 = CARTESIAN_POINT ( 'NONE',  ( -1.250000000000005773, 8.999999999999984013, 25.96993453977118094 ) ) ;
#552 = VERTEX_POINT ( 'NONE', #4429 ) ;
#553 = AXIS2_PLACEMENT_3D ( 'NONE', #3939, #2265, #3964 ) ;
#554 = DIRECTION ( 'NONE',  ( 0.000000000000000000, -1.000000000000000000, 0.000000000000000000 ) ) ;
#555 = CARTESIAN_POINT ( 'NONE',  ( -53.16421356237315621, -18.44756081437316908, 66.83578643762680827 ) ) ;
#556 = DIRECTION ( 'NONE',  ( 1.000000000000000000, 0.000000000000000000, -0.000000000000000000 ) ) ;
#557 = CARTESIAN_POINT ( 'NONE',  ( -10.07499999999999751, 1.800000000000000044, 59.19800180856846339 ) ) ;
#558 = CARTESIAN_POINT ( 'NONE',  ( -21.54934283414610974, 13.72101597268599704, 39.00183769840938197 ) ) ;
#559 = AXIS2_PLACEMENT_3D ( 'NONE', #5068, #1239, #2952 ) ;
#560 = VERTEX_POINT ( 'NONE', #1502 ) ;
#561 = DIRECTION ( 'NONE',  ( -0.000000000000000000, -1.000000000000000000, -0.000000000000000000 ) ) ;
#562 = ORIENTED_EDGE ( 'NONE', *, *, #2866, .T. ) ;
#563 = DIRECTION ( 'NONE',  ( -0.000000000000000000, 1.000000000000000000, -0.000000000000000000 ) ) ;
#564 = CARTESIAN_POINT ( 'NONE',  ( -9.308782441416257214, 14.00000000000000000, 35.82050807568871420 ) ) ;
#565 = EDGE_CURVE ( 'NONE', #5264, #3444, #2382, .T. ) ;
#566 = ORIENTED_EDGE ( 'NONE', *, *, #3680, .F. ) ;
#567 = ORIENTED_EDGE ( 'NONE', *, *, #1728, .F. ) ;
#568 = CARTESIAN_POINT ( 'NONE',  ( -9.739314302271690593, 12.92033918267716253, 37.57495986238575369 ) ) ;
#569 = CARTESIAN_POINT ( 'NONE',  ( -37.53822328633137317, 13.99999999999999822, 20.20106129761303393 ) ) ;
#570 = CARTESIAN_POINT ( 'NONE',  ( -22.14626975811825460, 14.00000000000000000, 38.53660085286086456 ) ) ;
#571 = ORIENTED_EDGE ( 'NONE', *, *, #4845, .T. ) ;
#572 = DIRECTION ( 'NONE',  ( 0.000000000000000000, 0.000000000000000000, -1.000000000000000000 ) ) ;
#573 = CARTESIAN_POINT ( 'NONE',  ( -49.49999999999999289, 7.649147038914115626, 31.17157287525378351 ) ) ;
#574 = DIRECTION ( 'NONE',  ( 0.000000000000000000, 1.000000000000000000, -0.000000000000000000 ) ) ;
#575 = ORIENTED_EDGE ( 'NONE', *, *, #3394, .F. ) ;
#576 = ORIENTED_EDGE ( 'NONE', *, *, #2881, .F. ) ;
#577 = CARTESIAN_POINT ( 'NONE',  ( -17.55920131517019556, 14.74797290133527561, 34.68192279783723109 ) ) ;
#578 = B_SPLINE_SURFACE_WITH_KNOTS ( 'NONE', 1, 3, ( 
 ( #3228, #5409, #3724, #4935 ),
 ( #4121, #2835, #1104, #3749 ) ),
 .UNSPECIFIED., .F., .F., .F.,
 ( 2, 2 ),
 ( 4, 4 ),
 ( 0.000000000000000000, 1.000000000000000000 ),
 ( 0.000000000000000000, 0.001545622683548674445 ),
 .UNSPECIFIED. ) ;
#579 = CARTESIAN_POINT ( 'NONE',  ( -2.250000000000038636, 14.00000000000000000, 34.24999999999999289 ) ) ;
#580 = ADVANCED_FACE ( 'NONE', ( #3198 ), #5300, .F. ) ;
#581 = CARTESIAN_POINT ( 'NONE',  ( -6.801998191431526841, 1.800000000000000044, 40.92500000000000426 ) ) ;
#582 = CARTESIAN_POINT ( 'NONE',  ( -19.81185983731152689, 13.88092382098730582, 37.87545426897926859 ) ) ;
#583 = B_SPLINE_CURVE_WITH_KNOTS ( 'NONE', 1,
 ( #1099, #4143 ),
 .UNSPECIFIED., .F., .F.,
 ( 2, 2 ),
 ( 0.000000000000000000, 1.000000000000000000 ),
 .UNSPECIFIED. ) ;
#584 = EDGE_LOOP ( 'NONE', ( #3493, #1619, #846, #748 ) ) ;
#585 = CARTESIAN_POINT ( 'NONE',  ( -51.75000000000005684, 0.000000000000000000, 65.42157287525370180 ) ) ;
#586 = EDGE_LOOP ( 'NONE', ( #2518, #3955, #4681, #1470, #2397, #4384, #2842, #4769, #5446, #3686, #901, #1452, #4975, #217 ) ) ;
#587 = AXIS2_PLACEMENT_3D ( 'NONE', #4580, #1170, #923 ) ;
#588 = AXIS2_PLACEMENT_3D ( 'NONE', #4534, #4118, #2030 ) ;
#589 = CARTESIAN_POINT ( 'NONE',  ( -36.65604167405700764, 6.808872087666726358, 53.16618842354409935 ) ) ;
#590 = DIRECTION ( 'NONE',  ( 1.000000000000000000, 0.000000000000000000, 0.000000000000000000 ) ) ;
#591 = EDGE_CURVE ( 'NONE', #2586, #1396, #3962, .T. ) ;
#592 = VERTEX_POINT ( 'NONE', #2262 ) ;
#593 = ORIENTED_EDGE ( 'NONE', *, *, #5206, .F. ) ;
#594 = CARTESIAN_POINT ( 'NONE',  ( -8.300254248507298982, 13.98854321449153026, 35.33996736364261437 ) ) ;
#595 = FACE_OUTER_BOUND ( 'NONE', #1975, .T. ) ;
#596 = LINE ( 'NONE', #179, #459 ) ;
#597 = VERTEX_POINT ( 'NONE', #1922 ) ;
#598 = CARTESIAN_POINT ( 'NONE',  ( -27.61593446561382237, 14.79304433337425628, 17.31315748297133084 ) ) ;
#599 = CARTESIAN_POINT ( 'NONE',  ( -10.02404611158351422, 0.1158974547173789033, 56.77257995023801840 ) ) ;
#600 = EDGE_CURVE ( 'NONE', #3534, #2754, #1050, .T. ) ;
#601 = FACE_OUTER_BOUND ( 'NONE', #4186, .T. ) ;
#602 = ORIENTED_EDGE ( 'NONE', *, *, #4813, .T. ) ;
#603 = VECTOR ( 'NONE', #5495, 1000.000000000000114 ) ;
#604 = VECTOR ( 'NONE', #3048, 1000.000000000000000 ) ;
#605 = CARTESIAN_POINT ( 'NONE',  ( -25.43646232983520861, 16.34899723646448422, 11.86498701525695587 ) ) ;
#606 = CARTESIAN_POINT ( 'NONE',  ( -39.20374489773014659, 13.68612026517697444, 21.85007797901385018 ) ) ;
#607 = PLANE ( 'NONE',  #1854 ) ;
#608 = CARTESIAN_POINT ( 'NONE',  ( -8.794086873526469006, 13.00000001536074734, 36.67788108225859389 ) ) ;
#609 = CARTESIAN_POINT ( 'NONE',  ( -18.15569496074494538, 7.266449508075629282, 50.16625322373359097 ) ) ;
#610 = VERTEX_POINT ( 'NONE', #4013 ) ;
#611 = DIRECTION ( 'NONE',  ( 0.000000000000000000, 1.000000000000000000, 0.000000000000000000 ) ) ;
#612 = VERTEX_POINT ( 'NONE', #2730 ) ;
#613 = ADVANCED_FACE ( 'NONE', ( #2365 ), #138, .F. ) ;
#614 = LINE ( 'NONE', #4835, #4620 ) ;
#615 = ADVANCED_FACE ( 'NONE', ( #4907 ), #607, .F. ) ;
#616 = PLANE ( 'NONE',  #4546 ) ;
#617 = VECTOR ( 'NONE', #3059, 1000.000000000000114 ) ;
#618 = CARTESIAN_POINT ( 'NONE',  ( -25.60476460642581387, 13.12139125260027406, 42.12918385399969878 ) ) ;
#619 = ORIENTED_EDGE ( 'NONE', *, *, #4621, .T. ) ;
#620 = ADVANCED_FACE ( 'NONE', ( #3149 ), #3537, .F. ) ;
#621 = VERTEX_POINT ( 'NONE', #1473 ) ;
#622 = CARTESIAN_POINT ( 'NONE',  ( -11.24999766954177360, 13.30217860381145378, 39.49359544665625066 ) ) ;
#623 = B_SPLINE_SURFACE_WITH_KNOTS ( 'NONE', 1, 3, ( 
 ( #723, #1509, #3651, #4913, #4940, #1163, #4465, #300, #1537, #2012, #4518, #5416, #1927, #2319, #639, #2787, #194, #4491 ),
 ( #4017, #3597, #5360, #5305, #1479, #1110, #3178, #1670, #1246, #834, #3338, #3362, #439, #1276, #806, #2931, #1620, #2539 ) ),
 .UNSPECIFIED., .F., .F., .F.,
 ( 2, 2 ),
 ( 4, 2, 2, 2, 2, 2, 2, 2, 4 ),
 ( 0.000000000000000000, 1.000000000000000000 ),
 ( -0.2935880688319993936, -0.1587147898033178239, -0.02384151077463625423, 0.1110317682540453155, 0.2459050472827268852, 0.3807783263114084549, 0.5156516053400900246, 0.6505248843687716498, 0.7853981633974531640 ),
 .UNSPECIFIED. ) ;
#624 = CARTESIAN_POINT ( 'NONE',  ( -25.07158845927324720, 15.78685092646135679, 6.915215235287859308 ) ) ;
#625 = DIRECTION ( 'NONE',  ( -0.000000000000000000, 1.000000000000000000, -0.000000000000000000 ) ) ;
#626 = AXIS2_PLACEMENT_3D ( 'NONE', #3311, #5019, #237 ) ;
#627 = CARTESIAN_POINT ( 'NONE',  ( -24.45710974210465594, 16.08932983611873979, 10.40408656469207038 ) ) ;
#628 = FACE_OUTER_BOUND ( 'NONE', #586, .T. ) ;
#629 = PLANE ( 'NONE',  #1046 ) ;
#630 = AXIS2_PLACEMENT_3D ( 'NONE', #3688, #4529, #312 ) ;
#631 = ORIENTED_EDGE ( 'NONE', *, *, #2574, .F. ) ;
#632 = CARTESIAN_POINT ( 'NONE',  ( -8.249999999999987566, 6.071796769724454812, 63.00000000000000000 ) ) ;
#633 = CYLINDRICAL_SURFACE ( 'NONE', #1086, 4.999999999999997335 ) ;
#634 = CARTESIAN_POINT ( 'NONE',  ( -8.250000000000289546, 14.00000000000000000, -8.250000000000195399 ) ) ;
#635 = CARTESIAN_POINT ( 'NONE',  ( -10.24999999999998757, 1.000000000000000888, 65.00000000000000000 ) ) ;
#636 = CARTESIAN_POINT ( 'NONE',  ( -19.93313238614351235, 13.87191976175881436, 37.95240277453773814 ) ) ;
#637 = VECTOR ( 'NONE', #5181, 1000.000000000000000 ) ;
#638 = ORIENTED_EDGE ( 'NONE', *, *, #2899, .F. ) ;
#639 = CARTESIAN_POINT ( 'NONE',  ( -26.22969418388733942, 15.24501533623575966, 16.11627310736224672 ) ) ;
#640 = AXIS2_PLACEMENT_3D ( 'NONE', #4786, #625, #3139 ) ;
#641 = VECTOR ( 'NONE', #4213, 1000.000000000000000 ) ;
#642 =( BOUNDED_SURFACE ( )  B_SPLINE_SURFACE ( 3, 2, ( 
 ( #1039, #3605, #3581 ),
 ( #1885, #1438, #1014 ),
 ( #3163, #4336, #2304 ),
 ( #3553, #5291, #4450 ),
 ( #5262, #2667, #4873 ),
 ( #5233, #206, #4004 ) ),
 .UNSPECIFIED., .F., .F., .F. ) 
 B_SPLINE_SURFACE_WITH_KNOTS ( ( 4, 2, 4 ),
 ( 3, 3 ),
 ( 4.188790204786393190, 4.452160388912336231, 4.715530573038279272 ),
 ( 0.000000000000000000, 0.5664227210736625384 ),
 .UNSPECIFIED. ) 
 GEOMETRIC_REPRESENTATION_ITEM ( )  RATIONAL_B_SPLINE_SURFACE ( (
 ( 1.000000000000000000, 0.8995530801122482156, 0.9128969955970736017),
 ( 1.000000000000000000, 0.8903009442469420609, 0.9048739638116010120),
 ( 1.000000000000000000, 0.8800620539694132827, 0.8959952634400885074),
 ( 1.000000000000000000, 0.8579624558392344724, 0.8768314961947916153),
 ( 1.000000000000000000, 0.8461010978271619187, 0.8665458655323006187),
 ( 1.000000000000000000, 0.8336535120469125149, 0.8557518847886951274) ) ) 
 REPRESENTATION_ITEM ( '' )  SURFACE ( )  );
#643 = CARTESIAN_POINT ( 'NONE',  ( 0.000000000000000000, 14.00000000000000000, 50.49999999999999289 ) ) ;
#644 = CARTESIAN_POINT ( 'NONE',  ( -17.52743284031784654, 7.339745962155606485, 50.03589838486224295 ) ) ;
#645 = DIRECTION ( 'NONE',  ( -0.000000000000000000, 1.000000000000000000, -0.000000000000000000 ) ) ;
#646 = VERTEX_POINT ( 'NONE', #1419 ) ;
#647 = VERTEX_POINT ( 'NONE', #4828 ) ;
#648 = CARTESIAN_POINT ( 'NONE',  ( 0.000000000000000000, 8.999999999999984013, 0.000000000000000000 ) ) ;
#649 = AXIS2_PLACEMENT_3D ( 'NONE', #4774, #471, #2960 ) ;
#650 = CARTESIAN_POINT ( 'NONE',  ( -5.603996382863054571, 1.800000000000000044, 43.00000000000000000 ) ) ;
#651 = EDGE_CURVE ( 'NONE', #1342, #4660, #997, .T. ) ;
#652 = CARTESIAN_POINT ( 'NONE',  ( -17.53044050950987653, 7.339745961362920568, 50.03589838623521047 ) ) ;
#653 = CARTESIAN_POINT ( 'NONE',  ( -14.64368386385966225, 7.071796769724485898, 51.03589838486223584 ) ) ;
#654 = PRODUCT_RELATED_PRODUCT_CATEGORY ( 'detail', '', ( #4862 ) ) ;
#655 = CARTESIAN_POINT ( 'NONE',  ( -25.09357078973731348, 15.78616969267103798, 13.92367576666393880 ) ) ;
#656 = CARTESIAN_POINT ( 'NONE',  ( -26.53379250623527952, 13.99999999999999289, 41.61951933025443395 ) ) ;
#657 = CARTESIAN_POINT ( 'NONE',  ( -47.01171607843061651, 13.00000000000000888, 30.51171607843058098 ) ) ;
#658 = ORIENTED_EDGE ( 'NONE', *, *, #3699, .F. ) ;
#659 = CARTESIAN_POINT ( 'NONE',  ( -25.34321996272979050, 16.39699203315126042, 11.02782877649158344 ) ) ;
#660 = DIRECTION ( 'NONE',  ( 0.000000000000000000, -1.000000000000000000, 0.000000000000000000 ) ) ;
#661 = LINE ( 'NONE', #5323, #1673 ) ;
#662 = EDGE_CURVE ( 'NONE', #2192, #1157, #3988, .T. ) ;
#663 = DIRECTION ( 'NONE',  ( 0.000000000000000000, 0.000000000000000000, -1.000000000000000000 ) ) ;
#664 = EDGE_CURVE ( 'NONE', #3026, #1880, #1978, .T. ) ;
#665 = CARTESIAN_POINT ( 'NONE',  ( -17.12303046102316983, 13.99668424899538621, 36.20677867917726900 ) ) ;
#666 = CALENDAR_DATE ( 2026, 5, 6 ) ;
#667 = EDGE_LOOP ( 'NONE', ( #1892, #2144, #942 ) ) ;
#668 = ADVANCED_FACE ( 'NONE', ( #1530 ), #578, .T. ) ;
#669 = ORIENTED_EDGE ( 'NONE', *, *, #5394, .F. ) ;
#670 = DIRECTION ( 'NONE',  ( 0.000000000000000000, 1.000000000000000000, 0.000000000000000000 ) ) ;
#671 = DIRECTION ( 'NONE',  ( 0.000000000000000000, 0.000000000000000000, 1.000000000000000000 ) ) ;
#672 = VECTOR ( 'NONE', #969, 1000.000000000000114 ) ;
#673 = CARTESIAN_POINT ( 'NONE',  ( -50.33578643762697880, 1.000000000000000888, 66.83578643762680827 ) ) ;
#674 = DIRECTION ( 'NONE',  ( 0.2130588602608687043, 0.4591684756709642490, -0.8624211459689185011 ) ) ;
#675 = AXIS2_PLACEMENT_3D ( 'NONE', #3798, #2555, #4564 ) ;
#676 = EDGE_LOOP ( 'NONE', ( #3256, #3325, #1787, #325 ) ) ;
#677 = EDGE_LOOP ( 'NONE', ( #4046, #3083, #4239, #2267 ) ) ;
#678 = CARTESIAN_POINT ( 'NONE',  ( -7.383856088146419694, 13.97988699631237353, 35.18661437709313589 ) ) ;
#679 = CARTESIAN_POINT ( 'NONE',  ( -26.30025253169451815, 8.999999999999980460, 36.19974746830587264 ) ) ;
#680 = CARTESIAN_POINT ( 'NONE',  ( -17.02032809431873517, 7.256318952169390712, 50.18039820488192504 ) ) ;
#681 = CARTESIAN_POINT ( 'NONE',  ( -19.40807911069154201, 14.00000000000000000, 37.15755798769978213 ) ) ;
#682 = LINE ( 'NONE', #2417, #4092 ) ;
#683 = CARTESIAN_POINT ( 'NONE',  ( -41.60411970057993614, 12.20783565527332470, 23.27569257583363083 ) ) ;
#684 = DIRECTION ( 'NONE',  ( -0.4999999999999982792, 0.8660254037844397068, 0.000000000000000000 ) ) ;
#685 = VERTEX_POINT ( 'NONE', #2478 ) ;
#686 = EDGE_CURVE ( 'NONE', #3522, #4660, #4625, .T. ) ;
#687 = CARTESIAN_POINT ( 'NONE',  ( -25.51531295541877142, 16.30841032451671779, 8.537111485897003860 ) ) ;
#688 = CARTESIAN_POINT ( 'NONE',  ( -65.42157287525370180, 8.000000000000000000, 51.75000000000007105 ) ) ;
#689 = PLANE ( 'NONE',  #4383 ) ;
#690 = CARTESIAN_POINT ( 'NONE',  ( -6.801998191431526841, 1.800000000000000044, 40.92500000000000426 ) ) ;
#691 = VECTOR ( 'NONE', #2043, 1000.000000000000000 ) ;
#692 = VERTEX_POINT ( 'NONE', #4512 ) ;
#693 = VECTOR ( 'NONE', #2314, 1000.000000000000114 ) ;
#694 = VERTEX_POINT ( 'NONE', #3644 ) ;
#695 = CARTESIAN_POINT ( 'NONE',  ( -15.15334896714515978, 6.071796769724456588, 51.89627125896569027 ) ) ;
#696 = VECTOR ( 'NONE', #3747, 1000.000000000000000 ) ;
#697 = CIRCLE ( 'NONE', #5334, 9.000000000000021316 ) ;
#698 = FACE_OUTER_BOUND ( 'NONE', #3078, .T. ) ;
#699 = CARTESIAN_POINT ( 'NONE',  ( -5.924999999999996270, 1.800000000000000044, 59.19800180856847049 ) ) ;
#700 = CARTESIAN_POINT ( 'NONE',  ( -26.31783724519565837, 12.99999999999999467, 42.81783724519573298 ) ) ;
#701 = VERTEX_POINT ( 'NONE', #323 ) ;
#702 = ORIENTED_EDGE ( 'NONE', *, *, #1883, .T. ) ;
#703 = CARTESIAN_POINT ( 'NONE',  ( -8.171237678943109373, 13.98667292381304428, 35.30358127228586795 ) ) ;
#704 = VECTOR ( 'NONE', #708, 1000.000000000000114 ) ;
#705 = FACE_OUTER_BOUND ( 'NONE', #1189, .T. ) ;
#706 = CARTESIAN_POINT ( 'NONE',  ( -21.28701893731691541, 14.00000000000000355, 38.08171964631841178 ) ) ;
#707 = ORIENTED_EDGE ( 'NONE', *, *, #1813, .T. ) ;
#708 = DIRECTION ( 'NONE',  ( 0.8660254037844395958, 0.4999999999999982236, -0.000000000000000000 ) ) ;
#709 = DIRECTION ( 'NONE',  ( 0.000000000000000000, -0.7071067811865493491, -0.7071067811865456854 ) ) ;
#710 = DIRECTION ( 'NONE',  ( -0.000000000000000000, -1.000000000000000000, -0.000000000000000000 ) ) ;
#711 = LINE ( 'NONE', #2755, #5244 ) ;
#712 = CYLINDRICAL_SURFACE ( 'NONE', #5462, 2.000000000000001776 ) ;
#713 = DIRECTION ( 'NONE',  ( -0.6546536707079814166, -0.3779644730092240890, 0.6546536707079748663 ) ) ;
#714 = ADVANCED_FACE ( 'NONE', ( #5353 ), #5370, .T. ) ;
#715 = EDGE_CURVE ( 'NONE', #4527, #2450, #5469, .T. ) ;
#716 = ORIENTED_EDGE ( 'NONE', *, *, #495, .T. ) ;
#717 = VECTOR ( 'NONE', #1967, 1000.000000000000114 ) ;
#718 = CARTESIAN_POINT ( 'NONE',  ( -9.308782441416257214, 14.00000000000000000, 35.82050807568871420 ) ) ;
#719 = AXIS2_PLACEMENT_3D ( 'NONE', #5356, #1188, #2901 ) ;
#720 = CARTESIAN_POINT ( 'NONE',  ( -8.000000000000000000, 1.800000000000000044, 41.89999999999999858 ) ) ;
#721 = ORIENTED_EDGE ( 'NONE', *, *, #4793, .F. ) ;
#722 = ORIENTED_EDGE ( 'NONE', *, *, #3208, .T. ) ;
#723 = CARTESIAN_POINT ( 'NONE',  ( -24.88750402124150796, 15.88432475819168488, 7.524104172105007038 ) ) ;
#724 = AXIS2_PLACEMENT_3D ( 'NONE', #1016, #2697, #572 ) ;
#725 = CARTESIAN_POINT ( 'NONE',  ( -25.50570495642589819, 15.55698483480435357, 5.055706959275336310 ) ) ;
#726 = CARTESIAN_POINT ( 'NONE',  ( -10.24999999999998757, -31.94526568992657545, 65.00000000000000000 ) ) ;
#727 = VECTOR ( 'NONE', #2367, 1000.000000000000000 ) ;
#728 = CARTESIAN_POINT ( 'NONE',  ( -25.59769297409282274, 13.12257444171452470, 42.12259258133057216 ) ) ;
#729 = EDGE_CURVE ( 'NONE', #621, #1226, #5015, .T. ) ;
#730 = EDGE_LOOP ( 'NONE', ( #2376, #5061, #3231, #382 ) ) ;
#731 = DIRECTION ( 'NONE',  ( 0.000000000000000000, 0.000000000000000000, 1.000000000000000000 ) ) ;
#732 = ORIENTED_EDGE ( 'NONE', *, *, #1298, .T. ) ;
#733 = DIRECTION ( 'NONE',  ( 0.000000000000000000, 0.000000000000000000, 1.000000000000000000 ) ) ;
#734 = EDGE_CURVE ( 'NONE', #5197, #20, #800, .T. ) ;
#735 = VECTOR ( 'NONE', #2285, 1000.000000000000114 ) ;
#736 = DIRECTION ( 'NONE',  ( 0.4999999999999961142, -0.7071067811865477948, 0.5000000000000034417 ) ) ;
#737 = ADVANCED_FACE ( 'NONE', ( #1948 ), #3249, .F. ) ;
#738 = CARTESIAN_POINT ( 'NONE',  ( -18.41201133322779171, 14.00000000000000178, 36.69302942835861359 ) ) ;
#739 = CONICAL_SURFACE ( 'NONE', #5201, 11.00000000000000355, 0.7853981633974482790 ) ;
#740 = ORIENTED_EDGE ( 'NONE', *, *, #3972, .T. ) ;
#741 = CARTESIAN_POINT ( 'NONE',  ( -3.250000000000005329, 8.000000000000000000, 27.81074432660873796 ) ) ;
#742 = CARTESIAN_POINT ( 'NONE',  ( -25.85006537644508740, 13.08102390609598586, 42.35002563403993037 ) ) ;
#743 = CARTESIAN_POINT ( 'NONE',  ( -51.04289321881352492, 8.000000000000000000, 66.12867965644025503 ) ) ;
#744 = CARTESIAN_POINT ( 'NONE',  ( -26.30025253169451815, 8.999999999999980460, 36.19974746830587264 ) ) ;
#745 = CARTESIAN_POINT ( 'NONE',  ( -36.93195230251676264, 13.96475670864284702, 18.30172811869809024 ) ) ;
#746 = DIRECTION ( 'NONE',  ( 0.000000000000000000, 0.000000000000000000, -1.000000000000000000 ) ) ;
#747 = VECTOR ( 'NONE', #1909, 999.9999999999998863 ) ;
#748 = ORIENTED_EDGE ( 'NONE', *, *, #858, .F. ) ;
#749 = B_SPLINE_CURVE_WITH_KNOTS ( 'NONE', 3,
 ( #4981, #3637, #4480, #4423 ),
 .UNSPECIFIED., .F., .F.,
 ( 4, 4 ),
 ( 3.142442128319636151E-07, 0.001178495750619042940 ),
 .UNSPECIFIED. ) ;
#750 = DIRECTION ( 'NONE',  ( 6.259644161404839322E-16, 0.4999999999999982236, -0.8660254037844395958 ) ) ;
#751 = DIRECTION ( 'NONE',  ( 0.000000000000000000, -1.000000000000000000, 0.000000000000000000 ) ) ;
#752 = ORIENTED_EDGE ( 'NONE', *, *, #3416, .F. ) ;
#753 = ORIENTED_EDGE ( 'NONE', *, *, #2741, .F. ) ;
#754 = PLANE ( 'NONE',  #2744 ) ;
#755 = DIRECTION ( 'NONE',  ( -0.000000000000000000, -1.000000000000000000, -0.000000000000000000 ) ) ;
#756 = CYLINDRICAL_SURFACE ( 'NONE', #1940, 9.999999999999994671 ) ;
#757 = ORIENTED_EDGE ( 'NONE', *, *, #1821, .F. ) ;
#758 = LINE ( 'NONE', #1680, #2661 ) ;
#759 = ORIENTED_EDGE ( 'NONE', *, *, #245, .T. ) ;
#760 = DIRECTION ( 'NONE',  ( 0.000000000000000000, -1.000000000000000000, 0.000000000000000000 ) ) ;
#761 = CARTESIAN_POINT ( 'NONE',  ( -66.83578643762680827, 1.000000000000005995, 50.33578643762699301 ) ) ;
#762 = EDGE_CURVE ( 'NONE', #1133, #2768, #1611, .T. ) ;
#763 = LINE ( 'NONE', #2469, #5461 ) ;
#764 = ORIENTED_EDGE ( 'NONE', *, *, #4379, .T. ) ;
#765 = CARTESIAN_POINT ( 'NONE',  ( -7.999999999999986677, 1.800000000000000044, 60.39600361713693388 ) ) ;
#766 = CARTESIAN_POINT ( 'NONE',  ( 3.559173366053550946, 30.24950011898577173, 12.94082663394683408 ) ) ;
#767 = CIRCLE ( 'NONE', #4330, 10.00000000000000178 ) ;
#768 = FACE_OUTER_BOUND ( 'NONE', #2723, .T. ) ;
#769 = CARTESIAN_POINT ( 'NONE',  ( -23.33892918256469429, 13.99999999999999289, 39.20721700729770021 ) ) ;
#770 = CARTESIAN_POINT ( 'NONE',  ( -8.855504498413667491, 12.99999993360985506, 36.71475113042679794 ) ) ;
#771 = CARTESIAN_POINT ( 'NONE',  ( -10.24999999999998934, 4.000000000000000000, 35.82050807568871420 ) ) ;
#772 = ORIENTED_EDGE ( 'NONE', *, *, #1070, .F. ) ;
#773 = CARTESIAN_POINT ( 'NONE',  ( -23.44782396324600526, 13.46410161513775527, 40.32886667852282869 ) ) ;
#774 = CARTESIAN_POINT ( 'NONE',  ( -17.78039188595412057, 7.247678220580834996, 50.20910391662936689 ) ) ;
#775 = ORIENTED_EDGE ( 'NONE', *, *, #2434, .T. ) ;
#776 = EDGE_LOOP ( 'NONE', ( #1313, #1583, #3508, #3713, #2089 ) ) ;
#777 = DIRECTION ( 'NONE',  ( 0.7071067811865507924, 0.000000000000000000, -0.7071067811865441310 ) ) ;
#778 = CIRCLE ( 'NONE', #2479, 11.00000000000000355 ) ;
#779 = ORIENTED_EDGE ( 'NONE', *, *, #5449, .F. ) ;
#780 = LINE ( 'NONE', #2907, #1671 ) ;
#781 = AXIS2_PLACEMENT_3D ( 'NONE', #5296, #3091, #3116 ) ;
#782 = CARTESIAN_POINT ( 'NONE',  ( -34.63111424548549877, 6.926967007269927201, 51.56382300441919142 ) ) ;
#783 = CIRCLE ( 'NONE', #335, 1.099999999999996758 ) ;
#784 = ADVANCED_FACE ( 'NONE', ( #349 ), #3949, .T. ) ;
#785 = VECTOR ( 'NONE', #1255, 999.9999999999998863 ) ;
#786 = EDGE_CURVE ( 'NONE', #1775, #447, #293, .T. ) ;
#787 = ORIENTED_EDGE ( 'NONE', *, *, #5029, .T. ) ;
#788 = FACE_OUTER_BOUND ( 'NONE', #964, .T. ) ;
#789 = CARTESIAN_POINT ( 'NONE',  ( -16.28805206702886821, 6.139750677346218488, 51.31791240455459047 ) ) ;
#790 = DIRECTION ( 'NONE',  ( -0.4999999999999972244, -0.7071067811865480168, -0.5000000000000021094 ) ) ;
#791 = LINE ( 'NONE', #2500, #3846 ) ;
#792 = ADVANCED_FACE ( 'NONE', ( #1581 ), #3279, .F. ) ;
#793 = SECURITY_CLASSIFICATION ( '', '', #270 ) ;
#794 = VERTEX_POINT ( 'NONE', #2449 ) ;
#795 = DIRECTION ( 'NONE',  ( 0.8660254037844369313, 0.000000000000000000, -0.5000000000000029976 ) ) ;
#796 = CARTESIAN_POINT ( 'NONE',  ( -18.67956554368174338, 6.415643180469402296, 50.62408304923494740 ) ) ;
#797 = CARTESIAN_POINT ( 'NONE',  ( -48.50000000000000000, 5.917096231345234436, 0.000000000000000000 ) ) ;
#798 = CARTESIAN_POINT ( 'NONE',  ( -36.19974746830612844, 12.99999999999996625, 26.30025253169416288 ) ) ;
#799 = CARTESIAN_POINT ( 'NONE',  ( -38.37169744038801866, 13.81833626524712599, 20.58871497070491330 ) ) ;
#800 = LINE ( 'NONE', #5382, #4388 ) ;
#801 = ORIENTED_EDGE ( 'NONE', *, *, #426, .F. ) ;
#802 = CARTESIAN_POINT ( 'NONE',  ( -3.250000000000009770, 14.00000000000000000, 35.24999999999997158 ) ) ;
#803 = CARTESIAN_POINT ( 'NONE',  ( -10.39600361713691790, 0.000000000000000000, 42.99999999999999289 ) ) ;
#804 = EDGE_LOOP ( 'NONE', ( #2689, #2884, #5473, #3385, #41, #2501, #3507, #1622 ) ) ;
#805 = ORIENTED_EDGE ( 'NONE', *, *, #324, .F. ) ;
#806 = CARTESIAN_POINT ( 'NONE',  ( -26.99832189717085740, 15.54505869742212631, 15.69101963859490390 ) ) ;
#807 = VECTOR ( 'NONE', #5428, 1000.000000000000227 ) ;
#808 = VECTOR ( 'NONE', #837, 1000.000000000000227 ) ;
#809 = ORIENTED_EDGE ( 'NONE', *, *, #5325, .T. ) ;
#810 = CARTESIAN_POINT ( 'NONE',  ( 0.000000000000000000, 1.000000000000000888, 50.49999999999999289 ) ) ;
#811 = CARTESIAN_POINT ( 'NONE',  ( -36.38185960278325126, 6.878572742212431201, 52.90979820212216822 ) ) ;
#812 = VERTEX_POINT ( 'NONE', #2033 ) ;
#813 = CARTESIAN_POINT ( 'NONE',  ( -26.00000000000000355, 15.29525135799768876, 1.831976655526680194E-14 ) ) ;
#814 = CYLINDRICAL_SURFACE ( 'NONE', #3551, 2.000000000000000000 ) ;
#815 = DIRECTION ( 'NONE',  ( 0.000000000000000000, -0.7071067811865474617, -0.7071067811865474617 ) ) ;
#816 = EDGE_CURVE ( 'NONE', #1387, #2623, #5439, .T. ) ;
#817 = VECTOR ( 'NONE', #4147, 1000.000000000000000 ) ;
#818 = ORIENTED_EDGE ( 'NONE', *, *, #4916, .T. ) ;
#819 = CARTESIAN_POINT ( 'NONE',  ( -44.38668542139238582, 8.000000000000000000, 59.47247185901921540 ) ) ;
#820 = CARTESIAN_POINT ( 'NONE',  ( -26.90072536783049983, 15.59529471918388843, 2.775557561562891351E-14 ) ) ;
#821 = DIRECTION ( 'NONE',  ( 0.000000000000000000, 0.000000000000000000, -1.000000000000000000 ) ) ;
#822 = ADVANCED_FACE ( 'NONE', ( #1184 ), #2964, .F. ) ;
#823 = LINE ( 'NONE', #744, #4690 ) ;
#824 = CARTESIAN_POINT ( 'NONE',  ( -30.00000000000000000, 14.00000000000000000, 2.980825792344498293 ) ) ;
#825 = APPROVAL ( #5114, 'æœª' ) ;
#826 = CARTESIAN_POINT ( 'NONE',  ( -33.95225416297622445, 6.365401680560992759, 51.37574612324569756 ) ) ;
#827 = ORIENTED_EDGE ( 'NONE', *, *, #4264, .T. ) ;
#828 = DIRECTION ( 'NONE',  ( 0.6546536707079742001, 0.3779644730092243665, -0.6546536707079816386 ) ) ;
#829 = CARTESIAN_POINT ( 'NONE',  ( -25.97657983036733853, 15.30765311848375454, 1.273105454610706566 ) ) ;
#830 = B_SPLINE_CURVE_WITH_KNOTS ( 'NONE', 3,
 ( #3123, #216, #2707, #1477, #4431, #1924, #3990, #3565, #609, #2316, #3618, #327, #2839, #1160, #5472, #774, #4151, #2395, #1953 ),
 .UNSPECIFIED., .F., .F.,
 ( 4, 2, 1, 1, 2, 2, 1, 1, 1, 2, 2, 4 ),
 ( 0.000000000000000000, 0.1249999999999907574, 0.1874999999999821809, 0.2187499999999778511, 0.2343749999999757139, 0.2499999999999735489, 0.3749999999999373279, 0.4374999999999184541, 0.4687499999999099054, 0.4843749999999088507, 0.4999999999999077960, 1.000000000000000000 ),
 .UNSPECIFIED. ) ;
#831 = CARTESIAN_POINT ( 'NONE',  ( -3.250000000000009770, 8.999999999999984013, 36.25000000000000000 ) ) ;
#832 = EDGE_LOOP ( 'NONE', ( #1862, #4141, #994, #4879 ) ) ;
#833 = ORIENTED_EDGE ( 'NONE', *, *, #2332, .T. ) ;
#834 = CARTESIAN_POINT ( 'NONE',  ( -25.73999733451689309, 16.19275816522181088, 13.07417358180087419 ) ) ;
#835 = ADVANCED_FACE ( 'NONE', ( #5043 ), #4055, .T. ) ;
#836 = ADVANCED_FACE ( 'NONE', ( #3063 ), #1664, .F. ) ;
#837 = DIRECTION ( 'NONE',  ( -0.8660254037844397068, 0.000000000000000000, -0.4999999999999978906 ) ) ;
#838 = EDGE_LOOP ( 'NONE', ( #4207, #1791, #1852, #2010, #1824 ) ) ;
#839 = CARTESIAN_POINT ( 'NONE',  ( -30.46450542976684162, 6.494467354673219894, 50.49999999999999289 ) ) ;
#840 = CARTESIAN_POINT ( 'NONE',  ( -36.42691957037600048, 6.878090565401310919, 52.95049404100468138 ) ) ;
#841 = ORIENTED_EDGE ( 'NONE', *, *, #235, .T. ) ;
#842 = EDGE_CURVE ( 'NONE', #5136, #5367, #3887, .T. ) ;
#843 = CARTESIAN_POINT ( 'NONE',  ( -26.90072536783049983, 15.59529471918388843, 2.775557561562891351E-14 ) ) ;
#844 = CARTESIAN_POINT ( 'NONE',  ( -15.65100070851357295, 6.087158099001905853, 51.62028308700074319 ) ) ;
#845 = LINE ( 'NONE', #2548, #5452 ) ;
#846 = ORIENTED_EDGE ( 'NONE', *, *, #1997, .F. ) ;
#847 = LINE ( 'NONE', #5038, #2134 ) ;
#848 = LINE ( 'NONE', #2553, #1991 ) ;
#849 = PLANE ( 'NONE',  #1480 ) ;
#850 = B_SPLINE_CURVE_WITH_KNOTS ( 'NONE', 3,
 ( #4725, #3102, #1793, #2628, #3022, #479, #6, #536, #3469, #3917, #2685, #2576, #3885, #3519, #1709, #2993, #4755, #4385, #4779, #979, #3403, #4353, #5113, #3052, #1284, #37, #2602, #3946, #5198, #4326, #2246, #4698, #1739, #872, #3496, #1398, #1343, #902, #510, #2161, #98, #4301, #2215, #3855, #2187, #5141, #1373, #448, #3432, #5172, #1314, #3079, #62, #952, #2657, #931, #1764, #123, #5226, #1818, #4805, #1060, #196, #4440, #3545, #5307, #589, #2346, #2789, #3130 ),
 .UNSPECIFIED., .F., .F.,
 ( 4, 2, 1, 1, 2, 2, 2, 1, 2, 2, 2, 1, 1, 2, 2, 2, 1, 1, 2, 2, 2, 1, 1, 2, 2, 2, 1, 1, 1, 2, 2, 2, 1, 1, 1, 2, 2, 2, 1, 1, 1, 2, 2, 4 ),
 ( 0.000000000000000000, 0.06250000000001437739, 0.09375000000002156608, 0.1093750000000247580, 0.1171875000000243139, 0.1250000000000238698, 0.1875000000000222877, 0.2187500000000231482, 0.2343750000000235645, 0.2500000000000239808, 0.3125000000000302536, 0.3437500000000333622, 0.3593750000000364708, 0.3671875000000374145, 0.3750000000000383027, 0.4375000000000197620, 0.4687500000000111577, 0.4843750000000069389, 0.4921875000000048295, 0.5000000000000026645, 0.5624999999999756861, 0.5937499999999614753, 0.6093749999999535927, 0.6171874999999481526, 0.6249999999999427125, 0.6874999999998796518, 0.7187499999998486766, 0.7343749999998332445, 0.7421874999998263611, 0.7460937499998242517, 0.7499999999998221423, 0.8124999999998483435, 0.8437499999998612221, 0.8593749999998688827, 0.8671874999998738787, 0.8710937499998763212, 0.8749999999998787636, 0.9062499999998854250, 0.9218749999998898659, 0.9296874999998930855, 0.9335937499998957501, 0.9355468749998970823, 0.9374999999998984146, 1.000000000000000000 ),
 .UNSPECIFIED. ) ;
#851 = CARTESIAN_POINT ( 'NONE',  ( -9.457090134917129021, 12.97149794756722230, 37.21691831093031055 ) ) ;
#852 = CARTESIAN_POINT ( 'NONE',  ( -36.46357183946619784, 6.877676723305556905, 52.98315069801228816 ) ) ;
#853 = VECTOR ( 'NONE', #320, 1000.000000000000000 ) ;
#854 = ADVANCED_FACE ( 'NONE', ( #2557 ), #642, .F. ) ;
#855 = ORIENTED_EDGE ( 'NONE', *, *, #5372, .F. ) ;
#856 = EDGE_LOOP ( 'NONE', ( #149, #4775, #801, #3935 ) ) ;
#857 = VECTOR ( 'NONE', #4476, 1000.000000000000000 ) ;
#858 = EDGE_CURVE ( 'NONE', #2836, #4809, #5102, .T. ) ;
#859 = CARTESIAN_POINT ( 'NONE',  ( -16.60815935901091223, 7.166993894667729847, 50.41958057951703154 ) ) ;
#860 = LINE ( 'NONE', #4257, #2234 ) ;
#861 = LINE ( 'NONE', #1330, #1316 ) ;
#862 = ORIENTED_EDGE ( 'NONE', *, *, #5025, .T. ) ;
#863 = ORIENTED_EDGE ( 'NONE', *, *, #3853, .F. ) ;
#864 = PLANE ( 'NONE',  #1047 ) ;
#865 = CARTESIAN_POINT ( 'NONE',  ( -20.24999999999998934, 6.071796769724456588, 60.50000000000000000 ) ) ;
#866 = EDGE_CURVE ( 'NONE', #4098, #2924, #1114, .T. ) ;
#867 = DIRECTION ( 'NONE',  ( 0.000000000000000000, 0.000000000000000000, 1.000000000000000000 ) ) ;
#868 = ORIENTED_EDGE ( 'NONE', *, *, #2937, .F. ) ;
#869 = FACE_OUTER_BOUND ( 'NONE', #976, .T. ) ;
#870 = DIRECTION ( 'NONE',  ( 0.8891264907159910358, 0.4576615381557277984, 0.000000000000000000 ) ) ;
#871 = ORIENTED_EDGE ( 'NONE', *, *, #1774, .T. ) ;
#872 = CARTESIAN_POINT ( 'NONE',  ( -34.73216638951583235, 6.449983586137298275, 51.76748124131260198 ) ) ;
#873 = PERSON_AND_ORGANIZATION ( #2808, #1058 ) ;
#874 = VECTOR ( 'NONE', #1252, 1000.000000000000000 ) ;
#875 = CARTESIAN_POINT ( 'NONE',  ( -42.66204118483134522, 13.02698466921702725, 26.16204118483123864 ) ) ;
#876 = AXIS2_PLACEMENT_3D ( 'NONE', #632, #1946, #3669 ) ;
#877 = ORIENTED_EDGE ( 'NONE', *, *, #2462, .F. ) ;
#878 = CARTESIAN_POINT ( 'NONE',  ( -9.793166418658170613, 12.90480987328722939, 37.65791023608459653 ) ) ;
#879 = CARTESIAN_POINT ( 'NONE',  ( -17.31393463119885467, 6.261954542374875921, 50.94073642218571507 ) ) ;
#880 = LINE ( 'NONE', #4195, #4235 ) ;
#881 = CARTESIAN_POINT ( 'NONE',  ( -38.74218696989958488, 14.00000000000000355, 22.51994418641391960 ) ) ;
#882 = CARTESIAN_POINT ( 'NONE',  ( -36.81447427811188078, 6.874606143579729434, 53.31569584425380981 ) ) ;
#883 = ORIENTED_EDGE ( 'NONE', *, *, #1706, .T. ) ;
#884 = ORIENTED_EDGE ( 'NONE', *, *, #495, .F. ) ;
#885 = MANIFOLD_SOLID_BREP ( '\X2\52065272\X0\2[4]', #2366 ) ;
#886 = CARTESIAN_POINT ( 'NONE',  ( -46.30460929724408459, 4.000000000000000000, 31.21882285961712356 ) ) ;
#887 = CARTESIAN_POINT ( 'NONE',  ( -25.76678518547523922, 15.41874033958064238, 3.489050031187976852 ) ) ;
#888 = DIRECTION ( 'NONE',  ( 0.000000000000000000, 0.000000000000000000, 1.000000000000000000 ) ) ;
#889 = ORIENTED_EDGE ( 'NONE', *, *, #3460, .T. ) ;
#890 = CIRCLE ( 'NONE', #253, 1.099999999999996758 ) ;
#891 = DIRECTION ( 'NONE',  ( 0.2672612419124223981, -0.9258200997725527515, -0.2672612419124223981 ) ) ;
#892 = EDGE_CURVE ( 'NONE', #4401, #621, #4295, .T. ) ;
#893 = DIRECTION ( 'NONE',  ( 0.000000000000000000, 1.000000000000000000, 0.000000000000000000 ) ) ;
#894 = ADVANCED_FACE ( 'NONE', ( #4816 ), #3053, .F. ) ;
#895 = CYLINDRICAL_SURFACE ( 'NONE', #1432, 10.00000000000000178 ) ;
#896 = EDGE_CURVE ( 'NONE', #1983, #647, #4364, .T. ) ;
#897 = EDGE_CURVE ( 'NONE', #1226, #5493, #1893, .T. ) ;
#898 = ORIENTED_EDGE ( 'NONE', *, *, #5372, .T. ) ;
#899 = CARTESIAN_POINT ( 'NONE',  ( -1.250000000000009992, -0.0009999999999992653654, 34.24999999999999289 ) ) ;
#900 = CARTESIAN_POINT ( 'NONE',  ( -35.25814335302166569, 6.900970914520696553, 51.99669422019252352 ) ) ;
#901 = ORIENTED_EDGE ( 'NONE', *, *, #1193, .T. ) ;
#902 = CARTESIAN_POINT ( 'NONE',  ( -35.11565247478255003, 6.505936271051581343, 51.99377097309707807 ) ) ;
#903 = VECTOR ( 'NONE', #2715, 1000.000000000000000 ) ;
#904 = DIRECTION ( 'NONE',  ( 0.000000000000000000, 1.000000000000000000, 0.000000000000000000 ) ) ;
#905 = EDGE_CURVE ( 'NONE', #4128, #5311, #596, .T. ) ;
#906 = ADVANCED_FACE ( 'NONE', ( #2224 ), #1827, .F. ) ;
#907 = AXIS2_PLACEMENT_3D ( 'NONE', #4287, #2925, #2091 ) ;
#908 = ORIENTED_EDGE ( 'NONE', *, *, #548, .F. ) ;
#909 = CARTESIAN_POINT ( 'NONE',  ( -10.21530794350180216, 12.55109386703418473, 38.78532705003082270 ) ) ;
#910 = CARTESIAN_POINT ( 'NONE',  ( -36.55217545282069835, 13.98847846524515681, 17.68721925239750448 ) ) ;
#911 = EDGE_CURVE ( 'NONE', #694, #2350, #3434, .T. ) ;
#912 = CARTESIAN_POINT ( 'NONE',  ( -36.23963795289103729, 13.99999999999999645, 17.41913076082258627 ) ) ;
#913 = VECTOR ( 'NONE', #2324, 1000.000000000000000 ) ;
#914 = CARTESIAN_POINT ( 'NONE',  ( -35.99113975284492994, 6.662804581814333993, 52.59777008690036837 ) ) ;
#915 = VECTOR ( 'NONE', #4038, 999.9999999999998863 ) ;
#916 = ORIENTED_EDGE ( 'NONE', *, *, #2696, .T. ) ;
#917 = DIRECTION ( 'NONE',  ( 0.000000000000000000, 0.000000000000000000, 1.000000000000000000 ) ) ;
#918 = CARTESIAN_POINT ( 'NONE',  ( -3.250000000000009770, 8.000000000000000000, 34.24999999999999289 ) ) ;
#919 = DIRECTION ( 'NONE',  ( 0.6546536707079743111, 0.3779644730092243110, -0.6546536707079816386 ) ) ;
#920 = ORIENTED_EDGE ( 'NONE', *, *, #4308, .T. ) ;
#921 = ORIENTED_EDGE ( 'NONE', *, *, #1776, .T. ) ;
#922 = FACE_OUTER_BOUND ( 'NONE', #730, .T. ) ;
#923 = DIRECTION ( 'NONE',  ( 0.4999999999999997224, 0.000000000000000000, 0.8660254037844387076 ) ) ;
#924 = EDGE_CURVE ( 'NONE', #1157, #4636, #3752, .T. ) ;
#925 = LINE ( 'NONE', #3487, #5278 ) ;
#926 = CARTESIAN_POINT ( 'NONE',  ( 5.340010990135909630, 32.19062187109238238, -42.37914364721985550 ) ) ;
#927 = ORIENTED_EDGE ( 'NONE', *, *, #4362, .T. ) ;
#928 = CARTESIAN_POINT ( 'NONE',  ( -9.198001808568450954, 1.800000000000000044, 40.92500000000000426 ) ) ;
#929 = CARTESIAN_POINT ( 'NONE',  ( -32.28428437746205759, 7.166517176387976029, 50.33593944314522872 ) ) ;
#930 = EDGE_LOOP ( 'NONE', ( #4080, #1919, #2062, #2375 ) ) ;
#931 = CARTESIAN_POINT ( 'NONE',  ( -36.35079403580958513, 6.739856258849966864, 52.89461117794446920 ) ) ;
#932 = CARTESIAN_POINT ( 'NONE',  ( -30.00000000000000000, 14.00000000000000000, 2.980825792344498293 ) ) ;
#933 = VERTEX_POINT ( 'NONE', #4140 ) ;
#934 = CARTESIAN_POINT ( 'NONE',  ( -9.711270095678690595, 12.92748250566852697, 37.53400351218064657 ) ) ;
#935 = EDGE_CURVE ( 'NONE', #4552, #4740, #1521, .T. ) ;
#936 = CARTESIAN_POINT ( 'NONE',  ( -37.55640673637718407, 14.00000000000000178, 20.23832330341803143 ) ) ;
#937 = CARTESIAN_POINT ( 'NONE',  ( -35.38300621928674161, 6.548503951594353722, 52.16122127266665842 ) ) ;
#938 = ORIENTED_EDGE ( 'NONE', *, *, #4782, .F. ) ;
#939 = DIRECTION ( 'NONE',  ( 0.000000000000000000, -1.000000000000000000, 0.000000000000000000 ) ) ;
#940 = CARTESIAN_POINT ( 'NONE',  ( -49.69112205436483265, 7.697942855056417955, 33.19112205436483976 ) ) ;
#941 = DIRECTION ( 'NONE',  ( 0.000000000000000000, 0.000000000000000000, 1.000000000000000000 ) ) ;
#942 = ORIENTED_EDGE ( 'NONE', *, *, #3467, .F. ) ;
#943 = ORIENTED_EDGE ( 'NONE', *, *, #1397, .F. ) ;
#944 = DIRECTION ( 'NONE',  ( 0.000000000000000000, 0.000000000000000000, 1.000000000000000000 ) ) ;
#945 = LINE ( 'NONE', #527, #2124 ) ;
#946 = CARTESIAN_POINT ( 'NONE',  ( -66.12867965644025503, 8.000000000000000000, 51.04289321881353914 ) ) ;
#947 = CARTESIAN_POINT ( 'NONE',  ( -10.07499999999999751, 0.1738352877773259586, 56.80199819143152951 ) ) ;
#948 = ORIENTED_EDGE ( 'NONE', *, *, #5255, .F. ) ;
#949 = CARTESIAN_POINT ( 'NONE',  ( -31.25000000000032685, 0.000000000000000000, 38.25000000000001421 ) ) ;
#950 = VERTEX_POINT ( 'NONE', #653 ) ;
#951 = EDGE_LOOP ( 'NONE', ( #3794, #4754, #222, #180 ) ) ;
#952 = CARTESIAN_POINT ( 'NONE',  ( -36.28553610316158995, 6.725597276272468505, 52.83925226484625881 ) ) ;
#953 = COORDINATED_UNIVERSAL_TIME_OFFSET ( 8, 0, .AHEAD. ) ;
#954 = CARTESIAN_POINT ( 'NONE',  ( -9.887104369021193051, 13.99396345880503034, 36.26680283556841289 ) ) ;
#955 = EDGE_CURVE ( 'NONE', #5264, #2486, #4530, .T. ) ;
#956 = ADVANCED_FACE ( 'NONE', ( #1574 ), #3739, .F. ) ;
#957 = ORIENTED_EDGE ( 'NONE', *, *, #4277, .F. ) ;
#958 = DIRECTION ( 'NONE',  ( 0.5000000000000123235, -0.7071067811865441310, 0.4999999999999926725 ) ) ;
#959 = AXIS2_PLACEMENT_3D ( 'NONE', #634, #3613, #2677 ) ;
#960 = CARTESIAN_POINT ( 'NONE',  ( -10.12712045927781368, 12.70699696731740325, 38.39090197433580443 ) ) ;
#961 = EDGE_CURVE ( 'NONE', #4760, #5264, #763, .T. ) ;
#962 = CARTESIAN_POINT ( 'NONE',  ( -40.50000000000000711, 0.000000000000000000, 35.50000000000000711 ) ) ;
#963 = AXIS2_PLACEMENT_3D ( 'NONE', #4966, #611, #1134 ) ;
#964 = EDGE_LOOP ( 'NONE', ( #4052, #1244, #5486, #5496 ) ) ;
#965 = FACE_OUTER_BOUND ( 'NONE', #1337, .T. ) ;
#966 = CARTESIAN_POINT ( 'NONE',  ( -51.75000000000005684, 0.000000000000000000, 66.42157287525370180 ) ) ;
#967 = FACE_OUTER_BOUND ( 'NONE', #3051, .T. ) ;
#968 = EDGE_LOOP ( 'NONE', ( #5395, #898, #3685, #3317 ) ) ;
#969 = DIRECTION ( 'NONE',  ( 0.000000000000000000, -0.7071067811865474617, -0.7071067811865474617 ) ) ;
#970 = CARTESIAN_POINT ( 'NONE',  ( -21.16191562682107019, 13.62881531365357191, 38.71826975142801786 ) ) ;
#971 = CARTESIAN_POINT ( 'NONE',  ( -8.000000000000000000, 7.071796769724485898, 43.00000000000000000 ) ) ;
#972 = PRODUCT_DEFINITION_FORMATION_WITH_SPECIFIED_SOURCE ( 'ä»', '', #4862, .NOT_KNOWN. ) ;
#973 = CARTESIAN_POINT ( 'NONE',  ( -66.83578643762679405, 1.000000000000000888, 53.16421356237317042 ) ) ;
#974 = CARTESIAN_POINT ( 'NONE',  ( -21.09783285007741682, 13.76941464009487426, 38.70310704457539686 ) ) ;
#975 = VECTOR ( 'NONE', #958, 999.9999999999998863 ) ;
#976 = EDGE_LOOP ( 'NONE', ( #619, #3361, #3263, #1561 ) ) ;
#977 = DIRECTION ( 'NONE',  ( 0.000000000000000000, 1.000000000000000000, 0.000000000000000000 ) ) ;
#978 = ORIENTED_EDGE ( 'NONE', *, *, #368, .F. ) ;
#979 = CARTESIAN_POINT ( 'NONE',  ( -33.62770149262513542, 6.342795090424472093, 51.23741141964516999 ) ) ;
#980 = APPROVAL_ROLE ( '' ) ;
#981 = CARTESIAN_POINT ( 'NONE',  ( -10.58163477480315784, 13.91832122619635292, 37.14128112396058867 ) ) ;
#982 = AXIS2_PLACEMENT_3D ( 'NONE', #2852, #1546, #4948 ) ;
#983 = EDGE_LOOP ( 'NONE', ( #5213, #26, #3155, #3472 ) ) ;
#984 = VECTOR ( 'NONE', #4884, 1000.000000000000114 ) ;
#985 = VERTEX_POINT ( 'NONE', #2050 ) ;
#986 = CARTESIAN_POINT ( 'NONE',  ( -8.506032546541060668, 12.99780117944201230, 36.52378835220917352 ) ) ;
#987 = EDGE_CURVE ( 'NONE', #2486, #4542, #5460, .T. ) ;
#988 = CARTESIAN_POINT ( 'NONE',  ( -36.44388612017149143, 14.00000000000000000, 17.86860662666756738 ) ) ;
#989 = CARTESIAN_POINT ( 'NONE',  ( -22.16778509902058403, 14.00000000000000178, 38.54833361070779318 ) ) ;
#990 = EDGE_LOOP ( 'NONE', ( #3523, #4496, #4201 ) ) ;
#991 = CARTESIAN_POINT ( 'NONE',  ( -59.47247185901920830, 8.000000000000001776, 44.38668542139239293 ) ) ;
#992 = DIRECTION ( 'NONE',  ( 0.000000000000000000, 0.000000000000000000, 1.000000000000000000 ) ) ;
#993 = CARTESIAN_POINT ( 'NONE',  ( -30.00000000000000000, 14.00000000000000000, 0.000000000000000000 ) ) ;
#994 = ORIENTED_EDGE ( 'NONE', *, *, #5451, .F. ) ;
#995 = CARTESIAN_POINT ( 'NONE',  ( -10.24999999999999289, 1.000000000000000888, 40.49999999999999289 ) ) ;
#996 = CARTESIAN_POINT ( 'NONE',  ( -19.59635826909096679, 14.70748006267138308, 36.62880944278651896 ) ) ;
#997 = LINE ( 'NONE', #579, #735 ) ;
#998 = LINE ( 'NONE', #581, #2959 ) ;
#999 = CARTESIAN_POINT ( 'NONE',  ( -20.04344280861724670, 13.86348641131647419, 38.02255230939427122 ) ) ;
#1000 = VECTOR ( 'NONE', #4537, 1000.000000000000000 ) ;
#1001 = EDGE_CURVE ( 'NONE', #1157, #3941, #2915, .T. ) ;
#1002 = ORIENTED_EDGE ( 'NONE', *, *, #5500, .F. ) ;
#1003 = LINE ( 'NONE', #2710, #3182 ) ;
#1004 = AXIS2_PLACEMENT_3D ( 'NONE', #2472, #3744, #3412 ) ;
#1005 = ORIENTED_EDGE ( 'NONE', *, *, #591, .F. ) ;
#1006 = FACE_OUTER_BOUND ( 'NONE', #1993, .T. ) ;
#1007 = CARTESIAN_POINT ( 'NONE',  ( -10.24999999999999112, 12.32097260787962867, 39.25000000000000000 ) ) ;
#1008 = CIRCLE ( 'NONE', #4305, 1.000000000000000888 ) ;
#1009 = EDGE_CURVE ( 'NONE', #647, #1019, #791, .T. ) ;
#1010 = EDGE_LOOP ( 'NONE', ( #5387, #2282, #1231, #978 ) ) ;
#1011 = VERTEX_POINT ( 'NONE', #1063 ) ;
#1012 = CARTESIAN_POINT ( 'NONE',  ( -10.20140234228031062, 13.96792762045811642, 36.62763357521266272 ) ) ;
#1013 = CARTESIAN_POINT ( 'NONE',  ( -39.58304597993990370, 14.00000000000000000, 23.92569546939779102 ) ) ;
#1014 = CARTESIAN_POINT ( 'NONE',  ( -39.46041209619674106, 13.93387828289575481, 22.54896437380656238 ) ) ;
#1015 = ORIENTED_EDGE ( 'NONE', *, *, #3578, .F. ) ;
#1016 = CARTESIAN_POINT ( 'NONE',  ( 0.000000000000000000, 12.99999999999996625, 0.000000000000000000 ) ) ;
#1017 = CARTESIAN_POINT ( 'NONE',  ( -50.72442097650977644, 7.614796339825707250, 34.22442097650978354 ) ) ;
#1018 = CARTESIAN_POINT ( 'NONE',  ( -28.07069711559588754, 14.99307324083172510, 16.96135604089217708 ) ) ;
#1019 = VERTEX_POINT ( 'NONE', #4076 ) ;
#1020 = CARTESIAN_POINT ( 'NONE',  ( -10.24999999999998934, 6.071796769724454812, 60.50000000000000000 ) ) ;
#1021 = LINE ( 'NONE', #1448, #4746 ) ;
#1022 = DIRECTION ( 'NONE',  ( 0.7071067811865475727, -0.000000000000000000, 0.7071067811865475727 ) ) ;
#1023 = EDGE_CURVE ( 'NONE', #3113, #4552, #1351, .T. ) ;
#1024 = ADVANCED_FACE ( 'NONE', ( #4892 ), #3600, .T. ) ;
#1025 = CARTESIAN_POINT ( 'NONE',  ( -26.00000000000000355, 8.999999999999984013, 0.000000000000000000 ) ) ;
#1026 = CARTESIAN_POINT ( 'NONE',  ( -21.77433427247510522, 13.69508283240875635, 39.15268727119723025 ) ) ;
#1027 = ORIENTED_EDGE ( 'NONE', *, *, #3746, .T. ) ;
#1028 = DIRECTION ( 'NONE',  ( -0.7071067811865512365, 0.000000000000000000, 0.7071067811865439090 ) ) ;
#1029 = EDGE_CURVE ( 'NONE', #2297, #1992, #4943, .T. ) ;
#1030 = EDGE_LOOP ( 'NONE', ( #1828, #2117, #3729 ) ) ;
#1031 = VECTOR ( 'NONE', #3474, 1000.000000000000000 ) ;
#1032 = DIRECTION ( 'NONE',  ( 0.000000000000000000, 0.000000000000000000, 1.000000000000000000 ) ) ;
#1033 = B_SPLINE_CURVE_WITH_KNOTS ( 'NONE', 1,
 ( #4156, #333 ),
 .UNSPECIFIED., .F., .F.,
 ( 2, 2 ),
 ( 0.000000000000000000, 1.000000000000000000 ),
 .UNSPECIFIED. ) ;
#1034 = DIRECTION ( 'NONE',  ( 0.000000000000000000, 0.000000000000000000, -1.000000000000000000 ) ) ;
#1035 = ORIENTED_EDGE ( 'NONE', *, *, #5033, .F. ) ;
#1036 = VERTEX_POINT ( 'NONE', #221 ) ;
#1037 = CARTESIAN_POINT ( 'NONE',  ( -11.16852640565421240, 13.56587880016732406, 38.73584336070623380 ) ) ;
#1038 = CARTESIAN_POINT ( 'NONE',  ( -26.11203207891808376, 16.00126011050417674, -6.480384733388944163 ) ) ;
#1039 = CARTESIAN_POINT ( 'NONE',  ( -40.82050807568870709, 12.66025403784439796, 22.49208095094238757 ) ) ;
#1040 = AXIS2_PLACEMENT_3D ( 'NONE', #4237, #2934, #2073 ) ;
#1041 = ORIENTED_EDGE ( 'NONE', *, *, #3365, .F. ) ;
#1042 = CARTESIAN_POINT ( 'NONE',  ( -26.36605880620276565, 15.18006036937517500, 16.29144601005496895 ) ) ;
#1043 = CARTESIAN_POINT ( 'NONE',  ( -10.24999999999998757, 1.000000000000000888, 63.00000000000000000 ) ) ;
#1044 = CARTESIAN_POINT ( 'NONE',  ( -7.524104172105265498, 0.000000000000000000, 24.88750402124142980 ) ) ;
#1045 = ORIENTED_EDGE ( 'NONE', *, *, #5500, .T. ) ;
#1046 = AXIS2_PLACEMENT_3D ( 'NONE', #2258, #1861, #3559 ) ;
#1047 = AXIS2_PLACEMENT_3D ( 'NONE', #4600, #1645, #2905 ) ;
#1048 = DIRECTION ( 'NONE',  ( 0.000000000000000000, 0.000000000000000000, -1.000000000000000000 ) ) ;
#1049 = CARTESIAN_POINT ( 'NONE',  ( -30.51171607843058453, 4.000000000000000000, 47.01171607843061651 ) ) ;
#1050 = LINE ( 'NONE', #5242, #3802 ) ;
#1051 = CONICAL_SURFACE ( 'NONE', #4172, 6.999999999999992006, 0.7853981633974471688 ) ;
#1052 = DIRECTION ( 'NONE',  ( -0.000000000000000000, -1.000000000000000000, -0.000000000000000000 ) ) ;
#1053 = CARTESIAN_POINT ( 'NONE',  ( -8.000000000000000000, 7.071796769724485898, 41.89999999999999858 ) ) ;
#1054 = EDGE_CURVE ( 'NONE', #4636, #1934, #3710, .T. ) ;
#1055 = ORIENTED_EDGE ( 'NONE', *, *, #1538, .F. ) ;
#1056 = DIRECTION ( 'NONE',  ( 0.000000000000000000, 0.000000000000000000, 1.000000000000000000 ) ) ;
#1057 = B_SPLINE_CURVE_WITH_KNOTS ( 'NONE', 3,
 ( #2634, #4284, #3442, #3110, #4363, #3894, #912, #4309, #1826, #458, #3866, #4815, #988, #1771, #4785, #487, #3062, #5232, #3415, #3030, #5149, #2195, #2666, #3476, #4763, #2691, #4394, #5178, #1350, #4334, #3527, #569, #936, #544, #3832, #3924, #104, #16, #1379, #516, #3086, #4733, #2253, #3953, #5122, #1293, #2584, #3002, #4705, #881, #45, #1747, #178, #4449, #1884, #1197, #3552, #1013 ),
 .UNSPECIFIED., .F., .F.,
 ( 4, 1, 1, 1, 1, 1, 1, 2, 2, 1, 1, 1, 1, 2, 2, 1, 1, 1, 1, 2, 2, 1, 1, 1, 2, 2, 1, 1, 1, 2, 2, 1, 1, 1, 2, 2, 1, 1, 1, 2, 2, 4 ),
 ( 0.000000000000000000, 0.06250000000001465494, 0.09375000000002306488, 0.1093750000000272699, 0.1171875000000293654, 0.1210937500000304201, 0.1230468750000301009, 0.1240234375000299483, 0.1250000000000297817, 0.1875000000000158762, 0.2187500000000094924, 0.2343750000000063005, 0.2421875000000052736, 0.2460937500000047740, 0.2500000000000042744, 0.3125000000000000555, 0.3437499999999984457, 0.3593749999999970579, 0.3671874999999957812, 0.3710937499999957256, 0.3749999999999957256, 0.4375000000000012768, 0.4687500000000029421, 0.4843750000000037748, 0.4921875000000042188, 0.5000000000000046629, 0.5625000000000058842, 0.5937500000000075495, 0.6093750000000084377, 0.6171875000000076605, 0.6250000000000069944, 0.6875000000000032196, 0.7187500000000013323, 0.7343750000000004441, 0.7421875000000005551, 0.7500000000000007772, 0.8125000000000019984, 0.8437500000000025535, 0.8593750000000022204, 0.8671875000000021094, 0.8750000000000021094, 1.000000000000000000 ),
 .UNSPECIFIED. ) ;
#1058 = ORGANIZATION ( 'æœª', 'æœª', '' ) ;
#1059 = EDGE_CURVE ( 'NONE', #4861, #1612, #1105, .T. ) ;
#1060 = CARTESIAN_POINT ( 'NONE',  ( -36.57024349856921930, 6.789064103019986085, 53.08744970283906639 ) ) ;
#1061 = EDGE_CURVE ( 'NONE', #4672, #5180, #1542, .T. ) ;
#1062 = CARTESIAN_POINT ( 'NONE',  ( -18.52252209804991523, 7.281668584253867316, 50.13649135415843006 ) ) ;
#1063 = CARTESIAN_POINT ( 'NONE',  ( -9.249999999999960920, 7.071796769724485898, 63.00000000000000000 ) ) ;
#1064 = ORIENTED_EDGE ( 'NONE', *, *, #762, .T. ) ;
#1065 = ORIENTED_EDGE ( 'NONE', *, *, #734, .F. ) ;
#1066 = CARTESIAN_POINT ( 'NONE',  ( -9.919856607019635675, 13.98805075935427666, 36.31827171126514742 ) ) ;
#1067 = ADVANCED_FACE ( 'NONE', ( #3211 ), #5111, .T. ) ;
#1068 = CARTESIAN_POINT ( 'NONE',  ( -25.94566543225671040, 16.08689428764755647, -7.113704135908275994 ) ) ;
#1069 = DIRECTION ( 'NONE',  ( 0.000000000000000000, -1.000000000000000000, 0.000000000000000000 ) ) ;
#1070 = EDGE_CURVE ( 'NONE', #2688, #1722, #294, .T. ) ;
#1071 = EDGE_CURVE ( 'NONE', #3619, #1387, #3183, .T. ) ;
#1072 = CARTESIAN_POINT ( 'NONE',  ( -26.43333147471322775, 15.14801855710035028, 16.38304750254232189 ) ) ;
#1073 = CARTESIAN_POINT ( 'NONE',  ( -36.90685424949266036, 8.000000000000000000, 25.59314575050762741 ) ) ;
#1074 = LINE ( 'NONE', #5012, #4601 ) ;
#1075 = ORIENTED_EDGE ( 'NONE', *, *, #4261, .T. ) ;
#1076 = CYLINDRICAL_SURFACE ( 'NONE', #421, 3.500000000000000000 ) ;
#1077 = CARTESIAN_POINT ( 'NONE',  ( -10.24999999999999289, 11.79422863405992850, 40.32050807568868578 ) ) ;
#1078 = DIRECTION ( 'NONE',  ( -0.000000000000000000, 1.000000000000000000, -0.000000000000000000 ) ) ;
#1079 = PLANE ( 'NONE',  #1534 ) ;
#1080 = FACE_OUTER_BOUND ( 'NONE', #4632, .T. ) ;
#1081 = AXIS2_PLACEMENT_3D ( 'NONE', #3114, #3479, #1803 ) ;
#1082 = ORIENTED_EDGE ( 'NONE', *, *, #2474, .T. ) ;
#1083 = ORIENTED_EDGE ( 'NONE', *, *, #3365, .T. ) ;
#1084 = CARTESIAN_POINT ( 'NONE',  ( -20.24999999999998934, 7.071796769724485898, 60.50000000000000000 ) ) ;
#1085 = EDGE_CURVE ( 'NONE', #3129, #3522, #3862, .T. ) ;
#1086 = AXIS2_PLACEMENT_3D ( 'NONE', #2756, #3197, #4485 ) ;
#1087 = CARTESIAN_POINT ( 'NONE',  ( -3.250000000000005329, 14.00000000000000000, 27.81074432660873796 ) ) ;
#1088 = CARTESIAN_POINT ( 'NONE',  ( -36.92893218813451739, 1.000000000000000888, 53.42893218813448897 ) ) ;
#1089 = DIRECTION ( 'NONE',  ( 0.000000000000000000, 0.000000000000000000, -1.000000000000000000 ) ) ;
#1090 = EDGE_CURVE ( 'NONE', #4016, #4434, #1458, .T. ) ;
#1091 = VERTEX_POINT ( 'NONE', #5002 ) ;
#1092 = ORIENTED_EDGE ( 'NONE', *, *, #2631, .F. ) ;
#1093 = CARTESIAN_POINT ( 'NONE',  ( -9.388482043684636125, 13.99992844136710701, 35.87436690645295556 ) ) ;
#1094 = AXIS2_PLACEMENT_3D ( 'NONE', #2859, #3222, #3638 ) ;
#1095 = PLANE ( 'NONE',  #3740 ) ;
#1096 = CARTESIAN_POINT ( 'NONE',  ( -18.51738120406164612, 7.235673809319302485, 50.21615664122778355 ) ) ;
#1097 = CARTESIAN_POINT ( 'NONE',  ( -17.45320089737860414, 14.00000000000000355, 36.25509173931489926 ) ) ;
#1098 = CARTESIAN_POINT ( 'NONE',  ( -27.38855314062279334, 14.69302987964905860, 17.48905820401091304 ) ) ;
#1099 = CARTESIAN_POINT ( 'NONE',  ( -17.31393463119885467, 6.261954542374875921, 50.94073642218571507 ) ) ;
#1100 = DIRECTION ( 'NONE',  ( 0.7071067811865519026, 0.000000000000000000, 0.7071067811865432429 ) ) ;
#1101 = VERTEX_POINT ( 'NONE', #2546 ) ;
#1102 = DIRECTION ( 'NONE',  ( 0.000000000000000000, -1.000000000000000000, 0.000000000000000000 ) ) ;
#1103 = CARTESIAN_POINT ( 'NONE',  ( 0.000000000000000000, 0.000000000000000000, 64.00000000000000000 ) ) ;
#1104 = CARTESIAN_POINT ( 'NONE',  ( -18.02437800998606576, 7.262970643816596628, 50.16887177624817440 ) ) ;
#1105 = B_SPLINE_CURVE_WITH_KNOTS ( 'NONE', 3,
 ( #3260, #305, #279, #4106, #1990, #3657, #3236, #1113, #1565, #2740, #4523, #4021, #248, #3684, #4971, #1141, #1961, #2767, #2847, #3626, #1931, #5338, #1595, #2819, #4471, #1513, #728, #4494, #618, #5421, #4443, #700 ),
 .UNSPECIFIED., .F., .F.,
 ( 4, 2, 1, 1, 2, 2, 2, 1, 1, 1, 2, 2, 2, 1, 1, 1, 1, 1, 2, 2, 4 ),
 ( 0.000000000000000000, 0.1250000000000300593, 0.1875000000000449918, 0.2187500000000525413, 0.2343750000000536793, 0.2500000000000547895, 0.3750000000000603961, 0.4375000000000649480, 0.4687500000000665579, 0.4843750000000655587, 0.4921875000000660583, 0.5000000000000665024, 0.6250000000000885958, 0.6875000000001005862, 0.7187500000001091349, 0.7343750000001133538, 0.7421875000001170175, 0.7460937500001162404, 0.7480468750001159073, 0.7500000000001155742, 1.000000000000000000 ),
 .UNSPECIFIED. ) ;
#1106 = CARTESIAN_POINT ( 'NONE',  ( -53.16421356237315621, 1.000000000000000888, 66.83578643762680827 ) ) ;
#1107 = CARTESIAN_POINT ( 'NONE',  ( -28.09565992180932525, 8.000000000000000000, 16.78195142282437757 ) ) ;
#1108 = ORIENTED_EDGE ( 'NONE', *, *, #1850, .T. ) ;
#1109 = ORIENTED_EDGE ( 'NONE', *, *, #1196, .F. ) ;
#1110 = CARTESIAN_POINT ( 'NONE',  ( -25.35305841389028814, 16.39192787103462479, 10.61329735756817350 ) ) ;
#1111 = CYLINDRICAL_SURFACE ( 'NONE', #2499, 2.000000000000001776 ) ;
#1112 = CARTESIAN_POINT ( 'NONE',  ( -36.92893218813451739, 6.873681478297658742, 53.42893218813448186 ) ) ;
#1113 = CARTESIAN_POINT ( 'NONE',  ( -24.12726046712441530, 13.36012361237063750, 40.85000458693600933 ) ) ;
#1114 = CIRCLE ( 'NONE', #3574, 8.000000000000028422 ) ;
#1115 = CIRCLE ( 'NONE', #2105, 2.000000000000000000 ) ;
#1116 = ORIENTED_EDGE ( 'NONE', *, *, #2295, .F. ) ;
#1117 = ORIENTED_EDGE ( 'NONE', *, *, #2332, .F. ) ;
#1118 = CARTESIAN_POINT ( 'NONE',  ( -11.12560980240662722, 13.62647799555918127, 38.52902631357331131 ) ) ;
#1119 = EDGE_CURVE ( 'NONE', #4260, #3088, #3706, .T. ) ;
#1120 = LINE ( 'NONE', #1573, #185 ) ;
#1121 = DIRECTION ( 'NONE',  ( -0.000000000000000000, -1.000000000000000000, -0.000000000000000000 ) ) ;
#1122 = CARTESIAN_POINT ( 'NONE',  ( -24.57833236715828207, 16.03158480567945432, 11.97062231803950993 ) ) ;
#1123 = LINE ( 'NONE', #2752, #4759 ) ;
#1124 = DIRECTION ( 'NONE',  ( -0.7071067811865439090, 0.000000000000000000, -0.7071067811865512365 ) ) ;
#1125 = CARTESIAN_POINT ( 'NONE',  ( 0.000000000000000000, 7.071796769724485898, 40.49999999999999289 ) ) ;
#1126 = CARTESIAN_POINT ( 'NONE',  ( -50.35373563005801145, 8.649147038914120955, 33.85373563005801856 ) ) ;
#1127 = CARTESIAN_POINT ( 'NONE',  ( -40.50000000000000711, 8.000000000000000000, 40.49999999999999289 ) ) ;
#1128 = ORIENTED_EDGE ( 'NONE', *, *, #1298, .F. ) ;
#1129 = LINE ( 'NONE', #5326, #2864 ) ;
#1130 = DIRECTION ( 'NONE',  ( 0.000000000000000000, -0.7071067811865474617, 0.7071067811865474617 ) ) ;
#1131 = AXIS2_PLACEMENT_3D ( 'NONE', #4720, #3818, #3 ) ;
#1132 = ORIENTED_EDGE ( 'NONE', *, *, #911, .T. ) ;
#1133 = VERTEX_POINT ( 'NONE', #4668 ) ;
#1134 = DIRECTION ( 'NONE',  ( 0.000000000000000000, 0.000000000000000000, -1.000000000000000000 ) ) ;
#1135 = B_SPLINE_CURVE_WITH_KNOTS ( 'NONE', 3,
 ( #4137, #339, #3766, #3346, #1599, #3372 ),
 .UNSPECIFIED., .F., .F.,
 ( 4, 2, 4 ),
 ( 0.000000000000000000, 0.5000000000000000000, 1.000000000000000000 ),
 .UNSPECIFIED. ) ;
#1136 = EDGE_CURVE ( 'NONE', #597, #646, #1008, .T. ) ;
#1137 = VECTOR ( 'NONE', #1500, 1000.000000000000000 ) ;
#1138 = DIRECTION ( 'NONE',  ( -0.000000000000000000, -1.000000000000000000, -0.000000000000000000 ) ) ;
#1139 = ADVANCED_FACE ( 'NONE', ( #5031 ), #2887, .T. ) ;
#1140 = CARTESIAN_POINT ( 'NONE',  ( -9.249999999999991118, 0.000000000000000000, 63.00000000000000000 ) ) ;
#1141 = CARTESIAN_POINT ( 'NONE',  ( -24.85001465587592762, 13.24546789572488237, 41.45123807296691609 ) ) ;
#1142 = APPROVAL_PERSON_ORGANIZATION ( #5413, #5263, #3676 ) ;
#1143 = ORIENTED_EDGE ( 'NONE', *, *, #2019, .F. ) ;
#1144 = CARTESIAN_POINT ( 'NONE',  ( -32.91706725564240088, 12.33238089795292503, 49.41706725564240088 ) ) ;
#1145 = ORIENTED_EDGE ( 'NONE', *, *, #3514, .T. ) ;
#1146 = CARTESIAN_POINT ( 'NONE',  ( -8.249999999999987566, 1.000000000000000888, 65.00000000000000000 ) ) ;
#1147 = VECTOR ( 'NONE', #5432, 1000.000000000000000 ) ;
#1148 = CARTESIAN_POINT ( 'NONE',  ( -5.603996382863054571, 1.800000000000000044, 43.00000000000000000 ) ) ;
#1149 = CARTESIAN_POINT ( 'NONE',  ( -17.46144152943402261, 13.99999999999999822, 36.25883045127062587 ) ) ;
#1150 = ORIENTED_EDGE ( 'NONE', *, *, #4043, .T. ) ;
#1151 = CARTESIAN_POINT ( 'NONE',  ( -27.06444787044797451, 14.84741045309539587, 17.16495293383609066 ) ) ;
#1152 = CYLINDRICAL_SURFACE ( 'NONE', #2345, 2.000000000000001776 ) ;
#1153 = DIRECTION ( 'NONE',  ( -0.000000000000000000, -1.000000000000000000, -0.000000000000000000 ) ) ;
#1154 = CARTESIAN_POINT ( 'NONE',  ( 0.000000000000000000, 0.000000000000000000, 0.000000000000000000 ) ) ;
#1155 = CARTESIAN_POINT ( 'NONE',  ( -36.96251400042750390, 13.96280723871401364, 18.35115964058311633 ) ) ;
#1156 = CARTESIAN_POINT ( 'NONE',  ( -10.24999999999998934, 7.071796769724485898, 36.25000000000000000 ) ) ;
#1157 = VERTEX_POINT ( 'NONE', #2077 ) ;
#1158 = AXIS2_PLACEMENT_3D ( 'NONE', #4781, #3547, #3498 ) ;
#1159 = CARTESIAN_POINT ( 'NONE',  ( -31.25000000000000000, 14.00000000000000000, 6.250000000000003553 ) ) ;
#1160 = CARTESIAN_POINT ( 'NONE',  ( -17.80684073648188814, 7.249113582484685736, 50.20566737049337291 ) ) ;
#1161 = ORIENTED_EDGE ( 'NONE', *, *, #4149, .F. ) ;
#1162 = EDGE_LOOP ( 'NONE', ( #4215, #566, #3650, #2135, #833 ) ) ;
#1163 = CARTESIAN_POINT ( 'NONE',  ( -24.45174529899005478, 16.09188450984837715, 10.62904825911205364 ) ) ;
#1164 = VECTOR ( 'NONE', #2533, 1000.000000000000000 ) ;
#1165 = DIRECTION ( 'NONE',  ( -0.7071067811865512365, 0.000000000000000000, 0.7071067811865439090 ) ) ;
#1166 = EDGE_CURVE ( 'NONE', #985, #2711, #2046, .T. ) ;
#1167 = CARTESIAN_POINT ( 'NONE',  ( -5.924999999999996270, 1.800000000000000044, 59.19800180856847049 ) ) ;
#1168 = AXIS2_PLACEMENT_3D ( 'NONE', #4031, #517, #5208 ) ;
#1169 = VECTOR ( 'NONE', #4012, 1000.000000000000114 ) ;
#1170 = DIRECTION ( 'NONE',  ( -0.8660254037844388186, 0.000000000000000000, 0.4999999999999997780 ) ) ;
#1171 = VERTEX_POINT ( 'NONE', #3735 ) ;
#1172 = LINE ( 'NONE', #2883, #785 ) ;
#1173 = ORIENTED_EDGE ( 'NONE', *, *, #2626, .T. ) ;
#1174 = DIRECTION ( 'NONE',  ( -0.6644630243886786580, -0.3420201433256658263, 0.6644630243886723298 ) ) ;
#1175 = CARTESIAN_POINT ( 'NONE',  ( -3.250000000000009770, 7.071796769724485898, 36.25000000000000000 ) ) ;
#1176 = CARTESIAN_POINT ( 'NONE',  ( -17.44381541268816704, 14.00000000000000355, 36.25083392066128596 ) ) ;
#1177 = AXIS2_PLACEMENT_3D ( 'NONE', #3940, #3397, #867 ) ;
#1178 = ORIENTED_EDGE ( 'NONE', *, *, #4501, .T. ) ;
#1179 = CARTESIAN_POINT ( 'NONE',  ( -40.50000000000000711, 8.000000000000000000, -40.50000000000000711 ) ) ;
#1180 = DIRECTION ( 'NONE',  ( 0.000000000000000000, 0.000000000000000000, 1.000000000000000000 ) ) ;
#1181 = DIRECTION ( 'NONE',  ( 0.000000000000000000, -1.000000000000000000, 0.000000000000000000 ) ) ;
#1182 = DIRECTION ( 'NONE',  ( 0.000000000000000000, 0.000000000000000000, -1.000000000000000000 ) ) ;
#1183 = CARTESIAN_POINT ( 'NONE',  ( -9.991363406820200410, 12.81801216235199448, 38.02972259964303703 ) ) ;
#1184 = FACE_OUTER_BOUND ( 'NONE', #3711, .T. ) ;
#1185 = VECTOR ( 'NONE', #3262, 1000.000000000000227 ) ;
#1186 = VERTEX_POINT ( 'NONE', #1144 ) ;
#1187 = CARTESIAN_POINT ( 'NONE',  ( 8.250000000000174083, 14.00000000000000000, 8.250000000000259348 ) ) ;
#1188 = DIRECTION ( 'NONE',  ( -0.000000000000000000, 1.000000000000000000, -0.000000000000000000 ) ) ;
#1189 = EDGE_LOOP ( 'NONE', ( #5230, #4655, #1075, #4859 ) ) ;
#1190 = ORIENTED_EDGE ( 'NONE', *, *, #3874, .T. ) ;
#1191 = EDGE_CURVE ( 'NONE', #343, #3419, #416, .T. ) ;
#1192 = LINE ( 'NONE', #4574, #1678 ) ;
#1193 = EDGE_CURVE ( 'NONE', #1019, #4603, #4551, .T. ) ;
#1194 = ORIENTED_EDGE ( 'NONE', *, *, #3877, .F. ) ;
#1195 = LINE ( 'NONE', #899, #4251 ) ;
#1196 = EDGE_CURVE ( 'NONE', #1965, #4581, #2438, .T. ) ;
#1197 = CARTESIAN_POINT ( 'NONE',  ( -39.22012956464926248, 14.00000000000000355, 23.34581534312917839 ) ) ;
#1198 = ORIENTED_EDGE ( 'NONE', *, *, #3579, .T. ) ;
#1199 = CARTESIAN_POINT ( 'NONE',  ( -3.250000000000005329, 14.00000000000000000, 27.81074432660873796 ) ) ;
#1200 = APPLICATION_CONTEXT ( 'configuration controlled 3d designs of mechanical parts and assemblies' ) ;
#1201 = CARTESIAN_POINT ( 'NONE',  ( -16.12354720755164550, 6.123692513261242532, 51.39101675806649183 ) ) ;
#1202 = DIRECTION ( 'NONE',  ( -0.000000000000000000, 1.000000000000000000, -0.000000000000000000 ) ) ;
#1203 = DIRECTION ( 'NONE',  ( -0.7071067811865435759, 0.000000000000000000, 0.7071067811865515695 ) ) ;
#1204 = B_SPLINE_CURVE_WITH_KNOTS ( 'NONE', 3,
 ( #4177, #352, #5442, #1614 ),
 .UNSPECIFIED., .F., .F.,
 ( 4, 4 ),
 ( 0.000000000000000000, 1.000000000000000000 ),
 .UNSPECIFIED. ) ;
#1205 = VERTEX_POINT ( 'NONE', #5456 ) ;
#1206 = DIRECTION ( 'NONE',  ( -0.3110177634953819048, -0.6546536707079879669, -0.6889822365046053276 ) ) ;
#1207 = DIRECTION ( 'NONE',  ( 0.6889822365046157637, -0.6546536707079715356, 0.3110177634953934511 ) ) ;
#1208 = AXIS2_PLACEMENT_3D ( 'NONE', #44, #5090, #5516 ) ;
#1209 = CARTESIAN_POINT ( 'NONE',  ( -36.10650466415881255, 13.99999999999999467, 17.12562042888072611 ) ) ;
#1210 = CARTESIAN_POINT ( 'NONE',  ( -23.92569546939780878, 14.00000000000000000, 39.58304597993990370 ) ) ;
#1211 = CARTESIAN_POINT ( 'NONE',  ( -9.033573183404771001, 12.99753945626388862, 36.83740796261493955 ) ) ;
#1212 = CARTESIAN_POINT ( 'NONE',  ( -31.67276193066956935, 6.388976839911991057, 50.66607164623256665 ) ) ;
#1213 = EDGE_LOOP ( 'NONE', ( #5112, #1743, #1198, #2541 ) ) ;
#1214 = CARTESIAN_POINT ( 'NONE',  ( -40.32886667852286422, 13.46410161513760606, 23.44782396324588092 ) ) ;
#1215 = DIRECTION ( 'NONE',  ( 0.000000000000000000, -0.000000000000000000, -1.000000000000000000 ) ) ;
#1216 = ORIENTED_EDGE ( 'NONE', *, *, #4757, .F. ) ;
#1217 = ORIENTED_EDGE ( 'NONE', *, *, #307, .F. ) ;
#1218 = CARTESIAN_POINT ( 'NONE',  ( -35.50000000000001421, 8.000000000000000000, 35.50000000000000711 ) ) ;
#1219 = CIRCLE ( 'NONE', #4611, 1.000000000000000888 ) ;
#1220 = VERTEX_POINT ( 'NONE', #4974 ) ;
#1221 = LINE ( 'NONE', #3318, #5152 ) ;
#1222 = CARTESIAN_POINT ( 'NONE',  ( -35.19747355338595440, 6.902986002399445375, 51.95263868825962561 ) ) ;
#1223 = CIRCLE ( 'NONE', #4615, 11.00000000000000355 ) ;
#1224 = AXIS2_PLACEMENT_3D ( 'NONE', #5506, #3790, #3765 ) ;
#1225 = EDGE_CURVE ( 'NONE', #154, #4108, #4396, .T. ) ;
#1226 = VERTEX_POINT ( 'NONE', #1653 ) ;
#1227 = DIRECTION ( 'NONE',  ( -0.000000000000000000, 1.000000000000000000, -0.000000000000000000 ) ) ;
#1228 = DIRECTION ( 'NONE',  ( 0.6546536707079813056, 0.3779644730092244220, -0.6546536707079745332 ) ) ;
#1229 = CC_DESIGN_PERSON_AND_ORGANIZATION_ASSIGNMENT ( #3970, #5357, ( #972 ) ) ;
#1230 = CARTESIAN_POINT ( 'NONE',  ( -10.41799039214575195, 12.99999999999996625, 34.45962095248813029 ) ) ;
#1231 = ORIENTED_EDGE ( 'NONE', *, *, #4867, .F. ) ;
#1232 = DIRECTION ( 'NONE',  ( -0.5000000000000008882, -0.7071067811865461294, 0.5000000000000013323 ) ) ;
#1233 = CARTESIAN_POINT ( 'NONE',  ( -7.813492794109321515, 14.00000000000000000, 25.84471571436612436 ) ) ;
#1234 = DIRECTION ( 'NONE',  ( -0.000000000000000000, 1.000000000000000000, 0.000000000000000000 ) ) ;
#1235 = ADVANCED_FACE ( 'NONE', ( #788 ), #1950, .T. ) ;
#1236 = DIRECTION ( 'NONE',  ( -0.000000000000000000, 1.000000000000000000, -0.000000000000000000 ) ) ;
#1237 = DIRECTION ( 'NONE',  ( 0.000000000000000000, 1.000000000000000000, 0.000000000000000000 ) ) ;
#1238 = EDGE_CURVE ( 'NONE', #4108, #154, #2932, .T. ) ;
#1239 = DIRECTION ( 'NONE',  ( 1.000000000000000000, 0.000000000000000000, 0.000000000000000000 ) ) ;
#1240 = AXIS2_PLACEMENT_3D ( 'NONE', #276, #4102, #3009 ) ;
#1241 = ORIENTED_EDGE ( 'NONE', *, *, #3369, .F. ) ;
#1242 = CARTESIAN_POINT ( 'NONE',  ( -50.50000000000000000, 1.000000000000000888, 33.17157287525382259 ) ) ;
#1243 = DIRECTION ( 'NONE',  ( -1.000000000000000000, 0.000000000000000000, 0.000000000000000000 ) ) ;
#1244 = ORIENTED_EDGE ( 'NONE', *, *, #1085, .F. ) ;
#1245 = ORIENTED_EDGE ( 'NONE', *, *, #1582, .T. ) ;
#1246 = CARTESIAN_POINT ( 'NONE',  ( -25.53744695609891480, 16.29701725401146106, 12.26715016333255193 ) ) ;
#1247 = DESIGN_CONTEXT ( 'detailed design', #4739, 'design' ) ;
#1248 = VECTOR ( 'NONE', #5398, 1000.000000000000114 ) ;
#1249 = AXIS2_PLACEMENT_3D ( 'NONE', #3449, #4258, #888 ) ;
#1250 = DIRECTION ( 'NONE',  ( 0.000000000000000000, 0.000000000000000000, -1.000000000000000000 ) ) ;
#1251 = ORIENTED_EDGE ( 'NONE', *, *, #2694, .T. ) ;
#1252 = DIRECTION ( 'NONE',  ( 1.000000000000000000, 0.000000000000000000, 0.000000000000000000 ) ) ;
#1253 = DIRECTION ( 'NONE',  ( 0.000000000000000000, 0.000000000000000000, -1.000000000000000000 ) ) ;
#1254 = ORIENTED_EDGE ( 'NONE', *, *, #2026, .F. ) ;
#1255 = DIRECTION ( 'NONE',  ( 0.7071067811865435759, 0.000000000000000000, -0.7071067811865515695 ) ) ;
#1256 = DIRECTION ( 'NONE',  ( -1.000000000000000000, 0.000000000000000000, 0.000000000000000000 ) ) ;
#1257 = AXIS2_PLACEMENT_3D ( 'NONE', #1785, #1532, #5355 ) ;
#1258 = CARTESIAN_POINT ( 'NONE',  ( -66.12867965644025503, 8.000000000000000000, 51.04289321881353203 ) ) ;
#1259 = EDGE_CURVE ( 'NONE', #436, #1880, #5336, .T. ) ;
#1260 = EDGE_CURVE ( 'NONE', #1934, #3941, #3634, .T. ) ;
#1261 = VECTOR ( 'NONE', #2805, 1000.000000000000000 ) ;
#1262 = ORIENTED_EDGE ( 'NONE', *, *, #2295, .T. ) ;
#1263 = PLANE ( 'NONE',  #2844 ) ;
#1264 = DIRECTION ( 'NONE',  ( 0.6546536707079814166, 0.3779644730092240335, -0.6546536707079747552 ) ) ;
#1265 = FACE_OUTER_BOUND ( 'NONE', #667, .T. ) ;
#1266 = DIRECTION ( 'NONE',  ( -0.7071067811865507924, 0.000000000000000000, 0.7071067811865441310 ) ) ;
#1267 = CARTESIAN_POINT ( 'NONE',  ( -5.603996382863054571, 0.000000000000000000, 43.00000000000000000 ) ) ;
#1268 = CARTESIAN_POINT ( 'NONE',  ( -31.85425168610960611, 7.255002243696449860, 50.18267881085581195 ) ) ;
#1269 = ORIENTED_EDGE ( 'NONE', *, *, #3467, .T. ) ;
#1270 = ORIENTED_EDGE ( 'NONE', *, *, #1070, .T. ) ;
#1271 = CYLINDRICAL_SURFACE ( 'NONE', #1887, 9.999999999999994671 ) ;
#1272 = CARTESIAN_POINT ( 'NONE',  ( -25.87759682410187878, 15.36006548029441454, 2.539909603026365481 ) ) ;
#1273 = DIRECTION ( 'NONE',  ( 0.5000000000000025535, -0.7071067811865474617, 0.4999999999999976130 ) ) ;
#1274 = ORIENTED_EDGE ( 'NONE', *, *, #4282, .T. ) ;
#1275 = ORIENTED_EDGE ( 'NONE', *, *, #2457, .F. ) ;
#1276 = CARTESIAN_POINT ( 'NONE',  ( -26.76873588651873703, 15.66323388157333341, 15.34294649041891745 ) ) ;
#1277 = VECTOR ( 'NONE', #2911, 1000.000000000000000 ) ;
#1278 = DIRECTION ( 'NONE',  ( 0.000000000000000000, 1.000000000000000000, 0.000000000000000000 ) ) ;
#1279 = LINE ( 'NONE', #166, #984 ) ;
#1280 = ORIENTED_EDGE ( 'NONE', *, *, #1307, .T. ) ;
#1281 = DIRECTION ( 'NONE',  ( 0.7071067811865475727, -0.000000000000000000, 0.7071067811865475727 ) ) ;
#1282 = CARTESIAN_POINT ( 'NONE',  ( -35.80386447533545180, 6.887072703752196823, 52.41653110315760955 ) ) ;
#1283 = ORIENTED_EDGE ( 'NONE', *, *, #3754, .T. ) ;
#1284 = CARTESIAN_POINT ( 'NONE',  ( -33.94740275181762001, 6.365043358299396381, 51.37364793755695302 ) ) ;
#1285 = APPROVAL_ROLE ( '' ) ;
#1286 = CARTESIAN_POINT ( 'NONE',  ( -41.48598402637762206, 13.23898495908498241, 24.89012979899053946 ) ) ;
#1287 = ORIENTED_EDGE ( 'NONE', *, *, #3061, .T. ) ;
#1288 = ADVANCED_FACE ( 'NONE', ( #5083 ), #5056, .F. ) ;
#1289 = CARTESIAN_POINT ( 'NONE',  ( -10.15670735180493800, 12.66383019600324111, 38.50613086733863355 ) ) ;
#1290 = DIRECTION ( 'NONE',  ( -0.000000000000000000, -1.000000000000000000, -0.000000000000000000 ) ) ;
#1291 = CARTESIAN_POINT ( 'NONE',  ( -36.18632084803022053, 14.00000367198059870, 17.08958898292929618 ) ) ;
#1292 = CARTESIAN_POINT ( 'NONE',  ( -7.249999999999992895, 12.99999999999996625, 39.25000000000000000 ) ) ;
#1293 = CARTESIAN_POINT ( 'NONE',  ( -38.48670141503180986, 14.00000000000000000, 22.05439731043906448 ) ) ;
#1294 = CARTESIAN_POINT ( 'NONE',  ( -33.60483631413273287, 6.339755406192544740, 51.22510251612877852 ) ) ;
#1295 = ORIENTED_EDGE ( 'NONE', *, *, #651, .T. ) ;
#1296 = ORIENTED_EDGE ( 'NONE', *, *, #3556, .F. ) ;
#1297 = AXIS2_PLACEMENT_3D ( 'NONE', #2860, #710, #4563 ) ;
#1298 = EDGE_CURVE ( 'NONE', #3391, #692, #1172, .T. ) ;
#1299 = PLANE ( 'NONE',  #1711 ) ;
#1300 = DIRECTION ( 'NONE',  ( 0.000000000000000000, 0.000000000000000000, 1.000000000000000000 ) ) ;
#1301 = LINE ( 'NONE', #1753, #2951 ) ;
#1302 = ORIENTED_EDGE ( 'NONE', *, *, #203, .T. ) ;
#1303 = ORIENTED_EDGE ( 'NONE', *, *, #2352, .F. ) ;
#1304 = CARTESIAN_POINT ( 'NONE',  ( -11.25000000000001954, 13.24552511986628645, 39.63105465825682217 ) ) ;
#1305 = DIRECTION ( 'NONE',  ( -0.000000000000000000, -0.000000000000000000, 1.000000000000000000 ) ) ;
#1306 = DIRECTION ( 'NONE',  ( 0.000000000000000000, 0.7071067811865474617, -0.7071067811865474617 ) ) ;
#1307 = EDGE_CURVE ( 'NONE', #405, #4570, #758, .T. ) ;
#1308 = ORIENTED_EDGE ( 'NONE', *, *, #2559, .T. ) ;
#1309 = DIRECTION ( 'NONE',  ( -0.5000000000000028866, 0.7071067811865475727, -0.4999999999999972244 ) ) ;
#1310 = CARTESIAN_POINT ( 'NONE',  ( -36.39645796834329872, 6.878414958549766034, 52.92295112778371191 ) ) ;
#1311 = ADVANCED_FACE ( 'NONE', ( #2464 ), #1627, .F. ) ;
#1312 = EDGE_CURVE ( 'NONE', #610, #3419, #850, .T. ) ;
#1313 = ORIENTED_EDGE ( 'NONE', *, *, #2969, .T. ) ;
#1314 = CARTESIAN_POINT ( 'NONE',  ( -35.97349634655170547, 6.660028307253900159, 52.58705544132617149 ) ) ;
#1315 = DATE_AND_TIME ( #5142, #4180 ) ;
#1316 = VECTOR ( 'NONE', #4204, 1000.000000000000000 ) ;
#1317 = CIRCLE ( 'NONE', #4885, 1.000000000000021760 ) ;
#1318 = CARTESIAN_POINT ( 'NONE',  ( -50.50000000000000000, 1.000000000000000888, 33.17157287525382259 ) ) ;
#1319 = VERTEX_POINT ( 'NONE', #5251 ) ;
#1320 = DIRECTION ( 'NONE',  ( 0.7071067811865479058, 0.000000000000000000, 0.7071067811865472397 ) ) ;
#1321 = FACE_OUTER_BOUND ( 'NONE', #150, .T. ) ;
#1322 = DIRECTION ( 'NONE',  ( -1.000000000000000000, 0.000000000000000000, 0.000000000000000000 ) ) ;
#1323 = EDGE_CURVE ( 'NONE', #4581, #1527, #1907, .T. ) ;
#1324 = CARTESIAN_POINT ( 'NONE',  ( -20.24999999999998934, 6.494446500534808209, 50.49999999999999289 ) ) ;
#1325 = CARTESIAN_POINT ( 'NONE',  ( -36.74957698953391372, 6.830736482755462191, 53.25374502201614746 ) ) ;
#1326 = VECTOR ( 'NONE', #1256, 1000.000000000000000 ) ;
#1327 = ORIENTED_EDGE ( 'NONE', *, *, #2524, .F. ) ;
#1328 = CARTESIAN_POINT ( 'NONE',  ( -11.03113590207330752, 7.071796769724485010, 50.06227180414656175 ) ) ;
#1329 = FACE_OUTER_BOUND ( 'NONE', #1833, .T. ) ;
#1330 = CARTESIAN_POINT ( 'NONE',  ( -10.24999999999999289, 6.071796769724454812, 40.49999999999999289 ) ) ;
#1331 = ORIENTED_EDGE ( 'NONE', *, *, #5081, .T. ) ;
#1332 = DIRECTION ( 'NONE',  ( 0.000000000000000000, 0.2773500981126122977, -0.9607689228305235085 ) ) ;
#1333 = DIRECTION ( 'NONE',  ( 0.000000000000000000, 0.000000000000000000, 1.000000000000000000 ) ) ;
#1334 = CARTESIAN_POINT ( 'NONE',  ( -10.24999999999998757, 1.000000000000000888, 65.00000000000000000 ) ) ;
#1335 = LINE ( 'NONE', #2315, #3847 ) ;
#1336 = DIRECTION ( 'NONE',  ( 0.4999999999999989453, -0.7071067811865457964, 0.5000000000000036637 ) ) ;
#1337 = EDGE_LOOP ( 'NONE', ( #4230, #4464, #3232, #454 ) ) ;
#1338 = CARTESIAN_POINT ( 'NONE',  ( -10.24999999999998757, 6.071796769724454812, 65.00000000000000000 ) ) ;
#1339 = CARTESIAN_POINT ( 'NONE',  ( -34.95743597505271083, 6.911761089449755424, 51.78217317029950095 ) ) ;
#1340 = CIRCLE ( 'NONE', #3737, 10.00000000000000000 ) ;
#1341 = EDGE_CURVE ( 'NONE', #4231, #4714, #1503, .T. ) ;
#1342 = VERTEX_POINT ( 'NONE', #3598 ) ;
#1343 = CARTESIAN_POINT ( 'NONE',  ( -35.07398783433959721, 6.499440743397966180, 51.96806516993931524 ) ) ;
#1344 = VECTOR ( 'NONE', #4275, 1000.000000000000114 ) ;
#1345 = LINE ( 'NONE', #148, #1970 ) ;
#1346 = VECTOR ( 'NONE', #3447, 1000.000000000000114 ) ;
#1347 = ORIENTED_EDGE ( 'NONE', *, *, #2169, .F. ) ;
#1348 = LINE ( 'NONE', #128, #975 ) ;
#1349 = CARTESIAN_POINT ( 'NONE',  ( -65.42157287525370180, 8.000000000000000000, 51.75000000000007105 ) ) ;
#1350 = CARTESIAN_POINT ( 'NONE',  ( -37.31629045116847720, 14.00000000000000178, 19.74241979657626089 ) ) ;
#1351 = CIRCLE ( 'NONE', #3309, 2.000000000000001776 ) ;
#1352 = CARTESIAN_POINT ( 'NONE',  ( -36.92893218813451739, 6.873681478297654301, 53.42893218813448897 ) ) ;
#1353 = AXIS2_PLACEMENT_3D ( 'NONE', #3612, #3170, #2781 ) ;
#1354 = ORIENTED_EDGE ( 'NONE', *, *, #1341, .F. ) ;
#1355 = DIRECTION ( 'NONE',  ( 0.000000000000000000, 1.000000000000000000, 0.000000000000000000 ) ) ;
#1356 = FACE_OUTER_BOUND ( 'NONE', #4100, .T. ) ;
#1357 = DIRECTION ( 'NONE',  ( -0.7071067811865464625, -0.7071067811865486830, 0.000000000000000000 ) ) ;
#1358 = ORIENTED_EDGE ( 'NONE', *, *, #1, .T. ) ;
#1359 = DIRECTION ( 'NONE',  ( 2.124151195073640555E-16, 0.000000000000000000, 1.000000000000000000 ) ) ;
#1360 = CARTESIAN_POINT ( 'NONE',  ( 2.781619108111024197, 32.94302707978169309, 13.71838089188935150 ) ) ;
#1361 = PLANE ( 'NONE',  #587 ) ;
#1362 = B_SPLINE_CURVE_WITH_KNOTS ( 'NONE', 3,
 ( #2760, #4377, #665, #118, #5327, #3594, #2733, #5218, #4463, #1506, #140, #191, #4910, #1392, #1812, #3539, #582, #636, #1901, #3097, #3512, #999, #5277, #4801, #974, #2342, #558, #2288, #5246, #4015, #4858, #1026, #2679, #3201, #2266 ),
 .UNSPECIFIED., .F., .F.,
 ( 4, 2, 2, 1, 1, 1, 2, 2, 2, 1, 1, 1, 1, 2, 2, 2, 1, 1, 1, 1, 2, 2, 4 ),
 ( 0.000000000000000000, 0.1250000000000456857, 0.1875000000000690559, 0.2187500000000807410, 0.2343750000000860145, 0.2421875000000886513, 0.2460937500000894007, 0.2500000000000900946, 0.3750000000001053047, 0.4375000000001128542, 0.4687500000001178502, 0.4843750000001209033, 0.4921875000001223466, 0.4960937500001224576, 0.5000000000001225686, 0.6250000000000863754, 0.6875000000000676126, 0.7187500000000580647, 0.7343750000000526246, 0.7421875000000489608, 0.7460937500000478506, 0.7500000000000467404, 1.000000000000000000 ),
 .UNSPECIFIED. ) ;
#1363 = CARTESIAN_POINT ( 'NONE',  ( -41.50000000000000711, 0.000000000000000000, 0.000000000000000000 ) ) ;
#1364 = AXIS2_PLACEMENT_3D ( 'NONE', #2280, #3982, #1860 ) ;
#1365 = CARTESIAN_POINT ( 'NONE',  ( -18.61076150457757095, 13.99999999999999822, 37.58607520371802480 ) ) ;
#1366 = EDGE_CURVE ( 'NONE', #2904, #5501, #614, .T. ) ;
#1367 = ADVANCED_FACE ( 'NONE', ( #3207 ), #1051, .F. ) ;
#1368 = ORIENTED_EDGE ( 'NONE', *, *, #1059, .F. ) ;
#1369 = DIRECTION ( 'NONE',  ( 0.000000000000000000, 0.000000000000000000, -1.000000000000000000 ) ) ;
#1370 = CARTESIAN_POINT ( 'NONE',  ( -33.31147030426577516, 7.030485272562637888, 50.80591541163957459 ) ) ;
#1371 = ORIENTED_EDGE ( 'NONE', *, *, #4405, .T. ) ;
#1372 = ORIENTED_EDGE ( 'NONE', *, *, #2574, .T. ) ;
#1373 = CARTESIAN_POINT ( 'NONE',  ( -35.76338030494589049, 6.618866593378955443, 52.42999686522305325 ) ) ;
#1374 = MECHANICAL_CONTEXT ( 'NONE', #1200, 'mechanical' ) ;
#1375 = EDGE_CURVE ( 'NONE', #1648, #2904, #1481, .T. ) ;
#1376 = CARTESIAN_POINT ( 'NONE',  ( -11.25000000000001954, 13.24552511986628645, 39.63105465825682217 ) ) ;
#1377 = ORIENTED_EDGE ( 'NONE', *, *, #2480, .F. ) ;
#1378 = CARTESIAN_POINT ( 'NONE',  ( -7.350392066109813882, 12.98189829668109496, 36.25000281021453929 ) ) ;
#1379 = CARTESIAN_POINT ( 'NONE',  ( -38.00288082188496475, 14.00000000000000355, 21.13328045763076801 ) ) ;
#1380 = CARTESIAN_POINT ( 'NONE',  ( -23.05338571948882631, 14.00000000000000000, 39.04885081095592625 ) ) ;
#1381 = EDGE_LOOP ( 'NONE', ( #4939, #5101, #1626, #3966 ) ) ;
#1382 = AXIS2_PLACEMENT_3D ( 'NONE', #995, #5185, #1359 ) ;
#1383 = CARTESIAN_POINT ( 'NONE',  ( -16.19909775630828364, 7.135467835607617104, 50.52123848178111132 ) ) ;
#1384 = DIRECTION ( 'NONE',  ( -0.000000000000000000, 1.000000000000000000, -0.000000000000000000 ) ) ;
#1385 = DIRECTION ( 'NONE',  ( 0.000000000000000000, 0.000000000000000000, 1.000000000000000000 ) ) ;
#1386 = ORIENTED_EDGE ( 'NONE', *, *, #4159, .T. ) ;
#1387 = VERTEX_POINT ( 'NONE', #4863 ) ;
#1388 = DIRECTION ( 'NONE',  ( -0.000000000000000000, 1.000000000000000000, -0.000000000000000000 ) ) ;
#1389 = VECTOR ( 'NONE', #893, 1000.000000000000000 ) ;
#1390 = DIRECTION ( 'NONE',  ( -0.7071067811865479058, 0.000000000000000000, -0.7071067811865472397 ) ) ;
#1391 = CARTESIAN_POINT ( 'NONE',  ( -49.50000000000000000, -0.000000000000000000, 0.000000000000000000 ) ) ;
#1392 = CARTESIAN_POINT ( 'NONE',  ( -18.90548505398461998, 13.93818465070583912, 37.30606515534102385 ) ) ;
#1393 = EDGE_LOOP ( 'NONE', ( #3213, #2970, #4371, #472 ) ) ;
#1394 = DIRECTION ( 'NONE',  ( 0.000000000000000000, -1.000000000000000000, 0.000000000000000000 ) ) ;
#1395 = B_SPLINE_CURVE_WITH_KNOTS ( 'NONE', 3,
 ( #1551, #3273, #3745, #1687 ),
 .UNSPECIFIED., .F., .F.,
 ( 4, 4 ),
 ( 0.001297347894100223673, 0.003755583910229119346 ),
 .UNSPECIFIED. ) ;
#1396 = VERTEX_POINT ( 'NONE', #2372 ) ;
#1397 = EDGE_CURVE ( 'NONE', #1439, #3125, #4468, .T. ) ;
#1398 = CARTESIAN_POINT ( 'NONE',  ( -34.97723519250281754, 6.484709261283724047, 51.90934833485660249 ) ) ;
#1399 = PERSON_AND_ORGANIZATION ( #2808, #1058 ) ;
#1400 = DIRECTION ( 'NONE',  ( -7.228014483236699514E-16, 0.000000000000000000, 1.000000000000000000 ) ) ;
#1401 = ADVANCED_FACE ( 'NONE', ( #2321 ), #4072, .F. ) ;
#1402 = ORIENTED_EDGE ( 'NONE', *, *, #5451, .T. ) ;
#1403 = AXIS2_PLACEMENT_3D ( 'NONE', #4350, #2240, #3516 ) ;
#1404 = EDGE_LOOP ( 'NONE', ( #2642, #1872, #5297, #1327 ) ) ;
#1405 = CARTESIAN_POINT ( 'NONE',  ( -9.529289796636794208, 12.96267736659873826, 37.29688056947699693 ) ) ;
#1406 = AXIS2_PLACEMENT_3D ( 'NONE', #1449, #4066, #556 ) ;
#1407 = DIRECTION ( 'NONE',  ( 0.000000000000000000, 1.000000000000000000, 0.000000000000000000 ) ) ;
#1408 = VECTOR ( 'NONE', #5380, 1000.000000000000000 ) ;
#1409 = CARTESIAN_POINT ( 'NONE',  ( -22.26662100432615432, 14.00000000000000000, 38.60242587775765344 ) ) ;
#1410 = ORIENTED_EDGE ( 'NONE', *, *, #2696, .F. ) ;
#1411 = ADVANCED_FACE ( 'NONE', ( #698 ), #2737, .F. ) ;
#1412 = CARTESIAN_POINT ( 'NONE',  ( -16.56736159920228246, 6.167303368801525743, 51.19446229908793811 ) ) ;
#1413 = PLANE ( 'NONE',  #1364 ) ;
#1414 = LINE ( 'NONE', #2641, #72 ) ;
#1415 = ORIENTED_EDGE ( 'NONE', *, *, #3174, .F. ) ;
#1416 = EDGE_CURVE ( 'NONE', #1912, #5396, #4650, .T. ) ;
#1417 = EDGE_LOOP ( 'NONE', ( #280, #2293, #4254, #2256 ) ) ;
#1418 = DIRECTION ( 'NONE',  ( 0.000000000000000000, -0.7071067811865475727, -0.7071067811865475727 ) ) ;
#1419 = CARTESIAN_POINT ( 'NONE',  ( -66.12867965644022661, 0.000000000000000000, 51.04289321881353914 ) ) ;
#1420 = CYLINDRICAL_SURFACE ( 'NONE', #2159, 3.000000000000002665 ) ;
#1421 = CARTESIAN_POINT ( 'NONE',  ( -24.88750402124150440, 15.88432475818448530, 7.524104172105012367 ) ) ;
#1422 = AXIS2_PLACEMENT_3D ( 'NONE', #5403, #5294, #1493 ) ;
#1423 = ORIENTED_EDGE ( 'NONE', *, *, #1366, .F. ) ;
#1424 = DIRECTION ( 'NONE',  ( 0.000000000000000000, 0.7071067811865482389, -0.7071067811865469066 ) ) ;
#1425 = ADVANCED_FACE ( 'NONE', ( #1929 ), #1111, .T. ) ;
#1426 = EDGE_LOOP ( 'NONE', ( #1287, #5124 ) ) ;
#1427 = B_SPLINE_SURFACE_WITH_KNOTS ( 'NONE', 1, 3, ( 
 ( #1494, #656, #316, #3272, #4929, #208 ),
 ( #3193, #742, #4876, #2334, #1525, #4034 ) ),
 .UNSPECIFIED., .F., .F., .F.,
 ( 2, 2 ),
 ( 4, 2, 4 ),
 ( 0.000000000000000000, 1.000000000000000000 ),
 ( 1.570796326794896114, 1.833339105416401438, 2.095881884037906762 ),
 .UNSPECIFIED. ) ;
#1428 = CARTESIAN_POINT ( 'NONE',  ( -10.07499999999999751, 1.800000000000000044, 59.19800180856846339 ) ) ;
#1429 = CARTESIAN_POINT ( 'NONE',  ( -11.08544088217468548, 13.67533489772461230, 38.35516430318563863 ) ) ;
#1430 = AXIS2_PLACEMENT_3D ( 'NONE', #246, #3709, #4942 ) ;
#1431 = ORIENTED_EDGE ( 'NONE', *, *, #2242, .T. ) ;
#1432 = AXIS2_PLACEMENT_3D ( 'NONE', #3364, #2649, #529 ) ;
#1433 = ORIENTED_EDGE ( 'NONE', *, *, #3152, .T. ) ;
#1434 = CARTESIAN_POINT ( 'NONE',  ( -9.444374424498557019, 13.99964589103113966, 35.91436771989496179 ) ) ;
#1435 = ADVANCED_FACE ( 'NONE', ( #1006 ), #4941, .F. ) ;
#1436 = EDGE_CURVE ( 'NONE', #2269, #10, #4812, .T. ) ;
#1437 = CARTESIAN_POINT ( 'NONE',  ( -25.81341412015467895, 15.39404971841183745, -3.173686228836171797 ) ) ;
#1438 = CARTESIAN_POINT ( 'NONE',  ( -39.59252386624971365, 13.32122759710316195, 22.12803014351052866 ) ) ;
#1439 = VERTEX_POINT ( 'NONE', #3969 ) ;
#1440 = CARTESIAN_POINT ( 'NONE',  ( -17.48905820401119016, 0.000000000000000000, 27.38855314062262636 ) ) ;
#1441 = CARTESIAN_POINT ( 'NONE',  ( -31.25000000000000000, 0.000000000000000000, 6.250000000000003553 ) ) ;
#1442 = FACE_BOUND ( 'NONE', #2221, .T. ) ;
#1443 = ORIENTED_EDGE ( 'NONE', *, *, #5332, .T. ) ;
#1444 = VECTOR ( 'NONE', #4478, 999.9999999999998863 ) ;
#1445 = EDGE_CURVE ( 'NONE', #2214, #2173, #147, .T. ) ;
#1446 = AXIS2_PLACEMENT_3D ( 'NONE', #1855, #4083, #255 ) ;
#1447 = DIRECTION ( 'NONE',  ( 0.000000000000000000, 0.000000000000000000, 1.000000000000000000 ) ) ;
#1448 = CARTESIAN_POINT ( 'NONE',  ( -41.50000000000000711, 0.000000000000000000, 35.50000000000000711 ) ) ;
#1449 = CARTESIAN_POINT ( 'NONE',  ( -6.801998191431509966, 1.800000000000000044, 45.07499999999996732 ) ) ;
#1450 = DIRECTION ( 'NONE',  ( 0.000000000000000000, 0.000000000000000000, 1.000000000000000000 ) ) ;
#1451 = DIRECTION ( 'NONE',  ( 0.000000000000000000, 1.000000000000000000, 0.000000000000000000 ) ) ;
#1452 = ORIENTED_EDGE ( 'NONE', *, *, #2068, .T. ) ;
#1453 = CARTESIAN_POINT ( 'NONE',  ( -9.198001808568450954, 1.800000000000000044, 40.92500000000000426 ) ) ;
#1454 = VECTOR ( 'NONE', #1759, 1000.000000000000000 ) ;
#1455 = ORIENTED_EDGE ( 'NONE', *, *, #5498, .T. ) ;
#1456 = DIRECTION ( 'NONE',  ( -0.4999999999999997780, 0.000000000000000000, -0.8660254037844387076 ) ) ;
#1457 = DIRECTION ( 'NONE',  ( 0.000000000000000000, 0.000000000000000000, -1.000000000000000000 ) ) ;
#1458 = CIRCLE ( 'NONE', #2180, 2.099999999999997868 ) ;
#1459 = ORIENTED_EDGE ( 'NONE', *, *, #1949, .T. ) ;
#1460 = EDGE_LOOP ( 'NONE', ( #1433, #2427, #1652, #3560 ) ) ;
#1461 = CARTESIAN_POINT ( 'NONE',  ( -10.91483610543096461, 13.79239058084134761, 37.84870113450384110 ) ) ;
#1462 = CARTESIAN_POINT ( 'NONE',  ( -25.81341412015468961, 15.39404971841182679, 3.173686228836102963 ) ) ;
#1463 = CARTESIAN_POINT ( 'NONE',  ( 0.000000000000000000, 8.000000000000000000, 35.25000000000001421 ) ) ;
#1464 = EDGE_CURVE ( 'NONE', #1727, #2742, #2407, .T. ) ;
#1465 = EDGE_LOOP ( 'NONE', ( #1371, #299, #223, #376 ) ) ;
#1466 = EDGE_CURVE ( 'NONE', #5293, #4434, #1752, .T. ) ;
#1467 = CARTESIAN_POINT ( 'NONE',  ( -10.24999999999999112, 8.000000000000000000, 40.49999999999999289 ) ) ;
#1468 = CYLINDRICAL_SURFACE ( 'NONE', #286, 2.100000000000000977 ) ;
#1469 = DIRECTION ( 'NONE',  ( -0.8891264907159910358, -0.4576615381557277984, 0.000000000000000000 ) ) ;
#1470 = ORIENTED_EDGE ( 'NONE', *, *, #664, .F. ) ;
#1471 = DIRECTION ( 'NONE',  ( 0.000000000000000000, 0.000000000000000000, 1.000000000000000000 ) ) ;
#1472 = CARTESIAN_POINT ( 'NONE',  ( -25.59314575050798979, 8.000000000000000000, 36.90685424949241167 ) ) ;
#1473 = CARTESIAN_POINT ( 'NONE',  ( -31.25000000000000000, 14.00000000000000000, 2.750000000000003553 ) ) ;
#1474 = EDGE_CURVE ( 'NONE', #2370, #1319, #2146, .T. ) ;
#1475 = EDGE_CURVE ( 'NONE', #354, #3973, #2877, .T. ) ;
#1476 = FACE_OUTER_BOUND ( 'NONE', #3601, .T. ) ;
#1477 = CARTESIAN_POINT ( 'NONE',  ( -18.31259815738674135, 7.273335726938388923, 50.15202041460162974 ) ) ;
#1478 = ORIENTED_EDGE ( 'NONE', *, *, #2865, .T. ) ;
#1479 = CARTESIAN_POINT ( 'NONE',  ( -25.37289395322214602, 16.38171789131233069, 9.781480066845194443 ) ) ;
#1480 = AXIS2_PLACEMENT_3D ( 'NONE', #3893, #3328, #2554 ) ;
#1481 = LINE ( 'NONE', #4019, #3459 ) ;
#1482 = EDGE_CURVE ( 'NONE', #4292, #2857, #3708, .T. ) ;
#1483 = LINE ( 'NONE', #1088, #4970 ) ;
#1484 = ADVANCED_FACE ( 'NONE', ( #4737 ), #4131, .F. ) ;
#1485 = DIRECTION ( 'NONE',  ( -0.7071067811865474617, -0.000000000000000000, -0.7071067811865474617 ) ) ;
#1486 = EDGE_CURVE ( 'NONE', #3113, #3391, #4712, .T. ) ;
#1487 = ORIENTED_EDGE ( 'NONE', *, *, #3105, .T. ) ;
#1488 = ORIENTED_EDGE ( 'NONE', *, *, #4757, .T. ) ;
#1489 = CARTESIAN_POINT ( 'NONE',  ( -9.275268656649799937, 14.00004746721034188, 35.79769205925700248 ) ) ;
#1490 = CARTESIAN_POINT ( 'NONE',  ( -18.50339774253050606, 7.197823177701943465, 50.29849680416302959 ) ) ;
#1491 = DIRECTION ( 'NONE',  ( 0.000000000000000000, 0.7071067811865462405, -0.7071067811865487940 ) ) ;
#1492 = VECTOR ( 'NONE', #1815, 1000.000000000000000 ) ;
#1493 = DIRECTION ( 'NONE',  ( 0.000000000000000000, 0.000000000000000000, 1.000000000000000000 ) ) ;
#1494 = CARTESIAN_POINT ( 'NONE',  ( -27.02494402638219384, 13.99999999999999822, 42.11073046400917974 ) ) ;
#1495 = EDGE_CURVE ( 'NONE', #1205, #1612, #4378, .T. ) ;
#1496 = FACE_BOUND ( 'NONE', #1632, .T. ) ;
#1497 = VERTEX_POINT ( 'NONE', #5127 ) ;
#1498 = VECTOR ( 'NONE', #1469, 1000.000000000000000 ) ;
#1499 = VECTOR ( 'NONE', #3071, 1000.000000000000000 ) ;
#1500 = DIRECTION ( 'NONE',  ( 0.000000000000000000, 1.000000000000000000, 0.000000000000000000 ) ) ;
#1501 = LINE ( 'NONE', #5381, #3575 ) ;
#1502 = CARTESIAN_POINT ( 'NONE',  ( 0.000000000000000000, 7.071796769724485898, 63.99999999999997158 ) ) ;
#1503 = CIRCLE ( 'NONE', #5155, 3.000000000000002665 ) ;
#1504 = B_SPLINE_CURVE_WITH_KNOTS ( 'NONE', 1,
 ( #2492, #4184 ),
 .UNSPECIFIED., .F., .F.,
 ( 2, 2 ),
 ( 0.000000000000000000, 1.000000000000000000 ),
 .UNSPECIFIED. ) ;
#1505 = LINE ( 'NONE', #4908, #4114 ) ;
#1506 = CARTESIAN_POINT ( 'NONE',  ( -18.24745530342095989, 13.96684280602578987, 36.89841347098353452 ) ) ;
#1507 = VERTEX_POINT ( 'NONE', #302 ) ;
#1508 = ORIENTED_EDGE ( 'NONE', *, *, #2196, .F. ) ;
#1509 = CARTESIAN_POINT ( 'NONE',  ( -24.75739180119675709, 15.94629955915596931, 7.954442793731326233 ) ) ;
#1510 = CC_DESIGN_APPROVAL ( #5263, ( #793 ) ) ;
#1511 = CARTESIAN_POINT ( 'NONE',  ( -3.250000000000009770, 7.071796769724485898, 34.24999999999999289 ) ) ;
#1512 = DIRECTION ( 'NONE',  ( 0.000000000000000000, 2.602085213965208275E-15, 1.000000000000000000 ) ) ;
#1513 = CARTESIAN_POINT ( 'NONE',  ( -25.59145824791444213, 13.12361734942213332, 42.11678409513341848 ) ) ;
#1514 = AXIS2_PLACEMENT_3D ( 'NONE', #1988, #4577, #1694 ) ;
#1515 = EDGE_LOOP ( 'NONE', ( #484, #3840, #514, #5304 ) ) ;
#1516 = VERTEX_POINT ( 'NONE', #2845 ) ;
#1517 = CARTESIAN_POINT ( 'NONE',  ( -7.780468729805113171, 13.98216833780628043, 35.22340552708467953 ) ) ;
#1518 = PRODUCT_DEFINITION_SHAPE ( 'NONE', 'NONE',  #3278 ) ;
#1519 = CARTESIAN_POINT ( 'NONE',  ( -30.00000000000000000, 14.00000000000000000, 0.000000000000000000 ) ) ;
#1520 = FACE_OUTER_BOUND ( 'NONE', #2239, .T. ) ;
#1521 = LINE ( 'NONE', #2824, #1444 ) ;
#1522 = VECTOR ( 'NONE', #4469, 1000.000000000000000 ) ;
#1523 = VECTOR ( 'NONE', #2425, 1000.000000000000000 ) ;
#1524 = CARTESIAN_POINT ( 'NONE',  ( -24.63814380743567867, 16.00309514995926108, 12.30245827199360242 ) ) ;
#1525 = CARTESIAN_POINT ( 'NONE',  ( -23.91461716050790898, 13.39399968522610074, 40.67154084336510778 ) ) ;
#1526 = CARTESIAN_POINT ( 'NONE',  ( -40.50000000000000711, 8.000000000000000000, 0.000000000000000000 ) ) ;
#1527 = VERTEX_POINT ( 'NONE', #3289 ) ;
#1528 = CARTESIAN_POINT ( 'NONE',  ( -1.250000000000006661, 8.999999999999984013, 27.81074432660873796 ) ) ;
#1529 = LINE ( 'NONE', #4881, #3312 ) ;
#1530 = FACE_OUTER_BOUND ( 'NONE', #2684, .T. ) ;
#1531 = B_SPLINE_CURVE_WITH_KNOTS ( 'NONE', 3,
 ( #2648, #139, #5275, #4829 ),
 .UNSPECIFIED., .F., .F.,
 ( 4, 4 ),
 ( 0.000000000000000000, 1.000000000000000000 ),
 .UNSPECIFIED. ) ;
#1532 = DIRECTION ( 'NONE',  ( 0.000000000000000000, -1.000000000000000000, 0.000000000000000000 ) ) ;
#1533 = DIRECTION ( 'NONE',  ( 0.5000000000000002220, 0.000000000000000000, -0.8660254037844384856 ) ) ;
#1534 = AXIS2_PLACEMENT_3D ( 'NONE', #635, #2451, #4042 ) ;
#1535 = ORIENTED_EDGE ( 'NONE', *, *, #3056, .T. ) ;
#1536 = ORIENTED_EDGE ( 'NONE', *, *, #5035, .T. ) ;
#1537 = CARTESIAN_POINT ( 'NONE',  ( -24.65100420574895423, 15.99697389282487059, 12.41627916874219828 ) ) ;
#1538 = EDGE_CURVE ( 'NONE', #3951, #298, #860, .T. ) ;
#1539 = DIRECTION ( 'NONE',  ( -0.000000000000000000, 1.000000000000000000, -0.000000000000000000 ) ) ;
#1540 = ADVANCED_FACE ( 'NONE', ( #4997 ), #2115, .T. ) ;
#1541 = DIRECTION ( 'NONE',  ( -0.7071067811865475727, 0.000000000000000000, -0.7071067811865475727 ) ) ;
#1542 = LINE ( 'NONE', #2435, #35 ) ;
#1543 = VERTEX_POINT ( 'NONE', #3806 ) ;
#1544 = VERTEX_POINT ( 'NONE', #3871 ) ;
#1545 = DIRECTION ( 'NONE',  ( -0.000000000000000000, -1.000000000000000000, -0.000000000000000000 ) ) ;
#1546 = DIRECTION ( 'NONE',  ( -0.000000000000000000, 1.000000000000000000, -0.000000000000000000 ) ) ;
#1547 = CARTESIAN_POINT ( 'NONE',  ( -25.97664533498843653, 15.30761779544235601, 1.272214588003530711 ) ) ;
#1548 = CARTESIAN_POINT ( 'NONE',  ( -21.24706857833128026, 14.00000000000000000, 38.06116389612004980 ) ) ;
#1549 = CARTESIAN_POINT ( 'NONE',  ( -24.54600259012283558, 16.04698856216118585, 11.74851089756996636 ) ) ;
#1550 = CARTESIAN_POINT ( 'NONE',  ( -31.85425168610960611, 7.255002243696456965, 50.18267881085579774 ) ) ;
#1551 = CARTESIAN_POINT ( 'NONE',  ( -10.07499999999999751, 0.7420360553133740211, 59.19800180856846339 ) ) ;
#1552 = ORIENTED_EDGE ( 'NONE', *, *, #1495, .F. ) ;
#1553 = FACE_OUTER_BOUND ( 'NONE', #1954, .T. ) ;
#1554 = CARTESIAN_POINT ( 'NONE',  ( -39.66052769908854003, 13.60146786748945225, 22.51659637404229741 ) ) ;
#1555 = DIRECTION ( 'NONE',  ( -0.7071067811865479058, 0.000000000000000000, -0.7071067811865472397 ) ) ;
#1556 = ADVANCED_FACE ( 'NONE', ( #1725 ), #3681, .F. ) ;
#1557 = EDGE_LOOP ( 'NONE', ( #4341, #1308, #4709, #3515 ) ) ;
#1558 = DIRECTION ( 'NONE',  ( -0.7071067811865435759, 0.000000000000000000, 0.7071067811865515695 ) ) ;
#1559 = CYLINDRICAL_SURFACE ( 'NONE', #719, 1.099999999999996758 ) ;
#1560 = VERTEX_POINT ( 'NONE', #5158 ) ;
#1561 = ORIENTED_EDGE ( 'NONE', *, *, #3682, .F. ) ;
#1562 = LINE ( 'NONE', #4887, #331 ) ;
#1563 = CARTESIAN_POINT ( 'NONE',  ( -25.90670835397856919, 15.34464953410349608, 2.223361544463409167 ) ) ;
#1564 = LINE ( 'NONE', #2766, #3127 ) ;
#1565 = CARTESIAN_POINT ( 'NONE',  ( -24.14452066491550397, 13.35743313540729993, 40.86381172344952262 ) ) ;
#1566 = CIRCLE ( 'NONE', #1836, 2.000000000000001776 ) ;
#1567 = ADVANCED_FACE ( 'NONE', ( #1329 ), #4099, .T. ) ;
#1568 = AXIS2_PLACEMENT_3D ( 'NONE', #1746, #1661, #2919 ) ;
#1569 = ORIENTED_EDGE ( 'NONE', *, *, #4261, .F. ) ;
#1570 = CARTESIAN_POINT ( 'NONE',  ( -7.999999999999986677, 1.800000000000000044, 60.39600361713693388 ) ) ;
#1571 = ORIENTED_EDGE ( 'NONE', *, *, #5260, .T. ) ;
#1572 = LINE ( 'NONE', #2885, #2758 ) ;
#1573 = CARTESIAN_POINT ( 'NONE',  ( -3.017857142857148123, 8.999999999999984013, 25.82426258899382887 ) ) ;
#1574 = FACE_OUTER_BOUND ( 'NONE', #2125, .T. ) ;
#1575 = ORIENTED_EDGE ( 'NONE', *, *, #29, .F. ) ;
#1576 = CARTESIAN_POINT ( 'NONE',  ( -24.45931805038589957, 16.08827361512813070, 10.62887393840084371 ) ) ;
#1577 = DIRECTION ( 'NONE',  ( 1.000000000000000000, 0.000000000000000000, -0.000000000000000000 ) ) ;
#1578 = DIRECTION ( 'NONE',  ( 0.000000000000000000, 0.000000000000000000, 1.000000000000000000 ) ) ;
#1579 = CARTESIAN_POINT ( 'NONE',  ( -19.02225790021176977, 14.00000000000000178, 36.97398941670386563 ) ) ;
#1580 = CARTESIAN_POINT ( 'NONE',  ( -6.249999999999991118, 8.000000000000000000, 31.25000000000000000 ) ) ;
#1581 = FACE_OUTER_BOUND ( 'NONE', #3576, .T. ) ;
#1582 = EDGE_CURVE ( 'NONE', #1792, #1658, #5346, .T. ) ;
#1583 = ORIENTED_EDGE ( 'NONE', *, *, #2630, .F. ) ;
#1584 = CARTESIAN_POINT ( 'NONE',  ( -35.50000000000001421, 0.000000000000000000, 41.50000000000000000 ) ) ;
#1585 = DIRECTION ( 'NONE',  ( 0.000000000000000000, 0.000000000000000000, -1.000000000000000000 ) ) ;
#1586 = AXIS2_PLACEMENT_3D ( 'NONE', #4381, #561, #2268 ) ;
#1587 = PERSON_AND_ORGANIZATION_ROLE ( 'classification_officer' ) ;
#1588 = ORIENTED_EDGE ( 'NONE', *, *, #955, .F. ) ;
#1589 = ORIENTED_EDGE ( 'NONE', *, *, #3339, .T. ) ;
#1590 = CYLINDRICAL_SURFACE ( 'NONE', #2659, 10.00000000000000178 ) ;
#1591 = VECTOR ( 'NONE', #1447, 1000.000000000000000 ) ;
#1592 = DIRECTION ( 'NONE',  ( -1.000000000000000000, 0.000000000000000000, -0.000000000000000000 ) ) ;
#1593 = EDGE_CURVE ( 'NONE', #3088, #2192, #1848, .T. ) ;
#1594 = CARTESIAN_POINT ( 'NONE',  ( -41.71407300226818649, 8.741799002274481367, 56.79985943989496633 ) ) ;
#1595 = CARTESIAN_POINT ( 'NONE',  ( -25.49071991751411659, 13.14042888929325592, 42.02336132533122992 ) ) ;
#1596 = EDGE_LOOP ( 'NONE', ( #2653, #2786, #4874, #5482 ) ) ;
#1597 = DIRECTION ( 'NONE',  ( 0.000000000000000000, 1.000000000000000000, 0.000000000000000000 ) ) ;
#1598 = EDGE_LOOP ( 'NONE', ( #752, #4192, #3076 ) ) ;
#1599 = CARTESIAN_POINT ( 'NONE',  ( -24.44387193067644759, 14.00000000000000000, 39.91500190953825467 ) ) ;
#1600 = CIRCLE ( 'NONE', #3554, 2.000000000000001776 ) ;
#1601 = LINE ( 'NONE', #1148, #2286 ) ;
#1602 = CARTESIAN_POINT ( 'NONE',  ( -20.41806602665836579, 14.00000000000000178, 37.64451302492279439 ) ) ;
#1603 = ORIENTED_EDGE ( 'NONE', *, *, #4573, .F. ) ;
#1604 = ADVANCED_FACE ( 'NONE', ( #5266 ), #4820, .T. ) ;
#1605 = CARTESIAN_POINT ( 'NONE',  ( -39.91492707072989532, 13.99999999999999289, 24.44375510881718228 ) ) ;
#1606 = DIRECTION ( 'NONE',  ( -0.000000000000000000, -1.000000000000000000, -0.000000000000000000 ) ) ;
#1607 = CYLINDRICAL_SURFACE ( 'NONE', #1838, 2.099999999999997868 ) ;
#1608 = EDGE_CURVE ( 'NONE', #1992, #2278, #5310, .T. ) ;
#1609 = DIRECTION ( 'NONE',  ( 0.7071067811865457964, 0.000000000000000000, 0.7071067811865493491 ) ) ;
#1610 = CARTESIAN_POINT ( 'NONE',  ( -8.794086873526469006, 13.00000001536074734, 36.67788108225859389 ) ) ;
#1611 = LINE ( 'NONE', #1127, #1000 ) ;
#1612 = VERTEX_POINT ( 'NONE', #4008 ) ;
#1613 = VECTOR ( 'NONE', #4807, 1000.000000000000000 ) ;
#1614 = CARTESIAN_POINT ( 'NONE',  ( -42.81783724519573298, 12.99999999999999822, 26.31783724519565126 ) ) ;
#1615 = EDGE_CURVE ( 'NONE', #5264, #5214, #3166, .T. ) ;
#1616 = DIRECTION ( 'NONE',  ( 0.000000000000000000, 0.000000000000000000, 1.000000000000000000 ) ) ;
#1617 = DATE_AND_TIME ( #666, #3920 ) ;
#1618 = ORIENTED_EDGE ( 'NONE', *, *, #4406, .T. ) ;
#1619 = ORIENTED_EDGE ( 'NONE', *, *, #3695, .F. ) ;
#1620 = CARTESIAN_POINT ( 'NONE',  ( -27.77651525171416580, 15.14449795455631431, 16.66718705139339818 ) ) ;
#1621 = VECTOR ( 'NONE', #215, 1000.000000000000000 ) ;
#1622 = ORIENTED_EDGE ( 'NONE', *, *, #1997, .T. ) ;
#1623 = CARTESIAN_POINT ( 'NONE',  ( -29.85786437626907741, 0.000000000000000000, 60.50000000000000000 ) ) ;
#1624 = AXIS2_PLACEMENT_3D ( 'NONE', #4919, #4549, #3292 ) ;
#1625 = VECTOR ( 'NONE', #3697, 1000.000000000000000 ) ;
#1626 = ORIENTED_EDGE ( 'NONE', *, *, #3579, .F. ) ;
#1627 = CYLINDRICAL_SURFACE ( 'NONE', #3189, 1.099999999999996758 ) ;
#1628 = LINE ( 'NONE', #1146, #249 ) ;
#1629 = CARTESIAN_POINT ( 'NONE',  ( -6.249999999999991118, 14.00000000000000000, 31.25000000000000000 ) ) ;
#1630 = CARTESIAN_POINT ( 'NONE',  ( -66.12867965644025503, 8.000000000000000000, 51.04289321881353914 ) ) ;
#1631 = VECTOR ( 'NONE', #1207, 1000.000000000000114 ) ;
#1632 = EDGE_LOOP ( 'NONE', ( #2128, #5087 ) ) ;
#1633 = CARTESIAN_POINT ( 'NONE',  ( -53.16421356237315621, 6.999999999999999112, 66.83578643762680827 ) ) ;
#1634 = CARTESIAN_POINT ( 'NONE',  ( -20.24999999999998934, 0.000000000000000000, 60.50000000000000000 ) ) ;
#1635 = DIRECTION ( 'NONE',  ( 5.062390359345617340E-16, 0.000000000000000000, -1.000000000000000000 ) ) ;
#1636 = FACE_OUTER_BOUND ( 'NONE', #4297, .T. ) ;
#1637 = LINE ( 'NONE', #1267, #2779 ) ;
#1638 = DIRECTION ( 'NONE',  ( -0.000000000000000000, -1.000000000000000000, -0.000000000000000000 ) ) ;
#1639 = ADVANCED_FACE ( 'NONE', ( #3115 ), #1468, .F. ) ;
#1640 = EDGE_LOOP ( 'NONE', ( #3011, #2898, #361, #75, #3610 ) ) ;
#1641 = LINE ( 'NONE', #802, #1164 ) ;
#1642 = CARTESIAN_POINT ( 'NONE',  ( -10.24999999999998934, 8.999999999999984013, 36.25000000000000000 ) ) ;
#1643 = VERTEX_POINT ( 'NONE', #2615 ) ;
#1644 = EDGE_LOOP ( 'NONE', ( #2511, #2944 ) ) ;
#1645 = DIRECTION ( 'NONE',  ( -0.000000000000000000, -0.4999999999999995559, -0.8660254037844389297 ) ) ;
#1646 = ADVANCED_FACE ( 'NONE', ( #492 ), #3319, .T. ) ;
#1647 = ADVANCED_FACE ( 'NONE', ( #1356 ), #4063, .F. ) ;
#1648 = VERTEX_POINT ( 'NONE', #966 ) ;
#1649 = CARTESIAN_POINT ( 'NONE',  ( -67.54289321881304886, 8.000000000000000000, 52.45710678118634007 ) ) ;
#1650 = CARTESIAN_POINT ( 'NONE',  ( -33.64407543456273686, 6.996715752750961137, 50.97809547675802833 ) ) ;
#1651 = EDGE_CURVE ( 'NONE', #2495, #1205, #2228, .T. ) ;
#1652 = ORIENTED_EDGE ( 'NONE', *, *, #1061, .T. ) ;
#1653 = CARTESIAN_POINT ( 'NONE',  ( -31.25000000000000000, 11.00000000000000000, 2.750000000000003553 ) ) ;
#1654 = DIRECTION ( 'NONE',  ( 0.000000000000000000, 1.000000000000000000, 0.000000000000000000 ) ) ;
#1655 = EDGE_CURVE ( 'NONE', #794, #4010, #3532, .T. ) ;
#1656 = PLANE ( 'NONE',  #4641 ) ;
#1657 = ADVANCED_FACE ( 'NONE', ( #2309 ), #1413, .F. ) ;
#1658 = VERTEX_POINT ( 'NONE', #3558 ) ;
#1659 = CARTESIAN_POINT ( 'NONE',  ( -7.999999999999989342, 0.000000000000000000, 55.60399638286304480 ) ) ;
#1660 = DIRECTION ( 'NONE',  ( 0.08207489424486694163, -0.7071067811865492381, -0.7023273536853675836 ) ) ;
#1661 = DIRECTION ( 'NONE',  ( 0.000000000000000000, 1.000000000000000000, 0.000000000000000000 ) ) ;
#1662 = CARTESIAN_POINT ( 'NONE',  ( -21.51810002447700043, 13.99999999999999822, 38.19473563798829474 ) ) ;
#1663 = CARTESIAN_POINT ( 'NONE',  ( -9.365975749395996530, 12.98039413804305475, 37.12329076721306365 ) ) ;
#1664 = PLANE ( 'NONE',  #559 ) ;
#1665 = ORIENTED_EDGE ( 'NONE', *, *, #4867, .T. ) ;
#1666 = LINE ( 'NONE', #4628, #4654 ) ;
#1667 = CARTESIAN_POINT ( 'NONE',  ( -8.000000000000000000, 7.071796769724485898, 59.09999999999999432 ) ) ;
#1668 = ORIENTED_EDGE ( 'NONE', *, *, #5116, .F. ) ;
#1669 = EDGE_LOOP ( 'NONE', ( #3734, #787, #883, #2570 ) ) ;
#1670 = CARTESIAN_POINT ( 'NONE',  ( -25.46342524930385665, 16.33511856866407186, 11.85680221382473754 ) ) ;
#1671 = VECTOR ( 'NONE', #4694, 1000.000000000000114 ) ;
#1672 = CARTESIAN_POINT ( 'NONE',  ( -9.249999999999975131, 7.071796769724485898, 1.964839855443112066E-15 ) ) ;
#1673 = VECTOR ( 'NONE', #3120, 1000.000000000000000 ) ;
#1674 = ADVANCED_FACE ( 'NONE', ( #4424 ), #4060, .F. ) ;
#1675 = ORIENTED_EDGE ( 'NONE', *, *, #729, .F. ) ;
#1676 = CARTESIAN_POINT ( 'NONE',  ( -1.250000000000006661, 12.99999999999996625, 27.81074432660873796 ) ) ;
#1677 = CARTESIAN_POINT ( 'NONE',  ( -34.31062032743552948, 6.944397293432345464, 51.35831308048353350 ) ) ;
#1678 = VECTOR ( 'NONE', #4154, 1000.000000000000000 ) ;
#1679 = ORIENTED_EDGE ( 'NONE', *, *, #4624, .F. ) ;
#1680 = CARTESIAN_POINT ( 'NONE',  ( -36.90685424949269589, 14.00000000000000000, 25.59314575050759188 ) ) ;
#1681 = CARTESIAN_POINT ( 'NONE',  ( -14.35504019631996009, 30.24950011898576463, -4.973386928426659637 ) ) ;
#1682 = CARTESIAN_POINT ( 'NONE',  ( -42.13504453770330827, 13.12033948822121054, 25.61104838927977667 ) ) ;
#1683 = CIRCLE ( 'NONE', #4897, 26.00000000000000355 ) ;
#1684 = ORIENTED_EDGE ( 'NONE', *, *, #2393, .F. ) ;
#1685 = CARTESIAN_POINT ( 'NONE',  ( -8.000000000000000000, 7.071796769724485898, 44.09999999999999432 ) ) ;
#1686 = CARTESIAN_POINT ( 'NONE',  ( -26.90067211251135149, 15.59532213138173695, 2.617187617062375793 ) ) ;
#1687 = CARTESIAN_POINT ( 'NONE',  ( -10.07499999999999751, 0.1738352877773259586, 56.80199819143152951 ) ) ;
#1688 = FACE_OUTER_BOUND ( 'NONE', #5329, .T. ) ;
#1689 = CARTESIAN_POINT ( 'NONE',  ( -38.03418934120019657, 13.86206633480198569, 20.06171844450051367 ) ) ;
#1690 = CARTESIAN_POINT ( 'NONE',  ( -33.99754996661697959, 6.966966297778872885, 51.17477740417729848 ) ) ;
#1691 = AXIS2_PLACEMENT_3D ( 'NONE', #2712, #1874, #4412 ) ;
#1692 = ORIENTED_EDGE ( 'NONE', *, *, #1260, .T. ) ;
#1693 = CARTESIAN_POINT ( 'NONE',  ( -15.60475142532959758, 7.100374061481660171, 50.69753983795369834 ) ) ;
#1694 = DIRECTION ( 'NONE',  ( 0.000000000000000000, 0.000000000000000000, 1.000000000000000000 ) ) ;
#1695 = PLANE ( 'NONE',  #3656 ) ;
#1696 = VERTEX_POINT ( 'NONE', #229 ) ;
#1697 = ORIENTED_EDGE ( 'NONE', *, *, #2431, .F. ) ;
#1698 = CARTESIAN_POINT ( 'NONE',  ( -31.25000000000000000, 0.000000000000000000, 6.250000000000003553 ) ) ;
#1699 = FACE_OUTER_BOUND ( 'NONE', #4964, .T. ) ;
#1700 = CONICAL_SURFACE ( 'NONE', #4370, 3.999999999999982681, 0.7853981633974479459 ) ;
#1701 = AXIS2_PLACEMENT_3D ( 'NONE', #2368, #1840, #4830 ) ;
#1702 = LINE ( 'NONE', #1672, #2612 ) ;
#1703 = ORIENTED_EDGE ( 'NONE', *, *, #1059, .T. ) ;
#1704 = CARTESIAN_POINT ( 'NONE',  ( -20.24999999999998934, 1.000000000000000888, 50.49999999999999289 ) ) ;
#1705 = DIRECTION ( 'NONE',  ( 0.4576615381557277984, -0.8891264907159910358, 0.000000000000000000 ) ) ;
#1706 = EDGE_CURVE ( 'NONE', #3129, #5, #5404, .T. ) ;
#1707 = ADVANCED_FACE ( 'NONE', ( #628 ), #5318, .F. ) ;
#1708 = ORIENTED_EDGE ( 'NONE', *, *, #3815, .F. ) ;
#1709 = CARTESIAN_POINT ( 'NONE',  ( -33.07130337507267370, 6.322219979952794944, 51.03031944154712107 ) ) ;
#1710 = CARTESIAN_POINT ( 'NONE',  ( -17.31393463119885467, 6.261954542374875921, 50.94073642218571507 ) ) ;
#1711 = AXIS2_PLACEMENT_3D ( 'NONE', #3008, #3420, #4710 ) ;
#1712 = CARTESIAN_POINT ( 'NONE',  ( -42.13269071484075567, 13.12076188659070475, 25.60852510763403700 ) ) ;
#1713 = AXIS2_PLACEMENT_3D ( 'NONE', #4404, #1078, #2782 ) ;
#1714 = ORIENTED_EDGE ( 'NONE', *, *, #4749, .F. ) ;
#1715 = FACE_OUTER_BOUND ( 'NONE', #5410, .T. ) ;
#1716 = CARTESIAN_POINT ( 'NONE',  ( -19.72434466205758596, 6.494458168868499470, 50.49998162713928451 ) ) ;
#1717 = CARTESIAN_POINT ( 'NONE',  ( -29.85786437626907741, 1.000000000000000888, 60.50000000000000000 ) ) ;
#1718 = DIRECTION ( 'NONE',  ( 0.000000000000000000, 0.000000000000000000, -1.000000000000000000 ) ) ;
#1719 = CARTESIAN_POINT ( 'NONE',  ( -10.18901779484512637, 12.61499903290252611, 38.63514558106917463 ) ) ;
#1720 = CARTESIAN_POINT ( 'NONE',  ( -35.06553064711605572, 6.497855860626185809, 51.96209543074813553 ) ) ;
#1721 = ORIENTED_EDGE ( 'NONE', *, *, #4556, .T. ) ;
#1722 = VERTEX_POINT ( 'NONE', #2029 ) ;
#1723 = EDGE_CURVE ( 'NONE', #4136, #2768, #3666, .T. ) ;
#1724 = PLANE ( 'NONE',  #3492 ) ;
#1725 = FACE_OUTER_BOUND ( 'NONE', #5453, .T. ) ;
#1726 = DIRECTION ( 'NONE',  ( 0.7071067811865463515, 0.7071067811865487940, -0.000000000000000000 ) ) ;
#1727 = VERTEX_POINT ( 'NONE', #4562 ) ;
#1728 = EDGE_CURVE ( 'NONE', #2214, #4128, #3406, .T. ) ;
#1729 = ORIENTED_EDGE ( 'NONE', *, *, #2026, .T. ) ;
#1730 = CARTESIAN_POINT ( 'NONE',  ( -26.30025253169451815, 12.99999999999996803, 36.19974746830587264 ) ) ;
#1731 = AXIS2_PLACEMENT_3D ( 'NONE', #4216, #309, #2966 ) ;
#1732 = EDGE_CURVE ( 'NONE', #2320, #106, #583, .T. ) ;
#1733 = CARTESIAN_POINT ( 'NONE',  ( -36.92893218813451739, 1.000000000000000888, 53.42893218813448186 ) ) ;
#1734 = CARTESIAN_POINT ( 'NONE',  ( -31.25000000000032685, 8.999999999999984013, 38.25000000000002132 ) ) ;
#1735 = ORIENTED_EDGE ( 'NONE', *, *, #4520, .T. ) ;
#1736 = CARTESIAN_POINT ( 'NONE',  ( -5.603996382863054571, 1.800000000000000044, 43.00000000000000000 ) ) ;
#1737 = CARTESIAN_POINT ( 'NONE',  ( -36.01249864177798088, 6.883384627348279494, 52.58831971082062751 ) ) ;
#1738 = ORIENTED_EDGE ( 'NONE', *, *, #2068, .F. ) ;
#1739 = CARTESIAN_POINT ( 'NONE',  ( -34.62513845505273480, 6.436060171681195818, 51.70868447431613646 ) ) ;
#1740 =( NAMED_UNIT ( * ) SI_UNIT ( $, .STERADIAN. ) SOLID_ANGLE_UNIT ( ) );
#1741 = CARTESIAN_POINT ( 'NONE',  ( -40.95500825500513997, 13.33972647820619706, 24.25776313251328631 ) ) ;
#1742 = ADVANCED_FACE ( 'NONE', ( #2829 ), #1427, .T. ) ;
#1743 = ORIENTED_EDGE ( 'NONE', *, *, #5133, .F. ) ;
#1744 = CARTESIAN_POINT ( 'NONE',  ( -9.936765465737744663, 12.84788238615339928, 37.91445600853081999 ) ) ;
#1745 = CARTESIAN_POINT ( 'NONE',  ( -18.67956554368174338, 6.415643180469404072, 50.62408304923494740 ) ) ;
#1746 = CARTESIAN_POINT ( 'NONE',  ( -6.249999999999991118, 11.00000000000000000, 31.25000000000000000 ) ) ;
#1747 = CARTESIAN_POINT ( 'NONE',  ( -38.96476476605409545, 14.00000000000000355, 22.90920844423930802 ) ) ;
#1748 = CARTESIAN_POINT ( 'NONE',  ( -36.17590968816222841, 6.880828624181273945, 52.72486631756168407 ) ) ;
#1749 = ORIENTED_EDGE ( 'NONE', *, *, #3216, .T. ) ;
#1750 = AXIS2_PLACEMENT_3D ( 'NONE', #3640, #2830, #4983 ) ;
#1751 = DIRECTION ( 'NONE',  ( 0.000000000000000000, 0.000000000000000000, -1.000000000000000000 ) ) ;
#1752 = LINE ( 'NONE', #2980, #3203 ) ;
#1753 = CARTESIAN_POINT ( 'NONE',  ( -1.250000000000006661, 8.999999999999984013, 27.81074432660873796 ) ) ;
#1754 = ORIENTED_EDGE ( 'NONE', *, *, #5227, .F. ) ;
#1755 = VERTEX_POINT ( 'NONE', #1073 ) ;
#1756 = DIRECTION ( 'NONE',  ( 1.000000000000000000, 0.000000000000000000, 0.000000000000000000 ) ) ;
#1757 = CARTESIAN_POINT ( 'NONE',  ( -51.08578643762690064, 5.917096231345234436, 34.58578643762690774 ) ) ;
#1758 = EDGE_CURVE ( 'NONE', #610, #2450, #3845, .T. ) ;
#1759 = DIRECTION ( 'NONE',  ( -0.4850297717774189610, -0.2496601706515579333, 0.8381025710972254128 ) ) ;
#1760 = VERTEX_POINT ( 'NONE', #2800 ) ;
#1761 = DIRECTION ( 'NONE',  ( -0.2046286570172928809, -0.7071067811865489050, 0.6768508792395095952 ) ) ;
#1762 = CARTESIAN_POINT ( 'NONE',  ( -35.06458902904319075, 6.907565981129748955, 51.85695018136523515 ) ) ;
#1763 = ORIENTED_EDGE ( 'NONE', *, *, #548, .T. ) ;
#1764 = CARTESIAN_POINT ( 'NONE',  ( -36.36393073154712141, 6.742744691951624070, 52.90584598002467942 ) ) ;
#1765 = AXIS2_PLACEMENT_3D ( 'NONE', #3562, #1388, #1333 ) ;
#1766 = CARTESIAN_POINT ( 'NONE',  ( -40.67397138307613602, 13.39437674506288367, 23.90778448601557571 ) ) ;
#1767 = VECTOR ( 'NONE', #1456, 1000.000000000000114 ) ;
#1768 = ORIENTED_EDGE ( 'NONE', *, *, #3408, .F. ) ;
#1769 = CARTESIAN_POINT ( 'NONE',  ( -9.958116709510067111, 12.83679750449159762, 37.95830462470491540 ) ) ;
#1770 = LINE ( 'NONE', #5177, #1031 ) ;
#1771 = CARTESIAN_POINT ( 'NONE',  ( -36.56689463417546904, 13.99999999999999822, 18.13748229489442210 ) ) ;
#1772 = CARTESIAN_POINT ( 'NONE',  ( -36.69869711125422640, 6.875561060993417684, 53.20358918165909046 ) ) ;
#1773 = LOCAL_TIME ( 15, 28, 33.00000000000000000, #2658 ) ;
#1774 = EDGE_CURVE ( 'NONE', #1965, #2929, #2776, .T. ) ;
#1775 = VERTEX_POINT ( 'NONE', #1043 ) ;
#1776 = EDGE_CURVE ( 'NONE', #1091, #1157, #4214, .T. ) ;
#1777 = CARTESIAN_POINT ( 'NONE',  ( -15.40731228268058572, 7.088131090884489893, 50.75454180922626790 ) ) ;
#1778 = CARTESIAN_POINT ( 'NONE',  ( -9.922156918317437402, 0.000000000000000000, 56.71375419707833032 ) ) ;
#1779 = LINE ( 'NONE', #2092, #603 ) ;
#1780 = ORIENTED_EDGE ( 'NONE', *, *, #4855, .F. ) ;
#1781 = ORIENTED_EDGE ( 'NONE', *, *, #1136, .T. ) ;
#1782 = FACE_OUTER_BOUND ( 'NONE', #5145, .T. ) ;
#1783 = DIRECTION ( 'NONE',  ( -0.4999999999999952260, -0.7071067811865507924, -0.5000000000000002220 ) ) ;
#1784 = EDGE_CURVE ( 'NONE', #2632, #5136, #3608, .T. ) ;
#1785 = CARTESIAN_POINT ( 'NONE',  ( -3.250000000000009770, 12.99999999999996625, 34.24999999999999289 ) ) ;
#1786 = CARTESIAN_POINT ( 'NONE',  ( -20.65724976899023346, 13.54303760185905325, 39.29148209072856446 ) ) ;
#1787 = ORIENTED_EDGE ( 'NONE', *, *, #3556, .T. ) ;
#1788 = CARTESIAN_POINT ( 'NONE',  ( -50.33578643762698590, 6.999999999999999112, 66.83578643762680827 ) ) ;
#1789 = CARTESIAN_POINT ( 'NONE',  ( -33.40345098563145854, 7.020558709095732652, 50.85230832766887232 ) ) ;
#1790 = AXIS2_PLACEMENT_3D ( 'NONE', #87, #2622, #2123 ) ;
#1791 = ORIENTED_EDGE ( 'NONE', *, *, #5255, .T. ) ;
#1792 = VERTEX_POINT ( 'NONE', #4117 ) ;
#1793 = CARTESIAN_POINT ( 'NONE',  ( -31.91422830726121873, 6.363062359333276241, 50.71290166433580993 ) ) ;
#1794 = LINE ( 'NONE', #2994, #2494 ) ;
#1795 = DIRECTION ( 'NONE',  ( -0.3110177634953883996, -0.6546536707079739781, -0.6889822365046157637 ) ) ;
#1796 = AXIS2_PLACEMENT_3D ( 'NONE', #500, #528, #2207 ) ;
#1797 = ORIENTED_EDGE ( 'NONE', *, *, #3682, .T. ) ;
#1798 = CARTESIAN_POINT ( 'NONE',  ( -9.019347566639575930, 12.99789967492606380, 36.82679614443485860 ) ) ;
#1799 = CARTESIAN_POINT ( 'NONE',  ( -10.24242546018854583, 12.45049513848614886, 39.00395100069665943 ) ) ;
#1800 = DIRECTION ( 'NONE',  ( -0.000000000000000000, 1.000000000000000000, -0.000000000000000000 ) ) ;
#1801 = AXIS2_PLACEMENT_3D ( 'NONE', #3491, #506, #3511 ) ;
#1802 = VERTEX_POINT ( 'NONE', #4086 ) ;
#1803 = DIRECTION ( 'NONE',  ( -0.7071067811865435759, 0.000000000000000000, 0.7071067811865516806 ) ) ;
#1804 = CARTESIAN_POINT ( 'NONE',  ( -10.07499999999999751, 0.1738352877773259586, 56.80199819143152951 ) ) ;
#1805 = DIRECTION ( 'NONE',  ( -2.124151195073640555E-16, 0.000000000000000000, -1.000000000000000000 ) ) ;
#1806 = ORIENTED_EDGE ( 'NONE', *, *, #4264, .F. ) ;
#1807 = PLANE ( 'NONE',  #395 ) ;
#1808 = DIRECTION ( 'NONE',  ( -0.6546536707079813056, -0.3779644730092244775, 0.6546536707079745332 ) ) ;
#1809 = DIRECTION ( 'NONE',  ( -0.000000000000000000, -1.000000000000000000, -0.000000000000000000 ) ) ;
#1810 = FACE_OUTER_BOUND ( 'NONE', #1598, .T. ) ;
#1811 = CIRCLE ( 'NONE', #2522, 1.099999999999996758 ) ;
#1812 = CARTESIAN_POINT ( 'NONE',  ( -19.34837426952181616, 13.91218446523474483, 37.58325213455367475 ) ) ;
#1813 = EDGE_CURVE ( 'NONE', #1036, #1543, #1811, .T. ) ;
#1814 = EDGE_LOOP ( 'NONE', ( #5350, #921, #4923, #3535 ) ) ;
#1815 = DIRECTION ( 'NONE',  ( -0.000000000000000000, -1.000000000000000000, -0.000000000000000000 ) ) ;
#1816 = ORIENTED_EDGE ( 'NONE', *, *, #5033, .T. ) ;
#1817 = ORIENTED_EDGE ( 'NONE', *, *, #3928, .T. ) ;
#1818 = CARTESIAN_POINT ( 'NONE',  ( -36.46398287210256228, 6.764948865837014047, 52.99246131272516891 ) ) ;
#1819 = APPROVAL_STATUS ( 'not_yet_approved' ) ;
#1820 = LINE ( 'NONE', #4442, #1613 ) ;
#1821 = EDGE_CURVE ( 'NONE', #1696, #106, #470, .T. ) ;
#1822 = ORIENTED_EDGE ( 'NONE', *, *, #3514, .F. ) ;
#1823 = EDGE_CURVE ( 'NONE', #3135, #122, #1123, .T. ) ;
#1824 = ORIENTED_EDGE ( 'NONE', *, *, #1029, .T. ) ;
#1825 = CARTESIAN_POINT ( 'NONE',  ( -8.895780818374742438, 12.99968130192798199, 36.74123631660634715 ) ) ;
#1826 = CARTESIAN_POINT ( 'NONE',  ( -36.24714391323725238, 14.00000000000000178, 17.43568061483115983 ) ) ;
#1827 = PLANE ( 'NONE',  #4745 ) ;
#1828 = ORIENTED_EDGE ( 'NONE', *, *, #4139, .T. ) ;
#1829 = CARTESIAN_POINT ( 'NONE',  ( -11.25000000000002842, 7.071796769724485898, 51.03589838486223584 ) ) ;
#1830 = CARTESIAN_POINT ( 'NONE',  ( -50.38667920798001632, 6.603320179892551600, 32.94493129121384811 ) ) ;
#1831 = ADVANCED_FACE ( 'NONE', ( #3693 ), #1152, .T. ) ;
#1832 = CARTESIAN_POINT ( 'NONE',  ( -18.67956554368174338, 6.415643180469404072, 50.62408304923494740 ) ) ;
#1833 = EDGE_LOOP ( 'NONE', ( #809, #159, #4517, #2093 ) ) ;
#1834 = ORIENTED_EDGE ( 'NONE', *, *, #3996, .T. ) ;
#1835 = CARTESIAN_POINT ( 'NONE',  ( -53.16421356237314910, 1.000000000000000222, 66.83578643762680827 ) ) ;
#1836 = AXIS2_PLACEMENT_3D ( 'NONE', #5530, #2206, #3393 ) ;
#1837 = DIRECTION ( 'NONE',  ( 0.7071067811865472397, 0.000000000000000000, -0.7071067811865479058 ) ) ;
#1838 = AXIS2_PLACEMENT_3D ( 'NONE', #260, #3303, #1974 ) ;
#1839 = DIRECTION ( 'NONE',  ( 0.000000000000000000, 1.000000000000000000, 0.000000000000000000 ) ) ;
#1840 = DIRECTION ( 'NONE',  ( -1.000000000000000000, 0.000000000000000000, 2.124151195073640555E-16 ) ) ;
#1841 = VERTEX_POINT ( 'NONE', #1233 ) ;
#1842 = LINE ( 'NONE', #4860, #2034 ) ;
#1843 = ORIENTED_EDGE ( 'NONE', *, *, #2133, .T. ) ;
#1844 = EDGE_CURVE ( 'NONE', #1220, #4260, #4355, .T. ) ;
#1845 = CARTESIAN_POINT ( 'NONE',  ( -8.000000000000000000, -0.001000000000000132727, 41.89999999999999858 ) ) ;
#1846 = ADVANCED_FACE ( 'NONE', ( #2167 ), #3206, .T. ) ;
#1847 = CARTESIAN_POINT ( 'NONE',  ( 0.000000000000000000, 7.071796769724485898, 63.99999999999997158 ) ) ;
#1848 = B_SPLINE_CURVE_WITH_KNOTS ( 'NONE', 3,
 ( #5099, #3388, #829, #1563, #1272, #4544, #887, #2589, #3258, #725, #2534, #4288, #464, #3899 ),
 .UNSPECIFIED., .F., .F.,
 ( 4, 2, 2, 2, 2, 2, 4 ),
 ( 0.5000000000000000000, 0.6250000000000000000, 0.6875000000000001110, 0.7500000000000002220, 0.8125000000000001110, 0.8750000000000001110, 1.000000000000000000 ),
 .UNSPECIFIED. ) ;
#1849 = EDGE_LOOP ( 'NONE', ( #1190, #753, #3503, #2020 ) ) ;
#1850 = EDGE_CURVE ( 'NONE', #3419, #1612, #43, .T. ) ;
#1851 = AXIS2_PLACEMENT_3D ( 'NONE', #699, #4547, #2433 ) ;
#1852 = ORIENTED_EDGE ( 'NONE', *, *, #4916, .F. ) ;
#1853 = CARTESIAN_POINT ( 'NONE',  ( -10.11739256976840551, 12.71403326405692802, 38.36658987151241718 ) ) ;
#1854 = AXIS2_PLACEMENT_3D ( 'NONE', #2704, #1837, #1390 ) ;
#1855 = CARTESIAN_POINT ( 'NONE',  ( -35.82050807568872131, 4.000000000000000000, 0.000000000000000000 ) ) ;
#1856 = CIRCLE ( 'NONE', #3546, 2.099999999999997868 ) ;
#1857 = CARTESIAN_POINT ( 'NONE',  ( -23.78426315109540923, 14.00000000000000000, 39.49245733488861276 ) ) ;
#1858 = ORIENTED_EDGE ( 'NONE', *, *, #4093, .T. ) ;
#1859 = CARTESIAN_POINT ( 'NONE',  ( -11.21215970646117732, 7.071796769724485898, 50.63278112758681004 ) ) ;
#1860 = DIRECTION ( 'NONE',  ( -0.4999999999999995559, 0.000000000000000000, -0.8660254037844389297 ) ) ;
#1861 = DIRECTION ( 'NONE',  ( 0.000000000000000000, 1.000000000000000000, 0.000000000000000000 ) ) ;
#1862 = ORIENTED_EDGE ( 'NONE', *, *, #2307, .T. ) ;
#1863 = ORIENTED_EDGE ( 'NONE', *, *, #5448, .T. ) ;
#1864 = DIRECTION ( 'NONE',  ( 0.000000000000000000, 1.000000000000000000, -0.000000000000000000 ) ) ;
#1865 = PLANE ( 'NONE',  #959 ) ;
#1866 = LOCAL_TIME ( 15, 28, 33.00000000000000000, #4515 ) ;
#1867 = CARTESIAN_POINT ( 'NONE',  ( -29.85786437626905609, 7.360471904319304315, 49.99999999999997868 ) ) ;
#1868 = CARTESIAN_POINT ( 'NONE',  ( -31.25000000000000000, 11.00000000000000000, 6.250000000000003553 ) ) ;
#1869 = CIRCLE ( 'NONE', #2401, 8.999999999999973355 ) ;
#1870 = VERTEX_POINT ( 'NONE', #5465 ) ;
#1871 = CARTESIAN_POINT ( 'NONE',  ( -8.249999999999987566, 6.071796769724454812, 65.00000000000000000 ) ) ;
#1872 = ORIENTED_EDGE ( 'NONE', *, *, #4362, .F. ) ;
#1873 = B_SPLINE_SURFACE_WITH_KNOTS ( 'NONE', 1, 3, ( 
 ( #3892, #1378, #2663, #42, #3952, #3975, #4360, #4333, #3084, #986, #4306, #2222, #3922, #3500, #1825, #69, #1798, #4392, #5231, #4761, #5176, #3863, #1405, #3109, #485, #934, #568, #878, #4811, #2193, #2274, #1744, #1769, #3438, #151, #3027, #4729, #515, #1853, #3473, #1289, #2999, #4702, #909, #2746, #2300, #4110, #4446 ),
 ( #4924, #678, #3241, #1517, #4497, #703, #594, #1966, #2377, #176, #1913, #5313, #1489, #1093, #1434, #3214, #1994, #4002, #4947, #1066, #3577, #1012, #2719, #5288, #5258, #3136, #2410, #5341, #2822, #4841, #4528, #3632, #3161, #1461, #282, #4054, #4870, #4417, #1881, #224, #1118, #3188, #1037, #2328, #2794, #4081, #622, #252 ) ),
 .UNSPECIFIED., .F., .F., .F.,
 ( 2, 2 ),
 ( 4, 2, 2, 2, 2, 2, 2, 2, 2, 2, 2, 2, 2, 2, 2, 2, 2, 2, 2, 2, 2, 2, 2, 4 ),
 ( 0.000000000000000000, 1.000000000000000000 ),
 ( 0.000000000000000000, 0.0003960833392930597214, 0.0007921666785861194429, 0.001188250017879179110, 0.001584333357172238886, 0.001980416696465298661, 0.002178458366111828658, 0.002376500035758358220, 0.002574541705404888216, 0.002772583375051418213, 0.003168666714344477772, 0.003564750053637537330, 0.003762791723284067327, 0.003960833392930597323, 0.004158875062577126885, 0.004356916732223657315, 0.004554958401870186878, 0.004753000071516716440, 0.004951041741163246870, 0.005149083410809776433, 0.005347125080456305996, 0.005545166750102836425, 0.005941250089395895551, 0.006337333428688955543 ),
 .UNSPECIFIED. ) ;
#1874 = DIRECTION ( 'NONE',  ( 0.000000000000000000, 0.000000000000000000, 1.000000000000000000 ) ) ;
#1875 = FACE_OUTER_BOUND ( 'NONE', #2022, .T. ) ;
#1876 = EDGE_CURVE ( 'NONE', #337, #2113, #2137, .T. ) ;
#1877 = EDGE_CURVE ( 'NONE', #10, #3129, #3377, .T. ) ;
#1878 = AXIS2_PLACEMENT_3D ( 'NONE', #340, #3738, #5485 ) ;
#1879 = ORIENTED_EDGE ( 'NONE', *, *, #4267, .T. ) ;
#1880 = VERTEX_POINT ( 'NONE', #2108 ) ;
#1881 = CARTESIAN_POINT ( 'NONE',  ( -11.07319009302682922, 13.68225918228321447, 38.32229891235792962 ) ) ;
#1882 = ADVANCED_FACE ( 'NONE', ( #2581 ), #4590, .F. ) ;
#1883 = EDGE_CURVE ( 'NONE', #2278, #1802, #4039, .T. ) ;
#1884 = CARTESIAN_POINT ( 'NONE',  ( -39.02701821703223573, 14.00000000000000355, 23.01611197776313134 ) ) ;
#1885 = CARTESIAN_POINT ( 'NONE',  ( -40.06026050492450707, 13.09918317747586514, 21.57978386601657306 ) ) ;
#1886 = CC_DESIGN_DATE_AND_TIME_ASSIGNMENT ( #537, #2247, ( #3278 ) ) ;
#1887 = AXIS2_PLACEMENT_3D ( 'NONE', #2954, #5098, #4227 ) ;
#1888 = ORIENTED_EDGE ( 'NONE', *, *, #1608, .F. ) ;
#1889 = CARTESIAN_POINT ( 'NONE',  ( -6.801998191431509966, 1.800000000000000044, 45.07499999999996732 ) ) ;
#1890 = CARTESIAN_POINT ( 'NONE',  ( -50.49999999999999289, 5.917096231345233548, 34.00000000000000711 ) ) ;
#1891 = DIRECTION ( 'NONE',  ( -1.000000000000000000, 0.000000000000000000, 0.000000000000000000 ) ) ;
#1892 = ORIENTED_EDGE ( 'NONE', *, *, #4432, .F. ) ;
#1893 = CIRCLE ( 'NONE', #2868, 3.499999999999999556 ) ;
#1894 = VECTOR ( 'NONE', #5299, 1000.000000000000000 ) ;
#1895 = DIRECTION ( 'NONE',  ( 0.000000000000000000, 0.000000000000000000, -1.000000000000000000 ) ) ;
#1896 = FACE_OUTER_BOUND ( 'NONE', #200, .T. ) ;
#1897 = CARTESIAN_POINT ( 'NONE',  ( -44.38668542139240003, 18.00000000000000355, 59.47247185901920119 ) ) ;
#1898 = ADVANCED_FACE ( 'NONE', ( #2972 ), #3796, .F. ) ;
#1899 = DIRECTION ( 'NONE',  ( -0.000000000000000000, -1.000000000000000000, -0.000000000000000000 ) ) ;
#1900 = EDGE_CURVE ( 'NONE', #3703, #4777, #4246, .T. ) ;
#1901 = CARTESIAN_POINT ( 'NONE',  ( -19.99331207712448943, 13.86734735943974783, 37.99065419068522687 ) ) ;
#1902 = EDGE_CURVE ( 'NONE', #1658, #351, #3327, .T. ) ;
#1903 = ORIENTED_EDGE ( 'NONE', *, *, #4624, .T. ) ;
#1904 = DIRECTION ( 'NONE',  ( 0.7071067811865435759, 0.000000000000000000, -0.7071067811865515695 ) ) ;
#1905 = B_SPLINE_CURVE_WITH_KNOTS ( 'NONE', 3,
 ( #879, #4730, #3028, #1745 ),
 .UNSPECIFIED., .F., .F.,
 ( 4, 4 ),
 ( 0.000000000000000000, 1.000000000000000000 ),
 .UNSPECIFIED. ) ;
#1906 = CONICAL_SURFACE ( 'NONE', #4127, 26.99999999999998224, 0.7853981633974466137 ) ;
#1907 = LINE ( 'NONE', #1428, #3912 ) ;
#1908 = CARTESIAN_POINT ( 'NONE',  ( -11.14841719093674755, 13.59732958674194059, 38.63127517687779999 ) ) ;
#1909 = DIRECTION ( 'NONE',  ( -0.7071067811865463515, -0.7071067811865487940, 0.000000000000000000 ) ) ;
#1910 = EDGE_CURVE ( 'NONE', #3444, #933, #5039, .T. ) ;
#1911 = VERTEX_POINT ( 'NONE', #2918 ) ;
#1912 = VERTEX_POINT ( 'NONE', #4618 ) ;
#1913 = CARTESIAN_POINT ( 'NONE',  ( -9.043736142559589908, 13.99888996360751925, 35.65582571415506408 ) ) ;
#1914 = CARTESIAN_POINT ( 'NONE',  ( -25.88335235722788497, 15.35701699568481438, 2.541004441021489590 ) ) ;
#1915 = CARTESIAN_POINT ( 'NONE',  ( -31.25000000000000000, 11.00000000000000000, 6.250000000000003553 ) ) ;
#1916 = CARTESIAN_POINT ( 'NONE',  ( -40.82050807568870709, 12.66025403784439618, 22.49208095094238402 ) ) ;
#1917 = DIRECTION ( 'NONE',  ( 0.000000000000000000, 1.000000000000000000, 0.000000000000000000 ) ) ;
#1918 = CARTESIAN_POINT ( 'NONE',  ( -59.47247185901920119, 8.000000000000000000, 44.38668542139240003 ) ) ;
#1919 = ORIENTED_EDGE ( 'NONE', *, *, #2646, .T. ) ;
#1920 = CARTESIAN_POINT ( 'NONE',  ( 0.000000000000000000, 8.000000000000000000, 40.49999999999999289 ) ) ;
#1921 = FACE_OUTER_BOUND ( 'NONE', #540, .T. ) ;
#1922 = CARTESIAN_POINT ( 'NONE',  ( -66.12867965644024082, 0.000000000000000000, 52.45710678118662429 ) ) ;
#1923 = FACE_OUTER_BOUND ( 'NONE', #2709, .T. ) ;
#1924 = CARTESIAN_POINT ( 'NONE',  ( -18.20722485081684283, 7.268773672142941678, 50.16133265162415000 ) ) ;
#1925 = EDGE_CURVE ( 'NONE', #405, #552, #4194, .T. ) ;
#1926 = ORIENTED_EDGE ( 'NONE', *, *, #2056, .T. ) ;
#1927 = CARTESIAN_POINT ( 'NONE',  ( -25.53821714757710737, 15.57437834058668713, 14.95788848227862644 ) ) ;
#1928 = CIRCLE ( 'NONE', #1297, 6.999999999999992006 ) ;
#1929 = FACE_OUTER_BOUND ( 'NONE', #2627, .T. ) ;
#1930 = DIRECTION ( 'NONE',  ( 1.000000000000000000, -0.000000000000000000, -0.000000000000000000 ) ) ;
#1931 = CARTESIAN_POINT ( 'NONE',  ( -25.28512372849219503, 13.17448131024881874, 41.83564721350563786 ) ) ;
#1932 = B_SPLINE_CURVE_WITH_KNOTS ( 'NONE', 1,
 ( #3485, #3040 ),
 .UNSPECIFIED., .F., .F.,
 ( 2, 2 ),
 ( 0.000000000000000000, 1.000000000000000000 ),
 .UNSPECIFIED. ) ;
#1933 = ORIENTED_EDGE ( 'NONE', *, *, #1001, .F. ) ;
#1934 = VERTEX_POINT ( 'NONE', #5119 ) ;
#1935 = CARTESIAN_POINT ( 'NONE',  ( 0.000000000000000000, 4.000000000000000000, 35.82050807568871420 ) ) ;
#1936 = DIRECTION ( 'NONE',  ( 0.000000000000000000, 0.000000000000000000, 1.000000000000000000 ) ) ;
#1937 = CARTESIAN_POINT ( 'NONE',  ( -26.39788012254830107, 15.85412507775842883, -5.203251329534534619 ) ) ;
#1938 = CARTESIAN_POINT ( 'NONE',  ( -19.37720292916424114, 13.99999999999999822, 37.14296100462270545 ) ) ;
#1939 = AXIS2_PLACEMENT_3D ( 'NONE', #59, #3462, #505 ) ;
#1940 = AXIS2_PLACEMENT_3D ( 'NONE', #4688, #2620, #4772 ) ;
#1941 = CARTESIAN_POINT ( 'NONE',  ( -26.76891159353337812, 14.98817713562725196, 16.82480669883900504 ) ) ;
#1942 = DIRECTION ( 'NONE',  ( 0.000000000000000000, 0.000000000000000000, 1.000000000000000000 ) ) ;
#1943 = DIRECTION ( 'NONE',  ( 0.4999999999999970579, -0.7071067811865481278, 0.5000000000000018874 ) ) ;
#1944 = ORIENTED_EDGE ( 'NONE', *, *, #987, .F. ) ;
#1945 = CIRCLE ( 'NONE', #963, 6.999999999999995559 ) ;
#1946 = DIRECTION ( 'NONE',  ( 0.000000000000000000, -1.000000000000000000, 0.000000000000000000 ) ) ;
#1947 = CARTESIAN_POINT ( 'NONE',  ( -26.90072536783049983, 15.59529471918388843, 2.775557561562891351E-14 ) ) ;
#1948 = FACE_OUTER_BOUND ( 'NONE', #3145, .T. ) ;
#1949 = EDGE_CURVE ( 'NONE', #2204, #20, #848, .T. ) ;
#1950 = CONICAL_SURFACE ( 'NONE', #5065, 0.9999999999999696909, 0.7853981633974466137 ) ;
#1951 = ADVANCED_FACE ( 'NONE', ( #424 ), #1906, .F. ) ;
#1952 = CARTESIAN_POINT ( 'NONE',  ( -30.46620409445336009, 6.494467413067204653, 50.49996707130126339 ) ) ;
#1953 = CARTESIAN_POINT ( 'NONE',  ( -17.02032809431873162, 7.198568618158097010, 50.33517283789026209 ) ) ;
#1954 = EDGE_LOOP ( 'NONE', ( #571, #1488, #2463, #1675 ) ) ;
#1955 = ORIENTED_EDGE ( 'NONE', *, *, #3158, .T. ) ;
#1956 = CARTESIAN_POINT ( 'NONE',  ( -10.24999999999999112, 14.00000000000000000, 39.25000000000000000 ) ) ;
#1957 = EDGE_CURVE ( 'NONE', #2320, #2512, #1905, .T. ) ;
#1958 = VECTOR ( 'NONE', #3349, 1000.000000000000000 ) ;
#1959 = CARTESIAN_POINT ( 'NONE',  ( -18.52252209804991523, 7.281668584253867316, 50.13649135415843006 ) ) ;
#1960 = CARTESIAN_POINT ( 'NONE',  ( -50.50000000000000000, 1.000000000000000888, 0.000000000000000000 ) ) ;
#1961 = CARTESIAN_POINT ( 'NONE',  ( -24.86603100632613206, 13.24288110353385228, 41.46509344100795857 ) ) ;
#1962 = VECTOR ( 'NONE', #2013, 1000.000000000000227 ) ;
#1963 = ORIENTED_EDGE ( 'NONE', *, *, #3441, .T. ) ;
#1964 =( BOUNDED_CURVE ( )  B_SPLINE_CURVE ( 3, ( #3147, #2313, #1126, #263 ),
 .UNSPECIFIED., .F., .F. ) 
 B_SPLINE_CURVE_WITH_KNOTS ( ( 4, 4 ),
 ( 3.141592653589793116, 4.188790204786394966 ),
 .UNSPECIFIED. ) 
 CURVE ( )  GEOMETRIC_REPRESENTATION_ITEM ( )  RATIONAL_B_SPLINE_CURVE ( ( 1.000000000000000000, 0.9106836025229583242, 0.9106836025229583242, 1.000000000000000000 ) ) 
 REPRESENTATION_ITEM ( '' )  );
#1965 = VERTEX_POINT ( 'NONE', #4703 ) ;
#1966 = CARTESIAN_POINT ( 'NONE',  ( -8.556049711500758548, 13.99237338628426208, 35.42756622188561266 ) ) ;
#1967 = DIRECTION ( 'NONE',  ( 0.7071067811865460184, -0.6123724356957971349, -0.3535533905932723431 ) ) ;
#1968 = CARTESIAN_POINT ( 'NONE',  ( -26.90072536783050339, 15.59529471918389021, -0.6543658829906496832 ) ) ;
#1969 = CARTESIAN_POINT ( 'NONE',  ( -17.59441194506833739, 13.99999999999999822, 36.31920080583910249 ) ) ;
#1970 = VECTOR ( 'NONE', #2660, 1000.000000000000000 ) ;
#1971 = VECTOR ( 'NONE', #5159, 1000.000000000000000 ) ;
#1972 = LINE ( 'NONE', #3665, #704 ) ;
#1973 = DIRECTION ( 'NONE',  ( -0.7071067811865442421, 0.000000000000000000, -0.7071067811865509034 ) ) ;
#1974 = DIRECTION ( 'NONE',  ( 0.000000000000000000, 0.000000000000000000, 1.000000000000000000 ) ) ;
#1975 = EDGE_LOOP ( 'NONE', ( #3985, #4457, #387, #5082 ) ) ;
#1976 = CARTESIAN_POINT ( 'NONE',  ( -2.250000000000034639, 14.00000000000000000, 27.81074432660873796 ) ) ;
#1977 = CARTESIAN_POINT ( 'NONE',  ( -39.95282359521414151, 13.54367177118278143, 22.93250711150855636 ) ) ;
#1978 = LINE ( 'NONE', #2061, #3671 ) ;
#1979 = EDGE_LOOP ( 'NONE', ( #1459, #1065, #2587, #4160 ) ) ;
#1980 = CARTESIAN_POINT ( 'NONE',  ( -5.924999999999996270, 1.800000000000000044, 56.80199819143151529 ) ) ;
#1981 = CYLINDRICAL_SURFACE ( 'NONE', #3210, 3.499999999999999556 ) ;
#1982 = COORDINATED_UNIVERSAL_TIME_OFFSET ( 8, 0, .AHEAD. ) ;
#1983 = VERTEX_POINT ( 'NONE', #3439 ) ;
#1984 = ORIENTED_EDGE ( 'NONE', *, *, #729, .T. ) ;
#1985 = DIRECTION ( 'NONE',  ( 0.7071067811865459074, -0.6123724356957968018, -0.3535533905932729537 ) ) ;
#1986 = ADVANCED_FACE ( 'NONE', ( #1321 ), #5147, .F. ) ;
#1987 = AXIS2_PLACEMENT_3D ( 'NONE', #771, #2422, #4987 ) ;
#1988 = CARTESIAN_POINT ( 'NONE',  ( -65.42157287525370180, 0.000000000000000000, 51.75000000000007105 ) ) ;
#1989 = DIRECTION ( 'NONE',  ( 1.000000000000000000, 0.000000000000000000, -0.000000000000000000 ) ) ;
#1990 = CARTESIAN_POINT ( 'NONE',  ( -23.94207615306099157, 13.38886165839917020, 40.70333279263441995 ) ) ;
#1991 = VECTOR ( 'NONE', #5488, 1000.000000000000000 ) ;
#1992 = VERTEX_POINT ( 'NONE', #947 ) ;
#1993 = EDGE_LOOP ( 'NONE', ( #3641, #2149, #367, #4550, #3431, #2650, #868 ) ) ;
#1994 = CARTESIAN_POINT ( 'NONE',  ( -9.609130088852234408, 13.99766630547345692, 36.04112302038203097 ) ) ;
#1995 = AXIS2_PLACEMENT_3D ( 'NONE', #4161, #1597, #4609 ) ;
#1996 = DIRECTION ( 'NONE',  ( 0.000000000000000000, 0.000000000000000000, -1.000000000000000000 ) ) ;
#1997 = EDGE_CURVE ( 'NONE', #4809, #4136, #5190, .T. ) ;
#1998 = CARTESIAN_POINT ( 'NONE',  ( -60.17957864020576864, 8.000000000000000000, 43.67957864020583969 ) ) ;
#1999 = ORIENTED_EDGE ( 'NONE', *, *, #3337, .T. ) ;
#2000 = CARTESIAN_POINT ( 'NONE',  ( -24.47889531667311758, 16.07894809890277443, 11.07802507794660940 ) ) ;
#2001 = DIRECTION ( 'NONE',  ( 0.000000000000000000, 0.000000000000000000, 1.000000000000000000 ) ) ;
#2002 = CARTESIAN_POINT ( 'NONE',  ( -35.50000000000001421, 8.000000000000000000, 40.49999999999999289 ) ) ;
#2003 = CARTESIAN_POINT ( 'NONE',  ( -26.15394446920575433, 15.97968647704804290, 14.25837414838836104 ) ) ;
#2004 = DIRECTION ( 'NONE',  ( 1.000000000000000000, 0.000000000000000000, -0.000000000000000000 ) ) ;
#2005 = CARTESIAN_POINT ( 'NONE',  ( -10.24999999999998757, -31.94526568992657545, 63.00000000000000000 ) ) ;
#2006 = EDGE_LOOP ( 'NONE', ( #2902, #2203, #2311, #5017 ) ) ;
#2007 = EDGE_CURVE ( 'NONE', #4851, #1011, #1702, .T. ) ;
#2008 = CARTESIAN_POINT ( 'NONE',  ( -29.85786437626905965, 6.494446500534837519, 50.49999999999999289 ) ) ;
#2009 = FACE_OUTER_BOUND ( 'NONE', #2953, .T. ) ;
#2010 = ORIENTED_EDGE ( 'NONE', *, *, #2765, .F. ) ;
#2011 = ORIENTED_EDGE ( 'NONE', *, *, #3853, .T. ) ;
#2012 = CARTESIAN_POINT ( 'NONE',  ( -24.86988964452556061, 15.89271480403600378, 13.28838652511510432 ) ) ;
#2013 = DIRECTION ( 'NONE',  ( 0.5000000000000002220, 0.000000000000000000, -0.8660254037844384856 ) ) ;
#2014 = ADVANCED_BREP_SHAPE_REPRESENTATION ( '\X2\59165e955ea7\X0\1', ( #885, #342 ), #5167 ) ;
#2015 = DIRECTION ( 'NONE',  ( -0.7071067811865475727, 0.000000000000000000, 0.7071067811865475727 ) ) ;
#2016 = DIRECTION ( 'NONE',  ( 0.000000000000000000, 0.000000000000000000, -1.000000000000000000 ) ) ;
#2017 = ADVANCED_FACE ( 'NONE', ( #4320 ), #739, .F. ) ;
#2018 = CIRCLE ( 'NONE', #5135, 11.00000000000000533 ) ;
#2019 = EDGE_CURVE ( 'NONE', #2450, #2991, #3895, .T. ) ;
#2020 = ORIENTED_EDGE ( 'NONE', *, *, #2434, .F. ) ;
#2021 = CARTESIAN_POINT ( 'NONE',  ( -6.249999999999991118, 11.00000000000000000, 31.25000000000000000 ) ) ;
#2022 = EDGE_LOOP ( 'NONE', ( #3730, #4572, #2011, #1302 ) ) ;
#2023 = CARTESIAN_POINT ( 'NONE',  ( -42.99890656321179705, 7.999999999999825029, 58.08469300083856268 ) ) ;
#2024 = CARTESIAN_POINT ( 'NONE',  ( -26.00000000000000355, 15.29525135799768876, 1.831976655526680194E-14 ) ) ;
#2025 = CARTESIAN_POINT ( 'NONE',  ( -18.25080669696996694, 14.00000000000000355, 36.61880729845750437 ) ) ;
#2026 = EDGE_CURVE ( 'NONE', #552, #1387, #3879, .T. ) ;
#2027 = ORIENTED_EDGE ( 'NONE', *, *, #155, .T. ) ;
#2028 = CARTESIAN_POINT ( 'NONE',  ( -42.35002563403994458, 13.08102390609598764, 25.85006537644508384 ) ) ;
#2029 = CARTESIAN_POINT ( 'NONE',  ( -30.00000000000000000, 14.00000000000000000, 9.519174207655508368 ) ) ;
#2030 = DIRECTION ( 'NONE',  ( 0.000000000000000000, 0.000000000000000000, -1.000000000000000000 ) ) ;
#2031 = DIRECTION ( 'NONE',  ( 0.000000000000000000, 0.000000000000000000, 1.000000000000000000 ) ) ;
#2032 = CARTESIAN_POINT ( 'NONE',  ( -9.936451519912177233, 12.84835779603095851, 37.91316474715979723 ) ) ;
#2033 = CARTESIAN_POINT ( 'NONE',  ( -2.249999999999986233, 8.000000000000000000, 27.81074432660873796 ) ) ;
#2034 = VECTOR ( 'NONE', #3967, 1000.000000000000114 ) ;
#2035 = ORIENTED_EDGE ( 'NONE', *, *, #4980, .F. ) ;
#2036 = CARTESIAN_POINT ( 'NONE',  ( -8.000000000000000000, 7.071796769724485898, 56.89999999999999858 ) ) ;
#2037 = VECTOR ( 'NONE', #3010, 1000.000000000000000 ) ;
#2038 = DIRECTION ( 'NONE',  ( 0.000000000000000000, 0.000000000000000000, -1.000000000000000000 ) ) ;
#2039 = VECTOR ( 'NONE', #3341, 1000.000000000000000 ) ;
#2040 = ORIENTED_EDGE ( 'NONE', *, *, #301, .F. ) ;
#2041 = VERTEX_POINT ( 'NONE', #1734 ) ;
#2042 = DIRECTION ( 'NONE',  ( 0.000000000000000000, 1.000000000000000000, 0.000000000000000000 ) ) ;
#2043 = DIRECTION ( 'NONE',  ( 0.000000000000000000, 1.000000000000000000, 0.000000000000000000 ) ) ;
#2044 = CIRCLE ( 'NONE', #2132, 8.000000000000028422 ) ;
#2045 = ORIENTED_EDGE ( 'NONE', *, *, #181, .F. ) ;
#2046 = LINE ( 'NONE', #2129, #1277 ) ;
#2047 = DIRECTION ( 'NONE',  ( 0.000000000000000000, -0.7071067811865474617, -0.7071067811865474617 ) ) ;
#2048 = ADVANCED_FACE ( 'NONE', ( #2154 ), #2569, .F. ) ;
#2049 = CARTESIAN_POINT ( 'NONE',  ( -6.801998191431526841, 1.800000000000000044, 40.92500000000000426 ) ) ;
#2050 = CARTESIAN_POINT ( 'NONE',  ( -9.529978213352482186, 0.000000000000000000, 41.49999999999999289 ) ) ;
#2051 = VERTEX_POINT ( 'NONE', #441 ) ;
#2052 = LINE ( 'NONE', #2858, #5527 ) ;
#2053 = CARTESIAN_POINT ( 'NONE',  ( -41.71407300226818649, 8.741799002274481367, 56.79985943989497343 ) ) ;
#2054 = ADVANCED_FACE ( 'NONE', ( #3458 ), #3017, .F. ) ;
#2055 = CARTESIAN_POINT ( 'NONE',  ( -3.250000000000005329, 8.999999999999984013, 27.81074432660873796 ) ) ;
#2056 = EDGE_CURVE ( 'NONE', #3836, #2486, #1340, .T. ) ;
#2057 = CARTESIAN_POINT ( 'NONE',  ( -8.249999999999987566, 7.071796769724485898, 63.99999999999997158 ) ) ;
#2058 = CARTESIAN_POINT ( 'NONE',  ( -38.07212355317815167, 13.85739633551152572, 20.12124649549765465 ) ) ;
#2059 = CIRCLE ( 'NONE', #4548, 2.100000000000000977 ) ;
#2060 = CC_DESIGN_PERSON_AND_ORGANIZATION_ASSIGNMENT ( #3856, #4780, ( #4862 ) ) ;
#2061 = CARTESIAN_POINT ( 'NONE',  ( 0.000000000000000000, 14.00000000000000000, 0.000000000000000000 ) ) ;
#2062 = ORIENTED_EDGE ( 'NONE', *, *, #78, .T. ) ;
#2063 = LINE ( 'NONE', #2145, #192 ) ;
#2064 = LINE ( 'NONE', #4963, #4643 ) ;
#2065 = ORIENTED_EDGE ( 'NONE', *, *, #46, .F. ) ;
#2066 = ORIENTED_EDGE ( 'NONE', *, *, #4479, .F. ) ;
#2067 = CARTESIAN_POINT ( 'NONE',  ( -20.24999999999998934, 1.000000000000000888, 60.50000000000000000 ) ) ;
#2068 = EDGE_CURVE ( 'NONE', #4603, #2481, #4265, .T. ) ;
#2069 = EDGE_CURVE ( 'NONE', #2929, #3873, #4748, .T. ) ;
#2070 = CONICAL_SURFACE ( 'NONE', #3134, 5.999999999999998224, 0.7853981633974471688 ) ;
#2071 = ADVANCED_FACE ( 'NONE', ( #5107 ), #3833, .F. ) ;
#2072 = ORIENTED_EDGE ( 'NONE', *, *, #2716, .T. ) ;
#2073 = DIRECTION ( 'NONE',  ( 0.000000000000000000, 0.000000000000000000, 1.000000000000000000 ) ) ;
#2074 = AXIS2_PLACEMENT_3D ( 'NONE', #129, #1407, #2610 ) ;
#2075 = CARTESIAN_POINT ( 'NONE',  ( -34.55637124264226401, 6.930938764439906308, 51.51557887125885316 ) ) ;
#2076 = ORIENTED_EDGE ( 'NONE', *, *, #961, .T. ) ;
#2077 = CARTESIAN_POINT ( 'NONE',  ( -24.88750402124150440, 8.999999999999984013, 7.524104172105012367 ) ) ;
#2078 = CARTESIAN_POINT ( 'NONE',  ( -15.83997287844297830, 6.099428884674773066, 51.52440136872766629 ) ) ;
#2079 = DIRECTION ( 'NONE',  ( 0.7071067811865479058, 0.000000000000000000, 0.7071067811865472397 ) ) ;
#2080 = ADVANCED_FACE ( 'NONE', ( #2208 ), #895, .T. ) ;
#2081 = AXIS2_PLACEMENT_3D ( 'NONE', #4954, #4982, #2001 ) ;
#2082 = VERTEX_POINT ( 'NONE', #5134 ) ;
#2083 = DIRECTION ( 'NONE',  ( 0.8660254037844397068, 0.000000000000000000, 0.4999999999999979461 ) ) ;
#2084 = CARTESIAN_POINT ( 'NONE',  ( -3.133928571428580057, 14.00000000000000000, 26.81750345780131539 ) ) ;
#2085 = DIRECTION ( 'NONE',  ( -0.000000000000000000, -0.000000000000000000, -1.000000000000000000 ) ) ;
#2086 = CARTESIAN_POINT ( 'NONE',  ( -50.50000000000000000, 7.071796769724485898, 33.17157287525382259 ) ) ;
#2087 = CARTESIAN_POINT ( 'NONE',  ( -9.740982379708189143, 12.92011911281683467, 37.57689770474630819 ) ) ;
#2088 = CARTESIAN_POINT ( 'NONE',  ( -34.96587427320231001, 6.911420144149500899, 51.78801325110662646 ) ) ;
#2089 = ORIENTED_EDGE ( 'NONE', *, *, #2665, .F. ) ;
#2090 = EDGE_CURVE ( 'NONE', #2350, #4527, #4817, .T. ) ;
#2091 = DIRECTION ( 'NONE',  ( 0.000000000000000000, 0.000000000000000000, -1.000000000000000000 ) ) ;
#2092 = CARTESIAN_POINT ( 'NONE',  ( -38.76171607843059519, 14.00000000000000000, 38.76171607843059519 ) ) ;
#2093 = ORIENTED_EDGE ( 'NONE', *, *, #1023, .F. ) ;
#2094 = VERTEX_POINT ( 'NONE', #3911 ) ;
#2095 = CARTESIAN_POINT ( 'NONE',  ( -10.24999999999999112, 12.32097260787962867, 39.25000000000000000 ) ) ;
#2096 = EDGE_LOOP ( 'NONE', ( #707, #1443 ) ) ;
#2097 = LINE ( 'NONE', #5502, #3355 ) ;
#2098 = CARTESIAN_POINT ( 'NONE',  ( -35.78826508135475848, 6.887379077442296271, 52.40393616925672404 ) ) ;
#2099 = AXIS2_PLACEMENT_3D ( 'NONE', #3070, #554, #3960 ) ;
#2100 = ORIENTED_EDGE ( 'NONE', *, *, #76, .T. ) ;
#2101 = DIRECTION ( 'NONE',  ( 0.000000000000000000, 1.000000000000000000, 0.000000000000000000 ) ) ;
#2102 = CARTESIAN_POINT ( 'NONE',  ( -38.50816766360421894, 8.969412442279130815, 28.60867272699223207 ) ) ;
#2103 = CARTESIAN_POINT ( 'NONE',  ( -40.92050496876390042, 13.34641481420509024, 24.21504724752655591 ) ) ;
#2104 = CIRCLE ( 'NONE', #675, 11.00000000000004086 ) ;
#2105 = AXIS2_PLACEMENT_3D ( 'NONE', #3001, #4281, #4649 ) ;
#2106 = VERTEX_POINT ( 'NONE', #3075 ) ;
#2107 = CARTESIAN_POINT ( 'NONE',  ( -7.542893218813731870, 0.000000000000000000, -7.542893218813645717 ) ) ;
#2108 = CARTESIAN_POINT ( 'NONE',  ( -35.82050807568872131, 14.00000000000000000, 0.000000000000000000 ) ) ;
#2109 = CARTESIAN_POINT ( 'NONE',  ( -20.24999999999998934, 7.360471904319303427, 49.99999999999997868 ) ) ;
#2110 = DIRECTION ( 'NONE',  ( -0.000000000000000000, 1.000000000000000000, -0.000000000000000000 ) ) ;
#2111 = CARTESIAN_POINT ( 'NONE',  ( -9.793816333899941995, 12.90441739477840066, 37.65938232564082710 ) ) ;
#2112 = CARTESIAN_POINT ( 'NONE',  ( -33.37019077811073942, 6.328160628324993375, 51.13374432039196904 ) ) ;
#2113 = VERTEX_POINT ( 'NONE', #2237 ) ;
#2114 = CARTESIAN_POINT ( 'NONE',  ( -15.70349924656817109, 7.105833902370068955, 50.66726763594812155 ) ) ;
#2115 = PLANE ( 'NONE',  #3649 ) ;
#2116 = CARTESIAN_POINT ( 'NONE',  ( -49.50000000000000000, 0.000000000000000000, 0.000000000000000000 ) ) ;
#2117 = ORIENTED_EDGE ( 'NONE', *, *, #2190, .F. ) ;
#2118 = ORIENTED_EDGE ( 'NONE', *, *, #1844, .T. ) ;
#2119 = EDGE_CURVE ( 'NONE', #4783, #3566, #4462, .T. ) ;
#2120 = LINE ( 'NONE', #383, #74 ) ;
#2121 = FACE_OUTER_BOUND ( 'NONE', #3945, .T. ) ;
#2122 = AXIS2_PLACEMENT_3D ( 'NONE', #4803, #977, #2735 ) ;
#2123 = DIRECTION ( 'NONE',  ( -0.7071067811865471286, 0.000000000000000000, 0.7071067811865477948 ) ) ;
#2124 = VECTOR ( 'NONE', #2340, 1000.000000000000000 ) ;
#2125 = EDGE_LOOP ( 'NONE', ( #1216, #1270, #281, #5074, #1984, #314 ) ) ;
#2126 = DIRECTION ( 'NONE',  ( 0.7071067811865435759, 0.000000000000000000, -0.7071067811865515695 ) ) ;
#2127 = FACE_OUTER_BOUND ( 'NONE', #3933, .T. ) ;
#2128 = ORIENTED_EDGE ( 'NONE', *, *, #4041, .F. ) ;
#2129 = CARTESIAN_POINT ( 'NONE',  ( -13.45939538071102426, -6.805950177998369988, 48.30595017799836910 ) ) ;
#2130 = APPROVAL_DATE_TIME ( #1315, #825 ) ;
#2131 = CARTESIAN_POINT ( 'NONE',  ( -41.72723724475727636, 13.19432656731338227, 25.16439034129844288 ) ) ;
#2132 = AXIS2_PLACEMENT_3D ( 'NONE', #311, #760, #5084 ) ;
#2133 = EDGE_CURVE ( 'NONE', #2586, #4098, #1279, .T. ) ;
#2134 = VECTOR ( 'NONE', #3827, 1000.000000000000114 ) ;
#2135 = ORIENTED_EDGE ( 'NONE', *, *, #4606, .T. ) ;
#2136 = DIRECTION ( 'NONE',  ( 0.7071067811865475727, 0.000000000000000000, -0.7071067811865475727 ) ) ;
#2137 = LINE ( 'NONE', #3302, #5022 ) ;
#2138 = CARTESIAN_POINT ( 'NONE',  ( -20.24999999999998934, 6.783121635129662153, 50.33333333333332860 ) ) ;
#2139 = ADVANCED_FACE ( 'NONE', ( #1080 ), #3151, .T. ) ;
#2140 = CARTESIAN_POINT ( 'NONE',  ( -49.49999999999999289, 7.649147038914112962, 0.000000000000000000 ) ) ;
#2141 = CARTESIAN_POINT ( 'NONE',  ( -39.16465511022847323, 13.69299027599739560, 21.79210718587782125 ) ) ;
#2142 = CARTESIAN_POINT ( 'NONE',  ( -37.58607520371803190, 13.99999999999999822, 18.61076150457754963 ) ) ;
#2143 = ORIENTED_EDGE ( 'NONE', *, *, #3530, .F. ) ;
#2144 = ORIENTED_EDGE ( 'NONE', *, *, #4382, .F. ) ;
#2145 = CARTESIAN_POINT ( 'NONE',  ( -7.999999999999989342, 1.800000000000000044, 55.60399638286304480 ) ) ;
#2146 = LINE ( 'NONE', #2432, #1962 ) ;
#2147 = DIRECTION ( 'NONE',  ( 0.000000000000000000, -0.000000000000000000, 1.000000000000000000 ) ) ;
#2148 = ORIENTED_EDGE ( 'NONE', *, *, #1071, .F. ) ;
#2149 = ORIENTED_EDGE ( 'NONE', *, *, #2886, .T. ) ;
#2150 = CARTESIAN_POINT ( 'NONE',  ( -49.08578643762688642, 9.381197846482995928, 32.58578643762686511 ) ) ;
#2151 = CARTESIAN_POINT ( 'NONE',  ( 0.000000000000000000, 14.00000000000000000, 35.24999999999997158 ) ) ;
#2152 = AXIS2_PLACEMENT_3D ( 'NONE', #726, #3209, #1989 ) ;
#2153 = VECTOR ( 'NONE', #297, 1000.000000000000000 ) ;
#2154 = FACE_OUTER_BOUND ( 'NONE', #1162, .T. ) ;
#2155 = EDGE_CURVE ( 'NONE', #2082, #1560, #2059, .T. ) ;
#2156 = ORIENTED_EDGE ( 'NONE', *, *, #955, .T. ) ;
#2157 = CYLINDRICAL_SURFACE ( 'NONE', #5508, 10.00000000000000355 ) ;
#2158 = CARTESIAN_POINT ( 'NONE',  ( -31.21882285961712356, 14.00000000000000000, 46.30460929724406327 ) ) ;
#2159 = AXIS2_PLACEMENT_3D ( 'NONE', #5165, #4407, #5245 ) ;
#2160 = ORIENTED_EDGE ( 'NONE', *, *, #565, .T. ) ;
#2161 = CARTESIAN_POINT ( 'NONE',  ( -35.15905475488327170, 6.512776140760776933, 52.02075525683039103 ) ) ;
#2162 = VECTOR ( 'NONE', #3716, 1000.000000000000114 ) ;
#2163 = VECTOR ( 'NONE', #3910, 1000.000000000000000 ) ;
#2164 = CARTESIAN_POINT ( 'NONE',  ( -41.03722613313131262, 13.32385168690663235, 24.35881789726392910 ) ) ;
#2165 = ORIENTED_EDGE ( 'NONE', *, *, #3046, .T. ) ;
#2166 = CARTESIAN_POINT ( 'NONE',  ( -8.000000000000000000, 7.071796769724485898, 57.99999999999999289 ) ) ;
#2167 = FACE_OUTER_BOUND ( 'NONE', #380, .T. ) ;
#2168 = CARTESIAN_POINT ( 'NONE',  ( -38.85855909820733700, 14.00000000000000178, 22.73786209076016007 ) ) ;
#2169 = EDGE_CURVE ( 'NONE', #5293, #2106, #357, .T. ) ;
#2170 = FACE_OUTER_BOUND ( 'NONE', #2933, .T. ) ;
#2171 = CARTESIAN_POINT ( 'NONE',  ( -32.99622364889899728, 7.066287509087567642, 50.65043350855906112 ) ) ;
#2172 = AXIS2_PLACEMENT_3D ( 'NONE', #3813, #1336, #501 ) ;
#2173 = VERTEX_POINT ( 'NONE', #1053 ) ;
#2174 = PLANE ( 'NONE',  #3750 ) ;
#2175 = DIRECTION ( 'NONE',  ( 0.000000000000000000, 1.000000000000000000, 0.000000000000000000 ) ) ;
#2176 = CYLINDRICAL_SURFACE ( 'NONE', #1249, 2.000000000000001776 ) ;
#2177 = ORIENTED_EDGE ( 'NONE', *, *, #3073, .T. ) ;
#2178 = EDGE_LOOP ( 'NONE', ( #4290, #3409, #3390, #5048 ) ) ;
#2179 = CARTESIAN_POINT ( 'NONE',  ( 0.000000000000000000, 14.00000000000000000, 38.49999999999992895 ) ) ;
#2180 = AXIS2_PLACEMENT_3D ( 'NONE', #2021, #3712, #731 ) ;
#2181 = LINE ( 'NONE', #2985, #4077 ) ;
#2182 = DIRECTION ( 'NONE',  ( 2.124151195073640555E-16, 0.000000000000000000, 1.000000000000000000 ) ) ;
#2183 = ORIENTED_EDGE ( 'NONE', *, *, #2903, .T. ) ;
#2184 = DIRECTION ( 'NONE',  ( 0.000000000000000000, -0.7071067811865469066, -0.7071067811865482389 ) ) ;
#2185 = CARTESIAN_POINT ( 'NONE',  ( -35.86017826293396382, 6.885996484373382742, 52.46223278483693520 ) ) ;
#2186 = ORIENTED_EDGE ( 'NONE', *, *, #4267, .F. ) ;
#2187 = CARTESIAN_POINT ( 'NONE',  ( -35.69663053229476191, 6.606161318463088961, 52.38145956521621116 ) ) ;
#2188 = CALENDAR_DATE ( 2026, 5, 6 ) ;
#2189 = CARTESIAN_POINT ( 'NONE',  ( -41.11065809806974869, 13.30978658637373613, 24.44778317066677076 ) ) ;
#2190 = EDGE_CURVE ( 'NONE', #2350, #4861, #1362, .T. ) ;
#2191 = EDGE_CURVE ( 'NONE', #1911, #2924, #3965, .T. ) ;
#2192 = VERTEX_POINT ( 'NONE', #1421 ) ;
#2193 = CARTESIAN_POINT ( 'NONE',  ( -9.868301002533584665, 12.87835347335278158, 37.78476618160724598 ) ) ;
#2194 = CARTESIAN_POINT ( 'NONE',  ( -39.20721700729673387, 13.99999999999999289, 23.33892918256315241 ) ) ;
#2195 = CARTESIAN_POINT ( 'NONE',  ( -37.00135768946152837, 13.99999999999999645, 19.07632338579201203 ) ) ;
#2196 = EDGE_CURVE ( 'NONE', #5396, #106, #830, .T. ) ;
#2197 = CARTESIAN_POINT ( 'NONE',  ( -32.31524819759995637, 7.166683823083550564, 50.35459929663071676 ) ) ;
#2198 = ORIENTED_EDGE ( 'NONE', *, *, #2429, .F. ) ;
#2199 = AXIS2_PLACEMENT_3D ( 'NONE', #2973, #3378, #821 ) ;
#2200 = LINE ( 'NONE', #1440, #637 ) ;
#2201 = CARTESIAN_POINT ( 'NONE',  ( -49.21991168833102392, 7.986722775709268696, 32.71991168834336605 ) ) ;
#2202 = DIRECTION ( 'NONE',  ( 0.000000000000000000, 0.000000000000000000, 1.000000000000000000 ) ) ;
#2203 = ORIENTED_EDGE ( 'NONE', *, *, #3337, .F. ) ;
#2204 = VERTEX_POINT ( 'NONE', #4068 ) ;
#2205 = CYLINDRICAL_SURFACE ( 'NONE', #1765, 6.999999999999992006 ) ;
#2206 = DIRECTION ( 'NONE',  ( 0.000000000000000000, -1.000000000000000000, 0.000000000000000000 ) ) ;
#2207 = DIRECTION ( 'NONE',  ( -0.8660254037844369313, 0.000000000000000000, 0.5000000000000029976 ) ) ;
#2208 = FACE_OUTER_BOUND ( 'NONE', #3517, .T. ) ;
#2209 = ORIENTED_EDGE ( 'NONE', *, *, #3382, .F. ) ;
#2210 = DIRECTION ( 'NONE',  ( 1.000000000000000000, 0.000000000000000000, 0.000000000000000000 ) ) ;
#2211 = CARTESIAN_POINT ( 'NONE',  ( -33.24623159971579867, 7.037756140128926141, 50.77346861753478890 ) ) ;
#2212 = AXIS2_PLACEMENT_3D ( 'NONE', #2815, #4101, #2430 ) ;
#2213 = VERTEX_POINT ( 'NONE', #4629 ) ;
#2214 = VERTEX_POINT ( 'NONE', #720 ) ;
#2215 = CARTESIAN_POINT ( 'NONE',  ( -35.52563956671978929, 6.574716156913727794, 52.26105481160769273 ) ) ;
#2216 = CARTESIAN_POINT ( 'NONE',  ( -16.74121758512491454, 6.190761735017559886, 51.13578665974745974 ) ) ;
#2217 = AXIS2_PLACEMENT_3D ( 'NONE', #551, #2894, #1635 ) ;
#2218 = VECTOR ( 'NONE', #670, 1000.000000000000000 ) ;
#2219 = CARTESIAN_POINT ( 'NONE',  ( -9.611175978371633732, 14.00000000000031086, 36.02221133940793862 ) ) ;
#2220 = AXIS2_PLACEMENT_3D ( 'NONE', #4582, #2939, #3294 ) ;
#2221 = EDGE_LOOP ( 'NONE', ( #3295, #908 ) ) ;
#2222 = CARTESIAN_POINT ( 'NONE',  ( -8.725947226045910554, 12.99989588347210123, 36.63771444899248309 ) ) ;
#2223 = CARTESIAN_POINT ( 'NONE',  ( -10.08766209769095568, 12.74831347885766597, 38.26786696665545406 ) ) ;
#2224 = FACE_OUTER_BOUND ( 'NONE', #391, .T. ) ;
#2225 = ORIENTED_EDGE ( 'NONE', *, *, #93, .F. ) ;
#2226 = EDGE_CURVE ( 'NONE', #3629, #2299, #2484, .T. ) ;
#2227 = CARTESIAN_POINT ( 'NONE',  ( -15.15334896714515978, 6.071796769724456588, 51.89627125896569027 ) ) ;
#2228 = LINE ( 'NONE', #550, #2788 ) ;
#2229 = CARTESIAN_POINT ( 'NONE',  ( -9.250000000000003553, 0.000000000000000000, 1.964839855443118376E-15 ) ) ;
#2230 = ORIENTED_EDGE ( 'NONE', *, *, #961, .F. ) ;
#2231 = APPROVAL ( #1819, 'æœª' ) ;
#2232 = LINE ( 'NONE', #53, #3783 ) ;
#2233 = LINE ( 'NONE', #1835, #518 ) ;
#2234 = VECTOR ( 'NONE', #1138, 1000.000000000000000 ) ;
#2235 = DIRECTION ( 'NONE',  ( 0.000000000000000000, -1.000000000000000000, -0.000000000000000000 ) ) ;
#2236 = CARTESIAN_POINT ( 'NONE',  ( -36.19974746830612844, 12.99999999999996625, 26.30025253169416288 ) ) ;
#2237 = CARTESIAN_POINT ( 'NONE',  ( -50.50000000000000000, 5.917096231345234436, 0.000000000000000000 ) ) ;
#2238 = ADVANCED_FACE ( 'NONE', ( #4540 ), #541, .T. ) ;
#2239 = EDGE_LOOP ( 'NONE', ( #355, #3897, #757 ) ) ;
#2240 = DIRECTION ( 'NONE',  ( 0.000000000000000000, -1.000000000000000000, 0.000000000000000000 ) ) ;
#2241 = AXIS2_PLACEMENT_3D ( 'NONE', #1230, #2941, #100 ) ;
#2242 = EDGE_CURVE ( 'NONE', #560, #110, #5047, .T. ) ;
#2243 = CIRCLE ( 'NONE', #2855, 2.000000000000001776 ) ;
#2244 = ORIENTED_EDGE ( 'NONE', *, *, #4466, .T. ) ;
#2245 = ORIENTED_EDGE ( 'NONE', *, *, #4575, .T. ) ;
#2246 = CARTESIAN_POINT ( 'NONE',  ( -34.49084301696536414, 6.419953349947617127, 51.63795861250900998 ) ) ;
#2247 = DATE_TIME_ROLE ( 'creation_date' ) ;
#2248 = CARTESIAN_POINT ( 'NONE',  ( -7.999999999999989342, 1.800000000000000044, 55.60399638286304480 ) ) ;
#2249 = ORIENTED_EDGE ( 'NONE', *, *, #565, .F. ) ;
#2250 = AXIS2_PLACEMENT_3D ( 'NONE', #5384, #3281, #4487 ) ;
#2251 = ORIENTED_EDGE ( 'NONE', *, *, #409, .T. ) ;
#2252 = DIRECTION ( 'NONE',  ( 0.000000000000000000, 0.000000000000000000, 1.000000000000000000 ) ) ;
#2253 = CARTESIAN_POINT ( 'NONE',  ( -38.24523173842668200, 13.99999999999999822, 21.60274368007679513 ) ) ;
#2254 = CARTESIAN_POINT ( 'NONE',  ( -23.56691526536579318, 14.00000000000000000, 39.35643231711637213 ) ) ;
#2255 = AXIS2_PLACEMENT_3D ( 'NONE', #4175, #1638, #3331 ) ;
#2256 = ORIENTED_EDGE ( 'NONE', *, *, #2290, .T. ) ;
#2257 = CARTESIAN_POINT ( 'NONE',  ( -14.64368386385966225, 7.071796769724483234, 51.03589838486223584 ) ) ;
#2258 = CARTESIAN_POINT ( 'NONE',  ( 0.000000000000000000, 8.000000000000000000, 0.000000000000000000 ) ) ;
#2259 = ORIENTED_EDGE ( 'NONE', *, *, #401, .F. ) ;
#2260 = CARTESIAN_POINT ( 'NONE',  ( -66.83578643762679405, 6.999999999999999112, 53.16421356237317042 ) ) ;
#2261 = DIRECTION ( 'NONE',  ( 0.000000000000000000, 1.000000000000000000, 0.000000000000000000 ) ) ;
#2262 = CARTESIAN_POINT ( 'NONE',  ( 0.000000000000000000, 0.000000000000000000, 41.49999999999999289 ) ) ;
#2263 = EDGE_CURVE ( 'NONE', #3047, #3534, #4124, .T. ) ;
#2264 = ADVANCED_FACE ( 'NONE', ( #2009 ), #1981, .F. ) ;
#2265 = DIRECTION ( 'NONE',  ( 1.000000000000000000, -0.000000000000000000, -0.000000000000000000 ) ) ;
#2266 = CARTESIAN_POINT ( 'NONE',  ( -23.44782396324600526, 13.46410161513775527, 40.32886667852282869 ) ) ;
#2267 = ORIENTED_EDGE ( 'NONE', *, *, #482, .F. ) ;
#2268 = DIRECTION ( 'NONE',  ( 0.000000000000000000, 0.000000000000000000, -1.000000000000000000 ) ) ;
#2269 = VERTEX_POINT ( 'NONE', #4178 ) ;
#2270 = DIRECTION ( 'NONE',  ( 0.000000000000000000, 0.000000000000000000, 1.000000000000000000 ) ) ;
#2271 = LINE ( 'NONE', #3998, #3654 ) ;
#2272 = ORIENTED_EDGE ( 'NONE', *, *, #2477, .T. ) ;
#2273 = ORIENTED_EDGE ( 'NONE', *, *, #5279, .F. ) ;
#2274 = CARTESIAN_POINT ( 'NONE',  ( -9.891857594083363736, 12.86866040057641314, 37.82768680039809084 ) ) ;
#2275 = B_SPLINE_SURFACE_WITH_KNOTS ( 'NONE', 1, 3, ( 
 ( #3580, #2908, #5261, #2721, #3217, #4950, #226, #3604, #4057, #1968, #5290, #3190, #4898, #4477, #1937, #1038, #1068, #3662 ),
 ( #4030, #624, #4843, #3635, #4926, #1462, #1914, #1547, #4003, #4605, #205, #3162, #1437, #4872, #4419, #5344, #2302, #2748 ) ),
 .UNSPECIFIED., .F., .F., .F.,
 ( 2, 2 ),
 ( 4, 2, 2, 2, 2, 2, 2, 2, 4 ),
 ( 0.000000000000000000, 1.000000000000000000 ),
 ( 2.848004584757794611, 2.921401601965794015, 2.994798619173793863, 3.068195636381793712, 3.141592653589793116, 3.214989670797792520, 3.288386688005792369, 3.361783705213792217, 3.435180722421791621 ),
 .UNSPECIFIED. ) ;
#2276 = CARTESIAN_POINT ( 'NONE',  ( -17.51994631492011223, 7.268687643859418124, 50.15897500245181106 ) ) ;
#2277 = CARTESIAN_POINT ( 'NONE',  ( -21.98167145363519026, 14.00000000000000000, 38.44701949000159402 ) ) ;
#2278 = VERTEX_POINT ( 'NONE', #4096 ) ;
#2279 = DIRECTION ( 'NONE',  ( 0.000000000000000000, 0.000000000000000000, 1.000000000000000000 ) ) ;
#2280 = CARTESIAN_POINT ( 'NONE',  ( -6.801998191431526841, 1.800000000000000044, 40.92500000000000426 ) ) ;
#2281 = DIRECTION ( 'NONE',  ( 0.7071067811865469066, 0.7071067811865482389, 0.000000000000000000 ) ) ;
#2282 = ORIENTED_EDGE ( 'NONE', *, *, #2903, .F. ) ;
#2283 = CARTESIAN_POINT ( 'NONE',  ( -8.249999999999987566, 0.000000000000000000, 63.00000000000000000 ) ) ;
#2284 = CYLINDRICAL_SURFACE ( 'NONE', #4346, 2.000000000000001776 ) ;
#2285 = DIRECTION ( 'NONE',  ( 0.7071067811865455743, -0.7071067811865493491, 0.000000000000000000 ) ) ;
#2286 = VECTOR ( 'NONE', #4555, 1000.000000000000114 ) ;
#2287 = DIRECTION ( 'NONE',  ( 0.000000000000000000, 0.000000000000000000, -1.000000000000000000 ) ) ;
#2288 = CARTESIAN_POINT ( 'NONE',  ( -21.66722013751087061, 13.70755632406123503, 39.08072282213045412 ) ) ;
#2289 = EDGE_CURVE ( 'NONE', #5422, #701, #3702, .T. ) ;
#2290 = EDGE_CURVE ( 'NONE', #5311, #2173, #3383, .T. ) ;
#2291 = ORIENTED_EDGE ( 'NONE', *, *, #2393, .T. ) ;
#2292 = LINE ( 'NONE', #3992, #3625 ) ;
#2293 = ORIENTED_EDGE ( 'NONE', *, *, #3061, .F. ) ;
#2294 = CARTESIAN_POINT ( 'NONE',  ( -52.50000000000000711, 0.000000000000000000, 33.17157287525382259 ) ) ;
#2295 = EDGE_CURVE ( 'NONE', #20, #3391, #2243, .T. ) ;
#2296 = CARTESIAN_POINT ( 'NONE',  ( -11.22999094468795889, 13.42019155019805687, 39.17750872752090174 ) ) ;
#2297 = VERTEX_POINT ( 'NONE', #4992 ) ;
#2298 = AXIS2_PLACEMENT_3D ( 'NONE', #5109, #1281, #3850 ) ;
#2299 = VERTEX_POINT ( 'NONE', #4569 ) ;
#2300 = CARTESIAN_POINT ( 'NONE',  ( -10.24570368884523930, 12.41978665365707890, 39.06431506296978284 ) ) ;
#2301 = ADVANCED_FACE ( 'NONE', ( #3675 ), #5385, .F. ) ;
#2302 = CARTESIAN_POINT ( 'NONE',  ( -25.07158845927324009, 15.78685092646135679, -6.915215235287871742 ) ) ;
#2303 = AXIS2_PLACEMENT_3D ( 'NONE', #2447, #4145, #1182 ) ;
#2304 = CARTESIAN_POINT ( 'NONE',  ( -38.53452607162668642, 14.27630277419140903, 21.58465959670607504 ) ) ;
#2305 = ADVANCED_FACE ( 'NONE', ( #3646 ), #1559, .F. ) ;
#2306 = ORIENTED_EDGE ( 'NONE', *, *, #4991, .F. ) ;
#2307 = EDGE_CURVE ( 'NONE', #1775, #3428, #2064, .T. ) ;
#2308 = CARTESIAN_POINT ( 'NONE',  ( -24.98038612742656994, 15.84007862387148968, 13.60495440705167525 ) ) ;
#2309 = FACE_OUTER_BOUND ( 'NONE', #5441, .T. ) ;
#2310 = FACE_OUTER_BOUND ( 'NONE', #4685, .T. ) ;
#2311 = ORIENTED_EDGE ( 'NONE', *, *, #5164, .F. ) ;
#2312 = PLANE ( 'NONE',  #164 ) ;
#2313 = CARTESIAN_POINT ( 'NONE',  ( -51.08578643762690064, 7.381197846482995040, 34.58578643762690774 ) ) ;
#2314 = DIRECTION ( 'NONE',  ( -0.4999999999999967804, -0.7071067811865485719, -0.5000000000000015543 ) ) ;
#2315 = CARTESIAN_POINT ( 'NONE',  ( -27.38855314062279334, 0.000000000000000000, 17.48905820401091304 ) ) ;
#2316 = CARTESIAN_POINT ( 'NONE',  ( -18.09062976432553427, 7.263472916496604093, 50.17263109941391264 ) ) ;
#2317 = AXIS2_PLACEMENT_3D ( 'NONE', #741, #4674, #2945 ) ;
#2318 = ORIENTED_EDGE ( 'NONE', *, *, #2626, .F. ) ;
#2319 = CARTESIAN_POINT ( 'NONE',  ( -25.98159277291163249, 15.36319052038750677, 15.74012893838629168 ) ) ;
#2320 = VERTEX_POINT ( 'NONE', #2927 ) ;
#2321 = FACE_OUTER_BOUND ( 'NONE', #930, .T. ) ;
#2322 = DIRECTION ( 'NONE',  ( -0.000000000000000000, -1.000000000000000000, -0.000000000000000000 ) ) ;
#2323 = AXIS2_PLACEMENT_3D ( 'NONE', #5076, #410, #5531 ) ;
#2324 = DIRECTION ( 'NONE',  ( -0.000000000000000000, -1.000000000000000000, -0.000000000000000000 ) ) ;
#2325 = VECTOR ( 'NONE', #3793, 1000.000000000000114 ) ;
#2326 = VERTEX_POINT ( 'NONE', #1107 ) ;
#2327 = ORIENTED_EDGE ( 'NONE', *, *, #301, .T. ) ;
#2328 = CARTESIAN_POINT ( 'NONE',  ( -11.20374392466862901, 13.50121540781666774, 38.94265028792932526 ) ) ;
#2329 = CARTESIAN_POINT ( 'NONE',  ( -6.249999999999991118, 11.00000000000000000, 33.34999999999999432 ) ) ;
#2330 = CARTESIAN_POINT ( 'NONE',  ( -31.25000000000032685, 14.00000000000000000, 31.25000000000002132 ) ) ;
#2331 = AXIS2_PLACEMENT_3D ( 'NONE', #3701, #3175, #5411 ) ;
#2332 = EDGE_CURVE ( 'NONE', #3125, #985, #4937, .T. ) ;
#2333 = CARTESIAN_POINT ( 'NONE',  ( -25.57024585767238634, 15.55911850189870371, 15.00071648246227340 ) ) ;
#2334 = CARTESIAN_POINT ( 'NONE',  ( -24.39820893904452248, 13.31853207523474225, 41.05937396370067205 ) ) ;
#2335 = DIRECTION ( 'NONE',  ( 0.7071067811865507924, 0.000000000000000000, -0.7071067811865441310 ) ) ;
#2336 = ORIENTED_EDGE ( 'NONE', *, *, #4094, .F. ) ;
#2337 = CIRCLE ( 'NONE', #4025, 9.000000000000019540 ) ;
#2338 = LINE ( 'NONE', #4880, #1408 ) ;
#2339 = DIRECTION ( 'NONE',  ( -0.7071067811865515695, -5.300543954373565575E-15, 0.7071067811865434649 ) ) ;
#2340 = DIRECTION ( 'NONE',  ( -0.000000000000000000, 0.000000000000000000, 1.000000000000000000 ) ) ;
#2341 = LINE ( 'NONE', #3229, #3943 ) ;
#2342 = CARTESIAN_POINT ( 'NONE',  ( -21.30976291211362650, 13.74751287841460545, 38.84246969787663772 ) ) ;
#2343 = ORIENTED_EDGE ( 'NONE', *, *, #2361, .T. ) ;
#2344 = FACE_OUTER_BOUND ( 'NONE', #3959, .T. ) ;
#2345 = AXIS2_PLACEMENT_3D ( 'NONE', #4455, #5063, #4280 ) ;
#2346 = CARTESIAN_POINT ( 'NONE',  ( -36.71918795518589462, 6.823548442560389837, 53.22475338355464203 ) ) ;
#2347 = CARTESIAN_POINT ( 'NONE',  ( -51.75000000000005684, 0.000000000000000000, 65.42157287525370180 ) ) ;
#2348 = CARTESIAN_POINT ( 'NONE',  ( -31.94302783414723024, 10.27306838203707251, 25.89999657532240107 ) ) ;
#2349 = ORIENTED_EDGE ( 'NONE', *, *, #3869, .T. ) ;
#2350 = VERTEX_POINT ( 'NONE', #3230 ) ;
#2351 = CARTESIAN_POINT ( 'NONE',  ( -18.52252209804991523, 7.281668584253867316, 50.13649135415843006 ) ) ;
#2352 = EDGE_CURVE ( 'NONE', #4751, #592, #2811, .T. ) ;
#2353 = CARTESIAN_POINT ( 'NONE',  ( -29.85786437626907741, 6.494446500534840183, 50.49999999999999289 ) ) ;
#2354 = ADVANCED_FACE ( 'NONE', ( #435, #3777 ), #4229, .T. ) ;
#2355 = CARTESIAN_POINT ( 'NONE',  ( -17.51063460900900282, 7.215144560260320361, 50.29074924009952952 ) ) ;
#2356 = CARTESIAN_POINT ( 'NONE',  ( -20.28461151758115832, 13.99999999999999822, 37.57903900322400403 ) ) ;
#2357 = CARTESIAN_POINT ( 'NONE',  ( -25.49448021125510877, 15.59520579249155148, 14.84956843961914608 ) ) ;
#2358 = CARTESIAN_POINT ( 'NONE',  ( -7.999999999999986677, 1.800000000000000044, 60.39600361713693388 ) ) ;
#2359 = FACE_OUTER_BOUND ( 'NONE', #438, .T. ) ;
#2360 = ORIENTED_EDGE ( 'NONE', *, *, #4466, .F. ) ;
#2361 = EDGE_CURVE ( 'NONE', #2597, #4818, #3872, .T. ) ;
#2362 = FACE_OUTER_BOUND ( 'NONE', #36, .T. ) ;
#2363 = LINE ( 'NONE', #2391, #1894 ) ;
#2364 = B_SPLINE_SURFACE_WITH_KNOTS ( 'NONE', 1, 3, ( 
 ( #3743, #1605, #4142, #2917, #392, #2525 ),
 ( #3795, #2552, #4220, #5514, #2028, #3719 ) ),
 .UNSPECIFIED., .F., .F., .F.,
 ( 2, 2 ),
 ( 4, 2, 4 ),
 ( 0.000000000000000000, 1.000000000000000000 ),
 ( 1.045710769551882136, 1.308253548173389458, 1.570796326794896558 ),
 .UNSPECIFIED. ) ;
#2365 = FACE_OUTER_BOUND ( 'NONE', #3160, .T. ) ;
#2366 = CLOSED_SHELL ( 'NONE', ( #2305, #620, #2385, #4864, #1639, #3007, #4112, #5045, #4824, #141, #2264, #3379, #3639, #14, #4196, #3963, #4022, #3015, #956, #96, #1367, #2054, #1139, #4968, #1235, #737, #2875, #3267, #332, #1742, #5202, #5276, #2838, #854, #1647, #5427, #4814, #322, #4893, #2071, #3513, #714, #4921, #2238, #3816, #3627, #3219, #443, #4045, #835, #1425, #4498, #1604, #1882, #2080, #580, #1401, #1674, #3926, #2354, #3137, #668, #1846, #4051, #4723, #3121, #5393, #5375, #3616, #792, #4788, #4433, #4451, #3852, #4441, #2769, #2544, #1024, #2403, #546, #4329, #615, #1831, #4949, #4847, #1411, #1986, #3237, #906, #1646, #2638, #4411, #1951, #4626, #1288, #2889, #2914, #5477, #3475, #3983, #2796, #39, #477, #4960, #4439, #4210, #784, #4607, #2405, #2139, #152, #2992, #613, #350, #5026, #1707, #247, #451, #5191, #1567, #5324, #3859, #1540, #2017, #3622, #4645, #498, #836, #3446, #5303, #822, #40, #5361, #2583, #4226, #2301, #894, #1556, #4602, #4509, #1898, #2595, #1311, #4107, #3742, #2604, #4750, #2048, #1484, #1657, #1067, #3342, #3045, #4696, #1435, #4165, #3725, #273 ) ) ;
#2367 = DIRECTION ( 'NONE',  ( 0.000000000000000000, 0.000000000000000000, 1.000000000000000000 ) ) ;
#2368 = CARTESIAN_POINT ( 'NONE',  ( -10.24999999999999289, -31.94526568992657545, 40.49999999999999289 ) ) ;
#2369 = ORIENTED_EDGE ( 'NONE', *, *, #1900, .T. ) ;
#2370 = VERTEX_POINT ( 'NONE', #3068 ) ;
#2371 = CARTESIAN_POINT ( 'NONE',  ( -9.282459391583341102, 0.000000000000000000, 59.65557534218152114 ) ) ;
#2372 = CARTESIAN_POINT ( 'NONE',  ( -17.48905820401119016, 12.99999999999996625, 27.38855314062262636 ) ) ;
#2373 = LINE ( 'NONE', #2818, #691 ) ;
#2374 = CARTESIAN_POINT ( 'NONE',  ( -3.250000000000005329, 12.99999999999996625, 27.81074432660873796 ) ) ;
#2375 = ORIENTED_EDGE ( 'NONE', *, *, #3824, .T. ) ;
#2376 = ORIENTED_EDGE ( 'NONE', *, *, #203, .F. ) ;
#2377 = CARTESIAN_POINT ( 'NONE',  ( -8.680841908972341869, 13.99429877262304700, 35.47808512470992781 ) ) ;
#2378 = FACE_OUTER_BOUND ( 'NONE', #3340, .T. ) ;
#2379 = CARTESIAN_POINT ( 'NONE',  ( -17.02032809431873517, 7.197988956155799478, 50.33672438805676563 ) ) ;
#2380 = CARTESIAN_POINT ( 'NONE',  ( -20.55879729457812743, 14.00000000000000355, 37.71392346040380517 ) ) ;
#2381 = CONICAL_SURFACE ( 'NONE', #2568, 26.99999999999998224, 0.7853981633974466137 ) ;
#2382 = CIRCLE ( 'NONE', #5510, 10.00000000000000355 ) ;
#2383 = CARTESIAN_POINT ( 'NONE',  ( -24.49639325174977600, 16.07061738046122912, 11.30354537814085880 ) ) ;
#2384 = DIRECTION ( 'NONE',  ( 0.6546536707079743111, 0.3779644730092238669, -0.6546536707079818607 ) ) ;
#2385 = ADVANCED_FACE ( 'NONE', ( #2981 ), #2415, .T. ) ;
#2386 = CARTESIAN_POINT ( 'NONE',  ( -9.198001808568449178, 0.5749999999999990674, 40.92500000000000426 ) ) ;
#2387 = VERTEX_POINT ( 'NONE', #1667 ) ;
#2388 = CIRCLE ( 'NONE', #4973, 2.000000000000001776 ) ;
#2389 = CIRCLE ( 'NONE', #5512, 4.999999999999997335 ) ;
#2390 = DIRECTION ( 'NONE',  ( 0.7071067811865482389, -0.7071067811865469066, 0.000000000000000000 ) ) ;
#2391 = CARTESIAN_POINT ( 'NONE',  ( -8.000000000000000000, -0.001000000000000132727, 56.89999999999999858 ) ) ;
#2392 = DIRECTION ( 'NONE',  ( 0.000000000000000000, -1.000000000000000000, 0.000000000000000000 ) ) ;
#2393 = EDGE_CURVE ( 'NONE', #143, #812, #1301, .T. ) ;
#2394 = CARTESIAN_POINT ( 'NONE',  ( -8.250000000000289546, 13.00000000000000000, -8.250000000000195399 ) ) ;
#2395 = CARTESIAN_POINT ( 'NONE',  ( -17.30004599053139458, 7.219599468096621564, 50.27895171062230872 ) ) ;
#2396 = APPROVAL_DATE_TIME ( #3253, #2231 ) ;
#2397 = ORIENTED_EDGE ( 'NONE', *, *, #2490, .F. ) ;
#2398 = B_SPLINE_CURVE_WITH_KNOTS ( 'NONE', 3,
 ( #3400, #4721, #34, #4270, #60, #3819, #840, #1310, #811, #2543, #386, #5110, #3049, #2990, #1737, #3463, #2185, #4238, #1282, #5504, #2098, #3882, #3020, #446, #3368, #900, #4299, #1222, #3787, #1762, #1339, #2599, #474, #782, #4185, #360, #2075, #1677, #5079, #5481, #1650, #5054, #1789, #1370, #4753, #2211, #3915, #92, #929, #2625 ),
 .UNSPECIFIED., .F., .F.,
 ( 4, 2, 2, 1, 1, 1, 2, 2, 2, 1, 1, 1, 2, 2, 2, 1, 1, 2, 2, 2, 1, 1, 2, 2, 2, 2, 1, 1, 2, 2, 4 ),
 ( 0.000000000000000000, 0.06250000000000220657, 0.09375000000000208167, 0.1093750000000005274, 0.1171875000000029282, 0.1210937500000041217, 0.1230468750000047184, 0.1250000000000053291, 0.1875000000000353884, 0.2187500000000492939, 0.2343750000000562606, 0.2421875000000597300, 0.2460937500000614786, 0.2500000000000632272, 0.3125000000000532907, 0.3437500000000472955, 0.3593750000000417999, 0.3671875000000405231, 0.3750000000000392464, 0.4375000000000285327, 0.4687500000000218159, 0.4843750000000184297, 0.4921875000000177081, 0.5000000000000169864, 0.6250000000000173195, 0.6875000000000152101, 0.7187500000000148770, 0.7343750000000146549, 0.7421875000000145439, 0.7500000000000144329, 1.000000000000000000 ),
 .UNSPECIFIED. ) ;
#2399 = ORIENTED_EDGE ( 'NONE', *, *, #2460, .T. ) ;
#2400 = DIRECTION ( 'NONE',  ( -0.000000000000000000, -1.000000000000000000, -0.000000000000000000 ) ) ;
#2401 = AXIS2_PLACEMENT_3D ( 'NONE', #2751, #3192, #288 ) ;
#2402 = CARTESIAN_POINT ( 'NONE',  ( -26.31783724519565837, 12.99999999999999467, 42.81783724519573298 ) ) ;
#2403 = ADVANCED_FACE ( 'NONE', ( #379 ), #2176, .F. ) ;
#2404 = CARTESIAN_POINT ( 'NONE',  ( -8.249999999999987566, 1.000000000000000888, 65.00000000000000000 ) ) ;
#2405 = ADVANCED_FACE ( 'NONE', ( #465, #3807 ), #1695, .T. ) ;
#2406 = CARTESIAN_POINT ( 'NONE',  ( -31.25000000000000000, 14.00000000000000000, 6.250000000000003553 ) ) ;
#2407 = CIRCLE ( 'NONE', #94, 3.500000000000003109 ) ;
#2408 = ORIENTED_EDGE ( 'NONE', *, *, #5164, .T. ) ;
#2409 = ORIENTED_EDGE ( 'NONE', *, *, #1495, .T. ) ;
#2410 = CARTESIAN_POINT ( 'NONE',  ( -10.56908573636229853, 13.91148798075243675, 37.14951371364312394 ) ) ;
#2411 = FACE_OUTER_BOUND ( 'NONE', #3704, .T. ) ;
#2412 = EDGE_CURVE ( 'NONE', #1792, #2597, #23, .T. ) ;
#2413 = CARTESIAN_POINT ( 'NONE',  ( -19.35658391821692348, 14.00000000000000355, 37.13321816190035207 ) ) ;
#2414 = VECTOR ( 'NONE', #5228, 1000.000000000000114 ) ;
#2415 = CONICAL_SURFACE ( 'NONE', #5085, 1.000000000000000888, 0.7853981633974496113 ) ;
#2416 = ORIENTED_EDGE ( 'NONE', *, *, #4130, .T. ) ;
#2417 = CARTESIAN_POINT ( 'NONE',  ( -41.08578643762678695, 13.00000000000000178, 24.58578643762667326 ) ) ;
#2418 = DIRECTION ( 'NONE',  ( -0.000000000000000000, 1.000000000000000000, -0.000000000000000000 ) ) ;
#2419 = DIRECTION ( 'NONE',  ( 0.000000000000000000, 0.000000000000000000, 1.000000000000000000 ) ) ;
#2420 = CARTESIAN_POINT ( 'NONE',  ( -25.75629717926289075, 16.18436811937788278, 7.740070141993210306 ) ) ;
#2421 = CARTESIAN_POINT ( 'NONE',  ( -33.89143527874139750, 13.25820099772552574, 48.97722171636826261 ) ) ;
#2422 = DIRECTION ( 'NONE',  ( -1.000000000000000000, 0.000000000000000000, 0.000000000000000000 ) ) ;
#2423 = ORIENTED_EDGE ( 'NONE', *, *, #483, .F. ) ;
#2424 = CARTESIAN_POINT ( 'NONE',  ( -29.85786437626905609, 7.360471904319302539, 49.99999999999997868 ) ) ;
#2425 = DIRECTION ( 'NONE',  ( -1.000000000000000000, 0.000000000000000000, 0.000000000000000000 ) ) ;
#2426 = CIRCLE ( 'NONE', #4554, 26.99999999999998224 ) ;
#2427 = ORIENTED_EDGE ( 'NONE', *, *, #5400, .T. ) ;
#2428 = ORIENTED_EDGE ( 'NONE', *, *, #4139, .F. ) ;
#2429 = EDGE_CURVE ( 'NONE', #3768, #4527, #2535, .T. ) ;
#2430 = DIRECTION ( 'NONE',  ( 0.000000000000000000, 0.000000000000000000, 1.000000000000000000 ) ) ;
#2431 = EDGE_CURVE ( 'NONE', #3973, #4231, #2590, .T. ) ;
#2432 = CARTESIAN_POINT ( 'NONE',  ( -10.39600361713691790, 1.800000000000000044, 42.99999999999999289 ) ) ;
#2433 = DIRECTION ( 'NONE',  ( 0.8660254037844389297, 0.000000000000000000, -0.4999999999999995559 ) ) ;
#2434 = EDGE_CURVE ( 'NONE', #3768, #5023, #268, .T. ) ;
#2435 = CARTESIAN_POINT ( 'NONE',  ( -101.4343284975548301, 13.25820099772552929, -18.56567150244517350 ) ) ;
#2436 = AXIS2_PLACEMENT_3D ( 'NONE', #918, #108, #2698 ) ;
#2437 = EDGE_LOOP ( 'NONE', ( #2734, #3032, #4115, #3239 ) ) ;
#2438 = LINE ( 'NONE', #1570, #1185 ) ;
#2439 = ORIENTED_EDGE ( 'NONE', *, *, #3869, .F. ) ;
#2440 = CARTESIAN_POINT ( 'NONE',  ( -34.45962095248823687, 8.000000000000000000, 10.41799039214540201 ) ) ;
#2441 = LINE ( 'NONE', #679, #4955 ) ;
#2442 = CARTESIAN_POINT ( 'NONE',  ( -21.06060815940531938, 14.00000000000000000, 37.96554221955553032 ) ) ;
#2443 = ORIENTED_EDGE ( 'NONE', *, *, #2656, .F. ) ;
#2444 = DIRECTION ( 'NONE',  ( 0.7071067811865475727, 0.000000000000000000, 0.7071067811865475727 ) ) ;
#2445 = DIRECTION ( 'NONE',  ( 0.000000000000000000, 0.000000000000000000, 1.000000000000000000 ) ) ;
#2446 = DIRECTION ( 'NONE',  ( 0.000000000000000000, 1.000000000000000000, 0.000000000000000000 ) ) ;
#2447 = CARTESIAN_POINT ( 'NONE',  ( -49.50000000000000000, 0.000000000000000000, 0.000000000000000000 ) ) ;
#2448 = CARTESIAN_POINT ( 'NONE',  ( -9.565277270678478772, 12.95639285048335232, 37.34197309806482679 ) ) ;
#2449 = CARTESIAN_POINT ( 'NONE',  ( -42.81783724519573298, 12.99999999999999822, 26.31783724519565126 ) ) ;
#2450 = VERTEX_POINT ( 'NONE', #81 ) ;
#2451 = DIRECTION ( 'NONE',  ( -0.000000000000000000, 0.7071067811865475727, -0.7071067811865475727 ) ) ;
#2452 = CARTESIAN_POINT ( 'NONE',  ( -6.249999999999991118, 17.78035457054157220, 31.25000000000000000 ) ) ;
#2453 = EDGE_LOOP ( 'NONE', ( #5513, #2938, #24, #5030, #2165 ) ) ;
#2454 = ORIENTED_EDGE ( 'NONE', *, *, #4000, .T. ) ;
#2455 = DIRECTION ( 'NONE',  ( -0.000000000000000000, 1.000000000000000000, -0.000000000000000000 ) ) ;
#2456 = EDGE_CURVE ( 'NONE', #1133, #5422, #3900, .T. ) ;
#2457 = EDGE_CURVE ( 'NONE', #447, #193, #861, .T. ) ;
#2458 = DIRECTION ( 'NONE',  ( 0.000000000000000000, 0.000000000000000000, 1.000000000000000000 ) ) ;
#2459 = CARTESIAN_POINT ( 'NONE',  ( -50.50000000000000000, 1.000000000000000888, 0.000000000000000000 ) ) ;
#2460 = EDGE_CURVE ( 'NONE', #2904, #4777, #3717, .T. ) ;
#2461 = CIRCLE ( 'NONE', #3435, 1.000000000000000888 ) ;
#2462 = EDGE_CURVE ( 'NONE', #4868, #3293, #4738, .T. ) ;
#2463 = ORIENTED_EDGE ( 'NONE', *, *, #897, .F. ) ;
#2464 = FACE_OUTER_BOUND ( 'NONE', #1417, .T. ) ;
#2465 = ORIENTED_EDGE ( 'NONE', *, *, #3695, .T. ) ;
#2466 = DIRECTION ( 'NONE',  ( -1.000000000000000000, 0.000000000000000000, -0.000000000000000000 ) ) ;
#2467 = FACE_OUTER_BOUND ( 'NONE', #3944, .T. ) ;
#2468 = B_SPLINE_CURVE_WITH_KNOTS ( 'NONE', 3,
 ( #1610, #770, #3723, #3277, #1211, #3305, #4986, #348, #3330, #2921, #5491, #428, #1663, #374, #4623, #851, #5014, #2448, #4678, #4652, #4224, #2506, #2087, #2111, #397, #3799, #4146, #321, #2032, #1183, #5519, #2223, #960, #1719, #3501, #1799, #5207, #71 ),
 .UNSPECIFIED., .F., .F.,
 ( 4, 2, 1, 2, 2, 2, 1, 2, 2, 2, 2, 2, 2, 2, 2, 2, 2, 2, 2, 4 ),
 ( 0.000000000000000000, 0.06250000000000292821, 0.09375000000000695277, 0.1093750000000103112, 0.1250000000000136835, 0.1875000000000193179, 0.2187500000000221212, 0.2343750000000235367, 0.2500000000000249245, 0.3125000000000278666, 0.3437500000000286993, 0.3750000000000295874, 0.4375000000000303091, 0.4687500000000311418, 0.5000000000000319744, 0.5625000000000275335, 0.6250000000000232037, 0.7500000000000153211, 0.8750000000000076605, 1.000000000000000000 ),
 .UNSPECIFIED. ) ;
#2469 = CARTESIAN_POINT ( 'NONE',  ( -52.45710678118696535, 8.000000000000000000, 67.54289321881373098 ) ) ;
#2470 = ORIENTED_EDGE ( 'NONE', *, *, #866, .T. ) ;
#2471 = CARTESIAN_POINT ( 'NONE',  ( -26.30025253169451815, 0.000000000000000000, 36.19974746830587264 ) ) ;
#2472 = CARTESIAN_POINT ( 'NONE',  ( -10.24999999999998934, 7.071796769724485898, 36.25000000000000000 ) ) ;
#2473 = CARTESIAN_POINT ( 'NONE',  ( -31.25000000000000000, 14.00000000000000000, 9.750000000000005329 ) ) ;
#2474 = EDGE_CURVE ( 'NONE', #3453, #5197, #4314, .T. ) ;
#2475 = LINE ( 'NONE', #2086, #3103 ) ;
#2476 = CARTESIAN_POINT ( 'NONE',  ( -38.98060390393963104, 13.72517105882027622, 21.51878028036952273 ) ) ;
#2477 = EDGE_CURVE ( 'NONE', #175, #2495, #1779, .T. ) ;
#2478 = CARTESIAN_POINT ( 'NONE',  ( -36.19974746830612844, 8.999999999999984013, 26.30025253169416288 ) ) ;
#2479 = AXIS2_PLACEMENT_3D ( 'NONE', #1623, #5078, #5480 ) ;
#2480 = EDGE_CURVE ( 'NONE', #1091, #2326, #3481, .T. ) ;
#2481 = VERTEX_POINT ( 'NONE', #2116 ) ;
#2482 = CARTESIAN_POINT ( 'NONE',  ( -14.82955037975999701, 7.071796769724486786, 50.96250727301813299 ) ) ;
#2483 = VECTOR ( 'NONE', #109, 1000.000000000000000 ) ;
#2484 = LINE ( 'NONE', #4597, #1523 ) ;
#2485 = AXIS2_PLACEMENT_3D ( 'NONE', #2067, #5075, #5131 ) ;
#2486 = VERTEX_POINT ( 'NONE', #1918 ) ;
#2487 = ORIENTED_EDGE ( 'NONE', *, *, #1910, .F. ) ;
#2488 = CARTESIAN_POINT ( 'NONE',  ( -36.19974746830612844, 8.999999999999984013, 26.30025253169416288 ) ) ;
#2489 = AXIS2_PLACEMENT_3D ( 'NONE', #643, #171, #219 ) ;
#2490 = EDGE_CURVE ( 'NONE', #4260, #3026, #5319, .T. ) ;
#2491 = ORIENTED_EDGE ( 'NONE', *, *, #5254, .F. ) ;
#2492 = CARTESIAN_POINT ( 'NONE',  ( -18.67956554368174338, 6.415643180469404072, 50.62408304923494740 ) ) ;
#2493 = DIRECTION ( 'NONE',  ( 0.4999999999999987788, -0.7071067811865423547, 0.5000000000000085487 ) ) ;
#2494 = VECTOR ( 'NONE', #3886, 1000.000000000000000 ) ;
#2495 = VERTEX_POINT ( 'NONE', #5237 ) ;
#2496 = DIRECTION ( 'NONE',  ( 0.000000000000000000, 0.000000000000000000, -1.000000000000000000 ) ) ;
#2497 = CARTESIAN_POINT ( 'NONE',  ( -15.51479984104245702, 6.080018613232356373, 51.69191236170727421 ) ) ;
#2498 = LINE ( 'NONE', #1318, #2325 ) ;
#2499 = AXIS2_PLACEMENT_3D ( 'NONE', #1511, #5335, #4915 ) ;
#2500 = CARTESIAN_POINT ( 'NONE',  ( -40.50000000000000711, 1.000000000000000888, -35.50000000000001421 ) ) ;
#2501 = ORIENTED_EDGE ( 'NONE', *, *, #1166, .F. ) ;
#2502 = LINE ( 'NONE', #1179, #1958 ) ;
#2503 = DIRECTION ( 'NONE',  ( 9.462128050782580924E-16, 0.000000000000000000, -1.000000000000000000 ) ) ;
#2504 = CARTESIAN_POINT ( 'NONE',  ( -35.82050807568059980, 14.00000000000000178, 16.49208095093421989 ) ) ;
#2505 = CARTESIAN_POINT ( 'NONE',  ( -22.90772602031837835, 13.55009369878974468, 39.92939361172229695 ) ) ;
#2506 = CARTESIAN_POINT ( 'NONE',  ( -9.703433481219793322, 12.92960576866749989, 37.52223009470064596 ) ) ;
#2507 = CARTESIAN_POINT ( 'NONE',  ( 8.473569116186476791, 33.80356338936143601, -19.58291019088983376 ) ) ;
#2508 = ORIENTED_EDGE ( 'NONE', *, *, #3073, .F. ) ;
#2509 = DIRECTION ( 'NONE',  ( 0.7071067811865457964, 0.000000000000000000, 0.7071067811865493491 ) ) ;
#2510 = DIRECTION ( 'NONE',  ( 0.000000000000000000, -0.7071067811865487940, -0.7071067811865463515 ) ) ;
#2511 = ORIENTED_EDGE ( 'NONE', *, *, #2155, .T. ) ;
#2512 = VERTEX_POINT ( 'NONE', #1832 ) ;
#2513 = DIRECTION ( 'NONE',  ( 0.000000000000000000, 0.000000000000000000, 1.000000000000000000 ) ) ;
#2514 = CIRCLE ( 'NONE', #724, 26.00000000000000355 ) ;
#2515 = ORIENTED_EDGE ( 'NONE', *, *, #2412, .F. ) ;
#2516 = CARTESIAN_POINT ( 'NONE',  ( -29.85786437626907741, 6.494446500534840183, 50.49999999999999289 ) ) ;
#2517 = CARTESIAN_POINT ( 'NONE',  ( -1.250000000000005773, -0.0009999999999992653654, 25.96993453977118094 ) ) ;
#2518 = ORIENTED_EDGE ( 'NONE', *, *, #2899, .T. ) ;
#2519 = CARTESIAN_POINT ( 'NONE',  ( -40.50000000000000711, 1.000000000000000888, 0.000000000000000000 ) ) ;
#2520 = DIRECTION ( 'NONE',  ( -0.7071067811865519026, 0.000000000000000000, -0.7071067811865432429 ) ) ;
#2521 = LINE ( 'NONE', #365, #4732 ) ;
#2522 = AXIS2_PLACEMENT_3D ( 'NONE', #259, #2418, #3245 ) ;
#2523 = ORIENTED_EDGE ( 'NONE', *, *, #2876, .F. ) ;
#2524 = EDGE_CURVE ( 'NONE', #1880, #5367, #2672, .T. ) ;
#2525 = CARTESIAN_POINT ( 'NONE',  ( -42.11073046400919395, 13.99999999999999822, 27.02494402638219384 ) ) ;
#2526 = DIRECTION ( 'NONE',  ( 0.000000000000000000, 1.000000000000000000, -0.000000000000000000 ) ) ;
#2527 = CARTESIAN_POINT ( 'NONE',  ( -38.77700118774183835, 13.76076094781926429, 21.21643507105438786 ) ) ;
#2528 = EDGE_CURVE ( 'NONE', #193, #4851, #1414, .T. ) ;
#2529 = PLANE ( 'NONE',  #2303 ) ;
#2530 = CARTESIAN_POINT ( 'NONE',  ( -38.79729360586557618, 13.75524479299923009, 21.24209078191277200 ) ) ;
#2531 = CARTESIAN_POINT ( 'NONE',  ( -33.44427911655126451, 7.015130072432480546, 50.87088504758153817 ) ) ;
#2532 = EDGE_LOOP ( 'NONE', ( #5117, #3069, #4272, #406 ) ) ;
#2533 = DIRECTION ( 'NONE',  ( 0.000000000000000000, -0.7071067811865493491, 0.7071067811865456854 ) ) ;
#2534 = CARTESIAN_POINT ( 'NONE',  ( -25.44149549867381310, 15.59098320646549851, 5.369433880491569333 ) ) ;
#2535 = LINE ( 'NONE', #4713, #1971 ) ;
#2536 =( BOUNDED_SURFACE ( )  B_SPLINE_SURFACE ( 3, 2, ( 
 ( #5315, #1096, #1490 ),
 ( #2772, #4502, #2797 ),
 ( #652, #2276, #2355 ),
 ( #3978, #680, #2379 ) ),
 .UNSPECIFIED., .F., .F., .F. ) 
 B_SPLINE_SURFACE_WITH_KNOTS ( ( 4, 4 ),
 ( 3, 3 ),
 ( 0.001737207379917117241, 0.003247326812148205056 ),
 ( 0.000000000000000000, 0.3188353265139073356 ),
 .UNSPECIFIED. ) 
 GEOMETRIC_REPRESENTATION_ITEM ( )  RATIONAL_B_SPLINE_SURFACE ( (
 ( 1.000000000000000000, 0.9967082581690613896, 0.9955155635010564108),
 ( 1.000000000000000000, 0.9948839904234128007, 0.9930303100144244333),
 ( 1.000000000000000000, 0.9923511007852253707, 0.9895796801276799393),
 ( 1.000000000000000000, 0.9891359496991836142, 0.9851995854482158421) ) ) 
 REPRESENTATION_ITEM ( '' )  SURFACE ( )  );
#2537 = ORIENTED_EDGE ( 'NONE', *, *, #4366, .T. ) ;
#2538 = ORIENTED_EDGE ( 'NONE', *, *, #3158, .F. ) ;
#2539 = CARTESIAN_POINT ( 'NONE',  ( -28.07069711559588754, 14.99307324083172510, 16.96135604089217708 ) ) ;
#2540 = CARTESIAN_POINT ( 'NONE',  ( -16.49208095094236626, 14.00000000000000000, 35.82050807568871420 ) ) ;
#2541 = ORIENTED_EDGE ( 'NONE', *, *, #3216, .F. ) ;
#2542 = CARTESIAN_POINT ( 'NONE',  ( -10.24999999999998934, 8.999999999999984013, 36.25000000000000000 ) ) ;
#2543 = CARTESIAN_POINT ( 'NONE',  ( -36.37573913239237555, 6.878639354481731694, 52.90429328945559462 ) ) ;
#2544 = ADVANCED_FACE ( 'NONE', ( #2699 ), #3167, .T. ) ;
#2545 = ORIENTED_EDGE ( 'NONE', *, *, #3754, .F. ) ;
#2546 = CARTESIAN_POINT ( 'NONE',  ( -7.813492794109308193, 8.000000000000000000, 25.84471571436608173 ) ) ;
#2547 = CARTESIAN_POINT ( 'NONE',  ( -15.59380825654533176, 6.083969229170913984, 51.65008274375716013 ) ) ;
#2548 = CARTESIAN_POINT ( 'NONE',  ( -41.00696622108164746, 8.741799002274481367, 57.50696622108150535 ) ) ;
#2549 = AXIS2_PLACEMENT_3D ( 'NONE', #3722, #1609, #3380 ) ;
#2550 = CIRCLE ( 'NONE', #3526, 3.999999999999982681 ) ;
#2551 = ORIENTED_EDGE ( 'NONE', *, *, #1655, .F. ) ;
#2552 = CARTESIAN_POINT ( 'NONE',  ( -40.67154084336511488, 13.39399968522609186, 23.91461716050787700 ) ) ;
#2553 = CARTESIAN_POINT ( 'NONE',  ( -66.12867965644024082, 8.000000000000000000, 52.45710678118662429 ) ) ;
#2554 = DIRECTION ( 'NONE',  ( -0.7071067811865507924, 0.000000000000000000, 0.7071067811865441310 ) ) ;
#2555 = DIRECTION ( 'NONE',  ( 0.7071067811865515695, -0.000000000000000000, 0.7071067811865434649 ) ) ;
#2556 = CARTESIAN_POINT ( 'NONE',  ( -38.20136426719088973, 13.84101964002209861, 20.32350853725125006 ) ) ;
#2557 = FACE_OUTER_BOUND ( 'NONE', #2916, .T. ) ;
#2558 = ORIENTED_EDGE ( 'NONE', *, *, #1023, .T. ) ;
#2559 = EDGE_CURVE ( 'NONE', #1019, #2750, #4400, .T. ) ;
#2560 = EDGE_LOOP ( 'NONE', ( #3021, #4588, #3821, #2209 ) ) ;
#2561 = CARTESIAN_POINT ( 'NONE',  ( -15.02047769253651488, 7.075833118742765215, 50.89201802681613884 ) ) ;
#2562 = CARTESIAN_POINT ( 'NONE',  ( -9.198001808568450954, 1.800000000000000044, 40.92500000000000426 ) ) ;
#2563 = DIRECTION ( 'NONE',  ( 0.000000000000000000, 0.000000000000000000, 1.000000000000000000 ) ) ;
#2564 = ORIENTED_EDGE ( 'NONE', *, *, #306, .T. ) ;
#2565 = ORIENTED_EDGE ( 'NONE', *, *, #1949, .F. ) ;
#2566 = LINE ( 'NONE', #3425, #3186 ) ;
#2567 = LINE ( 'NONE', #1334, #4524 ) ;
#2568 = AXIS2_PLACEMENT_3D ( 'NONE', #4891, #4049, #220 ) ;
#2569 = PLANE ( 'NONE',  #649 ) ;
#2570 = ORIENTED_EDGE ( 'NONE', *, *, #5394, .T. ) ;
#2571 = PLANE ( 'NONE',  #4794 ) ;
#2572 = CIRCLE ( 'NONE', #3275, 0.9999999999999731326 ) ;
#2573 = DIRECTION ( 'NONE',  ( 0.4999999999999995559, 0.000000000000000000, 0.8660254037844389297 ) ) ;
#2574 = EDGE_CURVE ( 'NONE', #2512, #4426, #3466, .T. ) ;
#2575 = VERTEX_POINT ( 'NONE', #3609 ) ;
#2576 = CARTESIAN_POINT ( 'NONE',  ( -32.82795725617297933, 6.320854168447183064, 50.95104727897276575 ) ) ;
#2577 = CARTESIAN_POINT ( 'NONE',  ( -42.13858945873505490, 13.11970337782568130, 25.61484781087525420 ) ) ;
#2578 = CONICAL_SURFACE ( 'NONE', #4722, 8.999999999999973355, 0.7853981633974457255 ) ;
#2579 = EDGE_LOOP ( 'NONE', ( #4358, #4680, #4070, #2727 ) ) ;
#2580 = CARTESIAN_POINT ( 'NONE',  ( -8.000000000000000000, 1.800000000000000044, 57.99999999999999289 ) ) ;
#2581 = FACE_OUTER_BOUND ( 'NONE', #1669, .T. ) ;
#2582 = FACE_OUTER_BOUND ( 'NONE', #4062, .T. ) ;
#2583 = ADVANCED_FACE ( 'NONE', ( #184, #3958, #2310 ), #629, .F. ) ;
#2584 = CARTESIAN_POINT ( 'NONE',  ( -38.50668862932763403, 14.00000000000000533, 22.09126974868839355 ) ) ;
#2585 = CARTESIAN_POINT ( 'NONE',  ( -36.83984966889671142, 6.852216414645512899, 53.34089004644962984 ) ) ;
#2586 = VERTEX_POINT ( 'NONE', #3984 ) ;
#2587 = ORIENTED_EDGE ( 'NONE', *, *, #2474, .F. ) ;
#2588 = CARTESIAN_POINT ( 'NONE',  ( -14.64368386385966225, 7.071796769724485898, 51.03589838486223584 ) ) ;
#2589 = CARTESIAN_POINT ( 'NONE',  ( -25.67395945439715277, 15.46789149764962090, 4.116854970548538439 ) ) ;
#2590 = LINE ( 'NONE', #3389, #2683 ) ;
#2591 = ORIENTED_EDGE ( 'NONE', *, *, #2460, .F. ) ;
#2592 = ORIENTED_EDGE ( 'NONE', *, *, #3782, .F. ) ;
#2593 = CARTESIAN_POINT ( 'NONE',  ( -23.03330386529854223, 12.89461043431571596, 40.41459088992161952 ) ) ;
#2594 = CARTESIAN_POINT ( 'NONE',  ( -7.249999999999992895, 8.000000000000000000, 36.25000000000000000 ) ) ;
#2595 = ADVANCED_FACE ( 'NONE', ( #134 ), #158, .F. ) ;
#2596 = EDGE_CURVE ( 'NONE', #4783, #4001, #4425, .T. ) ;
#2597 = VERTEX_POINT ( 'NONE', #5267 ) ;
#2598 = LINE ( 'NONE', #1704, #2039 ) ;
#2599 = CARTESIAN_POINT ( 'NONE',  ( -34.79947283725775264, 6.918739639950317155, 51.67503290242087388 ) ) ;
#2600 = CIRCLE ( 'NONE', #907, 10.00000000000000178 ) ;
#2601 = ORIENTED_EDGE ( 'NONE', *, *, #4856, .F. ) ;
#2602 = CARTESIAN_POINT ( 'NONE',  ( -34.23096704945859869, 6.391331345618689319, 51.50667106579020782 ) ) ;
#2603 = VECTOR ( 'NONE', #1203, 999.9999999999998863 ) ;
#2604 = ADVANCED_FACE ( 'NONE', ( #1442, #1496, #601 ), #2753, .T. ) ;
#2605 = VECTOR ( 'NONE', #4773, 1000.000000000000114 ) ;
#2606 = CARTESIAN_POINT ( 'NONE',  ( -42.30417055138428140, 13.09009379676511386, 25.79085224831973733 ) ) ;
#2607 = EDGE_LOOP ( 'NONE', ( #261, #135, #4324, #507 ) ) ;
#2608 = CARTESIAN_POINT ( 'NONE',  ( -11.24999999999994493, 8.000000000000000000, -8.131516293641246967E-15 ) ) ;
#2609 = CARTESIAN_POINT ( 'NONE',  ( -40.32886667852283580, 13.46410161513775527, 23.44782396324599816 ) ) ;
#2610 = DIRECTION ( 'NONE',  ( 0.000000000000000000, 0.000000000000000000, 1.000000000000000000 ) ) ;
#2611 = CARTESIAN_POINT ( 'NONE',  ( -36.18673555384409468, 6.703623751780098949, 52.75349459393562057 ) ) ;
#2612 = VECTOR ( 'NONE', #2182, 1000.000000000000000 ) ;
#2613 = VERTEX_POINT ( 'NONE', #4850 ) ;
#2614 = CARTESIAN_POINT ( 'NONE',  ( -24.66351171949024845, 15.99101263446645760, 8.396413310001607400 ) ) ;
#2615 = CARTESIAN_POINT ( 'NONE',  ( -29.85786437626907741, 6.494446500534840183, 50.49999999999999289 ) ) ;
#2616 = DIRECTION ( 'NONE',  ( 0.000000000000000000, -0.000000000000000000, -1.000000000000000000 ) ) ;
#2617 = EDGE_LOOP ( 'NONE', ( #3058, #97, #4831, #101 ) ) ;
#2618 = CARTESIAN_POINT ( 'NONE',  ( -7.249999999999992895, 14.00000000000000000, 35.24999999999997158 ) ) ;
#2619 = FACE_OUTER_BOUND ( 'NONE', #4995, .T. ) ;
#2620 = DIRECTION ( 'NONE',  ( 0.000000000000000000, 1.000000000000000000, 0.000000000000000000 ) ) ;
#2621 = FACE_OUTER_BOUND ( 'NONE', #838, .T. ) ;
#2622 = DIRECTION ( 'NONE',  ( -0.7071067811865475727, -0.000000000000000000, -0.7071067811865475727 ) ) ;
#2623 = VERTEX_POINT ( 'NONE', #1018 ) ;
#2624 = FACE_OUTER_BOUND ( 'NONE', #3254, .T. ) ;
#2625 = CARTESIAN_POINT ( 'NONE',  ( -31.85425168610960611, 7.255002243696456965, 50.18267881085579774 ) ) ;
#2626 = EDGE_CURVE ( 'NONE', #685, #1091, #2726, .T. ) ;
#2627 = EDGE_LOOP ( 'NONE', ( #1296, #4508, #4724, #1245 ) ) ;
#2628 = CARTESIAN_POINT ( 'NONE',  ( -32.09897744644936068, 6.348516860214519220, 50.75416017888510822 ) ) ;
#2629 = LINE ( 'NONE', #125, #4998 ) ;
#2630 = EDGE_CURVE ( 'NONE', #1755, #4236, #4888, .T. ) ;
#2631 = EDGE_CURVE ( 'NONE', #3428, #1497, #4340, .T. ) ;
#2632 = VERTEX_POINT ( 'NONE', #4791 ) ;
#2633 = DIRECTION ( 'NONE',  ( 0.000000000000000000, 0.000000000000000000, -1.000000000000000000 ) ) ;
#2634 = CARTESIAN_POINT ( 'NONE',  ( -35.82050807568872131, 14.00000000000000000, 16.49208095094233784 ) ) ;
#2635 = CARTESIAN_POINT ( 'NONE',  ( -34.64917758342595278, 6.925856294829687343, 51.57496927549620835 ) ) ;
#2636 = EDGE_LOOP ( 'NONE', ( #5234, #957, #2066, #1041 ) ) ;
#2637 = CIRCLE ( 'NONE', #3707, 2.000000000000000000 ) ;
#2638 = ADVANCED_FACE ( 'NONE', ( #967 ), #4369, .F. ) ;
#2639 = CARTESIAN_POINT ( 'NONE',  ( -24.88750402124150440, 15.88432475818448530, 7.524104172105012367 ) ) ;
#2640 = CARTESIAN_POINT ( 'NONE',  ( -51.08578643762508165, 6.266174572425278200, 34.58578643762508875 ) ) ;
#2641 = CARTESIAN_POINT ( 'NONE',  ( -10.24999999999998934, 6.071796769724454812, 60.50000000000000000 ) ) ;
#2642 = ORIENTED_EDGE ( 'NONE', *, *, #1259, .F. ) ;
#2643 = EDGE_CURVE ( 'NONE', #4818, #1507, #2550, .T. ) ;
#2644 = CARTESIAN_POINT ( 'NONE',  ( -3.133928571428580057, 14.00000000000000000, 26.81750345780131539 ) ) ;
#2645 = CARTESIAN_POINT ( 'NONE',  ( -8.000000000000000000, 1.800000000000000044, 44.09999999999999432 ) ) ;
#2646 = EDGE_CURVE ( 'NONE', #2041, #685, #2997, .T. ) ;
#2647 = FACE_OUTER_BOUND ( 'NONE', #2636, .T. ) ;
#2648 = CARTESIAN_POINT ( 'NONE',  ( -9.308782441416257214, 14.00000000000000000, 35.82050807568871420 ) ) ;
#2649 = DIRECTION ( 'NONE',  ( -0.000000000000000000, 1.000000000000000000, -0.000000000000000000 ) ) ;
#2650 = ORIENTED_EDGE ( 'NONE', *, *, #5153, .T. ) ;
#2651 = DIRECTION ( 'NONE',  ( 0.000000000000000000, 0.000000000000000000, -1.000000000000000000 ) ) ;
#2652 = CIRCLE ( 'NONE', #4522, 1.000000000000000888 ) ;
#2653 = ORIENTED_EDGE ( 'NONE', *, *, #509, .T. ) ;
#2654 = AXIS2_PLACEMENT_3D ( 'NONE', #4717, #1809, #3937 ) ;
#2655 = ORIENTED_EDGE ( 'NONE', *, *, #866, .F. ) ;
#2656 = EDGE_CURVE ( 'NONE', #5136, #4846, #2637, .T. ) ;
#2657 = CARTESIAN_POINT ( 'NONE',  ( -36.33112984828574099, 6.735541336577874461, 52.87783814694681439 ) ) ;
#2658 = COORDINATED_UNIVERSAL_TIME_OFFSET ( 8, 0, .AHEAD. ) ;
#2659 = AXIS2_PLACEMENT_3D ( 'NONE', #218, #3285, #3705 ) ;
#2660 = DIRECTION ( 'NONE',  ( -1.000000000000000000, 0.000000000000000000, 0.000000000000000000 ) ) ;
#2661 = VECTOR ( 'NONE', #3371, 1000.000000000000114 ) ;
#2662 = EDGE_LOOP ( 'NONE', ( #3540, #4397, #4134, #32 ) ) ;
#2663 = CARTESIAN_POINT ( 'NONE',  ( -7.450032361537409109, 12.98233251357311779, 36.25502624455103273 ) ) ;
#2664 = VECTOR ( 'NONE', #4188, 1000.000000000000000 ) ;
#2665 = EDGE_CURVE ( 'NONE', #524, #2041, #1928, .T. ) ;
#2666 = CARTESIAN_POINT ( 'NONE',  ( -37.06293234426300387, 14.00000000000000355, 19.20745767661824388 ) ) ;
#2667 = CARTESIAN_POINT ( 'NONE',  ( -36.00443553619002302, 14.05947143317388104, 18.14178980201047153 ) ) ;
#2668 = AXIS2_PLACEMENT_3D ( 'NONE', #4027, #3660, #201 ) ;
#2669 = ORIENTED_EDGE ( 'NONE', *, *, #4453, .T. ) ;
#2670 = CARTESIAN_POINT ( 'NONE',  ( -17.02032809431873162, 7.198568618158097010, 50.33517283789026209 ) ) ;
#2671 = CARTESIAN_POINT ( 'NONE',  ( -44.38668542139239293, 8.000000000000000000, 59.47247185901920830 ) ) ;
#2672 = LINE ( 'NONE', #3506, #5150 ) ;
#2673 = ORIENTED_EDGE ( 'NONE', *, *, #204, .T. ) ;
#2674 = CARTESIAN_POINT ( 'NONE',  ( -40.50000000000000711, 8.000000000000000000, -40.50000000000000711 ) ) ;
#2675 = CARTESIAN_POINT ( 'NONE',  ( -27.38855314062279334, 14.69302987964905860, 17.48905820401091304 ) ) ;
#2676 = VECTOR ( 'NONE', #133, 1000.000000000000114 ) ;
#2677 = DIRECTION ( 'NONE',  ( -0.7071067811865435759, 0.000000000000000000, 0.7071067811865515695 ) ) ;
#2678 = CARTESIAN_POINT ( 'NONE',  ( -29.85786437626907741, 6.494446500534840183, 50.49999999999999289 ) ) ;
#2679 = CARTESIAN_POINT ( 'NONE',  ( -22.39120246642145062, 13.62245305604628065, 39.56807170512336569 ) ) ;
#2680 = ORIENTED_EDGE ( 'NONE', *, *, #1341, .T. ) ;
#2681 = FACE_BOUND ( 'NONE', #308, .T. ) ;
#2682 = VECTOR ( 'NONE', #3266, 1000.000000000000000 ) ;
#2683 = VECTOR ( 'NONE', #1273, 1000.000000000000000 ) ;
#2684 = EDGE_LOOP ( 'NONE', ( #4311, #1508, #5229, #4945 ) ) ;
#2685 = CARTESIAN_POINT ( 'NONE',  ( -32.64757466269048081, 6.322715752293946778, 50.89618223556328758 ) ) ;
#2686 = COORDINATED_UNIVERSAL_TIME_OFFSET ( 8, 0, .AHEAD. ) ;
#2687 = CARTESIAN_POINT ( 'NONE',  ( -11.24999845417423927, 13.28310438964520657, 39.53987611596667051 ) ) ;
#2688 = VERTEX_POINT ( 'NONE', #2473 ) ;
#2689 = ORIENTED_EDGE ( 'NONE', *, *, #2886, .F. ) ;
#2690 = CARTESIAN_POINT ( 'NONE',  ( -26.30025253169451815, 12.99999999999996803, 36.19974746830587264 ) ) ;
#2691 = CARTESIAN_POINT ( 'NONE',  ( -37.11487707052223328, 13.99999999999999822, 19.31772933516377577 ) ) ;
#2692 = DIRECTION ( 'NONE',  ( 0.000000000000000000, -1.000000000000000000, 0.000000000000000000 ) ) ;
#2693 = VECTOR ( 'NONE', #3171, 1000.000000000000000 ) ;
#2694 = EDGE_CURVE ( 'NONE', #4760, #3703, #4903, .T. ) ;
#2695 = EDGE_LOOP ( 'NONE', ( #3005, #889, #5358, #2850, #3861, #2882 ) ) ;
#2696 = EDGE_CURVE ( 'NONE', #933, #5214, #2018, .T. ) ;
#2697 = DIRECTION ( 'NONE',  ( 0.000000000000000000, 1.000000000000000000, 0.000000000000000000 ) ) ;
#2698 = DIRECTION ( 'NONE',  ( 0.000000000000000000, 0.000000000000000000, 1.000000000000000000 ) ) ;
#2699 = FACE_OUTER_BOUND ( 'NONE', #5069, .T. ) ;
#2700 = ORIENTED_EDGE ( 'NONE', *, *, #2866, .F. ) ;
#2701 = ORIENTED_EDGE ( 'NONE', *, *, #3238, .F. ) ;
#2702 = FACE_OUTER_BOUND ( 'NONE', #3398, .T. ) ;
#2703 = VECTOR ( 'NONE', #4675, 1000.000000000000114 ) ;
#2704 = CARTESIAN_POINT ( 'NONE',  ( -59.99999999999995737, -18.44756081437316908, 60.00000000000000711 ) ) ;
#2705 = CARTESIAN_POINT ( 'NONE',  ( 0.000000000000000000, 8.000000000000000000, 0.000000000000000000 ) ) ;
#2706 = CC_DESIGN_DATE_AND_TIME_ASSIGNMENT ( #1617, #4125, ( #793 ) ) ;
#2707 = CARTESIAN_POINT ( 'NONE',  ( -18.40613622426586105, 7.277204049390001650, 50.14447177281470402 ) ) ;
#2708 = AXIS2_PLACEMENT_3D ( 'NONE', #2791, #198, #5309 ) ;
#2709 = EDGE_LOOP ( 'NONE', ( #90, #82, #2423, #1402 ) ) ;
#2710 = CARTESIAN_POINT ( 'NONE',  ( -7.524104172105265498, 8.999999999999984013, 24.88750402124142980 ) ) ;
#2711 = VERTEX_POINT ( 'NONE', #2386 ) ;
#2712 = CARTESIAN_POINT ( 'NONE',  ( -40.50000000000000711, 8.000000000000000000, 40.49999999999999289 ) ) ;
#2713 = EDGE_CURVE ( 'NONE', #143, #5, #3173, .T. ) ;
#2714 = APPROVAL_DATE_TIME ( #5386, #5263 ) ;
#2715 = DIRECTION ( 'NONE',  ( 1.000000000000000000, 0.000000000000000000, 0.000000000000000000 ) ) ;
#2716 = EDGE_CURVE ( 'NONE', #3566, #239, #318, .T. ) ;
#2717 = EDGE_LOOP ( 'NONE', ( #3141, #2076, #2156, #5130, #3927, #722 ) ) ;
#2718 = VERTEX_POINT ( 'NONE', #657 ) ;
#2719 = CARTESIAN_POINT ( 'NONE',  ( -10.28905306223275318, 13.95853040732473538, 36.73754439088511248 ) ) ;
#2720 = B_SPLINE_SURFACE_WITH_KNOTS ( 'NONE', 1, 3, ( 
 ( #1210, #769, #4197, #1662, #5437, #5041, #1579, #347, #3352, #2920 ),
 ( #4622, #2505, #5066, #373, #3276, #2949, #4651, #3831, #5121, #3414 ) ),
 .UNSPECIFIED., .F., .F., .F.,
 ( 2, 2 ),
 ( 4, 2, 2, 2, 4 ),
 ( 0.000000000000000000, 1.000000000000000000 ),
 ( 0.000000000000000000, 0.002082844828718332601, 0.004165689657436665201, 0.006248534486154998235, 0.008331379314873330402 ),
 .UNSPECIFIED. ) ;
#2721 = CARTESIAN_POINT ( 'NONE',  ( -26.39788012254830463, 15.85412507775843238, 5.203251329534567482 ) ) ;
#2722 = DIRECTION ( 'NONE',  ( 0.000000000000000000, 0.000000000000000000, 1.000000000000000000 ) ) ;
#2723 = EDGE_LOOP ( 'NONE', ( #2601, #1347, #4646, #4219 ) ) ;
#2724 = CARTESIAN_POINT ( 'NONE',  ( 0.000000000000000000, 12.99999999999996625, 0.000000000000000000 ) ) ;
#2725 = CARTESIAN_POINT ( 'NONE',  ( -50.86939806251812968, 8.351429194722291172, 34.36939806251813678 ) ) ;
#2726 = LINE ( 'NONE', #523, #3185 ) ;
#2727 = ORIENTED_EDGE ( 'NONE', *, *, #935, .F. ) ;
#2728 = LINE ( 'NONE', #1976, #5511 ) ;
#2729 = CARTESIAN_POINT ( 'NONE',  ( -39.33693174160256945, 13.66231238586625452, 22.04666432239634233 ) ) ;
#2730 = CARTESIAN_POINT ( 'NONE',  ( -6.801998191431509966, 0.000000000000000000, 45.07499999999996732 ) ) ;
#2731 = VECTOR ( 'NONE', #4087, 1000.000000000000114 ) ;
#2732 = LINE ( 'NONE', #1391, #5282 ) ;
#2733 = CARTESIAN_POINT ( 'NONE',  ( -18.03856698242972456, 13.97436972493915164, 36.76946946841083985 ) ) ;
#2734 = ORIENTED_EDGE ( 'NONE', *, *, #3782, .T. ) ;
#2735 = DIRECTION ( 'NONE',  ( 0.000000000000000000, 0.000000000000000000, -1.000000000000000000 ) ) ;
#2736 = ORIENTED_EDGE ( 'NONE', *, *, #4479, .T. ) ;
#2737 = PLANE ( 'NONE',  #2489 ) ;
#2738 = DIRECTION ( 'NONE',  ( 0.000000000000000000, -0.7071067811865487940, -0.7071067811865463515 ) ) ;
#2739 = VECTOR ( 'NONE', #2400, 1000.000000000000000 ) ;
#2740 = CARTESIAN_POINT ( 'NONE',  ( -24.27084830630799317, 13.33771945994887176, 40.96511459515375009 ) ) ;
#2741 = EDGE_CURVE ( 'NONE', #3332, #4315, #57, .T. ) ;
#2742 = VERTEX_POINT ( 'NONE', #3246 ) ;
#2743 = AXIS2_PLACEMENT_3D ( 'NONE', #3931, #3533, #1385 ) ;
#2744 = AXIS2_PLACEMENT_3D ( 'NONE', #3843, #4633, #27 ) ;
#2745 = ORIENTED_EDGE ( 'NONE', *, *, #600, .F. ) ;
#2746 = CARTESIAN_POINT ( 'NONE',  ( -10.22835703528613926, 12.50935328480405673, 38.87837132299236487 ) ) ;
#2747 = AXIS2_PLACEMENT_3D ( 'NONE', #5424, #2101, #4640 ) ;
#2748 = CARTESIAN_POINT ( 'NONE',  ( -24.88750402124151506, 15.88432475819168133, -7.524104172104959964 ) ) ;
#2749 = CARTESIAN_POINT ( 'NONE',  ( -35.82050807568872131, 14.00000000000000000, 16.49208095094233784 ) ) ;
#2750 = VERTEX_POINT ( 'NONE', #1526 ) ;
#2751 = CARTESIAN_POINT ( 'NONE',  ( -10.41799039214575195, 14.00000000000000000, 34.45962095248813029 ) ) ;
#2752 = CARTESIAN_POINT ( 'NONE',  ( -10.41799039214575195, 14.00000000000000000, 25.45962095248815871 ) ) ;
#2753 = PLANE ( 'NONE',  #2743 ) ;
#2754 = VERTEX_POINT ( 'NONE', #4507 ) ;
#2755 = CARTESIAN_POINT ( 'NONE',  ( -36.19974746830612844, 0.000000000000000000, 26.30025253169416288 ) ) ;
#2756 = CARTESIAN_POINT ( 'NONE',  ( -35.50000000000001421, 8.000000000000000000, 35.50000000000000711 ) ) ;
#2757 = FACE_OUTER_BOUND ( 'NONE', #3700, .T. ) ;
#2758 = VECTOR ( 'NONE', #2466, 1000.000000000000000 ) ;
#2759 = LINE ( 'NONE', #4095, #1621 ) ;
#2760 = CARTESIAN_POINT ( 'NONE',  ( -16.49208095094236626, 14.00000000000000000, 35.82050807568871420 ) ) ;
#2761 = ORIENTED_EDGE ( 'NONE', *, *, #4029, .T. ) ;
#2762 = LINE ( 'NONE', #1956, #2218 ) ;
#2763 = EDGE_CURVE ( 'NONE', #1775, #3357, #5405, .T. ) ;
#2764 = DIRECTION ( 'NONE',  ( -0.000000000000000000, -1.000000000000000000, -0.000000000000000000 ) ) ;
#2765 = EDGE_CURVE ( 'NONE', #2297, #4225, #290, .T. ) ;
#2766 = CARTESIAN_POINT ( 'NONE',  ( -2.250000000000020428, 14.00000000000000000, -1.139037830852774477E-15 ) ) ;
#2767 = CARTESIAN_POINT ( 'NONE',  ( -24.87537048323141065, 13.24137164651167353, 41.47318425869543290 ) ) ;
#2768 = VERTEX_POINT ( 'NONE', #2002 ) ;
#2769 = ADVANCED_FACE ( 'NONE', ( #2359 ), #4930, .T. ) ;
#2770 = ORIENTED_EDGE ( 'NONE', *, *, #3994, .F. ) ;
#2771 = DIRECTION ( 'NONE',  ( 1.000000000000000000, 0.000000000000000000, 0.000000000000000000 ) ) ;
#2772 = CARTESIAN_POINT ( 'NONE',  ( -18.03399077394243832, 7.319524183804055006, 50.07092353238653004 ) ) ;
#2773 = CARTESIAN_POINT ( 'NONE',  ( -20.31634163922326053, 14.00000000000000355, 37.59457813522418945 ) ) ;
#2774 = VECTOR ( 'NONE', #1899, 1000.000000000000000 ) ;
#2775 = CARTESIAN_POINT ( 'NONE',  ( -26.17103085525580752, 15.27295171827756626, 16.01369470000780382 ) ) ;
#2776 = LINE ( 'NONE', #2358, #2880 ) ;
#2777 = CARTESIAN_POINT ( 'NONE',  ( -50.50000000000000000, 7.071796769724485898, 0.000000000000000000 ) ) ;
#2778 = ORIENTED_EDGE ( 'NONE', *, *, #4635, .T. ) ;
#2779 = VECTOR ( 'NONE', #2975, 1000.000000000000114 ) ;
#2780 = PLANE ( 'NONE',  #4711 ) ;
#2781 = DIRECTION ( 'NONE',  ( 0.000000000000000000, 0.000000000000000000, -1.000000000000000000 ) ) ;
#2782 = DIRECTION ( 'NONE',  ( 0.000000000000000000, 0.000000000000000000, 1.000000000000000000 ) ) ;
#2783 = FACE_OUTER_BOUND ( 'NONE', #4006, .T. ) ;
#2784 = DIRECTION ( 'NONE',  ( -0.000000000000000000, -1.000000000000000000, -0.000000000000000000 ) ) ;
#2785 = ORIENTED_EDGE ( 'NONE', *, *, #4673, .F. ) ;
#2786 = ORIENTED_EDGE ( 'NONE', *, *, #1774, .F. ) ;
#2787 = CARTESIAN_POINT ( 'NONE',  ( -26.77422700074706086, 14.98564451824648103, 16.83179116279713128 ) ) ;
#2788 = VECTOR ( 'NONE', #3930, 1000.000000000000000 ) ;
#2789 = CARTESIAN_POINT ( 'NONE',  ( -36.81062829739781250, 6.845003326761673001, 53.31062829739778408 ) ) ;
#2790 = DIRECTION ( 'NONE',  ( 0.7071067811865512365, 0.000000000000000000, -0.7071067811865439090 ) ) ;
#2791 = CARTESIAN_POINT ( 'NONE',  ( -8.249999999999987566, 0.000000000000000000, 63.00000000000000000 ) ) ;
#2792 = EDGE_LOOP ( 'NONE', ( #4168, #5414, #3803, #5095, #3691, #1283 ) ) ;
#2793 = ORIENTED_EDGE ( 'NONE', *, *, #3465, .F. ) ;
#2794 = CARTESIAN_POINT ( 'NONE',  ( -11.22114271371510696, 13.45483698311464238, 39.08049365528535901 ) ) ;
#2795 = CARTESIAN_POINT ( 'NONE',  ( -39.58304597993990370, 14.00000000000000000, 23.92569546939779102 ) ) ;
#2796 = ADVANCED_FACE ( 'NONE', ( #768 ), #1607, .F. ) ;
#2797 = CARTESIAN_POINT ( 'NONE',  ( -18.00594719503738972, 7.214773044520604195, 50.27844735842523960 ) ) ;
#2798 = CARTESIAN_POINT ( 'NONE',  ( -21.48502803728390020, 14.00000000000000178, 38.18416319396183667 ) ) ;
#2799 = CARTESIAN_POINT ( 'NONE',  ( -3.250000000000009770, 14.00000000000000000, 35.24999999999997158 ) ) ;
#2800 = CARTESIAN_POINT ( 'NONE',  ( -5.924999999999996270, 1.800000000000000044, 59.19800180856847049 ) ) ;
#2801 = CARTESIAN_POINT ( 'NONE',  ( -17.48905820401119371, 8.999999999999984013, 27.38855314062262281 ) ) ;
#2802 = EDGE_LOOP ( 'NONE', ( #3760, #61, #3883, #3336 ) ) ;
#2803 = LINE ( 'NONE', #4510, #4256 ) ;
#2804 = DIRECTION ( 'NONE',  ( -0.7071067811865512365, 0.000000000000000000, 0.7071067811865439090 ) ) ;
#2805 = DIRECTION ( 'NONE',  ( -5.062390359345617340E-16, 0.000000000000000000, 1.000000000000000000 ) ) ;
#2806 = AXIS2_PLACEMENT_3D ( 'NONE', #2283, #3986, #161 ) ;
#2807 = EDGE_CURVE ( 'NONE', #5320, #560, #1074, .T. ) ;
#2808 = PERSON ( 'æœª', 'æœª', 'æœª', ('æœª'), ('æœª'), ('æœª') ) ;
#2809 = CYLINDRICAL_SURFACE ( 'NONE', #2250, 26.00000000000000355 ) ;
#2810 = EDGE_CURVE ( 'NONE', #1643, #411, #4061, .T. ) ;
#2811 = LINE ( 'NONE', #4514, #4105 ) ;
#2812 = ORIENTED_EDGE ( 'NONE', *, *, #2524, .T. ) ;
#2813 = VECTOR ( 'NONE', #1266, 1000.000000000000114 ) ;
#2814 = EDGE_LOOP ( 'NONE', ( #2736, #2186, #1552, #3012 ) ) ;
#2815 = CARTESIAN_POINT ( 'NONE',  ( -51.75000000000005684, 0.000000000000000000, 65.42157287525370180 ) ) ;
#2816 = AXIS2_PLACEMENT_3D ( 'NONE', #1349, #3060, #4762 ) ;
#2817 = CARTESIAN_POINT ( 'NONE',  ( -9.198001808568456283, 0.000000000000000000, 45.07499999999996732 ) ) ;
#2818 = CARTESIAN_POINT ( 'NONE',  ( 0.000000000000000000, -31.94526568992657545, 65.00000000000000000 ) ) ;
#2819 = CARTESIAN_POINT ( 'NONE',  ( -25.54803376496498046, 13.13087311712102512, 42.07641499582306466 ) ) ;
#2820 = ORIENTED_EDGE ( 'NONE', *, *, #5025, .F. ) ;
#2821 = ORIENTED_EDGE ( 'NONE', *, *, #3056, .F. ) ;
#2822 = CARTESIAN_POINT ( 'NONE',  ( -10.67527384335730112, 13.88492026353272024, 37.33457750226645544 ) ) ;
#2823 = LINE ( 'NONE', #2353, #857 ) ;
#2824 = CARTESIAN_POINT ( 'NONE',  ( -53.16421356237315621, 1.000000000000000222, 66.83578643762680827 ) ) ;
#2825 = VECTOR ( 'NONE', #3233, 999.9999999999998863 ) ;
#2826 = AXIS2_PLACEMENT_3D ( 'NONE', #865, #55, #5163 ) ;
#2827 = EDGE_CURVE ( 'NONE', #2192, #1220, #64, .T. ) ;
#2828 = CARTESIAN_POINT ( 'NONE',  ( -24.70738131840077045, 15.97011881007441225, 12.63305400316472316 ) ) ;
#2829 = FACE_OUTER_BOUND ( 'NONE', #3375, .T. ) ;
#2830 = DIRECTION ( 'NONE',  ( 1.000000000000000000, 0.000000000000000000, 7.228014483236699514E-16 ) ) ;
#2831 = EDGE_CURVE ( 'NONE', #1527, #1992, #1395, .T. ) ;
#2832 = VECTOR ( 'NONE', #4037, 1000.000000000000000 ) ;
#2833 = CARTESIAN_POINT ( 'NONE',  ( -46.30460929724407748, 14.00000000000000000, 31.21882285961711290 ) ) ;
#2834 = CARTESIAN_POINT ( 'NONE',  ( 35.50000000000000711, 0.000000000000000000, 41.49999999999999289 ) ) ;
#2835 = CARTESIAN_POINT ( 'NONE',  ( -17.52390672112932535, 7.236416397779155574, 50.23395211077626499 ) ) ;
#2836 = VERTEX_POINT ( 'NONE', #5378 ) ;
#2837 = CARTESIAN_POINT ( 'NONE',  ( -7.249999999999992895, 8.000000000000000000, 35.25000000000001421 ) ) ;
#2838 = ADVANCED_FACE ( 'NONE', ( #1265 ), #5306, .T. ) ;
#2839 = CARTESIAN_POINT ( 'NONE',  ( -17.83168678521635542, 7.250451003807891759, 50.20247902016463115 ) ) ;
#2840 = ORIENTED_EDGE ( 'NONE', *, *, #336, .T. ) ;
#2841 = VECTOR ( 'NONE', #2851, 1000.000000000000000 ) ;
#2842 = ORIENTED_EDGE ( 'NONE', *, *, #5035, .F. ) ;
#2843 = LINE ( 'NONE', #4543, #5058 ) ;
#2844 = AXIS2_PLACEMENT_3D ( 'NONE', #2971, #1232, #1320 ) ;
#2845 = CARTESIAN_POINT ( 'NONE',  ( -51.04289321881352492, 0.000000000000000000, 66.12867965644025503 ) ) ;
#2846 = CARTESIAN_POINT ( 'NONE',  ( -66.83578643762680827, 6.999999999999999112, 50.33578643762699301 ) ) ;
#2847 = CARTESIAN_POINT ( 'NONE',  ( -24.98965002340981201, 13.22289190059129638, 41.57229123804049209 ) ) ;
#2848 = ORIENTED_EDGE ( 'NONE', *, *, #1486, .T. ) ;
#2849 = DIRECTION ( 'NONE',  ( 0.000000000000000000, -1.000000000000000000, 0.000000000000000000 ) ) ;
#2850 = ORIENTED_EDGE ( 'NONE', *, *, #5429, .T. ) ;
#2851 = DIRECTION ( 'NONE',  ( 0.000000000000000000, 1.000000000000000000, 0.000000000000000000 ) ) ;
#2852 = CARTESIAN_POINT ( 'NONE',  ( -8.000000000000000000, 1.800000000000000044, 43.00000000000000000 ) ) ;
#2853 = CARTESIAN_POINT ( 'NONE',  ( -19.47975718999946082, 13.99999999999999822, 37.19149664783459031 ) ) ;
#2854 = CIRCLE ( 'NONE', #539, 2.000000000000001776 ) ;
#2855 = AXIS2_PLACEMENT_3D ( 'NONE', #3755, #269, #1585 ) ;
#2856 = B_SPLINE_CURVE_WITH_KNOTS ( 'NONE', 3,
 ( #5148, #2138, #3771, #2109 ),
 .UNSPECIFIED., .F., .F.,
 ( 4, 4 ),
 ( 0.000000000000000000, 1.000000000000000000 ),
 .UNSPECIFIED. ) ;
#2857 = VERTEX_POINT ( 'NONE', #3797 ) ;
#2858 = CARTESIAN_POINT ( 'NONE',  ( -10.25000000000000000, 6.473720558371137024, 49.53589838486222874 ) ) ;
#2859 = CARTESIAN_POINT ( 'NONE',  ( -8.000000000000000000, 1.800000000000000044, 43.00000000000000000 ) ) ;
#2860 = CARTESIAN_POINT ( 'NONE',  ( -31.25000000000032685, 8.999999999999984013, 31.25000000000002132 ) ) ;
#2861 = DIRECTION ( 'NONE',  ( 0.000000000000000000, 0.000000000000000000, -1.000000000000000000 ) ) ;
#2862 = CARTESIAN_POINT ( 'NONE',  ( -37.00516721531229791, 13.96001251228721607, 18.42011104868563720 ) ) ;
#2863 = DIRECTION ( 'NONE',  ( 0.000000000000000000, 0.000000000000000000, -1.000000000000000000 ) ) ;
#2864 = VECTOR ( 'NONE', #1558, 999.9999999999998863 ) ;
#2865 = EDGE_CURVE ( 'NONE', #2742, #1727, #2909, .T. ) ;
#2866 = EDGE_CURVE ( 'NONE', #4861, #4527, #1115, .T. ) ;
#2867 = ORIENTED_EDGE ( 'NONE', *, *, #816, .F. ) ;
#2868 = AXIS2_PLACEMENT_3D ( 'NONE', #1915, #5316, #2722 ) ;
#2869 = DIRECTION ( 'NONE',  ( -0.000000000000000000, 1.000000000000000000, -0.000000000000000000 ) ) ;
#2870 = CARTESIAN_POINT ( 'NONE',  ( -51.75000000000005684, 8.000000000000000000, 65.42157287525370180 ) ) ;
#2871 = VECTOR ( 'NONE', #4120, 1000.000000000000000 ) ;
#2872 = ORIENTED_EDGE ( 'NONE', *, *, #303, .F. ) ;
#2873 = ORIENTED_EDGE ( 'NONE', *, *, #2986, .T. ) ;
#2874 = CARTESIAN_POINT ( 'NONE',  ( -14.64368386385966225, 7.071796769724485898, 51.03589838486223584 ) ) ;
#2875 = ADVANCED_FACE ( 'NONE', ( #4619 ), #502, .T. ) ;
#2876 = EDGE_CURVE ( 'NONE', #3453, #4760, #2461, .T. ) ;
#2877 = LINE ( 'NONE', #50, #3374 ) ;
#2878 = DIRECTION ( 'NONE',  ( -0.8660254037844389297, 0.000000000000000000, 0.4999999999999995559 ) ) ;
#2879 = DIRECTION ( 'NONE',  ( 0.000000000000000000, -1.000000000000000000, -0.000000000000000000 ) ) ;
#2880 = VECTOR ( 'NONE', #1606, 1000.000000000000000 ) ;
#2881 = EDGE_CURVE ( 'NONE', #4426, #1912, #2856, .T. ) ;
#2882 = ORIENTED_EDGE ( 'NONE', *, *, #3316, .T. ) ;
#2883 = CARTESIAN_POINT ( 'NONE',  ( -60.17957864020576153, 7.000000000000003553, 43.67957864020586101 ) ) ;
#2884 = ORIENTED_EDGE ( 'NONE', *, *, #2352, .T. ) ;
#2885 = CARTESIAN_POINT ( 'NONE',  ( -20.24999999999998934, 7.071796769724485898, 51.03589838486223584 ) ) ;
#2886 = EDGE_CURVE ( 'NONE', #4751, #4136, #880, .T. ) ;
#2887 = CONICAL_SURFACE ( 'NONE', #1731, 8.999999999999973355, 0.7853981633974457255 ) ;
#2888 = DIRECTION ( 'NONE',  ( 0.000000000000000000, 1.000000000000000000, 0.000000000000000000 ) ) ;
#2889 = ADVANCED_FACE ( 'NONE', ( #70 ), #3615, .F. ) ;
#2890 = DIRECTION ( 'NONE',  ( 0.000000000000000000, 0.000000000000000000, -1.000000000000000000 ) ) ;
#2891 = ORIENTED_EDGE ( 'NONE', *, *, #3884, .T. ) ;
#2892 = FACE_OUTER_BOUND ( 'NONE', #3835, .T. ) ;
#2893 = DIRECTION ( 'NONE',  ( -0.000000000000000000, 1.000000000000000000, -0.000000000000000000 ) ) ;
#2894 = DIRECTION ( 'NONE',  ( -0.7071067811865485719, 0.7071067811865465735, -3.579650552106694263E-16 ) ) ;
#2895 = DIRECTION ( 'NONE',  ( 0.000000000000000000, 0.000000000000000000, -1.000000000000000000 ) ) ;
#2896 = CARTESIAN_POINT ( 'NONE',  ( -36.57958261827531032, 13.98676836331726570, 17.73156476983475116 ) ) ;
#2897 = CARTESIAN_POINT ( 'NONE',  ( -1.250000000000005773, 12.99999999999996625, 25.96993453977118094 ) ) ;
#2898 = ORIENTED_EDGE ( 'NONE', *, *, #1312, .T. ) ;
#2899 = EDGE_CURVE ( 'NONE', #2113, #2051, #146, .T. ) ;
#2900 = DIRECTION ( 'NONE',  ( -0.7071067811865439090, 0.000000000000000000, -0.7071067811865512365 ) ) ;
#2901 = DIRECTION ( 'NONE',  ( 0.000000000000000000, 0.000000000000000000, 1.000000000000000000 ) ) ;
#2902 = ORIENTED_EDGE ( 'NONE', *, *, #2456, .F. ) ;
#2903 = EDGE_CURVE ( 'NONE', #1544, #4472, #4704, .T. ) ;
#2904 = VERTEX_POINT ( 'NONE', #4676 ) ;
#2905 = DIRECTION ( 'NONE',  ( -1.000000000000000000, 0.000000000000000000, 0.000000000000000000 ) ) ;
#2906 = EDGE_LOOP ( 'NONE', ( #1423, #2399, #3849, #2251 ) ) ;
#2907 = CARTESIAN_POINT ( 'NONE',  ( -7.813492794109321515, 14.00000000000000000, 25.84471571436612436 ) ) ;
#2908 = CARTESIAN_POINT ( 'NONE',  ( -25.94566543225670330, 16.08689428764756002, 7.113704135908270665 ) ) ;
#2909 = CIRCLE ( 'NONE', #1568, 3.500000000000003109 ) ;
#2910 = ORIENTED_EDGE ( 'NONE', *, *, #1784, .T. ) ;
#2911 = DIRECTION ( 'NONE',  ( 0.3779644730092273641, 0.6546536707079770867, -0.6546536707079770867 ) ) ;
#2912 = CARTESIAN_POINT ( 'NONE',  ( -16.15931892928548308, 6.127112483040815683, 51.37495201378690979 ) ) ;
#2913 = CARTESIAN_POINT ( 'NONE',  ( -29.85786437626907741, 1.000000000000000888, 50.49999999999999289 ) ) ;
#2914 = ADVANCED_FACE ( 'NONE', ( #2582 ), #849, .F. ) ;
#2915 = LINE ( 'NONE', #4613, #4024 ) ;
#2916 = EDGE_LOOP ( 'NONE', ( #145, #4599, #5196 ) ) ;
#2917 = CARTESIAN_POINT ( 'NONE',  ( -41.15294070704210583, 13.99999999999999822, 26.01813799084502321 ) ) ;
#2918 = CARTESIAN_POINT ( 'NONE',  ( -31.25000000000032685, 12.99999999999996625, 38.25000000000002132 ) ) ;
#2919 = DIRECTION ( 'NONE',  ( 0.000000000000000000, 0.000000000000000000, 1.000000000000000000 ) ) ;
#2920 = CARTESIAN_POINT ( 'NONE',  ( -16.49208095095048421, 14.00000000000000178, 35.82050807569682860 ) ) ;
#2921 = CARTESIAN_POINT ( 'NONE',  ( -9.224532461208305278, 12.99053005848913500, 36.99046171941085959 ) ) ;
#2922 = CARTESIAN_POINT ( 'NONE',  ( -31.92194501152846442, 6.359784442504295754, 50.71206265449114170 ) ) ;
#2923 = CIRCLE ( 'NONE', #2122, 6.999999999999995559 ) ;
#2924 = VERTEX_POINT ( 'NONE', #4247 ) ;
#2925 = DIRECTION ( 'NONE',  ( 0.000000000000000000, -1.000000000000000000, 0.000000000000000000 ) ) ;
#2926 = AXIS2_PLACEMENT_3D ( 'NONE', #4009, #3144, #1891 ) ;
#2927 = CARTESIAN_POINT ( 'NONE',  ( -17.31393463119885467, 6.261954542374875921, 50.94073642218571507 ) ) ;
#2928 = CIRCLE ( 'NONE', #2485, 10.00000000000000178 ) ;
#2929 = VERTEX_POINT ( 'NONE', #425 ) ;
#2930 = ORIENTED_EDGE ( 'NONE', *, *, #1823, .T. ) ;
#2931 = CARTESIAN_POINT ( 'NONE',  ( -27.50221712534002450, 15.28568787943251728, 16.35313975815308041 ) ) ;
#2932 = CIRCLE ( 'NONE', #1224, 2.100000000000000977 ) ;
#2933 = EDGE_LOOP ( 'NONE', ( #2291, #2491, #2508, #5470 ) ) ;
#2934 = DIRECTION ( 'NONE',  ( 0.000000000000000000, 1.000000000000000000, 0.000000000000000000 ) ) ;
#2935 = DIRECTION ( 'NONE',  ( -0.000000000000000000, 1.000000000000000000, -0.000000000000000000 ) ) ;
#2936 = EDGE_CURVE ( 'NONE', #343, #411, #767, .T. ) ;
#2937 = EDGE_CURVE ( 'NONE', #110, #1171, #1770, .T. ) ;
#2938 = ORIENTED_EDGE ( 'NONE', *, *, #5274, .F. ) ;
#2939 = DIRECTION ( 'NONE',  ( 0.4999999999999976685, 0.7071067811865475727, 0.5000000000000024425 ) ) ;
#2940 = LINE ( 'NONE', #2023, #530 ) ;
#2941 = DIRECTION ( 'NONE',  ( 0.000000000000000000, -1.000000000000000000, 0.000000000000000000 ) ) ;
#2942 = VECTOR ( 'NONE', #4967, 1000.000000000000114 ) ;
#2943 = EDGE_CURVE ( 'NONE', #4542, #2204, #4155, .T. ) ;
#2944 = ORIENTED_EDGE ( 'NONE', *, *, #3265, .T. ) ;
#2945 = DIRECTION ( 'NONE',  ( 0.000000000000000000, 0.000000000000000000, 1.000000000000000000 ) ) ;
#2946 = CARTESIAN_POINT ( 'NONE',  ( -26.51386362978241706, 15.79442469668135907, 5.234297054614376776 ) ) ;
#2947 = CARTESIAN_POINT ( 'NONE',  ( -35.82050807568872131, 13.99999999999999822, 16.49208095094234494 ) ) ;
#2948 = VECTOR ( 'NONE', #5364, 1000.000000000000000 ) ;
#2949 = CARTESIAN_POINT ( 'NONE',  ( -19.46825564440210599, 13.90817628610584933, 37.65629844733567921 ) ) ;
#2950 = CARTESIAN_POINT ( 'NONE',  ( -37.39848722118023971, 13.92951560068586936, 19.05315721461635903 ) ) ;
#2951 = VECTOR ( 'NONE', #1357, 1000.000000000000000 ) ;
#2952 = DIRECTION ( 'NONE',  ( 0.000000000000000000, 0.000000000000000000, -1.000000000000000000 ) ) ;
#2953 = EDGE_LOOP ( 'NONE', ( #1535, #5222, #328, #4365 ) ) ;
#2954 = CARTESIAN_POINT ( 'NONE',  ( -29.85786437626907741, 14.00000000000000000, 60.50000000000000000 ) ) ;
#2955 = DIRECTION ( 'NONE',  ( 0.000000000000000000, 1.000000000000000000, 0.000000000000000000 ) ) ;
#2956 = ORIENTED_EDGE ( 'NONE', *, *, #2457, .T. ) ;
#2957 = ORIENTED_EDGE ( 'NONE', *, *, #3394, .T. ) ;
#2958 = DIRECTION ( 'NONE',  ( -5.062390359345617340E-16, 0.000000000000000000, 1.000000000000000000 ) ) ;
#2959 = VECTOR ( 'NONE', #4747, 1000.000000000000000 ) ;
#2960 = DIRECTION ( 'NONE',  ( -0.5000000000000003331, 0.000000000000000000, 0.8660254037844384856 ) ) ;
#2961 = ORIENTED_EDGE ( 'NONE', *, *, #4335, .F. ) ;
#2962 = CARTESIAN_POINT ( 'NONE',  ( -31.25000000000000000, 0.000000000000000000, 8.350000000000004974 ) ) ;
#2963 = LINE ( 'NONE', #2158, #116 ) ;
#2964 = CONICAL_SURFACE ( 'NONE', #2255, 11.00000000000000355, 0.7853981633974491672 ) ;
#2965 = VERTEX_POINT ( 'NONE', #2795 ) ;
#2966 = DIRECTION ( 'NONE',  ( 0.000000000000000000, 0.000000000000000000, -1.000000000000000000 ) ) ;
#2967 = CARTESIAN_POINT ( 'NONE',  ( -15.15334896714515978, 6.071796769724456588, 51.89627125896569027 ) ) ;
#2968 = CARTESIAN_POINT ( 'NONE',  ( -6.249999999999991118, 11.00000000000000000, 31.25000000000000000 ) ) ;
#2969 = EDGE_CURVE ( 'NONE', #524, #4236, #2441, .T. ) ;
#2970 = ORIENTED_EDGE ( 'NONE', *, *, #76, .F. ) ;
#2971 = CARTESIAN_POINT ( 'NONE',  ( -59.29289321881341124, 0.000000000000000000, 59.29289321881346098 ) ) ;
#2972 = FACE_OUTER_BOUND ( 'NONE', #4693, .T. ) ;
#2973 = CARTESIAN_POINT ( 'NONE',  ( -3.250000000000009770, 14.00000000000000000, 34.24999999999999289 ) ) ;
#2974 = CARTESIAN_POINT ( 'NONE',  ( 0.000000000000000000, 0.000000000000000000, 64.00000000000000000 ) ) ;
#2975 = DIRECTION ( 'NONE',  ( -0.5000000000000004441, 0.000000000000000000, 0.8660254037844383745 ) ) ;
#2976 = CARTESIAN_POINT ( 'NONE',  ( -36.83754154068331843, 6.874419185364729401, 53.33830448422393289 ) ) ;
#2977 = ORIENTED_EDGE ( 'NONE', *, *, #3494, .T. ) ;
#2978 = ORIENTED_EDGE ( 'NONE', *, *, #5429, .F. ) ;
#2979 = FACE_OUTER_BOUND ( 'NONE', #951, .T. ) ;
#2980 = CARTESIAN_POINT ( 'NONE',  ( -6.249999999999991118, 0.000000000000000000, 33.34999999999999432 ) ) ;
#2981 = FACE_OUTER_BOUND ( 'NONE', #3778, .T. ) ;
#2982 = EDGE_LOOP ( 'NONE', ( #2551, #1955, #2443, #4810, #602 ) ) ;
#2983 = EDGE_LOOP ( 'NONE', ( #1665, #2785, #432, #2872 ) ) ;
#2984 = FACE_OUTER_BOUND ( 'NONE', #422, .T. ) ;
#2985 = CARTESIAN_POINT ( 'NONE',  ( -46.30460929724407038, 14.00000000000000000, 31.21882285961712356 ) ) ;
#2986 = EDGE_CURVE ( 'NONE', #4426, #1643, #2823, .T. ) ;
#2987 = CARTESIAN_POINT ( 'NONE',  ( -35.50000000000001421, 0.000000000000000000, 41.50000000000000000 ) ) ;
#2988 = ORIENTED_EDGE ( 'NONE', *, *, #401, .T. ) ;
#2989 = CARTESIAN_POINT ( 'NONE',  ( -6.801998191431509966, 1.800000000000000044, 45.07499999999996732 ) ) ;
#2990 = CARTESIAN_POINT ( 'NONE',  ( -36.15921859986988096, 6.881188365681514263, 52.71273069500261244 ) ) ;
#2991 = VERTEX_POINT ( 'NONE', #284 ) ;
#2992 = ADVANCED_FACE ( 'NONE', ( #4499 ), #3242, .F. ) ;
#2993 = CARTESIAN_POINT ( 'NONE',  ( -33.10407383197295417, 6.322768816717158735, 51.04150956021127428 ) ) ;
#2994 = CARTESIAN_POINT ( 'NONE',  ( -51.04289321881353914, 0.000000000000000000, 66.12867965644026924 ) ) ;
#2995 = CARTESIAN_POINT ( 'NONE',  ( -41.26154335534850048, 13.28104772491455954, 24.62876885563776952 ) ) ;
#2996 = CIRCLE ( 'NONE', #5223, 3.000000000000002665 ) ;
#2997 = CIRCLE ( 'NONE', #5314, 6.999999999999992006 ) ;
#2998 = ORIENTED_EDGE ( 'NONE', *, *, #5097, .F. ) ;
#2999 = CARTESIAN_POINT ( 'NONE',  ( -10.17894920819346360, 12.62795397797111718, 38.59919622701379893 ) ) ;
#3000 = DIRECTION ( 'NONE',  ( 0.000000000000000000, 0.000000000000000000, -1.000000000000000000 ) ) ;
#3001 = CARTESIAN_POINT ( 'NONE',  ( -22.49208095094240534, 14.39230484541327826, 41.82050807568869288 ) ) ;
#3002 = CARTESIAN_POINT ( 'NONE',  ( -38.51582070314568540, 14.00000000000000355, 22.10808659516335339 ) ) ;
#3003 = CARTESIAN_POINT ( 'NONE',  ( -36.81731324128458027, 6.846832570390186667, 53.31897901329625711 ) ) ;
#3004 = EDGE_CURVE ( 'NONE', #3534, #3629, #1601, .T. ) ;
#3005 = ORIENTED_EDGE ( 'NONE', *, *, #4793, .T. ) ;
#3006 = ORIENTED_EDGE ( 'NONE', *, *, #3972, .F. ) ;
#3007 = ADVANCED_FACE ( 'NONE', ( #705 ), #4585, .T. ) ;
#3008 = CARTESIAN_POINT ( 'NONE',  ( -59.99999999999995737, 6.999999999999999112, 60.00000000000000711 ) ) ;
#3009 = DIRECTION ( 'NONE',  ( 0.000000000000000000, 0.000000000000000000, 1.000000000000000000 ) ) ;
#3010 = DIRECTION ( 'NONE',  ( -0.4999999999999988898, -0.7071067811865491270, 0.4999999999999988898 ) ) ;
#3011 = ORIENTED_EDGE ( 'NONE', *, *, #3606, .T. ) ;
#3012 = ORIENTED_EDGE ( 'NONE', *, *, #1651, .F. ) ;
#3013 = CARTESIAN_POINT ( 'NONE',  ( -23.45156549505142252, 13.46923037811066415, 40.32808623940047710 ) ) ;
#3014 = DIRECTION ( 'NONE',  ( -0.7071067811865475727, 0.000000000000000000, -0.7071067811865475727 ) ) ;
#3015 = ADVANCED_FACE ( 'NONE', ( #2378 ), #5343, .F. ) ;
#3016 = AXIS2_PLACEMENT_3D ( 'NONE', #5193, #1394, #1369 ) ;
#3017 = PLANE ( 'NONE',  #2172 ) ;
#3018 = ORIENTED_EDGE ( 'NONE', *, *, #245, .F. ) ;
#3019 = CARTESIAN_POINT ( 'NONE',  ( -31.07285954787396065, 6.459310801132271074, 50.55535685065469664 ) ) ;
#3020 = CARTESIAN_POINT ( 'NONE',  ( -35.57141975113652421, 6.892033759347286903, 52.23184693501050901 ) ) ;
#3021 = ORIENTED_EDGE ( 'NONE', *, *, #378, .F. ) ;
#3022 = CARTESIAN_POINT ( 'NONE',  ( -32.19194329990821757, 6.342059170874355445, 50.77583937599764852 ) ) ;
#3023 = CARTESIAN_POINT ( 'NONE',  ( -16.86137189445092943, 6.205283532788037348, 51.09141374869706453 ) ) ;
#3024 = CARTESIAN_POINT ( 'NONE',  ( -41.36749495512562902, 13.26107889941831885, 24.75350097126357696 ) ) ;
#3025 = AXIS2_PLACEMENT_3D ( 'NONE', #2166, #3524, #2252 ) ;
#3026 = VERTEX_POINT ( 'NONE', #1519 ) ;
#3027 = CARTESIAN_POINT ( 'NONE',  ( -10.05391211045046340, 12.77390275446982670, 38.18208296631224385 ) ) ;
#3028 = CARTESIAN_POINT ( 'NONE',  ( -18.18552995421460849, 6.365723889342535635, 50.70264289499049681 ) ) ;
#3029 = DIRECTION ( 'NONE',  ( 1.000000000000000000, -1.734723475976805517E-15, 0.000000000000000000 ) ) ;
#3030 = CARTESIAN_POINT ( 'NONE',  ( -36.76141296200807318, 13.99999999999999822, 18.56054535828267049 ) ) ;
#3031 = CARTESIAN_POINT ( 'NONE',  ( -33.66662534650362915, 6.993834888533365657, 50.98815389457520553 ) ) ;
#3032 = ORIENTED_EDGE ( 'NONE', *, *, #5081, .F. ) ;
#3033 = DIRECTION ( 'NONE',  ( -0.7071067811865507924, 0.000000000000000000, 0.7071067811865441310 ) ) ;
#3034 = CARTESIAN_POINT ( 'NONE',  ( -27.02494402638218673, 14.00000000000000000, 42.11073046400918685 ) ) ;
#3035 = CARTESIAN_POINT ( 'NONE',  ( -51.75000000000005684, 1.000000000000000888, 65.42157287525370180 ) ) ;
#3036 = VERTEX_POINT ( 'NONE', #5458 ) ;
#3037 = AXIS2_PLACEMENT_3D ( 'NONE', #5443, #5412, #1616 ) ;
#3038 = ORIENTED_EDGE ( 'NONE', *, *, #2007, .F. ) ;
#3039 = EDGE_CURVE ( 'NONE', #2299, #2370, #3215, .T. ) ;
#3040 = CARTESIAN_POINT ( 'NONE',  ( -23.44782396324600526, 13.46410161513775527, 40.32886667852282869 ) ) ;
#3041 = DIRECTION ( 'NONE',  ( 1.000000000000000000, 0.000000000000000000, 0.000000000000000000 ) ) ;
#3042 = AXIS2_PLACEMENT_3D ( 'NONE', #3235, #1541, #2015 ) ;
#3043 = LINE ( 'NONE', #3074, #2774 ) ;
#3044 = DIRECTION ( 'NONE',  ( -1.000000000000000000, 0.000000000000000000, 0.000000000000000000 ) ) ;
#3045 = ADVANCED_FACE ( 'NONE', ( #2411 ), #1095, .T. ) ;
#3046 = EDGE_CURVE ( 'NONE', #4325, #1870, #4111, .T. ) ;
#3047 = VERTEX_POINT ( 'NONE', #2049 ) ;
#3048 = DIRECTION ( 'NONE',  ( -1.000000000000000000, 0.000000000000000000, 0.000000000000000000 ) ) ;
#3049 = CARTESIAN_POINT ( 'NONE',  ( -36.26145979347644754, 6.879891094106943328, 52.80167759878482059 ) ) ;
#3050 = AXIS2_PLACEMENT_3D ( 'NONE', #1159, #2869, #5126 ) ;
#3051 = EDGE_LOOP ( 'NONE', ( #3118, #3006, #1684, #1708 ) ) ;
#3052 = CARTESIAN_POINT ( 'NONE',  ( -33.82257889605474332, 6.355829117955525298, 51.31951704378796819 ) ) ;
#3053 = CONICAL_SURFACE ( 'NONE', #640, 11.00000000000002309, 0.7853981633974482790 ) ;
#3054 = CONICAL_SURFACE ( 'NONE', #2074, 1.000000000000018208, 0.7853981633974471688 ) ;
#3055 = CARTESIAN_POINT ( 'NONE',  ( 0.000000000000000000, 14.00000000000000000, 35.24999999999997158 ) ) ;
#3056 = EDGE_CURVE ( 'NONE', #3423, #3673, #4467, .T. ) ;
#3057 = EDGE_CURVE ( 'NONE', #2, #4472, #3661, .T. ) ;
#3058 = ORIENTED_EDGE ( 'NONE', *, *, #2191, .F. ) ;
#3059 = DIRECTION ( 'NONE',  ( 0.7071067811865507924, 0.000000000000000000, -0.7071067811865441310 ) ) ;
#3060 = DIRECTION ( 'NONE',  ( -0.000000000000000000, 1.000000000000000000, 0.000000000000000000 ) ) ;
#3061 = EDGE_CURVE ( 'NONE', #4128, #2214, #266, .T. ) ;
#3062 = CARTESIAN_POINT ( 'NONE',  ( -36.66702849456464008, 14.00000000000000000, 18.35552829993799406 ) ) ;
#3063 = FACE_OUTER_BOUND ( 'NONE', #4444, .T. ) ;
#3064 = VECTOR ( 'NONE', #1306, 1000.000000000000114 ) ;
#3065 = ORIENTED_EDGE ( 'NONE', *, *, #303, .T. ) ;
#3066 = CARTESIAN_POINT ( 'NONE',  ( -11.10806865990494430, 7.071796769724484122, 50.24744374457885243 ) ) ;
#3067 = CARTESIAN_POINT ( 'NONE',  ( -50.49999999999516120, 6.163935350101353627, 33.99999999999877787 ) ) ;
#3068 = CARTESIAN_POINT ( 'NONE',  ( -10.39600361713691790, 1.800000000000000044, 42.99999999999999289 ) ) ;
#3069 = ORIENTED_EDGE ( 'NONE', *, *, #935, .T. ) ;
#3070 = CARTESIAN_POINT ( 'NONE',  ( -52.50000000000000711, 5.917096231345234436, 33.17157287525382259 ) ) ;
#3071 = DIRECTION ( 'NONE',  ( -7.228014483236698528E-16, 0.000000000000000000, 1.000000000000000000 ) ) ;
#3072 = DIRECTION ( 'NONE',  ( -0.4999999999999995559, -0.7071067811865500152, -0.4999999999999970579 ) ) ;
#3073 = EDGE_CURVE ( 'NONE', #5, #4834, #1120, .T. ) ;
#3074 = CARTESIAN_POINT ( 'NONE',  ( -10.39600361713691790, 1.800000000000000044, 42.99999999999999289 ) ) ;
#3075 = CARTESIAN_POINT ( 'NONE',  ( -6.249999999999991118, 8.000000000000000000, 29.14999999999999858 ) ) ;
#3076 = ORIENTED_EDGE ( 'NONE', *, *, #3046, .F. ) ;
#3077 = LINE ( 'NONE', #1453, #1492 ) ;
#3078 = EDGE_LOOP ( 'NONE', ( #3261, #2873, #4036, #4380 ) ) ;
#3079 = CARTESIAN_POINT ( 'NONE',  ( -36.12050537626637947, 6.690434933177996868, 52.70363936177270148 ) ) ;
#3080 = CARTESIAN_POINT ( 'NONE',  ( -16.37379719632885866, 6.148765874507112983, 51.28128401192528685 ) ) ;
#3081 = CARTESIAN_POINT ( 'NONE',  ( -11.19671824696792228, 13.51383244435241515, 38.90208259352284159 ) ) ;
#3082 = AXIS2_PLACEMENT_3D ( 'NONE', #2674, #4770, #4373 ) ;
#3083 = ORIENTED_EDGE ( 'NONE', *, *, #3884, .F. ) ;
#3084 = CARTESIAN_POINT ( 'NONE',  ( -8.323131431732781138, 12.99486889536076717, 36.44674556485736616 ) ) ;
#3085 = VECTOR ( 'NONE', #5106, 1000.000000000000000 ) ;
#3086 = CARTESIAN_POINT ( 'NONE',  ( -38.03029734446358390, 14.00000000000000178, 21.18690205909144808 ) ) ;
#3087 = DIRECTION ( 'NONE',  ( -1.000000000000000000, 0.000000000000000000, 0.000000000000000000 ) ) ;
#3088 = VERTEX_POINT ( 'NONE', #2024 ) ;
#3089 = CARTESIAN_POINT ( 'NONE',  ( -16.60452376554417242, 7.166733660224327451, 50.42033194628693593 ) ) ;
#3090 = CARTESIAN_POINT ( 'NONE',  ( -50.45754514490884191, 6.411827487349947674, 33.95754514490760556 ) ) ;
#3091 = DIRECTION ( 'NONE',  ( -0.000000000000000000, 1.000000000000000000, -0.000000000000000000 ) ) ;
#3092 = EDGE_LOOP ( 'NONE', ( #2027, #4349 ) ) ;
#3093 = CARTESIAN_POINT ( 'NONE',  ( -3.017857142857148123, 8.999999999999984013, 25.82426258899382887 ) ) ;
#3094 = CARTESIAN_POINT ( 'NONE',  ( -18.56168710570483782, 13.88919696861373509, 37.54517987132566503 ) ) ;
#3095 = DIRECTION ( 'NONE',  ( 0.5000000000000012212, 0.000000000000000000, -0.8660254037844380415 ) ) ;
#3096 = CARTESIAN_POINT ( 'NONE',  ( -40.24625630250207564, 14.00000000000000000, 24.96095330752267927 ) ) ;
#3097 = CARTESIAN_POINT ( 'NONE',  ( -20.01900554557587242, 13.86537300933306049, 38.00699995026312195 ) ) ;
#3098 = ORIENTED_EDGE ( 'NONE', *, *, #3416, .T. ) ;
#3099 = LINE ( 'NONE', #949, #4075 ) ;
#3100 = VECTOR ( 'NONE', #3942, 1000.000000000000000 ) ;
#3101 = AXIS2_PLACEMENT_3D ( 'NONE', #4040, #4375, #214 ) ;
#3102 = CARTESIAN_POINT ( 'NONE',  ( -31.79264012153083030, 6.374932852663683924, 50.68819572804335394 ) ) ;
#3103 = VECTOR ( 'NONE', #1236, 1000.000000000000000 ) ;
#3104 = LINE ( 'NONE', #1847, #903 ) ;
#3105 = EDGE_CURVE ( 'NONE', #2613, #1870, #3323, .T. ) ;
#3106 = EDGE_CURVE ( 'NONE', #1792, #1544, #5006, .T. ) ;
#3107 = ORIENTED_EDGE ( 'NONE', *, *, #78, .F. ) ;
#3108 = ORIENTED_EDGE ( 'NONE', *, *, #4573, .T. ) ;
#3109 = CARTESIAN_POINT ( 'NONE',  ( -9.622535122437072985, 12.94658113987384596, 37.41327133654771586 ) ) ;
#3110 = CARTESIAN_POINT ( 'NONE',  ( -36.15700890291832792, 14.00000000000000000, 17.23675556776603557 ) ) ;
#3111 = CARTESIAN_POINT ( 'NONE',  ( -22.20739651236515755, 13.99999999999999467, 38.56998461346748286 ) ) ;
#3112 = VECTOR ( 'NONE', #5347, 1000.000000000000000 ) ;
#3113 = VERTEX_POINT ( 'NONE', #761 ) ;
#3114 = CARTESIAN_POINT ( 'NONE',  ( -47.01171607843063072, 4.000000000000000000, 30.51171607843058453 ) ) ;
#3115 = FACE_OUTER_BOUND ( 'NONE', #2802, .T. ) ;
#3116 = DIRECTION ( 'NONE',  ( 0.000000000000000000, 0.000000000000000000, 1.000000000000000000 ) ) ;
#3117 = ORIENTED_EDGE ( 'NONE', *, *, #5156, .F. ) ;
#3118 = ORIENTED_EDGE ( 'NONE', *, *, #1902, .T. ) ;
#3119 = CARTESIAN_POINT ( 'NONE',  ( -18.56821713334709756, 14.79146101653219247, 35.64509009060917322 ) ) ;
#3120 = DIRECTION ( 'NONE',  ( -0.8660254037844389297, 0.000000000000000000, 0.4999999999999995559 ) ) ;
#3121 = ADVANCED_FACE ( 'NONE', ( #2467 ), #4163, .F. ) ;
#3122 = DIRECTION ( 'NONE',  ( 0.000000000000000000, 0.000000000000000000, 1.000000000000000000 ) ) ;
#3123 = CARTESIAN_POINT ( 'NONE',  ( -18.52252209804991523, 7.281668584253867316, 50.13649135415843006 ) ) ;
#3124 = EDGE_CURVE ( 'NONE', #4542, #3391, #5086, .T. ) ;
#3125 = VERTEX_POINT ( 'NONE', #4727 ) ;
#3126 = LINE ( 'NONE', #928, #4437 ) ;
#3127 = VECTOR ( 'NONE', #4493, 1000.000000000000000 ) ;
#3128 = VECTOR ( 'NONE', #353, 1000.000000000000000 ) ;
#3129 = VERTEX_POINT ( 'NONE', #4670 ) ;
#3130 = CARTESIAN_POINT ( 'NONE',  ( -36.92893218813451739, 6.873681478297658742, 53.42893218813448186 ) ) ;
#3131 = DIRECTION ( 'NONE',  ( -0.6546536707079813056, -0.3779644730092244220, 0.6546536707079745332 ) ) ;
#3132 = VECTOR ( 'NONE', #377, 1000.000000000000000 ) ;
#3133 = ORIENTED_EDGE ( 'NONE', *, *, #490, .F. ) ;
#3134 = AXIS2_PLACEMENT_3D ( 'NONE', #3200, #1052, #663 ) ;
#3135 = VERTEX_POINT ( 'NONE', #5059 ) ;
#3136 = CARTESIAN_POINT ( 'NONE',  ( -10.53169346090492908, 13.91942500629840040, 37.08883763926516508 ) ) ;
#3137 = ADVANCED_FACE ( 'NONE', ( #3373, #3767 ), #1656, .T. ) ;
#3138 = LINE ( 'NONE', #4, #641 ) ;
#3139 = DIRECTION ( 'NONE',  ( 0.000000000000000000, 0.000000000000000000, 1.000000000000000000 ) ) ;
#3140 = VECTOR ( 'NONE', #3306, 1000.000000000000000 ) ;
#3141 = ORIENTED_EDGE ( 'NONE', *, *, #2876, .T. ) ;
#3142 = CARTESIAN_POINT ( 'NONE',  ( -16.93593069594925637, 6.214202105474223359, 51.05686247909027742 ) ) ;
#3143 = CARTESIAN_POINT ( 'NONE',  ( -9.973098516295356930, 0.05795224142892321101, 56.74316534238383269 ) ) ;
#3144 = DIRECTION ( 'NONE',  ( 0.000000000000000000, 0.000000000000000000, -1.000000000000000000 ) ) ;
#3145 = EDGE_LOOP ( 'NONE', ( #1295, #4516, #2225, #1241 ) ) ;
#3146 = DIRECTION ( 'NONE',  ( 0.000000000000000000, -1.000000000000000000, 0.000000000000000000 ) ) ;
#3147 = CARTESIAN_POINT ( 'NONE',  ( -51.08578643762690064, 5.917096231345234436, 34.58578643762690774 ) ) ;
#3148 = VECTOR ( 'NONE', #2384, 1000.000000000000000 ) ;
#3149 = FACE_OUTER_BOUND ( 'NONE', #2662, .T. ) ;
#3150 = DIRECTION ( 'NONE',  ( 0.000000000000000000, 1.000000000000000000, 0.000000000000000000 ) ) ;
#3151 = PLANE ( 'NONE',  #1701 ) ;
#3152 = EDGE_CURVE ( 'NONE', #3836, #3444, #845, .T. ) ;
#3153 = ORIENTED_EDGE ( 'NONE', *, *, #5016, .F. ) ;
#3154 = DIRECTION ( 'NONE',  ( -0.4999999999999992228, -0.7071067811865450192, -0.5000000000000044409 ) ) ;
#3155 = ORIENTED_EDGE ( 'NONE', *, *, #3039, .F. ) ;
#3156 = DIRECTION ( 'NONE',  ( 0.000000000000000000, 0.7071067811865465735, 0.7071067811865483499 ) ) ;
#3157 = CARTESIAN_POINT ( 'NONE',  ( -52.45710678118661008, 0.000000000000000000, 66.12867965644024082 ) ) ;
#3158 = EDGE_CURVE ( 'NONE', #794, #4846, #3907, .T. ) ;
#3159 = ORIENTED_EDGE ( 'NONE', *, *, #3179, .T. ) ;
#3160 = EDGE_LOOP ( 'NONE', ( #3809, #4839, #5108, #3529 ) ) ;
#3161 = CARTESIAN_POINT ( 'NONE',  ( -10.86082227934679345, 13.81866389387958449, 37.71743188004188596 ) ) ;
#3162 = CARTESIAN_POINT ( 'NONE',  ( -25.88335235722787431, 15.35701699568481970, -2.541004441021506022 ) ) ;
#3163 = CARTESIAN_POINT ( 'NONE',  ( -39.24186535368070139, 13.43742676067136088, 20.59770968453211282 ) ) ;
#3164 = EDGE_LOOP ( 'NONE', ( #567, #231, #1763, #4351 ) ) ;
#3165 = LINE ( 'NONE', #1889, #3112 ) ;
#3166 = LINE ( 'NONE', #2671, #2676 ) ;
#3167 = CYLINDRICAL_SURFACE ( 'NONE', #2926, 2.000000000000001776 ) ;
#3168 = ORIENTED_EDGE ( 'NONE', *, *, #2263, .F. ) ;
#3169 = DIRECTION ( 'NONE',  ( 0.000000000000000000, -0.000000000000000000, -1.000000000000000000 ) ) ;
#3170 = DIRECTION ( 'NONE',  ( 0.000000000000000000, -1.000000000000000000, 0.000000000000000000 ) ) ;
#3171 = DIRECTION ( 'NONE',  ( 0.000000000000000000, -1.000000000000000000, 0.000000000000000000 ) ) ;
#3172 = EDGE_CURVE ( 'NONE', #4912, #4714, #2498, .T. ) ;
#3173 = CIRCLE ( 'NONE', #4871, 2.000000000000001776 ) ;
#3174 = EDGE_CURVE ( 'NONE', #411, #519, #3471, .T. ) ;
#3175 = DIRECTION ( 'NONE',  ( 0.000000000000000000, 1.000000000000000000, 0.000000000000000000 ) ) ;
#3176 = DIRECTION ( 'NONE',  ( 0.000000000000000000, 0.000000000000000000, 1.000000000000000000 ) ) ;
#3177 = ORIENTED_EDGE ( 'NONE', *, *, #3792, .T. ) ;
#3178 = CARTESIAN_POINT ( 'NONE',  ( -25.37123055243381842, 16.38257409633074246, 11.02987199208124558 ) ) ;
#3179 = EDGE_CURVE ( 'NONE', #4098, #3968, #5509, .T. ) ;
#3180 = CARTESIAN_POINT ( 'NONE',  ( -31.25000000000032685, 0.000000000000000000, 31.25000000000002132 ) ) ;
#3181 = DIRECTION ( 'NONE',  ( 0.000000000000000000, -1.000000000000000000, 0.000000000000000000 ) ) ;
#3182 = VECTOR ( 'NONE', #1761, 1000.000000000000000 ) ;
#3183 = LINE ( 'NONE', #2348, #3410 ) ;
#3184 = EDGE_LOOP ( 'NONE', ( #4259, #855, #5009, #4495 ) ) ;
#3185 = VECTOR ( 'NONE', #2335, 1000.000000000000114 ) ;
#3186 = VECTOR ( 'NONE', #2958, 1000.000000000000000 ) ;
#3187 = ORIENTED_EDGE ( 'NONE', *, *, #1615, .F. ) ;
#3188 = CARTESIAN_POINT ( 'NONE',  ( -11.15526561092463709, 13.58661553107906528, 38.66690092049945804 ) ) ;
#3189 = AXIS2_PLACEMENT_3D ( 'NONE', #4273, #563, #2270 ) ;
#3190 = CARTESIAN_POINT ( 'NONE',  ( -26.78072956284130512, 15.65706035687101583, -2.613939434482835722 ) ) ;
#3191 = CARTESIAN_POINT ( 'NONE',  ( -23.17063327749362855, 14.00000000000000000, 39.11795350729193643 ) ) ;
#3192 = DIRECTION ( 'NONE',  ( -0.000000000000000000, 1.000000000000000000, -0.000000000000000000 ) ) ;
#3193 = CARTESIAN_POINT ( 'NONE',  ( -26.31783724519564416, 12.99999999999999822, 42.81783724519571876 ) ) ;
#3194 = DIRECTION ( 'NONE',  ( 0.000000000000000000, 1.000000000000000000, 0.000000000000000000 ) ) ;
#3195 = ORIENTED_EDGE ( 'NONE', *, *, #4579, .F. ) ;
#3196 = DIRECTION ( 'NONE',  ( 0.7071067811865453523, -0.7071067811865496822, 0.000000000000000000 ) ) ;
#3197 = DIRECTION ( 'NONE',  ( 0.000000000000000000, 1.000000000000000000, -0.000000000000000000 ) ) ;
#3198 = FACE_OUTER_BOUND ( 'NONE', #968, .T. ) ;
#3199 = LOCAL_TIME ( 15, 28, 33.00000000000000000, #2686 ) ;
#3200 = CARTESIAN_POINT ( 'NONE',  ( -35.50000000000001421, 0.000000000000000000, 35.50000000000000711 ) ) ;
#3201 = CARTESIAN_POINT ( 'NONE',  ( -22.94540387173245222, 13.54406909111976631, 39.95718849750566193 ) ) ;
#3202 = VERTEX_POINT ( 'NONE', #4190 ) ;
#3203 = VECTOR ( 'NONE', #22, 1000.000000000000000 ) ;
#3204 = EDGE_LOOP ( 'NONE', ( #1082, #1569, #3461, #5312, #2523 ) ) ;
#3205 = CARTESIAN_POINT ( 'NONE',  ( -46.30460929724407038, 14.00000000000000000, 31.21882285961712711 ) ) ;
#3206 = B_SPLINE_SURFACE_WITH_KNOTS ( 'NONE', 1, 3, ( 
 ( #796, #3350, #1716, #393 ),
 ( #3770, #3864, #3828, #4648 ) ),
 .UNSPECIFIED., .F., .F., .F.,
 ( 2, 2 ),
 ( 4, 4 ),
 ( 0.000000000000000000, 1.000000000000000000 ),
 ( 0.000000000000000000, 0.1576962344385331449 ),
 .UNSPECIFIED. ) ;
#3207 = FACE_OUTER_BOUND ( 'NONE', #2617, .T. ) ;
#3208 = EDGE_CURVE ( 'NONE', #2204, #3453, #2521, .T. ) ;
#3209 = DIRECTION ( 'NONE',  ( 0.000000000000000000, 0.000000000000000000, 1.000000000000000000 ) ) ;
#3210 = AXIS2_PLACEMENT_3D ( 'NONE', #2452, #3282, #3252 ) ;
#3211 = FACE_OUTER_BOUND ( 'NONE', #832, .T. ) ;
#3212 = ORIENTED_EDGE ( 'NONE', *, *, #2412, .T. ) ;
#3213 = ORIENTED_EDGE ( 'NONE', *, *, #2827, .T. ) ;
#3214 = CARTESIAN_POINT ( 'NONE',  ( -9.554598178851312795, 13.99851789861244988, 35.99765589002942079 ) ) ;
#3215 = LINE ( 'NONE', #4925, #1248 ) ;
#3216 = EDGE_CURVE ( 'NONE', #122, #4001, #4103, .T. ) ;
#3217 = CARTESIAN_POINT ( 'NONE',  ( -26.51735907581940310, 15.79262548000462374, 4.559437695465911489 ) ) ;
#3218 = CARTESIAN_POINT ( 'NONE',  ( -18.39952144602252915, 14.00000000000000178, 36.68727729378475999 ) ) ;
#3219 = ADVANCED_FACE ( 'NONE', ( #4414 ), #4328, .F. ) ;
#3220 = CONICAL_SURFACE ( 'NONE', #453, 9.000000000000021316, 0.7853981633974457255 ) ;
#3221 = DIRECTION ( 'NONE',  ( 0.000000000000000000, -1.000000000000000000, 0.000000000000000000 ) ) ;
#3222 = DIRECTION ( 'NONE',  ( -0.000000000000000000, 1.000000000000000000, -0.000000000000000000 ) ) ;
#3223 = CARTESIAN_POINT ( 'NONE',  ( -10.07499999999999751, 1.800000000000000044, 56.80199819143152951 ) ) ;
#3224 = ORIENTED_EDGE ( 'NONE', *, *, #142, .T. ) ;
#3225 = CARTESIAN_POINT ( 'NONE',  ( -6.249999999999991118, 11.00000000000000000, 31.25000000000000000 ) ) ;
#3226 = CARTESIAN_POINT ( 'NONE',  ( -40.82050807568870709, 12.66025403784439618, -21.99999999999979039 ) ) ;
#3227 = AXIS2_PLACEMENT_3D ( 'NONE', #1156, #2863, #4566 ) ;
#3228 = CARTESIAN_POINT ( 'NONE',  ( -17.31393463119885467, 6.261954542374875921, 50.94073642218571507 ) ) ;
#3229 = CARTESIAN_POINT ( 'NONE',  ( -11.25000000000002132, 12.66025403784439618, 40.82050807568869999 ) ) ;
#3230 = CARTESIAN_POINT ( 'NONE',  ( -16.49208095094236626, 14.00000000000000000, 35.82050807568871420 ) ) ;
#3231 = ORIENTED_EDGE ( 'NONE', *, *, #786, .F. ) ;
#3232 = ORIENTED_EDGE ( 'NONE', *, *, #5203, .F. ) ;
#3233 = DIRECTION ( 'NONE',  ( -0.7071067811865435759, 0.000000000000000000, 0.7071067811865515695 ) ) ;
#3234 = DIRECTION ( 'NONE',  ( 8.673617379884298754E-16, 0.000000000000000000, -1.000000000000000000 ) ) ;
#3235 = CARTESIAN_POINT ( 'NONE',  ( -31.21882285961713421, 4.000000000000000000, 46.30460929724407038 ) ) ;
#3236 = CARTESIAN_POINT ( 'NONE',  ( -24.09612213222911237, 13.36497093712189432, 40.82516908740494443 ) ) ;
#3237 = ADVANCED_FACE ( 'NONE', ( #5285 ), #1700, .F. ) ;
#3238 = EDGE_CURVE ( 'NONE', #1722, #552, #1820, .T. ) ;
#3239 = ORIENTED_EDGE ( 'NONE', *, *, #2119, .F. ) ;
#3240 = ORIENTED_EDGE ( 'NONE', *, *, #4855, .T. ) ;
#3241 = CARTESIAN_POINT ( 'NONE',  ( -7.516709815375588910, 13.98036945952566867, 35.19405650203523095 ) ) ;
#3242 = PLANE ( 'NONE',  #4691 ) ;
#3243 = CARTESIAN_POINT ( 'NONE',  ( -17.44770271662164873, 14.00000000000000533, 36.25259737277557548 ) ) ;
#3244 = CARTESIAN_POINT ( 'NONE',  ( -26.26650682929184555, 15.22747627020299177, 16.15343673188516860 ) ) ;
#3245 = DIRECTION ( 'NONE',  ( 0.000000000000000000, 0.000000000000000000, -1.000000000000000000 ) ) ;
#3246 = CARTESIAN_POINT ( 'NONE',  ( -6.249999999999991118, 11.00000000000000000, 27.75000000000000000 ) ) ;
#3247 = CARTESIAN_POINT ( 'NONE',  ( 0.000000000000000000, 1.800000000000000044, 0.000000000000000000 ) ) ;
#3248 = DIRECTION ( 'NONE',  ( 0.000000000000000000, 0.000000000000000000, -1.000000000000000000 ) ) ;
#3249 = PLANE ( 'NONE',  #3401 ) ;
#3250 = EDGE_LOOP ( 'NONE', ( #2761, #3478, #5072, #19 ) ) ;
#3251 = CARTESIAN_POINT ( 'NONE',  ( -51.04289321881352492, 8.000000000000000000, 66.12867965644025503 ) ) ;
#3252 = DIRECTION ( 'NONE',  ( 0.000000000000000000, 0.000000000000000000, -1.000000000000000000 ) ) ;
#3253 = DATE_AND_TIME ( #4097, #3199 ) ;
#3254 = EDGE_LOOP ( 'NONE', ( #1251, #295, #3187, #2230 ) ) ;
#3255 = CONICAL_SURFACE ( 'NONE', #3356, 9.000000000000007105, 0.7853981633974488341 ) ;
#3256 = ORIENTED_EDGE ( 'NONE', *, *, #426, .T. ) ;
#3257 = LINE ( 'NONE', #3205, #2825 ) ;
#3258 = CARTESIAN_POINT ( 'NONE',  ( -25.62174539833558384, 15.49554039669436456, 4.430273233693719170 ) ) ;
#3259 = CARTESIAN_POINT ( 'NONE',  ( -10.41799039214575195, 14.00000000000000000, 34.45962095248813029 ) ) ;
#3260 = CARTESIAN_POINT ( 'NONE',  ( -23.44782396324600526, 13.46410161513775527, 40.32886667852282869 ) ) ;
#3261 = ORIENTED_EDGE ( 'NONE', *, *, #5459, .T. ) ;
#3262 = DIRECTION ( 'NONE',  ( -0.8660254037844397068, 0.000000000000000000, -0.4999999999999978906 ) ) ;
#3263 = ORIENTED_EDGE ( 'NONE', *, *, #3057, .F. ) ;
#3264 = CARTESIAN_POINT ( 'NONE',  ( -16.19738498883162237, 6.130807076589383620, 51.35798529402386237 ) ) ;
#3265 = EDGE_CURVE ( 'NONE', #1560, #2082, #3299, .T. ) ;
#3266 = DIRECTION ( 'NONE',  ( 0.000000000000000000, -0.7071067811865493491, 0.7071067811865456854 ) ) ;
#3267 = ADVANCED_FACE ( 'NONE', ( #3971 ), #616, .F. ) ;
#3268 = CARTESIAN_POINT ( 'NONE',  ( -21.22524224795128589, 14.00000000000000178, 38.04995489280456411 ) ) ;
#3269 = CIRCLE ( 'NONE', #1131, 3.000000000000002665 ) ;
#3270 = VERTEX_POINT ( 'NONE', #3157 ) ;
#3271 = CARTESIAN_POINT ( 'NONE',  ( -25.13454834434741159, 15.76665285079444523, 14.03121331646211800 ) ) ;
#3272 = CARTESIAN_POINT ( 'NONE',  ( -24.97307217382096312, 13.99999999999999822, 40.30060614853440626 ) ) ;
#3273 = CARTESIAN_POINT ( 'NONE',  ( -10.07499999999999751, 0.6387402666460849643, 58.38417235568573460 ) ) ;
#3274 = EDGE_CURVE ( 'NONE', #5023, #4823, #4836, .T. ) ;
#3275 = AXIS2_PLACEMENT_3D ( 'NONE', #4715, #3772, #2031 ) ;
#3276 = CARTESIAN_POINT ( 'NONE',  ( -20.63811920070160610, 13.81728215016007155, 38.40121597793525865 ) ) ;
#3277 = CARTESIAN_POINT ( 'NONE',  ( -8.994331369502372553, 12.99832469150968350, 36.80901729791236932 ) ) ;
#3278 = PRODUCT_DEFINITION ( 'æœ', '', #972, #1247 ) ;
#3279 = PLANE ( 'NONE',  #3227 ) ;
#3280 = EDGE_LOOP ( 'NONE', ( #531, #4244, #2655, #3159 ) ) ;
#3281 = DIRECTION ( 'NONE',  ( -0.000000000000000000, 1.000000000000000000, -0.000000000000000000 ) ) ;
#3282 = DIRECTION ( 'NONE',  ( 0.000000000000000000, -1.000000000000000000, 0.000000000000000000 ) ) ;
#3283 = ORIENTED_EDGE ( 'NONE', *, *, #1651, .T. ) ;
#3284 = ORIENTED_EDGE ( 'NONE', *, *, #4533, .F. ) ;
#3285 = DIRECTION ( 'NONE',  ( -0.000000000000000000, 1.000000000000000000, -0.000000000000000000 ) ) ;
#3286 = EDGE_CURVE ( 'NONE', #1802, #519, #1345, .T. ) ;
#3287 = EDGE_CURVE ( 'NONE', #1722, #4401, #4421, .T. ) ;
#3288 = AXIS2_PLACEMENT_3D ( 'NONE', #2107, #315, #5464 ) ;
#3289 = CARTESIAN_POINT ( 'NONE',  ( -10.07499999999999751, 0.7420360553133740211, 59.19800180856846339 ) ) ;
#3290 = EDGE_CURVE ( 'NONE', #3586, #4818, #2271, .T. ) ;
#3291 = LINE ( 'NONE', #1167, #3902 ) ;
#3292 = DIRECTION ( 'NONE',  ( 0.000000000000000000, 0.000000000000000000, 1.000000000000000000 ) ) ;
#3293 = VERTEX_POINT ( 'NONE', #3919 ) ;
#3294 = DIRECTION ( 'NONE',  ( 0.7071067811865507924, 0.000000000000000000, -0.7071067811865441310 ) ) ;
#3295 = ORIENTED_EDGE ( 'NONE', *, *, #2290, .F. ) ;
#3296 = CARTESIAN_POINT ( 'NONE',  ( -15.62807010930186635, 6.085856645095147677, 51.63219694492660494 ) ) ;
#3297 = DIRECTION ( 'NONE',  ( 0.5000000000000004441, 0.000000000000000000, -0.8660254037844383745 ) ) ;
#3298 = CARTESIAN_POINT ( 'NONE',  ( -17.74266024955525367, 14.00000000000000000, 36.38660629896443766 ) ) ;
#3299 = CIRCLE ( 'NONE', #1158, 2.100000000000000977 ) ;
#3300 = ORIENTED_EDGE ( 'NONE', *, *, #662, .T. ) ;
#3301 = CARTESIAN_POINT ( 'NONE',  ( -51.75000000000005684, 1.000000000000000888, 65.42157287525370180 ) ) ;
#3302 = CARTESIAN_POINT ( 'NONE',  ( -50.50000000000000000, 14.00000000000000000, 0.000000000000000000 ) ) ;
#3303 = DIRECTION ( 'NONE',  ( -0.000000000000000000, 1.000000000000000000, -0.000000000000000000 ) ) ;
#3304 = FACE_OUTER_BOUND ( 'NONE', #1030, .T. ) ;
#3305 = CARTESIAN_POINT ( 'NONE',  ( -9.070870035406869647, 12.99651866883830920, 36.86574527318324357 ) ) ;
#3306 = DIRECTION ( 'NONE',  ( 0.6644630243886786580, 0.3420201433256658263, -0.6644630243886722187 ) ) ;
#3307 = CONICAL_SURFACE ( 'NONE', #4741, 26.00000000000000355, 0.7853981633974457255 ) ;
#3308 = ORIENTED_EDGE ( 'NONE', *, *, #1191, .T. ) ;
#3309 = AXIS2_PLACEMENT_3D ( 'NONE', #5392, #4133, #1034 ) ;
#3310 = FACE_OUTER_BOUND ( 'NONE', #5238, .T. ) ;
#3311 = CARTESIAN_POINT ( 'NONE',  ( -9.249999999999975131, 7.071796769724485898, 1.964839855443112066E-15 ) ) ;
#3312 = VECTOR ( 'NONE', #2804, 1000.000000000000000 ) ;
#3313 = ORIENTED_EDGE ( 'NONE', *, *, #3889, .T. ) ;
#3314 = ORIENTED_EDGE ( 'NONE', *, *, #2831, .F. ) ;
#3315 = CARTESIAN_POINT ( 'NONE',  ( 7.542893218813636835, 14.00000000000000000, 7.542893218813714995 ) ) ;
#3316 = EDGE_CURVE ( 'NONE', #4225, #3951, #197, .T. ) ;
#3317 = ORIENTED_EDGE ( 'NONE', *, *, #307, .T. ) ;
#3318 = CARTESIAN_POINT ( 'NONE',  ( -31.25000000000000000, 0.000000000000000000, 4.150000000000003020 ) ) ;
#3319 = CONICAL_SURFACE ( 'NONE', #2436, 1.000000000000021760, 0.7853981633974457255 ) ;
#3320 = ORIENTED_EDGE ( 'NONE', *, *, #3316, .F. ) ;
#3321 = CARTESIAN_POINT ( 'NONE',  ( -65.42157287525370180, 0.000000000000000000, 51.75000000000007105 ) ) ;
#3322 = CARTESIAN_POINT ( 'NONE',  ( -15.31852764802241929, 6.073227663200100324, 51.79997601415224295 ) ) ;
#3323 = LINE ( 'NONE', #3715, #807 ) ;
#3324 = CARTESIAN_POINT ( 'NONE',  ( -17.48062319733654135, 14.00000000000000355, 36.26753424752804733 ) ) ;
#3325 = ORIENTED_EDGE ( 'NONE', *, *, #686, .T. ) ;
#3326 = CARTESIAN_POINT ( 'NONE',  ( -48.97722171636831234, 13.25820099772552574, 33.89143527874134065 ) ) ;
#3327 = LINE ( 'NONE', #5515, #3590 ) ;
#3328 = DIRECTION ( 'NONE',  ( -0.4999999999999976685, 0.7071067811865475727, -0.5000000000000024425 ) ) ;
#3329 = LINE ( 'NONE', #2140, #853 ) ;
#3330 = CARTESIAN_POINT ( 'NONE',  ( -9.173311386696845204, 12.99305067729429730, 36.94659509229031613 ) ) ;
#3331 = DIRECTION ( 'NONE',  ( 0.000000000000000000, 0.000000000000000000, -1.000000000000000000 ) ) ;
#3332 = VERTEX_POINT ( 'NONE', #1007 ) ;
#3333 = FACE_OUTER_BOUND ( 'NONE', #1640, .T. ) ;
#3334 = DIRECTION ( 'NONE',  ( 0.7071067811865462405, -0.7071067811865489050, 0.000000000000000000 ) ) ;
#3335 = ORIENTED_EDGE ( 'NONE', *, *, #324, .T. ) ;
#3336 = ORIENTED_EDGE ( 'NONE', *, *, #3624, .F. ) ;
#3337 = EDGE_CURVE ( 'NONE', #1507, #1133, #2629, .T. ) ;
#3338 = CARTESIAN_POINT ( 'NONE',  ( -25.86852413534211337, 16.12660135404352602, 13.47084159691976168 ) ) ;
#3339 = EDGE_CURVE ( 'NONE', #241, #560, #3104, .T. ) ;
#3340 = EDGE_LOOP ( 'NONE', ( #5330, #2244, #1358, #199 ) ) ;
#3341 = DIRECTION ( 'NONE',  ( 1.000000000000000000, 0.000000000000000000, 0.000000000000000000 ) ) ;
#3342 = ADVANCED_FACE ( 'NONE', ( #1875 ), #3572, .T. ) ;
#3343 = DIRECTION ( 'NONE',  ( -5.062390359345617340E-16, 0.000000000000000000, 1.000000000000000000 ) ) ;
#3344 = ORIENTED_EDGE ( 'NONE', *, *, #181, .T. ) ;
#3345 = DIRECTION ( 'NONE',  ( 1.000000000000000000, 3.556183125752453755E-15, 0.000000000000000000 ) ) ;
#3346 = CARTESIAN_POINT ( 'NONE',  ( -24.97346911806175740, 13.99999999999999822, 40.30090564116495244 ) ) ;
#3347 = CARTESIAN_POINT ( 'NONE',  ( -41.64880812837840551, 13.20875819262147033, 25.07622628007420218 ) ) ;
#3348 = ORIENTED_EDGE ( 'NONE', *, *, #103, .T. ) ;
#3349 = DIRECTION ( 'NONE',  ( -0.000000000000000000, -0.000000000000000000, -1.000000000000000000 ) ) ;
#3350 = CARTESIAN_POINT ( 'NONE',  ( -19.19869550456893847, 6.468081455957588766, 50.54151417886507858 ) ) ;
#3351 = DIRECTION ( 'NONE',  ( -1.000000000000000000, 0.000000000000000000, 0.000000000000000000 ) ) ;
#3352 = CARTESIAN_POINT ( 'NONE',  ( -17.12562042890283109, 13.99999999999999467, 36.10650466415779647 ) ) ;
#3353 = CARTESIAN_POINT ( 'NONE',  ( -37.09000499651486393, 13.95419541389418683, 18.55712009526759942 ) ) ;
#3354 = CARTESIAN_POINT ( 'NONE',  ( -32.08577819348201388, 7.207370427863708073, 50.26519779832126744 ) ) ;
#3355 = VECTOR ( 'NONE', #359, 1000.000000000000000 ) ;
#3356 = AXIS2_PLACEMENT_3D ( 'NONE', #5187, #3014, #3486 ) ;
#3357 = VERTEX_POINT ( 'NONE', #2404 ) ;
#3358 = CARTESIAN_POINT ( 'NONE',  ( -17.02032809431873162, 7.198568618158097010, 50.33517283789026209 ) ) ;
#3359 = DIRECTION ( 'NONE',  ( -0.4999999999999975020, -0.7071067811865475727, -0.5000000000000024425 ) ) ;
#3360 = ORIENTED_EDGE ( 'NONE', *, *, #368, .T. ) ;
#3361 = ORIENTED_EDGE ( 'NONE', *, *, #336, .F. ) ;
#3362 = CARTESIAN_POINT ( 'NONE',  ( -26.17775122362832008, 15.96743238726297243, 14.24330004991732146 ) ) ;
#3363 = UNCERTAINTY_MEASURE_WITH_UNIT (LENGTH_MEASURE( 1.000000000000000082E-05 ), #4726, 'distance_accuracy_value', 'NONE');
#3364 = CARTESIAN_POINT ( 'NONE',  ( -10.41799039214575195, 0.000000000000000000, 34.45962095248813029 ) ) ;
#3365 = EDGE_CURVE ( 'NONE', #4672, #2495, #7, .T. ) ;
#3366 = ORIENTED_EDGE ( 'NONE', *, *, #2242, .F. ) ;
#3367 = LINE ( 'NONE', #2962, #4707 ) ;
#3368 = CARTESIAN_POINT ( 'NONE',  ( -35.34408509131222331, 6.898260386560177260, 52.05981626848200250 ) ) ;
#3369 = EDGE_CURVE ( 'NONE', #1342, #2269, #1564, .T. ) ;
#3370 = ORIENTED_EDGE ( 'NONE', *, *, #1475, .F. ) ;
#3371 = DIRECTION ( 'NONE',  ( 0.4999999999999967804, -0.7071067811865485719, 0.5000000000000015543 ) ) ;
#3372 = CARTESIAN_POINT ( 'NONE',  ( -23.92569546939782654, 14.00000000000000000, 39.58304597993991081 ) ) ;
#3373 = FACE_OUTER_BOUND ( 'NONE', #5027, .T. ) ;
#3374 = VECTOR ( 'NONE', #403, 1000.000000000000000 ) ;
#3375 = EDGE_LOOP ( 'NONE', ( #2409, #1368, #2428, #1002 ) ) ;
#3376 = CARTESIAN_POINT ( 'NONE',  ( -6.249999999999991118, 8.000000000000000000, 33.34999999999999432 ) ) ;
#3377 = LINE ( 'NONE', #2084, #381 ) ;
#3378 = DIRECTION ( 'NONE',  ( 0.000000000000000000, -1.000000000000000000, 0.000000000000000000 ) ) ;
#3379 = ADVANCED_FACE ( 'NONE', ( #304 ), #3623, .F. ) ;
#3380 = DIRECTION ( 'NONE',  ( 0.7071067811865493491, 0.000000000000000000, -0.7071067811865455743 ) ) ;
#3381 = CARTESIAN_POINT ( 'NONE',  ( -39.17185444535898142, 13.69172896143867746, 21.80279292960854676 ) ) ;
#3382 = EDGE_CURVE ( 'NONE', #337, #4912, #3655, .T. ) ;
#3383 = CIRCLE ( 'NONE', #3037, 1.099999999999996758 ) ;
#3384 = CARTESIAN_POINT ( 'NONE',  ( -34.32640387597076881, 6.944154126989483089, 51.37049720659670982 ) ) ;
#3385 = ORIENTED_EDGE ( 'NONE', *, *, #1482, .F. ) ;
#3386 = EDGE_LOOP ( 'NONE', ( #5021, #4708, #2848, #732, #2564, #250, #862, #4304, #272, #3741 ) ) ;
#3387 = CARTESIAN_POINT ( 'NONE',  ( -15.31445985701559032, 7.086540182091035867, 50.79115485660068430 ) ) ;
#3388 = CARTESIAN_POINT ( 'NONE',  ( -26.00000000000001066, 15.29525071777889700, 0.6357888139467607891 ) ) ;
#3389 = CARTESIAN_POINT ( 'NONE',  ( -51.08578643762690064, 1.000000000000001110, 34.58578643762690774 ) ) ;
#3390 = ORIENTED_EDGE ( 'NONE', *, *, #4448, .T. ) ;
#3391 = VERTEX_POINT ( 'NONE', #2846 ) ;
#3392 = PLANE ( 'NONE',  #3909 ) ;
#3393 = DIRECTION ( 'NONE',  ( 0.000000000000000000, 0.000000000000000000, -1.000000000000000000 ) ) ;
#3394 = EDGE_CURVE ( 'NONE', #3135, #2586, #5354, .T. ) ;
#3395 = B_SPLINE_CURVE_WITH_KNOTS ( 'NONE', 3,
 ( #3561, #5271, #4427, #2003, #4089, #605, #659, #4119, #687, #2420 ),
 .UNSPECIFIED., .F., .F.,
 ( 4, 2, 2, 2, 4 ),
 ( 0.000000000000000000, 0.2500000000000000000, 0.5000000000000000000, 0.7500000000000000000, 1.000000000000000000 ),
 .UNSPECIFIED. ) ;
#3396 = VECTOR ( 'NONE', #3033, 1000.000000000000114 ) ;
#3397 = DIRECTION ( 'NONE',  ( -1.000000000000000000, 0.000000000000000000, 0.000000000000000000 ) ) ;
#3398 = EDGE_LOOP ( 'NONE', ( #2349, #5139, #3489, #4445, #4268, #2454, #535, #5280 ) ) ;
#3399 = DIRECTION ( 'NONE',  ( -0.000000000000000000, 1.000000000000000000, -0.000000000000000000 ) ) ;
#3400 = CARTESIAN_POINT ( 'NONE',  ( -36.92893218813451739, 6.873681478297658742, 53.42893218813448186 ) ) ;
#3401 = AXIS2_PLACEMENT_3D ( 'NONE', #2897, #4959, #4594 ) ;
#3402 = ORIENTED_EDGE ( 'NONE', *, *, #2596, .F. ) ;
#3403 = CARTESIAN_POINT ( 'NONE',  ( -33.73181044723705213, 6.349466863835452557, 51.28076045178499953 ) ) ;
#3404 = DIRECTION ( 'NONE',  ( 0.000000000000000000, 0.000000000000000000, 1.000000000000000000 ) ) ;
#3405 = CARTESIAN_POINT ( 'NONE',  ( -41.49070523865495375, 13.23810516692748429, 24.89556677393247597 ) ) ;
#3406 = CIRCLE ( 'NONE', #1094, 1.099999999999996758 ) ;
#3407 = EDGE_CURVE ( 'NONE', #5396, #1696, #3628, .T. ) ;
#3408 = EDGE_CURVE ( 'NONE', #4777, #1516, #3683, .T. ) ;
#3409 = ORIENTED_EDGE ( 'NONE', *, *, #1813, .F. ) ;
#3410 = VECTOR ( 'NONE', #674, 1000.000000000000114 ) ;
#3411 = CARTESIAN_POINT ( 'NONE',  ( -10.07499999999999751, 0.000000000000000000, 56.80199819143152951 ) ) ;
#3412 = DIRECTION ( 'NONE',  ( -7.228014483236699514E-16, 0.000000000000000000, 1.000000000000000000 ) ) ;
#3413 = DIRECTION ( 'NONE',  ( -0.000000000000000000, -1.000000000000000000, -0.000000000000000000 ) ) ;
#3414 = CARTESIAN_POINT ( 'NONE',  ( -16.49208095094236626, 13.99999999999999822, 35.82050807568871420 ) ) ;
#3415 = CARTESIAN_POINT ( 'NONE',  ( -36.67836443980570493, 14.00000000000000178, 18.38016277967491163 ) ) ;
#3416 = EDGE_CURVE ( 'NONE', #3202, #4325, #2854, .T. ) ;
#3417 = CARTESIAN_POINT ( 'NONE',  ( -34.95835294326257525, 6.481717356879099334, 51.89763336767747859 ) ) ;
#3418 = ORIENTED_EDGE ( 'NONE', *, *, #2069, .T. ) ;
#3419 = VERTEX_POINT ( 'NONE', #1112 ) ;
#3420 = DIRECTION ( 'NONE',  ( 0.4999999999999997780, -0.7071067811865475727, -0.5000000000000002220 ) ) ;
#3421 = CARTESIAN_POINT ( 'NONE',  ( -11.82631890500323735, 9.277378749426924642, 32.22262125057307003 ) ) ;
#3422 = CARTESIAN_POINT ( 'NONE',  ( -49.41706725564241509, 12.33238089795296766, 32.91706725564240088 ) ) ;
#3423 = VERTEX_POINT ( 'NONE', #4917 ) ;
#3424 = VERTEX_POINT ( 'NONE', #277 ) ;
#3425 = CARTESIAN_POINT ( 'NONE',  ( -2.249999999999973355, 8.000000000000000000, -1.139037830852750417E-15 ) ) ;
#3426 = LINE ( 'NONE', #3844, #5401 ) ;
#3427 = DIRECTION ( 'NONE',  ( -0.7071067811865471286, 0.000000000000000000, 0.7071067811865477948 ) ) ;
#3428 = VERTEX_POINT ( 'NONE', #1140 ) ;
#3429 = CARTESIAN_POINT ( 'NONE',  ( -7.249999999999992895, 8.999999999999984013, 36.25000000000000000 ) ) ;
#3430 = CARTESIAN_POINT ( 'NONE',  ( -30.00000000000000000, 14.00000000000000000, -68.24999999999994316 ) ) ;
#3431 = ORIENTED_EDGE ( 'NONE', *, *, #2456, .T. ) ;
#3432 = CARTESIAN_POINT ( 'NONE',  ( -35.78461104429784712, 6.622946498048047026, 52.44557748413055975 ) ) ;
#3433 = CARTESIAN_POINT ( 'NONE',  ( -40.32886667852286422, 13.46410161513760606, 23.44782396324588092 ) ) ;
#3434 = B_SPLINE_CURVE_WITH_KNOTS ( 'NONE', 3,
 ( #545, #1857, #2254, #4395, #3191, #130, #4899, #1380, #3528, #3925, #105, #1409, #3111, #989, #570, #2277, #3979, #2798, #3690, #706, #1548, #3268, #2442, #4503, #2380, #1602, #341, #2773, #5036, #2356, #4058, #4978, #227, #2853, #681, #1938, #2413, #4557, #3636, #256, #4951, #5345, #4586, #5399, #738, #3218, #2025, #4084, #3298, #1969, #3663, #3324, #1149, #1097, #3243, #1176, #4113, #5007, #5374 ),
 .UNSPECIFIED., .F., .F.,
 ( 4, 1, 1, 1, 2, 2, 1, 1, 1, 2, 2, 1, 1, 1, 2, 2, 1, 1, 1, 1, 2, 2, 1, 1, 1, 1, 2, 2, 1, 1, 1, 1, 2, 2, 1, 1, 1, 1, 1, 1, 2, 2, 4 ),
 ( 0.000000000000000000, 0.06249999999999367173, 0.09374999999999039657, 0.1093749999999888561, 0.1171874999999880790, 0.1249999999999873157, 0.1874999999999811540, 0.2187499999999769074, 0.2343749999999741873, 0.2421874999999733824, 0.2499999999999725497, 0.3124999999999625300, 0.3437499999999569789, 0.3593749999999537037, 0.3671874999999509281, 0.3749999999999482081, 0.4374999999999332756, 0.4687499999999252265, 0.4843749999999217848, 0.4921874999999200084, 0.4960937499999191758, 0.4999999999999183431, 0.5624999999999009681, 0.5937499999998928635, 0.6093749999998886446, 0.6171874999998866462, 0.6210937499998862021, 0.6249999999998856470, 0.6874999999998737676, 0.7187499999998673283, 0.7343749999998645528, 0.7421874999998636646, 0.7460937499998627764, 0.7499999999998617772, 0.8124999999998384625, 0.8437499999998269162, 0.8593749999998220312, 0.8671874999998196998, 0.8710937499998181455, 0.8730468749998172573, 0.8740234374998163691, 0.8749999999998154809, 1.000000000000000000 ),
 .UNSPECIFIED. ) ;
#3435 = AXIS2_PLACEMENT_3D ( 'NONE', #457, #1234, #13 ) ;
#3436 = ORIENTED_EDGE ( 'NONE', *, *, #4094, .T. ) ;
#3437 = EDGE_CURVE ( 'NONE', #4777, #343, #1483, .T. ) ;
#3438 = CARTESIAN_POINT ( 'NONE',  ( -9.998627079073211021, 12.81315152275717217, 38.04691137146676994 ) ) ;
#3439 = CARTESIAN_POINT ( 'NONE',  ( -40.50000000000000711, 8.000000000000000000, 35.50000000000000711 ) ) ;
#3440 = CARTESIAN_POINT ( 'NONE',  ( -36.39250987728814124, 13.99999999999999822, 17.75928913898824035 ) ) ;
#3441 = EDGE_CURVE ( 'NONE', #1648, #3270, #1219, .T. ) ;
#3442 = CARTESIAN_POINT ( 'NONE',  ( -36.04244668529671713, 13.99999999999999822, 16.98352982974278547 ) ) ;
#3443 = CARTESIAN_POINT ( 'NONE',  ( -36.70393564062568004, 6.820003425921966844, 53.21060664572298293 ) ) ;
#3444 = VERTEX_POINT ( 'NONE', #1594 ) ;
#3445 = EDGE_CURVE ( 'NONE', #2575, #5320, #2373, .T. ) ;
#3446 = ADVANCED_FACE ( 'NONE', ( #4521 ), #4999, .F. ) ;
#3447 = DIRECTION ( 'NONE',  ( -0.4999999999999885647, -0.7071067811865671127, -0.4999999999999836797 ) ) ;
#3448 = CARTESIAN_POINT ( 'NONE',  ( -66.83578643762680827, 8.000000000000000000, 50.33578643762699301 ) ) ;
#3449 = CARTESIAN_POINT ( 'NONE',  ( -52.50000000000000711, 14.00000000000000000, 33.17157287525382259 ) ) ;
#3450 = ORIENTED_EDGE ( 'NONE', *, *, #2969, .F. ) ;
#3451 = CC_DESIGN_PERSON_AND_ORGANIZATION_ASSIGNMENT ( #5020, #1587, ( #793 ) ) ;
#3452 = CIRCLE ( 'NONE', #3457, 11.00000000000002309 ) ;
#3453 = VERTEX_POINT ( 'NONE', #4132 ) ;
#3454 = CARTESIAN_POINT ( 'NONE',  ( -17.50789550082477675, 14.00270875324679487, 36.66702020058770017 ) ) ;
#3455 = CARTESIAN_POINT ( 'NONE',  ( -31.25000000000000000, 11.00000000000000000, 6.250000000000003553 ) ) ;
#3456 = VECTOR ( 'NONE', #1726, 999.9999999999998863 ) ;
#3457 = AXIS2_PLACEMENT_3D ( 'NONE', #1084, #4129, #1056 ) ;
#3458 = FACE_OUTER_BOUND ( 'NONE', #3184, .T. ) ;
#3459 = VECTOR ( 'NONE', #3156, 1000.000000000000114 ) ;
#3460 = EDGE_CURVE ( 'NONE', #1760, #1965, #3291, .T. ) ;
#3461 = ORIENTED_EDGE ( 'NONE', *, *, #409, .F. ) ;
#3462 = DIRECTION ( 'NONE',  ( 0.000000000000000000, -1.000000000000000000, 0.000000000000000000 ) ) ;
#3463 = CARTESIAN_POINT ( 'NONE',  ( -35.94079751140433387, 6.884543553519005599, 52.52836713568277105 ) ) ;
#3464 =( BOUNDED_CURVE ( )  B_SPLINE_CURVE ( 3, ( #396, #4985, #4173, #4592 ),
 .UNSPECIFIED., .F., .F. ) 
 B_SPLINE_CURVE_WITH_KNOTS ( ( 4, 4 ),
 ( 2.094395102393192154, 3.141592653589793116 ),
 .UNSPECIFIED. ) 
 CURVE ( )  GEOMETRIC_REPRESENTATION_ITEM ( )  RATIONAL_B_SPLINE_CURVE ( ( 1.000000000000000000, 0.9106836025229585463, 0.9106836025229585463, 1.000000000000000000 ) ) 
 REPRESENTATION_ITEM ( '' )  );
#3465 = EDGE_CURVE ( 'NONE', #351, #2597, #1317, .T. ) ;
#3466 = B_SPLINE_CURVE_WITH_KNOTS ( 'NONE', 3,
 ( #4878, #5212, #4821, #4456 ),
 .UNSPECIFIED., .F., .F.,
 ( 4, 4 ),
 ( 0.000000000000000000, 1.000000000000000000 ),
 .UNSPECIFIED. ) ;
#3467 = EDGE_CURVE ( 'NONE', #2965, #4846, #1033, .T. ) ;
#3468 = ORIENTED_EDGE ( 'NONE', *, *, #3124, .T. ) ;
#3469 = CARTESIAN_POINT ( 'NONE',  ( -32.39681732410983983, 6.331416390369808411, 50.82767102619729371 ) ) ;
#3470 = CARTESIAN_POINT ( 'NONE',  ( -16.79545903165374554, 6.197270789707620686, 51.11553874162461142 ) ) ;
#3471 = LINE ( 'NONE', #2913, #3569 ) ;
#3472 = ORIENTED_EDGE ( 'NONE', *, *, #3860, .T. ) ;
#3473 = CARTESIAN_POINT ( 'NONE',  ( -10.14440337075189014, 12.68105010223073670, 38.45957992807771575 ) ) ;
#3474 = DIRECTION ( 'NONE',  ( -1.000000000000000000, 0.000000000000000000, 0.000000000000000000 ) ) ;
#3475 = ADVANCED_FACE ( 'NONE', ( #5308 ), #2381, .F. ) ;
#3476 = CARTESIAN_POINT ( 'NONE',  ( -37.09332631132706837, 14.00000000000000178, 19.27202004887594455 ) ) ;
#3477 = CARTESIAN_POINT ( 'NONE',  ( -36.74523328586142412, 6.875172859007574466, 53.24828984301498735 ) ) ;
#3478 = ORIENTED_EDGE ( 'NONE', *, *, #4406, .F. ) ;
#3479 = DIRECTION ( 'NONE',  ( -0.7071067811865515695, 0.000000000000000000, -0.7071067811865434649 ) ) ;
#3480 = CARTESIAN_POINT ( 'NONE',  ( -51.08578643762690064, 5.917096231345233548, 34.58578643762690774 ) ) ;
#3481 = LINE ( 'NONE', #5183, #334 ) ;
#3482 = ORIENTED_EDGE ( 'NONE', *, *, #5274, .T. ) ;
#3483 = VECTOR ( 'NONE', #1215, 1000.000000000000000 ) ;
#3484 = PLANE ( 'NONE',  #1382 ) ;
#3485 = CARTESIAN_POINT ( 'NONE',  ( -23.92569546939782654, 14.00000000000000000, 39.58304597993991081 ) ) ;
#3486 = DIRECTION ( 'NONE',  ( -0.7071067811865475727, 0.000000000000000000, 0.7071067811865475727 ) ) ;
#3487 = CARTESIAN_POINT ( 'NONE',  ( 35.50000000000000711, 0.000000000000000000, 41.49999999999999289 ) ) ;
#3488 = CARTESIAN_POINT ( 'NONE',  ( -22.49208095094240534, 12.66025403784439618, 40.82050807568869999 ) ) ;
#3489 = ORIENTED_EDGE ( 'NONE', *, *, #2429, .T. ) ;
#3490 = DIRECTION ( 'NONE',  ( -0.000000000000000000, 1.000000000000000000, -0.000000000000000000 ) ) ;
#3491 = CARTESIAN_POINT ( 'NONE',  ( -10.24999999999999112, 12.37620236790412420, 39.31249999999995737 ) ) ;
#3492 = AXIS2_PLACEMENT_3D ( 'NONE', #3776, #4656, #828 ) ;
#3493 = ORIENTED_EDGE ( 'NONE', *, *, #5203, .T. ) ;
#3494 = EDGE_CURVE ( 'NONE', #519, #2213, #778, .T. ) ;
#3495 = ORIENTED_EDGE ( 'NONE', *, *, #3152, .F. ) ;
#3496 = CARTESIAN_POINT ( 'NONE',  ( -34.89514066558916028, 6.472810417890134005, 51.86114743835467067 ) ) ;
#3497 = AXIS2_PLACEMENT_3D ( 'NONE', #5138, #2935, #1253 ) ;
#3498 = DIRECTION ( 'NONE',  ( 0.000000000000000000, 0.000000000000000000, 1.000000000000000000 ) ) ;
#3499 = ORIENTED_EDGE ( 'NONE', *, *, #4944, .T. ) ;
#3500 = CARTESIAN_POINT ( 'NONE',  ( -8.853861532763465547, 12.99993559723036363, 36.71423576753240781 ) ) ;
#3501 = CARTESIAN_POINT ( 'NONE',  ( -10.21221148032135240, 12.56301885209882130, 38.75963952984034222 ) ) ;
#3502 = DIRECTION ( 'NONE',  ( 0.000000000000000000, 0.000000000000000000, -1.000000000000000000 ) ) ;
#3503 = ORIENTED_EDGE ( 'NONE', *, *, #4029, .F. ) ;
#3504 = FACE_OUTER_BOUND ( 'NONE', #3758, .T. ) ;
#3505 = CARTESIAN_POINT ( 'NONE',  ( -51.03983463197941006, 6.615200695071269621, 34.53983463197942427 ) ) ;
#3506 = CARTESIAN_POINT ( 'NONE',  ( -35.82050807568872131, 14.00000000000000000, 21.99999999999980815 ) ) ;
#3507 = ORIENTED_EDGE ( 'NONE', *, *, #4635, .F. ) ;
#3508 = ORIENTED_EDGE ( 'NONE', *, *, #4093, .F. ) ;
#3509 = CARTESIAN_POINT ( 'NONE',  ( -19.17124622211764162, 14.00067336359276382, 36.92629651974412042 ) ) ;
#3510 = FACE_OUTER_BOUND ( 'NONE', #3386, .T. ) ;
#3511 = DIRECTION ( 'NONE',  ( -6.259644161404840308E-16, -0.4999999999999982236, 0.8660254037844395958 ) ) ;
#3512 = CARTESIAN_POINT ( 'NONE',  ( -20.03611278684972774, 13.86405353513173289, 38.01788652726431650 ) ) ;
#3513 = ADVANCED_FACE ( 'NONE', ( #473 ), #3786, .T. ) ;
#3514 = EDGE_CURVE ( 'NONE', #701, #3586, #3269, .T. ) ;
#3515 = ORIENTED_EDGE ( 'NONE', *, *, #896, .T. ) ;
#3516 = DIRECTION ( 'NONE',  ( 0.000000000000000000, 0.000000000000000000, -1.000000000000000000 ) ) ;
#3517 = EDGE_LOOP ( 'NONE', ( #2035, #3240, #1749, #3402, #251 ) ) ;
#3518 = ORIENTED_EDGE ( 'NONE', *, *, #1850, .F. ) ;
#3519 = CARTESIAN_POINT ( 'NONE',  ( -33.01015726669675132, 6.321441263064880189, 51.00978980153066544 ) ) ;
#3520 = CARTESIAN_POINT ( 'NONE',  ( -16.94464112211547402, 6.215563636697174488, 51.06200344848686967 ) ) ;
#3521 = CARTESIAN_POINT ( 'NONE',  ( -10.90672823179310491, 13.79981802165396587, 37.81964332222255365 ) ) ;
#3522 = VERTEX_POINT ( 'NONE', #1676 ) ;
#3523 = ORIENTED_EDGE ( 'NONE', *, *, #1758, .T. ) ;
#3524 = DIRECTION ( 'NONE',  ( 0.000000000000000000, 1.000000000000000000, 0.000000000000000000 ) ) ;
#3525 = VECTOR ( 'NONE', #1305, 1000.000000000000000 ) ;
#3526 = AXIS2_PLACEMENT_3D ( 'NONE', #5349, #2446, #1578 ) ;
#3527 = CARTESIAN_POINT ( 'NONE',  ( -37.51088264749750323, 14.00000000000000355, 20.14496657958312653 ) ) ;
#3528 = CARTESIAN_POINT ( 'NONE',  ( -22.89247088446647638, 14.00000000000000000, 38.95459288498164341 ) ) ;
#3529 = ORIENTED_EDGE ( 'NONE', *, *, #5105, .T. ) ;
#3530 = EDGE_CURVE ( 'NONE', #411, #2094, #2598, .T. ) ;
#3531 = CARTESIAN_POINT ( 'NONE',  ( -40.50000000000000711, 1.000000000000000888, -40.50000000000000711 ) ) ;
#3532 = LINE ( 'NONE', #2725, #3763 ) ;
#3533 = DIRECTION ( 'NONE',  ( 0.000000000000000000, 1.000000000000000000, -0.000000000000000000 ) ) ;
#3534 = VERTEX_POINT ( 'NONE', #1736 ) ;
#3535 = ORIENTED_EDGE ( 'NONE', *, *, #5080, .T. ) ;
#3536 = CARTESIAN_POINT ( 'NONE',  ( -21.57978386602309229, 13.09918317748022609, 40.06026050491694690 ) ) ;
#3537 = CYLINDRICAL_SURFACE ( 'NONE', #1713, 1.099999999999996758 ) ;
#3538 = FACE_OUTER_BOUND ( 'NONE', #4525, .T. ) ;
#3539 = CARTESIAN_POINT ( 'NONE',  ( -19.56566187134766110, 13.89834428779106723, 37.71977084893417498 ) ) ;
#3540 = ORIENTED_EDGE ( 'NONE', *, *, #5332, .F. ) ;
#3541 = DIRECTION ( 'NONE',  ( 1.000000000000000000, -0.000000000000000000, 0.000000000000000000 ) ) ;
#3542 = CONICAL_SURFACE ( 'NONE', #3016, 0.9999999999999731326, 0.7853981633974482790 ) ;
#3543 = CIRCLE ( 'NONE', #4252, 1.099999999999996758 ) ;
#3544 = EDGE_CURVE ( 'NONE', #2711, #4292, #4604, .T. ) ;
#3545 = CARTESIAN_POINT ( 'NONE',  ( -36.64520258371345562, 6.806355939757115614, 53.15615503655801177 ) ) ;
#3546 = AXIS2_PLACEMENT_3D ( 'NONE', #3225, #4957, #1471 ) ;
#3547 = DIRECTION ( 'NONE',  ( -0.000000000000000000, -1.000000000000000000, -0.000000000000000000 ) ) ;
#3548 = ORIENTED_EDGE ( 'NONE', *, *, #414, .T. ) ;
#3549 = ORIENTED_EDGE ( 'NONE', *, *, #1260, .F. ) ;
#3550 = CARTESIAN_POINT ( 'NONE',  ( -35.82050807568872131, 14.00000000000000000, 16.49208095094233784 ) ) ;
#3551 = AXIS2_PLACEMENT_3D ( 'NONE', #1681, #5484, #2520 ) ;
#3552 = CARTESIAN_POINT ( 'NONE',  ( -39.40168565527306299, 14.00000000000000711, 23.64254506847081316 ) ) ;
#3553 = CARTESIAN_POINT ( 'NONE',  ( -37.54517987132565793, 13.88919696861373687, 18.56168710570734248 ) ) ;
#3554 = AXIS2_PLACEMENT_3D ( 'NONE', #3301, #5010, #4589 ) ;
#3555 = ORIENTED_EDGE ( 'NONE', *, *, #3124, .F. ) ;
#3556 = EDGE_CURVE ( 'NONE', #4660, #1658, #1195, .T. ) ;
#3557 = LINE ( 'NONE', #107, #278 ) ;
#3558 = CARTESIAN_POINT ( 'NONE',  ( -1.250000000000009992, 8.999999999999984013, 34.24999999999999289 ) ) ;
#3559 = DIRECTION ( 'NONE',  ( 0.000000000000000000, -0.000000000000000000, 1.000000000000000000 ) ) ;
#3560 = ORIENTED_EDGE ( 'NONE', *, *, #3699, .T. ) ;
#3561 = CARTESIAN_POINT ( 'NONE',  ( -28.07069711559588754, 14.99307324083172510, 16.96135604089217708 ) ) ;
#3562 = CARTESIAN_POINT ( 'NONE',  ( -31.25000000000032685, 0.000000000000000000, 31.25000000000002132 ) ) ;
#3563 = CARTESIAN_POINT ( 'NONE',  ( -16.78195142282462982, 14.00000000000000000, 28.09565992180919736 ) ) ;
#3564 = CARTESIAN_POINT ( 'NONE',  ( -10.41799039214575195, 8.000000000000000000, 34.45962095248813029 ) ) ;
#3565 = CARTESIAN_POINT ( 'NONE',  ( -18.16538117610114611, 7.266890222573323399, 50.16531321865611659 ) ) ;
#3566 = VERTEX_POINT ( 'NONE', #4298 ) ;
#3567 = PLANE ( 'NONE',  #4342 ) ;
#3568 = EDGE_CURVE ( 'NONE', #3586, #1792, #3733, .T. ) ;
#3569 = VECTOR ( 'NONE', #815, 1000.000000000000114 ) ;
#3570 = EDGE_LOOP ( 'NONE', ( #3999, #1092, #5003, #3284 ) ) ;
#3571 = DIRECTION ( 'NONE',  ( -0.000000000000000000, 1.000000000000000000, -0.000000000000000000 ) ) ;
#3572 = PLANE ( 'NONE',  #2152 ) ;
#3573 = ORIENTED_EDGE ( 'NONE', *, *, #5517, .F. ) ;
#3574 = AXIS2_PLACEMENT_3D ( 'NONE', #2330, #1069, #3502 ) ;
#3575 = VECTOR ( 'NONE', #4906, 1000.000000000000000 ) ;
#3576 = EDGE_LOOP ( 'NONE', ( #67, #2183, #3548, #95 ) ) ;
#3577 = CARTESIAN_POINT ( 'NONE',  ( -10.01683909117726756, 13.98268494782422700, 36.41803845939551820 ) ) ;
#3578 = EDGE_CURVE ( 'NONE', #154, #1560, #1221, .T. ) ;
#3579 = EDGE_CURVE ( 'NONE', #1841, #4001, #780, .T. ) ;
#3580 = CARTESIAN_POINT ( 'NONE',  ( -25.75629717926289075, 16.18436811937788633, 7.740070141993210306 ) ) ;
#3581 = CARTESIAN_POINT ( 'NONE',  ( -40.32808623940044868, 13.46923037811067125, 23.45156549505138699 ) ) ;
#3582 = ORIENTED_EDGE ( 'NONE', *, *, #3544, .T. ) ;
#3583 = LINE ( 'NONE', #4116, #4808 ) ;
#3584 = CARTESIAN_POINT ( 'NONE',  ( -50.85914485358692616, 7.289544128439376713, 34.35914485358694037 ) ) ;
#3585 = CARTESIAN_POINT ( 'NONE',  ( -40.50000000000000711, 8.000000000000000000, 0.000000000000000000 ) ) ;
#3586 = VERTEX_POINT ( 'NONE', #3429 ) ;
#3587 = EDGE_CURVE ( 'NONE', #5214, #3703, #2097, .T. ) ;
#3588 = FACE_BOUND ( 'NONE', #1426, .T. ) ;
#3589 = CARTESIAN_POINT ( 'NONE',  ( -7.999999999999989342, 1.800000000000000044, 55.60399638286304480 ) ) ;
#3590 = VECTOR ( 'NONE', #5089, 1000.000000000000114 ) ;
#3591 = DIRECTION ( 'NONE',  ( -0.8660254037844379305, 0.000000000000000000, -0.5000000000000011102 ) ) ;
#3592 = B_SPLINE_CURVE_WITH_KNOTS ( 'NONE', 1,
 ( #1304, #2095 ),
 .UNSPECIFIED., .F., .F.,
 ( 2, 2 ),
 ( 0.000000000000000000, 1.000000000000000000 ),
 .UNSPECIFIED. ) ;
#3593 = CARTESIAN_POINT ( 'NONE',  ( -50.33578643762698590, 1.000000000000000888, 66.83578643762680827 ) ) ;
#3594 = CARTESIAN_POINT ( 'NONE',  ( -17.93209071412918121, 13.97775774698807183, 36.70386247790307976 ) ) ;
#3595 = VECTOR ( 'NONE', #362, 1000.000000000000114 ) ;
#3596 = EDGE_LOOP ( 'NONE', ( #1816, #1128, #3555, #1944 ) ) ;
#3597 = CARTESIAN_POINT ( 'NONE',  ( -25.63589502024322897, 16.24634292034216898, 8.138293299937426895 ) ) ;
#3598 = CARTESIAN_POINT ( 'NONE',  ( -2.250000000000038636, 14.00000000000000000, 34.24999999999999289 ) ) ;
#3599 = CARTESIAN_POINT ( 'NONE',  ( -11.24747765505440000, 13.31906827740778354, 39.44878842459050361 ) ) ;
#3600 = PLANE ( 'NONE',  #1624 ) ;
#3601 = EDGE_LOOP ( 'NONE', ( #3499, #3117, #3785, #1194 ) ) ;
#3602 = ORIENTED_EDGE ( 'NONE', *, *, #1925, .F. ) ;
#3603 = FACE_OUTER_BOUND ( 'NONE', #4931, .T. ) ;
#3604 = CARTESIAN_POINT ( 'NONE',  ( -26.87670034887840131, 15.60766115662855746, 1.308731235184369401 ) ) ;
#3605 = CARTESIAN_POINT ( 'NONE',  ( -40.41459088992159820, 12.89461043431572307, 23.03330386529850671 ) ) ;
#3606 = EDGE_CURVE ( 'NONE', #1643, #610, #503, .T. ) ;
#3607 = CARTESIAN_POINT ( 'NONE',  ( -25.70433879276592748, 15.49525099303630071, 15.24999248157394405 ) ) ;
#3608 = LINE ( 'NONE', #683, #3148 ) ;
#3609 = CARTESIAN_POINT ( 'NONE',  ( 0.000000000000000000, 1.000000000000000888, 65.00000000000000000 ) ) ;
#3610 = ORIENTED_EDGE ( 'NONE', *, *, #2810, .F. ) ;
#3611 = FACE_OUTER_BOUND ( 'NONE', #2792, .T. ) ;
#3612 = CARTESIAN_POINT ( 'NONE',  ( -51.75000000000005684, 6.999999999999999112, 65.42157287525370180 ) ) ;
#3613 = DIRECTION ( 'NONE',  ( -0.7071067811865515695, 0.000000000000000000, -0.7071067811865435759 ) ) ;
#3614 = EDGE_CURVE ( 'NONE', #2512, #5396, #1504, .T. ) ;
#3615 = CONICAL_SURFACE ( 'NONE', #1208, 7.999999999999979572, 0.7853981633974479459 ) ;
#3616 = ADVANCED_FACE ( 'NONE', ( #869 ), #5239, .F. ) ;
#3617 = CARTESIAN_POINT ( 'NONE',  ( -31.07453098655344448, 6.459115538410709512, 50.55563183770841817 ) ) ;
#3618 = CARTESIAN_POINT ( 'NONE',  ( -18.00033905005906121, 7.259172785614778967, 50.18214469040458425 ) ) ;
#3619 = VERTEX_POINT ( 'NONE', #4637 ) ;
#3620 = DIRECTION ( 'NONE',  ( 1.000000000000000000, -0.000000000000000000, -0.000000000000000000 ) ) ;
#3621 = CARTESIAN_POINT ( 'NONE',  ( -19.67214489112247122, 7.360483565271986883, 49.99997980263746911 ) ) ;
#3622 = ADVANCED_FACE ( 'NONE', ( #5053 ), #2571, .T. ) ;
#3623 = PLANE ( 'NONE',  #1430 ) ;
#3624 = EDGE_CURVE ( 'NONE', #4108, #2082, #3367, .T. ) ;
#3625 = VECTOR ( 'NONE', #168, 1000.000000000000000 ) ;
#3626 = CARTESIAN_POINT ( 'NONE',  ( -25.10397103324823576, 13.20425788951743407, 41.67298528356676712 ) ) ;
#3627 = ADVANCED_FACE ( 'NONE', ( #4665 ), #513, .F. ) ;
#3628 = B_SPLINE_CURVE_WITH_KNOTS ( 'NONE', 3,
 ( #1062, #5337, #644, #4969 ),
 .UNSPECIFIED., .F., .F.,
 ( 4, 4 ),
 ( 0.001746214056451341487, 0.003247326812148269674 ),
 .UNSPECIFIED. ) ;
#3629 = VERTEX_POINT ( 'NONE', #2989 ) ;
#3630 = AXIS2_PLACEMENT_3D ( 'NONE', #4317, #1418, #497 ) ;
#3631 = EDGE_LOOP ( 'NONE', ( #1027, #3018, #3991, #4735 ) ) ;
#3632 = CARTESIAN_POINT ( 'NONE',  ( -10.83235395431700887, 13.83098042905937675, 37.65247096719131292 ) ) ;
#3633 = DIRECTION ( 'NONE',  ( 0.000000000000000000, 1.000000000000000000, 0.000000000000000000 ) ) ;
#3634 = CIRCLE ( 'NONE', #2747, 26.99999999999998224 ) ;
#3635 = CARTESIAN_POINT ( 'NONE',  ( -25.51118530729792511, 15.55408171657222560, 5.058068508275814779 ) ) ;
#3636 = CARTESIAN_POINT ( 'NONE',  ( -19.19096522777130431, 14.00000000000000533, 37.05503746317830149 ) ) ;
#3637 = CARTESIAN_POINT ( 'NONE',  ( -9.544810835068311405, 0.2499496567962670168, 59.50410666566318696 ) ) ;
#3638 = DIRECTION ( 'NONE',  ( 0.000000000000000000, 0.000000000000000000, -1.000000000000000000 ) ) ;
#3639 = ADVANCED_FACE ( 'NONE', ( #4269 ), #2157, .F. ) ;
#3640 = CARTESIAN_POINT ( 'NONE',  ( -10.24999999999998934, 4.000000000000000000, 35.82050807568871420 ) ) ;
#3641 = ORIENTED_EDGE ( 'NONE', *, *, #204, .F. ) ;
#3642 = CARTESIAN_POINT ( 'NONE',  ( -17.02032809431873162, 7.198568618158097010, 50.33517283789026209 ) ) ;
#3643 = LINE ( 'NONE', #4065, #2871 ) ;
#3644 = CARTESIAN_POINT ( 'NONE',  ( -23.92569546939782654, 14.00000000000000000, 39.58304597993991081 ) ) ;
#3645 = CARTESIAN_POINT ( 'NONE',  ( -50.49999999999998579, 9.381197846482995928, 31.17157287525377640 ) ) ;
#3646 = FACE_OUTER_BOUND ( 'NONE', #3164, .T. ) ;
#3647 = PERSON_AND_ORGANIZATION_ROLE ( 'creator' ) ;
#3648 = ORIENTED_EDGE ( 'NONE', *, *, #2807, .F. ) ;
#3649 = AXIS2_PLACEMENT_3D ( 'NONE', #5417, #3838, #1165 ) ;
#3650 = ORIENTED_EDGE ( 'NONE', *, *, #1474, .F. ) ;
#3651 = CARTESIAN_POINT ( 'NONE',  ( -24.65636420315166788, 15.99442082923031805, 8.393570073714526458 ) ) ;
#3652 = EDGE_CURVE ( 'NONE', #2350, #4823, #4776, .T. ) ;
#3653 = DIRECTION ( 'NONE',  ( 0.000000000000000000, 1.000000000000000000, 0.000000000000000000 ) ) ;
#3654 = VECTOR ( 'NONE', #2738, 1000.000000000000000 ) ;
#3655 = LINE ( 'NONE', #1960, #1522 ) ;
#3656 = AXIS2_PLACEMENT_3D ( 'NONE', #5525, #3839, #2616 ) ;
#3657 = CARTESIAN_POINT ( 'NONE',  ( -24.04957322624445837, 13.37220839392827720, 40.78814303834104038 ) ) ;
#3658 = EDGE_LOOP ( 'NONE', ( #2867, #2148, #4961, #4018 ) ) ;
#3659 = ORIENTED_EDGE ( 'NONE', *, *, #319, .T. ) ;
#3660 = DIRECTION ( 'NONE',  ( 0.000000000000000000, -1.000000000000000000, 0.000000000000000000 ) ) ;
#3661 = LINE ( 'NONE', #5371, #2682 ) ;
#3662 = CARTESIAN_POINT ( 'NONE',  ( -25.75629717926290496, 16.18436811937787922, -7.740070141993162345 ) ) ;
#3663 = CARTESIAN_POINT ( 'NONE',  ( -17.51880063890109795, 13.99999999999999822, 36.28486238015241838 ) ) ;
#3664 = CIRCLE ( 'NONE', #1257, 2.000000000000001776 ) ;
#3665 = CARTESIAN_POINT ( 'NONE',  ( -50.50000000000000000, 7.071796769724485898, 0.000000000000000000 ) ) ;
#3666 = LINE ( 'NONE', #5433, #5474 ) ;
#3667 = DIRECTION ( 'NONE',  ( -0.000000000000000000, 0.7071067811865482389, -0.7071067811865469066 ) ) ;
#3668 = ORIENTED_EDGE ( 'NONE', *, *, #924, .F. ) ;
#3669 = DIRECTION ( 'NONE',  ( 0.000000000000000000, 0.000000000000000000, 1.000000000000000000 ) ) ;
#3670 = DIRECTION ( 'NONE',  ( 0.7071067811865439090, -0.000000000000000000, 0.7071067811865512365 ) ) ;
#3671 = VECTOR ( 'NONE', #4200, 1000.000000000000000 ) ;
#3672 = CARTESIAN_POINT ( 'NONE',  ( -31.25000000000000000, 17.78035457054157220, 2.750000000000003553 ) ) ;
#3673 = VERTEX_POINT ( 'NONE', #3914 ) ;
#3674 = FACE_OUTER_BOUND ( 'NONE', #584, .T. ) ;
#3675 = FACE_OUTER_BOUND ( 'NONE', #5402, .T. ) ;
#3676 = APPROVAL_ROLE ( '' ) ;
#3677 = ORIENTED_EDGE ( 'NONE', *, *, #5400, .F. ) ;
#3678 = ORIENTED_EDGE ( 'NONE', *, *, #4575, .F. ) ;
#3679 = LINE ( 'NONE', #5389, #3808 ) ;
#3680 = EDGE_CURVE ( 'NONE', #1319, #2711, #3077, .T. ) ;
#3681 = CYLINDRICAL_SURFACE ( 'NONE', #4634, 2.000000000000001776 ) ;
#3682 = EDGE_CURVE ( 'NONE', #4823, #2, #66, .T. ) ;
#3683 = LINE ( 'NONE', #673, #2948 ) ;
#3684 = CARTESIAN_POINT ( 'NONE',  ( -24.77040430432575491, 13.25830175482420614, 41.38263411111634582 ) ) ;
#3685 = ORIENTED_EDGE ( 'NONE', *, *, #4980, .T. ) ;
#3686 = ORIENTED_EDGE ( 'NONE', *, *, #2559, .F. ) ;
#3687 = CARTESIAN_POINT ( 'NONE',  ( -15.97326969782064054, 6.110248007715335383, 51.46053068908012307 ) ) ;
#3688 = CARTESIAN_POINT ( 'NONE',  ( -6.249999999999991118, 17.78035457054157220, 31.25000000000000000 ) ) ;
#3689 = B_SPLINE_CURVE_WITH_KNOTS ( 'NONE', 1,
 ( #695, #2874 ),
 .UNSPECIFIED., .F., .F.,
 ( 2, 2 ),
 ( 0.000000000000000000, 1.000000000000000000 ),
 .UNSPECIFIED. ) ;
#3690 = CARTESIAN_POINT ( 'NONE',  ( -21.34677582789589678, 13.99999999999999822, 38.11252083258219869 ) ) ;
#3691 = ORIENTED_EDGE ( 'NONE', *, *, #1474, .T. ) ;
#3692 = CARTESIAN_POINT ( 'NONE',  ( -25.86909698029196747, 15.41677473417985134, 15.54165442805973996 ) ) ;
#3693 = FACE_OUTER_BOUND ( 'NONE', #2906, .T. ) ;
#3694 = CARTESIAN_POINT ( 'NONE',  ( -24.88750402124150440, 15.88432475818448530, 7.524104172105012367 ) ) ;
#3695 = EDGE_CURVE ( 'NONE', #4136, #647, #418, .T. ) ;
#3696 = CARTESIAN_POINT ( 'NONE',  ( -36.19974746830612844, 12.99999999999996625, 26.30025253169416288 ) ) ;
#3697 = DIRECTION ( 'NONE',  ( -0.000000000000000000, 0.000000000000000000, -1.000000000000000000 ) ) ;
#3698 = DIRECTION ( 'NONE',  ( 0.000000000000000000, 1.000000000000000000, -0.000000000000000000 ) ) ;
#3699 = EDGE_CURVE ( 'NONE', #5180, #3836, #1842, .T. ) ;
#3700 = EDGE_LOOP ( 'NONE', ( #2245, #1055, #3320, #818 ) ) ;
#3701 = CARTESIAN_POINT ( 'NONE',  ( -31.25000000000032685, 12.99999999999996625, 31.25000000000002132 ) ) ;
#3702 = LINE ( 'NONE', #1642, #3128 ) ;
#3703 = VERTEX_POINT ( 'NONE', #1788 ) ;
#3704 = EDGE_LOOP ( 'NONE', ( #1274, #716, #841, #4490, #3875, #1150, #4595, #5415, #4920, #3678, #948, #702, #4904, #2977, #4026, #3177, #1963, #431, #1781, #3313, #2680, #542, #1738, #2537, #4560, #2778, #1117, #943, #779, #4765, #3764 ) ) ;
#3705 = DIRECTION ( 'NONE',  ( 0.000000000000000000, 0.000000000000000000, 1.000000000000000000 ) ) ;
#3706 = B_SPLINE_CURVE_WITH_KNOTS ( 'NONE', 1,
 ( #843, #813 ),
 .UNSPECIFIED., .F., .F.,
 ( 2, 2 ),
 ( 0.000000000000000000, 0.0009493851730700757045 ),
 .UNSPECIFIED. ) ;
#3707 = AXIS2_PLACEMENT_3D ( 'NONE', #4956, #4591, #1100 ) ;
#3708 = LINE ( 'NONE', #3421, #2942 ) ;
#3709 = DIRECTION ( 'NONE',  ( 0.000000000000000000, -1.000000000000000000, 0.000000000000000000 ) ) ;
#3710 = LINE ( 'NONE', #5366, #747 ) ;
#3711 = EDGE_LOOP ( 'NONE', ( #1888, #3314, #2998, #4911, #4567, #5455, #504, #4390 ) ) ;
#3712 = DIRECTION ( 'NONE',  ( -0.000000000000000000, -1.000000000000000000, -0.000000000000000000 ) ) ;
#3713 = ORIENTED_EDGE ( 'NONE', *, *, #2646, .F. ) ;
#3714 = DIRECTION ( 'NONE',  ( -0.7071067811865479058, 0.000000000000000000, -0.7071067811865472397 ) ) ;
#3715 = CARTESIAN_POINT ( 'NONE',  ( -6.575000000000028599, 7.071796769724485898, 41.14999999999992752 ) ) ;
#3716 = DIRECTION ( 'NONE',  ( -0.7071067811865474617, -0.000000000000000000, -0.7071067811865474617 ) ) ;
#3717 = CIRCLE ( 'NONE', #5333, 2.000000000000001776 ) ;
#3718 = ORIENTED_EDGE ( 'NONE', *, *, #275, .F. ) ;
#3719 = CARTESIAN_POINT ( 'NONE',  ( -42.81783724519574008, 13.00000000000000178, 26.31783724519565126 ) ) ;
#3720 = CARTESIAN_POINT ( 'NONE',  ( -3.017857142857148123, 0.000000000000000000, 25.82426258899382887 ) ) ;
#3721 = CARTESIAN_POINT ( 'NONE',  ( -43.67957864020584680, 18.00000000000000355, 60.17957864020575443 ) ) ;
#3722 = CARTESIAN_POINT ( 'NONE',  ( -47.01171607843062361, 4.000000000000000000, 30.51171607843058098 ) ) ;
#3723 = CARTESIAN_POINT ( 'NONE',  ( -8.913175155448733733, 12.99958109242822601, 36.75236065125840668 ) ) ;
#3724 = CARTESIAN_POINT ( 'NONE',  ( -18.21890213107354839, 6.369095423224574226, 50.69736944869821826 ) ) ;
#3725 = ADVANCED_FACE ( 'NONE', ( #91 ), #144, .F. ) ;
#3726 = ORIENTED_EDGE ( 'NONE', *, *, #2169, .T. ) ;
#3727 = DIRECTION ( 'NONE',  ( -0.000000000000000000, 1.000000000000000000, -0.000000000000000000 ) ) ;
#3728 = CARTESIAN_POINT ( 'NONE',  ( 0.000000000000000000, 7.071796769724485898, 0.000000000000000000 ) ) ;
#3729 = ORIENTED_EDGE ( 'NONE', *, *, #911, .F. ) ;
#3730 = ORIENTED_EDGE ( 'NONE', *, *, #483, .T. ) ;
#3731 = DIRECTION ( 'NONE',  ( -0.000000000000000000, 1.000000000000000000, -0.000000000000000000 ) ) ;
#3732 = ORIENTED_EDGE ( 'NONE', *, *, #414, .F. ) ;
#3733 = LINE ( 'NONE', #2542, #3801 ) ;
#3734 = ORIENTED_EDGE ( 'NONE', *, *, #2596, .T. ) ;
#3735 = CARTESIAN_POINT ( 'NONE',  ( -10.24999999999999289, 7.071796769724485898, 40.49999999999999289 ) ) ;
#3736 = CARTESIAN_POINT ( 'NONE',  ( -15.44867433994136974, 6.077409550230127522, 51.72790041471120048 ) ) ;
#3737 = AXIS2_PLACEMENT_3D ( 'NONE', #4689, #4718, #3427 ) ;
#3738 = DIRECTION ( 'NONE',  ( -0.6546536707079815276, -0.3779644730092241445, 0.6546536707079747552 ) ) ;
#3739 = CYLINDRICAL_SURFACE ( 'NONE', #195, 3.500000000000000000 ) ;
#3740 = AXIS2_PLACEMENT_3D ( 'NONE', #4138, #4082, #254 ) ;
#3741 = ORIENTED_EDGE ( 'NONE', *, *, #4379, .F. ) ;
#3742 = ADVANCED_FACE ( 'NONE', ( #5221 ), #3542, .T. ) ;
#3743 = CARTESIAN_POINT ( 'NONE',  ( -39.58304597993990370, 13.99999999999999822, 23.92569546939779102 ) ) ;
#3744 = DIRECTION ( 'NONE',  ( -1.000000000000000000, 0.000000000000000000, -7.228014483236699514E-16 ) ) ;
#3745 = CARTESIAN_POINT ( 'NONE',  ( -10.07499999999999751, 0.4419121608199264029, 57.58681240552199654 ) ) ;
#3746 = EDGE_CURVE ( 'NONE', #5431, #241, #4752, .T. ) ;
#3747 = DIRECTION ( 'NONE',  ( -1.000000000000000000, 0.000000000000000000, 0.000000000000000000 ) ) ;
#3748 = CARTESIAN_POINT ( 'NONE',  ( -39.18461646965692324, 13.68948747383049103, 21.82172247984365754 ) ) ;
#3749 = CARTESIAN_POINT ( 'NONE',  ( -18.52252209804991523, 7.281668584253868204, 50.13649135415843006 ) ) ;
#3750 = AXIS2_PLACEMENT_3D ( 'NONE', #3531, #463, #917 ) ;
#3751 = ORIENTED_EDGE ( 'NONE', *, *, #4389, .T. ) ;
#3752 = CIRCLE ( 'NONE', #5008, 26.00000000000000355 ) ;
#3753 = CARTESIAN_POINT ( 'NONE',  ( -9.249999999999960920, 7.071796769724485898, 60.50000000000000000 ) ) ;
#3754 = EDGE_CURVE ( 'NONE', #1319, #3047, #3126, .T. ) ;
#3755 = CARTESIAN_POINT ( 'NONE',  ( -65.42157287525370180, 6.999999999999999112, 51.75000000000007105 ) ) ;
#3756 = CIRCLE ( 'NONE', #3497, 3.499999999999999556 ) ;
#3757 = ORIENTED_EDGE ( 'NONE', *, *, #4845, .F. ) ;
#3758 = EDGE_LOOP ( 'NONE', ( #575, #2930, #1780, #1005 ) ) ;
#3759 = CARTESIAN_POINT ( 'NONE',  ( -6.249999999999991118, 11.00000000000000000, 29.14999999999999858 ) ) ;
#3760 = ORIENTED_EDGE ( 'NONE', *, *, #1225, .F. ) ;
#3761 = DIRECTION ( 'NONE',  ( -0.000000000000000000, -1.000000000000000000, -0.000000000000000000 ) ) ;
#3762 = FACE_OUTER_BOUND ( 'NONE', #676, .T. ) ;
#3763 = VECTOR ( 'NONE', #5236, 1000.000000000000114 ) ;
#3764 = ORIENTED_EDGE ( 'NONE', *, *, #4453, .F. ) ;
#3765 = DIRECTION ( 'NONE',  ( 0.000000000000000000, 0.000000000000000000, 1.000000000000000000 ) ) ;
#3766 = CARTESIAN_POINT ( 'NONE',  ( -26.01774104660424314, 14.00000000000000178, 41.15264121441154543 ) ) ;
#3767 = FACE_BOUND ( 'NONE', #3092, .T. ) ;
#3768 = VERTEX_POINT ( 'NONE', #4832 ) ;
#3769 = FACE_OUTER_BOUND ( 'NONE', #2579, .T. ) ;
#3770 = CARTESIAN_POINT ( 'NONE',  ( -18.52252209804991523, 7.281668584253866428, 50.13649135415843006 ) ) ;
#3771 = CARTESIAN_POINT ( 'NONE',  ( -20.24999999999998934, 7.071796769724484122, 50.16666666666665009 ) ) ;
#3772 = DIRECTION ( 'NONE',  ( 0.000000000000000000, 1.000000000000000000, -0.000000000000000000 ) ) ;
#3773 = CARTESIAN_POINT ( 'NONE',  ( -37.67567453287385604, 13.90351486937632508, 19.49604600191884529 ) ) ;
#3774 = CARTESIAN_POINT ( 'NONE',  ( -35.07011213805321859, 6.907375376511330600, 51.86092631271502995 ) ) ;
#3775 = EDGE_LOOP ( 'NONE', ( #827, #4321, #1035, #121 ) ) ;
#3776 = CARTESIAN_POINT ( 'NONE',  ( -58.08469300083804399, 8.000000000000150990, 42.99890656321120019 ) ) ;
#3777 = FACE_BOUND ( 'NONE', #1644, .T. ) ;
#3778 = EDGE_LOOP ( 'NONE', ( #5522, #4152, #2273, #1386 ) ) ;
#3779 = B_SPLINE_CURVE_WITH_KNOTS ( 'NONE', 1,
 ( #2678, #1867 ),
 .UNSPECIFIED., .F., .F.,
 ( 2, 2 ),
 ( 0.000000000000000000, 1.000000000000000000 ),
 .UNSPECIFIED. ) ;
#3780 = ORIENTED_EDGE ( 'NONE', *, *, #4866, .T. ) ;
#3781 = DIRECTION ( 'NONE',  ( 0.000000000000000000, 0.000000000000000000, -1.000000000000000000 ) ) ;
#3782 = EDGE_CURVE ( 'NONE', #4783, #1101, #1003, .T. ) ;
#3783 = VECTOR ( 'NONE', #5161, 1000.000000000000000 ) ;
#3784 = CIRCLE ( 'NONE', #3976, 3.499999999999999556 ) ;
#3785 = ORIENTED_EDGE ( 'NONE', *, *, #475, .F. ) ;
#3786 = PLANE ( 'NONE',  #160 ) ;
#3787 = CARTESIAN_POINT ( 'NONE',  ( -35.18698437329911144, 6.903341970191634758, 51.94505899993596643 ) ) ;
#3788 = EDGE_CURVE ( 'NONE', #2041, #1911, #3099, .T. ) ;
#3789 = ORIENTED_EDGE ( 'NONE', *, *, #4914, .T. ) ;
#3790 = DIRECTION ( 'NONE',  ( 0.000000000000000000, 1.000000000000000000, 0.000000000000000000 ) ) ;
#3791 = LINE ( 'NONE', #4553, #2841 ) ;
#3792 = EDGE_CURVE ( 'NONE', #1516, #1648, #2652, .T. ) ;
#3793 = DIRECTION ( 'NONE',  ( 0.7071067811865474617, -0.7071067811865474617, 0.000000000000000000 ) ) ;
#3794 = ORIENTED_EDGE ( 'NONE', *, *, #4389, .F. ) ;
#3795 = CARTESIAN_POINT ( 'NONE',  ( -40.32886667852284290, 13.46410161513775172, 23.44782396324599816 ) ) ;
#3796 = PLANE ( 'NONE',  #1004 ) ;
#3797 = CARTESIAN_POINT ( 'NONE',  ( -6.470021786647496498, 0.000000000000000000, 41.49999999999999289 ) ) ;
#3798 = CARTESIAN_POINT ( 'NONE',  ( -60.17957864020574732, 18.00000000000000355, 43.67957864020585390 ) ) ;
#3799 = CARTESIAN_POINT ( 'NONE',  ( -9.843766567495826791, 12.88748923152126302, 37.74221708494452798 ) ) ;
#3800 = CARTESIAN_POINT ( 'NONE',  ( -34.63131370023018718, 6.436802018759093968, 51.71193873487149517 ) ) ;
#3801 = VECTOR ( 'NONE', #5454, 1000.000000000000000 ) ;
#3802 = VECTOR ( 'NONE', #189, 1000.000000000000000 ) ;
#3803 = ORIENTED_EDGE ( 'NONE', *, *, #2226, .T. ) ;
#3804 = CARTESIAN_POINT ( 'NONE',  ( -6.249999999999991118, 0.000000000000000000, 31.25000000000000000 ) ) ;
#3805 = CIRCLE ( 'NONE', #4234, 0.9999999999999731326 ) ;
#3806 = CARTESIAN_POINT ( 'NONE',  ( -8.000000000000000000, 1.800000000000000044, 56.89999999999999858 ) ) ;
#3807 = FACE_BOUND ( 'NONE', #2096, .T. ) ;
#3808 = VECTOR ( 'NONE', #1904, 999.9999999999998863 ) ;
#3809 = ORIENTED_EDGE ( 'NONE', *, *, #5449, .T. ) ;
#3810 = ORIENTED_EDGE ( 'NONE', *, *, #3652, .T. ) ;
#3811 = CARTESIAN_POINT ( 'NONE',  ( -42.11073046400919395, 14.00000000000000000, 27.02494402638219739 ) ) ;
#3812 = LINE ( 'NONE', #2151, #3085 ) ;
#3813 = CARTESIAN_POINT ( 'NONE',  ( -26.30025253169451815, 12.99999999999996625, 36.19974746830587264 ) ) ;
#3814 = VECTOR ( 'NONE', #1174, 1000.000000000000000 ) ;
#3815 = EDGE_CURVE ( 'NONE', #1658, #143, #2292, .T. ) ;
#3816 = ADVANCED_FACE ( 'NONE', ( #2624 ), #3567, .F. ) ;
#3817 = ORIENTED_EDGE ( 'NONE', *, *, #2986, .F. ) ;
#3818 = DIRECTION ( 'NONE',  ( -0.000000000000000000, -1.000000000000000000, -0.000000000000000000 ) ) ;
#3819 = CARTESIAN_POINT ( 'NONE',  ( -36.45518309879003738, 6.877799421240315070, 52.97623887231298312 ) ) ;
#3820 = CIRCLE ( 'NONE', #1422, 9.000000000000021316 ) ;
#3821 = ORIENTED_EDGE ( 'NONE', *, *, #3172, .F. ) ;
#3822 = CARTESIAN_POINT ( 'NONE',  ( -36.92893218813451739, 7.071796769724485898, 53.42893218813448186 ) ) ;
#3823 = CARTESIAN_POINT ( 'NONE',  ( 0.000000000000000000, 0.000000000000000000, 0.000000000000000000 ) ) ;
#3824 = EDGE_CURVE ( 'NONE', #4570, #1911, #2923, .T. ) ;
#3825 = CARTESIAN_POINT ( 'NONE',  ( -42.19997452162987628, 13.10869902486864902, 25.68044901403648339 ) ) ;
#3826 = ORIENTED_EDGE ( 'NONE', *, *, #442, .F. ) ;
#3827 = DIRECTION ( 'NONE',  ( 0.7071067811865474617, 0.7071067811865474617, 0.000000000000000000 ) ) ;
#3828 = CARTESIAN_POINT ( 'NONE',  ( -19.67177912826334563, 7.360483572652962714, 49.99997978985321367 ) ) ;
#3829 = CARTESIAN_POINT ( 'NONE',  ( -39.54115441415184762, 13.62716995464932701, 22.35121403370090221 ) ) ;
#3830 = VECTOR ( 'NONE', #2888, 1000.000000000000000 ) ;
#3831 = CARTESIAN_POINT ( 'NONE',  ( -17.68721925240739523, 13.98847846524474114, 36.55217545282677349 ) ) ;
#3832 = CARTESIAN_POINT ( 'NONE',  ( -37.65467895819544708, 14.00000000000000000, 20.43923878378340575 ) ) ;
#3833 = CONICAL_SURFACE ( 'NONE', #1790, 10.99999999999999645, 0.7853981633974586041 ) ;
#3834 = CARTESIAN_POINT ( 'NONE',  ( -34.40863543220827836, 6.410060442449355911, 51.59459031375630644 ) ) ;
#3835 = EDGE_LOOP ( 'NONE', ( #1269, #2538, #3842, #4946 ) ) ;
#3836 = VERTEX_POINT ( 'NONE', #4435 ) ;
#3837 = DIRECTION ( 'NONE',  ( -0.000000000000000000, -1.000000000000000000, -0.000000000000000000 ) ) ;
#3838 = DIRECTION ( 'NONE',  ( 0.4999999999999976130, -0.7071067811865472397, 0.5000000000000027756 ) ) ;
#3839 = DIRECTION ( 'NONE',  ( 0.000000000000000000, -1.000000000000000000, 0.000000000000000000 ) ) ;
#3840 = ORIENTED_EDGE ( 'NONE', *, *, #3382, .T. ) ;
#3841 = AXIS2_PLACEMENT_3D ( 'NONE', #3804, #4682, #5046 ) ;
#3842 = ORIENTED_EDGE ( 'NONE', *, *, #4944, .F. ) ;
#3843 = CARTESIAN_POINT ( 'NONE',  ( -38.50816766360421894, 8.969412442279116604, 28.60867272699223207 ) ) ;
#3844 = CARTESIAN_POINT ( 'NONE',  ( -49.50000000000000000, 0.000000000000000000, 0.000000000000000000 ) ) ;
#3845 = B_SPLINE_CURVE_WITH_KNOTS ( 'NONE', 1,
 ( #289, #1550 ),
 .UNSPECIFIED., .F., .F.,
 ( 2, 2 ),
 ( 0.000000000000000000, 1.000000000000000000 ),
 .UNSPECIFIED. ) ;
#3846 = VECTOR ( 'NONE', #2016, 1000.000000000000000 ) ;
#3847 = VECTOR ( 'NONE', #3150, 1000.000000000000000 ) ;
#3848 = CARTESIAN_POINT ( 'NONE',  ( 0.000000000000000000, 0.000000000000000000, 0.000000000000000000 ) ) ;
#3849 = ORIENTED_EDGE ( 'NONE', *, *, #1900, .F. ) ;
#3850 = DIRECTION ( 'NONE',  ( 0.7071067811865475727, 0.000000000000000000, -0.7071067811865475727 ) ) ;
#3851 = DIRECTION ( 'NONE',  ( -1.000000000000000000, 0.000000000000000000, -5.062390359345617340E-16 ) ) ;
#3852 = ADVANCED_FACE ( 'NONE', ( #532, #2681 ), #3881, .F. ) ;
#3853 = EDGE_CURVE ( 'NONE', #5320, #5431, #5169, .T. ) ;
#3854 = EDGE_LOOP ( 'NONE', ( #5388, #489 ) ) ;
#3855 = CARTESIAN_POINT ( 'NONE',  ( -35.60392811096570398, 6.588848436494298078, 52.31525332970537789 ) ) ;
#3856 = PERSON_AND_ORGANIZATION ( #2808, #1058 ) ;
#3857 = DIRECTION ( 'NONE',  ( 0.7071067811865474617, 0.000000000000000000, 0.7071067811865474617 ) ) ;
#3858 = VECTOR ( 'NONE', #1264, 1000.000000000000114 ) ;
#3859 = ADVANCED_FACE ( 'NONE', ( #2344 ), #5144, .T. ) ;
#3860 = EDGE_CURVE ( 'NONE', #2299, #1439, #274, .T. ) ;
#3861 = ORIENTED_EDGE ( 'NONE', *, *, #2765, .T. ) ;
#3862 = CIRCLE ( 'NONE', #5292, 2.000000000000001776 ) ;
#3863 = CARTESIAN_POINT ( 'NONE',  ( -9.463551756712170970, 12.97113485841208558, 37.22269076894721707 ) ) ;
#3864 = CARTESIAN_POINT ( 'NONE',  ( -19.09356505502582735, 7.334106859742056450, 50.04566559675158999 ) ) ;
#3865 = CARTESIAN_POINT ( 'NONE',  ( -37.87974221678862108, 14.00000000000000178, 20.89931061352799091 ) ) ;
#3866 = CARTESIAN_POINT ( 'NONE',  ( -36.24885336242188316, 14.00000000000000178, 17.43944935411455077 ) ) ;
#3867 = CARTESIAN_POINT ( 'NONE',  ( -34.75540689764169144, 6.920660857115974451, 51.64503474562538798 ) ) ;
#3868 = ORIENTED_EDGE ( 'NONE', *, *, #4579, .T. ) ;
#3869 = EDGE_CURVE ( 'NONE', #1696, #4325, #2843, .T. ) ;
#3870 = LINE ( 'NONE', #3981, #111 ) ;
#3871 = CARTESIAN_POINT ( 'NONE',  ( -3.250000000000009770, 12.99999999999996625, 36.25000000000000000 ) ) ;
#3872 = LINE ( 'NONE', #4289, #4909 ) ;
#3873 = VERTEX_POINT ( 'NONE', #2371 ) ;
#3874 = EDGE_CURVE ( 'NONE', #3768, #4315, #1562, .T. ) ;
#3875 = ORIENTED_EDGE ( 'NONE', *, *, #2631, .T. ) ;
#3876 = DIRECTION ( 'NONE',  ( 0.000000000000000000, -0.8660254037844397068, -0.4999999999999982792 ) ) ;
#3877 = EDGE_CURVE ( 'NONE', #4023, #175, #3257, .T. ) ;
#3878 = LINE ( 'NONE', #2594, #4952 ) ;
#3879 = LINE ( 'NONE', #926, #1454 ) ;
#3880 = ORIENTED_EDGE ( 'NONE', *, *, #3614, .T. ) ;
#3881 = PLANE ( 'NONE',  #1939 ) ;
#3882 = CARTESIAN_POINT ( 'NONE',  ( -35.67539630432287368, 6.889628043276566416, 52.31305558600010386 ) ) ;
#3883 = ORIENTED_EDGE ( 'NONE', *, *, #2155, .F. ) ;
#3884 = EDGE_CURVE ( 'NONE', #950, #4851, #3452, .T. ) ;
#3885 = CARTESIAN_POINT ( 'NONE',  ( -32.91868091774524885, 6.320622998942223347, 50.97957058277720677 ) ) ;
#3886 = DIRECTION ( 'NONE',  ( -0.7071067811865512365, 0.000000000000000000, 0.7071067811865439090 ) ) ;
#3887 =( BOUNDED_CURVE ( )  B_SPLINE_CURVE ( 3, ( #4250, #429, #2142, #2749 ),
 .UNSPECIFIED., .F., .F. ) 
 B_SPLINE_CURVE_WITH_KNOTS ( ( 4, 4 ),
 ( 4.188790204786393190, 4.712388980384689674 ),
 .UNSPECIFIED. ) 
 CURVE ( )  GEOMETRIC_REPRESENTATION_ITEM ( )  RATIONAL_B_SPLINE_CURVE ( ( 1.000000000000000000, 0.9772838841927123932, 0.9772838841927123932, 1.000000000000000000 ) ) 
 REPRESENTATION_ITEM ( '' )  );
#3888 = CARTESIAN_POINT ( 'NONE',  ( -40.89766489003938688, 13.35084803994852720, 24.18670255594124541 ) ) ;
#3889 = EDGE_CURVE ( 'NONE', #646, #4231, #3679, .T. ) ;
#3890 = AXIS2_PLACEMENT_3D ( 'NONE', #797, #2085, #3029 ) ;
#3891 = ORIENTED_EDGE ( 'NONE', *, *, #4782, .T. ) ;
#3892 = CARTESIAN_POINT ( 'NONE',  ( -7.249999999999992006, 12.98189960618428174, 36.25000000000000000 ) ) ;
#3893 = CARTESIAN_POINT ( 'NONE',  ( -5.656854249492341502, 8.000000000000000000, -5.656854249492394793 ) ) ;
#3894 = CARTESIAN_POINT ( 'NONE',  ( -36.22884025377756956, 13.99999999999999645, 17.39531700911242851 ) ) ;
#3895 = B_SPLINE_CURVE_WITH_KNOTS ( 'NONE', 3,
 ( #56, #4348, #4233, #31 ),
 .UNSPECIFIED., .F., .F.,
 ( 4, 4 ),
 ( 0.000000000000000000, 1.000000000000000000 ),
 .UNSPECIFIED. ) ;
#3896 = CARTESIAN_POINT ( 'NONE',  ( -35.98063199883204533, 6.883546125899975721, 52.55882757714175568 ) ) ;
#3897 = ORIENTED_EDGE ( 'NONE', *, *, #2196, .T. ) ;
#3898 = CARTESIAN_POINT ( 'NONE',  ( -5.656854249492341502, 8.000000000000000000, -5.656854249492394793 ) ) ;
#3899 = CARTESIAN_POINT ( 'NONE',  ( -24.88750402124150440, 15.88432475818448530, 7.524104172105012367 ) ) ;
#3900 = LINE ( 'NONE', #4684, #3456 ) ;
#3901 = ORIENTED_EDGE ( 'NONE', *, *, #319, .F. ) ;
#3902 = VECTOR ( 'NONE', #2878, 1000.000000000000000 ) ;
#3903 = PLANE ( 'NONE',  #3082 ) ;
#3904 = DIRECTION ( 'NONE',  ( 0.4999999999999929501, -0.7071067811865471286, -0.5000000000000076605 ) ) ;
#3905 = CARTESIAN_POINT ( 'NONE',  ( -10.24999999999998757, 6.071796769724454812, 63.00000000000000000 ) ) ;
#3906 = EDGE_CURVE ( 'NONE', #1911, #3968, #1945, .T. ) ;
#3907 = B_SPLINE_CURVE_WITH_KNOTS ( 'NONE', 3,
 ( #65, #875, #4242, #4700, #2606, #4218, #3825, #9, #5115, #2577, #1682, #1712, #4303, #5143, #419, #2131, #3347, #452, #38, #390, #3405, #1286, #3024, #2995, #2189, #2164, #1741, #2103, #3888, #4644, #1766, #481, #3433 ),
 .UNSPECIFIED., .F., .F.,
 ( 4, 2, 2, 1, 1, 1, 1, 2, 2, 2, 1, 1, 1, 2, 2, 2, 1, 1, 2, 2, 4 ),
 ( 0.000000000000000000, 0.1250000000000756617, 0.1875000000001134093, 0.2187500000001313671, 0.2343750000001402489, 0.2421875000001447176, 0.2460937500001495193, 0.2480468750001477707, 0.2500000000001460498, 0.3750000000000957567, 0.4375000000000705547, 0.4687500000000599520, 0.4843750000000565659, 0.4921875000000548450, 0.5000000000000530687, 0.6250000000000617284, 0.6875000000000688338, 0.7187500000000724976, 0.7343750000000713873, 0.7500000000000702771, 1.000000000000000000 ),
 .UNSPECIFIED. ) ;
#3908 = AXIS2_PLACEMENT_3D ( 'NONE', #404, #1243, #2202 ) ;
#3909 = AXIS2_PLACEMENT_3D ( 'NONE', #3315, #5476, #5499 ) ;
#3910 = DIRECTION ( 'NONE',  ( 2.124151195073640555E-16, 0.000000000000000000, 1.000000000000000000 ) ) ;
#3911 = CARTESIAN_POINT ( 'NONE',  ( -20.24999999999998934, 1.000000000000000888, 50.49999999999999289 ) ) ;
#3912 = VECTOR ( 'NONE', #2764, 1000.000000000000000 ) ;
#3913 = ORIENTED_EDGE ( 'NONE', *, *, #1486, .F. ) ;
#3914 = CARTESIAN_POINT ( 'NONE',  ( -6.249999999999991118, 14.00000000000000000, 34.75000000000000000 ) ) ;
#3915 = CARTESIAN_POINT ( 'NONE',  ( -33.23517669719500134, 7.039004684602513606, 50.76800285255502843 ) ) ;
#3916 = ORIENTED_EDGE ( 'NONE', *, *, #2807, .T. ) ;
#3917 = CARTESIAN_POINT ( 'NONE',  ( -32.52874042002145671, 6.325822467974234975, 50.86251425511152746 ) ) ;
#3918 = CARTESIAN_POINT ( 'NONE',  ( -17.10302301152656312, 6.235319274313021687, 51.00778567598533186 ) ) ;
#3919 = CARTESIAN_POINT ( 'NONE',  ( -49.41706725564241509, 12.33238089795296588, 32.91706725564240088 ) ) ;
#3920 = LOCAL_TIME ( 15, 28, 33.00000000000000000, #1982 ) ;
#3921 = ORIENTED_EDGE ( 'NONE', *, *, #1071, .T. ) ;
#3922 = CARTESIAN_POINT ( 'NONE',  ( -8.768951492487328636, 13.00004272048927234, 36.66248024567514108 ) ) ;
#3923 = AXIS2_PLACEMENT_3D ( 'NONE', #2562, #5524, #1592 ) ;
#3924 = CARTESIAN_POINT ( 'NONE',  ( -37.77305100787698677, 14.00000000000000178, 20.67857591813775997 ) ) ;
#3925 = CARTESIAN_POINT ( 'NONE',  ( -22.67175367331553204, 14.00000000000000178, 38.82778797516908043 ) ) ;
#3926 = ADVANCED_FACE ( 'NONE', ( #242 ), #1590, .T. ) ;
#3927 = ORIENTED_EDGE ( 'NONE', *, *, #2943, .T. ) ;
#3928 = EDGE_CURVE ( 'NONE', #701, #3332, #2762, .T. ) ;
#3929 = CARTESIAN_POINT ( 'NONE',  ( -11.25000000000009237, 7.071796769724485898, 50.93476573112804573 ) ) ;
#3930 = DIRECTION ( 'NONE',  ( 0.7071067811865512365, 0.000000000000000000, -0.7071067811865439090 ) ) ;
#3931 = CARTESIAN_POINT ( 'NONE',  ( 0.000000000000000000, 7.071796769724485898, 0.000000000000000000 ) ) ;
#3932 = VECTOR ( 'NONE', #790, 1000.000000000000000 ) ;
#3933 = EDGE_LOOP ( 'NONE', ( #2118, #5175, #4616, #5077, #5283, #1729, #534, #2100 ) ) ;
#3934 = VECTOR ( 'NONE', #5302, 1000.000000000000114 ) ;
#3935 = ORIENTED_EDGE ( 'NONE', *, *, #2713, .T. ) ;
#3936 = DIRECTION ( 'NONE',  ( 0.000000000000000000, 0.000000000000000000, 1.000000000000000000 ) ) ;
#3937 = DIRECTION ( 'NONE',  ( 0.000000000000000000, 0.000000000000000000, -1.000000000000000000 ) ) ;
#3938 = EDGE_CURVE ( 'NONE', #4979, #950, #3689, .T. ) ;
#3939 = CARTESIAN_POINT ( 'NONE',  ( -10.25000000000000000, 9.071796769724485898, 51.03589838486223584 ) ) ;
#3940 = CARTESIAN_POINT ( 'NONE',  ( -10.07499999999999751, 1.800000000000000044, 59.19800180856846339 ) ) ;
#3941 = VERTEX_POINT ( 'NONE', #4996 ) ;
#3942 = DIRECTION ( 'NONE',  ( 1.000000000000000000, -0.000000000000000000, -0.000000000000000000 ) ) ;
#3943 = VECTOR ( 'NONE', #750, 1000.000000000000114 ) ;
#3944 = EDGE_LOOP ( 'NONE', ( #3518, #1178, #4658, #2700, #1703 ) ) ;
#3945 = EDGE_LOOP ( 'NONE', ( #5269, #1354, #1697, #2045 ) ) ;
#3946 = CARTESIAN_POINT ( 'NONE',  ( -34.31699275393610549, 6.400198499545653341, 51.54882768812597504 ) ) ;
#3947 = CARTESIAN_POINT ( 'NONE',  ( -17.02776219192907448, 6.225911618167436323, 51.03336356611910674 ) ) ;
#3948 = CARTESIAN_POINT ( 'NONE',  ( 2.781619108111010430, 32.94302707978174993, 13.71838089188936749 ) ) ;
#3949 = CONICAL_SURFACE ( 'NONE', #1987, 8.999999999999966249, 0.7853981633974509435 ) ;
#3950 = ORIENTED_EDGE ( 'NONE', *, *, #3494, .F. ) ;
#3951 = VERTEX_POINT ( 'NONE', #4071 ) ;
#3952 = CARTESIAN_POINT ( 'NONE',  ( -7.746031705806118772, 12.98513776122876884, 36.28962242506631952 ) ) ;
#3953 = CARTESIAN_POINT ( 'NONE',  ( -38.38647109643745381, 14.00000000000000178, 21.86837011619551774 ) ) ;
#3954 = DIRECTION ( 'NONE',  ( -0.000000000000000000, 1.000000000000000000, -0.000000000000000000 ) ) ;
#3955 = ORIENTED_EDGE ( 'NONE', *, *, #5116, .T. ) ;
#3956 = CARTESIAN_POINT ( 'NONE',  ( -17.31393463119885467, 6.261954542374875921, 50.94073642218571507 ) ) ;
#3957 = CARTESIAN_POINT ( 'NONE',  ( -49.80275403392890610, 7.474351915927013756, 31.77708094311528697 ) ) ;
#3958 = FACE_BOUND ( 'NONE', #3854, .T. ) ;
#3959 = EDGE_LOOP ( 'NONE', ( #5475, #127, #1768, #2591 ) ) ;
#3960 = DIRECTION ( 'NONE',  ( 0.000000000000000000, 0.000000000000000000, -1.000000000000000000 ) ) ;
#3961 = CARTESIAN_POINT ( 'NONE',  ( -25.59314575050795071, 14.00000000000000000, 36.90685424949244009 ) ) ;
#3962 = LINE ( 'NONE', #3563, #693 ) ;
#3963 = ADVANCED_FACE ( 'NONE', ( #5331 ), #623, .T. ) ;
#3964 = DIRECTION ( 'NONE',  ( 0.000000000000000000, 0.000000000000000000, -1.000000000000000000 ) ) ;
#3965 = LINE ( 'NONE', #4044, #3934 ) ;
#3966 = ORIENTED_EDGE ( 'NONE', *, *, #5383, .F. ) ;
#3967 = DIRECTION ( 'NONE',  ( -0.6546536707079742001, -0.3779644730092243665, 0.6546536707079816386 ) ) ;
#3968 = VERTEX_POINT ( 'NONE', #1730 ) ;
#3969 = CARTESIAN_POINT ( 'NONE',  ( -9.198001808568456283, 0.000000000000000000, 45.07499999999996732 ) ) ;
#3970 = PERSON_AND_ORGANIZATION ( #2808, #1058 ) ;
#3971 = FACE_OUTER_BOUND ( 'NONE', #1010, .T. ) ;
#3972 = EDGE_CURVE ( 'NONE', #812, #351, #2566, .T. ) ;
#3973 = VERTEX_POINT ( 'NONE', #4262 ) ;
#3974 = ORIENTED_EDGE ( 'NONE', *, *, #4158, .T. ) ;
#3975 = CARTESIAN_POINT ( 'NONE',  ( -7.940928259203332118, 12.98800563143164766, 36.32895546446883372 ) ) ;
#3976 = AXIS2_PLACEMENT_3D ( 'NONE', #3455, #1278, #4263 ) ;
#3977 = AXIS2_PLACEMENT_3D ( 'NONE', #2777, #684, #5435 ) ;
#3978 = CARTESIAN_POINT ( 'NONE',  ( -17.02032809431873162, 7.339745962155604708, 50.03589838486224295 ) ) ;
#3979 = CARTESIAN_POINT ( 'NONE',  ( -21.75681031487474115, 14.00000000000000178, 38.32653962377742118 ) ) ;
#3980 = EDGE_LOOP ( 'NONE', ( #5526, #3668, #4416, #3549 ) ) ;
#3981 = CARTESIAN_POINT ( 'NONE',  ( -26.00000000000000355, 0.000000000000000000, 0.000000000000000000 ) ) ;
#3982 = DIRECTION ( 'NONE',  ( 0.8660254037844389297, 0.000000000000000000, -0.4999999999999995559 ) ) ;
#3983 = ADVANCED_FACE ( 'NONE', ( #2984 ), #4661, .F. ) ;
#3984 = CARTESIAN_POINT ( 'NONE',  ( -16.78195142282462982, 14.00000000000000000, 28.09565992180919736 ) ) ;
#3985 = ORIENTED_EDGE ( 'NONE', *, *, #1119, .F. ) ;
#3986 = DIRECTION ( 'NONE',  ( 0.000000000000000000, -1.000000000000000000, 0.000000000000000000 ) ) ;
#3987 = PLANE ( 'NONE',  #243 ) ;
#3988 = LINE ( 'NONE', #163, #2693 ) ;
#3989 = CARTESIAN_POINT ( 'NONE',  ( -41.12808666144620418, 14.00000000000000000, 26.04241947792048961 ) ) ;
#3990 = CARTESIAN_POINT ( 'NONE',  ( -18.18216959354299433, 7.267648747443967494, 50.16370493698086364 ) ) ;
#3991 = ORIENTED_EDGE ( 'NONE', *, *, #4308, .F. ) ;
#3992 = CARTESIAN_POINT ( 'NONE',  ( -1.250000000000005773, 8.999999999999984013, 25.96993453977118094 ) ) ;
#3993 = ORIENTED_EDGE ( 'NONE', *, *, #4432, .T. ) ;
#3994 = EDGE_CURVE ( 'NONE', #4236, #239, #407, .T. ) ;
#3995 = DIRECTION ( 'NONE',  ( 0.000000000000000000, 1.000000000000000000, 0.000000000000000000 ) ) ;
#3996 = EDGE_CURVE ( 'NONE', #2094, #3424, #2928, .T. ) ;
#3997 = CIRCLE ( 'NONE', #876, 2.000000000000001776 ) ;
#3998 = CARTESIAN_POINT ( 'NONE',  ( -7.249999999999992895, 8.999999999999984013, 36.25000000000000000 ) ) ;
#3999 = ORIENTED_EDGE ( 'NONE', *, *, #211, .T. ) ;
#4000 = EDGE_CURVE ( 'NONE', #2991, #1912, #2120, .T. ) ;
#4001 = VERTEX_POINT ( 'NONE', #4687 ) ;
#4002 = CARTESIAN_POINT ( 'NONE',  ( -9.715463222850502234, 13.99529514122323803, 36.13045188448055711 ) ) ;
#4003 = CARTESIAN_POINT ( 'NONE',  ( -26.00000000000000355, 15.29525135799768520, 0.6361075519951427948 ) ) ;
#4004 = CARTESIAN_POINT ( 'NONE',  ( -34.68192279783721688, 14.74797290133526850, 17.55920131517015292 ) ) ;
#4005 = AXIS2_PLACEMENT_3D ( 'NONE', #2608, #543, #4279 ) ;
#4006 = EDGE_LOOP ( 'NONE', ( #174, #1536, #4869, #3300 ) ) ;
#4007 = CARTESIAN_POINT ( 'NONE',  ( -28.07069711559588754, 14.99307324083172510, 16.96135604089217708 ) ) ;
#4008 = CARTESIAN_POINT ( 'NONE',  ( -26.31783724519565837, 12.99999999999999467, 42.81783724519573298 ) ) ;
#4009 = CARTESIAN_POINT ( 'NONE',  ( -48.50000000000000000, 5.917096231345234436, 0.000000000000000000 ) ) ;
#4010 = VERTEX_POINT ( 'NONE', #2150 ) ;
#4011 = DIRECTION ( 'NONE',  ( -0.7071067811865507924, 0.000000000000000000, 0.7071067811865441310 ) ) ;
#4012 = DIRECTION ( 'NONE',  ( 0.6889822365046061048, -0.6546536707079870787, 0.3110177634953819048 ) ) ;
#4013 = CARTESIAN_POINT ( 'NONE',  ( -31.67276193066955514, 6.388976839911990169, 50.66607164623255954 ) ) ;
#4014 = LINE ( 'NONE', #5217, #2163 ) ;
#4015 = CARTESIAN_POINT ( 'NONE',  ( -21.75063391966134319, 13.69786104449892505, 39.13674263304384482 ) ) ;
#4016 = VERTEX_POINT ( 'NONE', #3759 ) ;
#4017 = CARTESIAN_POINT ( 'NONE',  ( -25.75629717926288720, 16.18436811937788278, 7.740070141993210306 ) ) ;
#4018 = ORIENTED_EDGE ( 'NONE', *, *, #5140, .T. ) ;
#4019 = CARTESIAN_POINT ( 'NONE',  ( -51.75000000000005684, 0.000000000000000000, 66.42157287525370180 ) ) ;
#4020 = CARTESIAN_POINT ( 'NONE',  ( -11.20952842634529922, 13.48371255542571134, 38.99362300976930129 ) ) ;
#4021 = CARTESIAN_POINT ( 'NONE',  ( -24.56840460884850685, 13.29063300035744000, 41.21121833643853449 ) ) ;
#4022 = ADVANCED_FACE ( 'NONE', ( #5050 ), #754, .F. ) ;
#4023 = VERTEX_POINT ( 'NONE', #3811 ) ;
#4024 = VECTOR ( 'NONE', #4191, 1000.000000000000114 ) ;
#4025 = AXIS2_PLACEMENT_3D ( 'NONE', #1049, #3670, #2339 ) ;
#4026 = ORIENTED_EDGE ( 'NONE', *, *, #5517, .T. ) ;
#4027 = CARTESIAN_POINT ( 'NONE',  ( 0.000000000000000000, 14.00000000000000000, 0.000000000000000000 ) ) ;
#4028 = EDGE_CURVE ( 'NONE', #3036, #2113, #1192, .T. ) ;
#4029 = EDGE_CURVE ( 'NONE', #5023, #3332, #3592, .T. ) ;
#4030 = CARTESIAN_POINT ( 'NONE',  ( -24.88750402124151151, 15.88432475819168843, 7.524104172104997268 ) ) ;
#4031 = CARTESIAN_POINT ( 'NONE',  ( -31.25000000000000000, 14.00000000000000000, 6.250000000000003553 ) ) ;
#4032 =( BOUNDED_SURFACE ( )  B_SPLINE_SURFACE ( 3, 2, ( 
 ( #3013, #2593, #4344 ),
 ( #526, #4771, #3536 ),
 ( #4293, #970, #468 ),
 ( #996, #3509, #3094 ),
 ( #3119, #4796, #3454 ),
 ( #577, #4827, #4374 ) ),
 .UNSPECIFIED., .F., .F., .F. ) 
 B_SPLINE_SURFACE_WITH_KNOTS ( ( 4, 2, 4 ),
 ( 3, 3 ),
 ( 4.188790204786391413, 4.452160388912335343, 4.715530573038279272 ),
 ( 0.4335772789263359073, 1.000000000000000000 ),
 .UNSPECIFIED. ) 
 GEOMETRIC_REPRESENTATION_ITEM ( )  RATIONAL_B_SPLINE_SURFACE ( (
 ( 0.9128969955970744898, 0.8995530801122488818, 1.000000000000000000),
 ( 0.9048739638116007900, 0.8903009442469411727, 1.000000000000000000),
 ( 0.8959952634400889515, 0.8800620539694132827, 1.000000000000000000),
 ( 0.8768314961947919484, 0.8579624558392344724, 1.000000000000000000),
 ( 0.8665458655323001746, 0.8461010978271610306, 1.000000000000000000),
 ( 0.8557518847886955715, 0.8336535120469126259, 1.000000000000000000) ) ) 
 REPRESENTATION_ITEM ( '' )  SURFACE ( )  );
#4033 = CARTESIAN_POINT ( 'NONE',  ( -24.73328754373386218, 15.95778060784304131, 12.74412146270492663 ) ) ;
#4034 = CARTESIAN_POINT ( 'NONE',  ( -23.44782396324601947, 13.46410161513775172, 40.32886667852284290 ) ) ;
#4035 = DIRECTION ( 'NONE',  ( 0.000000000000000000, 0.000000000000000000, 1.000000000000000000 ) ) ;
#4036 = ORIENTED_EDGE ( 'NONE', *, *, #2810, .T. ) ;
#4037 = DIRECTION ( 'NONE',  ( -0.000000000000000000, -1.000000000000000000, 0.000000000000000000 ) ) ;
#4038 = DIRECTION ( 'NONE',  ( -0.3110177634953799064, -0.6546536707079844142, -0.6889822365046097685 ) ) ;
#4039 = CIRCLE ( 'NONE', #4393, 11.00000000000000355 ) ;
#4040 = CARTESIAN_POINT ( 'NONE',  ( -26.30025253169451815, 0.000000000000000000, 36.19974746830587264 ) ) ;
#4041 = EDGE_CURVE ( 'NONE', #2387, #4938, #783, .T. ) ;
#4042 = DIRECTION ( 'NONE',  ( 1.000000000000000000, 0.000000000000000000, -0.000000000000000000 ) ) ;
#4043 = EDGE_CURVE ( 'NONE', #1497, #3873, #1223, .T. ) ;
#4044 = CARTESIAN_POINT ( 'NONE',  ( -31.25000000000032685, 12.99999999999996625, 38.25000000000001421 ) ) ;
#4045 = ADVANCED_FACE ( 'NONE', ( #5447 ), #3392, .F. ) ;
#4046 = ORIENTED_EDGE ( 'NONE', *, *, #2528, .T. ) ;
#4047 = CARTESIAN_POINT ( 'NONE',  ( -9.198001808568456283, 1.800000000000000044, 45.07499999999996732 ) ) ;
#4048 = DIRECTION ( 'NONE',  ( -0.000000000000000000, 1.000000000000000000, -0.000000000000000000 ) ) ;
#4049 = DIRECTION ( 'NONE',  ( -0.000000000000000000, -1.000000000000000000, -0.000000000000000000 ) ) ;
#4050 = CARTESIAN_POINT ( 'NONE',  ( -10.07499999999999751, 1.800000000000000044, 56.80199819143152951 ) ) ;
#4051 = ADVANCED_FACE ( 'NONE', ( #5104 ), #864, .F. ) ;
#4052 = ORIENTED_EDGE ( 'NONE', *, *, #93, .T. ) ;
#4053 = ORIENTED_EDGE ( 'NONE', *, *, #3877, .T. ) ;
#4054 = CARTESIAN_POINT ( 'NONE',  ( -10.98854948060064096, 13.74878083829985265, 38.04895534908972365 ) ) ;
#4055 = B_SPLINE_SURFACE_WITH_KNOTS ( 'NONE', 1, 3, ( 
 ( #1212, #2922, #47, #4653, #398, #2112, #1294, #826, #4679, #4310, #3834, #3800, #4285, #3417, #1720, #937, #5520, #914, #2611, #5179, #5151, #3443, #1325, #3003, #2585, #460, #4734, #375 ),
 ( #1268, #3354, #2197, #4706, #2171, #2531, #3031, #1690, #488, #3384, #5093, #2635, #3867, #2088, #3774, #17, #5123, #3896, #1748, #852, #73, #1772, #3477, #882, #2976, #5492, #4764, #1352 ) ),
 .UNSPECIFIED., .F., .F., .F.,
 ( 2, 2 ),
 ( 4, 2, 2, 2, 2, 2, 2, 2, 2, 2, 2, 2, 2, 4 ),
 ( 0.000000000000000000, 1.000000000000000000 ),
 ( 0.000000000000000000, 0.0008292831551746878728, 0.001658566310349375746, 0.002487849465524063618, 0.002902491043111407772, 0.003317132620698751491, 0.003731774198286095211, 0.004146415775873438930, 0.004975698931048127237, 0.005804982086222815543, 0.006219623663810159263, 0.006426944452603831556, 0.006530604847000667269, 0.006634265241397502982 ),
 .UNSPECIFIED. ) ;
#4056 = DIRECTION ( 'NONE',  ( 0.8660254037844383745, -0.000000000000000000, 0.5000000000000004441 ) ) ;
#4057 = CARTESIAN_POINT ( 'NONE',  ( -26.90072536783049628, 15.59529471918388666, 0.6543658829907051944 ) ) ;
#4058 = CARTESIAN_POINT ( 'NONE',  ( -20.12773691717675462, 14.00000000000000711, 37.50229623367973630 ) ) ;
#4059 = CARTESIAN_POINT ( 'NONE',  ( -25.73260695523246611, 15.48178685456390724, 15.30084728090063884 ) ) ;
#4060 = PLANE ( 'NONE',  #5289 ) ;
#4061 = LINE ( 'NONE', #346, #317 ) ;
#4062 = EDGE_LOOP ( 'NONE', ( #1858, #3153, #1377, #2318 ) ) ;
#4063 =( BOUNDED_SURFACE ( )  B_SPLINE_SURFACE ( 3, 2, ( 
 ( #80, #1890, #3480 ),
 ( #5182, #3067, #2640 ),
 ( #183, #3090, #3505 ),
 ( #1830, #5211, #3584 ),
 ( #4313, #5295, #1017 ),
 ( #4790, #940, #4399 ),
 ( #3957, #2201, #4339 ),
 ( #573, #522, #157 ) ),
 .UNSPECIFIED., .F., .F., .F. ) 
 B_SPLINE_SURFACE_WITH_KNOTS ( ( 4, 2, 2, 4 ),
 ( 3, 3 ),
 ( 3.141592653589793116, 3.403392041388943134, 3.665191429188093597, 4.188790204786394078 ),
 ( 0.000000000000000000, 1.000000000000000000 ),
 .UNSPECIFIED. ) 
 GEOMETRIC_REPRESENTATION_ITEM ( )  RATIONAL_B_SPLINE_SURFACE ( (
 ( 1.000000000000000000, 0.9238795325112881818, 1.000000000000000000),
 ( 1.000000000000000000, 0.9238813156582137420, 1.000000000000000000),
 ( 1.000000000000000000, 0.9216890640688024661, 1.000000000000000000),
 ( 1.000000000000000000, 0.9129840413601849614, 1.000000000000000000),
 ( 1.000000000000000000, 0.9064693560641290393, 1.000000000000000000),
 ( 1.000000000000000000, 0.8806974846568761395, 1.000000000000000000),
 ( 1.000000000000000000, 0.8551780668709288991, 1.000000000000000000),
 ( 1.000000000000000000, 0.8226643880080363180, 1.000000000000000000) ) ) 
 REPRESENTATION_ITEM ( '' )  SURFACE ( )  );
#4064 = CARTESIAN_POINT ( 'NONE',  ( -31.25000000000000000, 8.000000000000000000, 4.150000000000003020 ) ) ;
#4065 = CARTESIAN_POINT ( 'NONE',  ( -5.924999999999996270, 1.800000000000000044, 59.19800180856847049 ) ) ;
#4066 = DIRECTION ( 'NONE',  ( 0.000000000000000000, -0.000000000000000000, 1.000000000000000000 ) ) ;
#4067 = FACE_OUTER_BOUND ( 'NONE', #4989, .T. ) ;
#4068 = CARTESIAN_POINT ( 'NONE',  ( -66.12867965644024082, 8.000000000000000000, 52.45710678118662429 ) ) ;
#4069 = ORIENTED_EDGE ( 'NONE', *, *, #3174, .T. ) ;
#4070 = ORIENTED_EDGE ( 'NONE', *, *, #4159, .F. ) ;
#4071 = CARTESIAN_POINT ( 'NONE',  ( -5.924999999999996270, 1.800000000000000044, 56.80199819143151529 ) ) ;
#4072 = CYLINDRICAL_SURFACE ( 'NONE', #77, 6.999999999999992006 ) ;
#4073 = B_SPLINE_CURVE_WITH_KNOTS ( 'NONE', 3,
 ( #2967, #4584, #3322, #3736, #2497, #2547, #3296, #844, #4610, #4241, #2078, #3687, #5004, #1201, #2912, #5397, #3264, #789, #3080, #4806, #99, #5199, #4699, #63, #2216, #4386, #3470, #3023, #3520, #4756, #4302, #8, #3947, #3918, #450, #1710 ),
 .UNSPECIFIED., .F., .F.,
 ( 4, 2, 1, 1, 2, 2, 2, 1, 1, 2, 2, 2, 1, 1, 1, 2, 2, 1, 1, 1, 2, 2, 4 ),
 ( 0.000000000000000000, 0.1249999999999705791, 0.1874999999999558686, 0.2187499999999485134, 0.2343749999999439060, 0.2499999999999392708, 0.3749999999999414912, 0.4374999999999426570, 0.4687499999999413802, 0.4843749999999443223, 0.4999999999999472644, 0.6249999999999329425, 0.6874999999999277245, 0.7187499999999248379, 0.7343749999999248379, 0.7421874999999249489, 0.7499999999999249489, 0.8124999999999292788, 0.8437499999999334976, 0.8593749999999376055, 0.8671874999999397149, 0.8749999999999417133, 1.000000000000000000 ),
 .UNSPECIFIED. ) ;
#4074 = DIRECTION ( 'NONE',  ( -0.000000000000000000, 1.000000000000000000, -0.000000000000000000 ) ) ;
#4075 = VECTOR ( 'NONE', #3490, 1000.000000000000000 ) ;
#4076 = CARTESIAN_POINT ( 'NONE',  ( -40.50000000000000711, 1.000000000000000888, 0.000000000000000000 ) ) ;
#4077 = VECTOR ( 'NONE', #3072, 1000.000000000000000 ) ;
#4078 = ORIENTED_EDGE ( 'NONE', *, *, #5133, .T. ) ;
#4079 = AXIS2_PLACEMENT_3D ( 'NONE', #1698, #2455, #4232 ) ;
#4080 = ORIENTED_EDGE ( 'NONE', *, *, #3788, .F. ) ;
#4081 = CARTESIAN_POINT ( 'NONE',  ( -11.24427158512675895, 13.35531850406446530, 39.35596586265370433 ) ) ;
#4082 = DIRECTION ( 'NONE',  ( 0.000000000000000000, -1.000000000000000000, 0.000000000000000000 ) ) ;
#4083 = DIRECTION ( 'NONE',  ( 0.000000000000000000, 0.000000000000000000, -1.000000000000000000 ) ) ;
#4084 = CARTESIAN_POINT ( 'NONE',  ( -18.02725962713881103, 14.00000000000000178, 36.51633185222277689 ) ) ;
#4085 = CARTESIAN_POINT ( 'NONE',  ( -25.01687060159306242, 15.82270114299929453, 13.71149785485881445 ) ) ;
#4086 = CARTESIAN_POINT ( 'NONE',  ( -20.24999999999998934, 0.000000000000000000, 49.49999999999999289 ) ) ;
#4087 = DIRECTION ( 'NONE',  ( 0.8660254037844369313, 0.000000000000000000, -0.5000000000000029976 ) ) ;
#4088 = EDGE_LOOP ( 'NONE', ( #3726, #3751 ) ) ;
#4089 = CARTESIAN_POINT ( 'NONE',  ( -25.84098196078059573, 16.14077818276879128, 13.47633672987647024 ) ) ;
#4090 = CARTESIAN_POINT ( 'NONE',  ( -40.32886667852286422, 13.46410161513760606, 23.44782396324588092 ) ) ;
#4091 = CARTESIAN_POINT ( 'NONE',  ( -1.250000000000005773, 12.99999999999996625, 25.96993453977118094 ) ) ;
#4092 = VECTOR ( 'NONE', #182, 999.9999999999998863 ) ;
#4093 = EDGE_CURVE ( 'NONE', #685, #1755, #4208, .T. ) ;
#4094 = EDGE_CURVE ( 'NONE', #2768, #1983, #2389, .T. ) ;
#4095 = CARTESIAN_POINT ( 'NONE',  ( -31.25000000000000000, 17.78035457054157220, 9.750000000000003553 ) ) ;
#4096 = CARTESIAN_POINT ( 'NONE',  ( -9.922156918317437402, 0.000000000000000000, 56.71375419707833032 ) ) ;
#4097 = CALENDAR_DATE ( 2026, 5, 6 ) ;
#4098 = VERTEX_POINT ( 'NONE', #3961 ) ;
#4099 = CONICAL_SURFACE ( 'NONE', #1514, 0.9999999999999940048, 0.7853981633974496113 ) ;
#4100 = EDGE_LOOP ( 'NONE', ( #4332, #764, #5505, #2327 ) ) ;
#4101 = DIRECTION ( 'NONE',  ( 0.000000000000000000, 1.000000000000000000, 0.000000000000000000 ) ) ;
#4102 = DIRECTION ( 'NONE',  ( 0.000000000000000000, 1.000000000000000000, 0.000000000000000000 ) ) ;
#4103 = CIRCLE ( 'NONE', #2241, 10.00000000000000178 ) ;
#4104 = DIRECTION ( 'NONE',  ( 0.000000000000000000, 0.000000000000000000, -1.000000000000000000 ) ) ;
#4105 = VECTOR ( 'NONE', #1130, 1000.000000000000114 ) ;
#4106 = CARTESIAN_POINT ( 'NONE',  ( -23.85187403082568736, 13.40273611251021180, 40.63333112526785840 ) ) ;
#4107 = ADVANCED_FACE ( 'NONE', ( #922 ), #2284, .T. ) ;
#4108 = VERTEX_POINT ( 'NONE', #5241 ) ;
#4109 = ORIENTED_EDGE ( 'NONE', *, *, #892, .F. ) ;
#4110 = CARTESIAN_POINT ( 'NONE',  ( -10.24999825215630622, 12.37196074343027696, 39.15721503216960997 ) ) ;
#4111 = LINE ( 'NONE', #5034, #717 ) ;
#4112 = ADVANCED_FACE ( 'NONE', ( #2619 ), #2205, .F. ) ;
#4113 = CARTESIAN_POINT ( 'NONE',  ( -17.23515586113741804, 14.00000000000000000, 36.15617987676625944 ) ) ;
#4114 = VECTOR ( 'NONE', #4568, 1000.000000000000000 ) ;
#4115 = ORIENTED_EDGE ( 'NONE', *, *, #2716, .F. ) ;
#4116 = CARTESIAN_POINT ( 'NONE',  ( -10.24999999999999112, 8.999999999999984013, 39.25000000000000000 ) ) ;
#4117 = CARTESIAN_POINT ( 'NONE',  ( -3.250000000000009770, 8.999999999999984013, 36.25000000000000000 ) ) ;
#4118 = DIRECTION ( 'NONE',  ( 0.000000000000000000, 1.000000000000000000, 0.000000000000000000 ) ) ;
#4119 = CARTESIAN_POINT ( 'NONE',  ( -25.38273240438265432, 16.37665372919569506, 9.366948647921788051 ) ) ;
#4120 = DIRECTION ( 'NONE',  ( -0.000000000000000000, -1.000000000000000000, -0.000000000000000000 ) ) ;
#4121 = CARTESIAN_POINT ( 'NONE',  ( -17.02032809431873162, 7.198568618158097010, 50.33517283789026209 ) ) ;
#4122 = EDGE_LOOP ( 'NONE', ( #863, #3916, #5339, #4489 ) ) ;
#4123 = FACE_OUTER_BOUND ( 'NONE', #3280, .T. ) ;
#4124 = LINE ( 'NONE', #690, #2153 ) ;
#4125 = DATE_TIME_ROLE ( 'classification_date' ) ;
#4126 = EDGE_LOOP ( 'NONE', ( #2177, #3195, #2592, #669 ) ) ;
#4127 = AXIS2_PLACEMENT_3D ( 'NONE', #12, #1290, #3000 ) ;
#4128 = VERTEX_POINT ( 'NONE', #2645 ) ;
#4129 = DIRECTION ( 'NONE',  ( -0.000000000000000000, -1.000000000000000000, 0.000000000000000000 ) ) ;
#4130 = EDGE_CURVE ( 'NONE', #1186, #933, #5186, .T. ) ;
#4131 = PLANE ( 'NONE',  #3923 ) ;
#4132 = CARTESIAN_POINT ( 'NONE',  ( -52.45710678118660297, 8.000000000000000000, 66.12867965644025503 ) ) ;
#4133 = DIRECTION ( 'NONE',  ( 0.000000000000000000, 1.000000000000000000, 0.000000000000000000 ) ) ;
#4134 = ORIENTED_EDGE ( 'NONE', *, *, #5363, .T. ) ;
#4135 = DIRECTION ( 'NONE',  ( -0.000000000000000000, -0.000000000000000000, -1.000000000000000000 ) ) ;
#4136 = VERTEX_POINT ( 'NONE', #162 ) ;
#4137 = CARTESIAN_POINT ( 'NONE',  ( -27.02494402638218673, 14.00000000000000000, 42.11073046400918685 ) ) ;
#4138 = CARTESIAN_POINT ( 'NONE',  ( 0.000000000000000000, 0.000000000000000000, 0.000000000000000000 ) ) ;
#4139 = EDGE_CURVE ( 'NONE', #694, #4861, #1932, .T. ) ;
#4140 = CARTESIAN_POINT ( 'NONE',  ( -40.73970497916918987, 7.815978902501921510, 57.23970497916911881 ) ) ;
#4141 = ORIENTED_EDGE ( 'NONE', *, *, #68, .F. ) ;
#4142 = CARTESIAN_POINT ( 'NONE',  ( -40.30060614853439915, 13.99999999999999822, 24.97307217382093825 ) ) ;
#4143 = CARTESIAN_POINT ( 'NONE',  ( -17.02032809431873162, 7.198568618158097010, 50.33517283789026209 ) ) ;
#4144 = DIRECTION ( 'NONE',  ( 0.000000000000000000, 1.000000000000000000, 0.000000000000000000 ) ) ;
#4145 = DIRECTION ( 'NONE',  ( 0.7071067811865475727, 0.7071067811865475727, 0.000000000000000000 ) ) ;
#4146 = CARTESIAN_POINT ( 'NONE',  ( -9.859068764203918533, 12.88175779343572103, 37.76883775661389109 ) ) ;
#4147 = DIRECTION ( 'NONE',  ( 0.000000000000000000, -1.000000000000000000, 0.000000000000000000 ) ) ;
#4148 = EDGE_LOOP ( 'NONE', ( #3468, #1116, #2565, #5220 ) ) ;
#4149 = EDGE_CURVE ( 'NONE', #1171, #2613, #5272, .T. ) ;
#4150 = CARTESIAN_POINT ( 'NONE',  ( -49.50000000000000000, 0.000000000000000000, 33.17157287525382259 ) ) ;
#4151 = CARTESIAN_POINT ( 'NONE',  ( -17.55174000491625463, 7.235157666009075506, 50.23921981321403507 ) ) ;
#4152 = ORIENTED_EDGE ( 'NONE', *, *, #1375, .T. ) ;
#4153 = ORIENTED_EDGE ( 'NONE', *, *, #3369, .T. ) ;
#4154 = DIRECTION ( 'NONE',  ( 0.000000000000000000, 0.000000000000000000, -1.000000000000000000 ) ) ;
#4155 = CIRCLE ( 'NONE', #2816, 1.000000000000000888 ) ;
#4156 = CARTESIAN_POINT ( 'NONE',  ( -39.58304597993990370, 14.00000000000000000, 23.92569546939779102 ) ) ;
#4157 = CARTESIAN_POINT ( 'NONE',  ( -29.85786437626907741, 1.000000000000000888, 50.49999999999999289 ) ) ;
#4158 = EDGE_CURVE ( 'NONE', #3941, #2326, #697, .T. ) ;
#4159 = EDGE_CURVE ( 'NONE', #4740, #3270, #2233, .T. ) ;
#4160 = ORIENTED_EDGE ( 'NONE', *, *, #3208, .F. ) ;
#4161 = CARTESIAN_POINT ( 'NONE',  ( -31.25000000000000000, 8.000000000000000000, 6.250000000000003553 ) ) ;
#4162 = LINE ( 'NONE', #417, #2664 ) ;
#4163 = CYLINDRICAL_SURFACE ( 'NONE', #1878, 2.000000000000001332 ) ;
#4164 = DIRECTION ( 'NONE',  ( 0.7071067811865512365, 0.000000000000000000, -0.7071067811865439090 ) ) ;
#4165 = ADVANCED_FACE ( 'NONE', ( #4403 ), #113, .T. ) ;
#4166 = VECTOR ( 'NONE', #1805, 1000.000000000000000 ) ;
#4167 = VECTOR ( 'NONE', #1808, 1000.000000000000227 ) ;
#4168 = ORIENTED_EDGE ( 'NONE', *, *, #2263, .T. ) ;
#4169 = PLANE ( 'NONE',  #3288 ) ;
#4170 = CARTESIAN_POINT ( 'NONE',  ( -50.33578643762698590, 14.00000000000000000, 66.83578643762680827 ) ) ;
#4171 = CARTESIAN_POINT ( 'NONE',  ( -31.25000000000032685, 8.999999999999984013, 31.25000000000002132 ) ) ;
#4172 = AXIS2_PLACEMENT_3D ( 'NONE', #4519, #3995, #671 ) ;
#4173 = CARTESIAN_POINT ( 'NONE',  ( -50.50000000000000711, 6.649147038914115626, 33.17157287525381548 ) ) ;
#4174 = CARTESIAN_POINT ( 'NONE',  ( -38.51481573241163403, 13.79774128524288734, 20.80944066786647184 ) ) ;
#4175 = CARTESIAN_POINT ( 'NONE',  ( -20.24999999999998934, 0.000000000000000000, 60.50000000000000000 ) ) ;
#4176 = ORIENTED_EDGE ( 'NONE', *, *, #1776, .F. ) ;
#4177 = CARTESIAN_POINT ( 'NONE',  ( -42.11073046400919395, 14.00000000000000000, 27.02494402638219739 ) ) ;
#4178 = CARTESIAN_POINT ( 'NONE',  ( -2.250000000000034639, 14.00000000000000000, 27.81074432660873796 ) ) ;
#4179 = ORIENTED_EDGE ( 'NONE', *, *, #4149, .T. ) ;
#4180 = LOCAL_TIME ( 15, 28, 33.00000000000000000, #953 ) ;
#4181 = VERTEX_POINT ( 'NONE', #2675 ) ;
#4182 = DIRECTION ( 'NONE',  ( -0.4999999999999970579, -0.7071067811865481278, -0.5000000000000018874 ) ) ;
#4183 = ORIENTED_EDGE ( 'NONE', *, *, #1902, .F. ) ;
#4184 = CARTESIAN_POINT ( 'NONE',  ( -18.52252209804991523, 7.281668584253867316, 50.13649135415843006 ) ) ;
#4185 = CARTESIAN_POINT ( 'NONE',  ( -34.59279211851804092, 6.928987564511840169, 51.53903308303345199 ) ) ;
#4186 = EDGE_LOOP ( 'NONE', ( #1589, #1431, #4787, #4179, #1487, #4541, #1455, #2891, #5445, #759 ) ) ;
#4187 = DIRECTION ( 'NONE',  ( 0.000000000000000000, 0.000000000000000000, -1.000000000000000000 ) ) ;
#4188 = DIRECTION ( 'NONE',  ( 0.000000000000000000, 0.000000000000000000, -1.000000000000000000 ) ) ;
#4189 = VECTOR ( 'NONE', #1533, 1000.000000000000227 ) ;
#4190 = CARTESIAN_POINT ( 'NONE',  ( -11.25000000000002842, 7.071796769724485898, 51.03589838486223584 ) ) ;
#4191 = DIRECTION ( 'NONE',  ( -0.6768508792395105944, -0.7071067811865499042, 0.2046286570172864139 ) ) ;
#4192 = ORIENTED_EDGE ( 'NONE', *, *, #4984, .F. ) ;
#4193 = CARTESIAN_POINT ( 'NONE',  ( -43.67957864020585390, 7.000000000000007994, 60.17957864020575443 ) ) ;
#4194 = LINE ( 'NONE', #370, #2703 ) ;
#4195 = CARTESIAN_POINT ( 'NONE',  ( -35.50000000000001421, 1.000000000000000888, 40.49999999999999289 ) ) ;
#4196 = ADVANCED_FACE ( 'NONE', ( #1782 ), #4032, .F. ) ;
#4197 = CARTESIAN_POINT ( 'NONE',  ( -22.73786209076327580, 14.00000000000000178, 38.85855909820914889 ) ) ;
#4198 = CARTESIAN_POINT ( 'NONE',  ( -38.04116297674519842, 13.86121240933322873, 20.07266704116135969 ) ) ;
#4199 = CC_DESIGN_PERSON_AND_ORGANIZATION_ASSIGNMENT ( #238, #3647, ( #972 ) ) ;
#4200 = DIRECTION ( 'NONE',  ( -1.000000000000000000, 0.000000000000000000, 0.000000000000000000 ) ) ;
#4201 = ORIENTED_EDGE ( 'NONE', *, *, #1312, .F. ) ;
#4202 = B_SPLINE_CURVE_WITH_KNOTS ( 'NONE', 3,
 ( #2639, #4398, #5157, #2614, #79, #4338, #5210, #627, #1576, #2000, #2383, #1549, #1122, #1524, #4454, #2828, #4033, #4505, #4928, #2308, #4085, #655, #3271, #4901, #4531, #2357, #2333, #258, #3607, #4059, #3692, #228, #2775, #3244, #1042, #1072, #207, #1941, #1151, #1098 ),
 .UNSPECIFIED., .F., .F.,
 ( 4, 2, 2, 2, 2, 2, 2, 2, 2, 2, 2, 2, 2, 1, 2, 2, 2, 1, 2, 2, 4 ),
 ( 0.000000000000000000, 0.06250000000000094369, 0.1250000000000018874, 0.2500000000000037748, 0.3125000000000044964, 0.3750000000000052180, 0.4375000000000059397, 0.4687500000000059952, 0.5000000000000061062, 0.5625000000000066613, 0.5937500000000068834, 0.6250000000000069944, 0.6875000000000073275, 0.7187500000000075495, 0.7343750000000075495, 0.7500000000000075495, 0.8125000000000073275, 0.8437500000000069944, 0.8593750000000065503, 0.8750000000000061062, 1.000000000000000000 ),
 .UNSPECIFIED. ) ;
#4203 = CARTESIAN_POINT ( 'NONE',  ( -66.83578643762679405, 1.000000000000000888, 53.16421356237317042 ) ) ;
#4204 = DIRECTION ( 'NONE',  ( -2.124151195073640555E-16, 0.000000000000000000, -1.000000000000000000 ) ) ;
#4205 = AXIS2_PLACEMENT_3D ( 'NONE', #2517, #3851, #3343 ) ;
#4206 = ORIENTED_EDGE ( 'NONE', *, *, #2480, .T. ) ;
#4207 = ORIENTED_EDGE ( 'NONE', *, *, #1608, .T. ) ;
#4208 = LINE ( 'NONE', #2488, #4799 ) ;
#4209 = EDGE_CURVE ( 'NONE', #4740, #5197, #54, .T. ) ;
#4210 = ADVANCED_FACE ( 'NONE', ( #2702 ), #3987, .F. ) ;
#4211 = VERTEX_POINT ( 'NONE', #1103 ) ;
#4212 = DIRECTION ( 'NONE',  ( 0.000000000000000000, -0.7071067811865475727, 0.7071067811865475727 ) ) ;
#4213 = DIRECTION ( 'NONE',  ( -0.000000000000000000, 1.000000000000000000, -0.000000000000000000 ) ) ;
#4214 = CIRCLE ( 'NONE', #30, 10.00000000000000178 ) ;
#4215 = ORIENTED_EDGE ( 'NONE', *, *, #1166, .T. ) ;
#4216 = CARTESIAN_POINT ( 'NONE',  ( -10.41799039214575195, 14.00000000000000000, 34.45962095248813029 ) ) ;
#4217 = CARTESIAN_POINT ( 'NONE',  ( -66.12867965644024082, 0.000000000000000000, 52.45710678118662429 ) ) ;
#4218 = CARTESIAN_POINT ( 'NONE',  ( -42.23347230855425494, 13.10270924980017249, 25.71603503352114117 ) ) ;
#4219 = ORIENTED_EDGE ( 'NONE', *, *, #1090, .F. ) ;
#4220 = CARTESIAN_POINT ( 'NONE',  ( -41.05937396370067916, 13.31853207523474225, 24.39820893904450472 ) ) ;
#4221 = CARTESIAN_POINT ( 'NONE',  ( 0.000000000000000000, 0.000000000000000000, 0.000000000000000000 ) ) ;
#4222 = CARTESIAN_POINT ( 'NONE',  ( -38.19473563798498361, 13.99999999999999822, 21.51810002447065173 ) ) ;
#4223 = PLANE ( 'NONE',  #5423 ) ;
#4224 = CARTESIAN_POINT ( 'NONE',  ( -9.643503496802736663, 12.94236401818106863, 37.44105771681345374 ) ) ;
#4225 = VERTEX_POINT ( 'NONE', #3589 ) ;
#4226 = ADVANCED_FACE ( 'NONE', ( #1921 ), #633, .F. ) ;
#4227 = DIRECTION ( 'NONE',  ( 0.000000000000000000, 0.000000000000000000, 1.000000000000000000 ) ) ;
#4228 = DIRECTION ( 'NONE',  ( 0.000000000000000000, 1.000000000000000000, 0.000000000000000000 ) ) ;
#4229 = PLANE ( 'NONE',  #4825 ) ;
#4230 = ORIENTED_EDGE ( 'NONE', *, *, #1193, .F. ) ;
#4231 = VERTEX_POINT ( 'NONE', #5352 ) ;
#4232 = DIRECTION ( 'NONE',  ( 0.000000000000000000, 0.000000000000000000, 1.000000000000000000 ) ) ;
#4233 = CARTESIAN_POINT ( 'NONE',  ( -30.52740301851807558, 7.360492828256901099, 49.99996375867696941 ) ) ;
#4234 = AXIS2_PLACEMENT_3D ( 'NONE', #5490, #2110, #2861 ) ;
#4235 = VECTOR ( 'NONE', #1322, 1000.000000000000000 ) ;
#4236 = VERTEX_POINT ( 'NONE', #1472 ) ;
#4237 = CARTESIAN_POINT ( 'NONE',  ( -7.249999999999992895, 12.99999999999996625, 39.25000000000000000 ) ) ;
#4238 = CARTESIAN_POINT ( 'NONE',  ( -35.82064157211142685, 6.886746452015390041, 52.43010228613307078 ) ) ;
#4239 = ORIENTED_EDGE ( 'NONE', *, *, #3938, .F. ) ;
#4240 = DIRECTION ( 'NONE',  ( 0.000000000000000000, -1.000000000000000000, 0.000000000000000000 ) ) ;
#4241 = CARTESIAN_POINT ( 'NONE',  ( -15.75508439891811996, 6.093389779500133052, 51.56668951100855480 ) ) ;
#4242 = CARTESIAN_POINT ( 'NONE',  ( -42.52760201641508075, 13.05053708833769299, 26.02405320077473760 ) ) ;
#4243 = B_SPLINE_CURVE_WITH_KNOTS ( 'NONE', 3,
 ( #3358, #859, #5070, #2114, #1693, #433, #3387, #2561, #2482, #2588 ),
 .UNSPECIFIED., .F., .F.,
 ( 4, 2, 2, 2, 4 ),
 ( 0.000000000000000000, 0.5000000000000059952, 0.6250000000000044409, 0.7500000000000029976, 1.000000000000000000 ),
 .UNSPECIFIED. ) ;
#4244 = ORIENTED_EDGE ( 'NONE', *, *, #2191, .T. ) ;
#4245 = LINE ( 'NONE', #3326, #5073 ) ;
#4246 = LINE ( 'NONE', #4170, #202 ) ;
#4247 = CARTESIAN_POINT ( 'NONE',  ( -31.25000000000032685, 14.00000000000000000, 39.25000000000004974 ) ) ;
#4248 = LINE ( 'NONE', #2974, #696 ) ;
#4249 = CARTESIAN_POINT ( 'NONE',  ( -38.11534656867588922, 13.85199982930911844, 20.18898652249345105 ) ) ;
#4250 = CARTESIAN_POINT ( 'NONE',  ( -40.82050807568870709, 12.66025403784439618, 22.49208095094238402 ) ) ;
#4251 = VECTOR ( 'NONE', #3761, 1000.000000000000000 ) ;
#4252 = AXIS2_PLACEMENT_3D ( 'NONE', #971, #5216, #4882 ) ;
#4253 = ORIENTED_EDGE ( 'NONE', *, *, #1416, .F. ) ;
#4254 = ORIENTED_EDGE ( 'NONE', *, *, #905, .T. ) ;
#4255 = DIRECTION ( 'NONE',  ( -0.7071067811865491270, -5.290906601729261638E-15, 0.7071067811865460184 ) ) ;
#4256 = VECTOR ( 'NONE', #2390, 999.9999999999998863 ) ;
#4257 = CARTESIAN_POINT ( 'NONE',  ( -5.924999999999996270, 1.800000000000000044, 56.80199819143151529 ) ) ;
#4258 = DIRECTION ( 'NONE',  ( 0.000000000000000000, 1.000000000000000000, 0.000000000000000000 ) ) ;
#4259 = ORIENTED_EDGE ( 'NONE', *, *, #591, .T. ) ;
#4260 = VERTEX_POINT ( 'NONE', #1947 ) ;
#4261 = EDGE_CURVE ( 'NONE', #5501, #5197, #461, .T. ) ;
#4262 = CARTESIAN_POINT ( 'NONE',  ( -51.08578643762690064, 1.000000000000001110, 34.58578643762690774 ) ) ;
#4263 = DIRECTION ( 'NONE',  ( 0.000000000000000000, 0.000000000000000000, 1.000000000000000000 ) ) ;
#4264 = EDGE_CURVE ( 'NONE', #3836, #4868, #4958, .T. ) ;
#4265 = LINE ( 'NONE', #3848, #5174 ) ;
#4266 = VECTOR ( 'NONE', #3714, 999.9999999999998863 ) ;
#4267 = EDGE_CURVE ( 'NONE', #1612, #48, #1529, .T. ) ;
#4268 = ORIENTED_EDGE ( 'NONE', *, *, #2019, .T. ) ;
#4269 = FACE_OUTER_BOUND ( 'NONE', #186, .T. ) ;
#4270 = CARTESIAN_POINT ( 'NONE',  ( -36.55787907747168930, 6.876791303354371721, 53.07074008133741216 ) ) ;
#4271 = VECTOR ( 'NONE', #3221, 1000.000000000000000 ) ;
#4272 = ORIENTED_EDGE ( 'NONE', *, *, #4209, .T. ) ;
#4273 = CARTESIAN_POINT ( 'NONE',  ( -8.000000000000000000, -0.001000000000000132727, 43.00000000000000000 ) ) ;
#4274 =( NAMED_UNIT ( * ) PLANE_ANGLE_UNIT ( ) SI_UNIT ( $, .RADIAN. ) );
#4275 = DIRECTION ( 'NONE',  ( -0.5000000000000011102, -0.7071067811865492381, -0.4999999999999962808 ) ) ;
#4276 = EDGE_CURVE ( 'NONE', #4672, #1186, #188, .T. ) ;
#4277 = EDGE_CURVE ( 'NONE', #48, #1186, #2337, .T. ) ;
#4278 = EDGE_LOOP ( 'NONE', ( #4206, #5497, #1933, #4176 ) ) ;
#4279 = DIRECTION ( 'NONE',  ( -7.228014483236699514E-16, 0.000000000000000000, 1.000000000000000000 ) ) ;
#4280 = DIRECTION ( 'NONE',  ( 0.000000000000000000, 0.000000000000000000, 1.000000000000000000 ) ) ;
#4281 = DIRECTION ( 'NONE',  ( -0.6546536707079824158, -0.3779644730092231453, 0.6546536707079744222 ) ) ;
#4282 = EDGE_CURVE ( 'NONE', #2857, #592, #213, .T. ) ;
#4283 = AXIS2_PLACEMENT_3D ( 'NONE', #1629, #1202, #1996 ) ;
#4284 = CARTESIAN_POINT ( 'NONE',  ( -35.91664498884005496, 13.99999999999999822, 16.70504338555107537 ) ) ;
#4285 = CARTESIAN_POINT ( 'NONE',  ( -34.74124438097053513, 6.451190787996115894, 51.77255508276660123 ) ) ;
#4286 = ORIENTED_EDGE ( 'NONE', *, *, #3437, .T. ) ;
#4287 = CARTESIAN_POINT ( 'NONE',  ( -10.41799039214575195, 12.99999999999996625, 34.45962095248813029 ) ) ;
#4288 = CARTESIAN_POINT ( 'NONE',  ( -25.23375659757807910, 15.70098128590434783, 6.297585378399221945 ) ) ;
#4289 = CARTESIAN_POINT ( 'NONE',  ( 0.000000000000000000, 8.000000000000000000, 35.25000000000001421 ) ) ;
#4290 = ORIENTED_EDGE ( 'NONE', *, *, #4331, .F. ) ;
#4291 = AXIS2_PLACEMENT_3D ( 'NONE', #1187, #2900, #5471 ) ;
#4292 = VERTEX_POINT ( 'NONE', #5322 ) ;
#4293 = CARTESIAN_POINT ( 'NONE',  ( -21.58465959670924406, 14.27630277419141080, 38.53452607162714827 ) ) ;
#4294 = CARTESIAN_POINT ( 'NONE',  ( -36.92893218813451739, 1.000000000000000888, 53.42893218813448186 ) ) ;
#4295 = CIRCLE ( 'NONE', #1168, 3.500000000000000000 ) ;
#4296 = DIRECTION ( 'NONE',  ( -0.000000000000000000, -1.000000000000000000, -0.000000000000000000 ) ) ;
#4297 = EDGE_LOOP ( 'NONE', ( #1303, #2673, #3366, #3648, #126, #2306, #884 ) ) ;
#4298 = CARTESIAN_POINT ( 'NONE',  ( -17.48905820401119016, 8.999999999999984013, 27.38855314062262636 ) ) ;
#4299 = CARTESIAN_POINT ( 'NONE',  ( -35.22169038224063087, 6.902174446327025592, 51.97018857913440826 ) ) ;
#4300 = ORIENTED_EDGE ( 'NONE', *, *, #475, .T. ) ;
#4301 = CARTESIAN_POINT ( 'NONE',  ( -35.37075712978760578, 6.547394709133296686, 52.15592502457655399 ) ) ;
#4302 = CARTESIAN_POINT ( 'NONE',  ( -17.00675395839916249, 6.223289314202251177, 51.04053913412977295 ) ) ;
#4303 = CARTESIAN_POINT ( 'NONE',  ( -42.13229283900994915, 13.12083328318430375, 25.60809866113404709 ) ) ;
#4304 = ORIENTED_EDGE ( 'NONE', *, *, #5156, .T. ) ;
#4305 = AXIS2_PLACEMENT_3D ( 'NONE', #3321, #4240, #388 ) ;
#4306 = CARTESIAN_POINT ( 'NONE',  ( -8.595302106920234664, 12.99900096724673126, 36.56672046273165932 ) ) ;
#4307 = CARTESIAN_POINT ( 'NONE',  ( -38.40121597793045538, 13.81728215016076788, 20.63811920069411698 ) ) ;
#4308 = EDGE_CURVE ( 'NONE', #447, #1011, #1501, .T. ) ;
#4309 = CARTESIAN_POINT ( 'NONE',  ( -36.24491099608744804, 14.00000000000000533, 17.43075765576543290 ) ) ;
#4310 = CARTESIAN_POINT ( 'NONE',  ( -34.29593592409189284, 6.397712030935814198, 51.53788137494575494 ) ) ;
#4311 = ORIENTED_EDGE ( 'NONE', *, *, #1732, .T. ) ;
#4312 = CARTESIAN_POINT ( 'NONE',  ( -11.24206196172974082, 7.071796769724486786, 50.83212000849346879 ) ) ;
#4313 = CARTESIAN_POINT ( 'NONE',  ( -50.31931726944149119, 6.765946285585108910, 32.81020741413669128 ) ) ;
#4314 = LINE ( 'NONE', #5128, #2037 ) ;
#4315 = VERTEX_POINT ( 'NONE', #1077 ) ;
#4316 = LINE ( 'NONE', #112, #672 ) ;
#4317 = CARTESIAN_POINT ( 'NONE',  ( -40.50000000000000711, 1.000000000000000888, 40.49999999999999289 ) ) ;
#4318 = LINE ( 'NONE', #4345, #5243 ) ;
#4319 = PLANE ( 'NONE',  #1796 ) ;
#4320 = FACE_OUTER_BOUND ( 'NONE', #4598, .T. ) ;
#4321 = ORIENTED_EDGE ( 'NONE', *, *, #306, .F. ) ;
#4322 = DIRECTION ( 'NONE',  ( 0.000000000000000000, -1.000000000000000000, 0.000000000000000000 ) ) ;
#4323 = PLANE ( 'NONE',  #1801 ) ;
#4324 = ORIENTED_EDGE ( 'NONE', *, *, #1732, .F. ) ;
#4325 = VERTEX_POINT ( 'NONE', #233 ) ;
#4326 = CARTESIAN_POINT ( 'NONE',  ( -34.46176807183825019, 6.416543577466789827, 51.62281917494775030 ) ) ;
#4327 = APPLICATION_PROTOCOL_DEFINITION ( 'international standard', 'config_control_design', 1994, #4739 ) ;
#4328 = PLANE ( 'NONE',  #449 ) ;
#4329 = ADVANCED_FACE ( 'NONE', ( #1896 ), #712, .T. ) ;
#4330 = AXIS2_PLACEMENT_3D ( 'NONE', #1717, #3413, #5040 ) ;
#4331 = EDGE_CURVE ( 'NONE', #1543, #4938, #2363, .T. ) ;
#4332 = ORIENTED_EDGE ( 'NONE', *, *, #46, .T. ) ;
#4333 = CARTESIAN_POINT ( 'NONE',  ( -8.229537283621047195, 12.99313604765571561, 36.41264530544806632 ) ) ;
#4334 = CARTESIAN_POINT ( 'NONE',  ( -37.44662957719580021, 13.99999999999999822, 20.01266693892321769 ) ) ;
#4335 = EDGE_CURVE ( 'NONE', #1760, #525, #3643, .T. ) ;
#4336 = CARTESIAN_POINT ( 'NONE',  ( -38.71826975142801075, 13.62881531365357191, 21.16191562681726523 ) ) ;
#4337 = ORIENTED_EDGE ( 'NONE', *, *, #664, .T. ) ;
#4338 = CARTESIAN_POINT ( 'NONE',  ( -24.51411203047037546, 16.06217911407050991, 9.282307032581687878 ) ) ;
#4339 = CARTESIAN_POINT ( 'NONE',  ( -49.69105187535865298, 9.031747683077419708, 33.19105187535864587 ) ) ;
#4340 = LINE ( 'NONE', #2229, #4166 ) ;
#4341 = ORIENTED_EDGE ( 'NONE', *, *, #1009, .T. ) ;
#4342 = AXIS2_PLACEMENT_3D ( 'NONE', #5281, #3154, #1028 ) ;
#4343 = ORIENTED_EDGE ( 'NONE', *, *, #4000, .F. ) ;
#4344 = CARTESIAN_POINT ( 'NONE',  ( -22.49208095094241955, 12.66025403784438907, 40.82050807568870709 ) ) ;
#4345 = CARTESIAN_POINT ( 'NONE',  ( -66.83578643762679405, 0.000000000000000000, 53.16421356237317042 ) ) ;
#4346 = AXIS2_PLACEMENT_3D ( 'NONE', #4743, #1864, #944 ) ;
#4347 = DIRECTION ( 'NONE',  ( 0.000000000000000000, 1.000000000000000000, 0.000000000000000000 ) ) ;
#4348 = CARTESIAN_POINT ( 'NONE',  ( -31.19655692513341094, 7.325102648592556775, 50.06126134794460825 ) ) ;
#4349 = ORIENTED_EDGE ( 'NONE', *, *, #1090, .T. ) ;
#4350 = CARTESIAN_POINT ( 'NONE',  ( -7.249999999999992895, 14.00000000000000000, 39.25000000000000000 ) ) ;
#4351 = ORIENTED_EDGE ( 'NONE', *, *, #905, .F. ) ;
#4352 = EDGE_LOOP ( 'NONE', ( #2408, #4886, #4697, #1822 ) ) ;
#4353 = CARTESIAN_POINT ( 'NONE',  ( -33.77659954780420293, 6.352555786966074258, 51.29979462111002420 ) ) ;
#4354 = APPLICATION_PROTOCOL_DEFINITION ( 'international standard', 'config_control_design', 1994, #1200 ) ;
#4355 = B_SPLINE_CURVE_WITH_KNOTS ( 'NONE', 3,
 ( #456, #2946, #1686, #820 ),
 .UNSPECIFIED., .F., .F.,
 ( 4, 4 ),
 ( 0.000000000000000000, 0.5000000000000000000 ),
 .UNSPECIFIED. ) ;
#4356 = CARTESIAN_POINT ( 'NONE',  ( -26.43750000000000355, 15.83373147319775320, 4.342981712200960409 ) ) ;
#4357 = CIRCLE ( 'NONE', #2668, 27.00000000000003197 ) ;
#4358 = ORIENTED_EDGE ( 'NONE', *, *, #4877, .T. ) ;
#4359 = ORIENTED_EDGE ( 'NONE', *, *, #2881, .T. ) ;
#4360 = CARTESIAN_POINT ( 'NONE',  ( -8.037690686384978633, 12.98968889304242680, 36.35351607613683456 ) ) ;
#4361 = AXIS2_PLACEMENT_3D ( 'NONE', #1087, #1539, #3234 ) ;
#4362 = EDGE_CURVE ( 'NONE', #5136, #436, #292, .T. ) ;
#4363 = CARTESIAN_POINT ( 'NONE',  ( -36.20623840466801369, 14.00000000000000178, 17.34544965839421593 ) ) ;
#4364 = LINE ( 'NONE', #962, #4558 ) ;
#4365 = ORIENTED_EDGE ( 'NONE', *, *, #1, .F. ) ;
#4366 = EDGE_CURVE ( 'NONE', #4603, #2836, #1021, .T. ) ;
#4367 = DIRECTION ( 'NONE',  ( -0.000000000000000000, 1.000000000000000000, -0.000000000000000000 ) ) ;
#4368 = DIRECTION ( 'NONE',  ( -0.000000000000000000, 1.000000000000000000, -0.000000000000000000 ) ) ;
#4369 = PLANE ( 'NONE',  #2217 ) ;
#4370 = AXIS2_PLACEMENT_3D ( 'NONE', #512, #2322, #1457 ) ;
#4371 = ORIENTED_EDGE ( 'NONE', *, *, #5140, .F. ) ;
#4372 = VECTOR ( 'NONE', #2510, 1000.000000000000000 ) ;
#4373 = DIRECTION ( 'NONE',  ( 0.000000000000000000, 0.000000000000000000, 1.000000000000000000 ) ) ;
#4374 = CARTESIAN_POINT ( 'NONE',  ( -16.45438190111183019, 13.99995065201858147, 35.78909220082993414 ) ) ;
#4375 = DIRECTION ( 'NONE',  ( 0.7071067811865442421, 0.000000000000000000, 0.7071067811865509034 ) ) ;
#4376 = CARTESIAN_POINT ( 'NONE',  ( -42.11073046400919395, 14.00000000000000000, 27.02494402638219739 ) ) ;
#4377 = CARTESIAN_POINT ( 'NONE',  ( -16.81310751227874078, 14.00000000000000355, 36.01705039832025790 ) ) ;
#4378 = B_SPLINE_CURVE_WITH_KNOTS ( 'NONE', 1,
 ( #3034, #2402 ),
 .UNSPECIFIED., .F., .F.,
 ( 2, 2 ),
 ( 0.000000000000000000, 1.000000000000000000 ),
 .UNSPECIFIED. ) ;
#4379 = EDGE_CURVE ( 'NONE', #354, #4010, #1964, .T. ) ;
#4380 = ORIENTED_EDGE ( 'NONE', *, *, #3530, .T. ) ;
#4381 = CARTESIAN_POINT ( 'NONE',  ( -35.50000000000001421, 1.000000000000000888, 35.50000000000000711 ) ) ;
#4382 = EDGE_CURVE ( 'NONE', #4846, #5367, #4663, .T. ) ;
#4383 = AXIS2_PLACEMENT_3D ( 'NONE', #2394, #267, #4962 ) ;
#4384 = ORIENTED_EDGE ( 'NONE', *, *, #1119, .T. ) ;
#4385 = CARTESIAN_POINT ( 'NONE',  ( -33.36314641702688277, 6.329618690578810103, 51.13363197117325143 ) ) ;
#4386 = CARTESIAN_POINT ( 'NONE',  ( -16.74871985360506343, 6.191660619675302790, 51.13297976613444007 ) ) ;
#4387 = CARTESIAN_POINT ( 'NONE',  ( -26.43750000000000355, 15.83373147319775320, 8.157018287799049361 ) ) ;
#4388 = VECTOR ( 'NONE', #1555, 999.9999999999998863 ) ;
#4389 = EDGE_CURVE ( 'NONE', #2106, #5293, #4473, .T. ) ;
#4390 = ORIENTED_EDGE ( 'NONE', *, *, #1883, .F. ) ;
#4391 = EDGE_LOOP ( 'NONE', ( #3718, #3344, #3370, #2065 ) ) ;
#4392 = CARTESIAN_POINT ( 'NONE',  ( -9.099097417137453903, 12.99576562710089078, 36.88709312770073723 ) ) ;
#4393 = AXIS2_PLACEMENT_3D ( 'NONE', #1634, #2893, #2503 ) ;
#4394 = CARTESIAN_POINT ( 'NONE',  ( -37.11858485682951425, 14.00000000000000178, 19.32558852430013019 ) ) ;
#4395 = CARTESIAN_POINT ( 'NONE',  ( -23.30424376753151705, 13.99999999999999822, 39.19748787520703104 ) ) ;
#4396 = CIRCLE ( 'NONE', #1995, 2.100000000000000977 ) ;
#4397 = ORIENTED_EDGE ( 'NONE', *, *, #4331, .T. ) ;
#4398 = CARTESIAN_POINT ( 'NONE',  ( -24.82212888069013346, 15.91546637253481578, 7.740345738694917266 ) ) ;
#4399 = CARTESIAN_POINT ( 'NONE',  ( -50.20082220527439176, 8.521696014384319895, 33.70082220527439887 ) ) ;
#4400 = LINE ( 'NONE', #3585, #5419 ) ;
#4401 = VERTEX_POINT ( 'NONE', #824 ) ;
#4402 = EDGE_LOOP ( 'NONE', ( #4895, #877, #1806, #658 ) ) ;
#4403 = FACE_OUTER_BOUND ( 'NONE', #804, .T. ) ;
#4404 = CARTESIAN_POINT ( 'NONE',  ( -8.000000000000000000, -0.001000000000000132727, 57.99999999999999289 ) ) ;
#4405 = EDGE_CURVE ( 'NONE', #2754, #612, #1637, .T. ) ;
#4406 = EDGE_CURVE ( 'NONE', #4664, #3332, #2468, .T. ) ;
#4407 = DIRECTION ( 'NONE',  ( 0.000000000000000000, -1.000000000000000000, 0.000000000000000000 ) ) ;
#4408 = CARTESIAN_POINT ( 'NONE',  ( -6.249999999999991118, 8.000000000000000000, 31.25000000000000000 ) ) ;
#4409 = ORIENTED_EDGE ( 'NONE', *, *, #1436, .T. ) ;
#4410 = CARTESIAN_POINT ( 'NONE',  ( -10.15473750965553634, 14.00000000000000000, 35.82050807568871420 ) ) ;
#4411 = ADVANCED_FACE ( 'NONE', ( #2170 ), #3054, .T. ) ;
#4412 = DIRECTION ( 'NONE',  ( 1.000000000000000000, 0.000000000000000000, -0.000000000000000000 ) ) ;
#4413 = SHAPE_DEFINITION_REPRESENTATION ( #1518, #2014 ) ;
#4414 = FACE_OUTER_BOUND ( 'NONE', #415, .T. ) ;
#4415 = EDGE_LOOP ( 'NONE', ( #4359, #4343, #1603, #3817 ) ) ;
#4416 = ORIENTED_EDGE ( 'NONE', *, *, #1001, .T. ) ;
#4417 = CARTESIAN_POINT ( 'NONE',  ( -11.05347309240275777, 13.69985039810108240, 38.25317314644602362 ) ) ;
#4418 = VECTOR ( 'NONE', #5466, 1000.000000000000000 ) ;
#4419 = CARTESIAN_POINT ( 'NONE',  ( -25.51118530729793576, 15.55408171657222383, -5.058068508275761488 ) ) ;
#4420 = DIRECTION ( 'NONE',  ( 0.000000000000000000, 0.000000000000000000, -1.000000000000000000 ) ) ;
#4421 =( BOUNDED_CURVE ( )  B_SPLINE_CURVE ( 3, ( #4758, #4387, #4356, #932 ),
 .UNSPECIFIED., .F., .F. ) 
 B_SPLINE_CURVE_WITH_KNOTS ( ( 4, 4 ),
 ( 1.936003548085263759, 4.347181759094322473 ),
 .UNSPECIFIED. ) 
 CURVE ( )  GEOMETRIC_REPRESENTATION_ITEM ( )  RATIONAL_B_SPLINE_CURVE ( ( 1.000000000000000000, 0.5714285714285717299, 0.5714285714285717299, 1.000000000000000000 ) ) 
 REPRESENTATION_ITEM ( '' )  );
#4422 = EDGE_LOOP ( 'NONE', ( #466, #210 ) ) ;
#4423 = CARTESIAN_POINT ( 'NONE',  ( -10.07499999999999751, 0.7420360553133740211, 59.19800180856846339 ) ) ;
#4424 = FACE_OUTER_BOUND ( 'NONE', #508, .T. ) ;
#4425 = LINE ( 'NONE', #1044, #2483 ) ;
#4426 = VERTEX_POINT ( 'NONE', #1324 ) ;
#4427 = CARTESIAN_POINT ( 'NONE',  ( -26.97324007232655418, 15.55796910629854679, 15.70365569526054017 ) ) ;
#4428 = CARTESIAN_POINT ( 'NONE',  ( -39.24827588350442653, 13.67822903592648665, 21.91596904608103813 ) ) ;
#4429 = CARTESIAN_POINT ( 'NONE',  ( -30.00000000000000000, 14.00000000000000000, 18.68629150101496350 ) ) ;
#4430 = CARTESIAN_POINT ( 'NONE',  ( -1.250000000000009992, 12.99999999999996625, 34.24999999999999289 ) ) ;
#4431 = CARTESIAN_POINT ( 'NONE',  ( -18.26479334927357456, 7.271309724185281098, 50.15607321195462731 ) ) ;
#4432 = EDGE_CURVE ( 'NONE', #5367, #2965, #1057, .T. ) ;
#4433 = ADVANCED_FACE ( 'NONE', ( #595 ), #2275, .T. ) ;
#4434 = VERTEX_POINT ( 'NONE', #2329 ) ;
#4435 = CARTESIAN_POINT ( 'NONE',  ( -56.79985943989498764, 8.741799002274481367, 41.71407300226816517 ) ) ;
#4436 = VECTOR ( 'NONE', #919, 1000.000000000000114 ) ;
#4437 = VECTOR ( 'NONE', #2210, 1000.000000000000000 ) ;
#4438 = ORIENTED_EDGE ( 'NONE', *, *, #5325, .F. ) ;
#4439 = ADVANCED_FACE ( 'NONE', ( #1520 ), #2536, .F. ) ;
#4440 = CARTESIAN_POINT ( 'NONE',  ( -36.63568100110116177, 6.804148427495791296, 53.14735884896125384 ) ) ;
#4441 = ADVANCED_FACE ( 'NONE', ( #5373 ), #153, .T. ) ;
#4442 = CARTESIAN_POINT ( 'NONE',  ( -30.00000000000000000, 14.00000000000000000, 20.10050506338809484 ) ) ;
#4443 = CARTESIAN_POINT ( 'NONE',  ( -26.00621403635702578, 13.05397472305260287, 42.50621403635711459 ) ) ;
#4444 = EDGE_LOOP ( 'NONE', ( #3348, #2961, #721, #52 ) ) ;
#4445 = ORIENTED_EDGE ( 'NONE', *, *, #715, .T. ) ;
#4446 = CARTESIAN_POINT ( 'NONE',  ( -10.24999999999999112, 12.32097260787962689, 39.25000000000000000 ) ) ;
#4447 = APPROVAL_PERSON_ORGANIZATION ( #511, #825, #1285 ) ;
#4448 = EDGE_CURVE ( 'NONE', #1036, #2387, #3138, .T. ) ;
#4449 = CARTESIAN_POINT ( 'NONE',  ( -39.01737649195924718, 14.00000000000000000, 22.99960638487802100 ) ) ;
#4450 = CARTESIAN_POINT ( 'NONE',  ( -36.62880944278695949, 14.70748006267138130, 19.59635826909412515 ) ) ;
#4451 = ADVANCED_FACE ( 'NONE', ( #2127 ), #5170, .F. ) ;
#4452 = ORIENTED_EDGE ( 'NONE', *, *, #3274, .T. ) ;
#4453 = EDGE_CURVE ( 'NONE', #2857, #2754, #4666, .T. ) ;
#4454 = CARTESIAN_POINT ( 'NONE',  ( -24.65996653392228666, 15.99270126121959912, 12.41284827134609081 ) ) ;
#4455 = CARTESIAN_POINT ( 'NONE',  ( -51.75000000000005684, -18.44756081437316908, 65.42157287525370180 ) ) ;
#4456 = CARTESIAN_POINT ( 'NONE',  ( -20.24999999999998934, 6.494446500534808209, 50.49999999999999289 ) ) ;
#4457 = ORIENTED_EDGE ( 'NONE', *, *, #1844, .F. ) ;
#4458 = CARTESIAN_POINT ( 'NONE',  ( -8.249999999999987566, -31.94526568992657545, 65.00000000000000000 ) ) ;
#4459 = CARTESIAN_POINT ( 'NONE',  ( -56.79985943989500186, 8.741799002274479591, 41.71407300226815096 ) ) ;
#4460 = CARTESIAN_POINT ( 'NONE',  ( -26.30025253169451815, 8.999999999999980460, 36.19974746830587264 ) ) ;
#4461 = CARTESIAN_POINT ( 'NONE',  ( -7.524104172105265498, 8.999999999999984013, 24.88750402124142980 ) ) ;
#4462 = CIRCLE ( 'NONE', #2323, 10.00000000000000178 ) ;
#4463 = CARTESIAN_POINT ( 'NONE',  ( -18.22155368965058031, 13.96782087527641991, 36.88241218092485951 ) ) ;
#4464 = ORIENTED_EDGE ( 'NONE', *, *, #1009, .F. ) ;
#4465 = CARTESIAN_POINT ( 'NONE',  ( -24.47138296419599968, 16.08253073514433495, 11.07921834703333275 ) ) ;
#4466 = EDGE_CURVE ( 'NONE', #3673, #3423, #3756, .T. ) ;
#4467 = CIRCLE ( 'NONE', #4283, 3.499999999999999556 ) ;
#4468 = LINE ( 'NONE', #2817, #1767 ) ;
#4469 = DIRECTION ( 'NONE',  ( 0.000000000000000000, 0.000000000000000000, 1.000000000000000000 ) ) ;
#4470 = CIRCLE ( 'NONE', #5094, 10.00000000000000000 ) ;
#4471 = CARTESIAN_POINT ( 'NONE',  ( -25.57694174578166368, 13.12604442659412918, 42.10327246631158715 ) ) ;
#4472 = VERTEX_POINT ( 'NONE', #4695 ) ;
#4473 = CIRCLE ( 'NONE', #4922, 2.099999999999997868 ) ;
#4474 = ORIENTED_EDGE ( 'NONE', *, *, #2289, .T. ) ;
#4475 = DIRECTION ( 'NONE',  ( 0.000000000000000000, 0.000000000000000000, -1.000000000000000000 ) ) ;
#4476 = DIRECTION ( 'NONE',  ( -1.000000000000000000, 0.000000000000000000, 0.000000000000000000 ) ) ;
#4477 = CARTESIAN_POINT ( 'NONE',  ( -26.51735907581939600, 15.79262548000462374, -4.559437695465982543 ) ) ;
#4478 = DIRECTION ( 'NONE',  ( 0.7071067811865479058, 0.000000000000000000, 0.7071067811865472397 ) ) ;
#4479 = EDGE_CURVE ( 'NONE', #2495, #48, #2963, .T. ) ;
#4480 = CARTESIAN_POINT ( 'NONE',  ( -9.808830208170531861, 0.4975240434107758847, 59.35167500953134834 ) ) ;
#4481 = CARTESIAN_POINT ( 'NONE',  ( 0.000000000000000000, 0.000000000000000000, 0.000000000000000000 ) ) ;
#4482 = DIRECTION ( 'NONE',  ( -0.7071067811865509034, 0.000000000000000000, 0.7071067811865440200 ) ) ;
#4483 = ORIENTED_EDGE ( 'NONE', *, *, #3624, .T. ) ;
#4484 = CARTESIAN_POINT ( 'NONE',  ( -52.50000000000000711, 1.000000000000000888, 33.17157287525382259 ) ) ;
#4485 = DIRECTION ( 'NONE',  ( 0.000000000000000000, 0.000000000000000000, 1.000000000000000000 ) ) ;
#4486 = CARTESIAN_POINT ( 'NONE',  ( -7.999999999999989342, 1.800000000000000044, 55.60399638286304480 ) ) ;
#4487 = DIRECTION ( 'NONE',  ( 0.000000000000000000, 0.000000000000000000, 1.000000000000000000 ) ) ;
#4488 = DIRECTION ( 'NONE',  ( 0.000000000000000000, 0.000000000000000000, 1.000000000000000000 ) ) ;
#4489 = ORIENTED_EDGE ( 'NONE', *, *, #3746, .F. ) ;
#4490 = ORIENTED_EDGE ( 'NONE', *, *, #68, .T. ) ;
#4491 = CARTESIAN_POINT ( 'NONE',  ( -27.38855314062279334, 14.69302987964552543, 17.48905820401090949 ) ) ;
#4492 = DIRECTION ( 'NONE',  ( 0.000000000000000000, 0.000000000000000000, -1.000000000000000000 ) ) ;
#4493 = DIRECTION ( 'NONE',  ( 5.062390359345617340E-16, 0.000000000000000000, -1.000000000000000000 ) ) ;
#4494 = CARTESIAN_POINT ( 'NONE',  ( -25.60185242586679166, 13.12187856244532824, 42.12646886118609046 ) ) ;
#4495 = ORIENTED_EDGE ( 'NONE', *, *, #2133, .F. ) ;
#4496 = ORIENTED_EDGE ( 'NONE', *, *, #4501, .F. ) ;
#4497 = CARTESIAN_POINT ( 'NONE',  ( -7.911375607736177429, 13.98348640136527266, 35.24531010279827825 ) ) ;
#4498 = ADVANCED_FACE ( 'NONE', ( #3762 ), #413, .F. ) ;
#4499 = FACE_OUTER_BOUND ( 'NONE', #1465, .T. ) ;
#4500 = CIRCLE ( 'NONE', #2099, 2.000000000000001776 ) ;
#4501 = EDGE_CURVE ( 'NONE', #3419, #2450, #2398, .T. ) ;
#4502 = CARTESIAN_POINT ( 'NONE',  ( -18.01963853430814311, 7.261356533299045068, 50.17167285841453150 ) ) ;
#4503 = CARTESIAN_POINT ( 'NONE',  ( -20.83440635393270313, 14.00000000000000000, 37.85101073102800484 ) ) ;
#4504 = CONICAL_SURFACE ( 'NONE', #2549, 9.000000000000003553, 0.7853981633974523868 ) ;
#4505 = CARTESIAN_POINT ( 'NONE',  ( -24.81476568794403548, 15.91897182960522450, 13.06875561537610153 ) ) ;
#4506 = CARTESIAN_POINT ( 'NONE',  ( -34.45962095248823687, 8.999999999999984013, 10.41799039214540201 ) ) ;
#4507 = CARTESIAN_POINT ( 'NONE',  ( -5.603996382863054571, 0.000000000000000000, 43.00000000000000000 ) ) ;
#4508 = ORIENTED_EDGE ( 'NONE', *, *, #4673, .T. ) ;
#4509 = ADVANCED_FACE ( 'NONE', ( #5194 ), #4323, .F. ) ;
#4510 = CARTESIAN_POINT ( 'NONE',  ( -10.24999999999998934, 1.000000000000000888, 60.50000000000000000 ) ) ;
#4511 = CARTESIAN_POINT ( 'NONE',  ( -65.42157287525370180, 14.00000000000000000, 51.75000000000007105 ) ) ;
#4512 = CARTESIAN_POINT ( 'NONE',  ( -60.17957864020575443, 7.000000000000003553, 43.67957864020585390 ) ) ;
#4513 = DIRECTION ( 'NONE',  ( -0.7071067811865519026, 2.602085213965210642E-15, -0.7071067811865432429 ) ) ;
#4514 = CARTESIAN_POINT ( 'NONE',  ( 0.000000000000000000, 1.000000000000000888, 40.49999999999999289 ) ) ;
#4515 = COORDINATED_UNIVERSAL_TIME_OFFSET ( 8, 0, .AHEAD. ) ;
#4516 = ORIENTED_EDGE ( 'NONE', *, *, #686, .F. ) ;
#4517 = ORIENTED_EDGE ( 'NONE', *, *, #4877, .F. ) ;
#4518 = CARTESIAN_POINT ( 'NONE',  ( -25.00878173356279177, 15.82655799285687159, 13.71704458647195857 ) ) ;
#4519 = CARTESIAN_POINT ( 'NONE',  ( -31.25000000000032685, 12.99999999999996625, 31.25000000000002132 ) ) ;
#4520 = EDGE_CURVE ( 'NONE', #1091, #4181, #1335, .T. ) ;
#4521 = FACE_OUTER_BOUND ( 'NONE', #1596, .T. ) ;
#4522 = AXIS2_PLACEMENT_3D ( 'NONE', #585, #4322, #2651 ) ;
#4523 = CARTESIAN_POINT ( 'NONE',  ( -24.38741867632137428, 13.31937198946824807, 41.06033340041561530 ) ) ;
#4524 = VECTOR ( 'NONE', #3041, 1000.000000000000000 ) ;
#4525 = EDGE_LOOP ( 'NONE', ( #3732, #2840, #1618, #5256, #1145 ) ) ;
#4526 = VECTOR ( 'NONE', #212, 1000.000000000000000 ) ;
#4527 = VERTEX_POINT ( 'NONE', #4800 ) ;
#4528 = CARTESIAN_POINT ( 'NONE',  ( -10.77247679211119369, 13.85406711175160055, 37.52392399217993102 ) ) ;
#4529 = DIRECTION ( 'NONE',  ( 0.000000000000000000, -1.000000000000000000, 0.000000000000000000 ) ) ;
#4530 = LINE ( 'NONE', #1998, #2162 ) ;
#4531 = CARTESIAN_POINT ( 'NONE',  ( -25.34847085472804906, 15.66475306223653874, 14.54563789404790342 ) ) ;
#4532 = CARTESIAN_POINT ( 'NONE',  ( -36.19974746830612844, 0.000000000000000000, 26.30025253169416288 ) ) ;
#4533 = EDGE_CURVE ( 'NONE', #3424, #1775, #4014, .T. ) ;
#4534 = CARTESIAN_POINT ( 'NONE',  ( -8.249999999999987566, 1.000000000000000888, 63.00000000000000000 ) ) ;
#4535 = LINE ( 'NONE', #1920, #1137 ) ;
#4536 = CARTESIAN_POINT ( 'NONE',  ( -40.14303584296506244, 13.50408357705576456, 23.19662507621024616 ) ) ;
#4537 = DIRECTION ( 'NONE',  ( -1.000000000000000000, -0.000000000000000000, -0.000000000000000000 ) ) ;
#4538 = EDGE_LOOP ( 'NONE', ( #3212, #2793, #4183, #5379 ) ) ;
#4539 = CARTESIAN_POINT ( 'NONE',  ( -31.85425168610960611, 7.255002243696454300, 50.18267881085579774 ) ) ;
#4540 = FACE_OUTER_BOUND ( 'NONE', #3204, .T. ) ;
#4541 = ORIENTED_EDGE ( 'NONE', *, *, #4984, .T. ) ;
#4542 = VERTEX_POINT ( 'NONE', #946 ) ;
#4543 = CARTESIAN_POINT ( 'NONE',  ( -10.25000000000000711, 7.339745962155606485, 50.03589838486224295 ) ) ;
#4544 = CARTESIAN_POINT ( 'NONE',  ( -25.80772191880363309, 15.39706498797826661, 3.172167641222019885 ) ) ;
#4545 = EDGE_CURVE ( 'NONE', #4714, #2481, #2732, .T. ) ;
#4546 = AXIS2_PLACEMENT_3D ( 'NONE', #3055, #4837, #590 ) ;
#4547 = DIRECTION ( 'NONE',  ( 0.4999999999999995559, -0.000000000000000000, 0.8660254037844389297 ) ) ;
#4548 = AXIS2_PLACEMENT_3D ( 'NONE', #1868, #2784, #3176 ) ;
#4549 = DIRECTION ( 'NONE',  ( -1.000000000000000000, 0.000000000000000000, 0.000000000000000000 ) ) ;
#4550 = ORIENTED_EDGE ( 'NONE', *, *, #762, .F. ) ;
#4551 = LINE ( 'NONE', #2519, #3595 ) ;
#4552 = VERTEX_POINT ( 'NONE', #973 ) ;
#4553 = CARTESIAN_POINT ( 'NONE',  ( -20.24999999999998934, 14.00000000000000000, 50.49999999999999289 ) ) ;
#4554 = AXIS2_PLACEMENT_3D ( 'NONE', #2705, #1839, #3122 ) ;
#4555 = DIRECTION ( 'NONE',  ( -0.5000000000000004441, 0.000000000000000000, 0.8660254037844383745 ) ) ;
#4556 = EDGE_CURVE ( 'NONE', #2965, #4023, #4587, .T. ) ;
#4557 = CARTESIAN_POINT ( 'NONE',  ( -19.34497178141369744, 14.00000000000000178, 37.12773432410863705 ) ) ;
#4558 = VECTOR ( 'NONE', #2692, 1000.000000000000000 ) ;
#4559 = VECTOR ( 'NONE', #2573, 1000.000000000000000 ) ;
#4560 = ORIENTED_EDGE ( 'NONE', *, *, #858, .T. ) ;
#4561 = DIRECTION ( 'NONE',  ( -6.259644161404840308E-16, -0.4999999999999982236, 0.8660254037844395958 ) ) ;
#4562 = CARTESIAN_POINT ( 'NONE',  ( -6.249999999999991118, 11.00000000000000000, 34.75000000000000000 ) ) ;
#4563 = DIRECTION ( 'NONE',  ( 1.982541115402067674E-15, 0.000000000000000000, 1.000000000000000000 ) ) ;
#4564 = DIRECTION ( 'NONE',  ( -0.7071067811865436870, -9.462128050782549370E-16, 0.7071067811865512365 ) ) ;
#4565 = DIRECTION ( 'NONE',  ( 0.000000000000000000, 0.000000000000000000, 1.000000000000000000 ) ) ;
#4566 = DIRECTION ( 'NONE',  ( -1.000000000000000000, 0.000000000000000000, -0.000000000000000000 ) ) ;
#4567 = ORIENTED_EDGE ( 'NONE', *, *, #211, .F. ) ;
#4568 = DIRECTION ( 'NONE',  ( -0.000000000000000000, -1.000000000000000000, -0.000000000000000000 ) ) ;
#4569 = CARTESIAN_POINT ( 'NONE',  ( -9.198001808568456283, 1.800000000000000044, 45.07499999999996732 ) ) ;
#4570 = VERTEX_POINT ( 'NONE', #2236 ) ;
#4571 = AXIS2_PLACEMENT_3D ( 'NONE', #4221, #5011, #1180 ) ;
#4572 = ORIENTED_EDGE ( 'NONE', *, *, #3445, .T. ) ;
#4573 = EDGE_CURVE ( 'NONE', #1643, #2991, #3779, .T. ) ;
#4574 = CARTESIAN_POINT ( 'NONE',  ( -50.50000000000000000, 5.917096231345234436, 0.000000000000000000 ) ) ;
#4575 = EDGE_CURVE ( 'NONE', #5171, #298, #5189, .T. ) ;
#4576 = AXIS2_PLACEMENT_3D ( 'NONE', #2406, #645, #1089 ) ;
#4577 = DIRECTION ( 'NONE',  ( 0.000000000000000000, 1.000000000000000000, 0.000000000000000000 ) ) ;
#4578 = CARTESIAN_POINT ( 'NONE',  ( -3.250000000000009770, 8.000000000000000000, 34.24999999999999289 ) ) ;
#4579 = EDGE_CURVE ( 'NONE', #1101, #4834, #2426, .T. ) ;
#4580 = CARTESIAN_POINT ( 'NONE',  ( -9.198001808568456283, 1.800000000000000044, 45.07499999999996732 ) ) ;
#4581 = VERTEX_POINT ( 'NONE', #557 ) ;
#4582 = CARTESIAN_POINT ( 'NONE',  ( 5.656854249492329956, 8.000000000000000000, 5.656854249492381470 ) ) ;
#4583 = ORIENTED_EDGE ( 'NONE', *, *, #3889, .F. ) ;
#4584 = CARTESIAN_POINT ( 'NONE',  ( -15.23456929663308834, 6.071821390479325231, 51.84815820372731565 ) ) ;
#4585 = CYLINDRICAL_SURFACE ( 'NONE', #4822, 2.000000000000001776 ) ;
#4586 = CARTESIAN_POINT ( 'NONE',  ( -18.46484796449686527, 13.99999999999999822, 36.71737741955178080 ) ) ;
#4587 = B_SPLINE_CURVE_WITH_KNOTS ( 'NONE', 3,
 ( #190, #3096, #3989, #4376 ),
 .UNSPECIFIED., .F., .F.,
 ( 4, 4 ),
 ( 0.000000000000000000, 1.000000000000000000 ),
 .UNSPECIFIED. ) ;
#4588 = ORIENTED_EDGE ( 'NONE', *, *, #4545, .F. ) ;
#4589 = DIRECTION ( 'NONE',  ( 1.040834085586083310E-14, 0.000000000000000000, -1.000000000000000000 ) ) ;
#4590 = CYLINDRICAL_SURFACE ( 'NONE', #4571, 26.00000000000000355 ) ;
#4591 = DIRECTION ( 'NONE',  ( -0.6546536707079744222, -0.3779644730092231453, 0.6546536707079824158 ) ) ;
#4592 = CARTESIAN_POINT ( 'NONE',  ( -50.50000000000000000, 5.917096231345234436, 33.17157287525382259 ) ) ;
#4593 = CARTESIAN_POINT ( 'NONE',  ( -35.82050807568872131, 14.00000000000000000, 16.49208095094233784 ) ) ;
#4594 = DIRECTION ( 'NONE',  ( -5.062390359345617340E-16, 0.000000000000000000, 1.000000000000000000 ) ) ;
#4595 = ORIENTED_EDGE ( 'NONE', *, *, #2069, .F. ) ;
#4596 = CYLINDRICAL_SURFACE ( 'NONE', #3841, 2.099999999999997868 ) ;
#4597 = CARTESIAN_POINT ( 'NONE',  ( -6.801998191431509966, 1.800000000000000044, 45.07499999999996732 ) ) ;
#4598 = EDGE_LOOP ( 'NONE', ( #2988, #3950, #1415, #5287 ) ) ;
#4599 = ORIENTED_EDGE ( 'NONE', *, *, #4382, .T. ) ;
#4600 = CARTESIAN_POINT ( 'NONE',  ( 0.000000000000000000, 6.494446500534840183, 50.49999999999999289 ) ) ;
#4601 = VECTOR ( 'NONE', #3667, 999.9999999999998863 ) ;
#4602 = ADVANCED_FACE ( 'NONE', ( #1810 ), #5365, .F. ) ;
#4603 = VERTEX_POINT ( 'NONE', #1363 ) ;
#4604 = LINE ( 'NONE', #412, #874 ) ;
#4605 = CARTESIAN_POINT ( 'NONE',  ( -26.00000000000000355, 15.29525135799769231, -0.6361075519951061574 ) ) ;
#4606 = EDGE_CURVE ( 'NONE', #2370, #3125, #3043, .T. ) ;
#4607 = ADVANCED_FACE ( 'NONE', ( #3538 ), #1420, .F. ) ;
#4608 = ORIENTED_EDGE ( 'NONE', *, *, #2528, .F. ) ;
#4609 = DIRECTION ( 'NONE',  ( 0.000000000000000000, 0.000000000000000000, 1.000000000000000000 ) ) ;
#4610 = CARTESIAN_POINT ( 'NONE',  ( -15.66393810141791398, 6.087916135137615647, 51.61359656611443114 ) ) ;
#4611 = AXIS2_PLACEMENT_3D ( 'NONE', #2347, #3181, #5418 ) ;
#4612 = CARTESIAN_POINT ( 'NONE',  ( -25.59314575050795071, 14.00000000000000000, 36.90685424949244009 ) ) ;
#4613 = CARTESIAN_POINT ( 'NONE',  ( -24.88750402124150796, 8.999999999999984013, 7.524104172105012367 ) ) ;
#4614 = AXIS2_PLACEMENT_3D ( 'NONE', #209, #3194, #941 ) ;
#4615 = AXIS2_PLACEMENT_3D ( 'NONE', #5529, #3731, #3781 ) ;
#4616 = ORIENTED_EDGE ( 'NONE', *, *, #442, .T. ) ;
#4617 = FACE_OUTER_BOUND ( 'NONE', #131, .T. ) ;
#4618 = CARTESIAN_POINT ( 'NONE',  ( -20.24999999999998934, 7.360471904319303427, 49.99999999999997868 ) ) ;
#4619 = FACE_OUTER_BOUND ( 'NONE', #2983, .T. ) ;
#4620 = VECTOR ( 'NONE', #3653, 1000.000000000000000 ) ;
#4621 = EDGE_CURVE ( 'NONE', #4823, #4664, #1531, .T. ) ;
#4622 = CARTESIAN_POINT ( 'NONE',  ( -23.44782396324601592, 13.46410161513775350, 40.32886667852284290 ) ) ;
#4623 = CARTESIAN_POINT ( 'NONE',  ( -9.397812432997943333, 12.97746225358101491, 37.15543715687750392 ) ) ;
#4624 = EDGE_CURVE ( 'NONE', #3047, #4292, #998, .T. ) ;
#4625 = LINE ( 'NONE', #4091, #1261 ) ;
#4626 = ADVANCED_FACE ( 'NONE', ( #165 ), #3220, .T. ) ;
#4627 = ORIENTED_EDGE ( 'NONE', *, *, #1323, .T. ) ;
#4628 = CARTESIAN_POINT ( 'NONE',  ( -6.249999999999991118, 0.000000000000000000, 29.14999999999999858 ) ) ;
#4629 = CARTESIAN_POINT ( 'NONE',  ( -37.63603896932105641, 0.000000000000000000, 52.72182540694793573 ) ) ;
#4630 = ORIENTED_EDGE ( 'NONE', *, *, #1464, .T. ) ;
#4631 = CC_DESIGN_SECURITY_CLASSIFICATION ( #793, ( #972 ) ) ;
#4632 = EDGE_LOOP ( 'NONE', ( #5224, #2956, #3891, #329 ) ) ;
#4633 = DIRECTION ( 'NONE',  ( -0.02067924729933573458, -0.8803712478008206554, -0.4738341848967411174 ) ) ;
#4634 = AXIS2_PLACEMENT_3D ( 'NONE', #4683, #5390, #1300 ) ;
#4635 = EDGE_CURVE ( 'NONE', #4809, #985, #925, .T. ) ;
#4636 = VERTEX_POINT ( 'NONE', #1025 ) ;
#4637 = CARTESIAN_POINT ( 'NONE',  ( -30.67770372476992335, 12.99999999999996625, 20.77820878815801109 ) ) ;
#4638 = CARTESIAN_POINT ( 'NONE',  ( -6.801998191431526841, 0.000000000000000000, 40.92500000000000426 ) ) ;
#4639 = ORIENTED_EDGE ( 'NONE', *, *, #1758, .F. ) ;
#4640 = DIRECTION ( 'NONE',  ( 0.000000000000000000, 0.000000000000000000, 1.000000000000000000 ) ) ;
#4641 = AXIS2_PLACEMENT_3D ( 'NONE', #2968, #904, #5173 ) ;
#4642 = FACE_OUTER_BOUND ( 'NONE', #2982, .T. ) ;
#4643 = VECTOR ( 'NONE', #3334, 999.9999999999998863 ) ;
#4644 = CARTESIAN_POINT ( 'NONE',  ( -40.88763611152128874, 13.35279685089551727, 24.17423035598334025 ) ) ;
#4645 = ADVANCED_FACE ( 'NONE', ( #2621 ), #4319, .F. ) ;
#4646 = ORIENTED_EDGE ( 'NONE', *, *, #1466, .T. ) ;
#4647 = LINE ( 'NONE', #2471, #1147 ) ;
#4648 = CARTESIAN_POINT ( 'NONE',  ( -20.24999999999998934, 7.360471904319302539, 49.99999999999997868 ) ) ;
#4649 = DIRECTION ( 'NONE',  ( 0.7071067811865432429, 0.000000000000000000, 0.7071067811865519026 ) ) ;
#4650 = B_SPLINE_CURVE_WITH_KNOTS ( 'NONE', 3,
 ( #4890, #3621, #5362, #1959 ),
 .UNSPECIFIED., .F., .F.,
 ( 4, 4 ),
 ( 0.000000000000000000, 1.000000000000000000 ),
 .UNSPECIFIED. ) ;
#4651 = CARTESIAN_POINT ( 'NONE',  ( -18.87660267043377971, 13.94257123974902335, 37.28723272303614067 ) ) ;
#4652 = CARTESIAN_POINT ( 'NONE',  ( -9.625545600920917266, 12.94586066789450562, 37.41756603272259696 ) ) ;
#4653 = CARTESIAN_POINT ( 'NONE',  ( -32.65478611979619927, 6.320478848101065417, 50.89580508506153933 ) ) ;
#4654 = VECTOR ( 'NONE', #3727, 1000.000000000000000 ) ;
#4655 = ORIENTED_EDGE ( 'NONE', *, *, #1366, .T. ) ;
#4656 = DIRECTION ( 'NONE',  ( -0.6889822365046185393, 0.6546536707079685380, -0.3110177634953938952 ) ) ;
#4657 = DIRECTION ( 'NONE',  ( -1.040834085586083310E-14, 0.000000000000000000, -1.000000000000000000 ) ) ;
#4658 = ORIENTED_EDGE ( 'NONE', *, *, #715, .F. ) ;
#4659 = AXIS2_PLACEMENT_3D ( 'NONE', #4844, #1800, #4420 ) ;
#4660 = VERTEX_POINT ( 'NONE', #4430 ) ;
#4661 = CYLINDRICAL_SURFACE ( 'NONE', #4079, 2.100000000000000977 ) ;
#4662 = CARTESIAN_POINT ( 'NONE',  ( -7.999999999999986677, 0.000000000000000000, 60.39600361713693388 ) ) ;
#4663 = B_SPLINE_CURVE_WITH_KNOTS ( 'NONE', 3,
 ( #4090, #4536, #1977, #1554, #4853, #2729, #4428, #606, #3748, #3381, #2141, #2476, #2530, #4174, #799, #2556, #4249, #2058, #5468, #4198, #1689, #5092, #3773, #2950, #5408, #3353, #2862, #1155, #5438, #745, #5067, #2896, #5042, #4593 ),
 .UNSPECIFIED., .F., .F.,
 ( 4, 2, 1, 1, 1, 1, 2, 2, 2, 1, 1, 1, 1, 2, 2, 2, 1, 1, 1, 1, 2, 2, 4 ),
 ( 0.000000000000000000, 0.1250000000000033307, 0.1875000000000049960, 0.2187500000000058564, 0.2343750000000063005, 0.2421875000000065226, 0.2460937500000065781, 0.2500000000000066613, 0.3750000000000138223, 0.4375000000000167644, 0.4687500000000182077, 0.4843750000000178191, 0.4921875000000175970, 0.4960937500000174860, 0.5000000000000174305, 0.6250000000000069944, 0.6875000000000017764, 0.7187499999999990008, 0.7343749999999976685, 0.7421874999999963363, 0.7460937499999957812, 0.7499999999999952260, 1.000000000000000000 ),
 .UNSPECIFIED. ) ;
#4664 = VERTEX_POINT ( 'NONE', #608 ) ;
#4665 = FACE_OUTER_BOUND ( 'NONE', #4804, .T. ) ;
#4666 = LINE ( 'NONE', #4638, #4559 ) ;
#4667 = ORIENTED_EDGE ( 'NONE', *, *, #3606, .F. ) ;
#4668 = CARTESIAN_POINT ( 'NONE',  ( -11.24999999999997513, 8.000000000000000000, 40.49999999999999289 ) ) ;
#4669 = CARTESIAN_POINT ( 'NONE',  ( -8.249999999999987566, 6.071796769724454812, 65.00000000000000000 ) ) ;
#4670 = CARTESIAN_POINT ( 'NONE',  ( -3.017857142857148123, 12.99999999999996625, 25.82426258899382887 ) ) ;
#4671 = B_SPLINE_CURVE_WITH_KNOTS ( 'NONE', 3,
 ( #5376, #598, #4953, #4007 ),
 .UNSPECIFIED., .F., .F.,
 ( 4, 4 ),
 ( 0.000000000000000000, 1.000000000000000000 ),
 .UNSPECIFIED. ) ;
#4672 = VERTEX_POINT ( 'NONE', #86 ) ;
#4673 = EDGE_CURVE ( 'NONE', #4660, #1544, #3664, .T. ) ;
#4674 = DIRECTION ( 'NONE',  ( -0.000000000000000000, -1.000000000000000000, -0.000000000000000000 ) ) ;
#4675 = DIRECTION ( 'NONE',  ( 0.7071067811865507924, 0.000000000000000000, -0.7071067811865441310 ) ) ;
#4676 = CARTESIAN_POINT ( 'NONE',  ( -51.75000000000005684, 1.000000000000000888, 67.42157287525370180 ) ) ;
#4677 = CARTESIAN_POINT ( 'NONE',  ( -8.249999999999987566, 0.000000000000000000, 64.00000000000000000 ) ) ;
#4678 = CARTESIAN_POINT ( 'NONE',  ( -9.585777717423191291, 12.95301447649774573, 37.36713686071555429 ) ) ;
#4679 = CARTESIAN_POINT ( 'NONE',  ( -34.06744590637362080, 6.375352291939625715, 51.42831436073404916 ) ) ;
#4680 = ORIENTED_EDGE ( 'NONE', *, *, #5436, .F. ) ;
#4681 = ORIENTED_EDGE ( 'NONE', *, *, #1259, .T. ) ;
#4682 = DIRECTION ( 'NONE',  ( -0.000000000000000000, 1.000000000000000000, -0.000000000000000000 ) ) ;
#4683 = CARTESIAN_POINT ( 'NONE',  ( 0.000000000000000000, 9.071796769724485898, 51.03589838486223584 ) ) ;
#4684 = CARTESIAN_POINT ( 'NONE',  ( -25.87499999999994316, -6.625000000000015987, 40.49999999999999289 ) ) ;
#4685 = EDGE_LOOP ( 'NONE', ( #1571, #3224, #1692, #3974, #5001, #119, #494, #1331, #3868, #4701, #740, #4686, #2343, #4719, #1999, #1064, #3436 ) ) ;
#4686 = ORIENTED_EDGE ( 'NONE', *, *, #3465, .T. ) ;
#4687 = CARTESIAN_POINT ( 'NONE',  ( -7.524104172105265498, 12.99999999999996625, 24.88750402124142980 ) ) ;
#4688 = CARTESIAN_POINT ( 'NONE',  ( -20.24999999999998934, 14.00000000000000000, 60.50000000000000000 ) ) ;
#4689 = CARTESIAN_POINT ( 'NONE',  ( -59.47247185901920830, 18.00000000000000355, 44.38668542139239293 ) ) ;
#4690 = VECTOR ( 'NONE', #5518, 1000.000000000000114 ) ;
#4691 = AXIS2_PLACEMENT_3D ( 'NONE', #650, #4056, #3297 ) ;
#4692 = EDGE_CURVE ( 'NONE', #4325, #3768, #2341, .T. ) ;
#4693 = EDGE_LOOP ( 'NONE', ( #1817, #4965, #3482, #1161, #547, #4474 ) ) ;
#4694 = DIRECTION ( 'NONE',  ( 0.2046286570172926866, -0.7071067811865500152, -0.6768508792395084850 ) ) ;
#4695 = CARTESIAN_POINT ( 'NONE',  ( -7.249999999999992895, 12.99999999999996625, 36.25000000000000000 ) ) ;
#4696 = ADVANCED_FACE ( 'NONE', ( #1923 ), #1079, .F. ) ;
#4697 = ORIENTED_EDGE ( 'NONE', *, *, #3290, .F. ) ;
#4698 = CARTESIAN_POINT ( 'NONE',  ( -34.50682908011503969, 6.421852612969602525, 51.64633703056360758 ) ) ;
#4699 = CARTESIAN_POINT ( 'NONE',  ( -16.70970060128071211, 6.186999837977132266, 51.14764224658797076 ) ) ;
#4700 = CARTESIAN_POINT ( 'NONE',  ( -42.35623839485579367, 13.08083605966911556, 25.84559208775994676 ) ) ;
#4701 = ORIENTED_EDGE ( 'NONE', *, *, #5254, .T. ) ;
#4702 = CARTESIAN_POINT ( 'NONE',  ( -10.18889480424046035, 12.60929092015095065, 38.64573237415241636 ) ) ;
#4703 = CARTESIAN_POINT ( 'NONE',  ( -7.999999999999986677, 1.800000000000000044, 60.39600361713693388 ) ) ;
#4704 = LINE ( 'NONE', #394, #5225 ) ;
#4705 = CARTESIAN_POINT ( 'NONE',  ( -38.61326068770009812, 14.00000000000000355, 22.28713675723187393 ) ) ;
#4706 = CARTESIAN_POINT ( 'NONE',  ( -32.77047143298690912, 7.096136613569043128, 50.54721867424774473 ) ) ;
#4707 = VECTOR ( 'NONE', #3399, 1000.000000000000000 ) ;
#4708 = ORIENTED_EDGE ( 'NONE', *, *, #4749, .T. ) ;
#4709 = ORIENTED_EDGE ( 'NONE', *, *, #5260, .F. ) ;
#4710 = DIRECTION ( 'NONE',  ( -0.7071067811865479058, 0.000000000000000000, -0.7071067811865472397 ) ) ;
#4711 = AXIS2_PLACEMENT_3D ( 'NONE', #3247, #1102, #3169 ) ;
#4712 = LINE ( 'NONE', #3448, #4900 ) ;
#4713 = CARTESIAN_POINT ( 'NONE',  ( -21.99999999999981881, 12.66025403784439618, 40.82050807568869999 ) ) ;
#4714 = VERTEX_POINT ( 'NONE', #4150 ) ;
#4715 = CARTESIAN_POINT ( 'NONE',  ( -8.249999999999987566, 7.071796769724485898, 63.00000000000000000 ) ) ;
#4716 = CARTESIAN_POINT ( 'NONE',  ( -10.24999999999998934, 7.071796769724485898, 36.25000000000000000 ) ) ;
#4717 = CARTESIAN_POINT ( 'NONE',  ( -52.50000000000000711, 0.000000000000000000, 33.17157287525382259 ) ) ;
#4718 = DIRECTION ( 'NONE',  ( -0.7071067811865475727, -0.000000000000000000, -0.7071067811865475727 ) ) ;
#4719 = ORIENTED_EDGE ( 'NONE', *, *, #2643, .T. ) ;
#4720 = CARTESIAN_POINT ( 'NONE',  ( -7.249999999999992895, 8.999999999999984013, 39.25000000000000000 ) ) ;
#4721 = CARTESIAN_POINT ( 'NONE',  ( -36.80731751477422620, 6.874664017492479573, 53.30731751477420488 ) ) ;
#4722 = AXIS2_PLACEMENT_3D ( 'NONE', #4766, #939, #1751 ) ;
#4723 = ADVANCED_FACE ( 'NONE', ( #4067 ), #177, .T. ) ;
#4724 = ORIENTED_EDGE ( 'NONE', *, *, #3106, .F. ) ;
#4725 = CARTESIAN_POINT ( 'NONE',  ( -31.67276193066955514, 6.388976839911990169, 50.66607164623255954 ) ) ;
#4726 =( LENGTH_UNIT ( ) NAMED_UNIT ( * ) SI_UNIT ( .MILLI., .METRE. ) );
#4727 = CARTESIAN_POINT ( 'NONE',  ( -10.39600361713691790, 0.000000000000000000, 42.99999999999999289 ) ) ;
#4728 = ORIENTED_EDGE ( 'NONE', *, *, #2190, .T. ) ;
#4729 = CARTESIAN_POINT ( 'NONE',  ( -10.07088074174563985, 12.75977213862570281, 38.22774791882415002 ) ) ;
#4730 = CARTESIAN_POINT ( 'NONE',  ( -17.72985713432771604, 6.314494343311026547, 50.81298854206909965 ) ) ;
#4731 = CARTESIAN_POINT ( 'NONE',  ( -36.97398941670000028, 14.00000000000000178, 19.02225790019777918 ) ) ;
#4732 = VECTOR ( 'NONE', #2079, 999.9999999999998863 ) ;
#4733 = CARTESIAN_POINT ( 'NONE',  ( -38.12280260625056627, 14.00000000000000711, 21.36732967021942287 ) ) ;
#4734 = CARTESIAN_POINT ( 'NONE',  ( -36.90703636442064095, 6.868373589553172565, 53.40703551781108871 ) ) ;
#4735 = ORIENTED_EDGE ( 'NONE', *, *, #89, .F. ) ;
#4736 = CARTESIAN_POINT ( 'NONE',  ( -15.84755661806034510, 6.096298251212093788, 51.51260320241104296 ) ) ;
#4737 = FACE_OUTER_BOUND ( 'NONE', #467, .T. ) ;
#4738 = LINE ( 'NONE', #3422, #4436 ) ;
#4739 = APPLICATION_CONTEXT ( 'configuration controlled 3d designs of mechanical parts and assemblies' ) ;
#4740 = VERTEX_POINT ( 'NONE', #1106 ) ;
#4741 = AXIS2_PLACEMENT_3D ( 'NONE', #2724, #1355, #2279 ) ;
#4742 = ORIENTED_EDGE ( 'NONE', *, *, #3290, .T. ) ;
#4743 = CARTESIAN_POINT ( 'NONE',  ( -8.249999999999987566, -31.94526568992657545, 63.00000000000000000 ) ) ;
#4744 = CARTESIAN_POINT ( 'NONE',  ( -2.249999999999990674, 8.000000000000000000, 34.24999999999999289 ) ) ;
#4745 = AXIS2_PLACEMENT_3D ( 'NONE', #1463, #1491, #3087 ) ;
#4746 = VECTOR ( 'NONE', #4933, 1000.000000000000000 ) ;
#4747 = DIRECTION ( 'NONE',  ( -0.000000000000000000, -1.000000000000000000, -0.000000000000000000 ) ) ;
#4748 = LINE ( 'NONE', #4662, #808 ) ;
#4749 = EDGE_CURVE ( 'NONE', #3973, #3113, #1129, .T. ) ;
#4750 = ADVANCED_FACE ( 'NONE', ( #3674 ), #2070, .F. ) ;
#4751 = VERTEX_POINT ( 'NONE', #296 ) ;
#4752 = LINE ( 'NONE', #1871, #5328 ) ;
#4753 = CARTESIAN_POINT ( 'NONE',  ( -33.27229421983200552, 7.034835117368682056, 50.78639886016829763 ) ) ;
#4754 = ORIENTED_EDGE ( 'NONE', *, *, #4856, .T. ) ;
#4755 = CARTESIAN_POINT ( 'NONE',  ( -33.24715263364446116, 6.325667273380941147, 51.09109991622656111 ) ) ;
#4756 = CARTESIAN_POINT ( 'NONE',  ( -16.98787886171336936, 6.220936664563904372, 51.04701777984379163 ) ) ;
#4757 = EDGE_CURVE ( 'NONE', #2688, #5493, #2759, .T. ) ;
#4758 = CARTESIAN_POINT ( 'NONE',  ( -30.00000000000000000, 14.00000000000000000, 9.519174207655508368 ) ) ;
#4759 = VECTOR ( 'NONE', #709, 1000.000000000000000 ) ;
#4760 = VERTEX_POINT ( 'NONE', #3251 ) ;
#4761 = CARTESIAN_POINT ( 'NONE',  ( -9.252392455264297766, 12.98924568341882946, 37.01387151078031934 ) ) ;
#4762 = DIRECTION ( 'NONE',  ( 0.000000000000000000, 0.000000000000000000, -1.000000000000000000 ) ) ;
#4763 = CARTESIAN_POINT ( 'NONE',  ( -37.10626800571094464, 14.00000000000000000, 19.29947432845308697 ) ) ;
#4764 = CARTESIAN_POINT ( 'NONE',  ( -36.90643136039230399, 6.873863267629175766, 53.40643073955062192 ) ) ;
#4765 = ORIENTED_EDGE ( 'NONE', *, *, #4405, .F. ) ;
#4766 = CARTESIAN_POINT ( 'NONE',  ( -10.41799039214575195, 14.00000000000000000, 34.45962095248813029 ) ) ;
#4767 = CARTESIAN_POINT ( 'NONE',  ( -3.250000000000005329, 0.000000000000000000, 27.81074432660873796 ) ) ;
#4768 = DIRECTION ( 'NONE',  ( 0.000000000000000000, 1.000000000000000000, 0.000000000000000000 ) ) ;
#4769 = ORIENTED_EDGE ( 'NONE', *, *, #1054, .T. ) ;
#4770 = DIRECTION ( 'NONE',  ( -1.000000000000000000, 0.000000000000000000, 0.000000000000000000 ) ) ;
#4771 = CARTESIAN_POINT ( 'NONE',  ( -22.12803014352237341, 13.32122759710594551, 39.59252386623570175 ) ) ;
#4772 = DIRECTION ( 'NONE',  ( 0.000000000000000000, 0.000000000000000000, 1.000000000000000000 ) ) ;
#4773 = DIRECTION ( 'NONE',  ( 0.8660254037844379305, 0.000000000000000000, 0.5000000000000011102 ) ) ;
#4774 = CARTESIAN_POINT ( 'NONE',  ( -10.39600361713691790, 1.800000000000000044, 42.99999999999999289 ) ) ;
#4775 = ORIENTED_EDGE ( 'NONE', *, *, #1085, .T. ) ;
#4776 = LINE ( 'NONE', #4410, #3100 ) ;
#4777 = VERTEX_POINT ( 'NONE', #3593 ) ;
#4778 = ORIENTED_EDGE ( 'NONE', *, *, #3286, .F. ) ;
#4779 = CARTESIAN_POINT ( 'NONE',  ( -33.53917683431552632, 6.337994794175870972, 51.20204852424987507 ) ) ;
#4780 = PERSON_AND_ORGANIZATION_ROLE ( 'design_owner' ) ;
#4781 = CARTESIAN_POINT ( 'NONE',  ( -31.25000000000000000, 11.00000000000000000, 6.250000000000003553 ) ) ;
#4782 = EDGE_CURVE ( 'NONE', #193, #3424, #1505, .T. ) ;
#4783 = VERTEX_POINT ( 'NONE', #4461 ) ;
#4784 = FACE_OUTER_BOUND ( 'NONE', #2006, .T. ) ;
#4785 = CARTESIAN_POINT ( 'NONE',  ( -36.62590382823293567, 13.99999999999999822, 18.26607596268474865 ) ) ;
#4786 = CARTESIAN_POINT ( 'NONE',  ( -20.24999999999998934, 7.071796769724485898, 60.50000000000000000 ) ) ;
#4787 = ORIENTED_EDGE ( 'NONE', *, *, #2937, .T. ) ;
#4788 = ADVANCED_FACE ( 'NONE', ( #2783 ), #2809, .F. ) ;
#4789 = DIRECTION ( 'NONE',  ( -0.000000000000000000, 0.7071067811865474617, 0.7071067811865474617 ) ) ;
#4790 = CARTESIAN_POINT ( 'NONE',  ( -50.05751788382366385, 7.219396122865505028, 32.28660864290130661 ) ) ;
#4791 = CARTESIAN_POINT ( 'NONE',  ( -49.49999999999999289, 7.649147038914112962, 31.17157287525377996 ) ) ;
#4792 = EDGE_LOOP ( 'NONE', ( #2072, #2770, #3450, #1217 ) ) ;
#4793 = EDGE_CURVE ( 'NONE', #3951, #1760, #5301, .T. ) ;
#4794 = AXIS2_PLACEMENT_3D ( 'NONE', #810, #4212, #385 ) ;
#4795 = FACE_OUTER_BOUND ( 'NONE', #1460, .T. ) ;
#4796 = CARTESIAN_POINT ( 'NONE',  ( -18.14178980200480140, 14.05947143316808656, 36.00443553620015535 ) ) ;
#4797 = CARTESIAN_POINT ( 'NONE',  ( -5.924999999999996270, 0.000000000000000000, 59.19800180856847049 ) ) ;
#4798 = CONICAL_SURFACE ( 'NONE', #2654, 3.000000000000002665, 0.7853981633974491672 ) ;
#4799 = VECTOR ( 'NONE', #4182, 1000.000000000000114 ) ;
#4800 = CARTESIAN_POINT ( 'NONE',  ( -22.49208095094240534, 12.66025403784439618, 40.82050807568869999 ) ) ;
#4801 = CARTESIAN_POINT ( 'NONE',  ( -20.66518211206008715, 13.81191043157375553, 38.42062962589781705 ) ) ;
#4802 = EDGE_LOOP ( 'NONE', ( #5528, #169, #1109, #871, #3418 ) ) ;
#4803 = CARTESIAN_POINT ( 'NONE',  ( -31.25000000000032685, 12.99999999999996625, 31.25000000000002132 ) ) ;
#4804 = EDGE_LOOP ( 'NONE', ( #5103, #1410, #2487, #2249 ) ) ;
#4805 = CARTESIAN_POINT ( 'NONE',  ( -36.53426491972759749, 6.780865359152048910, 53.05509164167972358 ) ) ;
#4806 = CARTESIAN_POINT ( 'NONE',  ( -16.51034494105837780, 6.163886664980690711, 51.22544350380434253 ) ) ;
#4807 = DIRECTION ( 'NONE',  ( -0.000000000000000000, -0.000000000000000000, 1.000000000000000000 ) ) ;
#4808 = VECTOR ( 'NONE', #4875, 1000.000000000000000 ) ;
#4809 = VERTEX_POINT ( 'NONE', #1584 ) ;
#4810 = ORIENTED_EDGE ( 'NONE', *, *, #1784, .F. ) ;
#4811 = CARTESIAN_POINT ( 'NONE',  ( -9.818955382517941644, 12.89642823717941411, 37.69987791970648772 ) ) ;
#4812 = CIRCLE ( 'NONE', #4361, 0.9999999999999696909 ) ;
#4813 = EDGE_CURVE ( 'NONE', #2632, #4010, #364, .T. ) ;
#4814 = ADVANCED_FACE ( 'NONE', ( #1476 ), #689, .T. ) ;
#4815 = CARTESIAN_POINT ( 'NONE',  ( -36.32989574950117628, 14.00000000000000178, 17.61810462650820241 ) ) ;
#4816 = FACE_OUTER_BOUND ( 'NONE', #677, .T. ) ;
#4817 =( BOUNDED_CURVE ( )  B_SPLINE_CURVE ( 3, ( #2540, #1365, #1786, #3488 ),
 .UNSPECIFIED., .F., .F. ) 
 B_SPLINE_CURVE_WITH_KNOTS ( ( 4, 4 ),
 ( 1.570796326794896780, 2.094395102393193486 ),
 .UNSPECIFIED. ) 
 CURVE ( )  GEOMETRIC_REPRESENTATION_ITEM ( )  RATIONAL_B_SPLINE_CURVE ( ( 1.000000000000000000, 0.9772838841927123932, 0.9772838841927123932, 1.000000000000000000 ) ) 
 REPRESENTATION_ITEM ( '' )  );
#4818 = VERTEX_POINT ( 'NONE', #2837 ) ;
#4819 = LINE ( 'NONE', #991, #1346 ) ;
#4820 = CYLINDRICAL_SURFACE ( 'NONE', #257, 2.000000000000001776 ) ;
#4821 = CARTESIAN_POINT ( 'NONE',  ( -19.72543890419186141, 6.494458144578852732, 50.49999999999999289 ) ) ;
#4822 = AXIS2_PLACEMENT_3D ( 'NONE', #225, #3633, #1936 ) ;
#4823 = VERTEX_POINT ( 'NONE', #718 ) ;
#4824 = ADVANCED_FACE ( 'NONE', ( #4123 ), #4918, .F. ) ;
#4825 = AXIS2_PLACEMENT_3D ( 'NONE', #51, #5071, #2147 ) ;
#4826 = CARTESIAN_POINT ( 'NONE',  ( -110.5417997820248814, 8.000000000000000000, -9.458200217975116786 ) ) ;
#4827 = CARTESIAN_POINT ( 'NONE',  ( -17.13458404677548685, 13.99781374801514033, 35.10889676847026664 ) ) ;
#4828 = CARTESIAN_POINT ( 'NONE',  ( -40.50000000000000711, 1.000000000000000888, 35.50000000000000711 ) ) ;
#4829 = CARTESIAN_POINT ( 'NONE',  ( -8.794086873526469006, 13.00000001536074734, 36.67788108225859389 ) ) ;
#4830 = DIRECTION ( 'NONE',  ( 2.124151195073640555E-16, 0.000000000000000000, 1.000000000000000000 ) ) ;
#4831 = ORIENTED_EDGE ( 'NONE', *, *, #1307, .F. ) ;
#4832 = CARTESIAN_POINT ( 'NONE',  ( -11.25000000000002132, 12.66025403784439618, 40.82050807568869999 ) ) ;
#4833 = CIRCLE ( 'NONE', #1081, 9.000000000000008882 ) ;
#4834 = VERTEX_POINT ( 'NONE', #4990 ) ;
#4835 = CARTESIAN_POINT ( 'NONE',  ( -51.75000000000005684, -18.44756081437316908, 67.42157287525370180 ) ) ;
#4836 = B_SPLINE_CURVE_WITH_KNOTS ( 'NONE', 3,
 ( #1376, #2687, #3599, #5252, #2296, #4020, #3081, #538, #1908, #1429, #5200, #3521, #4865, #981, #172, #954, #2219, #564 ),
 .UNSPECIFIED., .F., .F.,
 ( 4, 2, 2, 2, 2, 2, 2, 2, 4 ),
 ( 0.000000000000000000, 0.06249999999999915345, 0.1249999999999983069, 0.1874999999999974465, 0.2499999999999966138, 0.3749999999999985567, 0.5000000000000005551, 0.7500000000000002220, 1.000000000000000000 ),
 .UNSPECIFIED. ) ;
#4837 = DIRECTION ( 'NONE',  ( 0.000000000000000000, -0.7071067811865456854, -0.7071067811865493491 ) ) ;
#4838 = VECTOR ( 'NONE', #713, 999.9999999999998863 ) ;
#4839 = ORIENTED_EDGE ( 'NONE', *, *, #3860, .F. ) ;
#4840 = ORIENTED_EDGE ( 'NONE', *, *, #1029, .F. ) ;
#4841 = CARTESIAN_POINT ( 'NONE',  ( -10.74106800337812118, 13.86483719261424064, 37.46033789026749616 ) ) ;
#4842 = AXIS2_PLACEMENT_3D ( 'NONE', #4481, #2445, #1577 ) ;
#4843 = CARTESIAN_POINT ( 'NONE',  ( -25.23331308931922123, 15.70121674931800371, 6.299566917979091407 ) ) ;
#4844 = CARTESIAN_POINT ( 'NONE',  ( -35.50000000000001421, 0.000000000000000000, 35.50000000000000711 ) ) ;
#4845 = EDGE_CURVE ( 'NONE', #621, #2688, #5005, .T. ) ;
#4846 = VERTEX_POINT ( 'NONE', #1214 ) ;
#4847 = ADVANCED_FACE ( 'NONE', ( #3333 ), #1271, .F. ) ;
#4848 = CARTESIAN_POINT ( 'NONE',  ( -11.19032390179040704, 7.071796769724486786, 50.53518554993412693 ) ) ;
#4849 = DIRECTION ( 'NONE',  ( 0.000000000000000000, 0.000000000000000000, 1.000000000000000000 ) ) ;
#4850 = CARTESIAN_POINT ( 'NONE',  ( -10.24999999999999822, 7.071796769724487675, 48.49999999999991473 ) ) ;
#4851 = VERTEX_POINT ( 'NONE', #3753 ) ;
#4852 = LINE ( 'NONE', #232, #4526 ) ;
#4853 = CARTESIAN_POINT ( 'NONE',  ( -39.51263414360713000, 13.62996977493578576, 22.30370973087451958 ) ) ;
#4854 = DIRECTION ( 'NONE',  ( -0.7071067811865475727, -3.469446951953613006E-15, 0.7071067811865475727 ) ) ;
#4855 = EDGE_CURVE ( 'NONE', #1396, #122, #2600, .T. ) ;
#4856 = EDGE_CURVE ( 'NONE', #2106, #4016, #1666, .T. ) ;
#4857 = DIRECTION ( 'NONE',  ( 1.000000000000000000, 0.000000000000000000, -0.000000000000000000 ) ) ;
#4858 = CARTESIAN_POINT ( 'NONE',  ( -21.76724626380824290, 13.69591492771571772, 39.14791729810609411 ) ) ;
#4859 = ORIENTED_EDGE ( 'NONE', *, *, #4209, .F. ) ;
#4860 = CARTESIAN_POINT ( 'NONE',  ( -56.79985943989500186, 8.741799002274479591, 41.71407300226815096 ) ) ;
#4861 = VERTEX_POINT ( 'NONE', #773 ) ;
#4862 = PRODUCT ( '\X2\59165e955ea7\X0\1', '\X2\59165e955ea7\X0\1', '', ( #1374 ) ) ;
#4863 = CARTESIAN_POINT ( 'NONE',  ( -30.28074744174250910, 13.85549040843705626, 19.17140636703878087 ) ) ;
#4864 = ADVANCED_FACE ( 'NONE', ( #2979 ), #4596, .F. ) ;
#4865 = CARTESIAN_POINT ( 'NONE',  ( -10.83416131016424977, 13.83301335766990370, 37.64841197241030102 ) ) ;
#4866 = EDGE_CURVE ( 'NONE', #175, #5180, #4470, .T. ) ;
#4867 = EDGE_CURVE ( 'NONE', #5154, #1544, #1641, .T. ) ;
#4868 = VERTEX_POINT ( 'NONE', #402 ) ;
#4869 = ORIENTED_EDGE ( 'NONE', *, *, #1593, .T. ) ;
#4870 = CARTESIAN_POINT ( 'NONE',  ( -11.01117432232972604, 13.73308015402686522, 38.11660713059600170 ) ) ;
#4871 = AXIS2_PLACEMENT_3D ( 'NONE', #2055, #4144, #2419 ) ;
#4872 = CARTESIAN_POINT ( 'NONE',  ( -25.62733051971768816, 15.49258211881843295, -4.432218772900497150 ) ) ;
#4873 = CARTESIAN_POINT ( 'NONE',  ( -35.64509009060243017, 14.79146101653709700, 18.56821713335012802 ) ) ;
#4874 = ORIENTED_EDGE ( 'NONE', *, *, #3460, .F. ) ;
#4875 = DIRECTION ( 'NONE',  ( -0.7071067811865463515, -0.7071067811865487940, 0.000000000000000000 ) ) ;
#4876 = CARTESIAN_POINT ( 'NONE',  ( -25.36597667920399957, 13.16203713003326037, 41.89865419831903637 ) ) ;
#4877 = EDGE_CURVE ( 'NONE', #4552, #597, #5494, .T. ) ;
#4878 = CARTESIAN_POINT ( 'NONE',  ( -18.67956554368174338, 6.415643180469404072, 50.62408304923494740 ) ) ;
#4879 = ORIENTED_EDGE ( 'NONE', *, *, #2763, .F. ) ;
#4880 = CARTESIAN_POINT ( 'NONE',  ( -6.249999999999991118, 17.78035457054157220, 34.75000000000000000 ) ) ;
#4881 = CARTESIAN_POINT ( 'NONE',  ( 8.250000000000174083, 13.00000000000000355, 8.250000000000259348 ) ) ;
#4882 = DIRECTION ( 'NONE',  ( 0.000000000000000000, 0.000000000000000000, 1.000000000000000000 ) ) ;
#4883 = DIRECTION ( 'NONE',  ( -0.6546536707079749773, -0.3779644730092211469, 0.6546536707079829709 ) ) ;
#4884 = DIRECTION ( 'NONE',  ( -0.7071067811865507924, 0.000000000000000000, 0.7071067811865441310 ) ) ;
#4885 = AXIS2_PLACEMENT_3D ( 'NONE', #4578, #755, #2458 ) ;
#4886 = ORIENTED_EDGE ( 'NONE', *, *, #2643, .F. ) ;
#4887 = CARTESIAN_POINT ( 'NONE',  ( -11.25000000000002132, 12.66025403784439618, 40.82050807568869999 ) ) ;
#4888 = CIRCLE ( 'NONE', #4614, 7.999999999999979572 ) ;
#4889 = VECTOR ( 'NONE', #777, 1000.000000000000114 ) ;
#4890 = CARTESIAN_POINT ( 'NONE',  ( -20.24999999999998934, 7.360471904319303427, 49.99999999999997868 ) ) ;
#4891 = CARTESIAN_POINT ( 'NONE',  ( 0.000000000000000000, 8.000000000000000000, 0.000000000000000000 ) ) ;
#4892 = FACE_OUTER_BOUND ( 'NONE', #1515, .T. ) ;
#4893 = ADVANCED_FACE ( 'NONE', ( #5523 ), #1724, .T. ) ;
#4894 = ORIENTED_EDGE ( 'NONE', *, *, #1723, .F. ) ;
#4895 = ORIENTED_EDGE ( 'NONE', *, *, #5227, .T. ) ;
#4896 = CYLINDRICAL_SURFACE ( 'NONE', #5342, 10.00000000000000178 ) ;
#4897 = AXIS2_PLACEMENT_3D ( 'NONE', #648, #1545, #5369 ) ;
#4898 = CARTESIAN_POINT ( 'NONE',  ( -26.70878387360416895, 15.69409307959804245, -3.264781222851932174 ) ) ;
#4899 = CARTESIAN_POINT ( 'NONE',  ( -23.07427648463195879, 13.99999999999999645, 39.06111808977336608 ) ) ;
#4900 = VECTOR ( 'NONE', #4228, 1000.000000000000000 ) ;
#4901 = CARTESIAN_POINT ( 'NONE',  ( -25.25849645408521482, 15.70761482681225907, 14.34083937681366194 ) ) ;
#4902 = DIRECTION ( 'NONE',  ( 0.000000000000000000, 1.000000000000000000, -0.000000000000000000 ) ) ;
#4903 = LINE ( 'NONE', #743, #4418 ) ;
#4904 = ORIENTED_EDGE ( 'NONE', *, *, #3286, .T. ) ;
#4905 = CARTESIAN_POINT ( 'NONE',  ( -10.41799039214575195, 12.99999999999996625, 24.45962095248813029 ) ) ;
#4906 = DIRECTION ( 'NONE',  ( 0.7071067811865463515, 0.7071067811865487940, 0.000000000000000000 ) ) ;
#4907 = FACE_OUTER_BOUND ( 'NONE', #2532, .T. ) ;
#4908 = CARTESIAN_POINT ( 'NONE',  ( -10.24999999999998934, -31.94526568992657545, 60.50000000000000000 ) ) ;
#4909 = VECTOR ( 'NONE', #5100, 1000.000000000000000 ) ;
#4910 = CARTESIAN_POINT ( 'NONE',  ( -18.59912633884991351, 13.95328013067954664, 37.11574802995824740 ) ) ;
#4911 = ORIENTED_EDGE ( 'NONE', *, *, #4043, .F. ) ;
#4912 = VERTEX_POINT ( 'NONE', #1242 ) ;
#4913 = CARTESIAN_POINT ( 'NONE',  ( -24.51425319444144080, 16.06211087000145099, 9.281425094288673350 ) ) ;
#4914 = EDGE_CURVE ( 'NONE', #106, #950, #4243, .T. ) ;
#4915 = DIRECTION ( 'NONE',  ( 0.000000000000000000, 0.000000000000000000, 1.000000000000000000 ) ) ;
#4916 = EDGE_CURVE ( 'NONE', #4225, #5171, #2063, .T. ) ;
#4917 = CARTESIAN_POINT ( 'NONE',  ( -6.249999999999991118, 14.00000000000000000, 27.75000000000000000 ) ) ;
#4918 = CONICAL_SURFACE ( 'NONE', #2331, 6.999999999999992006, 0.7853981633974471688 ) ;
#4919 = CARTESIAN_POINT ( 'NONE',  ( -50.50000000000000000, 14.00000000000000000, 0.000000000000000000 ) ) ;
#4920 = ORIENTED_EDGE ( 'NONE', *, *, #103, .F. ) ;
#4921 = ADVANCED_FACE ( 'NONE', ( #21 ), #1299, .F. ) ;
#4922 = AXIS2_PLACEMENT_3D ( 'NONE', #1580, #1237, #4565 ) ;
#4923 = ORIENTED_EDGE ( 'NONE', *, *, #662, .F. ) ;
#4924 = CARTESIAN_POINT ( 'NONE',  ( -7.249999999999991118, 13.97988845131590629, 35.18661021381232956 ) ) ;
#4925 = CARTESIAN_POINT ( 'NONE',  ( -9.198001808568456283, 1.800000000000000044, 45.07499999999996732 ) ) ;
#4926 = CARTESIAN_POINT ( 'NONE',  ( -25.62733051971769171, 15.49258211881843295, 4.432218772900409220 ) ) ;
#4927 = DIRECTION ( 'NONE',  ( 0.000000000000000000, 0.000000000000000000, 1.000000000000000000 ) ) ;
#4928 = CARTESIAN_POINT ( 'NONE',  ( -24.87653256831273296, 15.88954633361234414, 13.28416328032890448 ) ) ;
#4929 = CARTESIAN_POINT ( 'NONE',  ( -24.44375510881721780, 13.99999999999999289, 39.91492707072990243 ) ) ;
#4930 = PLANE ( 'NONE',  #3977 ) ;
#4931 = EDGE_LOOP ( 'NONE', ( #775, #4452, #5359, #5168, #2198 ) ) ;
#4932 = LINE ( 'NONE', #4458, #2832 ) ;
#4933 = DIRECTION ( 'NONE',  ( 0.000000000000000000, 0.000000000000000000, 1.000000000000000000 ) ) ;
#4934 = VECTOR ( 'NONE', #5348, 1000.000000000000000 ) ;
#4935 = CARTESIAN_POINT ( 'NONE',  ( -18.67956554368174338, 6.415643180469404072, 50.62408304923494740 ) ) ;
#4936 = CARTESIAN_POINT ( 'NONE',  ( -30.52703806627179262, 7.360492816851666120, 49.99996377843139328 ) ) ;
#4937 = LINE ( 'NONE', #803, #4189 ) ;
#4938 = VERTEX_POINT ( 'NONE', #2036 ) ;
#4939 = ORIENTED_EDGE ( 'NONE', *, *, #1877, .T. ) ;
#4940 = CARTESIAN_POINT ( 'NONE',  ( -24.47318051310285369, 16.08167453012617898, 9.730147481519495045 ) ) ;
#4941 = PLANE ( 'NONE',  #1691 ) ;
#4942 = DIRECTION ( 'NONE',  ( 0.000000000000000000, 0.000000000000000000, -1.000000000000000000 ) ) ;
#4943 = LINE ( 'NONE', #4050, #913 ) ;
#4944 = EDGE_CURVE ( 'NONE', #4023, #794, #1204, .T. ) ;
#4945 = ORIENTED_EDGE ( 'NONE', *, *, #1957, .F. ) ;
#4946 = ORIENTED_EDGE ( 'NONE', *, *, #4556, .F. ) ;
#4947 = CARTESIAN_POINT ( 'NONE',  ( -9.767496633239321824, 13.99377483385470633, 36.17647728026457088 ) ) ;
#4948 = DIRECTION ( 'NONE',  ( 0.000000000000000000, 0.000000000000000000, -1.000000000000000000 ) ) ;
#4949 = ADVANCED_FACE ( 'NONE', ( #3310 ), #5018, .F. ) ;
#4950 = CARTESIAN_POINT ( 'NONE',  ( -26.70878387360417605, 15.69409307959803535, 3.264781222851865117 ) ) ;
#4951 = CARTESIAN_POINT ( 'NONE',  ( -18.68294485466457289, 13.99999999999999822, 36.81813734198222221 ) ) ;
#4952 = VECTOR ( 'NONE', #2879, 1000.000000000000000 ) ;
#4953 = CARTESIAN_POINT ( 'NONE',  ( -27.84331579060485495, 14.89305878710298359, 17.13725676193175218 ) ) ;
#4954 = CARTESIAN_POINT ( 'NONE',  ( -17.02032809431873162, 9.071796769724485898, 51.03589838486223584 ) ) ;
#4955 = VECTOR ( 'NONE', #736, 1000.000000000000114 ) ;
#4956 = CARTESIAN_POINT ( 'NONE',  ( -41.82050807568869999, 14.39230484541327826, 22.49208095094238757 ) ) ;
#4957 = DIRECTION ( 'NONE',  ( -0.000000000000000000, -1.000000000000000000, -0.000000000000000000 ) ) ;
#4958 = LINE ( 'NONE', #4459, #915 ) ;
#4959 = DIRECTION ( 'NONE',  ( -0.7071067811865496822, -0.7071067811865454633, -3.579650552106700180E-16 ) ) ;
#4960 = ADVANCED_FACE ( 'NONE', ( #491 ), #5259, .T. ) ;
#4961 = ORIENTED_EDGE ( 'NONE', *, *, #5434, .F. ) ;
#4962 = DIRECTION ( 'NONE',  ( -0.7071067811865435759, 0.000000000000000000, 0.7071067811865515695 ) ) ;
#4963 = CARTESIAN_POINT ( 'NONE',  ( -10.24999999999998757, 1.000000000000000888, 63.00000000000000000 ) ) ;
#4964 = EDGE_LOOP ( 'NONE', ( #167, #1372, #5052, #1834, #938, #5160, #4972 ) ) ;
#4965 = ORIENTED_EDGE ( 'NONE', *, *, #2741, .T. ) ;
#4966 = CARTESIAN_POINT ( 'NONE',  ( -31.25000000000032685, 12.99999999999996625, 31.25000000000002132 ) ) ;
#4967 = DIRECTION ( 'NONE',  ( 0.3779644730092268090, -0.6546536707079771977, 0.6546536707079771977 ) ) ;
#4968 = ADVANCED_FACE ( 'NONE', ( #49 ), #3307, .F. ) ;
#4969 = CARTESIAN_POINT ( 'NONE',  ( -17.02032809431873517, 7.339745962155606485, 50.03589838486224295 ) ) ;
#4970 = VECTOR ( 'NONE', #2790, 1000.000000000000000 ) ;
#4971 = CARTESIAN_POINT ( 'NONE',  ( -24.82603563776628164, 13.24933838253828711, 41.43052024182593840 ) ) ;
#4972 = ORIENTED_EDGE ( 'NONE', *, *, #5503, .T. ) ;
#4973 = AXIS2_PLACEMENT_3D ( 'NONE', #4484, #5321, #1048 ) ;
#4974 = CARTESIAN_POINT ( 'NONE',  ( -25.75629717926289075, 16.18436811937788278, 7.740070141993210306 ) ) ;
#4975 = ORIENTED_EDGE ( 'NONE', *, *, #378, .T. ) ;
#4976 = LINE ( 'NONE', #4217, #4266 ) ;
#4977 = DIRECTION ( 'NONE',  ( -0.08207489424486731633, -0.7071067811865486830, 0.7023273536853681387 ) ) ;
#4978 = CARTESIAN_POINT ( 'NONE',  ( -19.89956802668477565, 14.00000000000000000, 37.39174153138121426 ) ) ;
#4979 = VERTEX_POINT ( 'NONE', #2227 ) ;
#4980 = EDGE_CURVE ( 'NONE', #1396, #3566, #2200, .T. ) ;
#4981 = CARTESIAN_POINT ( 'NONE',  ( -9.282459391583341102, 0.000000000000000000, 59.65557534218152114 ) ) ;
#4982 = DIRECTION ( 'NONE',  ( -1.000000000000000000, 0.000000000000000000, -0.000000000000000000 ) ) ;
#4983 = DIRECTION ( 'NONE',  ( -7.709882115452504790E-16, 0.000000000000000000, 1.000000000000000000 ) ) ;
#4984 = EDGE_CURVE ( 'NONE', #1870, #3202, #5478, .T. ) ;
#4985 = CARTESIAN_POINT ( 'NONE',  ( -50.13397459621556607, 7.283121635129677252, 32.43952206768492630 ) ) ;
#4986 = CARTESIAN_POINT ( 'NONE',  ( -9.095309470196243140, 12.99578579895907104, 36.88460970506034187 ) ) ;
#4987 = DIRECTION ( 'NONE',  ( 0.000000000000000000, 0.000000000000000000, 1.000000000000000000 ) ) ;
#4988 = AXIS2_PLACEMENT_3D ( 'NONE', #765, #5487, #2083 ) ;
#4989 = EDGE_LOOP ( 'NONE', ( #3108, #1143, #4639, #4667 ) ) ;
#4990 = CARTESIAN_POINT ( 'NONE',  ( -3.133928571428574283, 8.000000000000000000, 26.81750345780126210 ) ) ;
#4991 = EDGE_CURVE ( 'NONE', #4211, #2575, #3557, .T. ) ;
#4992 = CARTESIAN_POINT ( 'NONE',  ( -10.07499999999999751, 1.800000000000000044, 56.80199819143152951 ) ) ;
#4993 = CALENDAR_DATE ( 2026, 5, 6 ) ;
#4994 = ORIENTED_EDGE ( 'NONE', *, *, #3437, .F. ) ;
#4995 = EDGE_LOOP ( 'NONE', ( #5096, #265, #400, #593 ) ) ;
#4996 = CARTESIAN_POINT ( 'NONE',  ( -25.84471571436615633, 8.000000000000000000, 7.813492794109046180 ) ) ;
#4997 = FACE_OUTER_BOUND ( 'NONE', #5049, .T. ) ;
#4998 = VECTOR ( 'NONE', #1400, 1000.000000000000000 ) ;
#4999 = PLANE ( 'NONE',  #1851 ) ;
#5000 = CARTESIAN_POINT ( 'NONE',  ( -30.00000000000000000, 14.00000000000000000, 20.10050506338809484 ) ) ;
#5001 = ORIENTED_EDGE ( 'NONE', *, *, #5016, .T. ) ;
#5002 = CARTESIAN_POINT ( 'NONE',  ( -27.38855314062279334, 8.999999999999982236, 17.48905820401091304 ) ) ;
#5003 = ORIENTED_EDGE ( 'NONE', *, *, #2307, .F. ) ;
#5004 = CARTESIAN_POINT ( 'NONE',  ( -16.04140901018318033, 6.116097685555265784, 51.42848641624225792 ) ) ;
#5005 = CIRCLE ( 'NONE', #3050, 3.500000000000000000 ) ;
#5006 = LINE ( 'NONE', #1175, #3830 ) ;
#5007 = CARTESIAN_POINT ( 'NONE',  ( -16.91845021252602876, 14.00000000000000000, 36.01298251253753335 ) ) ;
#5008 = AXIS2_PLACEMENT_3D ( 'NONE', #285, #1121, #4927 ) ;
#5009 = ORIENTED_EDGE ( 'NONE', *, *, #3179, .F. ) ;
#5010 = DIRECTION ( 'NONE',  ( 0.000000000000000000, 1.000000000000000000, 0.000000000000000000 ) ) ;
#5011 = DIRECTION ( 'NONE',  ( -0.000000000000000000, 1.000000000000000000, -0.000000000000000000 ) ) ;
#5012 = CARTESIAN_POINT ( 'NONE',  ( 0.000000000000000000, 7.071796769724485898, 63.99999999999997158 ) ) ;
#5013 = CARTESIAN_POINT ( 'NONE',  ( -16.78195142282466534, 8.000000000000000000, 28.09565992180916183 ) ) ;
#5014 = CARTESIAN_POINT ( 'NONE',  ( -9.501881468074307335, 12.96593238149211480, 37.26673707031602589 ) ) ;
#5015 = LINE ( 'NONE', #3672, #817 ) ;
#5016 = EDGE_CURVE ( 'NONE', #2326, #1755, #5235, .T. ) ;
#5017 = ORIENTED_EDGE ( 'NONE', *, *, #2289, .F. ) ;
#5018 = PLANE ( 'NONE',  #4291 ) ;
#5019 = DIRECTION ( 'NONE',  ( 0.7071067811865487940, -0.7071067811865463515, -1.502001714302082962E-16 ) ) ;
#5020 = PERSON_AND_ORGANIZATION ( #2808, #1058 ) ;
#5021 = ORIENTED_EDGE ( 'NONE', *, *, #1475, .T. ) ;
#5022 = VECTOR ( 'NONE', #2526, 1000.000000000000000 ) ;
#5023 = VERTEX_POINT ( 'NONE', #521 ) ;
#5024 = CARTESIAN_POINT ( 'NONE',  ( 5.656854249492328179, 8.000000000000000000, 5.656854249492380582 ) ) ;
#5025 = EDGE_CURVE ( 'NONE', #3293, #2718, #4833, .T. ) ;
#5026 = ADVANCED_FACE ( 'NONE', ( #965 ), #2174, .T. ) ;
#5027 = EDGE_LOOP ( 'NONE', ( #1478, #4630 ) ) ;
#5028 = DIRECTION ( 'NONE',  ( -0.000000000000000000, 1.000000000000000000, -0.000000000000000000 ) ) ;
#5029 = EDGE_CURVE ( 'NONE', #4001, #3129, #2514, .T. ) ;
#5030 = ORIENTED_EDGE ( 'NONE', *, *, #4692, .F. ) ;
#5031 = FACE_OUTER_BOUND ( 'NONE', #1213, .T. ) ;
#5032 = LINE ( 'NONE', #363, #1326 ) ;
#5033 = EDGE_CURVE ( 'NONE', #2486, #692, #4819, .T. ) ;
#5034 = CARTESIAN_POINT ( 'NONE',  ( -11.25000000000002842, 7.339745962155604708, 50.03589838486224295 ) ) ;
#5035 = EDGE_CURVE ( 'NONE', #4636, #3088, #3870, .T. ) ;
#5036 = CARTESIAN_POINT ( 'NONE',  ( -20.29588875115823043, 13.99999999999999645, 37.58455916823061216 ) ) ;
#5037 = ORIENTED_EDGE ( 'NONE', *, *, #2831, .T. ) ;
#5038 = CARTESIAN_POINT ( 'NONE',  ( -41.50000000000000711, 0.000000000000000000, 35.50000000000000711 ) ) ;
#5039 = LINE ( 'NONE', #2053, #1631 ) ;
#5040 = DIRECTION ( 'NONE',  ( 0.000000000000000000, 0.000000000000000000, -1.000000000000000000 ) ) ;
#5041 = CARTESIAN_POINT ( 'NONE',  ( -19.65145658628464176, 13.99999999999999822, 37.26930722853251154 ) ) ;
#5042 = CARTESIAN_POINT ( 'NONE',  ( -36.21361271276141736, 14.00000000000000178, 17.13416672766032178 ) ) ;
#5043 = FACE_OUTER_BOUND ( 'NONE', #990, .T. ) ;
#5044 = ORIENTED_EDGE ( 'NONE', *, *, #5383, .T. ) ;
#5045 = ADVANCED_FACE ( 'NONE', ( #3504 ), #2578, .T. ) ;
#5046 = DIRECTION ( 'NONE',  ( 0.000000000000000000, 0.000000000000000000, 1.000000000000000000 ) ) ;
#5047 = LINE ( 'NONE', #3728, #3483 ) ;
#5048 = ORIENTED_EDGE ( 'NONE', *, *, #4041, .T. ) ;
#5049 = EDGE_LOOP ( 'NONE', ( #5340, #3573, #2259, #4994 ) ) ;
#5050 = FACE_OUTER_BOUND ( 'NONE', #3658, .T. ) ;
#5051 = VECTOR ( 'NONE', #1943, 1000.000000000000114 ) ;
#5052 = ORIENTED_EDGE ( 'NONE', *, *, #5459, .F. ) ;
#5053 = FACE_OUTER_BOUND ( 'NONE', #5257, .T. ) ;
#5054 = CARTESIAN_POINT ( 'NONE',  ( -33.48325013795061267, 7.012436684761832240, 50.89355878919001697 ) ) ;
#5055 = ORIENTED_EDGE ( 'NONE', *, *, #1925, .T. ) ;
#5056 = PLANE ( 'NONE',  #2220 ) ;
#5057 = CARTESIAN_POINT ( 'NONE',  ( -51.75000000000005684, 6.999999999999999112, 67.42157287525370180 ) ) ;
#5058 = VECTOR ( 'NONE', #3620, 1000.000000000000000 ) ;
#5059 = CARTESIAN_POINT ( 'NONE',  ( -10.41799039214575195, 14.00000000000000000, 25.45962095248815871 ) ) ;
#5060 = VECTOR ( 'NONE', #2261, 1000.000000000000000 ) ;
#5061 = ORIENTED_EDGE ( 'NONE', *, *, #89, .T. ) ;
#5062 = FACE_OUTER_BOUND ( 'NONE', #4802, .T. ) ;
#5063 = DIRECTION ( 'NONE',  ( 0.000000000000000000, 1.000000000000000000, 0.000000000000000000 ) ) ;
#5064 = CARTESIAN_POINT ( 'NONE',  ( -37.65629844732897880, 13.90817628610656165, 19.46825564439147982 ) ) ;
#5065 = AXIS2_PLACEMENT_3D ( 'NONE', #1199, #2849, #2496 ) ;
#5066 = CARTESIAN_POINT ( 'NONE',  ( -22.35121403370379412, 13.62716995464893088, 39.54115441415383003 ) ) ;
#5067 = CARTESIAN_POINT ( 'NONE',  ( -36.92501848588619140, 13.96519292264086154, 18.29051012065009374 ) ) ;
#5068 = CARTESIAN_POINT ( 'NONE',  ( -5.924999999999996270, 1.800000000000000044, 56.80199819143151529 ) ) ;
#5069 = EDGE_LOOP ( 'NONE', ( #638, #287, #2040, #3901 ) ) ;
#5070 = CARTESIAN_POINT ( 'NONE',  ( -16.20202811119949260, 7.135661706749986344, 50.52038018372595474 ) ) ;
#5071 = DIRECTION ( 'NONE',  ( 0.000000000000000000, 1.000000000000000000, 0.000000000000000000 ) ) ;
#5072 = ORIENTED_EDGE ( 'NONE', *, *, #4621, .F. ) ;
#5073 = VECTOR ( 'NONE', #1206, 1000.000000000000000 ) ;
#5074 = ORIENTED_EDGE ( 'NONE', *, *, #892, .T. ) ;
#5075 = DIRECTION ( 'NONE',  ( -0.000000000000000000, -1.000000000000000000, -0.000000000000000000 ) ) ;
#5076 = CARTESIAN_POINT ( 'NONE',  ( -10.41799039214575195, 8.999999999999984013, 34.45962095248813029 ) ) ;
#5077 = ORIENTED_EDGE ( 'NONE', *, *, #3287, .F. ) ;
#5078 = DIRECTION ( 'NONE',  ( -0.000000000000000000, 1.000000000000000000, -0.000000000000000000 ) ) ;
#5079 = CARTESIAN_POINT ( 'NONE',  ( -34.08396019711844360, 6.959704569468478930, 51.22297840652376522 ) ) ;
#5080 = EDGE_CURVE ( 'NONE', #2192, #4181, #4202, .T. ) ;
#5081 = EDGE_CURVE ( 'NONE', #239, #1101, #3820, .T. ) ;
#5082 = ORIENTED_EDGE ( 'NONE', *, *, #1593, .F. ) ;
#5083 = FACE_OUTER_BOUND ( 'NONE', #4792, .T. ) ;
#5084 = DIRECTION ( 'NONE',  ( 0.000000000000000000, 0.000000000000000000, -1.000000000000000000 ) ) ;
#5085 = AXIS2_PLACEMENT_3D ( 'NONE', #493, #4768, #2563 ) ;
#5086 = LINE ( 'NONE', #1258, #1344 ) ;
#5087 = ORIENTED_EDGE ( 'NONE', *, *, #5363, .F. ) ;
#5088 = CARTESIAN_POINT ( 'NONE',  ( 0.000000000000000000, 6.071796769724454812, 65.00000000000000000 ) ) ;
#5089 = DIRECTION ( 'NONE',  ( -0.7071067811865455743, -0.7071067811865493491, 0.000000000000000000 ) ) ;
#5090 = DIRECTION ( 'NONE',  ( -0.000000000000000000, -1.000000000000000000, -0.000000000000000000 ) ) ;
#5091 = LINE ( 'NONE', #798, #2813 ) ;
#5092 = CARTESIAN_POINT ( 'NONE',  ( -37.85492909837446973, 13.88394148474750267, 19.78019471989619049 ) ) ;
#5093 = CARTESIAN_POINT ( 'NONE',  ( -34.43465302948131779, 6.937604590402180804, 51.43768660928323300 ) ) ;
#5094 = AXIS2_PLACEMENT_3D ( 'NONE', #886, #2509, #4255 ) ;
#5095 = ORIENTED_EDGE ( 'NONE', *, *, #3039, .T. ) ;
#5096 = ORIENTED_EDGE ( 'NONE', *, *, #2665, .T. ) ;
#5097 = EDGE_CURVE ( 'NONE', #3873, #1527, #749, .T. ) ;
#5098 = DIRECTION ( 'NONE',  ( 0.000000000000000000, 1.000000000000000000, 0.000000000000000000 ) ) ;
#5099 = CARTESIAN_POINT ( 'NONE',  ( -26.00000000000000355, 15.29525135799768876, 1.831976655526680194E-14 ) ) ;
#5100 = DIRECTION ( 'NONE',  ( -1.000000000000000000, 0.000000000000000000, 0.000000000000000000 ) ) ;
#5101 = ORIENTED_EDGE ( 'NONE', *, *, #5029, .F. ) ;
#5102 = CIRCLE ( 'NONE', #4659, 5.999999999999998224 ) ;
#5103 = ORIENTED_EDGE ( 'NONE', *, *, #1615, .T. ) ;
#5104 = FACE_OUTER_BOUND ( 'NONE', #4415, .T. ) ;
#5105 = EDGE_CURVE ( 'NONE', #3629, #612, #3165, .T. ) ;
#5106 = DIRECTION ( 'NONE',  ( 1.000000000000000000, 0.000000000000000000, 0.000000000000000000 ) ) ;
#5107 = FACE_OUTER_BOUND ( 'NONE', #3775, .T. ) ;
#5108 = ORIENTED_EDGE ( 'NONE', *, *, #2226, .F. ) ;
#5109 = CARTESIAN_POINT ( 'NONE',  ( -43.67957864020585390, 18.00000000000000355, 60.17957864020574732 ) ) ;
#5110 = CARTESIAN_POINT ( 'NONE',  ( -36.37100397639255078, 6.878690990144060713, 52.90003647658335240 ) ) ;
#5111 = CONICAL_SURFACE ( 'NONE', #2708, 1.000000000000000888, 0.7853981633974473908 ) ;
#5112 = ORIENTED_EDGE ( 'NONE', *, *, #1823, .F. ) ;
#5113 = CARTESIAN_POINT ( 'NONE',  ( -33.80649616442097738, 6.354666089423996134, 51.31258625292305453 ) ) ;
#5114 = APPROVAL_STATUS ( 'not_yet_approved' ) ;
#5115 = CARTESIAN_POINT ( 'NONE',  ( -42.14696030489364631, 13.11820153752080209, 25.62381456937524149 ) ) ;
#5116 = EDGE_CURVE ( 'NONE', #2051, #436, #1972, .T. ) ;
#5117 = ORIENTED_EDGE ( 'NONE', *, *, #490, .T. ) ;
#5118 = CARTESIAN_POINT ( 'NONE',  ( -48.97722171636829813, 13.25820099772552929, 33.89143527874136197 ) ) ;
#5119 = CARTESIAN_POINT ( 'NONE',  ( -26.99999999999998224, 8.000000000000000000, 0.000000000000000000 ) ) ;
#5120 = CARTESIAN_POINT ( 'NONE',  ( -39.92939361172128798, 13.55009369878996139, 22.90772602031696792 ) ) ;
#5121 = CARTESIAN_POINT ( 'NONE',  ( -17.08958898296909368, 14.00000367198035534, 36.18632084805457083 ) ) ;
#5122 = CARTESIAN_POINT ( 'NONE',  ( -38.45669211806079346, 13.99999999999999467, 21.99892752374280391 ) ) ;
#5123 = CARTESIAN_POINT ( 'NONE',  ( -35.58261948422675403, 6.891476613200372192, 52.23835292804726294 ) ) ;
#5124 = ORIENTED_EDGE ( 'NONE', *, *, #1728, .T. ) ;
#5125 = ORIENTED_EDGE ( 'NONE', *, *, #3265, .F. ) ;
#5126 = DIRECTION ( 'NONE',  ( 0.000000000000000000, 0.000000000000000000, -1.000000000000000000 ) ) ;
#5127 = CARTESIAN_POINT ( 'NONE',  ( -9.249999999999987566, 0.000000000000000000, 60.50000000000000000 ) ) ;
#5128 = CARTESIAN_POINT ( 'NONE',  ( -52.45710678118660297, 8.000000000000000000, 66.12867965644025503 ) ) ;
#5129 = ORIENTED_EDGE ( 'NONE', *, *, #896, .F. ) ;
#5130 = ORIENTED_EDGE ( 'NONE', *, *, #987, .T. ) ;
#5131 = DIRECTION ( 'NONE',  ( 0.000000000000000000, 0.000000000000000000, -1.000000000000000000 ) ) ;
#5132 = LINE ( 'NONE', #114, #1389 ) ;
#5133 = EDGE_CURVE ( 'NONE', #1841, #3135, #1869, .T. ) ;
#5134 = CARTESIAN_POINT ( 'NONE',  ( -31.25000000000000000, 11.00000000000000000, 8.350000000000004974 ) ) ;
#5135 = AXIS2_PLACEMENT_3D ( 'NONE', #3721, #1124, #4482 ) ;
#5136 = VERTEX_POINT ( 'NONE', #1916 ) ;
#5137 = DIRECTION ( 'NONE',  ( -0.7071067811865475727, 0.000000000000000000, -0.7071067811865475727 ) ) ;
#5138 = CARTESIAN_POINT ( 'NONE',  ( -6.249999999999991118, 14.00000000000000000, 31.25000000000000000 ) ) ;
#5139 = ORIENTED_EDGE ( 'NONE', *, *, #4692, .T. ) ;
#5140 = EDGE_CURVE ( 'NONE', #4181, #2623, #4671, .T. ) ;
#5141 = CARTESIAN_POINT ( 'NONE',  ( -35.74330766511086210, 6.615024065062016234, 52.41532086046784400 ) ) ;
#5142 = CALENDAR_DATE ( 2026, 5, 6 ) ;
#5143 = CARTESIAN_POINT ( 'NONE',  ( -42.00607824540156798, 13.14348504168997778, 25.47274698157452377 ) ) ;
#5144 = CONICAL_SURFACE ( 'NONE', #2212, 1.000000000000000888, 0.7853981633974496113 ) ;
#5145 = EDGE_LOOP ( 'NONE', ( #5204, #4728, #562 ) ) ;
#5146 = FACE_OUTER_BOUND ( 'NONE', #3250, .T. ) ;
#5147 = PLANE ( 'NONE',  #1177 ) ;
#5148 = CARTESIAN_POINT ( 'NONE',  ( -20.24999999999998934, 6.494446500534808209, 50.49999999999999289 ) ) ;
#5149 = CARTESIAN_POINT ( 'NONE',  ( -36.87506149716514159, 14.00000000000000000, 18.80601661889621568 ) ) ;
#5150 = VECTOR ( 'NONE', #4035, 1000.000000000000000 ) ;
#5151 = CARTESIAN_POINT ( 'NONE',  ( -36.56599431193141925, 6.787943625237486955, 53.08267606646002434 ) ) ;
#5152 = VECTOR ( 'NONE', #5028, 1000.000000000000000 ) ;
#5153 = EDGE_CURVE ( 'NONE', #5422, #1171, #5317, .T. ) ;
#5154 = VERTEX_POINT ( 'NONE', #2799 ) ;
#5155 = AXIS2_PLACEMENT_3D ( 'NONE', #2294, #4048, #4492 ) ;
#5156 = EDGE_CURVE ( 'NONE', #2718, #794, #682, .T. ) ;
#5157 = CARTESIAN_POINT ( 'NONE',  ( -24.76424634365731947, 15.94303227065839046, 7.958266586854601421 ) ) ;
#5158 = CARTESIAN_POINT ( 'NONE',  ( -31.25000000000000000, 11.00000000000000000, 4.150000000000003020 ) ) ;
#5159 = DIRECTION ( 'NONE',  ( -1.000000000000000000, -0.000000000000000000, -0.000000000000000000 ) ) ;
#5160 = ORIENTED_EDGE ( 'NONE', *, *, #482, .T. ) ;
#5161 = DIRECTION ( 'NONE',  ( 0.000000000000000000, -1.000000000000000000, 0.000000000000000000 ) ) ;
#5162 = DIRECTION ( 'NONE',  ( 0.000000000000000000, 0.000000000000000000, 1.000000000000000000 ) ) ;
#5163 = DIRECTION ( 'NONE',  ( 0.000000000000000000, 0.000000000000000000, 1.000000000000000000 ) ) ;
#5164 = EDGE_CURVE ( 'NONE', #701, #1507, #3583, .T. ) ;
#5165 = CARTESIAN_POINT ( 'NONE',  ( -7.249999999999992895, 7.071796769724485898, 39.25000000000000000 ) ) ;
#5166 = CARTESIAN_POINT ( 'NONE',  ( -29.85786437626907741, 0.000000000000000000, 60.50000000000000000 ) ) ;
#5167 =( GEOMETRIC_REPRESENTATION_CONTEXT ( 3 ) GLOBAL_UNCERTAINTY_ASSIGNED_CONTEXT ( ( #3363 ) ) GLOBAL_UNIT_ASSIGNED_CONTEXT ( ( #4726, #4274, #1740 ) ) REPRESENTATION_CONTEXT ( 'NONE', 'WORKASPACE' ) );
#5168 = ORIENTED_EDGE ( 'NONE', *, *, #2090, .T. ) ;
#5169 = LINE ( 'NONE', #1338, #604 ) ;
#5170 = PLANE ( 'NONE',  #5188 ) ;
#5171 = VERTEX_POINT ( 'NONE', #1659 ) ;
#5172 = CARTESIAN_POINT ( 'NONE',  ( -35.87955654891604951, 6.641269959765232933, 52.51554354083052090 ) ) ;
#5173 = DIRECTION ( 'NONE',  ( 0.000000000000000000, -0.000000000000000000, 1.000000000000000000 ) ) ;
#5174 = VECTOR ( 'NONE', #3044, 1000.000000000000000 ) ;
#5175 = ORIENTED_EDGE ( 'NONE', *, *, #2490, .T. ) ;
#5176 = CARTESIAN_POINT ( 'NONE',  ( -9.325129318380977139, 12.98441645304195546, 37.08121406576664469 ) ) ;
#5177 = CARTESIAN_POINT ( 'NONE',  ( -40.50000000000000711, 7.071796769724485898, 40.49999999999999289 ) ) ;
#5178 = CARTESIAN_POINT ( 'NONE',  ( -37.20142893956118968, 14.00000000000000000, 19.50109734137521045 ) ) ;
#5179 = CARTESIAN_POINT ( 'NONE',  ( -36.47229440642819753, 6.766664402760470765, 52.99899284989960790 ) ) ;
#5180 = VERTEX_POINT ( 'NONE', #5118 ) ;
#5181 = DIRECTION ( 'NONE',  ( 0.000000000000000000, -1.000000000000000000, -0.000000000000000000 ) ) ;
#5182 = CARTESIAN_POINT ( 'NONE',  ( -50.50000000000000000, 6.091635401885438839, 33.17157287525381548 ) ) ;
#5183 = CARTESIAN_POINT ( 'NONE',  ( -27.38855314062279334, 8.999999999999982236, 17.48905820401091304 ) ) ;
#5184 = ORIENTED_EDGE ( 'NONE', *, *, #1061, .F. ) ;
#5185 = DIRECTION ( 'NONE',  ( 0.7071067811865481278, 0.7071067811865469066, -1.502001714302081483E-16 ) ) ;
#5186 = LINE ( 'NONE', #1360, #4167 ) ;
#5187 = CARTESIAN_POINT ( 'NONE',  ( -30.51171607843058808, 4.000000000000000000, 47.01171607843061651 ) ) ;
#5188 = AXIS2_PLACEMENT_3D ( 'NONE', #3430, #1705, #870 ) ;
#5189 = LINE ( 'NONE', #117, #2605 ) ;
#5190 = LINE ( 'NONE', #2987, #3064 ) ;
#5191 = ADVANCED_FACE ( 'NONE', ( #1715 ), #4169, .F. ) ;
#5192 = ORIENTED_EDGE ( 'NONE', *, *, #4276, .F. ) ;
#5193 = CARTESIAN_POINT ( 'NONE',  ( -8.249999999999987566, 7.071796769724484122, 63.00000000000000000 ) ) ;
#5194 = FACE_OUTER_BOUND ( 'NONE', #2453, .T. ) ;
#5195 = CC_DESIGN_PERSON_AND_ORGANIZATION_ASSIGNMENT ( #873, #480, ( #3278 ) ) ;
#5196 = ORIENTED_EDGE ( 'NONE', *, *, #842, .F. ) ;
#5197 = VERTEX_POINT ( 'NONE', #1633 ) ;
#5198 = CARTESIAN_POINT ( 'NONE',  ( -34.41821272312579083, 6.411497026921317399, 51.60027602929534396 ) ) ;
#5199 = CARTESIAN_POINT ( 'NONE',  ( -16.66607875840161057, 6.181832224502373130, 51.16422246381780070 ) ) ;
#5200 = CARTESIAN_POINT ( 'NONE',  ( -11.03286180895684332, 13.72077644364916615, 38.17411813771321505 ) ) ;
#5201 = AXIS2_PLACEMENT_3D ( 'NONE', #5166, #4296, #1250 ) ;
#5202 = ADVANCED_FACE ( 'NONE', ( #4617 ), #344, .T. ) ;
#5203 = EDGE_CURVE ( 'NONE', #2836, #647, #847, .T. ) ;
#5204 = ORIENTED_EDGE ( 'NONE', *, *, #2090, .F. ) ;
#5205 = PLANE ( 'NONE',  #4005 ) ;
#5206 = EDGE_CURVE ( 'NONE', #524, #3968, #4647, .T. ) ;
#5207 = CARTESIAN_POINT ( 'NONE',  ( -10.24999999999999289, 12.38856700934853095, 39.12699600508875619 ) ) ;
#5208 = DIRECTION ( 'NONE',  ( -1.982541115402065307E-15, 0.000000000000000000, -1.000000000000000000 ) ) ;
#5209 = ORIENTED_EDGE ( 'NONE', *, *, #1821, .T. ) ;
#5210 = CARTESIAN_POINT ( 'NONE',  ( -24.47316923393003663, 16.08167888772435461, 9.730620481563182267 ) ) ;
#5211 = CARTESIAN_POINT ( 'NONE',  ( -50.29279938558949681, 6.880005995706363287, 33.79279938559078289 ) ) ;
#5212 = CARTESIAN_POINT ( 'NONE',  ( -19.19977663841029170, 6.468190371223707658, 50.54136086436912478 ) ) ;
#5213 = ORIENTED_EDGE ( 'NONE', *, *, #1397, .T. ) ;
#5214 = VERTEX_POINT ( 'NONE', #4193 ) ;
#5215 = DIRECTION ( 'NONE',  ( -0.000000000000000000, -1.000000000000000000, -0.000000000000000000 ) ) ;
#5216 = DIRECTION ( 'NONE',  ( 0.000000000000000000, 1.000000000000000000, 0.000000000000000000 ) ) ;
#5217 = CARTESIAN_POINT ( 'NONE',  ( -10.24999999999999289, 1.000000000000000888, 40.49999999999999289 ) ) ;
#5218 = CARTESIAN_POINT ( 'NONE',  ( -18.16087717434869830, 13.97006098535827689, 36.84494249302731106 ) ) ;
#5219 = CIRCLE ( 'NONE', #2806, 1.000000000000000888 ) ;
#5220 = ORIENTED_EDGE ( 'NONE', *, *, #2943, .F. ) ;
#5221 = FACE_OUTER_BOUND ( 'NONE', #3631, .T. ) ;
#5222 = ORIENTED_EDGE ( 'NONE', *, *, #115, .T. ) ;
#5223 = AXIS2_PLACEMENT_3D ( 'NONE', #1292, #15, #1718 ) ;
#5224 = ORIENTED_EDGE ( 'NONE', *, *, #786, .T. ) ;
#5225 = VECTOR ( 'NONE', #3351, 1000.000000000000000 ) ;
#5226 = CARTESIAN_POINT ( 'NONE',  ( -36.41936286824703473, 6.754979196188117818, 52.95348804261873710 ) ) ;
#5227 = EDGE_CURVE ( 'NONE', #5180, #3293, #4245, .T. ) ;
#5228 = DIRECTION ( 'NONE',  ( 0.8660254037844379305, 0.000000000000000000, 0.5000000000000011102 ) ) ;
#5229 = ORIENTED_EDGE ( 'NONE', *, *, #3614, .F. ) ;
#5230 = ORIENTED_EDGE ( 'NONE', *, *, #5279, .T. ) ;
#5231 = CARTESIAN_POINT ( 'NONE',  ( -9.138122474929684103, 12.99439735046919253, 36.91816026985542010 ) ) ;
#5232 = CARTESIAN_POINT ( 'NONE',  ( -36.67516134812709083, 14.00000000000000533, 18.37320308982196337 ) ) ;
#5233 = CARTESIAN_POINT ( 'NONE',  ( -35.78909220082992704, 13.99995065201858147, 16.45438190111179111 ) ) ;
#5234 = ORIENTED_EDGE ( 'NONE', *, *, #4276, .T. ) ;
#5235 = LINE ( 'NONE', #3898, #3396 ) ;
#5236 = DIRECTION ( 'NONE',  ( -0.6546536707079744222, -0.3779644730092238114, 0.6546536707079817496 ) ) ;
#5237 = CARTESIAN_POINT ( 'NONE',  ( -31.21882285961712356, 14.00000000000000000, 46.30460929724406327 ) ) ;
#5238 = EDGE_LOOP ( 'NONE', ( #2369, #4286, #3308, #1108, #1879, #310, #2416, #916, #58 ) ) ;
#5239 = CONICAL_SURFACE ( 'NONE', #1040, 3.000000000000002665, 0.7853981633974471688 ) ;
#5240 = ORIENTED_EDGE ( 'NONE', *, *, #5498, .F. ) ;
#5241 = CARTESIAN_POINT ( 'NONE',  ( -31.25000000000000000, 8.000000000000000000, 8.350000000000004974 ) ) ;
#5242 = CARTESIAN_POINT ( 'NONE',  ( -5.603996382863054571, 1.800000000000000044, 43.00000000000000000 ) ) ;
#5243 = VECTOR ( 'NONE', #2235, 1000.000000000000000 ) ;
#5244 = VECTOR ( 'NONE', #291, 1000.000000000000000 ) ;
#5245 = DIRECTION ( 'NONE',  ( 0.000000000000000000, 0.000000000000000000, -1.000000000000000000 ) ) ;
#5246 = CARTESIAN_POINT ( 'NONE',  ( -21.72568134291879360, 13.70077684122112061, 39.11996646869215510 ) ) ;
#5247 = EDGE_LOOP ( 'NONE', ( #3826, #4337, #2812, #3993, #1721, #4053, #2272, #3283, #1045, #1132, #3810, #1797, #3360, #3065, #4153, #4409, #5044, #4078, #2957, #1843, #2470, #1863, #5055, #2701, #772, #3757, #4109 ) ) ;
#5248 = CARTESIAN_POINT ( 'NONE',  ( 0.000000000000000000, 7.071796769724485898, 63.99999999999997158 ) ) ;
#5249 = ORIENTED_EDGE ( 'NONE', *, *, #4130, .F. ) ;
#5250 = AXIS2_PLACEMENT_3D ( 'NONE', #2440, #1654, #733 ) ;
#5251 = CARTESIAN_POINT ( 'NONE',  ( -9.198001808568450954, 1.800000000000000044, 40.92500000000000426 ) ) ;
#5252 = CARTESIAN_POINT ( 'NONE',  ( -11.23739755022659814, 13.38784886179536038, 39.26691861381424076 ) ) ;
#5253 = CIRCLE ( 'NONE', #2317, 1.000000000000018208 ) ;
#5254 = EDGE_CURVE ( 'NONE', #4834, #812, #5253, .T. ) ;
#5255 = EDGE_CURVE ( 'NONE', #2278, #5171, #11, .T. ) ;
#5256 = ORIENTED_EDGE ( 'NONE', *, *, #3928, .F. ) ;
#5257 = EDGE_LOOP ( 'NONE', ( #4069, #4778, #1575, #2143 ) ) ;
#5258 = CARTESIAN_POINT ( 'NONE',  ( -10.45369895692343221, 13.93403089032642228, 36.96884749250101265 ) ) ;
#5259 = B_SPLINE_SURFACE_WITH_KNOTS ( 'NONE', 1, 3, ( 
 ( #549, #132, #4736, #1412, #3142, #3956 ),
 ( #2257, #156, #1777, #1383, #3089, #2670 ) ),
 .UNSPECIFIED., .F., .F., .F.,
 ( 2, 2 ),
 ( 4, 2, 4 ),
 ( 0.000000000000000000, 1.000000000000000000 ),
 ( 0.000000000000000000, 0.001302822362610969167, 0.002605644725221938334 ),
 .UNSPECIFIED. ) ;
#5260 = EDGE_CURVE ( 'NONE', #1983, #2750, #2502, .T. ) ;
#5261 = CARTESIAN_POINT ( 'NONE',  ( -26.11203207891805889, 16.00126011050419450, 6.480384733389035645 ) ) ;
#5262 = CARTESIAN_POINT ( 'NONE',  ( -36.66702020057759626, 14.00270875324676467, 17.50789550083122847 ) ) ;
#5263 = APPROVAL ( #5444, 'æœª' ) ;
#5264 = VERTEX_POINT ( 'NONE', #819 ) ;
#5265 = CARTESIAN_POINT ( 'NONE',  ( -10.94059892324152905, 7.071796769724485898, 49.88119784648299060 ) ) ;
#5266 = FACE_OUTER_BOUND ( 'NONE', #856, .T. ) ;
#5267 = CARTESIAN_POINT ( 'NONE',  ( -3.250000000000009770, 8.000000000000000000, 35.25000000000001421 ) ) ;
#5268 = AXIS2_PLACEMENT_3D ( 'NONE', #3259, #4074, #4104 ) ;
#5269 = ORIENTED_EDGE ( 'NONE', *, *, #3172, .T. ) ;
#5270 = AXIS2_PLACEMENT_3D ( 'NONE', #4408, #1451, #4488 ) ;
#5271 = CARTESIAN_POINT ( 'NONE',  ( -27.48286896438306215, 15.29564699008382433, 16.37355361500661743 ) ) ;
#5272 = LINE ( 'NONE', #4716, #1499 ) ;
#5273 = PLANE ( 'NONE',  #420 ) ;
#5274 = EDGE_CURVE ( 'NONE', #4315, #2613, #2052, .T. ) ;
#5275 = CARTESIAN_POINT ( 'NONE',  ( -8.965652081780460136, 13.33333333333331083, 36.39209009144907725 ) ) ;
#5276 = ADVANCED_FACE ( 'NONE', ( #2892 ), #2364, .T. ) ;
#5277 = CARTESIAN_POINT ( 'NONE',  ( -20.36501506845936760, 13.83849903626056665, 38.22731411635389520 ) ) ;
#5278 = VECTOR ( 'NONE', #4857, 1000.000000000000000 ) ;
#5279 = EDGE_CURVE ( 'NONE', #4740, #2904, #1600, .T. ) ;
#5280 = ORIENTED_EDGE ( 'NONE', *, *, #3407, .T. ) ;
#5281 = CARTESIAN_POINT ( 'NONE',  ( 8.250000000000174083, 6.999999999999999112, 8.250000000000259348 ) ) ;
#5282 = VECTOR ( 'NONE', #2287, 1000.000000000000000 ) ;
#5283 = ORIENTED_EDGE ( 'NONE', *, *, #3238, .T. ) ;
#5284 = CARTESIAN_POINT ( 'NONE',  ( -6.249999999999991118, 11.00000000000000000, 31.25000000000000000 ) ) ;
#5285 = FACE_OUTER_BOUND ( 'NONE', #4352, .T. ) ;
#5286 = ORIENTED_EDGE ( 'NONE', *, *, #3568, .F. ) ;
#5287 = ORIENTED_EDGE ( 'NONE', *, *, #2936, .F. ) ;
#5288 = CARTESIAN_POINT ( 'NONE',  ( -10.41338016322428395, 13.94064571097459471, 36.90997515681110031 ) ) ;
#5289 = AXIS2_PLACEMENT_3D ( 'NONE', #4532, #1973, #5377 ) ;
#5290 = CARTESIAN_POINT ( 'NONE',  ( -26.87670034887840842, 15.60766115662855036, -1.308731235184284802 ) ) ;
#5291 = CARTESIAN_POINT ( 'NONE',  ( -36.92629651974412042, 14.00067336359276382, 19.17124622212146789 ) ) ;
#5292 = AXIS2_PLACEMENT_3D ( 'NONE', #2374, #338, #4187 ) ;
#5293 = VERTEX_POINT ( 'NONE', #3376 ) ;
#5294 = DIRECTION ( 'NONE',  ( -0.000000000000000000, -1.000000000000000000, -0.000000000000000000 ) ) ;
#5295 = CARTESIAN_POINT ( 'NONE',  ( -50.16902981653390725, 7.102067910865441647, 33.66902981653390725 ) ) ;
#5296 = CARTESIAN_POINT ( 'NONE',  ( -8.000000000000000000, -0.001000000000000132727, 57.99999999999999289 ) ) ;
#5297 = ORIENTED_EDGE ( 'NONE', *, *, #842, .T. ) ;
#5298 = CARTESIAN_POINT ( 'NONE',  ( -5.924999999999996270, 0.000000000000000000, 56.80199819143151529 ) ) ;
#5299 = DIRECTION ( 'NONE',  ( -0.000000000000000000, 1.000000000000000000, -0.000000000000000000 ) ) ;
#5300 = PLANE ( 'NONE',  #3101 ) ;
#5301 = LINE ( 'NONE', #1980, #727 ) ;
#5302 = DIRECTION ( 'NONE',  ( 0.000000000000000000, 0.7071067811865483499, 0.7071067811865465735 ) ) ;
#5303 = ADVANCED_FACE ( 'NONE', ( #5062 ), #369, .F. ) ;
#5304 = ORIENTED_EDGE ( 'NONE', *, *, #4028, .T. ) ;
#5305 = CARTESIAN_POINT ( 'NONE',  ( -25.41090144789180627, 16.36215423118793311, 9.366245093500509711 ) ) ;
#5306 = B_SPLINE_SURFACE_WITH_KNOTS ( 'NONE', 1, 3, ( 
 ( #2609, #5120, #3829, #2527, #4307, #5064, #486, #910, #1291, #2947 ),
 ( #371, #2194, #2168, #4222, #3865, #5489, #4731, #3440, #1209, #2504 ) ),
 .UNSPECIFIED., .F., .F., .F.,
 ( 2, 2 ),
 ( 4, 2, 2, 2, 4 ),
 ( 0.000000000000000000, 1.000000000000000000 ),
 ( 0.000000000000000000, 0.002082844828723697233, 0.004165689657447394466, 0.006248534486171091265, 0.008331379314894788932 ),
 .UNSPECIFIED. ) ;
#5307 = CARTESIAN_POINT ( 'NONE',  ( -36.65156665106151479, 6.807832624956548173, 53.16204196040979468 ) ) ;
#5308 = FACE_OUTER_BOUND ( 'NONE', #3980, .T. ) ;
#5309 = DIRECTION ( 'NONE',  ( 0.000000000000000000, 0.000000000000000000, 1.000000000000000000 ) ) ;
#5310 = B_SPLINE_CURVE_WITH_KNOTS ( 'NONE', 3,
 ( #1804, #599, #3143, #1778 ),
 .UNSPECIFIED., .F., .F.,
 ( 4, 4 ),
 ( 3.241139937494275284E-07, 0.0002480471800054868535 ),
 .UNSPECIFIED. ) ;
#5311 = VERTEX_POINT ( 'NONE', #1685 ) ;
#5312 = ORIENTED_EDGE ( 'NONE', *, *, #2694, .F. ) ;
#5313 = CARTESIAN_POINT ( 'NONE',  ( -9.217929634728269761, 13.99988431496904262, 35.76100199009773206 ) ) ;
#5314 = AXIS2_PLACEMENT_3D ( 'NONE', #4171, #1153, #5406 ) ;
#5315 = CARTESIAN_POINT ( 'NONE',  ( -18.53142357666644457, 7.280980877515260907, 50.13768249717040248 ) ) ;
#5316 = DIRECTION ( 'NONE',  ( 0.000000000000000000, 1.000000000000000000, 0.000000000000000000 ) ) ;
#5317 = LINE ( 'NONE', #1467, #4271 ) ;
#5318 = PLANE ( 'NONE',  #4842 ) ;
#5319 = LINE ( 'NONE', #993, #1498 ) ;
#5320 = VERTEX_POINT ( 'NONE', #5088 ) ;
#5321 = DIRECTION ( 'NONE',  ( -0.000000000000000000, -1.000000000000000000, -0.000000000000000000 ) ) ;
#5322 = CARTESIAN_POINT ( 'NONE',  ( -6.801998191431526841, 0.5749999999999921840, 40.92500000000000426 ) ) ;
#5323 = CARTESIAN_POINT ( 'NONE',  ( -5.924999999999996270, 0.000000000000000000, 59.19800180856847049 ) ) ;
#5324 = ADVANCED_FACE ( 'NONE', ( #3769 ), #1263, .T. ) ;
#5325 = EDGE_CURVE ( 'NONE', #3113, #646, #1348, .T. ) ;
#5326 = CARTESIAN_POINT ( 'NONE',  ( -8.250000000000289546, 1.000000000000005995, -8.250000000000195399 ) ) ;
#5327 = CARTESIAN_POINT ( 'NONE',  ( -17.71696004937174251, 13.98409696186031681, 36.57142364873662643 ) ) ;
#5328 = VECTOR ( 'NONE', #1424, 999.9999999999998863 ) ;
#5329 = EDGE_LOOP ( 'NONE', ( #4300, #2820, #1754, #478 ) ) ;
#5330 = ORIENTED_EDGE ( 'NONE', *, *, #115, .F. ) ;
#5331 = FACE_OUTER_BOUND ( 'NONE', #1393, .T. ) ;
#5332 = EDGE_CURVE ( 'NONE', #1543, #1036, #890, .T. ) ;
#5333 = AXIS2_PLACEMENT_3D ( 'NONE', #3035, #2955, #4657 ) ;
#5334 = AXIS2_PLACEMENT_3D ( 'NONE', #137, #84, #3936 ) ;
#5335 = DIRECTION ( 'NONE',  ( 0.000000000000000000, 1.000000000000000000, 0.000000000000000000 ) ) ;
#5336 = CIRCLE ( 'NONE', #520, 10.00000000000000178 ) ;
#5337 = CARTESIAN_POINT ( 'NONE',  ( -18.02795948729852071, 7.319765101186496814, 50.07050625123971344 ) ) ;
#5338 = CARTESIAN_POINT ( 'NONE',  ( -25.37811661700036936, 13.15913572783448693, 41.91988412728613156 ) ) ;
#5339 = ORIENTED_EDGE ( 'NONE', *, *, #3339, .F. ) ;
#5340 = ORIENTED_EDGE ( 'NONE', *, *, #3408, .T. ) ;
#5341 = CARTESIAN_POINT ( 'NONE',  ( -10.64088855821090718, 13.89423319254140665, 37.27240315615988919 ) ) ;
#5342 = AXIS2_PLACEMENT_3D ( 'NONE', #1935, #2771, #4475 ) ;
#5343 = CYLINDRICAL_SURFACE ( 'NONE', #630, 3.499999999999999556 ) ;
#5344 = CARTESIAN_POINT ( 'NONE',  ( -25.23331308931923189, 15.70121674931798594, -6.299566917979026570 ) ) ;
#5345 = CARTESIAN_POINT ( 'NONE',  ( -18.53823466863607905, 13.99999999999999645, 36.75123462623232484 ) ) ;
#5346 = CIRCLE ( 'NONE', #1240, 2.000000000000001776 ) ;
#5347 = DIRECTION ( 'NONE',  ( -0.000000000000000000, -1.000000000000000000, -0.000000000000000000 ) ) ;
#5348 = DIRECTION ( 'NONE',  ( 0.000000000000000000, -1.000000000000000000, 0.000000000000000000 ) ) ;
#5349 = CARTESIAN_POINT ( 'NONE',  ( -7.249999999999992895, 8.000000000000000000, 39.25000000000000000 ) ) ;
#5350 = ORIENTED_EDGE ( 'NONE', *, *, #4520, .F. ) ;
#5351 = CARTESIAN_POINT ( 'NONE',  ( -31.25000000000000000, 17.78035457054157220, 6.250000000000003553 ) ) ;
#5352 = CARTESIAN_POINT ( 'NONE',  ( -50.37867965644034740, 0.000000000000000000, 35.29289321881345387 ) ) ;
#5353 = FACE_OUTER_BOUND ( 'NONE', #4148, .T. ) ;
#5354 = CIRCLE ( 'NONE', #5268, 8.999999999999973355 ) ;
#5355 = DIRECTION ( 'NONE',  ( 0.000000000000000000, 0.000000000000000000, -1.000000000000000000 ) ) ;
#5356 = CARTESIAN_POINT ( 'NONE',  ( -8.000000000000000000, -0.001000000000000132727, 43.00000000000000000 ) ) ;
#5357 = PERSON_AND_ORGANIZATION_ROLE ( 'design_supplier' ) ;
#5358 = ORIENTED_EDGE ( 'NONE', *, *, #1196, .T. ) ;
#5359 = ORIENTED_EDGE ( 'NONE', *, *, #3652, .F. ) ;
#5360 = CARTESIAN_POINT ( 'NONE',  ( -25.54240694571077697, 16.29446419041623173, 8.544649233113958076 ) ) ;
#5361 = ADVANCED_FACE ( 'NONE', ( #4784 ), #5205, .F. ) ;
#5362 = CARTESIAN_POINT ( 'NONE',  ( -19.09392582285032347, 7.334139988672793820, 50.04560821576035323 ) ) ;
#5363 = EDGE_CURVE ( 'NONE', #4938, #2387, #5440, .T. ) ;
#5364 = DIRECTION ( 'NONE',  ( -0.4999999999999988898, -0.7071067811865491270, -0.4999999999999988898 ) ) ;
#5365 = CONICAL_SURFACE ( 'NONE', #553, 3.000000000000037303, 0.7853981633974511656 ) ;
#5366 = CARTESIAN_POINT ( 'NONE',  ( 0.000000000000000000, 35.00000000000007105, 0.000000000000000000 ) ) ;
#5367 = VERTEX_POINT ( 'NONE', #3550 ) ;
#5368 = ORIENTED_EDGE ( 'NONE', *, *, #5434, .T. ) ;
#5369 = DIRECTION ( 'NONE',  ( 0.000000000000000000, 0.000000000000000000, 1.000000000000000000 ) ) ;
#5370 = CONICAL_SURFACE ( 'NONE', #283, 1.000000000000000888, 0.7853981633974471688 ) ;
#5371 = CARTESIAN_POINT ( 'NONE',  ( -7.249999999999992895, 14.00000000000000000, 35.24999999999997158 ) ) ;
#5372 = EDGE_CURVE ( 'NONE', #3968, #1396, #102, .T. ) ;
#5373 = FACE_OUTER_BOUND ( 'NONE', #1404, .T. ) ;
#5374 = CARTESIAN_POINT ( 'NONE',  ( -16.49208095094236626, 14.00000000000000000, 35.82050807568871420 ) ) ;
#5375 = ADVANCED_FACE ( 'NONE', ( #5146 ), #1873, .T. ) ;
#5376 = CARTESIAN_POINT ( 'NONE',  ( -27.38855314062279334, 14.69302987964905860, 17.48905820401091304 ) ) ;
#5377 = DIRECTION ( 'NONE',  ( -0.7071067811865507924, 0.000000000000000000, 0.7071067811865441310 ) ) ;
#5378 = CARTESIAN_POINT ( 'NONE',  ( -41.50000000000000711, 0.000000000000000000, 35.50000000000000711 ) ) ;
#5379 = ORIENTED_EDGE ( 'NONE', *, *, #1582, .F. ) ;
#5380 = DIRECTION ( 'NONE',  ( 0.000000000000000000, -1.000000000000000000, 0.000000000000000000 ) ) ;
#5381 = CARTESIAN_POINT ( 'NONE',  ( -10.24999999999998757, 6.071796769724454812, 63.00000000000000000 ) ) ;
#5382 = CARTESIAN_POINT ( 'NONE',  ( -59.99999999999995737, 6.999999999999999112, 60.00000000000000711 ) ) ;
#5383 = EDGE_CURVE ( 'NONE', #10, #1841, #4357, .T. ) ;
#5384 = CARTESIAN_POINT ( 'NONE',  ( 0.000000000000000000, 0.000000000000000000, 0.000000000000000000 ) ) ;
#5385 = PLANE ( 'NONE',  #626 ) ;
#5386 = DATE_AND_TIME ( #4993, #1866 ) ;
#5387 = ORIENTED_EDGE ( 'NONE', *, *, #3057, .T. ) ;
#5388 = ORIENTED_EDGE ( 'NONE', *, *, #1238, .T. ) ;
#5389 = CARTESIAN_POINT ( 'NONE',  ( -7.542893218813730094, -0.000000000000000000, -7.542893218813644829 ) ) ;
#5390 = DIRECTION ( 'NONE',  ( -1.000000000000000000, 0.000000000000000000, 0.000000000000000000 ) ) ;
#5391 = CARTESIAN_POINT ( 'NONE',  ( -11.25000000000002842, 9.071796769724485898, 51.03589838486223584 ) ) ;
#5392 = CARTESIAN_POINT ( 'NONE',  ( -65.42157287525370180, 1.000000000000000888, 51.75000000000007105 ) ) ;
#5393 = ADVANCED_FACE ( 'NONE', ( #3603 ), #4896, .T. ) ;
#5394 = EDGE_CURVE ( 'NONE', #5, #4783, #1683, .T. ) ;
#5395 = ORIENTED_EDGE ( 'NONE', *, *, #5206, .T. ) ;
#5396 = VERTEX_POINT ( 'NONE', #2351 ) ;
#5397 = CARTESIAN_POINT ( 'NONE',  ( -16.18329370493527719, 6.129429139253836922, 51.36424210682690727 ) ) ;
#5398 = DIRECTION ( 'NONE',  ( -0.4999999999999997780, 0.000000000000000000, -0.8660254037844387076 ) ) ;
#5399 = CARTESIAN_POINT ( 'NONE',  ( -18.43317546033899745, 14.00000000000000533, 36.70278022051604694 ) ) ;
#5400 = EDGE_CURVE ( 'NONE', #3444, #4672, #2940, .T. ) ;
#5401 = VECTOR ( 'NONE', #85, 1000.000000000000114 ) ;
#5402 = EDGE_LOOP ( 'NONE', ( #920, #3038, #4608, #1275 ) ) ;
#5403 = CARTESIAN_POINT ( 'NONE',  ( -10.41799039214575195, 8.000000000000000000, 34.45962095248813029 ) ) ;
#5404 = LINE ( 'NONE', #3720, #4934 ) ;
#5405 = CIRCLE ( 'NONE', #588, 2.000000000000001776 ) ;
#5406 = DIRECTION ( 'NONE',  ( 0.000000000000000000, 0.000000000000000000, 1.000000000000000000 ) ) ;
#5407 = DIRECTION ( 'NONE',  ( 1.000000000000000000, 0.000000000000000000, 0.000000000000000000 ) ) ;
#5408 = CARTESIAN_POINT ( 'NONE',  ( -37.25781558695300077, 13.94167629543635911, 18.82755038598854114 ) ) ;
#5409 = CARTESIAN_POINT ( 'NONE',  ( -17.76357707556953969, 6.318752648919939041, 50.80266653028163404 ) ) ;
#5410 = EDGE_LOOP ( 'NONE', ( #5479, #4583, #4438, #1714 ) ) ;
#5411 = DIRECTION ( 'NONE',  ( 0.000000000000000000, 0.000000000000000000, 1.000000000000000000 ) ) ;
#5412 = DIRECTION ( 'NONE',  ( 0.000000000000000000, 1.000000000000000000, 0.000000000000000000 ) ) ;
#5413 = PERSON_AND_ORGANIZATION ( #2808, #1058 ) ;
#5414 = ORIENTED_EDGE ( 'NONE', *, *, #3004, .T. ) ;
#5415 = ORIENTED_EDGE ( 'NONE', *, *, #509, .F. ) ;
#5416 = CARTESIAN_POINT ( 'NONE',  ( -25.34294702829055979, 15.66738902607722750, 14.55179942001996451 ) ) ;
#5417 = CARTESIAN_POINT ( 'NONE',  ( 8.250000000000174083, 1.000000000000000888, 8.250000000000259348 ) ) ;
#5418 = DIRECTION ( 'NONE',  ( 0.000000000000000000, 0.000000000000000000, -1.000000000000000000 ) ) ;
#5419 = VECTOR ( 'NONE', #574, 1000.000000000000000 ) ;
#5420 = AXIS2_PLACEMENT_3D ( 'NONE', #5248, #2184, #3541 ) ;
#5421 = CARTESIAN_POINT ( 'NONE',  ( -25.76623663820107168, 13.09436822635975695, 42.27975549608302686 ) ) ;
#5422 = VERTEX_POINT ( 'NONE', #5457 ) ;
#5423 = AXIS2_PLACEMENT_3D ( 'NONE', #1154, #5407, #2895 ) ;
#5424 = CARTESIAN_POINT ( 'NONE',  ( 0.000000000000000000, 8.000000000000000000, 0.000000000000000000 ) ) ;
#5425 = ORIENTED_EDGE ( 'NONE', *, *, #2477, .F. ) ;
#5426 = CARTESIAN_POINT ( 'NONE',  ( -31.25000000000000000, 11.00000000000000000, 9.750000000000005329 ) ) ;
#5427 = ADVANCED_FACE ( 'NONE', ( #4642 ), #814, .F. ) ;
#5428 = DIRECTION ( 'NONE',  ( -0.4472135954999554297, -0.000000000000000000, 0.8944271909999171877 ) ) ;
#5429 = EDGE_CURVE ( 'NONE', #4581, #2297, #4162, .T. ) ;
#5430 = DIRECTION ( 'NONE',  ( 0.000000000000000000, -1.000000000000000000, 0.000000000000000000 ) ) ;
#5431 = VERTEX_POINT ( 'NONE', #4669 ) ;
#5432 = DIRECTION ( 'NONE',  ( -0.000000000000000000, 1.000000000000000000, -0.000000000000000000 ) ) ;
#5433 = CARTESIAN_POINT ( 'NONE',  ( -35.50000000000001421, 8.000000000000000000, 40.49999999999999289 ) ) ;
#5434 = EDGE_CURVE ( 'NONE', #4181, #3619, #389, .T. ) ;
#5435 = DIRECTION ( 'NONE',  ( 0.000000000000000000, 0.000000000000000000, 1.000000000000000000 ) ) ;
#5436 = EDGE_CURVE ( 'NONE', #3270, #597, #4976, .T. ) ;
#5437 = CARTESIAN_POINT ( 'NONE',  ( -20.89931061353599517, 14.00000000000000178, 37.87974221679264986 ) ) ;
#5438 = CARTESIAN_POINT ( 'NONE',  ( -36.94418370387750628, 13.96398024204022370, 18.32151345863963599 ) ) ;
#5439 = LINE ( 'NONE', #2507, #3140 ) ;
#5440 = CIRCLE ( 'NONE', #3025, 1.099999999999996758 ) ;
#5441 = EDGE_LOOP ( 'NONE', ( #384, #2669, #2745, #3168, #1903 ) ) ;
#5442 = CARTESIAN_POINT ( 'NONE',  ( -42.58213498480022707, 13.33333333333333215, 26.55353950559116782 ) ) ;
#5443 = CARTESIAN_POINT ( 'NONE',  ( -8.000000000000000000, 7.071796769724485898, 43.00000000000000000 ) ) ;
#5444 = APPROVAL_STATUS ( 'not_yet_approved' ) ;
#5445 = ORIENTED_EDGE ( 'NONE', *, *, #2007, .T. ) ;
#5446 = ORIENTED_EDGE ( 'NONE', *, *, #142, .F. ) ;
#5447 = FACE_OUTER_BOUND ( 'NONE', #2814, .T. ) ;
#5448 = EDGE_CURVE ( 'NONE', #2924, #405, #2044, .T. ) ;
#5449 = EDGE_CURVE ( 'NONE', #612, #1439, #5032, .T. ) ;
#5450 = AXIS2_PLACEMENT_3D ( 'NONE', #2870, #751, #2038 ) ;
#5451 = EDGE_CURVE ( 'NONE', #3357, #271, #1628, .T. ) ;
#5452 = VECTOR ( 'NONE', #3857, 1000.000000000000114 ) ;
#5453 = EDGE_LOOP ( 'NONE', ( #5240, #3098, #2439, #5209, #3789 ) ) ;
#5454 = DIRECTION ( 'NONE',  ( 1.000000000000000000, 0.000000000000000000, 0.000000000000000000 ) ) ;
#5455 = ORIENTED_EDGE ( 'NONE', *, *, #3996, .F. ) ;
#5456 = CARTESIAN_POINT ( 'NONE',  ( -27.02494402638218673, 14.00000000000000000, 42.11073046400918685 ) ) ;
#5457 = CARTESIAN_POINT ( 'NONE',  ( -10.24999999999999289, 8.999999999999984013, 40.49999999999999289 ) ) ;
#5458 = CARTESIAN_POINT ( 'NONE',  ( -50.50000000000000000, 5.917096231345234436, 33.17157287525382259 ) ) ;
#5459 = EDGE_CURVE ( 'NONE', #2094, #4426, #3791, .T. ) ;
#5460 = LINE ( 'NONE', #1630, #2603 ) ;
#5461 = VECTOR ( 'NONE', #4164, 1000.000000000000000 ) ;
#5462 = AXIS2_PLACEMENT_3D ( 'NONE', #4511, #660, #3248 ) ;
#5463 = ORIENTED_EDGE ( 'NONE', *, *, #1238, .F. ) ;
#5464 = DIRECTION ( 'NONE',  ( 0.7071067811865435759, 0.000000000000000000, -0.7071067811865515695 ) ) ;
#5465 = CARTESIAN_POINT ( 'NONE',  ( -10.94059892324152905, 7.071796769724485898, 49.88119784648299060 ) ) ;
#5466 = DIRECTION ( 'NONE',  ( 0.4999999999999988898, -0.7071067811865491270, 0.4999999999999988898 ) ) ;
#5467 = FACE_OUTER_BOUND ( 'NONE', #2560, .T. ) ;
#5468 = CARTESIAN_POINT ( 'NONE',  ( -38.05355335726393662, 13.85968872306562361, 20.09211249202908789 ) ) ;
#5469 = LINE ( 'NONE', #264, #4838 ) ;
#5470 = ORIENTED_EDGE ( 'NONE', *, *, #2713, .F. ) ;
#5471 = DIRECTION ( 'NONE',  ( -0.7071067811865512365, 0.000000000000000000, 0.7071067811865439090 ) ) ;
#5472 = CARTESIAN_POINT ( 'NONE',  ( -17.79020535710418471, 7.248212974415494614, 50.20782087923848280 ) ) ;
#5473 = ORIENTED_EDGE ( 'NONE', *, *, #4282, .F. ) ;
#5474 = VECTOR ( 'NONE', #4902, 1000.000000000000000 ) ;
#5475 = ORIENTED_EDGE ( 'NONE', *, *, #1375, .F. ) ;
#5476 = DIRECTION ( 'NONE',  ( -0.5000000000000000000, -0.7071067811865439090, -0.5000000000000052180 ) ) ;
#5477 = ADVANCED_FACE ( 'NONE', ( #5507 ), #430, .T. ) ;
#5478 = B_SPLINE_CURVE_WITH_KNOTS ( 'NONE', 3,
 ( #5265, #1328, #3066, #4848, #1859, #4312, #3929, #1829 ),
 .UNSPECIFIED., .F., .F.,
 ( 4, 2, 2, 4 ),
 ( 0.000000000000000000, 0.0005984759081690992815, 0.0008977138622536489764, 0.001196951816338198563 ),
 .UNSPECIFIED. ) ;
#5479 = ORIENTED_EDGE ( 'NONE', *, *, #2431, .T. ) ;
#5480 = DIRECTION ( 'NONE',  ( 0.000000000000000000, 0.000000000000000000, -1.000000000000000000 ) ) ;
#5481 = CARTESIAN_POINT ( 'NONE',  ( -33.75292916218054273, 6.986933863173190318, 51.03716746484071365 ) ) ;
#5482 = ORIENTED_EDGE ( 'NONE', *, *, #4335, .T. ) ;
#5483 = CARTESIAN_POINT ( 'NONE',  ( -35.82050807568872131, 4.000000000000000000, 0.000000000000000000 ) ) ;
#5484 = DIRECTION ( 'NONE',  ( 0.6546536707079744222, 0.3779644730092238669, -0.6546536707079818607 ) ) ;
#5485 = DIRECTION ( 'NONE',  ( 0.7071067811865436870, 0.000000000000000000, 0.7071067811865514585 ) ) ;
#5486 = ORIENTED_EDGE ( 'NONE', *, *, #1877, .F. ) ;
#5487 = DIRECTION ( 'NONE',  ( -0.4999999999999980016, 0.000000000000000000, 0.8660254037844398178 ) ) ;
#5488 = DIRECTION ( 'NONE',  ( -0.4999999999999988898, -0.7071067811865491270, 0.4999999999999988898 ) ) ;
#5489 = CARTESIAN_POINT ( 'NONE',  ( -37.26930722852711853, 13.99999999999999822, 19.65145658627331926 ) ) ;
#5490 = CARTESIAN_POINT ( 'NONE',  ( -3.250000000000009770, 14.00000000000000000, 34.24999999999999289 ) ) ;
#5491 = CARTESIAN_POINT ( 'NONE',  ( -9.297097739913199987, 12.98585380366205122, 37.05672305358044127 ) ) ;
#5492 = CARTESIAN_POINT ( 'NONE',  ( -36.88338470897285504, 6.874048836722924882, 53.38353644222905814 ) ) ;
#5493 = VERTEX_POINT ( 'NONE', #5426 ) ;
#5494 = LINE ( 'NONE', #4203, #3132 ) ;
#5495 = DIRECTION ( 'NONE',  ( 0.7071067811865474617, 0.000000000000000000, 0.7071067811865474617 ) ) ;
#5496 = ORIENTED_EDGE ( 'NONE', *, *, #1436, .F. ) ;
#5497 = ORIENTED_EDGE ( 'NONE', *, *, #4158, .F. ) ;
#5498 = EDGE_CURVE ( 'NONE', #3202, #950, #1572, .T. ) ;
#5499 = DIRECTION ( 'NONE',  ( 0.7071067811865512365, 0.000000000000000000, -0.7071067811865439090 ) ) ;
#5500 = EDGE_CURVE ( 'NONE', #1205, #694, #1135, .T. ) ;
#5501 = VERTEX_POINT ( 'NONE', #5057 ) ;
#5502 = CARTESIAN_POINT ( 'NONE',  ( 8.250000000000174083, 7.000000000000007994, 8.250000000000259348 ) ) ;
#5503 = EDGE_CURVE ( 'NONE', #4979, #2320, #4073, .T. ) ;
#5504 = CARTESIAN_POINT ( 'NONE',  ( -35.79271707083669440, 6.887291255227024678, 52.40752769141912637 ) ) ;
#5505 = ORIENTED_EDGE ( 'NONE', *, *, #4813, .F. ) ;
#5506 = CARTESIAN_POINT ( 'NONE',  ( -31.25000000000000000, 8.000000000000000000, 6.250000000000003553 ) ) ;
#5507 = FACE_OUTER_BOUND ( 'NONE', #4278, .T. ) ;
#5508 = AXIS2_PLACEMENT_3D ( 'NONE', #33, #5137, #120 ) ;
#5509 = LINE ( 'NONE', #4612, #3932 ) ;
#5510 = AXIS2_PLACEMENT_3D ( 'NONE', #1897, #1022, #4854 ) ;
#5511 = VECTOR ( 'NONE', #3196, 1000.000000000000000 ) ;
#5512 = AXIS2_PLACEMENT_3D ( 'NONE', #1218, #5215, #5162 ) ;
#5513 = ORIENTED_EDGE ( 'NONE', *, *, #3105, .F. ) ;
#5514 = CARTESIAN_POINT ( 'NONE',  ( -41.89865419831902926, 13.16203713003325682, 25.36597667920398536 ) ) ;
#5515 = CARTESIAN_POINT ( 'NONE',  ( -1.250000000000009992, 8.999999999999984013, 34.24999999999999289 ) ) ;
#5516 = DIRECTION ( 'NONE',  ( 0.000000000000000000, 0.000000000000000000, -1.000000000000000000 ) ) ;
#5517 = EDGE_CURVE ( 'NONE', #2213, #1516, #1794, .T. ) ;
#5518 = DIRECTION ( 'NONE',  ( -0.7071067811865507924, 0.000000000000000000, 0.7071067811865441310 ) ) ;
#5519 = CARTESIAN_POINT ( 'NONE',  ( -10.01593837653638630, 12.80224450330000430, 38.08646539966881051 ) ) ;
#5520 = CARTESIAN_POINT ( 'NONE',  ( -35.58925239511760452, 6.585244115660254138, 52.30161618214897601 ) ) ;
#5521 = CC_DESIGN_APPROVAL ( #2231, ( #972 ) ) ;
#5522 = ORIENTED_EDGE ( 'NONE', *, *, #3441, .F. ) ;
#5523 = FACE_OUTER_BOUND ( 'NONE', #4402, .T. ) ;
#5524 = DIRECTION ( 'NONE',  ( 0.000000000000000000, 0.000000000000000000, -1.000000000000000000 ) ) ;
#5525 = CARTESIAN_POINT ( 'NONE',  ( 0.000000000000000000, 1.800000000000000044, 0.000000000000000000 ) ) ;
#5526 = ORIENTED_EDGE ( 'NONE', *, *, #1054, .F. ) ;
#5527 = VECTOR ( 'NONE', #4561, 1000.000000000000114 ) ;
#5528 = ORIENTED_EDGE ( 'NONE', *, *, #5097, .T. ) ;
#5529 = CARTESIAN_POINT ( 'NONE',  ( -20.24999999999998934, 0.000000000000000000, 60.50000000000000000 ) ) ;
#5530 = CARTESIAN_POINT ( 'NONE',  ( -51.75000000000005684, 6.999999999999999112, 65.42157287525370180 ) ) ;
#5531 = DIRECTION ( 'NONE',  ( 0.000000000000000000, 0.000000000000000000, 1.000000000000000000 ) ) ;
ENDSEC;
END-ISO-10303-21;
