ISO-10303-21;
HEADER;
FILE_DESCRIPTION (( 'STEP AP203' ),
    '1' );
FILE_NAME ('Íâµ××ù3.STEP',
    '2026-06-05T07:29:14',
    ( 'Windows User' ),
    ( 'P R C' ),
    'SwSTEP 2.0',
    'SolidWorks 2024',
    '' );
FILE_SCHEMA (( 'CONFIG_CONTROL_DESIGN' ));
ENDSEC;

DATA;
#1 = CARTESIAN_POINT ( 'NONE',  ( -31.25000000000000000, -26.39144727796447043, 2.811926263296733897 ) ) ;
#2 = VERTEX_POINT ( 'NONE', #2433 ) ;
#3 = DIRECTION ( 'NONE',  ( 0.000000000000000000, 6.938893903907227589E-15, -1.000000000000000000 ) ) ;
#4 = CARTESIAN_POINT ( 'NONE',  ( -5.055706959766557596, -24.16807754227880878, 25.56763121962527308 ) ) ;
#5 = FACE_OUTER_BOUND ( 'NONE', #1438, .T. ) ;
#6 = VECTOR ( 'NONE', #866, 1000.000000000000000 ) ;
#7 = ORIENTED_EDGE ( 'NONE', *, *, #1248, .F. ) ;
#8 = DIRECTION ( 'NONE',  ( -0.6546536707079744222, 0.3779644730092193150, 0.6546536707079845252 ) ) ;
#9 = CARTESIAN_POINT ( 'NONE',  ( -24.45176812405472333, -24.70296533149345919, 10.69001733727064263 ) ) ;
#10 = EDGE_CURVE ( 'NONE', #1707, #663, #3347, .T. ) ;
#11 = AXIS2_PLACEMENT_3D ( 'NONE', #3422, #895, #1213 ) ;
#12 = ORIENTED_EDGE ( 'NONE', *, *, #2170, .T. ) ;
#13 = CARTESIAN_POINT ( 'NONE',  ( -39.11996646865124205, -22.31186954865099636, 21.78760760615413972 ) ) ;
#14 = CARTESIAN_POINT ( 'NONE',  ( -8.250000000000294875, -9.611092707422834280, -8.188073736703341154 ) ) ;
#15 = FACE_OUTER_BOUND ( 'NONE', #374, .T. ) ;
#16 = EDGE_CURVE ( 'NONE', #1204, #1431, #3153, .T. ) ;
#17 = DIRECTION ( 'NONE',  ( 0.000000000000000000, 6.938893903907228378E-15, -1.000000000000000000 ) ) ;
#18 = DIRECTION ( 'NONE',  ( 0.4999999999999971689, -0.7071067811865515695, 0.4999999999999971134 ) ) ;
#19 = ORIENTED_EDGE ( 'NONE', *, *, #3270, .T. ) ;
#20 = CARTESIAN_POINT ( 'NONE',  ( -16.11627310736252028, -23.85610804365882132, 26.29162044718393076 ) ) ;
#21 = FACE_OUTER_BOUND ( 'NONE', #1049, .T. ) ;
#22 = EDGE_LOOP ( 'NONE', ( #2645, #97, #493, #130 ) ) ;
#23 = CARTESIAN_POINT ( 'NONE',  ( -28.60867272699263353, -17.58050514970226530, 38.57009392690071081 ) ) ;
#24 = CARTESIAN_POINT ( 'NONE',  ( -19.65145658627907821, -22.61109270742313626, 37.33123349182641704 ) ) ;
#25 = CARTESIAN_POINT ( 'NONE',  ( 0.000000000000000000, -16.26023974633733360, 49.56192626329679030 ) ) ;
#26 = ORIENTED_EDGE ( 'NONE', *, *, #954, .T. ) ;
#27 = FACE_OUTER_BOUND ( 'NONE', #840, .T. ) ;
#28 = CARTESIAN_POINT ( 'NONE',  ( -25.35032933363024910, -24.27496102972899905, 14.60705893164703184 ) ) ;
#29 = DIRECTION ( 'NONE',  ( 0.000000000000000000, -6.938893903907222067E-15, 1.000000000000000000 ) ) ;
#30 = EDGE_CURVE ( 'NONE', #3354, #976, #2255, .T. ) ;
#31 = VECTOR ( 'NONE', #1356, 1000.000000000000000 ) ;
#32 = ORIENTED_EDGE ( 'NONE', *, *, #1133, .F. ) ;
#33 = CARTESIAN_POINT ( 'NONE',  ( -50.05751788382366385, -15.83048883028860132, 32.34853490619811112 ) ) ;
#34 = DIRECTION ( 'NONE',  ( 0.000000000000000000, 6.982962677686266711E-15, -1.000000000000000000 ) ) ;
#35 = DIRECTION ( 'NONE',  ( 0.7071067811865440200, -4.937700262164555142E-15, 0.7071067811865510144 ) ) ;
#36 = CARTESIAN_POINT ( 'NONE',  ( -34.45962095248824397, -17.61109270742293376, 10.47991665544217810 ) ) ;
#37 = EDGE_CURVE ( 'NONE', #2, #2319, #3211, .T. ) ;
#38 = ORIENTED_EDGE ( 'NONE', *, *, #105, .T. ) ;
#39 = CARTESIAN_POINT ( 'NONE',  ( -16.35313975815338594, -23.89678058685558426, 27.56414338863660873 ) ) ;
#40 = VECTOR ( 'NONE', #580, 1000.000000000000114 ) ;
#41 = DIRECTION ( 'NONE',  ( -0.7071067811865439090, 4.937700262164556720E-15, -0.7071067811865512365 ) ) ;
#42 = VERTEX_POINT ( 'NONE', #761 ) ;
#43 = DIRECTION ( 'NONE',  ( 0.4738341848967401182, 0.8803712478008207665, 0.02067924729934594863 ) ) ;
#44 = CARTESIAN_POINT ( 'NONE',  ( -66.12867965644026924, -16.61109270742324640, 52.51903304448343590 ) ) ;
#45 = CARTESIAN_POINT ( 'NONE',  ( -42.12646886116829847, -21.73297126987108996, 25.66377868914436888 ) ) ;
#46 = ORIENTED_EDGE ( 'NONE', *, *, #3451, .F. ) ;
#47 = CARTESIAN_POINT ( 'NONE',  ( -35.50000000000001421, -8.611092707423123827, 35.56192626329686846 ) ) ;
#48 = CARTESIAN_POINT ( 'NONE',  ( -24.75674450601092502, -24.55770509300111826, 8.018544112336405405 ) ) ;
#49 = CARTESIAN_POINT ( 'NONE',  ( -36.62880944278905559, -23.31857277009492435, 19.65828453239115703 ) ) ;
#50 = VERTEX_POINT ( 'NONE', #1687 ) ;
#51 = CARTESIAN_POINT ( 'NONE',  ( -49.69105187535912194, -17.64284039050210851, 33.25297813865589092 ) ) ;
#52 = EDGE_CURVE ( 'NONE', #3443, #885, #2136, .T. ) ;
#53 = DIRECTION ( 'NONE',  ( 0.000000000000000000, 0.7071067811865524577, -0.7071067811865425767 ) ) ;
#54 = DIRECTION ( 'NONE',  ( 0.000000000000000000, -0.4576615381557216367, -0.8891264907159942554 ) ) ;
#55 = CARTESIAN_POINT ( 'NONE',  ( -17.25314274136468740, -23.41649584279939234, 27.21456394127287126 ) ) ;
#56 = ORIENTED_EDGE ( 'NONE', *, *, #3301, .T. ) ;
#57 = DIRECTION ( 'NONE',  ( 0.000000000000000000, 1.000000000000000000, 6.982962677686266711E-15 ) ) ;
#58 = EDGE_CURVE ( 'NONE', #3138, #2530, #1160, .T. ) ;
#59 = AXIS2_PLACEMENT_3D ( 'NONE', #90, #1484, #2832 ) ;
#60 = EDGE_CURVE ( 'NONE', #2581, #2563, #602, .T. ) ;
#61 = DIRECTION ( 'NONE',  ( 0.7071067811865516806, 4.937700262164502288E-15, -0.7071067811865434649 ) ) ;
#62 = EDGE_LOOP ( 'NONE', ( #325, #1868, #38, #3609 ) ) ;
#63 = LINE ( 'NONE', #44, #2154 ) ;
#64 = CARTESIAN_POINT ( 'NONE',  ( -34.58578643762690774, -9.611092707423237513, 51.14771270092374778 ) ) ;
#65 = CC_DESIGN_APPROVAL ( #734, ( #1567 ) ) ;
#66 = EDGE_LOOP ( 'NONE', ( #1194, #1766, #793, #83 ) ) ;
#67 = DIRECTION ( 'NONE',  ( 0.000000000000000000, 6.938893903907233111E-15, -1.000000000000000000 ) ) ;
#68 = CARTESIAN_POINT ( 'NONE',  ( -65.42157287525373022, -15.61109270742323751, 51.81192626329688977 ) ) ;
#69 = LINE ( 'NONE', #86, #3200 ) ;
#70 = VECTOR ( 'NONE', #1871, 1000.000000000000000 ) ;
#71 = VERTEX_POINT ( 'NONE', #2588 ) ;
#72 = CARTESIAN_POINT ( 'NONE',  ( -35.50000000000001421, -16.61109270742316113, 40.56192626329681161 ) ) ;
#73 = DIRECTION ( 'NONE',  ( 3.965082230804130614E-15, -6.938893903907229167E-15, 1.000000000000000000 ) ) ;
#74 = DIRECTION ( 'NONE',  ( 0.000000000000000000, -1.000000000000000000, -6.982962677686266711E-15 ) ) ;
#75 = CARTESIAN_POINT ( 'NONE',  ( 0.000000000000000000, -15.68288947714771631, 50.56192626329681161 ) ) ;
#76 = VECTOR ( 'NONE', #3404, 999.9999999999998863 ) ;
#77 = ORIENTED_EDGE ( 'NONE', *, *, #756, .F. ) ;
#78 = CARTESIAN_POINT ( 'NONE',  ( 0.000000000000000000, -8.611092707423225079, 49.56192626329685424 ) ) ;
#79 = ORIENTED_EDGE ( 'NONE', *, *, #60, .T. ) ;
#80 = DIRECTION ( 'NONE',  ( -0.000000000000000000, 1.000000000000000000, 6.982962677686266711E-15 ) ) ;
#81 = CARTESIAN_POINT ( 'NONE',  ( -41.21121833790385836, -21.90172570750966585, 24.63033087389510456 ) ) ;
#82 = EDGE_CURVE ( 'NONE', #71, #1584, #108, .T. ) ;
#83 = ORIENTED_EDGE ( 'NONE', *, *, #2013, .F. ) ;
#84 = LINE ( 'NONE', #2861, #823 ) ;
#85 = DIRECTION ( 'NONE',  ( 0.000000000000000000, -6.938893903907222067E-15, 1.000000000000000000 ) ) ;
#86 = CARTESIAN_POINT ( 'NONE',  ( -51.04289321881353914, -8.611092707423338766, 66.19060591973713770 ) ) ;
#87 = VERTEX_POINT ( 'NONE', #327 ) ;
#88 = CARTESIAN_POINT ( 'NONE',  ( -39.19748787518199862, -22.61109270742304389, 23.36617003078911736 ) ) ;
#89 = CARTESIAN_POINT ( 'NONE',  ( -30.00000000000000000, -22.61109270742273836, -20.03857880009132941 ) ) ;
#90 = CARTESIAN_POINT ( 'NONE',  ( -8.250000000000294875, -21.61109270742282007, -8.188073736703424643 ) ) ;
#91 = CARTESIAN_POINT ( 'NONE',  ( -36.19974746830614976, -17.61109270742304744, 26.36217879499093542 ) ) ;
#92 = VECTOR ( 'NONE', #2315, 1000.000000000000000 ) ;
#93 = EDGE_LOOP ( 'NONE', ( #141, #1182, #2492, #2732 ) ) ;
#94 = CARTESIAN_POINT ( 'NONE',  ( -15.34294649041919811, -24.27432658899639506, 26.83066214981533193 ) ) ;
#95 = LINE ( 'NONE', #425, #287 ) ;
#96 = CARTESIAN_POINT ( 'NONE',  ( -66.12867965644028345, -16.61109270742323218, 51.10481948211035075 ) ) ;
#97 = ORIENTED_EDGE ( 'NONE', *, *, #1406, .F. ) ;
#98 = CARTESIAN_POINT ( 'NONE',  ( -40.86381172333044987, -21.96852584285418430, 24.20644692806418163 ) ) ;
#99 = CONICAL_SURFACE ( 'NONE', #2030, 26.99999999999998224, 0.7853981633974466137 ) ;
#100 = ORIENTED_EDGE ( 'NONE', *, *, #3330, .T. ) ;
#101 = DIRECTION ( 'NONE',  ( -0.7071067811865512365, -4.937700262164505444E-15, 0.7071067811865439090 ) ) ;
#102 = CARTESIAN_POINT ( 'NONE',  ( -66.83578643762682248, -15.61109270742324817, 53.22613982566998914 ) ) ;
#103 = CYLINDRICAL_SURFACE ( 'NONE', #2391, 10.00000000000000178 ) ;
#104 = EDGE_CURVE ( 'NONE', #1875, #608, #3188, .T. ) ;
#105 = EDGE_CURVE ( 'NONE', #2345, #299, #3381, .T. ) ;
#106 = EDGE_LOOP ( 'NONE', ( #2140, #3028, #1210, #3535 ) ) ;
#107 = LINE ( 'NONE', #3489, #2356 ) ;
#108 = LINE ( 'NONE', #2607, #1580 ) ;
#109 = DIRECTION ( 'NONE',  ( -0.8381025710972329623, 0.2496601706515528540, 0.4850297717774085804 ) ) ;
#110 = VECTOR ( 'NONE', #3454, 1000.000000000000000 ) ;
#111 = ORIENTED_EDGE ( 'NONE', *, *, #2401, .F. ) ;
#112 = CARTESIAN_POINT ( 'NONE',  ( -6.250000000000005329, -19.61109270742311850, 34.81192626329679030 ) ) ;
#113 = AXIS2_PLACEMENT_3D ( 'NONE', #223, #1882, #1285 ) ;
#114 = LINE ( 'NONE', #1488, #1537 ) ;
#115 = ORIENTED_EDGE ( 'NONE', *, *, #758, .F. ) ;
#116 = DATE_AND_TIME ( #648, #2794 ) ;
#117 = CARTESIAN_POINT ( 'NONE',  ( -6.250000000000005329, -23.76923890102161607, 27.81192626329675477 ) ) ;
#118 = CIRCLE ( 'NONE', #3446, 26.00000000000000355 ) ;
#119 = EDGE_LOOP ( 'NONE', ( #2332, #1957, #2064, #2586 ) ) ;
#120 = CARTESIAN_POINT ( 'NONE',  ( -25.34554277099148578, -21.77564277205187082, 41.95182574822023014 ) ) ;
#121 = CARTESIAN_POINT ( 'NONE',  ( -39.58304597993990370, -22.61109270742304389, 23.98762173269453868 ) ) ;
#122 = DIRECTION ( 'NONE',  ( 0.000000000000000000, -1.000000000000000000, -6.982962677686266711E-15 ) ) ;
#123 = VECTOR ( 'NONE', #3159, 1000.000000000000000 ) ;
#124 = ORIENTED_EDGE ( 'NONE', *, *, #1248, .T. ) ;
#125 = DIRECTION ( 'NONE',  ( -1.982541115402065307E-15, -6.938893903907229167E-15, 1.000000000000000000 ) ) ;
#126 = CARTESIAN_POINT ( 'NONE',  ( -26.30025253169454658, -17.61109270742311494, 36.26167373160264873 ) ) ;
#127 = CARTESIAN_POINT ( 'NONE',  ( -6.250000000000005329, -8.611092707423109616, 33.41192626329685567 ) ) ;
#128 = VECTOR ( 'NONE', #922, 1000.000000000000000 ) ;
#129 = EDGE_CURVE ( 'NONE', #608, #510, #2017, .T. ) ;
#130 = ORIENTED_EDGE ( 'NONE', *, *, #2600, .F. ) ;
#131 = DIRECTION ( 'NONE',  ( 0.000000000000000000, -0.7071067811865444641, -0.7071067811865505703 ) ) ;
#132 = CARTESIAN_POINT ( 'NONE',  ( -46.30460929724409880, -12.61109270742309718, 31.28074912291396714 ) ) ;
#133 = CARTESIAN_POINT ( 'NONE',  ( -31.25000000000000000, -22.61109270742292310, 6.311926263296761874 ) ) ;
#134 = ORIENTED_EDGE ( 'NONE', *, *, #2098, .F. ) ;
#135 = PERSON_AND_ORGANIZATION ( #1780, #3426 ) ;
#136 = VERTEX_POINT ( 'NONE', #872 ) ;
#137 = AXIS2_PLACEMENT_3D ( 'NONE', #1094, #3570, #3584 ) ;
#138 = LINE ( 'NONE', #2101, #2766 ) ;
#139 = CARTESIAN_POINT ( 'NONE',  ( -36.90906830110068881, -22.57727950137265083, 18.32662650217845979 ) ) ;
#140 = FACE_OUTER_BOUND ( 'NONE', #1388, .T. ) ;
#141 = ORIENTED_EDGE ( 'NONE', *, *, #220, .F. ) ;
#142 = DIRECTION ( 'NONE',  ( 0.000000000000000000, -1.000000000000000000, -6.982962677686266711E-15 ) ) ;
#143 = CARTESIAN_POINT ( 'NONE',  ( -8.537111485949239409, -24.91950303194786542, 25.57723921869970596 ) ) ;
#144 = FACE_OUTER_BOUND ( 'NONE', #1161, .T. ) ;
#145 = VERTEX_POINT ( 'NONE', #3415 ) ;
#146 = CARTESIAN_POINT ( 'NONE',  ( -30.51171607843060229, -12.61109270742320554, 47.07364234172746364 ) ) ;
#147 = CARTESIAN_POINT ( 'NONE',  ( -22.49208095094240178, -21.27134674526756086, 40.88243433898546897 ) ) ;
#148 = EDGE_CURVE ( 'NONE', #1153, #3447, #2334, .T. ) ;
#149 = CIRCLE ( 'NONE', #554, 3.499999999999999556 ) ;
#150 = CARTESIAN_POINT ( 'NONE',  ( -34.45962095248824397, -16.61109270742295152, 10.47991665544219231 ) ) ;
#151 = EDGE_CURVE ( 'NONE', #3431, #851, #573, .T. ) ;
#152 = ORIENTED_EDGE ( 'NONE', *, *, #2169, .T. ) ;
#153 = PERSON_AND_ORGANIZATION ( #1780, #3426 ) ;
#154 = CARTESIAN_POINT ( 'NONE',  ( -41.71407300226820070, -17.35289170969774020, 56.86178570319182768 ) ) ;
#155 = CIRCLE ( 'NONE', #2682, 2.000000000000001776 ) ;
#156 = ORIENTED_EDGE ( 'NONE', *, *, #1105, .T. ) ;
#157 = VECTOR ( 'NONE', #1572, 1000.000000000000000 ) ;
#158 = CARTESIAN_POINT ( 'NONE',  ( -25.71603503329820839, -21.71380195726134943, 42.29539857164087380 ) ) ;
#159 = CYLINDRICAL_SURFACE ( 'NONE', #1447, 26.00000000000000355 ) ;
#160 = DIRECTION ( 'NONE',  ( 0.000000000000000000, -1.000000000000000000, -6.982962677686266711E-15 ) ) ;
#161 = FACE_OUTER_BOUND ( 'NONE', #458, .T. ) ;
#162 = ORIENTED_EDGE ( 'NONE', *, *, #3176, .T. ) ;
#163 = CARTESIAN_POINT ( 'NONE',  ( -38.54833361070869557, -22.61109270742304034, 22.22971136231808487 ) ) ;
#164 = CARTESIAN_POINT ( 'NONE',  ( -51.28361162489124325, -15.23047109457651871, 33.01711076344185614 ) ) ;
#165 = CARTESIAN_POINT ( 'NONE',  ( -47.01171607843064493, -21.61109270742311850, 30.57364234172736772 ) ) ;
#166 = ORIENTED_EDGE ( 'NONE', *, *, #1701, .T. ) ;
#167 = DIRECTION ( 'NONE',  ( 0.000000000000000000, -6.938893903907226800E-15, 1.000000000000000000 ) ) ;
#168 = PLANE ( 'NONE',  #1699 ) ;
#169 = AXIS2_PLACEMENT_3D ( 'NONE', #891, #656, #2866 ) ;
#170 = EDGE_CURVE ( 'NONE', #510, #860, #1445, .T. ) ;
#171 = DIRECTION ( 'NONE',  ( -1.000000000000000000, 0.000000000000000000, -0.000000000000000000 ) ) ;
#172 = ORIENTED_EDGE ( 'NONE', *, *, #2649, .F. ) ;
#173 = LINE ( 'NONE', #3498, #1086 ) ;
#174 = DIRECTION ( 'NONE',  ( -0.7071067811865474617, 4.937700262164531476E-15, -0.7071067811865474617 ) ) ;
#175 = VECTOR ( 'NONE', #1805, 1000.000000000000000 ) ;
#176 = EDGE_CURVE ( 'NONE', #3497, #42, #2696, .T. ) ;
#177 = ORIENTED_EDGE ( 'NONE', *, *, #3005, .F. ) ;
#178 = DIRECTION ( 'NONE',  ( 0.000000000000000000, 1.000000000000000000, 6.982962677686266711E-15 ) ) ;
#179 = CARTESIAN_POINT ( 'NONE',  ( 68.25000000000035527, -22.61109270742308652, 30.06192626329747597 ) ) ;
#180 = CARTESIAN_POINT ( 'NONE',  ( -33.17157287525381548, -14.52818893876847994, 52.56192626329681872 ) ) ;
#181 = CARTESIAN_POINT ( 'NONE',  ( -41.61992772841753663, -22.61109270742305810, 26.59612711813172226 ) ) ;
#182 = AXIS2_PLACEMENT_3D ( 'NONE', #3100, #316, #3 ) ;
#183 = EDGE_LOOP ( 'NONE', ( #3147, #409, #1137, #3554 ) ) ;
#184 = LINE ( 'NONE', #1695, #1411 ) ;
#185 = DIRECTION ( 'NONE',  ( 0.000000000000000000, 6.938893903907226800E-15, -1.000000000000000000 ) ) ;
#186 = LINE ( 'NONE', #1541, #1170 ) ;
#187 = ORIENTED_EDGE ( 'NONE', *, *, #3245, .F. ) ;
#188 = DIRECTION ( 'NONE',  ( 1.000000000000000000, 0.000000000000000000, 0.000000000000000000 ) ) ;
#189 = FACE_OUTER_BOUND ( 'NONE', #3581, .T. ) ;
#190 = VECTOR ( 'NONE', #2246, 1000.000000000000000 ) ;
#191 = CARTESIAN_POINT ( 'NONE',  ( -20.80944066628874367, -22.40883399279782395, 38.57674199470939413 ) ) ;
#192 = ORIENTED_EDGE ( 'NONE', *, *, #1858, .F. ) ;
#193 = COORDINATED_UNIVERSAL_TIME_OFFSET ( 8, 0, .AHEAD. ) ;
#194 = DIRECTION ( 'NONE',  ( 0.000000000000000000, -1.000000000000000000, -6.982962677686266711E-15 ) ) ;
#195 = CONICAL_SURFACE ( 'NONE', #828, 11.00000000000000000, 0.7853981633974407295 ) ;
#196 = ORIENTED_EDGE ( 'NONE', *, *, #904, .T. ) ;
#197 = DIRECTION ( 'NONE',  ( 0.000000000000000000, -6.938893903907230744E-15, 1.000000000000000000 ) ) ;
#198 = DIRECTION ( 'NONE',  ( 0.000000000000000000, 1.000000000000000000, 6.982962677686266711E-15 ) ) ;
#199 = ADVANCED_FACE ( 'NONE', ( #929 ), #3170, .T. ) ;
#200 = ORIENTED_EDGE ( 'NONE', *, *, #1197, .F. ) ;
#201 = CARTESIAN_POINT ( 'NONE',  ( -16.96135604089246840, -23.60416594825479564, 28.13262337889247888 ) ) ;
#202 = CARTESIAN_POINT ( 'NONE',  ( -26.87670034887840131, -24.21875386405142550, -1.246804971887615299 ) ) ;
#203 = ORIENTED_EDGE ( 'NONE', *, *, #3480, .T. ) ;
#204 = CARTESIAN_POINT ( 'NONE',  ( -17.23675556666661990, -22.61109270742312560, 36.21893516571615379 ) ) ;
#205 = DIRECTION ( 'NONE',  ( 0.000000000000000000, 6.938893903907222067E-15, -1.000000000000000000 ) ) ;
#206 = DIRECTION ( 'NONE',  ( 0.000000000000000000, 1.000000000000000000, 6.982962677686267499E-15 ) ) ;
#207 = ORIENTED_EDGE ( 'NONE', *, *, #2035, .T. ) ;
#208 = CIRCLE ( 'NONE', #1202, 2.099999999999997868 ) ;
#209 = ADVANCED_FACE ( 'NONE', ( #1224 ), #3149, .T. ) ;
#210 = EDGE_LOOP ( 'NONE', ( #2514, #352, #3539, #370 ) ) ;
#211 = CARTESIAN_POINT ( 'NONE',  ( -33.17157287525381548, -14.52818893876846573, 50.56192626329681161 ) ) ;
#212 = DIRECTION ( 'NONE',  ( 0.000000000000000000, -6.982962677686266711E-15, 1.000000000000000000 ) ) ;
#213 = VECTOR ( 'NONE', #160, 1000.000000000000000 ) ;
#214 = VERTEX_POINT ( 'NONE', #3399 ) ;
#215 = B_SPLINE_SURFACE_WITH_KNOTS ( 'NONE', 1, 3, ( 
 ( #1961, #1391, #2483, #1134, #224, #2776 ),
 ( #1374, #3313, #3076, #1912, #565, #513 ) ),
 .UNSPECIFIED., .F., .F., .F.,
 ( 2, 2 ),
 ( 4, 2, 4 ),
 ( 0.000000000000000000, 1.000000000000000000 ),
 ( 1.045710769551885466, 1.308253548173390346, 1.570796326794895226 ),
 .UNSPECIFIED. ) ;
#216 = CARTESIAN_POINT ( 'NONE',  ( -27.50221712534003871, -23.89678058685550255, 16.41506602144984939 ) ) ;
#217 = CARTESIAN_POINT ( 'NONE',  ( -25.59314575050801466, -16.61109270742313626, 36.96878051278919486 ) ) ;
#218 = EDGE_CURVE ( 'NONE', #711, #2345, #1981, .T. ) ;
#219 = VECTOR ( 'NONE', #1956, 1000.000000000000000 ) ;
#220 = EDGE_CURVE ( 'NONE', #724, #894, #2569, .T. ) ;
#221 = ORIENTED_EDGE ( 'NONE', *, *, #3330, .F. ) ;
#222 = CARTESIAN_POINT ( 'NONE',  ( -17.39531700877505926, -22.61109270742312205, 36.29076651692042788 ) ) ;
#223 = CARTESIAN_POINT ( 'NONE',  ( 0.000000000000000000, -22.61109270742287691, 0.06192626329676407387 ) ) ;
#224 = CARTESIAN_POINT ( 'NONE',  ( -26.53379250623526175, -22.61109270742316113, 41.68144559355117451 ) ) ;
#225 = CARTESIAN_POINT ( 'NONE',  ( -9.781480066845468002, -24.99281059873538524, 25.43482021651878711 ) ) ;
#226 = ORIENTED_EDGE ( 'NONE', *, *, #2719, .F. ) ;
#227 = CARTESIAN_POINT ( 'NONE',  ( -3.173686228836317902, -24.00514242583488311, 25.87534038345141951 ) ) ;
#228 = CARTESIAN_POINT ( 'NONE',  ( -6.250000000000005329, -23.76923890102161607, 27.81192626329675477 ) ) ;
#229 = CIRCLE ( 'NONE', #2702, 2.000000000000001776 ) ;
#230 = ORIENTED_EDGE ( 'NONE', *, *, #2713, .F. ) ;
#231 = CARTESIAN_POINT ( 'NONE',  ( -25.37123055243381842, -24.99366680375369398, 11.09179825537794706 ) ) ;
#232 = CARTESIAN_POINT ( 'NONE',  ( -25.07158845927324009, -24.39794363388428522, 6.977141498584623847 ) ) ;
#233 = AXIS2_PLACEMENT_3D ( 'NONE', #1389, #3060, #1092 ) ;
#234 = VERTEX_POINT ( 'NONE', #1783 ) ;
#235 = CARTESIAN_POINT ( 'NONE',  ( -5.656854249492327291, -16.61109270742283783, -5.594927986195583181 ) ) ;
#236 = CARTESIAN_POINT ( 'NONE',  ( -25.75629717926290496, -24.79546082680080943, 7.801996405289918002 ) ) ;
#237 = ADVANCED_FACE ( 'NONE', ( #1483 ), #1813, .T. ) ;
#238 = DIRECTION ( 'NONE',  ( 0.000000000000000000, -1.000000000000000000, -6.982962677686266711E-15 ) ) ;
#239 = ORIENTED_EDGE ( 'NONE', *, *, #467, .F. ) ;
#240 = AXIS2_PLACEMENT_3D ( 'NONE', #2955, #178, #2122 ) ;
#241 = B_SPLINE_CURVE_WITH_KNOTS ( 'NONE', 1,
 ( #3526, #2918 ),
 .UNSPECIFIED., .F., .F.,
 ( 2, 2 ),
 ( 0.000000000000000000, 1.000000000000000000 ),
 .UNSPECIFIED. ) ;
#242 = DIRECTION ( 'NONE',  ( -0.4999999999999977240, -0.7071067811865437980, -0.5000000000000077716 ) ) ;
#243 = ORIENTED_EDGE ( 'NONE', *, *, #2392, .F. ) ;
#244 = CARTESIAN_POINT ( 'NONE',  ( -34.53983463197941717, -15.22629340249434726, 51.10176089527621457 ) ) ;
#245 = CIRCLE ( 'NONE', #365, 10.99999999999998046 ) ;
#246 = DIRECTION ( 'NONE',  ( -0.7071067811865516806, -4.937700262164502288E-15, 0.7071067811865434649 ) ) ;
#247 = ORIENTED_EDGE ( 'NONE', *, *, #2870, .T. ) ;
#248 = CARTESIAN_POINT ( 'NONE',  ( -40.82050807568870709, -21.27134674526743296, 22.55400721423915655 ) ) ;
#249 = CARTESIAN_POINT ( 'NONE',  ( -25.75629717926290496, -24.79546082680081298, 7.801996405289910896 ) ) ;
#250 = ORIENTED_EDGE ( 'NONE', *, *, #487, .F. ) ;
#251 = CARTESIAN_POINT ( 'NONE',  ( -10.41799039211790578, -24.69922451634236182, 24.52154866951594059 ) ) ;
#252 = CARTESIAN_POINT ( 'NONE',  ( -11.72544507742168918, -24.66862551655944102, 24.58577591617352809 ) ) ;
#253 = CYLINDRICAL_SURFACE ( 'NONE', #1642, 2.100000000000000977 ) ;
#254 = ADVANCED_FACE ( 'NONE', ( #2630 ), #948, .F. ) ;
#255 = EDGE_CURVE ( 'NONE', #214, #3025, #2923, .T. ) ;
#256 = ADVANCED_FACE ( 'NONE', ( #2130 ), #1557, .T. ) ;
#257 = CARTESIAN_POINT ( 'NONE',  ( -66.12867965644026924, -16.61109270742324640, 52.51903304448343590 ) ) ;
#258 = ORIENTED_EDGE ( 'NONE', *, *, #3587, .F. ) ;
#259 = CARTESIAN_POINT ( 'NONE',  ( 3.264781222851958820, -24.30518578702112009, 26.77071013690092371 ) ) ;
#260 = CARTESIAN_POINT ( 'NONE',  ( -6.250000000000005329, -8.611092707423097181, 31.31192626329686135 ) ) ;
#261 = FACE_OUTER_BOUND ( 'NONE', #833, .T. ) ;
#262 = AXIS2_PLACEMENT_3D ( 'NONE', #1621, #2743, #1338 ) ;
#263 = EDGE_LOOP ( 'NONE', ( #691, #865, #815, #2439 ) ) ;
#264 = CARTESIAN_POINT ( 'NONE',  ( -25.54240694571079473, -24.90555689783916549, 8.606575496410654225 ) ) ;
#265 = DIRECTION ( 'NONE',  ( 0.000000000000000000, 6.938893903907236266E-15, -1.000000000000000000 ) ) ;
#266 = CONICAL_SURFACE ( 'NONE', #3599, 0.9999999999999940048, 0.7853981633974496113 ) ;
#267 = ORIENTED_EDGE ( 'NONE', *, *, #3301, .F. ) ;
#268 = VERTEX_POINT ( 'NONE', #1817 ) ;
#269 = CARTESIAN_POINT ( 'NONE',  ( -49.08578643762688642, -17.99229055390610199, 32.64771270092366251 ) ) ;
#270 = LOCAL_TIME ( 15, 29, 14.00000000000000000, #1548 ) ;
#271 = CARTESIAN_POINT ( 'NONE',  ( -28.07069711559590175, -23.60416594825471392, 17.02328230418891764 ) ) ;
#272 = ADVANCED_FACE ( 'NONE', ( #2389 ), #3343, .F. ) ;
#273 = CARTESIAN_POINT ( 'NONE',  ( -25.90669791516254605, -23.95574681895192981, 2.604709545416911798 ) ) ;
#274 = CARTESIAN_POINT ( 'NONE',  ( -11.97283792867776064, -24.64616791490113101, 24.63293914097323878 ) ) ;
#275 = EDGE_CURVE ( 'NONE', #1561, #2714, #1972, .T. ) ;
#276 = DIRECTION ( 'NONE',  ( 0.000000000000000000, -1.000000000000000000, -6.982962677686266711E-15 ) ) ;
#277 = ORIENTED_EDGE ( 'NONE', *, *, #2614, .T. ) ;
#278 = CARTESIAN_POINT ( 'NONE',  ( -7.113704135908529125, -24.69798699507061102, 26.00759169555339767 ) ) ;
#279 = CARTESIAN_POINT ( 'NONE',  ( -2.539909603840645236, -23.97115818776810059, 25.93952308731871881 ) ) ;
#280 = CARTESIAN_POINT ( 'NONE',  ( -50.50000000000000000, -14.52818893876811224, 0.06192626329681958502 ) ) ;
#281 = CC_DESIGN_DATE_AND_TIME_ASSIGNMENT ( #2157, #3540, ( #1567 ) ) ;
#282 = VECTOR ( 'NONE', #3532, 1000.000000000000000 ) ;
#283 = EDGE_CURVE ( 'NONE', #704, #3358, #2991, .T. ) ;
#284 = ORIENTED_EDGE ( 'NONE', *, *, #1925, .T. ) ;
#285 = DIRECTION ( 'NONE',  ( -0.7071067811865519026, 3.469446951953614189E-15, -0.7071067811865432429 ) ) ;
#286 = CARTESIAN_POINT ( 'NONE',  ( -25.95733992192069195, -23.98583081323093680, 15.74612765926517532 ) ) ;
#287 = VECTOR ( 'NONE', #1487, 1000.000000000000000 ) ;
#288 = ORIENTED_EDGE ( 'NONE', *, *, #3388, .F. ) ;
#289 = PLANE ( 'NONE',  #2920 ) ;
#290 = ORIENTED_EDGE ( 'NONE', *, *, #3368, .F. ) ;
#291 = CARTESIAN_POINT ( 'NONE',  ( -23.34581534308895101, -22.61109270742315047, 39.28205582792053008 ) ) ;
#292 = AXIS2_PLACEMENT_3D ( 'NONE', #3348, #1958, #1941 ) ;
#293 = CARTESIAN_POINT ( 'NONE',  ( -27.48189381907833351, -23.90724163565032256, 16.43450477567426660 ) ) ;
#294 = DIRECTION ( 'NONE',  ( 0.7071067811865434649, 5.011423375044092467E-15, -0.7071067811865515695 ) ) ;
#295 = EDGE_LOOP ( 'NONE', ( #889, #3251, #642, #2249 ) ) ;
#296 = FACE_OUTER_BOUND ( 'NONE', #1228, .T. ) ;
#297 = VECTOR ( 'NONE', #3531, 999.9999999999998863 ) ;
#298 = LINE ( 'NONE', #2521, #1352 ) ;
#299 = VERTEX_POINT ( 'NONE', #2107 ) ;
#300 = FACE_OUTER_BOUND ( 'NONE', #210, .T. ) ;
#301 = CARTESIAN_POINT ( 'NONE',  ( -16.49208095094236626, -22.61109270742312560, 35.88243433898547607 ) ) ;
#302 = CARTESIAN_POINT ( 'NONE',  ( -42.02336132489562459, -21.75152159678341235, 25.55264618033665158 ) ) ;
#303 = ORIENTED_EDGE ( 'NONE', *, *, #1470, .F. ) ;
#304 = DIRECTION ( 'NONE',  ( 0.000000000000000000, 6.982962677686266711E-15, -1.000000000000000000 ) ) ;
#305 = DIRECTION ( 'NONE',  ( -0.000000000000000000, 1.000000000000000000, 6.982962677686266711E-15 ) ) ;
#306 = CARTESIAN_POINT ( 'NONE',  ( -51.79269750524876059, -11.39370174566800742, 40.74528269384157397 ) ) ;
#307 = EDGE_CURVE ( 'NONE', #401, #3497, #2647, .T. ) ;
#308 = ORIENTED_EDGE ( 'NONE', *, *, #3550, .T. ) ;
#309 = CARTESIAN_POINT ( 'NONE',  ( -50.29279938559077578, -15.49109870312947912, 33.85472564888632974 ) ) ;
#310 = ORIENTED_EDGE ( 'NONE', *, *, #2229, .F. ) ;
#311 = CARTESIAN_POINT ( 'NONE',  ( -22.05439731040259943, -22.61109270742315047, 38.54862767830906733 ) ) ;
#312 = CARTESIAN_POINT ( 'NONE',  ( 0.000000000000000000, -16.61109270742306521, 27.06192626329678674 ) ) ;
#313 = ORIENTED_EDGE ( 'NONE', *, *, #2822, .T. ) ;
#314 = DIRECTION ( 'NONE',  ( 0.000000000000000000, -1.000000000000000000, -6.982962677686266711E-15 ) ) ;
#315 = ORIENTED_EDGE ( 'NONE', *, *, #2619, .F. ) ;
#316 = DIRECTION ( 'NONE',  ( -0.000000000000000000, 1.000000000000000000, 6.982962677686266711E-15 ) ) ;
#317 = DIRECTION ( 'NONE',  ( 0.5000000000000006661, -0.7071067811865446862, 0.5000000000000032196 ) ) ;
#318 = CARTESIAN_POINT ( 'NONE',  ( -41.57229123749167599, -21.83398460810711228, 25.05157628606997022 ) ) ;
#319 = ORIENTED_EDGE ( 'NONE', *, *, #2625, .T. ) ;
#320 = FACE_OUTER_BOUND ( 'NONE', #3397, .T. ) ;
#321 = CARTESIAN_POINT ( 'NONE',  ( -24.47133766364288476, -24.69364603094450317, 11.14073829198736831 ) ) ;
#322 = CARTESIAN_POINT ( 'NONE',  ( -17.13725676193205771, -23.50415149452604524, 27.90524205390143209 ) ) ;
#323 = VECTOR ( 'NONE', #2850, 1000.000000000000000 ) ;
#324 = EDGE_CURVE ( 'NONE', #428, #1719, #713, .T. ) ;
#325 = ORIENTED_EDGE ( 'NONE', *, *, #1723, .F. ) ;
#326 = CARTESIAN_POINT ( 'NONE',  ( -50.85914485358692616, -15.90063683586264887, 34.42107111688373067 ) ) ;
#327 = CARTESIAN_POINT ( 'NONE',  ( -35.50000000000001421, -8.611092707423170012, 41.56192626329686846 ) ) ;
#328 = CARTESIAN_POINT ( 'NONE',  ( -22.28713675720813825, -22.61109270742314692, 38.67518695098426917 ) ) ;
#329 = CARTESIAN_POINT ( 'NONE',  ( -51.75000000000007816, -22.61109270742334942, 67.48349913855048499 ) ) ;
#330 = EDGE_CURVE ( 'NONE', #3044, #2044, #1316, .T. ) ;
#331 = ORIENTED_EDGE ( 'NONE', *, *, #60, .F. ) ;
#332 = AXIS2_PLACEMENT_3D ( 'NONE', #1126, #1993, #3167 ) ;
#333 = CARTESIAN_POINT ( 'NONE',  ( -16.49208095094236270, -22.61109270742312560, 35.88243433898547607 ) ) ;
#334 = CIRCLE ( 'NONE', #390, 9.000000000000021316 ) ;
#335 = ORIENTED_EDGE ( 'NONE', *, *, #2190, .T. ) ;
#336 = CARTESIAN_POINT ( 'NONE',  ( -1.273105453523052377, -23.91874582583927022, 26.03850609374406844 ) ) ;
#337 = CARTESIAN_POINT ( 'NONE',  ( -40.82516908751173190, -21.97606364452664707, 24.15804839566167317 ) ) ;
#338 = ORIENTED_EDGE ( 'NONE', *, *, #3270, .F. ) ;
#339 = LINE ( 'NONE', #375, #3516 ) ;
#340 = CARTESIAN_POINT ( 'NONE',  ( -25.54317146798345206, -24.18310629181134530, 15.01284711973914732 ) ) ;
#341 = CARTESIAN_POINT ( 'NONE',  ( -9.929125190105077436, -24.69922941927673676, 24.52154721578488150 ) ) ;
#342 = ORIENTED_EDGE ( 'NONE', *, *, #218, .T. ) ;
#343 = CARTESIAN_POINT ( 'NONE',  ( -50.49999999999516120, -14.77502805752446235, 34.06192626329195150 ) ) ;
#344 = CARTESIAN_POINT ( 'NONE',  ( -34.45962095248824397, -8.611092707422951520, 10.47991665544224738 ) ) ;
#345 = CARTESIAN_POINT ( 'NONE',  ( -31.25000000000034817, -17.61109270742312916, 38.31192626329678319 ) ) ;
#346 = DIRECTION ( 'NONE',  ( 0.000000000000000000, -0.7071067811865425767, -0.7071067811865524577 ) ) ;
#347 = ORIENTED_EDGE ( 'NONE', *, *, #1247, .T. ) ;
#348 = APPROVAL ( #449, 'æœª' ) ;
#349 = VECTOR ( 'NONE', #775, 1000.000000000000000 ) ;
#350 = EDGE_CURVE ( 'NONE', #1153, #2576, #2339, .T. ) ;
#351 = CARTESIAN_POINT ( 'NONE',  ( -27.38855314062280755, -17.61109270742298349, 17.55098446730769979 ) ) ;
#352 = ORIENTED_EDGE ( 'NONE', *, *, #2282, .F. ) ;
#353 = DIRECTION ( 'NONE',  ( 0.000000000000000000, -1.000000000000000000, -6.982962677686266711E-15 ) ) ;
#354 = DIRECTION ( 'NONE',  ( 0.000000000000000000, 6.938893903907236266E-15, -1.000000000000000000 ) ) ;
#355 = VERTEX_POINT ( 'NONE', #3014 ) ;
#356 = CARTESIAN_POINT ( 'NONE',  ( -10.41799039214576261, -8.611092707423047443, 24.52154721578499164 ) ) ;
#357 = CARTESIAN_POINT ( 'NONE',  ( -52.50000000000000711, -9.611092707423111392, 33.23349913855065552 ) ) ;
#358 = CARTESIAN_POINT ( 'NONE',  ( -8.470707126801380937, -24.61387690629108960, 24.70073713574685570 ) ) ;
#359 = EDGE_CURVE ( 'NONE', #1648, #2176, #1521, .T. ) ;
#360 = ORIENTED_EDGE ( 'NONE', *, *, #2547, .F. ) ;
#361 = DIRECTION ( 'NONE',  ( 0.7071067811865512365, 4.937700262164505444E-15, -0.7071067811865439090 ) ) ;
#362 = DIRECTION ( 'NONE',  ( 0.000000000000000000, -1.000000000000000000, -6.982962677686266711E-15 ) ) ;
#363 = CARTESIAN_POINT ( 'NONE',  ( -23.01611197776674800, -22.61109270742316113, 39.08894448033160529 ) ) ;
#364 = DIRECTION ( 'NONE',  ( -0.000000000000000000, -1.000000000000000000, -6.982962677686266711E-15 ) ) ;
#365 = AXIS2_PLACEMENT_3D ( 'NONE', #2340, #41, #2283 ) ;
#366 = ORIENTED_EDGE ( 'NONE', *, *, #1400, .T. ) ;
#367 = FACE_OUTER_BOUND ( 'NONE', #2808, .T. ) ;
#368 = ADVANCED_FACE ( 'NONE', ( #3472 ), #1059, .T. ) ;
#369 = DIRECTION ( 'NONE',  ( -0.7071067811865515695, -4.937700262164502288E-15, 0.7071067811865435759 ) ) ;
#370 = ORIENTED_EDGE ( 'NONE', *, *, #16, .F. ) ;
#371 = APPROVAL_DATE_TIME ( #116, #348 ) ;
#372 = PLANE ( 'NONE',  #743 ) ;
#373 = ADVANCED_FACE ( 'NONE', ( #3319 ), #1124, .F. ) ;
#374 = EDGE_LOOP ( 'NONE', ( #1605, #2898, #1731, #2387, #1799 ) ) ;
#375 = CARTESIAN_POINT ( 'NONE',  ( -51.04289321881354624, -16.61109270742333877, 66.19060591973708085 ) ) ;
#376 = FACE_OUTER_BOUND ( 'NONE', #119, .T. ) ;
#377 = CARTESIAN_POINT ( 'NONE',  ( -4.750995821583435585, -23.76923890102161963, 27.81192626329675122 ) ) ;
#378 = EDGE_LOOP ( 'NONE', ( #525, #1803, #2950, #771, #3546, #998, #1848, #1117, #1451, #3071, #721, #1990, #611, #290 ) ) ;
#379 = CARTESIAN_POINT ( 'NONE',  ( -36.69302942835818016, -22.61109270742300126, 18.47393759652323553 ) ) ;
#380 = DIRECTION ( 'NONE',  ( 0.7071067811865457964, -4.937700262164543309E-15, 0.7071067811865492381 ) ) ;
#381 = LINE ( 'NONE', #2962, #408 ) ;
#382 = ORIENTED_EDGE ( 'NONE', *, *, #1351, .F. ) ;
#383 = CARTESIAN_POINT ( 'NONE',  ( 0.000000000000000000, -14.52818893876845152, 48.56192626329681161 ) ) ;
#384 = AXIS2_PLACEMENT_3D ( 'NONE', #1083, #1101, #2471 ) ;
#385 = CARTESIAN_POINT ( 'NONE',  ( 8.250000000000174083, -22.61109270742293376, 8.311926263297021222 ) ) ;
#386 = ORIENTED_EDGE ( 'NONE', *, *, #52, .T. ) ;
#387 = COORDINATED_UNIVERSAL_TIME_OFFSET ( 8, 0, .AHEAD. ) ;
#388 = PLANE ( 'NONE',  #3367 ) ;
#389 = AXIS2_PLACEMENT_3D ( 'NONE', #1346, #3335, #490 ) ;
#390 = AXIS2_PLACEMENT_3D ( 'NONE', #2066, #1259, #3504 ) ;
#391 = ORIENTED_EDGE ( 'NONE', *, *, #3246, .F. ) ;
#392 = CARTESIAN_POINT ( 'NONE',  ( -26.02405320044508841, -21.66162979581728720, 42.58952827939157970 ) ) ;
#393 = CARTESIAN_POINT ( 'NONE',  ( -33.17157287525381548, -9.611092707423230408, 50.56192626329684714 ) ) ;
#394 = CARTESIAN_POINT ( 'NONE',  ( 0.000000000000000000, -16.61109270742316113, 40.56192626329681161 ) ) ;
#395 = CC_DESIGN_PERSON_AND_ORGANIZATION_ASSIGNMENT ( #722, #2416, ( #2181 ) ) ;
#396 = EDGE_CURVE ( 'NONE', #2202, #2159, #1492, .T. ) ;
#397 = ORIENTED_EDGE ( 'NONE', *, *, #3387, .T. ) ;
#398 = CARTESIAN_POINT ( 'NONE',  ( -37.60959110714692599, -22.61109270742301547, 20.40889497144858922 ) ) ;
#399 = CARTESIAN_POINT ( 'NONE',  ( -17.48905820401120437, -8.611092707423068759, 27.45047940391947350 ) ) ;
#400 = CARTESIAN_POINT ( 'NONE',  ( -51.75000000000007816, -9.611092707423335213, 65.48349913855055604 ) ) ;
#401 = VERTEX_POINT ( 'NONE', #248 ) ;
#402 = FACE_OUTER_BOUND ( 'NONE', #2005, .T. ) ;
#403 = DIRECTION ( 'NONE',  ( 0.000000000000000000, -1.000000000000000000, -6.982962677686266711E-15 ) ) ;
#404 = AXIS2_PLACEMENT_3D ( 'NONE', #1200, #3070, #2804 ) ;
#405 = CARTESIAN_POINT ( 'NONE',  ( -22.30370973060010087, -22.24106248238175354, 39.57456040672698094 ) ) ;
#406 = ORIENTED_EDGE ( 'NONE', *, *, #2859, .F. ) ;
#407 = PLANE ( 'NONE',  #1146 ) ;
#408 = VECTOR ( 'NONE', #1802, 999.9999999999998863 ) ;
#409 = ORIENTED_EDGE ( 'NONE', *, *, #1329, .T. ) ;
#410 = DIRECTION ( 'NONE',  ( 0.000000000000000000, -6.938893903907222067E-15, 1.000000000000000000 ) ) ;
#411 = DIRECTION ( 'NONE',  ( 4.793750159930905464E-15, 0.8891264907159942554, -0.4576615381557216367 ) ) ;
#412 = DIRECTION ( 'NONE',  ( -0.5000000000000026645, -0.7071067811865506814, 0.4999999999999928391 ) ) ;
#413 = VECTOR ( 'NONE', #61, 1000.000000000000000 ) ;
#414 = B_SPLINE_CURVE_WITH_KNOTS ( 'NONE', 3,
 ( #983, #2047, #726, #2956 ),
 .UNSPECIFIED., .F., .F.,
 ( 4, 4 ),
 ( 0.000000000000000000, 0.5000000000000000000 ),
 .UNSPECIFIED. ) ;
#415 = ADVANCED_FACE ( 'NONE', ( #812 ), #1088, .F. ) ;
#416 = ORIENTED_EDGE ( 'NONE', *, *, #3176, .F. ) ;
#417 = CARTESIAN_POINT ( 'NONE',  ( -32.91706725564242930, -20.94347360537619807, 49.47899351893921249 ) ) ;
#418 = CARTESIAN_POINT ( 'NONE',  ( -14.25837414851291030, -24.59077918443468747, 26.21587073257312994 ) ) ;
#419 = CARTESIAN_POINT ( 'NONE',  ( -26.30025253169454658, -8.611092707423130932, 36.26167373160271268 ) ) ;
#420 = ADVANCED_FACE ( 'NONE', ( #3307 ), #1323, .T. ) ;
#421 = CONICAL_SURFACE ( 'NONE', #1355, 5.999999999999998224, 0.7853981633974471688 ) ;
#422 = EDGE_LOOP ( 'NONE', ( #2910, #2737, #12, #2721 ) ) ;
#423 = CARTESIAN_POINT ( 'NONE',  ( 35.50000000000000711, -9.611092707423161130, 40.56192626329686135 ) ) ;
#424 = AXIS2_PLACEMENT_3D ( 'NONE', #385, #2076, #662 ) ;
#425 = CARTESIAN_POINT ( 'NONE',  ( -43.67957864020588943, -15.61109270742329791, 60.24150490350258735 ) ) ;
#426 = B_SPLINE_CURVE_WITH_KNOTS ( 'NONE', 3,
 ( #2019, #3133, #3113, #819, #2241, #2534, #604, #893, #293, #271 ),
 .UNSPECIFIED., .F., .F.,
 ( 4, 2, 2, 2, 4 ),
 ( 0.000000000000000000, 0.2500000000000000000, 0.5000000000000000000, 0.7500000000000000000, 1.000000000000000000 ),
 .UNSPECIFIED. ) ;
#427 = CARTESIAN_POINT ( 'NONE',  ( -20.12124649527371645, -22.46848904294792604, 38.13404981634035806 ) ) ;
#428 = VERTEX_POINT ( 'NONE', #900 ) ;
#429 = PERSON_AND_ORGANIZATION_ROLE ( 'creator' ) ;
#430 = PLANE ( 'NONE',  #848 ) ;
#431 = ORIENTED_EDGE ( 'NONE', *, *, #3321, .F. ) ;
#432 = CARTESIAN_POINT ( 'NONE',  ( -24.89556677395158957, -21.84919787434724014, 41.55263150196840627 ) ) ;
#433 = CARTESIAN_POINT ( 'NONE',  ( -31.25000000000000000, -19.61109270742294797, 9.811926263296781414 ) ) ;
#434 = CARTESIAN_POINT ( 'NONE',  ( -51.75000000000007816, -15.61109270742334942, 67.48349913855052762 ) ) ;
#435 = LINE ( 'NONE', #75, #3477 ) ;
#436 = EDGE_CURVE ( 'NONE', #1781, #541, #632, .T. ) ;
#437 = ORIENTED_EDGE ( 'NONE', *, *, #3198, .T. ) ;
#438 = CARTESIAN_POINT ( 'NONE',  ( -37.13321816189665014, -22.61109270742300836, 19.41851018150490660 ) ) ;
#439 = CARTESIAN_POINT ( 'NONE',  ( 8.250000000000174083, -9.611092707422937309, 8.311926263297110040 ) ) ;
#440 = CARTESIAN_POINT ( 'NONE',  ( -35.82050807568872131, -22.61109270742299415, 16.55400721423909260 ) ) ;
#441 = EDGE_CURVE ( 'NONE', #2572, #2802, #1238, .T. ) ;
#442 = EDGE_LOOP ( 'NONE', ( #1319, #2383, #1573, #56 ) ) ;
#443 = PLANE ( 'NONE',  #583 ) ;
#444 = CARTESIAN_POINT ( 'NONE',  ( -18.61076150457757095, -22.61109270742313271, 37.64800146701479377 ) ) ;
#445 = EDGE_CURVE ( 'NONE', #2100, #401, #2114, .T. ) ;
#446 = CIRCLE ( 'NONE', #500, 3.000000000000002665 ) ;
#447 = DIRECTION ( 'NONE',  ( 0.000000000000000000, -1.000000000000000000, -6.982962677686266711E-15 ) ) ;
#448 = ORIENTED_EDGE ( 'NONE', *, *, #1632, .F. ) ;
#449 = APPROVAL_STATUS ( 'not_yet_approved' ) ;
#450 = CARTESIAN_POINT ( 'NONE',  ( -33.17157287525381548, -22.61109270742324284, 52.56192626329676187 ) ) ;
#451 = AXIS2_PLACEMENT_3D ( 'NONE', #450, #194, #1531 ) ;
#452 = VERTEX_POINT ( 'NONE', #3143 ) ;
#453 = VECTOR ( 'NONE', #1986, 1000.000000000000114 ) ;
#454 = FACE_OUTER_BOUND ( 'NONE', #939, .T. ) ;
#455 = DIRECTION ( 'NONE',  ( -6.938893903907222067E-15, -6.938893903907222067E-15, 1.000000000000000000 ) ) ;
#456 = DIRECTION ( 'NONE',  ( 0.000000000000000000, 0.2773500981126053588, 0.9607689228305255069 ) ) ;
#457 = CYLINDRICAL_SURFACE ( 'NONE', #2149, 2.000000000000001776 ) ;
#458 = EDGE_LOOP ( 'NONE', ( #2273, #3345, #152, #2316 ) ) ;
#459 = CARTESIAN_POINT ( 'NONE',  ( -36.68727729378100122, -22.61109270742300126, 18.46144770931095280 ) ) ;
#460 = CARTESIAN_POINT ( 'NONE',  ( -18.56168710570483782, -22.50028967603670438, 37.60710613462306640 ) ) ;
#461 = DIRECTION ( 'NONE',  ( 0.000000000000000000, -1.000000000000000000, -6.982962677686266711E-15 ) ) ;
#462 = VERTEX_POINT ( 'NONE', #651 ) ;
#463 = CARTESIAN_POINT ( 'NONE',  ( 0.000000000000000000, -21.27134674526756086, 40.88243433898546897 ) ) ;
#464 = AXIS2_PLACEMENT_3D ( 'NONE', #1015, #3324, #2156 ) ;
#465 = CARTESIAN_POINT ( 'NONE',  ( -57.23970497916915434, -16.42707160992508264, 40.80163124246601569 ) ) ;
#466 = ORIENTED_EDGE ( 'NONE', *, *, #283, .F. ) ;
#467 = EDGE_CURVE ( 'NONE', #2352, #3592, #715, .T. ) ;
#468 = FACE_OUTER_BOUND ( 'NONE', #2875, .T. ) ;
#469 = AXIS2_PLACEMENT_3D ( 'NONE', #643, #991, #2113 ) ;
#470 = ORIENTED_EDGE ( 'NONE', *, *, #587, .F. ) ;
#471 = AXIS2_PLACEMENT_3D ( 'NONE', #1558, #1838, #1282 ) ;
#472 = CARTESIAN_POINT ( 'NONE',  ( -23.44782396324596974, -22.07519432256086489, 40.39079294181959767 ) ) ;
#473 = CARTESIAN_POINT ( 'NONE',  ( -39.08072282205282733, -22.31864903149701718, 21.72914640069062031 ) ) ;
#474 = DIRECTION ( 'NONE',  ( 0.2672612419124222316, 0.9258200997725546388, -0.2672612419124156813 ) ) ;
#475 = CARTESIAN_POINT ( 'NONE',  ( -32.58578643762687221, -17.99229055390621212, 49.14771270092367672 ) ) ;
#476 = ORIENTED_EDGE ( 'NONE', *, *, #2600, .T. ) ;
#477 = CARTESIAN_POINT ( 'NONE',  ( -25.81341412015468961, -24.00514242583468061, -3.111759965539347750 ) ) ;
#478 = EDGE_CURVE ( 'NONE', #2000, #1719, #1115, .T. ) ;
#479 = VERTEX_POINT ( 'NONE', #3123 ) ;
#480 = DIRECTION ( 'NONE',  ( 0.000000000000000000, -1.000000000000000000, -6.982962677686266711E-15 ) ) ;
#481 = CYLINDRICAL_SURFACE ( 'NONE', #1619, 2.000000000000001776 ) ;
#482 = FACE_OUTER_BOUND ( 'NONE', #3236, .T. ) ;
#483 = VERTEX_POINT ( 'NONE', #2622 ) ;
#484 = CARTESIAN_POINT ( 'NONE',  ( -31.25000000000000000, -19.61109270742292310, 6.311926263296782302 ) ) ;
#485 = AXIS2_PLACEMENT_3D ( 'NONE', #2835, #57, #1173 ) ;
#486 = EDGE_CURVE ( 'NONE', #2345, #711, #1604, .T. ) ;
#487 = EDGE_CURVE ( 'NONE', #1191, #2022, #84, .T. ) ;
#488 = VERTEX_POINT ( 'NONE', #2880 ) ;
#489 = CARTESIAN_POINT ( 'NONE',  ( -4.559437695466069584, -24.40371818742766408, 26.57928533911613300 ) ) ;
#490 = DIRECTION ( 'NONE',  ( -1.000000000000000000, -0.000000000000000000, 0.000000000000000000 ) ) ;
#491 = CARTESIAN_POINT ( 'NONE',  ( -40.50000000000000711, -16.61109270742316113, 40.56192626329681161 ) ) ;
#492 = EDGE_CURVE ( 'NONE', #704, #1795, #1777, .T. ) ;
#493 = ORIENTED_EDGE ( 'NONE', *, *, #2204, .F. ) ;
#494 = CARTESIAN_POINT ( 'NONE',  ( -26.90072536783049983, -24.20638742660676712, 0.06192626329672244051 ) ) ;
#495 = CARTESIAN_POINT ( 'NONE',  ( -24.88750402124151506, -24.49541746561461153, 7.586030435401708516 ) ) ;
#496 = ORIENTED_EDGE ( 'NONE', *, *, #3495, .F. ) ;
#497 = DIRECTION ( 'NONE',  ( 0.7071067811865455743, 5.011423375044107456E-15, -0.7071067811865493491 ) ) ;
#498 = LINE ( 'NONE', #2242, #3508 ) ;
#499 = CARTESIAN_POINT ( 'NONE',  ( -17.48905820401120081, -23.30412258706858708, 27.45047940391937757 ) ) ;
#500 = AXIS2_PLACEMENT_3D ( 'NONE', #1577, #364, #1874 ) ;
#501 = EDGE_LOOP ( 'NONE', ( #1019, #542, #1820, #2601 ) ) ;
#502 = CARTESIAN_POINT ( 'NONE',  ( -31.77708094311284270, -16.08544462334839054, 49.86468029722890805 ) ) ;
#503 = FACE_OUTER_BOUND ( 'NONE', #2906, .T. ) ;
#504 = EDGE_CURVE ( 'NONE', #876, #1395, #2602, .T. ) ;
#505 = ORIENTED_EDGE ( 'NONE', *, *, #3019, .F. ) ;
#506 = CARTESIAN_POINT ( 'NONE',  ( -24.86988964452556772, -24.50380751145897307, 13.35031278841183244 ) ) ;
#507 = CARTESIAN_POINT ( 'NONE',  ( -31.25000000000034817, -8.611092707423097181, 31.31192626329686135 ) ) ;
#508 = EDGE_CURVE ( 'NONE', #2044, #1955, #2899, .T. ) ;
#509 = VECTOR ( 'NONE', #1552, 1000.000000000000000 ) ;
#510 = VERTEX_POINT ( 'NONE', #3087 ) ;
#511 = CARTESIAN_POINT ( 'NONE',  ( -40.50000000000000711, -9.611092707422878689, 0.06192626329685427949 ) ) ;
#512 = CARTESIAN_POINT ( 'NONE',  ( -49.50000000000000000, -8.611092707422878689, 0.06192626329686121839 ) ) ;
#513 = CARTESIAN_POINT ( 'NONE',  ( -26.31783724519563705, -21.61109270742317534, 42.87976350849248774 ) ) ;
#514 = EDGE_CURVE ( 'NONE', #2095, #3050, #339, .T. ) ;
#515 = DIRECTION ( 'NONE',  ( -0.000000000000000000, 1.000000000000000000, 6.982962677686266711E-15 ) ) ;
#516 = VERTEX_POINT ( 'NONE', #1458 ) ;
#517 = CARTESIAN_POINT ( 'NONE',  ( 7.524104172105126942, -24.49541746561479272, 24.94943028453822009 ) ) ;
#518 = CARTESIAN_POINT ( 'NONE',  ( -39.58304597993990370, -22.61109270742304389, 23.98762173269453868 ) ) ;
#519 = ORIENTED_EDGE ( 'NONE', *, *, #1107, .T. ) ;
#520 = CARTESIAN_POINT ( 'NONE',  ( -25.98159277291164670, -23.97428322781048493, 15.80205520168303401 ) ) ;
#521 = CARTESIAN_POINT ( 'NONE',  ( -25.07158845927324720, -24.39794363388418574, -6.853288971991111644 ) ) ;
#522 = CONICAL_SURFACE ( 'NONE', #1402, 3.000000000000002665, 0.7853981633974498333 ) ;
#523 = ADVANCED_FACE ( 'NONE', ( #1218 ), #2240, .T. ) ;
#524 = ADVANCED_FACE ( 'NONE', ( #2308 ), #3448, .T. ) ;
#525 = ORIENTED_EDGE ( 'NONE', *, *, #2442, .F. ) ;
#526 = CARTESIAN_POINT ( 'NONE',  ( -19.31772933517066093, -22.61109270742314337, 37.17680333382173785 ) ) ;
#527 = ADVANCED_FACE ( 'NONE', ( #27 ), #2472, .F. ) ;
#528 = FACE_OUTER_BOUND ( 'NONE', #600, .T. ) ;
#529 = CARTESIAN_POINT ( 'NONE',  ( -19.05315721222243042, -22.54060830824241535, 37.46041348298019358 ) ) ;
#530 = CIRCLE ( 'NONE', #1178, 5.999999999999998224 ) ;
#531 = DIRECTION ( 'NONE',  ( -0.7071067811865435759, -4.937700262164559875E-15, 0.7071067811865515695 ) ) ;
#532 = ORIENTED_EDGE ( 'NONE', *, *, #1858, .T. ) ;
#533 = CARTESIAN_POINT ( 'NONE',  ( -33.95754514490761267, -15.02292019477315499, 50.51947140820441717 ) ) ;
#534 = VECTOR ( 'NONE', #2615, 1000.000000000000000 ) ;
#535 = CARTESIAN_POINT ( 'NONE',  ( -28.07069711559590175, -23.60416594825471392, 17.02328230418891764 ) ) ;
#536 = APPLICATION_CONTEXT ( 'configuration controlled 3d designs of mechanical parts and assemblies' ) ;
#537 = ORIENTED_EDGE ( 'NONE', *, *, #1107, .F. ) ;
#538 = CARTESIAN_POINT ( 'NONE',  ( -24.88750402124152217, -24.49541746561460798, 7.586030435401715621 ) ) ;
#539 = LINE ( 'NONE', #2476, #932 ) ;
#540 = B_SPLINE_CURVE_WITH_KNOTS ( 'NONE', 3,
 ( #706, #1240, #2900, #3202, #2348, #3184, #689, #1811, #1535, #2660, #139, #2385, #1832, #1000, #2123, #3238, #2142, #2421, #1872, #1294, #3255, #1598, #3524, #2717, #747, #2994, #1021, #473, #13, #3110, #2293, #1996, #2568, #1760, #1148 ),
 .UNSPECIFIED., .F., .F.,
 ( 4, 2, 2, 1, 1, 1, 2, 2, 2, 1, 1, 1, 1, 2, 2, 2, 1, 1, 1, 1, 2, 2, 4 ),
 ( 0.000000000000000000, 0.1249999999999969746, 0.1874999999999959477, 0.2187499999999960310, 0.2343749999999961142, 0.2421874999999968359, 0.2460937499999966138, 0.2499999999999963918, 0.3749999999999800715, 0.4374999999999711897, 0.4687499999999655831, 0.4843749999999634737, 0.4921874999999629186, 0.4960937499999629186, 0.4999999999999628630, 0.6249999999999752420, 0.6874999999999806821, 0.7187499999999829026, 0.7343749999999841238, 0.7421874999999839018, 0.7460937499999850120, 0.7499999999999861222, 1.000000000000000000 ),
 .UNSPECIFIED. ) ;
#541 = VERTEX_POINT ( 'NONE', #1720 ) ;
#542 = ORIENTED_EDGE ( 'NONE', *, *, #2373, .T. ) ;
#543 = CARTESIAN_POINT ( 'NONE',  ( -16.98352982827378099, -22.61109270742312560, 36.10437294792822627 ) ) ;
#544 = CARTESIAN_POINT ( 'NONE',  ( -49.49999999999999289, -16.26023974633720925, 31.23349913855058446 ) ) ;
#545 = EDGE_CURVE ( 'NONE', #1875, #1407, #3376, .T. ) ;
#546 = DIRECTION ( 'NONE',  ( -0.7071067811865515695, 4.937700262164502288E-15, -0.7071067811865434649 ) ) ;
#547 = CARTESIAN_POINT ( 'NONE',  ( -9.281425094288930921, -24.67320357742449488, 24.57617945773809964 ) ) ;
#548 = ADVANCED_FACE ( 'NONE', ( #320 ), #421, .F. ) ;
#549 = CARTESIAN_POINT ( 'NONE',  ( -31.25000000000034817, -16.61109270742309718, 31.31192626329680451 ) ) ;
#550 = EDGE_LOOP ( 'NONE', ( #3403, #2751, #595, #3035, #2513 ) ) ;
#551 = CARTESIAN_POINT ( 'NONE',  ( -32.28660864290130661, -15.83048883028806841, 50.11944414712085205 ) ) ;
#552 = DIRECTION ( 'NONE',  ( 0.000000000000000000, 6.608470384673557335E-15, -1.000000000000000000 ) ) ;
#553 = CARTESIAN_POINT ( 'NONE',  ( -31.25000000000000000, -26.39144727796449530, 6.311926263296734341 ) ) ;
#554 = AXIS2_PLACEMENT_3D ( 'NONE', #911, #1002, #2976 ) ;
#555 = ORIENTED_EDGE ( 'NONE', *, *, #2719, .T. ) ;
#556 = CARTESIAN_POINT ( 'NONE',  ( -26.00000000000000355, -23.90634406542056922, 0.06192626329673631830 ) ) ;
#557 = CARTESIAN_POINT ( 'NONE',  ( -52.45710678118663850, -16.61109270742333877, 66.19060591973708085 ) ) ;
#558 = AXIS2_PLACEMENT_3D ( 'NONE', #553, #1920, #2782 ) ;
#559 = VERTEX_POINT ( 'NONE', #3183 ) ;
#560 = FACE_OUTER_BOUND ( 'NONE', #3073, .T. ) ;
#561 = ORIENTED_EDGE ( 'NONE', *, *, #3005, .T. ) ;
#562 = FACE_OUTER_BOUND ( 'NONE', #934, .T. ) ;
#563 = VECTOR ( 'NONE', #3120, 1000.000000000000114 ) ;
#564 = CARTESIAN_POINT ( 'NONE',  ( -30.00000000000000000, -22.61109270742294441, 9.581100470952257808 ) ) ;
#565 = CARTESIAN_POINT ( 'NONE',  ( -25.85006537644507318, -21.69211661351915765, 42.41195189733669935 ) ) ;
#566 = CARTESIAN_POINT ( 'NONE',  ( -18.42011104802753607, -22.57110521973532613, 37.06709347820995504 ) ) ;
#567 = EDGE_CURVE ( 'NONE', #3393, #1955, #2121, .T. ) ;
#568 = CARTESIAN_POINT ( 'NONE',  ( -36.38660629896946119, -22.61109270742300126, 17.80458651286453886 ) ) ;
#569 = EDGE_LOOP ( 'NONE', ( #537, #3558, #1157, #2185 ) ) ;
#570 = CARTESIAN_POINT ( 'NONE',  ( 19.58291019089022811, -42.41465609678442661, -8.411642852889992028 ) ) ;
#571 = CARTESIAN_POINT ( 'NONE',  ( -19.46825564439684797, -22.51926899352932310, 37.71822471062894522 ) ) ;
#572 = CARTESIAN_POINT ( 'NONE',  ( -38.50816766360424026, -17.58050514970217648, 28.67059899028899750 ) ) ;
#573 = CIRCLE ( 'NONE', #1637, 6.999999999999992006 ) ;
#574 = ORIENTED_EDGE ( 'NONE', *, *, #1674, .T. ) ;
#575 = DIRECTION ( 'NONE',  ( 0.000000000000000000, 6.938893903907211812E-15, -1.000000000000000000 ) ) ;
#576 = CARTESIAN_POINT ( 'NONE',  ( -26.56914851114455800, -23.69441913118373932, 16.62349145498914993 ) ) ;
#577 = CARTESIAN_POINT ( 'NONE',  ( -38.53452607162537191, -22.88739548161374771, 21.64658586000331297 ) ) ;
#578 = AXIS2_PLACEMENT_3D ( 'NONE', #2891, #1843, #1787 ) ;
#579 = VERTEX_POINT ( 'NONE', #2403 ) ;
#580 = DIRECTION ( 'NONE',  ( 0.6546536707079743111, -0.3779644730092195370, -0.6546536707079844142 ) ) ;
#581 = ORIENTED_EDGE ( 'NONE', *, *, #777, .F. ) ;
#582 = DIRECTION ( 'NONE',  ( 0.7071067811865434649, -4.937700262164559086E-15, 0.7071067811865516806 ) ) ;
#583 = AXIS2_PLACEMENT_3D ( 'NONE', #3191, #3475, #1562 ) ;
#584 = CARTESIAN_POINT ( 'NONE',  ( -16.24060832931138876, -23.80931839449572607, 26.38984701100497787 ) ) ;
#585 = CARTESIAN_POINT ( 'NONE',  ( -26.30025253169454658, -17.61109270742311494, 36.26167373160264873 ) ) ;
#586 = LOCAL_TIME ( 15, 29, 14.00000000000000000, #193 ) ;
#587 = EDGE_CURVE ( 'NONE', #516, #483, #1018, .T. ) ;
#588 = AXIS2_PLACEMENT_3D ( 'NONE', #549, #515, #1299 ) ;
#589 = CARTESIAN_POINT ( 'NONE',  ( -26.31783724519563705, -21.61109270742318245, 42.87976350849248064 ) ) ;
#590 = ORIENTED_EDGE ( 'NONE', *, *, #514, .F. ) ;
#591 = PLANE ( 'NONE',  #2878 ) ;
#592 = CARTESIAN_POINT ( 'NONE',  ( -23.33892918256377769, -22.61109270742314692, 39.26914327059425602 ) ) ;
#593 = CARTESIAN_POINT ( 'NONE',  ( -41.38263411187389806, -21.86939446211251692, 24.83233056850800935 ) ) ;
#594 = EDGE_CURVE ( 'NONE', #2269, #87, #3201, .T. ) ;
#595 = ORIENTED_EDGE ( 'NONE', *, *, #2940, .T. ) ;
#596 = CARTESIAN_POINT ( 'NONE',  ( -31.25000000000000000, -16.61109270742291955, 6.311926263296803619 ) ) ;
#597 = CARTESIAN_POINT ( 'NONE',  ( -25.09172037176179515, -24.39814600368864816, 13.98615403191483075 ) ) ;
#598 = CARTESIAN_POINT ( 'NONE',  ( -40.32808623940045578, -22.08032308553371337, 23.51349175834814176 ) ) ;
#599 = ADVANCED_FACE ( 'NONE', ( #454 ), #2659, .T. ) ;
#600 = EDGE_LOOP ( 'NONE', ( #782, #1754, #26, #2663 ) ) ;
#601 = PLANE ( 'NONE',  #3032 ) ;
#602 = LINE ( 'NONE', #89, #2104 ) ;
#603 = LINE ( 'NONE', #2608, #1344 ) ;
#604 = CARTESIAN_POINT ( 'NONE',  ( -26.15402531379565687, -24.59073757120256332, 14.32025458883733293 ) ) ;
#605 = ORIENTED_EDGE ( 'NONE', *, *, #37, .T. ) ;
#606 =( BOUNDED_CURVE ( )  B_SPLINE_CURVE ( 3, ( #3180, #665, #1236, #117 ),
 .UNSPECIFIED., .F., .T. ) 
 B_SPLINE_CURVE_WITH_KNOTS ( ( 4, 4 ),
 ( 1.936003548085259096, 3.141592653589783346 ),
 .UNSPECIFIED. ) 
 CURVE ( )  GEOMETRIC_REPRESENTATION_ITEM ( )  RATIONAL_B_SPLINE_CURVE ( ( 1.000000000000000000, 0.8825029806986102177, 0.8825029806986102177, 1.000000000000000000 ) ) 
 REPRESENTATION_ITEM ( '' )  );
#607 = DIRECTION ( 'NONE',  ( -0.000000000000000000, -6.982962677686266711E-15, 1.000000000000000000 ) ) ;
#608 = VERTEX_POINT ( 'NONE', #2641 ) ;
#609 = CARTESIAN_POINT ( 'NONE',  ( -16.49208095094236270, -22.61109270742312916, 35.88243433898547607 ) ) ;
#610 = CARTESIAN_POINT ( 'NONE',  ( -48.97722171636830524, -21.86929370514864246, 33.95336154203814516 ) ) ;
#611 = ORIENTED_EDGE ( 'NONE', *, *, #2373, .F. ) ;
#612 = CARTESIAN_POINT ( 'NONE',  ( -39.29148209072856446, -22.15413030928207760, 20.71917603228696336 ) ) ;
#613 = DIRECTION ( 'NONE',  ( 0.000000000000000000, -0.7071067811865426878, -0.7071067811865524577 ) ) ;
#614 = CARTESIAN_POINT ( 'NONE',  ( -65.42157287525373022, -8.611092707423239290, 51.81192626329693951 ) ) ;
#615 = VECTOR ( 'NONE', #780, 1000.000000000000000 ) ;
#616 = EDGE_CURVE ( 'NONE', #885, #2022, #138, .T. ) ;
#617 = ORIENTED_EDGE ( 'NONE', *, *, #1960, .F. ) ;
#618 = CARTESIAN_POINT ( 'NONE',  ( -49.21991168833415742, -16.59781548313615929, 32.78183795164019898 ) ) ;
#619 = DIRECTION ( 'NONE',  ( 0.000000000000000000, -6.938893903907236266E-15, 1.000000000000000000 ) ) ;
#620 = CARTESIAN_POINT ( 'NONE',  ( -22.90920844422078773, -22.61109270742315047, 39.02669102934112999 ) ) ;
#621 = EDGE_CURVE ( 'NONE', #87, #2997, #530, .T. ) ;
#622 = CARTESIAN_POINT ( 'NONE',  ( -16.63248702766746590, -23.66857651953801067, 26.68532811383635917 ) ) ;
#623 = AXIS2_PLACEMENT_3D ( 'NONE', #996, #1256, #3520 ) ;
#624 = ORIENTED_EDGE ( 'NONE', *, *, #1518, .F. ) ;
#625 = CC_DESIGN_APPROVAL ( #2736, ( #3586 ) ) ;
#626 = CARTESIAN_POINT ( 'NONE',  ( -14.61908335323025909, -24.48551440919631617, 26.42037491831015927 ) ) ;
#627 = LINE ( 'NONE', #1432, #884 ) ;
#628 = VERTEX_POINT ( 'NONE', #1312 ) ;
#629 = DIRECTION ( 'NONE',  ( 0.000000000000000000, -6.938893903907233111E-15, 1.000000000000000000 ) ) ;
#630 = CARTESIAN_POINT ( 'NONE',  ( -42.11678409507186416, -21.73471005685456703, 25.65338451114478246 ) ) ;
#631 = EDGE_LOOP ( 'NONE', ( #2567, #2929, #1330, #226 ) ) ;
#632 = LINE ( 'NONE', #3410, #3573 ) ;
#633 = CARTESIAN_POINT ( 'NONE',  ( -24.78791662719739008, -24.54285249311312000, 13.02370690802274744 ) ) ;
#634 = CYLINDRICAL_SURFACE ( 'NONE', #678, 10.00000000000000178 ) ;
#635 = ORIENTED_EDGE ( 'NONE', *, *, #2729, .F. ) ;
#636 = LINE ( 'NONE', #2274, #3369 ) ;
#637 = CARTESIAN_POINT ( 'NONE',  ( -40.50000000000000711, -9.611092707423161130, 40.56192626329686135 ) ) ;
#638 = CARTESIAN_POINT ( 'NONE',  ( -50.33578643762700011, -15.61109270742334409, 66.89771270092361988 ) ) ;
#639 = DIRECTION ( 'NONE',  ( 0.000000000000000000, 6.608470384673547868E-15, -1.000000000000000000 ) ) ;
#640 = AXIS2_PLACEMENT_3D ( 'NONE', #357, #305, #2528 ) ;
#641 = ADVANCED_FACE ( 'NONE', ( #2973 ), #1574, .T. ) ;
#642 = ORIENTED_EDGE ( 'NONE', *, *, #3119, .F. ) ;
#643 = CARTESIAN_POINT ( 'NONE',  ( -48.50000000000000000, -14.52818893876811224, 0.06192626329681958502 ) ) ;
#644 = EDGE_CURVE ( 'NONE', #1407, #2269, #1008, .T. ) ;
#645 = VECTOR ( 'NONE', #1060, 1000.000000000000000 ) ;
#646 = PLANE ( 'NONE',  #424 ) ;
#647 = ORIENTED_EDGE ( 'NONE', *, *, #1474, .F. ) ;
#648 = CALENDAR_DATE ( 2026, 5, 6 ) ;
#649 = CARTESIAN_POINT ( 'NONE',  ( -41.67298528273274627, -21.81535059707636037, 25.16589729559901301 ) ) ;
#650 = VERTEX_POINT ( 'NONE', #688 ) ;
#651 = CARTESIAN_POINT ( 'NONE',  ( -31.25000000000034817, -16.61109270742315047, 39.31192626329677609 ) ) ;
#652 = CARTESIAN_POINT ( 'NONE',  ( -51.75000000000007816, -15.61109270742333521, 65.48349913855051341 ) ) ;
#653 = LINE ( 'NONE', #3396, #3259 ) ;
#654 = ORIENTED_EDGE ( 'NONE', *, *, #973, .T. ) ;
#655 = CARTESIAN_POINT ( 'NONE',  ( -38.95459288498974360, -22.61109270742304034, 22.95439714777450391 ) ) ;
#656 = DIRECTION ( 'NONE',  ( 0.000000000000000000, -1.000000000000000000, -6.982962677686266711E-15 ) ) ;
#657 = CARTESIAN_POINT ( 'NONE',  ( -20.20106129764649694, -22.61109270742314337, 37.60014954964363909 ) ) ;
#658 = AXIS2_PLACEMENT_3D ( 'NONE', #2949, #2710, #759 ) ;
#659 = ORIENTED_EDGE ( 'NONE', *, *, #467, .T. ) ;
#660 = CARTESIAN_POINT ( 'NONE',  ( -30.67770372476981677, -21.61109270742302257, 20.84013505145464151 ) ) ;
#661 = ADVANCED_FACE ( 'NONE', ( #1810 ), #1761, .F. ) ;
#662 = DIRECTION ( 'NONE',  ( -0.7071067811865512365, -4.937700262164505444E-15, 0.7071067811865439090 ) ) ;
#663 = VERTEX_POINT ( 'NONE', #1677 ) ;
#664 = ADVANCED_FACE ( 'NONE', ( #3051 ), #2795, .T. ) ;
#665 = CARTESIAN_POINT ( 'NONE',  ( -8.983815572506721026, -23.33179139133283897, 28.66178174979751958 ) ) ;
#666 = ORIENTED_EDGE ( 'NONE', *, *, #2392, .T. ) ;
#667 = CARTESIAN_POINT ( 'NONE',  ( -24.89012979895030497, -21.85007766651445493, 41.54791028963954602 ) ) ;
#668 = DIRECTION ( 'NONE',  ( 0.000000000000000000, 1.000000000000000000, 6.982962677686266711E-15 ) ) ;
#669 = CARTESIAN_POINT ( 'NONE',  ( -36.19974746830614976, -8.611092707423061654, 26.36217879499100292 ) ) ;
#670 = ORIENTED_EDGE ( 'NONE', *, *, #857, .T. ) ;
#671 = CARTESIAN_POINT ( 'NONE',  ( -40.50000000000000711, -16.61109270742287691, 0.06192626329680570724 ) ) ;
#672 = DIRECTION ( 'NONE',  ( 0.000000000000000000, 1.000000000000000000, 6.982962677686267499E-15 ) ) ;
#673 = CARTESIAN_POINT ( 'NONE',  ( -50.33578643762700011, -9.611092707423345871, 66.89771270092366251 ) ) ;
#674 = VERTEX_POINT ( 'NONE', #2764 ) ;
#675 = DIRECTION ( 'NONE',  ( 0.000000000000000000, 1.000000000000000000, 6.982962677686266711E-15 ) ) ;
#676 = CARTESIAN_POINT ( 'NONE',  ( -7.524104172105270827, -8.611092707423050996, 24.94943028453829115 ) ) ;
#677 = EDGE_CURVE ( 'NONE', #2902, #3241, #1985, .T. ) ;
#678 = AXIS2_PLACEMENT_3D ( 'NONE', #3378, #868, #2328 ) ;
#679 = DIRECTION ( 'NONE',  ( -0.7071067811865513475, -5.046468293750715348E-15, 0.7071067811865436870 ) ) ;
#680 = ORIENTED_EDGE ( 'NONE', *, *, #2281, .T. ) ;
#681 = DIRECTION ( 'NONE',  ( 1.000000000000000000, 0.000000000000000000, 0.000000000000000000 ) ) ;
#682 = CARTESIAN_POINT ( 'NONE',  ( -43.67957864020588232, -15.61109270742329791, 60.24150490350258735 ) ) ;
#683 = VECTOR ( 'NONE', #3242, 1000.000000000000114 ) ;
#684 = UNCERTAINTY_MEASURE_WITH_UNIT (LENGTH_MEASURE( 1.000000000000000082E-05 ), #995, 'distance_accuracy_value', 'NONE');
#685 = ADVANCED_FACE ( 'NONE', ( #300 ), #3327, .T. ) ;
#686 = EDGE_CURVE ( 'NONE', #234, #1561, #2539, .T. ) ;
#687 = EDGE_LOOP ( 'NONE', ( #3196, #360, #431, #2673 ) ) ;
#688 = CARTESIAN_POINT ( 'NONE',  ( -30.51171607843060585, -21.61109270742320732, 47.07364234172740680 ) ) ;
#689 = CARTESIAN_POINT ( 'NONE',  ( -36.76946946784821790, -22.58546243239644014, 18.10049324484759481 ) ) ;
#690 = DIRECTION ( 'NONE',  ( -1.000000000000000000, -0.000000000000000000, -0.000000000000000000 ) ) ;
#691 = ORIENTED_EDGE ( 'NONE', *, *, #2377, .F. ) ;
#692 = CARTESIAN_POINT ( 'NONE',  ( -37.39174153136129775, -22.61109270742301547, 19.96149428994058894 ) ) ;
#693 = CARTESIAN_POINT ( 'NONE',  ( -38.19473563798663207, -22.61109270742302968, 21.58002628777057197 ) ) ;
#694 = CARTESIAN_POINT ( 'NONE',  ( -40.82050807568870709, -21.27134674526742941, 22.06192626329655937 ) ) ;
#695 = AXIS2_PLACEMENT_3D ( 'NONE', #3272, #835, #3364 ) ;
#696 = ORIENTED_EDGE ( 'NONE', *, *, #1840, .F. ) ;
#697 = CARTESIAN_POINT ( 'NONE',  ( -10.41799039214576261, -16.61109270742305810, 25.52154721578491703 ) ) ;
#698 = CARTESIAN_POINT ( 'NONE',  ( -52.45710678118662429, -8.611092707423338766, 66.19060591973713770 ) ) ;
#699 = B_SPLINE_CURVE_WITH_KNOTS ( 'NONE', 1,
 ( #3150, #3112 ),
 .UNSPECIFIED., .F., .F.,
 ( 2, 2 ),
 ( 0.000000000000000000, 0.0009493851730700777645 ),
 .UNSPECIFIED. ) ;
#700 = CARTESIAN_POINT ( 'NONE',  ( -43.67957864020586811, -26.61109270742329969, 60.24150490350251630 ) ) ;
#701 = EDGE_LOOP ( 'NONE', ( #2031, #1618, #1790, #1068, #207, #2380, #670, #3338, #100, #1166 ) ) ;
#702 = CARTESIAN_POINT ( 'NONE',  ( 5.656854249492334397, -16.61109270742291955, 5.718780512789206405 ) ) ;
#703 = AXIS2_PLACEMENT_3D ( 'NONE', #2411, #3207, #2631 ) ;
#704 = VERTEX_POINT ( 'NONE', #1119 ) ;
#705 = CARTESIAN_POINT ( 'NONE',  ( -24.62876885661289705, -21.89214043218203543, 41.32346961946875297 ) ) ;
#706 = CARTESIAN_POINT ( 'NONE',  ( -35.82050807568872131, -22.61109270742299415, 16.55400721423909260 ) ) ;
#707 = CARTESIAN_POINT ( 'NONE',  ( -52.45710678118662429, -8.611092707423338766, 66.19060591973713770 ) ) ;
#708 = CARTESIAN_POINT ( 'NONE',  ( -51.75000000000007816, -22.61109270742333521, 65.48349913855047078 ) ) ;
#709 = ADVANCED_FACE ( 'NONE', ( #3372 ), #591, .F. ) ;
#710 = EDGE_CURVE ( 'NONE', #2925, #2914, #2224, .T. ) ;
#711 = VERTEX_POINT ( 'NONE', #3355 ) ;
#712 = CARTESIAN_POINT ( 'NONE',  ( -37.71392346043087684, -22.61109270742301547, 20.62072355793024059 ) ) ;
#713 = LINE ( 'NONE', #1006, #1876 ) ;
#714 = DIRECTION ( 'NONE',  ( 0.000000000000000000, -1.000000000000000000, -6.982962677686266711E-15 ) ) ;
#715 = CIRCLE ( 'NONE', #3174, 1.000000000000000888 ) ;
#716 = ORIENTED_EDGE ( 'NONE', *, *, #2396, .F. ) ;
#717 = DIRECTION ( 'NONE',  ( -0.000000000000000000, 1.000000000000000000, 6.982962677686266711E-15 ) ) ;
#718 = CIRCLE ( 'NONE', #11, 26.99999999999998224 ) ;
#719 = LINE ( 'NONE', #1564, #763 ) ;
#720 = DIRECTION ( 'NONE',  ( 0.000000000000000000, -6.938893903907222067E-15, 1.000000000000000000 ) ) ;
#721 = ORIENTED_EDGE ( 'NONE', *, *, #2396, .T. ) ;
#722 = PERSON_AND_ORGANIZATION ( #1780, #3426 ) ;
#723 = CYLINDRICAL_SURFACE ( 'NONE', #451, 2.000000000000001776 ) ;
#724 = VERTEX_POINT ( 'NONE', #2819 ) ;
#725 = CARTESIAN_POINT ( 'NONE',  ( -25.07622628027690226, -21.81985090000879524, 41.71073439185487075 ) ) ;
#726 = CARTESIAN_POINT ( 'NONE',  ( -2.617187617138115652, -24.20641483880192268, 26.96259837581367336 ) ) ;
#727 = CARTESIAN_POINT ( 'NONE',  ( -7.524104172105270827, -17.61109270742303679, 24.94943028453822720 ) ) ;
#728 = CARTESIAN_POINT ( 'NONE',  ( 0.000000000000000000, -8.611092707423225079, 49.56192626329685424 ) ) ;
#729 = B_SPLINE_CURVE_WITH_KNOTS ( 'NONE', 3,
 ( #881, #3373, #336, #2321, #279, #1455, #3424, #3161, #2024, #4, #918, #2042, #1473, #2577 ),
 .UNSPECIFIED., .F., .F.,
 ( 4, 2, 2, 2, 2, 2, 4 ),
 ( 0.5000000000000000000, 0.6250000000000002220, 0.6875000000000003331, 0.7500000000000004441, 0.8125000000000004441, 0.8750000000000002220, 1.000000000000000000 ),
 .UNSPECIFIED. ) ;
#730 = ORIENTED_EDGE ( 'NONE', *, *, #1694, .F. ) ;
#731 = CARTESIAN_POINT ( 'NONE',  ( -59.47247185901922961, -16.61109270742318955, 44.44861168468923296 ) ) ;
#732 = DIRECTION ( 'NONE',  ( 0.000000000000000000, -1.000000000000000000, -6.982962677686266711E-15 ) ) ;
#733 = PLANE ( 'NONE',  #3221 ) ;
#734 = APPROVAL ( #2761, 'æœª' ) ;
#735 = EDGE_CURVE ( 'NONE', #2576, #1584, #1418, .T. ) ;
#736 = ORIENTED_EDGE ( 'NONE', *, *, #2815, .T. ) ;
#737 = CARTESIAN_POINT ( 'NONE',  ( 0.000000000000000000, -9.611092707423230408, 50.56192626329684714 ) ) ;
#738 = CARTESIAN_POINT ( 'NONE',  ( -31.25000000000034817, -21.61109270742309718, 31.31192626329676187 ) ) ;
#739 = AXIS2_PLACEMENT_3D ( 'NONE', #36, #2278, #17 ) ;
#740 = DIRECTION ( 'NONE',  ( 0.000000000000000000, 6.982962677686266711E-15, -1.000000000000000000 ) ) ;
#741 = VERTEX_POINT ( 'NONE', #1965 ) ;
#742 = DIRECTION ( 'NONE',  ( 0.4999999999999980016, -0.7071067811865497932, 0.4999999999999989453 ) ) ;
#743 = AXIS2_PLACEMENT_3D ( 'NONE', #1491, #1475, #2305 ) ;
#744 = ORIENTED_EDGE ( 'NONE', *, *, #508, .F. ) ;
#745 = LOCAL_TIME ( 15, 29, 14.00000000000000000, #2951 ) ;
#746 = CARTESIAN_POINT ( 'NONE',  ( -24.18670255610133424, -21.96194074734506785, 40.95959115346558121 ) ) ;
#747 = CARTESIAN_POINT ( 'NONE',  ( -38.70310704430272608, -22.38050734755382720, 21.15975911294216161 ) ) ;
#748 = DIRECTION ( 'NONE',  ( 0.000000000000000000, 1.000000000000000000, 6.982962677686266711E-15 ) ) ;
#749 = CARTESIAN_POINT ( 'NONE',  ( -42.11073046400919395, -22.61109270742306876, 27.08687028967894506 ) ) ;
#750 = ORIENTED_EDGE ( 'NONE', *, *, #2574, .T. ) ;
#751 = CARTESIAN_POINT ( 'NONE',  ( -23.45156549505142252, -22.08032308553382350, 40.39001250269723897 ) ) ;
#752 = CARTESIAN_POINT ( 'NONE',  ( -26.00000000000000355, -23.90634406542055856, -0.5741812886983906905 ) ) ;
#753 = VERTEX_POINT ( 'NONE', #3083 ) ;
#754 = DIRECTION ( 'NONE',  ( 0.000000000000000000, -1.000000000000000000, -6.982962677686266711E-15 ) ) ;
#755 = DIRECTION ( 'NONE',  ( 0.7071067811865475727, -0.7071067811865475727, -4.937700262164531476E-15 ) ) ;
#756 = EDGE_CURVE ( 'NONE', #860, #1904, #861, .T. ) ;
#757 = CLOSED_SHELL ( 'NONE', ( #2938, #3501, #818, #523, #2485, #1450, #3305, #2662, #1654, #2351, #664, #1863, #3500, #955, #974, #1748, #2796, #209, #527, #2988, #2463, #599, #3435, #2344, #1565, #661, #837, #1583, #2963, #883, #1742, #685, #1252, #1569, #641, #1595, #709, #237, #3344, #1828, #3080, #272, #3141, #1357, #2694, #2258, #256, #2200, #1982, #3152, #1046, #3230, #1463, #1633, #254, #2849, #2480, #368, #2913, #1903, #2443, #1735, #814, #3567, #2508, #1226, #2896, #3079, #3456, #2126, #199, #373, #1203, #3128, #920, #2150, #1318, #2936, #2503, #415, #2173, #2070, #3127, #3266, #1074, #524, #548, #1741, #2233, #2462, #3062, #2008, #1665, #3350, #420, #1493, #906, #3549, #3104, #2216, #1165, #1078 ) ) ;
#758 = EDGE_CURVE ( 'NONE', #3048, #3044, #838, .T. ) ;
#759 = DIRECTION ( 'NONE',  ( 0.7071067811865515695, 4.937700262164502288E-15, -0.7071067811865435759 ) ) ;
#760 = EDGE_CURVE ( 'NONE', #899, #1033, #3018, .T. ) ;
#761 = CARTESIAN_POINT ( 'NONE',  ( -49.08578643762688642, -17.99229055390610199, 32.64771270092366251 ) ) ;
#762 = CARTESIAN_POINT ( 'NONE',  ( -27.02494402638217608, -22.61109270742317534, 42.17265672730594162 ) ) ;
#763 = VECTOR ( 'NONE', #937, 1000.000000000000000 ) ;
#764 = VERTEX_POINT ( 'NONE', #1897 ) ;
#765 = CARTESIAN_POINT ( 'NONE',  ( -32.21638837510873543, -16.71265812890840863, 48.77831463840555415 ) ) ;
#766 = DIRECTION ( 'NONE',  ( -0.7071067811865435759, -4.937700262164559875E-15, 0.7071067811865515695 ) ) ;
#767 = ORIENTED_EDGE ( 'NONE', *, *, #1029, .F. ) ;
#768 = DIRECTION ( 'NONE',  ( -0.7071067811865475727, 4.937700262164531476E-15, -0.7071067811865475727 ) ) ;
#769 = CARTESIAN_POINT ( 'NONE',  ( -25.97664533498844364, -23.91871050286523115, 1.334140851300195330 ) ) ;
#770 = VECTOR ( 'NONE', #956, 1000.000000000000000 ) ;
#771 = ORIENTED_EDGE ( 'NONE', *, *, #129, .F. ) ;
#772 = CARTESIAN_POINT ( 'NONE',  ( -18.37320308981831474, -22.61109270742312560, 36.73708761142209767 ) ) ;
#773 = DIRECTION ( 'NONE',  ( 0.000000000000000000, -1.000000000000000000, -6.982962677686266711E-15 ) ) ;
#774 = PRODUCT_DEFINITION_SHAPE ( 'NONE', 'NONE',  #3586 ) ;
#775 = DIRECTION ( 'NONE',  ( -0.000000000000000000, -1.000000000000000000, -6.982962677686266711E-15 ) ) ;
#776 = CARTESIAN_POINT ( 'NONE',  ( -12.41627916874244875, -24.60806660024791981, 24.71293046904557400 ) ) ;
#777 = EDGE_CURVE ( 'NONE', #2180, #1707, #3300, .T. ) ;
#778 = ORIENTED_EDGE ( 'NONE', *, *, #1174, .F. ) ;
#779 = CARTESIAN_POINT ( 'NONE',  ( -33.70082220527439887, -17.13278872180890389, 50.26274846857118916 ) ) ;
#780 = DIRECTION ( 'NONE',  ( 1.000000000000000000, 0.000000000000000000, 0.000000000000000000 ) ) ;
#781 = CIRCLE ( 'NONE', #2189, 2.000000000000001776 ) ;
#782 = ORIENTED_EDGE ( 'NONE', *, *, #1962, .F. ) ;
#783 = CARTESIAN_POINT ( 'NONE',  ( -37.65629844733231835, -22.51926899352922717, 19.53018190769353168 ) ) ;
#784 = CARTESIAN_POINT ( 'NONE',  ( -24.88750402124151151, -24.49541746561451561, -7.462177908808251381 ) ) ;
#785 = VERTEX_POINT ( 'NONE', #2188 ) ;
#786 = DIRECTION ( 'NONE',  ( -0.7071067811865493491, 4.937700262164518854E-15, -0.7071067811865457964 ) ) ;
#787 = CARTESIAN_POINT ( 'NONE',  ( -27.02494402638217608, -22.61109270742317534, 42.17265672730594162 ) ) ;
#788 = DIRECTION ( 'NONE',  ( -0.5000000000000058842, -0.7071067811865496822, -0.4999999999999911737 ) ) ;
#789 = CARTESIAN_POINT ( 'NONE',  ( -18.55712009403588425, -22.56528812136786755, 37.15193125906060345 ) ) ;
#790 = EDGE_CURVE ( 'NONE', #851, #674, #498, .T. ) ;
#791 = AXIS2_PLACEMENT_3D ( 'NONE', #3277, #2336, #2718 ) ;
#792 = DIRECTION ( 'NONE',  ( 0.000000000000000000, 2.602085213965208275E-15, 1.000000000000000000 ) ) ;
#793 = ORIENTED_EDGE ( 'NONE', *, *, #148, .F. ) ;
#794 = CARTESIAN_POINT ( 'NONE',  ( 7.740070141993335540, -24.79546082680099772, 25.81822344255960289 ) ) ;
#795 = DIRECTION ( 'NONE',  ( 0.000000000000000000, 6.608470384673557335E-15, -1.000000000000000000 ) ) ;
#796 = EDGE_CURVE ( 'NONE', #559, #1904, #2464, .T. ) ;
#797 = EDGE_CURVE ( 'NONE', #3497, #355, #1622, .T. ) ;
#798 = CIRCLE ( 'NONE', #1382, 2.000000000000001776 ) ;
#799 = ORIENTED_EDGE ( 'NONE', *, *, #129, .T. ) ;
#800 = CARTESIAN_POINT ( 'NONE',  ( -25.41090144789180982, -24.97324693861087397, 9.428171356797209413 ) ) ;
#801 = CARTESIAN_POINT ( 'NONE',  ( -26.78072956284130512, -24.26815306429391228, 2.675865697779584274 ) ) ;
#802 = EDGE_CURVE ( 'NONE', #628, #2159, #1907, .T. ) ;
#803 = ORIENTED_EDGE ( 'NONE', *, *, #2377, .T. ) ;
#804 = PLANE ( 'NONE',  #292 ) ;
#805 = DIRECTION ( 'NONE',  ( -0.7071067811865474617, 4.937700262164531476E-15, -0.7071067811865474617 ) ) ;
#806 = CARTESIAN_POINT ( 'NONE',  ( -27.02494402638217608, -22.61109270742317534, 42.17265672730594162 ) ) ;
#807 = ORIENTED_EDGE ( 'NONE', *, *, #2986, .F. ) ;
#808 = CARTESIAN_POINT ( 'NONE',  ( -5.203251329534787750, -24.46521778518147983, 26.45980638584500966 ) ) ;
#809 = VECTOR ( 'NONE', #1767, 1000.000000000000000 ) ;
#810 = DIRECTION ( 'NONE',  ( 0.4999999999999928391, 0.7071067811865502373, 0.5000000000000035527 ) ) ;
#811 = EDGE_LOOP ( 'NONE', ( #3155, #1651, #2555, #172 ) ) ;
#812 = FACE_OUTER_BOUND ( 'NONE', #2358, .T. ) ;
#813 = CARTESIAN_POINT ( 'NONE',  ( -25.97664533498843653, -23.91871050286522404, -1.210288324706778385 ) ) ;
#814 = ADVANCED_FACE ( 'NONE', ( #2201 ), #215, .T. ) ;
#815 = ORIENTED_EDGE ( 'NONE', *, *, #802, .F. ) ;
#816 = CARTESIAN_POINT ( 'NONE',  ( 5.656854249492360154, -22.61109270742291955, 5.718780512789185977 ) ) ;
#817 = DIRECTION ( 'NONE',  ( 0.7071067811865515695, 4.937700262164502288E-15, -0.7071067811865435759 ) ) ;
#818 = ADVANCED_FACE ( 'NONE', ( #3287 ), #253, .F. ) ;
#819 = CARTESIAN_POINT ( 'NONE',  ( -25.34312706131190396, -25.00813255987354111, 11.08975282458301947 ) ) ;
#820 = DIRECTION ( 'NONE',  ( -0.7071067811865474617, -0.7071067811865474617, -4.937700262164531476E-15 ) ) ;
#821 = ORIENTED_EDGE ( 'NONE', *, *, #616, .T. ) ;
#822 = CARTESIAN_POINT ( 'NONE',  ( -16.49208095094236270, -22.61109270742312560, 35.88243433898547607 ) ) ;
#823 = VECTOR ( 'NONE', #3428, 999.9999999999998863 ) ;
#824 = B_SPLINE_SURFACE_WITH_KNOTS ( 'NONE', 1, 3, ( 
 ( #2248, #1613, #2210, #829, #1347, #518 ),
 ( #1052, #1399, #3577, #2178, #2525, #3317 ) ),
 .UNSPECIFIED., .F., .F., .F.,
 ( 2, 2 ),
 ( 4, 2, 4 ),
 ( 0.000000000000000000, 1.000000000000000000 ),
 ( 1.570796326794897002, 1.833339105416404546, 2.095881884037912091 ),
 .UNSPECIFIED. ) ;
#825 = CARTESIAN_POINT ( 'NONE',  ( -36.25883045126824555, -22.61109270742300126, 17.52336779272356182 ) ) ;
#826 = EDGE_LOOP ( 'NONE', ( #1249, #1939, #243, #3135 ) ) ;
#827 = CARTESIAN_POINT ( 'NONE',  ( -33.19105187535889456, -17.64284039050049557, 49.75297813865569196 ) ) ;
#828 = AXIS2_PLACEMENT_3D ( 'NONE', #2379, #3496, #1286 ) ;
#829 = CARTESIAN_POINT ( 'NONE',  ( -40.30060614853439915, -22.61109270742305100, 25.03499843711769302 ) ) ;
#830 = ORIENTED_EDGE ( 'NONE', *, *, #2547, .T. ) ;
#831 = CARTESIAN_POINT ( 'NONE',  ( -36.10650466415831517, -22.61109270742299415, 17.18754669218852626 ) ) ;
#832 = CARTESIAN_POINT ( 'NONE',  ( -26.53649622145038123, -23.70997258805725494, 16.58133833772167876 ) ) ;
#833 = EDGE_LOOP ( 'NONE', ( #1931, #3099, #3419, #1498 ) ) ;
#834 = CARTESIAN_POINT ( 'NONE',  ( -49.69112205436501029, -16.30903556247929842, 33.25304831765905789 ) ) ;
#835 = DIRECTION ( 'NONE',  ( -0.000000000000000000, -1.000000000000000000, -6.982962677686266711E-15 ) ) ;
#836 = CARTESIAN_POINT ( 'NONE',  ( -30.51171607843060229, -12.61109270742320554, 47.07364234172746364 ) ) ;
#837 = ADVANCED_FACE ( 'NONE', ( #2517 ), #3328, .T. ) ;
#838 = LINE ( 'NONE', #2221, #3046 ) ;
#839 = CARTESIAN_POINT ( 'NONE',  ( -50.37867965644034740, -8.611092707423123827, 35.35481948211030101 ) ) ;
#840 = EDGE_LOOP ( 'NONE', ( #1829, #3160, #1591, #2458 ) ) ;
#841 = CARTESIAN_POINT ( 'NONE',  ( -56.79985943989499475, -17.35289170969764427, 41.77599926556501231 ) ) ;
#842 = CARTESIAN_POINT ( 'NONE',  ( -6.250000000000005329, -19.61109270742311139, 33.41192626329678461 ) ) ;
#843 = DIRECTION ( 'NONE',  ( 0.6644630243886791021, -0.3420201433256613854, -0.6644630243886739951 ) ) ;
#844 = EDGE_LOOP ( 'NONE', ( #315, #3457, #2597, #2605 ) ) ;
#845 = CARTESIAN_POINT ( 'NONE',  ( -24.51425319444145146, -24.67320357742439185, 9.343351357585378381 ) ) ;
#846 = PLANE ( 'NONE',  #1523 ) ;
#847 = CARTESIAN_POINT ( 'NONE',  ( -33.17157287525381548, -9.611092707423244619, 52.56192626329685424 ) ) ;
#848 = AXIS2_PLACEMENT_3D ( 'NONE', #2990, #2119, #1274 ) ;
#849 = EDGE_LOOP ( 'NONE', ( #308, #1964, #581, #1214 ) ) ;
#850 = CARTESIAN_POINT ( 'NONE',  ( -50.45754514490759846, -15.02292019477305907, 34.01947140820565352 ) ) ;
#851 = VERTEX_POINT ( 'NONE', #1638 ) ;
#852 = CARTESIAN_POINT ( 'NONE',  ( -35.82050807568872131, -22.61109270742272415, -21.93807373670304983 ) ) ;
#853 = VECTOR ( 'NONE', #317, 1000.000000000000227 ) ;
#854 = VECTOR ( 'NONE', #1129, 1000.000000000000000 ) ;
#855 = DIRECTION ( 'NONE',  ( 0.000000000000000000, -1.000000000000000000, -6.982962677686266711E-15 ) ) ;
#856 = DIRECTION ( 'NONE',  ( -0.7071067811865515695, 4.937700262164503077E-15, -0.7071067811865435759 ) ) ;
#857 = EDGE_CURVE ( 'NONE', #2022, #71, #3163, .T. ) ;
#858 = EDGE_CURVE ( 'NONE', #1395, #724, #2535, .T. ) ;
#859 = CARTESIAN_POINT ( 'NONE',  ( -36.31920080584080779, -22.61109270742299771, 17.65633820836862355 ) ) ;
#860 = VERTEX_POINT ( 'NONE', #2758 ) ;
#861 = LINE ( 'NONE', #1075, #1288 ) ;
#862 = CARTESIAN_POINT ( 'NONE',  ( -6.250000000000005329, -22.61109270742309718, 31.31192626329676187 ) ) ;
#863 = CARTESIAN_POINT ( 'NONE',  ( -42.27975549021974899, -21.70546093485385342, 25.82816289521348807 ) ) ;
#864 = VECTOR ( 'NONE', #1371, 999.9999999999998863 ) ;
#865 = ORIENTED_EDGE ( 'NONE', *, *, #396, .T. ) ;
#866 = DIRECTION ( 'NONE',  ( 0.000000000000000000, -1.000000000000000000, -6.982962677686266711E-15 ) ) ;
#867 = CARTESIAN_POINT ( 'NONE',  ( -26.04738103273181693, -23.94294108205389904, 15.88795253119460860 ) ) ;
#868 = DIRECTION ( 'NONE',  ( 0.000000000000000000, -1.000000000000000000, -6.982962677686266711E-15 ) ) ;
#869 = CIRCLE ( 'NONE', #1881, 9.999999999999998224 ) ;
#870 = ORIENTED_EDGE ( 'NONE', *, *, #2378, .F. ) ;
#871 = CARTESIAN_POINT ( 'NONE',  ( -48.71638837510877806, -16.71265812890828428, 32.27831463840553283 ) ) ;
#872 = CARTESIAN_POINT ( 'NONE',  ( 0.000000000000000000, -9.611092707423161130, 40.56192626329686135 ) ) ;
#873 = CARTESIAN_POINT ( 'NONE',  ( -20.67857591810982143, -22.61109270742314337, 37.83497727116363762 ) ) ;
#874 = VECTOR ( 'NONE', #74, 1000.000000000000000 ) ;
#875 = CARTESIAN_POINT ( 'NONE',  ( -14.09394134783866548, -24.36641040344646569, 25.22027420575857803 ) ) ;
#876 = VERTEX_POINT ( 'NONE', #3602 ) ;
#877 = DIRECTION ( 'NONE',  ( -0.7071067811865516806, -4.937700262164502288E-15, 0.7071067811865434649 ) ) ;
#878 = AXIS2_PLACEMENT_3D ( 'NONE', #1930, #3049, #531 ) ;
#879 = LINE ( 'NONE', #916, #2301 ) ;
#880 = ORIENTED_EDGE ( 'NONE', *, *, #594, .F. ) ;
#881 = CARTESIAN_POINT ( 'NONE',  ( -1.180696165836714329E-13, -23.90634406542073975, 26.06192626329675832 ) ) ;
#882 = CARTESIAN_POINT ( 'NONE',  ( -42.12918385404551458, -21.73248396001495664, 25.66669086977167424 ) ) ;
#883 = ADVANCED_FACE ( 'NONE', ( #528 ), #3182, .T. ) ;
#884 = VECTOR ( 'NONE', #607, 1000.000000000000000 ) ;
#885 = VERTEX_POINT ( 'NONE', #2326 ) ;
#886 = CARTESIAN_POINT ( 'NONE',  ( -40.82050807568870709, -21.27134674526743296, 22.55400721423915655 ) ) ;
#887 = CARTESIAN_POINT ( 'NONE',  ( -24.87841154627397344, -24.49974441578461182, 13.34574425496231775 ) ) ;
#888 = CARTESIAN_POINT ( 'NONE',  ( -39.46041209620022983, -22.54497099031597074, 22.61089063709955482 ) ) ;
#889 = ORIENTED_EDGE ( 'NONE', *, *, #1028, .T. ) ;
#890 = FACE_OUTER_BOUND ( 'NONE', #1324, .T. ) ;
#891 = CARTESIAN_POINT ( 'NONE',  ( -31.25000000000000000, -16.61109270742291955, 6.311926263296803619 ) ) ;
#892 = DIRECTION ( 'NONE',  ( -0.7071067811865493491, 4.937700262164518854E-15, -0.7071067811865457964 ) ) ;
#893 = CARTESIAN_POINT ( 'NONE',  ( -26.97315922773666230, -24.16910342699000580, 15.76562778140502452 ) ) ;
#894 = VERTEX_POINT ( 'NONE', #102 ) ;
#895 = DIRECTION ( 'NONE',  ( 0.000000000000000000, -1.000000000000000000, -6.982962677686266711E-15 ) ) ;
#896 = ORIENTED_EDGE ( 'NONE', *, *, #350, .T. ) ;
#897 = CARTESIAN_POINT ( 'NONE',  ( -21.21643507105727267, -22.37185365524213410, 38.83892745104077449 ) ) ;
#898 = CARTESIAN_POINT ( 'NONE',  ( -41.06033340186503011, -21.93046469661415188, 24.44934494138020753 ) ) ;
#899 = VERTEX_POINT ( 'NONE', #393 ) ;
#900 = CARTESIAN_POINT ( 'NONE',  ( -22.49208095094240178, -21.27134674526756086, 40.88243433898546897 ) ) ;
#901 = CARTESIAN_POINT ( 'NONE',  ( -24.65056811689675342, -24.60827530681452657, 12.47646791903591534 ) ) ;
#902 = EDGE_CURVE ( 'NONE', #876, #3393, #781, .T. ) ;
#903 = LINE ( 'NONE', #306, #3136 ) ;
#904 = EDGE_CURVE ( 'NONE', #2714, #2009, #414, .T. ) ;
#905 = CIRCLE ( 'NONE', #968, 2.000000000000000000 ) ;
#906 = ADVANCED_FACE ( 'NONE', ( #376 ), #159, .F. ) ;
#907 = ORIENTED_EDGE ( 'NONE', *, *, #3342, .F. ) ;
#908 = CARTESIAN_POINT ( 'NONE',  ( -51.08578643762690064, -14.52818893876836626, 34.64771270092371225 ) ) ;
#909 = DIRECTION ( 'NONE',  ( 0.6546536707079746442, -0.3779644730092184268, -0.6546536707079847472 ) ) ;
#910 = CARTESIAN_POINT ( 'NONE',  ( -51.75000000000007816, -16.61109270742334232, 66.48349913855051341 ) ) ;
#911 = CARTESIAN_POINT ( 'NONE',  ( -6.250000000000005329, -19.61109270742309718, 31.31192626329678319 ) ) ;
#912 = VECTOR ( 'NONE', #2578, 1000.000000000000000 ) ;
#913 = VERTEX_POINT ( 'NONE', #433 ) ;
#914 = CARTESIAN_POINT ( 'NONE',  ( -14.24330004991759502, -24.57852509468603586, 26.23967748692491853 ) ) ;
#915 = CARTESIAN_POINT ( 'NONE',  ( -38.76171607843061651, -12.61109270742314870, 38.82364234172744943 ) ) ;
#916 = CARTESIAN_POINT ( 'NONE',  ( -60.00000000000000000, -15.61109270742329791, 60.06192626329681161 ) ) ;
#917 = ORIENTED_EDGE ( 'NONE', *, *, #735, .T. ) ;
#918 = CARTESIAN_POINT ( 'NONE',  ( -5.369433880380505286, -24.20207591387106305, 25.50342176199542976 ) ) ;
#919 = LINE ( 'NONE', #1988, #3545 ) ;
#920 = ADVANCED_FACE ( 'NONE', ( #2102 ), #2746, .T. ) ;
#921 = ORIENTED_EDGE ( 'NONE', *, *, #3572, .T. ) ;
#922 = DIRECTION ( 'NONE',  ( -0.000000000000000000, 1.000000000000000000, 6.982962677686266711E-15 ) ) ;
#923 = CARTESIAN_POINT ( 'NONE',  ( -31.25000000000000000, -19.61109270742292310, 6.311926263296782302 ) ) ;
#924 = CARTESIAN_POINT ( 'NONE',  ( -24.88750402124151151, -24.49541746561653355, 7.586030435401750260 ) ) ;
#925 = AXIS2_PLACEMENT_3D ( 'NONE', #2354, #672, #1801 ) ;
#926 = EDGE_CURVE ( 'NONE', #2914, #3589, #1797, .T. ) ;
#927 = ORIENTED_EDGE ( 'NONE', *, *, #1351, .T. ) ;
#928 = CARTESIAN_POINT ( 'NONE',  ( -38.32653962386330448, -22.61109270742303323, 21.81873657833511970 ) ) ;
#929 = FACE_OUTER_BOUND ( 'NONE', #2683, .T. ) ;
#930 = CARTESIAN_POINT ( 'NONE',  ( -22.99960638487287667, -22.61109270742315758, 39.07930275525357899 ) ) ;
#931 = DIRECTION ( 'NONE',  ( 0.4850297717774166850, -0.2496601706515509667, -0.8381025710972287435 ) ) ;
#932 = VECTOR ( 'NONE', #3580, 1000.000000000000000 ) ;
#933 = EDGE_CURVE ( 'NONE', #3050, #2, #1918, .T. ) ;
#934 = EDGE_LOOP ( 'NONE', ( #2806, #3542, #1053, #1543 ) ) ;
#935 = VECTOR ( 'NONE', #1522, 1000.000000000000000 ) ;
#936 = CARTESIAN_POINT ( 'NONE',  ( -8.250000000000294875, -22.61109270742282007, -8.188073736703438854 ) ) ;
#937 = DIRECTION ( 'NONE',  ( -1.000000000000000000, 0.000000000000000000, -0.000000000000000000 ) ) ;
#938 = CARTESIAN_POINT ( 'NONE',  ( -34.45962095248824397, -16.61109270742295152, 10.47991665544219231 ) ) ;
#939 = EDGE_LOOP ( 'NONE', ( #3283, #2697, #1409, #2538, #3168, #799, #3405, #555, #3510, #19, #2128, #659, #277, #166 ) ) ;
#940 = SECURITY_CLASSIFICATION_LEVEL ( 'unclassified' ) ;
#941 = CARTESIAN_POINT ( 'NONE',  ( -41.71407300226818649, -17.35289170969774730, 56.86178570319181347 ) ) ;
#942 = EDGE_LOOP ( 'NONE', ( #2972, #3302, #1292, #3118 ) ) ;
#943 = CARTESIAN_POINT ( 'NONE',  ( -51.75000000000007816, -8.611092707423335213, 65.48349913855057025 ) ) ;
#944 = CARTESIAN_POINT ( 'NONE',  ( -51.04289321881353914, -16.61109270742333877, 66.19060591973706664 ) ) ;
#945 = CARTESIAN_POINT ( 'NONE',  ( -50.50000000000000000, -9.611092707422878689, 0.06192626329685427949 ) ) ;
#946 = ORIENTED_EDGE ( 'NONE', *, *, #2614, .F. ) ;
#947 = LINE ( 'NONE', #1244, #683 ) ;
#948 = CYLINDRICAL_SURFACE ( 'NONE', #925, 3.500000000000003109 ) ;
#949 = CYLINDRICAL_SURFACE ( 'NONE', #2873, 5.000000000000000888 ) ;
#950 = VECTOR ( 'NONE', #131, 1000.000000000000000 ) ;
#951 = ORIENTED_EDGE ( 'NONE', *, *, #1814, .T. ) ;
#952 = CARTESIAN_POINT ( 'NONE',  ( -48.50000000000000000, -14.52818893876811224, 0.06192626329681958502 ) ) ;
#953 = DIRECTION ( 'NONE',  ( 1.000000000000000000, 0.000000000000000000, 0.000000000000000000 ) ) ;
#954 = EDGE_CURVE ( 'NONE', #3050, #1955, #2642, .T. ) ;
#955 = ADVANCED_FACE ( 'NONE', ( #962 ), #1575, .F. ) ;
#956 = DIRECTION ( 'NONE',  ( -0.6546536707079814166, 0.3779644730092194260, 0.6546536707079773088 ) ) ;
#957 = ORIENTED_EDGE ( 'NONE', *, *, #170, .F. ) ;
#958 =( NAMED_UNIT ( * ) PLANE_ANGLE_UNIT ( ) SI_UNIT ( $, .RADIAN. ) );
#959 = CARTESIAN_POINT ( 'NONE',  ( -51.08578643762690064, -15.68288947714760440, 34.64771270092370514 ) ) ;
#960 = ORIENTED_EDGE ( 'NONE', *, *, #1362, .F. ) ;
#961 = DIRECTION ( 'NONE',  ( -0.000000000000000000, 1.000000000000000000, 6.982962677686266711E-15 ) ) ;
#962 = FACE_OUTER_BOUND ( 'NONE', #1625, .T. ) ;
#963 = DIRECTION ( 'NONE',  ( 0.000000000000000000, -1.000000000000000000, -6.982962677686266711E-15 ) ) ;
#964 = ORIENTED_EDGE ( 'NONE', *, *, #1333, .F. ) ;
#965 = CARTESIAN_POINT ( 'NONE',  ( -37.85101073106501701, -22.61109270742302257, 20.89633261730511649 ) ) ;
#966 = CARTESIAN_POINT ( 'NONE',  ( -39.58304597993990370, -22.61109270742304389, 23.98762173269454578 ) ) ;
#967 = LINE ( 'NONE', #694, #1227 ) ;
#968 = AXIS2_PLACEMENT_3D ( 'NONE', #3436, #1039, #1296 ) ;
#969 = ORIENTED_EDGE ( 'NONE', *, *, #3119, .T. ) ;
#970 = CYLINDRICAL_SURFACE ( 'NONE', #2049, 10.00000000000000178 ) ;
#971 = DIRECTION ( 'NONE',  ( 0.000000000000000000, 6.938893903907236266E-15, -1.000000000000000000 ) ) ;
#972 = CIRCLE ( 'NONE', #2978, 5.000000000000000888 ) ;
#973 = EDGE_CURVE ( 'NONE', #785, #1978, #2828, .T. ) ;
#974 = ADVANCED_FACE ( 'NONE', ( #1219 ), #3467, .F. ) ;
#975 = CARTESIAN_POINT ( 'NONE',  ( -20.18898652205652411, -22.46309253675902795, 38.17727283170887631 ) ) ;
#976 = VERTEX_POINT ( 'NONE', #3166 ) ;
#977 = CARTESIAN_POINT ( 'NONE',  ( -23.44782396324596974, -22.07519432256086489, 40.39079294181959767 ) ) ;
#978 = FACE_OUTER_BOUND ( 'NONE', #2073, .T. ) ;
#979 = AXIS2_PLACEMENT_3D ( 'NONE', #2623, #2699, #1514 ) ;
#980 = EDGE_CURVE ( 'NONE', #2362, #299, #2562, .T. ) ;
#981 = EDGE_LOOP ( 'NONE', ( #3181, #3013 ) ) ;
#982 = CARTESIAN_POINT ( 'NONE',  ( -51.75000000000007816, -15.61109270742333521, 65.48349913855051341 ) ) ;
#983 = CARTESIAN_POINT ( 'NONE',  ( -7.740070141993488306, -24.79546082680094443, 25.81822344255955315 ) ) ;
#984 = LINE ( 'NONE', #707, #3311 ) ;
#985 = ORIENTED_EDGE ( 'NONE', *, *, #2626, .F. ) ;
#986 = CARTESIAN_POINT ( 'NONE',  ( -39.08385403239899603, -22.61109270742304034, 23.17481045766229997 ) ) ;
#987 = CARTESIAN_POINT ( 'NONE',  ( -16.45438190111183019, -22.61104335944170884, 35.85101846412670312 ) ) ;
#988 = DIRECTION ( 'NONE',  ( 0.000000000000000000, -6.938893903907229167E-15, 1.000000000000000000 ) ) ;
#989 = ORIENTED_EDGE ( 'NONE', *, *, #644, .F. ) ;
#990 = LINE ( 'NONE', #697, #950 ) ;
#991 = DIRECTION ( 'NONE',  ( -0.000000000000000000, -6.982962677686266711E-15, 1.000000000000000000 ) ) ;
#992 = CARTESIAN_POINT ( 'NONE',  ( -22.04666432223545058, -22.27340509330091578, 39.39885800479838451 ) ) ;
#993 = ORIENTED_EDGE ( 'NONE', *, *, #2870, .F. ) ;
#994 = AXIS2_PLACEMENT_3D ( 'NONE', #1716, #2558, #2838 ) ;
#995 =( LENGTH_UNIT ( ) NAMED_UNIT ( * ) SI_UNIT ( .MILLI., .METRE. ) );
#996 = CARTESIAN_POINT ( 'NONE',  ( -38.50816766360424026, -17.58050514970218359, 28.67059899028900105 ) ) ;
#997 = CIRCLE ( 'NONE', #1588, 9.000000000000021316 ) ;
#998 = ORIENTED_EDGE ( 'NONE', *, *, #1127, .T. ) ;
#999 = CARTESIAN_POINT ( 'NONE',  ( -35.50000000000001421, -9.611092707423161130, 40.56192626329686135 ) ) ;
#1000 = CARTESIAN_POINT ( 'NONE',  ( -37.30606515415310298, -22.54927735822082013, 18.96741131532870384 ) ) ;
#1001 = CARTESIAN_POINT ( 'NONE',  ( -31.25000000000034817, -16.61109270742315047, 39.31192626329677609 ) ) ;
#1002 = DIRECTION ( 'NONE',  ( 0.000000000000000000, -1.000000000000000000, -6.982962677686266711E-15 ) ) ;
#1003 = EDGE_CURVE ( 'NONE', #3390, #3290, #334, .T. ) ;
#1004 = ORIENTED_EDGE ( 'NONE', *, *, #980, .T. ) ;
#1005 = CARTESIAN_POINT ( 'NONE',  ( -36.70278022051839173, -22.61109270742301192, 18.49510172364017890 ) ) ;
#1006 = CARTESIAN_POINT ( 'NONE',  ( 21.99999999999981526, -21.27134674526756086, 40.88243433898546897 ) ) ;
#1007 = CARTESIAN_POINT ( 'NONE',  ( -40.50000000000000711, -9.611092707423161130, 40.56192626329686135 ) ) ;
#1008 = CIRCLE ( 'NONE', #1773, 4.999999999999997335 ) ;
#1009 = EDGE_LOOP ( 'NONE', ( #957, #1524, #1596, #77 ) ) ;
#1010 = FACE_OUTER_BOUND ( 'NONE', #1512, .T. ) ;
#1011 = CIRCLE ( 'NONE', #2127, 9.000000000000021316 ) ;
#1012 = DIRECTION ( 'NONE',  ( -0.4999999999999989453, -0.7071067811865526798, 0.4999999999999940048 ) ) ;
#1013 = EDGE_CURVE ( 'NONE', #2100, #1978, #540, .T. ) ;
#1014 = DIRECTION ( 'NONE',  ( 0.000000000000000000, -6.938893903907229167E-15, 1.000000000000000000 ) ) ;
#1015 = CARTESIAN_POINT ( 'NONE',  ( -65.42157287525373022, -16.61109270742323929, 51.81192626329688267 ) ) ;
#1016 = COORDINATED_UNIVERSAL_TIME_OFFSET ( 8, 0, .AHEAD. ) ;
#1017 = DIRECTION ( 'NONE',  ( -1.000000000000000000, 0.000000000000000000, -0.000000000000000000 ) ) ;
#1018 = B_SPLINE_CURVE_WITH_KNOTS ( 'NONE', 3,
 ( #1258, #3543, #392, #1551, #1020, #158, #2366, #1293, #2993, #2678, #2934, #3237, #1597, #2384, #120, #3254, #725, #2437, #2420, #2141, #432, #667, #1534, #705, #2698, #3503, #3485, #2065, #746, #1831, #2716, #3216, #472 ),
 .UNSPECIFIED., .F., .F.,
 ( 4, 2, 2, 1, 1, 1, 1, 2, 2, 2, 1, 1, 1, 2, 2, 2, 1, 1, 2, 2, 4 ),
 ( 0.000000000000000000, 0.1249999999999615863, 0.1874999999999414357, 0.2187499999999326927, 0.2343749999999272526, 0.2421874999999255040, 0.2460937499999259759, 0.2480468749999262534, 0.2499999999999265032, 0.3749999999999327205, 0.4374999999999359956, 0.4687499999999357736, 0.4843749999999367173, 0.4921874999999373834, 0.4999999999999380496, 0.6249999999999399369, 0.6874999999999438227, 0.7187499999999459321, 0.7343749999999488187, 0.7499999999999517053, 1.000000000000000000 ),
 .UNSPECIFIED. ) ;
#1019 = ORIENTED_EDGE ( 'NONE', *, *, #2170, .F. ) ;
#1020 = CARTESIAN_POINT ( 'NONE',  ( -25.79085224801416487, -21.70118650424038975, 42.36609681439107078 ) ) ;
#1021 = CARTESIAN_POINT ( 'NONE',  ( -39.00183769826646341, -22.33210868013164685, 21.61126909722544553 ) ) ;
#1022 = CARTESIAN_POINT ( 'NONE',  ( -33.17157287525381548, -14.52818893876846751, 50.56192626329681161 ) ) ;
#1023 = CARTESIAN_POINT ( 'NONE',  ( -52.50000000000000711, -14.52818893876834494, 33.23349913855061999 ) ) ;
#1024 = ORIENTED_EDGE ( 'NONE', *, *, #1899, .T. ) ;
#1025 = CARTESIAN_POINT ( 'NONE',  ( -36.90685424949268167, -16.61109270742305810, 25.65507201380440350 ) ) ;
#1026 = DIRECTION ( 'NONE',  ( 0.000000000000000000, 1.000000000000000000, 6.982962677686266711E-15 ) ) ;
#1027 = LINE ( 'NONE', #2648, #3562 ) ;
#1028 = EDGE_CURVE ( 'NONE', #3443, #650, #1408, .T. ) ;
#1029 = EDGE_CURVE ( 'NONE', #2572, #3380, #1744, .T. ) ;
#1030 = EDGE_LOOP ( 'NONE', ( #2864, #313, #2954, #397 ) ) ;
#1031 = DIRECTION ( 'NONE',  ( -8.866364432770325634E-15, 6.938893903907211812E-15, -1.000000000000000000 ) ) ;
#1032 = CARTESIAN_POINT ( 'NONE',  ( -41.50000000000000711, -8.611092707422631776, -35.43807373670314576 ) ) ;
#1033 = VERTEX_POINT ( 'NONE', #1426 ) ;
#1034 = APPROVAL_DATE_TIME ( #2777, #734 ) ;
#1035 = CARTESIAN_POINT ( 'NONE',  ( -26.04241947805466495, -22.61109270742316468, 41.19001292487717336 ) ) ;
#1036 = EDGE_LOOP ( 'NONE', ( #3384, #2557, #2311, #448, #921 ) ) ;
#1037 = AXIS2_PLACEMENT_3D ( 'NONE', #1397, #2524, #3391 ) ;
#1038 = CARTESIAN_POINT ( 'NONE',  ( 2.613939434482804636, -24.26815306429408636, 26.84265582613805279 ) ) ;
#1039 = DIRECTION ( 'NONE',  ( 0.6546536707079743111, -0.3779644730092184823, -0.6546536707079849693 ) ) ;
#1040 = VERTEX_POINT ( 'NONE', #72 ) ;
#1041 = CARTESIAN_POINT ( 'NONE',  ( -17.55920131517019911, -23.35906560875839943, 34.74384906113398586 ) ) ;
#1042 = CARTESIAN_POINT ( 'NONE',  ( -25.81341412015467895, -24.00514242583473390, 3.235612492132924345 ) ) ;
#1043 = ORIENTED_EDGE ( 'NONE', *, *, #2671, .F. ) ;
#1044 = CARTESIAN_POINT ( 'NONE',  ( -19.29947432846050503, -22.61109270742313271, 37.16819426901071921 ) ) ;
#1045 = AXIS2_PLACEMENT_3D ( 'NONE', #344, #2550, #2886 ) ;
#1046 = ADVANCED_FACE ( 'NONE', ( #3398, #2549 ), #601, .T. ) ;
#1047 = DIRECTION ( 'NONE',  ( 0.7071067811865440200, -4.937700262164555142E-15, 0.7071067811865510144 ) ) ;
#1048 = VECTOR ( 'NONE', #1012, 999.9999999999998863 ) ;
#1049 = EDGE_LOOP ( 'NONE', ( #2284, #3309, #115, #946 ) ) ;
#1050 = VECTOR ( 'NONE', #3297, 999.9999999999998863 ) ;
#1051 = CARTESIAN_POINT ( 'NONE',  ( -7.524104172105262833, -24.49541746561473232, 24.94943028453818101 ) ) ;
#1052 = CARTESIAN_POINT ( 'NONE',  ( -42.81783724519573298, -21.61109270742306165, 26.37976350849240248 ) ) ;
#1053 = ORIENTED_EDGE ( 'NONE', *, *, #3495, .T. ) ;
#1054 = CARTESIAN_POINT ( 'NONE',  ( -26.35844865501356082, -24.48551440919623090, 14.68100961652670655 ) ) ;
#1055 = CARTESIAN_POINT ( 'NONE',  ( -26.51735907581939600, -24.40371818742753263, 4.621363958762731983 ) ) ;
#1056 = ORIENTED_EDGE ( 'NONE', *, *, #176, .T. ) ;
#1057 = CARTESIAN_POINT ( 'NONE',  ( -18.32891175496987657, -22.61109270742312916, 36.71671092280870141 ) ) ;
#1058 = CARTESIAN_POINT ( 'NONE',  ( -33.17157287525381548, -8.611092707423246395, 52.56192626329686135 ) ) ;
#1059 = B_SPLINE_SURFACE_WITH_KNOTS ( 'NONE', 1, 3, ( 
 ( #966, #2087, #3206, #693, #3224, #1837, #1103, #1404, #831, #2510 ),
 ( #1973, #2456, #3593, #3069, #2214, #783, #3339, #2527, #2231, #1936 ) ),
 .UNSPECIFIED., .F., .F., .F.,
 ( 2, 2 ),
 ( 4, 2, 2, 2, 4 ),
 ( 0.000000000000000000, 1.000000000000000000 ),
 ( 0.000000000000000000, 0.002082844828721013616, 0.004165689657442027231, 0.006248534486163040413, 0.008331379314884054463 ),
 .UNSPECIFIED. ) ;
#1060 = DIRECTION ( 'NONE',  ( 0.000000000000000000, 1.000000000000000000, 6.982962677686266711E-15 ) ) ;
#1061 = VECTOR ( 'NONE', #675, 1000.000000000000000 ) ;
#1062 = EDGE_CURVE ( 'NONE', #2020, #87, #636, .T. ) ;
#1063 = CARTESIAN_POINT ( 'NONE',  ( -11.07921834703359565, -24.69362344256737529, 24.53330922749263721 ) ) ;
#1064 = EDGE_CURVE ( 'NONE', #650, #516, #1167, .T. ) ;
#1065 = ORIENTED_EDGE ( 'NONE', *, *, #3019, .T. ) ;
#1066 = CARTESIAN_POINT ( 'NONE',  ( -31.17157287525377640, -16.26023974633734070, 49.56192626329678319 ) ) ;
#1067 = DIRECTION ( 'NONE',  ( 0.000000000000000000, -1.000000000000000000, -6.982962677686266711E-15 ) ) ;
#1068 = ORIENTED_EDGE ( 'NONE', *, *, #1814, .F. ) ;
#1069 = CARTESIAN_POINT ( 'NONE',  ( -14.35504019631996719, -38.86059282640860602, -4.911460665130013226 ) ) ;
#1070 = FACE_OUTER_BOUND ( 'NONE', #183, .T. ) ;
#1071 = ORIENTED_EDGE ( 'NONE', *, *, #3561, .T. ) ;
#1072 = CARTESIAN_POINT ( 'NONE',  ( -18.35552829992390045, -22.61109270742313981, 36.72895475785482944 ) ) ;
#1073 = CARTESIAN_POINT ( 'NONE',  ( -11.07186901729232176, -24.69921795842331491, 24.52154721578488150 ) ) ;
#1074 = ADVANCED_FACE ( 'NONE', ( #890 ), #2731, .F. ) ;
#1075 = CARTESIAN_POINT ( 'NONE',  ( -49.50000000000000000, -8.611092707423109616, 33.23349913855066262 ) ) ;
#1076 = CARTESIAN_POINT ( 'NONE',  ( -11.02987199208150670, -24.99366680375379346, 25.43315681573045950 ) ) ;
#1077 = AXIS2_PLACEMENT_3D ( 'NONE', #1023, #1747, #2996 ) ;
#1078 = ADVANCED_FACE ( 'NONE', ( #560 ), #289, .T. ) ;
#1079 = EDGE_CURVE ( 'NONE', #1715, #2714, #3172, .T. ) ;
#1080 = DIRECTION ( 'NONE',  ( 1.000000000000000000, 0.000000000000000000, 0.000000000000000000 ) ) ;
#1081 = ORIENTED_EDGE ( 'NONE', *, *, #1769, .F. ) ;
#1082 = CARTESIAN_POINT ( 'NONE',  ( 6.480384733389039198, -24.61235281792727747, 26.17395834221482431 ) ) ;
#1083 = CARTESIAN_POINT ( 'NONE',  ( -51.75000000000007816, -8.611092707423335213, 65.48349913855057025 ) ) ;
#1084 = AXIS2_PLACEMENT_3D ( 'NONE', #2995, #474, #456 ) ;
#1085 = EDGE_CURVE ( 'NONE', #2576, #3039, #2236, .T. ) ;
#1086 = VECTOR ( 'NONE', #1215, 999.9999999999998863 ) ;
#1087 = ORIENTED_EDGE ( 'NONE', *, *, #710, .F. ) ;
#1088 = CYLINDRICAL_SURFACE ( 'NONE', #1942, 2.000000000000000000 ) ;
#1089 = DIRECTION ( 'NONE',  ( -0.4999999999999989453, 0.7071067811865526798, -0.4999999999999940048 ) ) ;
#1090 = ORIENTED_EDGE ( 'NONE', *, *, #2239, .T. ) ;
#1091 = ORIENTED_EDGE ( 'NONE', *, *, #3043, .F. ) ;
#1092 = DIRECTION ( 'NONE',  ( 0.000000000000000000, 6.608470384673557335E-15, -1.000000000000000000 ) ) ;
#1093 = CARTESIAN_POINT ( 'NONE',  ( -15.42066484423319217, -24.06333184590950580, 25.85657069068084724 ) ) ;
#1094 = CARTESIAN_POINT ( 'NONE',  ( -51.75000000000007816, -16.61109270742333521, 65.48349913855051341 ) ) ;
#1095 = CARTESIAN_POINT ( 'NONE',  ( -20.07266704109891720, -22.47230511675991949, 38.10308924000465680 ) ) ;
#1096 = AXIS2_PLACEMENT_3D ( 'NONE', #2904, #380, #1500 ) ;
#1097 = CARTESIAN_POINT ( 'NONE',  ( -32.58578643762687221, -17.99229055390621212, 49.14771270092367672 ) ) ;
#1098 = ORIENTED_EDGE ( 'NONE', *, *, #3566, .F. ) ;
#1099 = CARTESIAN_POINT ( 'NONE',  ( -34.58578643762690774, -14.52818893876846751, 51.14771270092370514 ) ) ;
#1100 = AXIS2_PLACEMENT_3D ( 'NONE', #2927, #403, #1251 ) ;
#1101 = DIRECTION ( 'NONE',  ( 0.000000000000000000, -1.000000000000000000, -6.982962677686266711E-15 ) ) ;
#1102 = ORIENTED_EDGE ( 'NONE', *, *, #3534, .T. ) ;
#1103 = CARTESIAN_POINT ( 'NONE',  ( -36.97398941670191874, -22.61109270742301547, 19.08418416350151503 ) ) ;
#1104 = CARTESIAN_POINT ( 'NONE',  ( -26.11203207891808376, -24.61235281792709984, 6.542310996685694491 ) ) ;
#1105 = EDGE_CURVE ( 'NONE', #2563, #1387, #2268, .T. ) ;
#1106 = AXIS2_PLACEMENT_3D ( 'NONE', #3031, #1928, #3063 ) ;
#1107 = EDGE_CURVE ( 'NONE', #3039, #488, #947, .T. ) ;
#1108 = ORIENTED_EDGE ( 'NONE', *, *, #1589, .F. ) ;
#1109 = CARTESIAN_POINT ( 'NONE',  ( -7.740070141993488306, -24.79546082680094443, 25.81822344255955315 ) ) ;
#1110 = VERTEX_POINT ( 'NONE', #1262 ) ;
#1111 = CARTESIAN_POINT ( 'NONE',  ( 0.000000000000000000, -22.61109270742323218, 50.56192626329676187 ) ) ;
#1112 = DIRECTION ( 'NONE',  ( -0.000000000000000000, 1.000000000000000000, 6.982962677686266711E-15 ) ) ;
#1113 = CARTESIAN_POINT ( 'NONE',  ( -26.00000000000000355, -23.90634406542056922, 0.06192626329673631830 ) ) ;
#1114 = CARTESIAN_POINT ( 'NONE',  ( -8.393570073714787583, -24.60551353665337260, 24.71829046644832673 ) ) ;
#1115 = CIRCLE ( 'NONE', #1302, 10.00000000000000178 ) ;
#1116 = DIRECTION ( 'NONE',  ( 0.000000000000000000, 1.000000000000000000, 6.982962677686266711E-15 ) ) ;
#1117 = ORIENTED_EDGE ( 'NONE', *, *, #2078, .F. ) ;
#1118 = EDGE_CURVE ( 'NONE', #1433, #741, #2388, .T. ) ;
#1119 = CARTESIAN_POINT ( 'NONE',  ( -10.41799039214576261, -17.61109270742303323, 24.52154721578492769 ) ) ;
#1120 = FACE_OUTER_BOUND ( 'NONE', #2235, .T. ) ;
#1121 = VECTOR ( 'NONE', #2004, 1000.000000000000114 ) ;
#1122 = DIRECTION ( 'NONE',  ( 0.7071067811865512365, 4.937700262164505444E-15, -0.7071067811865439090 ) ) ;
#1123 = EDGE_LOOP ( 'NONE', ( #985, #2786, #744, #2639 ) ) ;
#1124 = PLANE ( 'NONE',  #1533 ) ;
#1125 = CARTESIAN_POINT ( 'NONE',  ( -24.52165890913991575, -24.66967170335971815, 9.345262334141827054 ) ) ;
#1126 = CARTESIAN_POINT ( 'NONE',  ( -60.17957864020578285, -26.61109270742318600, 43.74150490350260156 ) ) ;
#1127 = EDGE_CURVE ( 'NONE', #1875, #1835, #1579, .T. ) ;
#1128 = ORIENTED_EDGE ( 'NONE', *, *, #933, .T. ) ;
#1129 = DIRECTION ( 'NONE',  ( 0.4999999999999923950, 0.7071067811865479058, 0.5000000000000071054 ) ) ;
#1130 = ORIENTED_EDGE ( 'NONE', *, *, #2619, .T. ) ;
#1131 = PLANE ( 'NONE',  #2350 ) ;
#1132 = LINE ( 'NONE', #3326, #323 ) ;
#1133 = EDGE_CURVE ( 'NONE', #1407, #2997, #107, .T. ) ;
#1134 = CARTESIAN_POINT ( 'NONE',  ( -26.01813799084503387, -22.61109270742316468, 41.21486697033886060 ) ) ;
#1135 = CARTESIAN_POINT ( 'NONE',  ( -16.83179116279741550, -23.59673722566954623, 26.83615326404364865 ) ) ;
#1136 = DIRECTION ( 'NONE',  ( 1.000000000000000000, 0.000000000000000000, 0.000000000000000000 ) ) ;
#1137 = ORIENTED_EDGE ( 'NONE', *, *, #2859, .T. ) ;
#1138 = AXIS2_PLACEMENT_3D ( 'NONE', #738, #773, #1862 ) ;
#1139 = DIRECTION ( 'NONE',  ( -0.3110177634954007231, 0.6546536707079685380, -0.6889822365046154307 ) ) ;
#1140 = CARTESIAN_POINT ( 'NONE',  ( -17.75928913899591066, -22.61109270742312916, 36.45443614058969217 ) ) ;
#1141 = CARTESIAN_POINT ( 'NONE',  ( -27.38855314062280755, -23.30412258706851603, 17.55098446730765716 ) ) ;
#1142 = ORIENTED_EDGE ( 'NONE', *, *, #504, .T. ) ;
#1143 = CARTESIAN_POINT ( 'NONE',  ( 0.000000000000000000, -16.61109270742287691, 0.06192626329680570724 ) ) ;
#1144 = CARTESIAN_POINT ( 'NONE',  ( -24.48071138884261444, -24.68917626015017674, 9.792971297746580817 ) ) ;
#1145 = CARTESIAN_POINT ( 'NONE',  ( -7.994822889910272679, -24.56320711866406015, 24.80712044641613900 ) ) ;
#1146 = AXIS2_PLACEMENT_3D ( 'NONE', #702, #742, #1827 ) ;
#1147 = ORIENTED_EDGE ( 'NONE', *, *, #3299, .F. ) ;
#1148 = CARTESIAN_POINT ( 'NONE',  ( -40.32886667852283580, -22.07519432256080094, 23.50975022654274582 ) ) ;
#1149 = CARTESIAN_POINT ( 'NONE',  ( -49.50000000000000000, -8.611092707422878689, 0.06192626329686121839 ) ) ;
#1150 = DIRECTION ( 'NONE',  ( -0.7071067811865510144, -4.857225732735058287E-15, 0.7071067811865441310 ) ) ;
#1151 = VECTOR ( 'NONE', #361, 1000.000000000000000 ) ;
#1152 = CARTESIAN_POINT ( 'NONE',  ( -31.17157287525377996, -17.99229055390621923, 50.56192626329678319 ) ) ;
#1153 = VERTEX_POINT ( 'NONE', #731 ) ;
#1154 = CC_DESIGN_PERSON_AND_ORGANIZATION_ASSIGNMENT ( #1490, #3444, ( #2687 ) ) ;
#1155 = EDGE_CURVE ( 'NONE', #785, #2100, #2473, .T. ) ;
#1156 = DIRECTION ( 'NONE',  ( 0.7071067811865474617, -4.937700262164531476E-15, 0.7071067811865474617 ) ) ;
#1157 = ORIENTED_EDGE ( 'NONE', *, *, #52, .F. ) ;
#1158 = CARTESIAN_POINT ( 'NONE',  ( -50.37867965644034740, -8.611092707423123827, 35.35481948211030101 ) ) ;
#1159 = LINE ( 'NONE', #1753, #3077 ) ;
#1160 = CIRCLE ( 'NONE', #2455, 3.499999999999999556 ) ;
#1161 = EDGE_LOOP ( 'NONE', ( #1353, #2763, #3016, #156, #2677, #3179 ) ) ;
#1162 = DIRECTION ( 'NONE',  ( 0.000000000000000000, -6.938893903907230744E-15, 1.000000000000000000 ) ) ;
#1163 = CARTESIAN_POINT ( 'NONE',  ( -26.74179865464856931, -23.61217865547603267, 16.84048815908939645 ) ) ;
#1164 = FACE_OUTER_BOUND ( 'NONE', #1759, .T. ) ;
#1165 = ADVANCED_FACE ( 'NONE', ( #2262 ), #1378, .T. ) ;
#1166 = ORIENTED_EDGE ( 'NONE', *, *, #2869, .T. ) ;
#1167 = LINE ( 'NONE', #3346, #1151 ) ;
#1168 = CARTESIAN_POINT ( 'NONE',  ( -31.25000000000034817, -21.61109270742309718, 31.31192626329676187 ) ) ;
#1169 = DIRECTION ( 'NONE',  ( -0.4999999999999962808, 0.7071067811865527908, -0.4999999999999962252 ) ) ;
#1170 = VECTOR ( 'NONE', #109, 1000.000000000000114 ) ;
#1171 = LINE ( 'NONE', #3600, #2851 ) ;
#1172 = ORIENTED_EDGE ( 'NONE', *, *, #275, .F. ) ;
#1173 = DIRECTION ( 'NONE',  ( 0.000000000000000000, -6.938893903907222067E-15, 1.000000000000000000 ) ) ;
#1174 = EDGE_CURVE ( 'NONE', #2509, #516, #2300, .T. ) ;
#1175 = CARTESIAN_POINT ( 'NONE',  ( -30.00000000000000000, -22.61109270742289823, 3.042752055641252174 ) ) ;
#1176 = EDGE_LOOP ( 'NONE', ( #969, #2855, #416, #2505 ) ) ;
#1177 = LINE ( 'NONE', #1158, #563 ) ;
#1178 = AXIS2_PLACEMENT_3D ( 'NONE', #1276, #1849, #197 ) ;
#1179 = LINE ( 'NONE', #572, #1968 ) ;
#1180 = EDGE_CURVE ( 'NONE', #214, #704, #2945, .T. ) ;
#1181 = CONICAL_SURFACE ( 'NONE', #485, 1.000000000000000888, 0.7853981633974447263 ) ;
#1182 = ORIENTED_EDGE ( 'NONE', *, *, #3451, .T. ) ;
#1183 = DIRECTION ( 'NONE',  ( 0.000000000000000000, -1.000000000000000000, -6.982962677686266711E-15 ) ) ;
#1184 = CARTESIAN_POINT ( 'NONE',  ( -33.17157287525381548, -8.611092707423225079, 49.56192626329685424 ) ) ;
#1185 = DIRECTION ( 'NONE',  ( -0.000000000000000000, 1.000000000000000000, 6.982962677686266711E-15 ) ) ;
#1186 = ORIENTED_EDGE ( 'NONE', *, *, #1839, .T. ) ;
#1187 = CARTESIAN_POINT ( 'NONE',  ( -31.21882285961713421, -22.61109270742320376, 46.36653556054086067 ) ) ;
#1188 = CARTESIAN_POINT ( 'NONE',  ( -31.25000000000000000, -22.61109270742292310, 6.311926263296761874 ) ) ;
#1189 = FACE_OUTER_BOUND ( 'NONE', #2430, .T. ) ;
#1190 = CARTESIAN_POINT ( 'NONE',  ( -39.58304597993990370, -22.61109270742304389, 23.98762173269453868 ) ) ;
#1191 = VERTEX_POINT ( 'NONE', #3064 ) ;
#1192 = DIRECTION ( 'NONE',  ( 1.000000000000000000, -3.469446951953613400E-15, 0.000000000000000000 ) ) ;
#1193 = CARTESIAN_POINT ( 'NONE',  ( -40.73970497916922540, -16.42707160992521764, 57.30163124246595885 ) ) ;
#1194 = ORIENTED_EDGE ( 'NONE', *, *, #2212, .T. ) ;
#1195 = CARTESIAN_POINT ( 'NONE',  ( -26.30025253169454658, -21.61109270742313271, 36.26167373160262031 ) ) ;
#1196 = CARTESIAN_POINT ( 'NONE',  ( 0.000000000000000000, -16.61109270742287691, 0.06192626329680570724 ) ) ;
#1197 = EDGE_CURVE ( 'NONE', #3380, #136, #184, .T. ) ;
#1198 = ORIENTED_EDGE ( 'NONE', *, *, #797, .F. ) ;
#1199 = CARTESIAN_POINT ( 'NONE',  ( -53.16421356237317752, -8.611092707423345871, 66.89771270092367672 ) ) ;
#1200 = CARTESIAN_POINT ( 'NONE',  ( -51.75000000000007816, -9.611092707423335213, 65.48349913855055604 ) ) ;
#1201 = DIRECTION ( 'NONE',  ( 0.000000000000000000, 1.000000000000000000, 6.982962677686266711E-15 ) ) ;
#1202 = AXIS2_PLACEMENT_3D ( 'NONE', #2552, #2774, #1373 ) ;
#1203 = ADVANCED_FACE ( 'NONE', ( #1363 ), #2650, .F. ) ;
#1204 = VERTEX_POINT ( 'NONE', #257 ) ;
#1205 = CARTESIAN_POINT ( 'NONE',  ( -38.82778797518368208, -22.61109270742303323, 22.73367993663273978 ) ) ;
#1206 = CARTESIAN_POINT ( 'NONE',  ( 0.000000000000000000, -8.611092707422878689, 0.06192626329686121839 ) ) ;
#1207 = CARTESIAN_POINT ( 'NONE',  ( -21.99892752368077709, -22.61109270742313981, 38.51861838132413851 ) ) ;
#1208 = CARTESIAN_POINT ( 'NONE',  ( -33.85373563005801856, -17.26023974633734781, 50.41566189335480175 ) ) ;
#1209 = AXIS2_PLACEMENT_3D ( 'NONE', #2840, #2007, #354 ) ;
#1210 = ORIENTED_EDGE ( 'NONE', *, *, #790, .F. ) ;
#1211 =( GEOMETRIC_REPRESENTATION_CONTEXT ( 3 ) GLOBAL_UNCERTAINTY_ASSIGNED_CONTEXT ( ( #684 ) ) GLOBAL_UNIT_ASSIGNED_CONTEXT ( ( #995, #958, #2895 ) ) REPRESENTATION_CONTEXT ( 'NONE', 'WORKASPACE' ) );
#1212 = LINE ( 'NONE', #3385, #3341 ) ;
#1213 = DIRECTION ( 'NONE',  ( 0.000000000000000000, 6.938893903907233111E-15, -1.000000000000000000 ) ) ;
#1214 = ORIENTED_EDGE ( 'NONE', *, *, #1690, .F. ) ;
#1215 = DIRECTION ( 'NONE',  ( 0.000000000000000000, -0.7071067811865439090, -0.7071067811865512365 ) ) ;
#1216 = CARTESIAN_POINT ( 'NONE',  ( -41.47318425872973791, -21.85246435392891229, 24.93729674656794515 ) ) ;
#1217 = ORIENTED_EDGE ( 'NONE', *, *, #1723, .T. ) ;
#1218 = FACE_OUTER_BOUND ( 'NONE', #3142, .T. ) ;
#1219 = FACE_OUTER_BOUND ( 'NONE', #3190, .T. ) ;
#1220 = DIRECTION ( 'NONE',  ( 0.000000000000000000, 6.982962677686266711E-15, -1.000000000000000000 ) ) ;
#1221 = AXIS2_PLACEMENT_3D ( 'NONE', #637, #53, #3131 ) ;
#1222 = EDGE_LOOP ( 'NONE', ( #907, #1417, #2245, #3306, #2208 ) ) ;
#1223 = CARTESIAN_POINT ( 'NONE',  ( -39.35643231708333900, -22.61109270742303679, 23.62884152861094122 ) ) ;
#1224 = FACE_OUTER_BOUND ( 'NONE', #1336, .T. ) ;
#1225 = FACE_OUTER_BOUND ( 'NONE', #849, .T. ) ;
#1226 = ADVANCED_FACE ( 'NONE', ( #21 ), #2762, .F. ) ;
#1227 = VECTOR ( 'NONE', #2666, 1000.000000000000000 ) ;
#1228 = EDGE_LOOP ( 'NONE', ( #2884, #1172, #267, #2668, #1147 ) ) ;
#1229 = CIRCLE ( 'NONE', #703, 7.999999999999972466 ) ;
#1230 = DIRECTION ( 'NONE',  ( 1.000000000000000000, 0.000000000000000000, 0.000000000000000000 ) ) ;
#1231 = DIRECTION ( 'NONE',  ( -0.000000000000000000, -6.982962677686266711E-15, 1.000000000000000000 ) ) ;
#1232 = CARTESIAN_POINT ( 'NONE',  ( -26.30025253169454658, -17.61109270742311494, 36.26167373160264873 ) ) ;
#1233 = EDGE_LOOP ( 'NONE', ( #1724, #46, #1900, #338 ) ) ;
#1234 = PERSON_AND_ORGANIZATION ( #1780, #3426 ) ;
#1235 = VECTOR ( 'NONE', #3187, 1000.000000000000000 ) ;
#1236 = CARTESIAN_POINT ( 'NONE',  ( -7.749004178416569744, -23.76923890102161252, 27.81192626329674411 ) ) ;
#1237 = ORIENTED_EDGE ( 'NONE', *, *, #1517, .T. ) ;
#1238 = CIRCLE ( 'NONE', #2419, 26.99999999999998224 ) ;
#1239 = DIRECTION ( 'NONE',  ( -0.6546536707079743111, 0.3779644730092195370, 0.6546536707079844142 ) ) ;
#1240 = CARTESIAN_POINT ( 'NONE',  ( -36.01705039760826565, -22.61109270742300126, 16.87503377441248986 ) ) ;
#1241 = CARTESIAN_POINT ( 'NONE',  ( -50.50000000000000000, -9.611092707422878689, 0.06192626329685427949 ) ) ;
#1242 = EDGE_CURVE ( 'NONE', #3001, #2894, #3286, .T. ) ;
#1243 = EDGE_LOOP ( 'NONE', ( #3409, #3275, #3091, #1271 ) ) ;
#1244 = CARTESIAN_POINT ( 'NONE',  ( 18.56567150244516640, -21.86929370514911497, 101.4962547608516132 ) ) ;
#1245 = CARTESIAN_POINT ( 'NONE',  ( -10.41799039214576261, -17.61109270742310073, 34.52154721578493479 ) ) ;
#1246 = DIRECTION ( 'NONE',  ( -0.7071067811865435759, -4.937700262164559875E-15, 0.7071067811865515695 ) ) ;
#1247 = EDGE_CURVE ( 'NONE', #851, #2454, #1675, .T. ) ;
#1248 = EDGE_CURVE ( 'NONE', #1033, #2894, #3588, .T. ) ;
#1249 = ORIENTED_EDGE ( 'NONE', *, *, #492, .F. ) ;
#1250 = LINE ( 'NONE', #1880, #1061 ) ;
#1251 = DIRECTION ( 'NONE',  ( 0.000000000000000000, 6.938893903907228378E-15, -1.000000000000000000 ) ) ;
#1252 = ADVANCED_FACE ( 'NONE', ( #3314 ), #2207, .T. ) ;
#1253 = CARTESIAN_POINT ( 'NONE',  ( -21.24209078035838516, -22.36633750057955083, 38.85921986814458506 ) ) ;
#1254 = ORIENTED_EDGE ( 'NONE', *, *, #220, .T. ) ;
#1255 = DATE_AND_TIME ( #1272, #745 ) ;
#1256 = DIRECTION ( 'NONE',  ( -0.02067924729934237163, 0.8803712478008206554, -0.4738341848967408398 ) ) ;
#1257 = ORIENTED_EDGE ( 'NONE', *, *, #478, .F. ) ;
#1258 = CARTESIAN_POINT ( 'NONE',  ( -26.31783724519563705, -21.61109270742318245, 42.87976350849248064 ) ) ;
#1259 = DIRECTION ( 'NONE',  ( -0.000000000000000000, 1.000000000000000000, 6.982962677686266711E-15 ) ) ;
#1260 = PLANE ( 'NONE',  #389 ) ;
#1261 = ORIENTED_EDGE ( 'NONE', *, *, #3387, .F. ) ;
#1262 = CARTESIAN_POINT ( 'NONE',  ( -40.82050807568870709, -21.27134674526727665, 0.06192626329677101277 ) ) ;
#1263 = CARTESIAN_POINT ( 'NONE',  ( -7.740070141993488306, -24.79546082680094443, 25.81822344255955315 ) ) ;
#1264 = CARTESIAN_POINT ( 'NONE',  ( -31.25000000000000000, -26.39144727796449530, 6.311926263296734341 ) ) ;
#1265 = ORIENTED_EDGE ( 'NONE', *, *, #1118, .T. ) ;
#1266 = CYLINDRICAL_SURFACE ( 'NONE', #2063, 2.000000000000001776 ) ;
#1267 = CARTESIAN_POINT ( 'NONE',  ( -16.49208095094236270, -22.61109270742312560, 35.88243433898547607 ) ) ;
#1268 = VECTOR ( 'NONE', #1220, 1000.000000000000000 ) ;
#1269 = PRODUCT_RELATED_PRODUCT_CATEGORY ( 'detail', '', ( #2181 ) ) ;
#1270 = LINE ( 'NONE', #1867, #3057 ) ;
#1271 = ORIENTED_EDGE ( 'NONE', *, *, #3023, .F. ) ;
#1272 = CALENDAR_DATE ( 2026, 5, 6 ) ;
#1273 = EDGE_CURVE ( 'NONE', #1508, #2352, #298, .T. ) ;
#1274 = DIRECTION ( 'NONE',  ( 0.8891264907159910358, -0.4576615381557277984, -3.195833439953936319E-15 ) ) ;
#1275 = ORIENTED_EDGE ( 'NONE', *, *, #1133, .T. ) ;
#1276 = CARTESIAN_POINT ( 'NONE',  ( -35.50000000000001421, -8.611092707423123827, 35.56192626329686846 ) ) ;
#1277 = DIRECTION ( 'NONE',  ( 0.000000000000000000, 0.4576615381557215811, 0.8891264907159941444 ) ) ;
#1278 = FACE_OUTER_BOUND ( 'NONE', #501, .T. ) ;
#1279 = VERTEX_POINT ( 'NONE', #1097 ) ;
#1280 = CARTESIAN_POINT ( 'NONE',  ( -38.04995489279995979, -22.61109270742302968, 21.28716851123876808 ) ) ;
#1281 = CARTESIAN_POINT ( 'NONE',  ( -17.50789550082454227, -22.61380146066992936, 36.72894646388427731 ) ) ;
#1282 = DIRECTION ( 'NONE',  ( 0.7071067811865515695, 4.937700262164502288E-15, -0.7071067811865435759 ) ) ;
#1283 = VERTEX_POINT ( 'NONE', #839 ) ;
#1284 = AXIS2_PLACEMENT_3D ( 'NONE', #2653, #1231, #1192 ) ;
#1285 = DIRECTION ( 'NONE',  ( 0.000000000000000000, -6.982962677686266711E-15, 1.000000000000000000 ) ) ;
#1286 = DIRECTION ( 'NONE',  ( 0.7071067811865475727, 5.046468293750711404E-15, -0.7071067811865475727 ) ) ;
#1287 = VERTEX_POINT ( 'NONE', #1025 ) ;
#1288 = VECTOR ( 'NONE', #820, 1000.000000000000114 ) ;
#1289 = DIRECTION ( 'NONE',  ( -0.2046286570172923258, 0.7071067811865442421, 0.6768508792395145912 ) ) ;
#1290 = CYLINDRICAL_SURFACE ( 'NONE', #2621, 2.000000000000001332 ) ;
#1291 = EDGE_CURVE ( 'NONE', #3138, #2741, #2225, .T. ) ;
#1292 = ORIENTED_EDGE ( 'NONE', *, *, #324, .F. ) ;
#1293 = CARTESIAN_POINT ( 'NONE',  ( -25.64215342679448995, -21.72622029043182579, 42.22602617356785970 ) ) ;
#1294 = CARTESIAN_POINT ( 'NONE',  ( -38.00699995016008614, -22.47646571676920502, 20.08093180871330574 ) ) ;
#1295 = DIRECTION ( 'NONE',  ( 0.000000000000000000, -6.938893903907222067E-15, 1.000000000000000000 ) ) ;
#1296 = DIRECTION ( 'NONE',  ( 0.7071067811865519026, -5.204170427930421283E-15, 0.7071067811865432429 ) ) ;
#1297 = EDGE_CURVE ( 'NONE', #2703, #3465, #3452, .T. ) ;
#1298 = ORIENTED_EDGE ( 'NONE', *, *, #2595, .F. ) ;
#1299 = DIRECTION ( 'NONE',  ( 0.000000000000000000, -6.938893903907252043E-15, 1.000000000000000000 ) ) ;
#1300 = DIRECTION ( 'NONE',  ( -0.6546536707079743111, 0.3779644730092193150, 0.6546536707079845252 ) ) ;
#1301 = FACE_OUTER_BOUND ( 'NONE', #1885, .T. ) ;
#1302 = AXIS2_PLACEMENT_3D ( 'NONE', #1495, #2010, #3165 ) ;
#1303 = EDGE_LOOP ( 'NONE', ( #736, #1102 ) ) ;
#1304 = DIRECTION ( 'NONE',  ( -0.000000000000000000, -1.000000000000000000, -6.982962677686266711E-15 ) ) ;
#1305 = CARTESIAN_POINT ( 'NONE',  ( 0.000000000000000000, -9.611092707423230408, 50.56192626329684714 ) ) ;
#1306 = CARTESIAN_POINT ( 'NONE',  ( 0.000000000000000000, -22.61109270742287691, 0.06192626329676407387 ) ) ;
#1307 = ORIENTED_EDGE ( 'NONE', *, *, #2442, .T. ) ;
#1308 = EDGE_CURVE ( 'NONE', #1648, #214, #2635, .T. ) ;
#1309 = PERSON_AND_ORGANIZATION ( #1780, #3426 ) ;
#1310 = FACE_OUTER_BOUND ( 'NONE', #3453, .T. ) ;
#1311 = EDGE_LOOP ( 'NONE', ( #303, #1237, #2818, #437, #3578, #386, #366, #1615, #2253, #1024, #111, #696, #3068, #624, #2479, #331, #1676, #2841, #2959, #1081, #1935, #1662, #1091 ) ) ;
#1312 = CARTESIAN_POINT ( 'NONE',  ( -24.88750402124151151, -24.49541746561653355, 7.586030435401750260 ) ) ;
#1313 = CARTESIAN_POINT ( 'NONE',  ( -35.82050807568872131, -22.61109270742287691, 0.06192626329676407387 ) ) ;
#1314 = EDGE_CURVE ( 'NONE', #516, #1279, #2318, .T. ) ;
#1315 = ORIENTED_EDGE ( 'NONE', *, *, #3042, .F. ) ;
#1316 = LINE ( 'NONE', #439, #282 ) ;
#1317 = LINE ( 'NONE', #2723, #2168 ) ;
#1318 = ADVANCED_FACE ( 'NONE', ( #2836 ), #2596, .F. ) ;
#1319 = ORIENTED_EDGE ( 'NONE', *, *, #686, .F. ) ;
#1320 = CARTESIAN_POINT ( 'NONE',  ( -51.08578643762690064, -14.52818893876835382, 34.64771270092371225 ) ) ;
#1321 = DIRECTION ( 'NONE',  ( 0.000000000000000000, 6.982962677686266711E-15, -1.000000000000000000 ) ) ;
#1322 = AXIS2_PLACEMENT_3D ( 'NONE', #614, #1201, #29 ) ;
#1323 = B_SPLINE_SURFACE_WITH_KNOTS ( 'NONE', 1, 3, ( 
 ( #3055, #3294, #3040, #1905, #520, #1616, #3026, #1683, #506, #1649, #2803, #2475, #2250, #3359, #845, #2738, #2768, #538 ),
 ( #1630, #2195, #216, #1368, #3559, #1054, #2493, #2182, #1663, #2784, #2752, #231, #1349, #3579, #800, #264, #1923, #1385 ) ),
 .UNSPECIFIED., .F., .F., .F.,
 ( 2, 2 ),
 ( 4, 2, 2, 2, 2, 2, 2, 2, 4 ),
 ( 0.000000000000000000, 1.000000000000000000 ),
 ( -0.7853981633974536081, -0.6505248843687716498, -0.5156516053400895805, -0.3807783263114075667, -0.2459050472827255807, -0.1110317682540435669, 0.02384151077463843305, 0.1587147898033204330, 0.2935880688320024468 ),
 .UNSPECIFIED. ) ;
#1324 = EDGE_LOOP ( 'NONE', ( #951, #3082, #2444, #1056 ) ) ;
#1325 = CIRCLE ( 'NONE', #2330, 3.499999999999999556 ) ;
#1326 = AXIS2_PLACEMENT_3D ( 'NONE', #2830, #1499, #125 ) ;
#1327 = CARTESIAN_POINT ( 'NONE',  ( -32.81020741413669128, -15.37703899300866972, 50.38124353273810385 ) ) ;
#1328 = CARTESIAN_POINT ( 'NONE',  ( -40.50000000000000711, -16.61109270742312916, 35.56192626329681872 ) ) ;
#1329 = EDGE_CURVE ( 'NONE', #3492, #2488, #3461, .T. ) ;
#1330 = ORIENTED_EDGE ( 'NONE', *, *, #3550, .F. ) ;
#1331 = CARTESIAN_POINT ( 'NONE',  ( -5.656854249492325515, -16.61109270742283783, -5.594927986195583181 ) ) ;
#1332 = CYLINDRICAL_SURFACE ( 'NONE', #1929, 6.999999999999992006 ) ;
#1333 = EDGE_CURVE ( 'NONE', #1658, #2576, #114, .T. ) ;
#1334 = B_SPLINE_CURVE_WITH_KNOTS ( 'NONE', 1,
 ( #1141, #2897 ),
 .UNSPECIFIED., .F., .F.,
 ( 2, 2 ),
 ( 0.000000000000000000, 1.000000000000000000 ),
 .UNSPECIFIED. ) ;
#1335 = EDGE_CURVE ( 'NONE', #2530, #2563, #2137, .T. ) ;
#1336 = EDGE_LOOP ( 'NONE', ( #1443, #1486, #1427, #1703 ) ) ;
#1337 = CARTESIAN_POINT ( 'NONE',  ( -17.43894925509993143, -22.61109270742312205, 36.31055279717925544 ) ) ;
#1338 = DIRECTION ( 'NONE',  ( 0.000000000000000000, -6.938893903907252043E-15, 1.000000000000000000 ) ) ;
#1339 = VECTOR ( 'NONE', #362, 1000.000000000000000 ) ;
#1340 = CARTESIAN_POINT ( 'NONE',  ( -66.83578643762682248, -9.611092707423249948, 53.22613982567003177 ) ) ;
#1341 = CARTESIAN_POINT ( 'NONE',  ( -18.32151345844752655, -22.57507294947023624, 37.00610996705824363 ) ) ;
#1342 = VECTOR ( 'NONE', #1924, 1000.000000000000000 ) ;
#1343 = ORIENTED_EDGE ( 'NONE', *, *, #436, .T. ) ;
#1344 = VECTOR ( 'NONE', #54, 999.9999999999998863 ) ;
#1345 = CARTESIAN_POINT ( 'NONE',  ( 4.432218772900474058, -24.10367482624150526, 25.68925678301444648 ) ) ;
#1346 = CARTESIAN_POINT ( 'NONE',  ( 0.000000000000000000, -22.61109270742323218, 50.56192626329676187 ) ) ;
#1347 = CARTESIAN_POINT ( 'NONE',  ( -39.91492707072990243, -22.61109270742304389, 24.50568137211392994 ) ) ;
#1348 = VERTEX_POINT ( 'NONE', #351 ) ;
#1349 = CARTESIAN_POINT ( 'NONE',  ( -25.35305841389029524, -25.00302057845756565, 10.67522362086488563 ) ) ;
#1350 = CARTESIAN_POINT ( 'NONE',  ( -25.94566543225670330, -24.69798699507038720, -7.051777872611520337 ) ) ;
#1351 = EDGE_CURVE ( 'NONE', #894, #876, #879, .T. ) ;
#1352 = VECTOR ( 'NONE', #1657, 1000.000000000000114 ) ;
#1353 = ORIENTED_EDGE ( 'NONE', *, *, #1291, .F. ) ;
#1354 = CARTESIAN_POINT ( 'NONE',  ( -19.50109734144310636, -22.61109270742314337, 37.26335520288886727 ) ) ;
#1355 = AXIS2_PLACEMENT_3D ( 'NONE', #47, #1439, #1162 ) ;
#1356 = DIRECTION ( 'NONE',  ( -0.7071067811865516806, -4.937700262164502288E-15, 0.7071067811865434649 ) ) ;
#1357 = ADVANCED_FACE ( 'NONE', ( #1789 ), #646, .T. ) ;
#1358 = CARTESIAN_POINT ( 'NONE',  ( -47.01171607843063782, -12.61109270742309185, 30.57364234172742101 ) ) ;
#1359 = AXIS2_PLACEMENT_3D ( 'NONE', #700, #1047, #679 ) ;
#1360 = EDGE_LOOP ( 'NONE', ( #2263, #187, #1379, #1879 ) ) ;
#1361 = CARTESIAN_POINT ( 'NONE',  ( -8.544649233114226305, -24.90555689783929694, 25.60433320900742871 ) ) ;
#1362 = EDGE_CURVE ( 'NONE', #3039, #71, #2059, .T. ) ;
#1363 = FACE_OUTER_BOUND ( 'NONE', #2412, .T. ) ;
#1364 = EDGE_LOOP ( 'NONE', ( #203, #505, #3423, #1809 ) ) ;
#1365 = CARTESIAN_POINT ( 'NONE',  ( -0.6543658829907899044, -24.20638742660693765, 26.96265163112725105 ) ) ;
#1366 = CARTESIAN_POINT ( 'NONE',  ( -66.83578643762683669, -15.61109270742322508, 50.39771270092381883 ) ) ;
#1367 = VERTEX_POINT ( 'NONE', #3117 ) ;
#1368 = CARTESIAN_POINT ( 'NONE',  ( -26.99832189717086450, -24.15615140484510803, 15.75294590189162847 ) ) ;
#1369 = CARTESIAN_POINT ( 'NONE',  ( -26.78072956284131223, -24.26815306429387675, -2.552013171186112039 ) ) ;
#1370 = EDGE_LOOP ( 'NONE', ( #3427, #1343, #2197, #1634 ) ) ;
#1371 = DIRECTION ( 'NONE',  ( 0.7071067811865435759, 4.937700262164559875E-15, -0.7071067811865515695 ) ) ;
#1372 = DIRECTION ( 'NONE',  ( 0.000000000000000000, 6.982962677686266711E-15, -1.000000000000000000 ) ) ;
#1373 = DIRECTION ( 'NONE',  ( 0.000000000000000000, 6.608470384673557335E-15, -1.000000000000000000 ) ) ;
#1374 = CARTESIAN_POINT ( 'NONE',  ( -23.44782396324600882, -22.07519432256091108, 40.39079294181959767 ) ) ;
#1375 = VECTOR ( 'NONE', #2734, 1000.000000000000114 ) ;
#1376 = EDGE_CURVE ( 'NONE', #1835, #2889, #627, .T. ) ;
#1377 = EDGE_CURVE ( 'NONE', #1348, #2767, #3178, .T. ) ;
#1378 = PLANE ( 'NONE',  #3004 ) ;
#1379 = ORIENTED_EDGE ( 'NONE', *, *, #2329, .F. ) ;
#1380 = CARTESIAN_POINT ( 'NONE',  ( -34.58578643762751170, -14.87726727984863473, 51.14771270092430910 ) ) ;
#1381 = DIRECTION ( 'NONE',  ( 1.734723475976805517E-15, -6.938893903907222067E-15, 1.000000000000000000 ) ) ;
#1382 = AXIS2_PLACEMENT_3D ( 'NONE', #180, #748, #1295 ) ;
#1383 = ORIENTED_EDGE ( 'NONE', *, *, #3245, .T. ) ;
#1384 = B_SPLINE_SURFACE_WITH_KNOTS ( 'NONE', 1, 3, ( 
 ( #3295, #1350, #1386, #2511, #2494, #3308, #1369, #202, #2739, #3560, #2196, #801, #2232, #1055, #2785, #1104, #2183, #249 ),
 ( #784, #521, #3056, #3027, #1631, #477, #2753, #813, #752, #2441, #769, #1937, #1042, #1650, #1894, #2165, #232, #495 ) ),
 .UNSPECIFIED., .F., .F., .F.,
 ( 2, 2 ),
 ( 4, 2, 2, 2, 2, 2, 2, 2, 4 ),
 ( 0.000000000000000000, 1.000000000000000000 ),
 ( 2.848004584757794611, 2.921401601965794015, 2.994798619173793863, 3.068195636381793712, 3.141592653589793116, 3.214989670797792520, 3.288386688005792369, 3.361783705213792217, 3.435180722421791621 ),
 .UNSPECIFIED. ) ;
#1385 = CARTESIAN_POINT ( 'NONE',  ( -25.75629717926290496, -24.79546082680080943, 7.801996405289918002 ) ) ;
#1386 = CARTESIAN_POINT ( 'NONE',  ( -26.11203207891805889, -24.61235281792702878, -6.418458470092286205 ) ) ;
#1387 = VERTEX_POINT ( 'NONE', #1750 ) ;
#1388 = EDGE_LOOP ( 'NONE', ( #767, #2788, #3462, #2616, #2548, #3105, #1917, #1186, #1889, #1425, #1776, #2191, #2932, #247 ) ) ;
#1389 = CARTESIAN_POINT ( 'NONE',  ( -6.250000000000005329, -19.61109270742309718, 31.31192626329678319 ) ) ;
#1390 = LINE ( 'NONE', #329, #2080 ) ;
#1391 = CARTESIAN_POINT ( 'NONE',  ( -24.44375510881721425, -22.61109270742315047, 39.97685333402665009 ) ) ;
#1392 = CARTESIAN_POINT ( 'NONE',  ( -14.95788848227890711, -24.18547104800974168, 25.60014341087370937 ) ) ;
#1393 = AXIS2_PLACEMENT_3D ( 'NONE', #3490, #1026, #1855 ) ;
#1394 = CARTESIAN_POINT ( 'NONE',  ( -36.15617987709926950, -22.61109270742299415, 17.29708212516283083 ) ) ;
#1395 = VERTEX_POINT ( 'NONE', #2556 ) ;
#1396 = CARTESIAN_POINT ( 'NONE',  ( 1.308731235184315445, -24.21875386405161734, 26.93862661217517740 ) ) ;
#1397 = CARTESIAN_POINT ( 'NONE',  ( -22.49208095094239823, -23.00339755283644649, 41.88243433898545476 ) ) ;
#1398 = AXIS2_PLACEMENT_3D ( 'NONE', #915, #2039, #3175 ) ;
#1399 = CARTESIAN_POINT ( 'NONE',  ( -42.35002563403995879, -21.69211661351903331, 25.91199163974185282 ) ) ;
#1400 = EDGE_CURVE ( 'NONE', #885, #2748, #1770, .T. ) ;
#1401 = EDGE_CURVE ( 'NONE', #3129, #1433, #245, .T. ) ;
#1402 = AXIS2_PLACEMENT_3D ( 'NONE', #1544, #717, #2074 ) ;
#1403 = ORIENTED_EDGE ( 'NONE', *, *, #307, .F. ) ;
#1404 = CARTESIAN_POINT ( 'NONE',  ( -36.39250987729295161, -22.61109270742300126, 17.82121540229264411 ) ) ;
#1405 = DIRECTION ( 'NONE',  ( -1.000000000000000000, 0.000000000000000000, -0.000000000000000000 ) ) ;
#1406 = EDGE_CURVE ( 'NONE', #145, #3589, #1011, .T. ) ;
#1407 = VERTEX_POINT ( 'NONE', #2874 ) ;
#1408 = LINE ( 'NONE', #1187, #854 ) ;
#1409 = ORIENTED_EDGE ( 'NONE', *, *, #1062, .T. ) ;
#1410 = CARTESIAN_POINT ( 'NONE',  ( -21.13328045762589724, -22.61109270742314692, 38.06480708518049738 ) ) ;
#1411 = VECTOR ( 'NONE', #1116, 1000.000000000000000 ) ;
#1412 = CARTESIAN_POINT ( 'NONE',  ( -31.25000000000000000, -19.61109270742292310, 6.311926263296782302 ) ) ;
#1413 = CARTESIAN_POINT ( 'NONE',  ( -33.17157287525381548, -15.68288947714771631, 50.56192626329681161 ) ) ;
#1414 = ORIENTED_EDGE ( 'NONE', *, *, #486, .T. ) ;
#1415 = CARTESIAN_POINT ( 'NONE',  ( -13.71704458647222857, -24.43765070027992437, 25.07070799685938312 ) ) ;
#1416 = CARTESIAN_POINT ( 'NONE',  ( -6.250000000000005329, -16.61109270742309718, 31.31192626329680451 ) ) ;
#1417 = ORIENTED_EDGE ( 'NONE', *, *, #3009, .T. ) ;
#1418 = LINE ( 'NONE', #841, #2579 ) ;
#1419 = CARTESIAN_POINT ( 'NONE',  ( -22.73786209076154563, -22.61109270742315047, 38.92048536150532811 ) ) ;
#1420 = CARTESIAN_POINT ( 'NONE',  ( -42.07641499558904741, -21.74196582457990345, 25.60996002800829174 ) ) ;
#1421 = ORIENTED_EDGE ( 'NONE', *, *, #3042, .T. ) ;
#1422 = DIRECTION ( 'NONE',  ( 0.000000000000000000, 1.000000000000000000, 6.982962677686266711E-15 ) ) ;
#1423 = CARTESIAN_POINT ( 'NONE',  ( -26.63767349593807410, -23.66177799427286388, 16.71050287603178219 ) ) ;
#1424 = CARTESIAN_POINT ( 'NONE',  ( -7.524104172105270827, -24.49541746561473587, 24.94943028453818101 ) ) ;
#1425 = ORIENTED_EDGE ( 'NONE', *, *, #1449, .T. ) ;
#1426 = CARTESIAN_POINT ( 'NONE',  ( -33.17157287525381548, -14.52818893876846751, 50.56192626329681161 ) ) ;
#1427 = ORIENTED_EDGE ( 'NONE', *, *, #1788, .F. ) ;
#1428 = CARTESIAN_POINT ( 'NONE',  ( -20.25490170192248129, -22.61109270742313271, 37.62643170651566038 ) ) ;
#1429 = EDGE_CURVE ( 'NONE', #2292, #541, #1730, .T. ) ;
#1430 = CARTESIAN_POINT ( 'NONE',  ( -56.79985943989498764, -17.35289170969764427, 41.77599926556501231 ) ) ;
#1431 = VERTEX_POINT ( 'NONE', #96 ) ;
#1432 = CARTESIAN_POINT ( 'NONE',  ( -40.50000000000000711, -16.61109270742316113, 40.56192626329681161 ) ) ;
#1433 = VERTEX_POINT ( 'NONE', #1193 ) ;
#1434 = AXIS2_PLACEMENT_3D ( 'NONE', #2888, #198, #3219 ) ;
#1435 = CARTESIAN_POINT ( 'NONE',  ( -6.250000000000005329, -26.39144727796464451, 27.81192626329673701 ) ) ;
#1436 = CARTESIAN_POINT ( 'NONE',  ( -17.12562042889179992, -22.61109270742312560, 36.16843092745506283 ) ) ;
#1437 = CARTESIAN_POINT ( 'NONE',  ( -41.43052024223297281, -21.86043108988953065, 24.88796190153646393 ) ) ;
#1438 = EDGE_LOOP ( 'NONE', ( #2543, #1547, #3247, #590 ) ) ;
#1439 = DIRECTION ( 'NONE',  ( -0.000000000000000000, 1.000000000000000000, 6.982962677686266711E-15 ) ) ;
#1440 = CARTESIAN_POINT ( 'NONE',  ( -24.54996036639260737, -24.65619510715363560, 9.120266656582520781 ) ) ;
#1441 = CARTESIAN_POINT ( 'NONE',  ( -34.68192279783720977, -23.35906560875827864, 17.62112757846689348 ) ) ;
#1442 = VECTOR ( 'NONE', #2079, 1000.000000000000000 ) ;
#1443 = ORIENTED_EDGE ( 'NONE', *, *, #1062, .F. ) ;
#1444 = CARTESIAN_POINT ( 'NONE',  ( -50.38667920798005184, -15.21441288731551289, 33.00685755451064551 ) ) ;
#1445 = LINE ( 'NONE', #1149, #2805 ) ;
#1446 = CARTESIAN_POINT ( 'NONE',  ( -21.60274367993246258, -22.61109270742314337, 38.30715800164517759 ) ) ;
#1447 = AXIS2_PLACEMENT_3D ( 'NONE', #1850, #2367, #3449 ) ;
#1448 = CARTESIAN_POINT ( 'NONE',  ( -50.50000000000000000, -15.26023974633722169, 33.23349913855061288 ) ) ;
#1449 = EDGE_CURVE ( 'NONE', #3589, #753, #718, .T. ) ;
#1450 = ADVANCED_FACE ( 'NONE', ( #2854 ), #1453, .F. ) ;
#1451 = ORIENTED_EDGE ( 'NONE', *, *, #2259, .T. ) ;
#1452 = CARTESIAN_POINT ( 'NONE',  ( -31.25000000000034817, -22.61109270742309718, 31.31192626329676187 ) ) ;
#1453 = CYLINDRICAL_SURFACE ( 'NONE', #2771, 3.500000000000003109 ) ;
#1454 = ORIENTED_EDGE ( 'NONE', *, *, #1377, .T. ) ;
#1455 = CARTESIAN_POINT ( 'NONE',  ( -3.172167642034116941, -24.00815769545195977, 25.86964818200057792 ) ) ;
#1456 = CARTESIAN_POINT ( 'NONE',  ( -20.10050506338809484, -22.61109270742308652, 30.06192626329676187 ) ) ;
#1457 = ORIENTED_EDGE ( 'NONE', *, *, #445, .F. ) ;
#1458 = CARTESIAN_POINT ( 'NONE',  ( -26.31783724519563705, -21.61109270742318245, 42.87976350849248064 ) ) ;
#1459 = CARTESIAN_POINT ( 'NONE',  ( -26.23289550939885473, -23.85457745624240644, 16.16951404786837188 ) ) ;
#1460 = CARTESIAN_POINT ( 'NONE',  ( -35.64509009060580524, -23.40255372394614497, 18.63014339664471564 ) ) ;
#1461 = ORIENTED_EDGE ( 'NONE', *, *, #2204, .T. ) ;
#1462 = CARTESIAN_POINT ( 'NONE',  ( -51.03983463197941006, -15.22629340249422825, 34.60176089527621457 ) ) ;
#1463 = ADVANCED_FACE ( 'NONE', ( #1546 ), #2691, .F. ) ;
#1464 = VECTOR ( 'NONE', #788, 1000.000000000000114 ) ;
#1465 = CARTESIAN_POINT ( 'NONE',  ( -66.83578643762682248, -16.61109270742324995, 53.22613982566998203 ) ) ;
#1466 = CARTESIAN_POINT ( 'NONE',  ( -20.94652270229214608, -22.61109270742313981, 37.96982421445148503 ) ) ;
#1467 = VECTOR ( 'NONE', #2848, 1000.000000000000000 ) ;
#1468 = LINE ( 'NONE', #2590, #2554 ) ;
#1469 = ORIENTED_EDGE ( 'NONE', *, *, #1376, .F. ) ;
#1470 = EDGE_CURVE ( 'NONE', #2000, #764, #1568, .T. ) ;
#1471 = DIRECTION ( 'NONE',  ( -0.000000000000000000, 1.000000000000000000, 6.982962677686266711E-15 ) ) ;
#1472 = ORIENTED_EDGE ( 'NONE', *, *, #2423, .F. ) ;
#1473 = CARTESIAN_POINT ( 'NONE',  ( -6.913271036956863291, -24.39763250177783860, 25.13410015487582072 ) ) ;
#1474 = EDGE_CURVE ( 'NONE', #1153, #2095, #2727, .T. ) ;
#1475 = DIRECTION ( 'NONE',  ( 0.000000000000000000, -6.982962677686266711E-15, 1.000000000000000000 ) ) ;
#1476 = VECTOR ( 'NONE', #3250, 1000.000000000000114 ) ;
#1477 = ORIENTED_EDGE ( 'NONE', *, *, #1994, .T. ) ;
#1478 = DIRECTION ( 'NONE',  ( 0.000000000000000000, -1.000000000000000000, -6.982962677686266711E-15 ) ) ;
#1479 = CARTESIAN_POINT ( 'NONE',  ( -40.06026050492292967, -21.71027588489980431, 21.64171012931796767 ) ) ;
#1480 =( BOUNDED_CURVE ( )  B_SPLINE_CURVE ( 3, ( #544, #2571, #1448, #2790 ),
 .UNSPECIFIED., .F., .T. ) 
 B_SPLINE_CURVE_WITH_KNOTS ( ( 4, 4 ),
 ( 5.235987755982987935, 6.283185307179586232 ),
 .UNSPECIFIED. ) 
 CURVE ( )  GEOMETRIC_REPRESENTATION_ITEM ( )  RATIONAL_B_SPLINE_CURVE ( ( 1.000000000000000000, 0.9106836025229588794, 0.9106836025229588794, 1.000000000000000000 ) ) 
 REPRESENTATION_ITEM ( '' )  );
#1481 = EDGE_LOOP ( 'NONE', ( #2132, #2105, #3010, #1729 ) ) ;
#1482 = CARTESIAN_POINT ( 'NONE',  ( -49.80275403393196854, -16.08544462334835146, 31.83900720641006643 ) ) ;
#1483 = FACE_OUTER_BOUND ( 'NONE', #3232, .T. ) ;
#1484 = DIRECTION ( 'NONE',  ( -0.5000000000000037748, -0.7071067811865427988, -0.5000000000000029976 ) ) ;
#1485 = CARTESIAN_POINT ( 'NONE',  ( -41.15264121443764367, -22.61109270742305810, 26.07966730993294391 ) ) ;
#1486 = ORIENTED_EDGE ( 'NONE', *, *, #2275, .T. ) ;
#1487 = DIRECTION ( 'NONE',  ( 0.7071067811865512365, 4.937700262164505444E-15, -0.7071067811865439090 ) ) ;
#1488 = CARTESIAN_POINT ( 'NONE',  ( -57.50696622108158351, -17.35289170969763717, 41.06889248437842355 ) ) ;
#1489 = ORIENTED_EDGE ( 'NONE', *, *, #2827, .T. ) ;
#1490 = PERSON_AND_ORGANIZATION ( #1780, #3426 ) ;
#1491 = CARTESIAN_POINT ( 'NONE',  ( -40.50000000000000711, -16.61109270742316113, 40.56192626329681161 ) ) ;
#1492 = B_SPLINE_CURVE_WITH_KNOTS ( 'NONE', 1,
 ( #494, #556 ),
 .UNSPECIFIED., .F., .F.,
 ( 2, 2 ),
 ( 0.000000000000000000, 0.0009493851730700757045 ),
 .UNSPECIFIED. ) ;
#1493 = ADVANCED_FACE ( 'NONE', ( #1844 ), #3576, .T. ) ;
#1494 = ORIENTED_EDGE ( 'NONE', *, *, #1297, .T. ) ;
#1495 = CARTESIAN_POINT ( 'NONE',  ( 0.000000000000000000, -12.61109270742312738, 35.88243433898554713 ) ) ;
#1496 = DIRECTION ( 'NONE',  ( 0.4999999999999969469, 0.7071067811865415775, 0.5000000000000115463 ) ) ;
#1497 = DIRECTION ( 'NONE',  ( -0.6644630243886791021, 0.3420201433256614409, 0.6644630243886741061 ) ) ;
#1498 = ORIENTED_EDGE ( 'NONE', *, *, #2872, .F. ) ;
#1499 = DIRECTION ( 'NONE',  ( -0.000000000000000000, -1.000000000000000000, -6.982962677686266711E-15 ) ) ;
#1500 = DIRECTION ( 'NONE',  ( -0.7071067811865490160, -5.011423375044110611E-15, 0.7071067811865460184 ) ) ;
#1501 = CARTESIAN_POINT ( 'NONE',  ( -44.38668542139242845, -16.61109270742329613, 59.53439812231602701 ) ) ;
#1502 = AXIS2_PLACEMENT_3D ( 'NONE', #2952, #1017, #3481 ) ;
#1503 = ORIENTED_EDGE ( 'NONE', *, *, #3525, .F. ) ;
#1504 = AXIS2_PLACEMENT_3D ( 'NONE', #3233, #2674, #681 ) ;
#1505 = CARTESIAN_POINT ( 'NONE',  ( -12.26715016333282904, -24.90810996143451561, 25.59937321939553811 ) ) ;
#1506 = CARTESIAN_POINT ( 'NONE',  ( -27.38855314062280755, -8.611092707422999482, 17.55098446730776018 ) ) ;
#1507 = DIRECTION ( 'NONE',  ( 1.541976423090491492E-15, 6.938893903907211812E-15, -1.000000000000000000 ) ) ;
#1508 = VERTEX_POINT ( 'NONE', #1884 ) ;
#1509 = EDGE_CURVE ( 'NONE', #1040, #2269, #1270, .T. ) ;
#1510 = APPLICATION_PROTOCOL_DEFINITION ( 'international standard', 'config_control_design', 1994, #536 ) ;
#1511 = DIRECTION ( 'NONE',  ( 0.000000000000000000, 6.938893903907226800E-15, -1.000000000000000000 ) ) ;
#1512 = EDGE_LOOP ( 'NONE', ( #1815, #382, #2526, #1682 ) ) ;
#1513 = DIRECTION ( 'NONE',  ( -0.6889822365046132102, -0.6546536707079773088, -0.3110177634953870673 ) ) ;
#1514 = DIRECTION ( 'NONE',  ( 0.000000000000000000, 7.005614037598643428E-15, -1.000000000000000000 ) ) ;
#1515 = CARTESIAN_POINT ( 'NONE',  ( -31.21882285961713421, -22.61109270742320376, 46.36653556054086067 ) ) ;
#1516 = AXIS2_PLACEMENT_3D ( 'NONE', #2294, #909, #2033 ) ;
#1517 = EDGE_CURVE ( 'NONE', #2000, #1601, #2968, .T. ) ;
#1518 = EDGE_CURVE ( 'NONE', #1387, #3138, #2003, .T. ) ;
#1519 = ORIENTED_EDGE ( 'NONE', *, *, #3289, .F. ) ;
#1520 = CARTESIAN_POINT ( 'NONE',  ( -38.44701949005016672, -22.61109270742303323, 22.04359771702451809 ) ) ;
#1521 = LINE ( 'NONE', #126, #2298 ) ;
#1522 = DIRECTION ( 'NONE',  ( 0.000000000000000000, -1.000000000000000000, -6.982962677686266711E-15 ) ) ;
#1523 = AXIS2_PLACEMENT_3D ( 'NONE', #3088, #1684, #1705 ) ;
#1524 = ORIENTED_EDGE ( 'NONE', *, *, #2055, .T. ) ;
#1525 = AXIS2_PLACEMENT_3D ( 'NONE', #3400, #892, #1818 ) ;
#1526 = CARTESIAN_POINT ( 'NONE',  ( -31.25000000000000000, -8.611092707422937309, 8.411926263296860995 ) ) ;
#1527 = DIRECTION ( 'NONE',  ( -0.000000000000000000, 1.000000000000000000, 6.982962677686266711E-15 ) ) ;
#1528 = CARTESIAN_POINT ( 'NONE',  ( -21.85007797897056392, -22.29721297260272195, 39.26567116100044075 ) ) ;
#1529 = EDGE_LOOP ( 'NONE', ( #3614, #1090, #2393, #1578 ) ) ;
#1530 = AXIS2_PLACEMENT_3D ( 'NONE', #1947, #276, #2704 ) ;
#1531 = DIRECTION ( 'NONE',  ( 0.000000000000000000, 6.938893903907222067E-15, -1.000000000000000000 ) ) ;
#1532 = ORIENTED_EDGE ( 'NONE', *, *, #3154, .T. ) ;
#1533 = AXIS2_PLACEMENT_3D ( 'NONE', #1331, #3610, #1953 ) ;
#1534 = CARTESIAN_POINT ( 'NONE',  ( -24.75350097190713328, -21.87217160674045502, 41.42942121897952745 ) ) ;
#1535 = CARTESIAN_POINT ( 'NONE',  ( -36.88241218076554873, -22.57891358271020721, 18.28347995269969317 ) ) ;
#1536 = DIRECTION ( 'NONE',  ( 0.000000000000000000, -6.938893903907222067E-15, 1.000000000000000000 ) ) ;
#1537 = VECTOR ( 'NONE', #1714, 1000.000000000000114 ) ;
#1538 = ORIENTED_EDGE ( 'NONE', *, *, #1793, .T. ) ;
#1539 = CARTESIAN_POINT ( 'NONE',  ( -39.49245733486978338, -22.61109270742304744, 23.84618941436275819 ) ) ;
#1540 = CARTESIAN_POINT ( 'NONE',  ( -21.57978386601467236, -21.71027588489875271, 40.12218676822172370 ) ) ;
#1541 = CARTESIAN_POINT ( 'NONE',  ( 42.37914364722075788, -40.80171457851530903, -5.278084726838994101 ) ) ;
#1542 = EDGE_CURVE ( 'NONE', #2997, #608, #2397, .T. ) ;
#1543 = ORIENTED_EDGE ( 'NONE', *, *, #3220, .T. ) ;
#1544 = CARTESIAN_POINT ( 'NONE',  ( -52.50000000000000711, -8.611092707423109616, 33.23349913855066262 ) ) ;
#1545 = CARTESIAN_POINT ( 'NONE',  ( -26.51417163550250322, -24.40535886381435304, 5.295204539368959296 ) ) ;
#1546 = FACE_OUTER_BOUND ( 'NONE', #2829, .T. ) ;
#1547 = ORIENTED_EDGE ( 'NONE', *, *, #2357, .F. ) ;
#1548 = COORDINATED_UNIVERSAL_TIME_OFFSET ( 8, 0, .AHEAD. ) ;
#1549 = CARTESIAN_POINT ( 'NONE',  ( -33.89143527874135486, -21.86929370514874549, 49.03914797966508843 ) ) ;
#1550 = ORIENTED_EDGE ( 'NONE', *, *, #1694, .T. ) ;
#1551 = CARTESIAN_POINT ( 'NONE',  ( -25.84559208742756553, -21.69192876714900464, 42.41816465783519874 ) ) ;
#1552 = DIRECTION ( 'NONE',  ( -0.6768508792395120377, 0.7071067811865473507, 0.2046286570172904662 ) ) ;
#1553 = LINE ( 'NONE', #945, #1268 ) ;
#1554 = CARTESIAN_POINT ( 'NONE',  ( -7.740070141993488306, -24.79546082680094443, 25.81822344255955315 ) ) ;
#1555 = EDGE_LOOP ( 'NONE', ( #200, #993, #3375, #3059 ) ) ;
#1556 = CARTESIAN_POINT ( 'NONE',  ( -37.12773432410470775, -22.61109270742301547, 19.40689804470112634 ) ) ;
#1557 = CYLINDRICAL_SURFACE ( 'NONE', #1393, 2.000000000000001776 ) ;
#1558 = CARTESIAN_POINT ( 'NONE',  ( -36.19974746830614976, -21.61109270742306165, 26.36217879499090699 ) ) ;
#1559 = CONICAL_SURFACE ( 'NONE', #1138, 6.999999999999992006, 0.7853981633974560506 ) ;
#1560 = B_SPLINE_CURVE_WITH_KNOTS ( 'NONE', 3,
 ( #1424, #1145, #358, #2882, #341, #2272 ),
 .UNSPECIFIED., .F., .F.,
 ( 4, 2, 4 ),
 ( 0.000000000000000000, 0.1360511779772235752, 0.2721023559544471504 ),
 .UNSPECIFIED. ) ;
#1561 = VERTEX_POINT ( 'NONE', #2450 ) ;
#1562 = DIRECTION ( 'NONE',  ( 0.7071067811865474617, -4.937700262164531476E-15, 0.7071067811865474617 ) ) ;
#1563 = VECTOR ( 'NONE', #1792, 1000.000000000000000 ) ;
#1564 = CARTESIAN_POINT ( 'NONE',  ( 0.000000000000000000, -22.61109270742287691, 0.06192626329676407387 ) ) ;
#1565 = ADVANCED_FACE ( 'NONE', ( #482 ), #2115, .F. ) ;
#1566 = B_SPLINE_CURVE_WITH_KNOTS ( 'NONE', 3,
 ( #2125, #181, #1485, #2424, #2958, #1190 ),
 .UNSPECIFIED., .F., .F.,
 ( 4, 2, 4 ),
 ( 0.000000000000000000, 0.5000000000000000000, 1.000000000000000000 ),
 .UNSPECIFIED. ) ;
#1567 = SECURITY_CLASSIFICATION ( '', '', #940 ) ;
#1568 = LINE ( 'NONE', #1306, #2593 ) ;
#1569 = ADVANCED_FACE ( 'NONE', ( #2135 ), #195, .F. ) ;
#1570 = ORIENTED_EDGE ( 'NONE', *, *, #3460, .F. ) ;
#1571 = DATE_AND_TIME ( #1846, #270 ) ;
#1572 = DIRECTION ( 'NONE',  ( 0.000000000000000000, 6.982962677686266711E-15, -1.000000000000000000 ) ) ;
#1573 = ORIENTED_EDGE ( 'NONE', *, *, #2892, .F. ) ;
#1574 = PLANE ( 'NONE',  #2592 ) ;
#1575 = CYLINDRICAL_SURFACE ( 'NONE', #979, 26.00000000000000355 ) ;
#1576 = DIRECTION ( 'NONE',  ( 0.000000000000000000, 6.938893903907270187E-15, -1.000000000000000000 ) ) ;
#1577 = CARTESIAN_POINT ( 'NONE',  ( -52.50000000000000711, -8.611092707423109616, 33.23349913855066262 ) ) ;
#1578 = ORIENTED_EDGE ( 'NONE', *, *, #2775, .F. ) ;
#1579 = LINE ( 'NONE', #671, #1888 ) ;
#1580 = VECTOR ( 'NONE', #2276, 1000.000000000000000 ) ;
#1581 = CARTESIAN_POINT ( 'NONE',  ( -18.56821713335176582, -23.40255372395899869, 35.70701635390118156 ) ) ;
#1582 = DIRECTION ( 'NONE',  ( 0.000000000000000000, 6.982962677686266711E-15, -1.000000000000000000 ) ) ;
#1583 = ADVANCED_FACE ( 'NONE', ( #3212 ), #3177, .F. ) ;
#1584 = VERTEX_POINT ( 'NONE', #465 ) ;
#1585 = DIRECTION ( 'NONE',  ( -1.000000000000000000, 0.000000000000000000, 0.000000000000000000 ) ) ;
#1586 = AXIS2_PLACEMENT_3D ( 'NONE', #3594, #1405, #2825 ) ;
#1587 = LINE ( 'NONE', #3003, #1048 ) ;
#1588 = AXIS2_PLACEMENT_3D ( 'NONE', #3209, #2133, #1031 ) ;
#1589 = EDGE_CURVE ( 'NONE', #483, #1601, #3568, .T. ) ;
#1590 = CARTESIAN_POINT ( 'NONE',  ( -22.93250711120468921, -22.15476447864290321, 40.01474985829926823 ) ) ;
#1591 = ORIENTED_EDGE ( 'NONE', *, *, #1785, .F. ) ;
#1592 = AXIS2_PLACEMENT_3D ( 'NONE', #1358, #546, #294 ) ;
#1593 = FACE_OUTER_BOUND ( 'NONE', #826, .T. ) ;
#1594 = CC_DESIGN_PERSON_AND_ORGANIZATION_ASSIGNMENT ( #1234, #2911, ( #1567 ) ) ;
#1595 = ADVANCED_FACE ( 'NONE', ( #296 ), #2744, .T. ) ;
#1596 = ORIENTED_EDGE ( 'NONE', *, *, #3408, .F. ) ;
#1597 = CARTESIAN_POINT ( 'NONE',  ( -25.60809866113167743, -21.73192599060789476, 42.19421910230450123 ) ) ;
#1598 = CARTESIAN_POINT ( 'NONE',  ( -38.02255230939675812, -22.47457911873939906, 20.10536907191868750 ) ) ;
#1599 = CARTESIAN_POINT ( 'NONE',  ( -60.17957864020578285, -15.61109270742317889, 43.74150490350269394 ) ) ;
#1600 = LINE ( 'NONE', #2701, #1375 ) ;
#1601 = VERTEX_POINT ( 'NONE', #333 ) ;
#1602 = CARTESIAN_POINT ( 'NONE',  ( -21.16191562681969884, -22.23990802107879006, 38.78019601472654188 ) ) ;
#1603 = FACE_OUTER_BOUND ( 'NONE', #263, .T. ) ;
#1604 = CIRCLE ( 'NONE', #2001, 2.100000000000000977 ) ;
#1605 = ORIENTED_EDGE ( 'NONE', *, *, #2058, .F. ) ;
#1606 = CARTESIAN_POINT ( 'NONE',  ( -20.77820878815828820, -21.61109270742309008, 30.73962998806642588 ) ) ;
#1607 = AXIS2_PLACEMENT_3D ( 'NONE', #1452, #2573, #2280 ) ;
#1608 = DIRECTION ( 'NONE',  ( 0.000000000000000000, 1.000000000000000000, 6.982962677686266711E-15 ) ) ;
#1609 = ORIENTED_EDGE ( 'NONE', *, *, #621, .F. ) ;
#1610 = LINE ( 'NONE', #2730, #2447 ) ;
#1611 = ORIENTED_EDGE ( 'NONE', *, *, #3342, .T. ) ;
#1612 = CARTESIAN_POINT ( 'NONE',  ( 1.272214588003474089, -23.91871050286540523, 26.03857159828520196 ) ) ;
#1613 = CARTESIAN_POINT ( 'NONE',  ( -41.61951933025444106, -22.61109270742305810, 26.59571876953202008 ) ) ;
#1614 = EDGE_CURVE ( 'NONE', #674, #3354, #3402, .T. ) ;
#1615 = ORIENTED_EDGE ( 'NONE', *, *, #2740, .T. ) ;
#1616 = CARTESIAN_POINT ( 'NONE',  ( -25.53821714757710737, -24.18547104800967418, 15.01981474557535101 ) ) ;
#1617 = CARTESIAN_POINT ( 'NONE',  ( -66.12867965644028345, -16.61109270742323218, 51.10481948211035075 ) ) ;
#1618 = ORIENTED_EDGE ( 'NONE', *, *, #10, .T. ) ;
#1619 = AXIS2_PLACEMENT_3D ( 'NONE', #2153, #2726, #205 ) ;
#1620 = LINE ( 'NONE', #2742, #2171 ) ;
#1621 = CARTESIAN_POINT ( 'NONE',  ( -31.25000000000034817, -16.61109270742309718, 31.31192626329680451 ) ) ;
#1622 = LINE ( 'NONE', #3621, #3620 ) ;
#1623 = CARTESIAN_POINT ( 'NONE',  ( -7.740070141993488306, -24.79546082680094443, 25.81822344255955315 ) ) ;
#1624 = AXIS2_PLACEMENT_3D ( 'NONE', #1951, #1067, #795 ) ;
#1625 = EDGE_LOOP ( 'NONE', ( #1298, #3086, #666, #2230 ) ) ;
#1626 = AXIS2_PLACEMENT_3D ( 'NONE', #179, #411, #1277 ) ;
#1627 = CARTESIAN_POINT ( 'NONE',  ( -0.6361075519952414936, -23.90634406542073265, 26.06192626329675832 ) ) ;
#1628 = CYLINDRICAL_SURFACE ( 'NONE', #1624, 2.099999999999997868 ) ;
#1629 = EDGE_LOOP ( 'NONE', ( #3563, #2969, #2323, #2711 ) ) ;
#1630 = CARTESIAN_POINT ( 'NONE',  ( -28.07069711559590175, -23.60416594825471392, 17.02328230418891764 ) ) ;
#1631 = CARTESIAN_POINT ( 'NONE',  ( -25.62733051971769171, -24.10367482624127788, -4.370292509603661557 ) ) ;
#1632 = EDGE_CURVE ( 'NONE', #1749, #3431, #1212, .T. ) ;
#1633 = ADVANCED_FACE ( 'NONE', ( #3439 ), #2261, .T. ) ;
#1634 = ORIENTED_EDGE ( 'NONE', *, *, #2329, .T. ) ;
#1635 = CARTESIAN_POINT ( 'NONE',  ( -18.56054535829425234, -22.61109270742312560, 36.82333922531052650 ) ) ;
#1636 = FACE_OUTER_BOUND ( 'NONE', #1311, .T. ) ;
#1637 = AXIS2_PLACEMENT_3D ( 'NONE', #1168, #3433, #619 ) ;
#1638 = CARTESIAN_POINT ( 'NONE',  ( -36.19974746830614976, -21.61109270742306165, 26.36217879499090699 ) ) ;
#1639 = ORIENTED_EDGE ( 'NONE', *, *, #1944, .F. ) ;
#1640 = CARTESIAN_POINT ( 'NONE',  ( -8.138293299937688019, -24.85743562776521642, 25.69782128353988782 ) ) ;
#1641 = SHAPE_DEFINITION_REPRESENTATION ( #774, #2610 ) ;
#1642 = AXIS2_PLACEMENT_3D ( 'NONE', #2811, #238, #3047 ) ;
#1643 = CARTESIAN_POINT ( 'NONE',  ( -36.25509173931222762, -22.61109270742299415, 17.51512716066739372 ) ) ;
#1644 = ORIENTED_EDGE ( 'NONE', *, *, #2327, .F. ) ;
#1645 = AXIS2_PLACEMENT_3D ( 'NONE', #2152, #1304, #2375 ) ;
#1646 = CARTESIAN_POINT ( 'NONE',  ( 6.299566917979134928, -24.31230945674108312, 25.29523935261596890 ) ) ;
#1647 = DIRECTION ( 'NONE',  ( -0.000000000000000000, -1.000000000000000000, -6.982962677686266711E-15 ) ) ;
#1648 = VERTEX_POINT ( 'NONE', #585 ) ;
#1649 = CARTESIAN_POINT ( 'NONE',  ( -24.65100420574896134, -24.60806660024783099, 12.47820543203891752 ) ) ;
#1650 = CARTESIAN_POINT ( 'NONE',  ( -25.62733051971768816, -24.10367482624134183, 4.494145036197251919 ) ) ;
#1651 = ORIENTED_EDGE ( 'NONE', *, *, #1064, .F. ) ;
#1652 = CARTESIAN_POINT ( 'NONE',  ( -20.01266693900962679, -22.61109270742313626, 37.50855584053236669 ) ) ;
#1653 = VECTOR ( 'NONE', #2564, 1000.000000000000000 ) ;
#1654 = ADVANCED_FACE ( 'NONE', ( #1713 ), #1181, .T. ) ;
#1655 = DIRECTION ( 'NONE',  ( -0.4999999999999995004, -0.7071067811865394681, -0.5000000000000116573 ) ) ;
#1656 = ORIENTED_EDGE ( 'NONE', *, *, #2013, .T. ) ;
#1657 = DIRECTION ( 'NONE',  ( 0.7071067811865474617, -4.937700262164531476E-15, 0.7071067811865474617 ) ) ;
#1658 = VERTEX_POINT ( 'NONE', #2299 ) ;
#1659 = CARTESIAN_POINT ( 'NONE',  ( -6.915215235288096451, -24.39794363388439535, 25.13351472256994512 ) ) ;
#1660 = FACE_OUTER_BOUND ( 'NONE', #3551, .T. ) ;
#1661 = CARTESIAN_POINT ( 'NONE',  ( 0.000000000000000000, -14.52818893876846751, 50.56192626329681161 ) ) ;
#1662 = ORIENTED_EDGE ( 'NONE', *, *, #2940, .F. ) ;
#1663 = CARTESIAN_POINT ( 'NONE',  ( -25.73999733451690020, -24.80385087264476951, 13.13609984509760054 ) ) ;
#1664 = FACE_OUTER_BOUND ( 'NONE', #1222, .T. ) ;
#1665 = ADVANCED_FACE ( 'NONE', ( #402 ), #1266, .T. ) ;
#1666 = ORIENTED_EDGE ( 'NONE', *, *, #1401, .F. ) ;
#1667 = DIRECTION ( 'NONE',  ( 0.7071067811865516806, 4.937700262164502288E-15, -0.7071067811865434649 ) ) ;
#1668 = LINE ( 'NONE', #1111, #2111 ) ;
#1669 = CARTESIAN_POINT ( 'NONE',  ( -13.00713417138060102, -24.53746819154763870, 24.86114824809406088 ) ) ;
#1670 = DIRECTION ( 'NONE',  ( -0.000000000000000000, 6.982962677686266711E-15, -1.000000000000000000 ) ) ;
#1671 = CARTESIAN_POINT ( 'NONE',  ( -20.06171844455379372, -22.47315904222039507, 38.09611560453198820 ) ) ;
#1672 = EDGE_CURVE ( 'NONE', #2176, #462, #2536, .T. ) ;
#1673 = CIRCLE ( 'NONE', #2320, 3.500000000000000000 ) ;
#1674 = EDGE_CURVE ( 'NONE', #3390, #704, #990, .T. ) ;
#1675 = LINE ( 'NONE', #2487, #297 ) ;
#1676 = ORIENTED_EDGE ( 'NONE', *, *, #1824, .T. ) ;
#1677 = CARTESIAN_POINT ( 'NONE',  ( -51.08578643762690064, -9.611092707423120274, 34.64771270092374778 ) ) ;
#1678 = FACE_OUTER_BOUND ( 'NONE', #2658, .T. ) ;
#1679 = PLANE ( 'NONE',  #3421 ) ;
#1680 = CIRCLE ( 'NONE', #3484, 2.000000000000001776 ) ;
#1681 = CIRCLE ( 'NONE', #2627, 3.500000000000003109 ) ;
#1682 = ORIENTED_EDGE ( 'NONE', *, *, #2827, .F. ) ;
#1683 = CARTESIAN_POINT ( 'NONE',  ( -25.00878173356278822, -24.43765070027985331, 13.77897084976868136 ) ) ;
#1684 = DIRECTION ( 'NONE',  ( 0.7071067811865475727, 4.937700262164530687E-15, -0.7071067811865475727 ) ) ;
#1685 = ORIENTED_EDGE ( 'NONE', *, *, #857, .F. ) ;
#1686 = CARTESIAN_POINT ( 'NONE',  ( -6.250000000000005329, -19.61109270742309718, 31.31192626329678319 ) ) ;
#1687 = CARTESIAN_POINT ( 'NONE',  ( -34.58578643762690774, -14.52818893876846928, 51.14771270092371225 ) ) ;
#1688 = CARTESIAN_POINT ( 'NONE',  ( -16.70504338471507566, -22.61109270742312560, 35.97857125176053472 ) ) ;
#1689 = CARTESIAN_POINT ( 'NONE',  ( -13.16242094418174879, -24.51699363039958968, 24.90412740904740119 ) ) ;
#1690 = EDGE_CURVE ( 'NONE', #1283, #2180, #2413, .T. ) ;
#1691 = CARTESIAN_POINT ( 'NONE',  ( -25.53404672470983172, -24.15307043312415303, 5.125047982913263134 ) ) ;
#1692 = CARTESIAN_POINT ( 'NONE',  ( -18.35115964024607749, -22.57389994614941386, 37.02444026352045370 ) ) ;
#1693 = AXIS2_PLACEMENT_3D ( 'NONE', #1245, #2705, #185 ) ;
#1694 = EDGE_CURVE ( 'NONE', #50, #3044, #1250, .T. ) ;
#1695 = CARTESIAN_POINT ( 'NONE',  ( 0.000000000000000000, -16.61109270742316113, 40.56192626329681161 ) ) ;
#1696 = EDGE_LOOP ( 'NONE', ( #2162, #1786, #1984, #391, #239 ) ) ;
#1697 = DIRECTION ( 'NONE',  ( -0.6644630243886792131, 0.3420201433256611079, 0.6644630243886739951 ) ) ;
#1698 = CARTESIAN_POINT ( 'NONE',  ( -17.68721925240245341, -22.59957117266808524, 36.61410171612050135 ) ) ;
#1699 = AXIS2_PLACEMENT_3D ( 'NONE', #512, #755, #3285 ) ;
#1700 = CARTESIAN_POINT ( 'NONE',  ( -41.28867520424022786, -21.88705119112436748, 24.72235588527800232 ) ) ;
#1701 = EDGE_CURVE ( 'NONE', #3048, #2292, #3114, .T. ) ;
#1702 = AXIS2_PLACEMENT_3D ( 'NONE', #2926, #3536, #2112 ) ;
#1703 = ORIENTED_EDGE ( 'NONE', *, *, #594, .T. ) ;
#1704 = CARTESIAN_POINT ( 'NONE',  ( -50.50000000000000000, -15.68288947714736103, 0.06192626329681264613 ) ) ;
#1705 = DIRECTION ( 'NONE',  ( 0.7071067811865474617, -4.937700262164531476E-15, 0.7071067811865474617 ) ) ;
#1706 = CARTESIAN_POINT ( 'NONE',  ( -2.980825792344505398, -22.61109270742308652, 30.06192626329676187 ) ) ;
#1707 = VERTEX_POINT ( 'NONE', #1804 ) ;
#1708 = DIRECTION ( 'NONE',  ( 0.000000000000000000, 6.982962677686266711E-15, -1.000000000000000000 ) ) ;
#1709 = ORIENTED_EDGE ( 'NONE', *, *, #1197, .T. ) ;
#1710 = DIRECTION ( 'NONE',  ( -0.7071067811865516806, -4.937700262164502288E-15, 0.7071067811865434649 ) ) ;
#1711 = VECTOR ( 'NONE', #1963, 1000.000000000000000 ) ;
#1712 = CARTESIAN_POINT ( 'NONE',  ( -14.54340457255205088, -24.27775791985573761, 25.40638742657019833 ) ) ;
#1713 = FACE_OUTER_BOUND ( 'NONE', #1243, .T. ) ;
#1714 = DIRECTION ( 'NONE',  ( -0.7071067811865474617, 4.937700262164531476E-15, -0.7071067811865474617 ) ) ;
#1715 = VERTEX_POINT ( 'NONE', #3002 ) ;
#1716 = CARTESIAN_POINT ( 'NONE',  ( -65.42157287525373022, -16.61109270742323929, 51.81192626329688267 ) ) ;
#1717 = DIRECTION ( 'NONE',  ( 0.000000000000000000, 6.938893903907229167E-15, -1.000000000000000000 ) ) ;
#1718 = DIRECTION ( 'NONE',  ( -0.000000000000000000, 1.000000000000000000, 6.982962677686266711E-15 ) ) ;
#1719 = VERTEX_POINT ( 'NONE', #463 ) ;
#1720 = CARTESIAN_POINT ( 'NONE',  ( 0.000000000000000000, -8.611092707423225079, 49.56192626329685424 ) ) ;
#1721 = CARTESIAN_POINT ( 'NONE',  ( -27.38855314062280755, -23.30412258706851603, 17.55098446730765716 ) ) ;
#1722 = CARTESIAN_POINT ( 'NONE',  ( -39.59252386625262687, -21.93232030452294268, 22.18995640680336479 ) ) ;
#1723 = EDGE_CURVE ( 'NONE', #711, #2362, #1842, .T. ) ;
#1724 = ORIENTED_EDGE ( 'NONE', *, *, #777, .T. ) ;
#1725 = CARTESIAN_POINT ( 'NONE',  ( -50.20082220527440597, -17.13278872180741885, 33.76274846857118916 ) ) ;
#1726 = DIRECTION ( 'NONE',  ( -0.7071067811865474617, 0.7071067811865474617, 4.937700262164531476E-15 ) ) ;
#1727 = CARTESIAN_POINT ( 'NONE',  ( -36.19974746830614976, -17.61109270742304744, 26.36217879499093542 ) ) ;
#1728 = CARTESIAN_POINT ( 'NONE',  ( -12.68850474948749785, -24.57548397189727041, 24.78133478085220176 ) ) ;
#1729 = ORIENTED_EDGE ( 'NONE', *, *, #1273, .F. ) ;
#1730 = LINE ( 'NONE', #78, #534 ) ;
#1731 = ORIENTED_EDGE ( 'NONE', *, *, #255, .T. ) ;
#1732 = CIRCLE ( 'NONE', #1794, 2.100000000000000977 ) ;
#1733 = CARTESIAN_POINT ( 'NONE',  ( -29.63719383665947760, -16.89441028407868473, 32.92821878406699199 ) ) ;
#1734 = CARTESIAN_POINT ( 'NONE',  ( -42.10327246619050356, -21.73713713403565606, 25.63886800894762885 ) ) ;
#1735 = ADVANCED_FACE ( 'NONE', ( #2431 ), #3515, .T. ) ;
#1736 = ORIENTED_EDGE ( 'NONE', *, *, #255, .F. ) ;
#1737 = CONICAL_SURFACE ( 'NONE', #384, 1.000000000000000888, 0.7853981633974496113 ) ;
#1738 = DIRECTION ( 'NONE',  ( 0.000000000000000000, -1.000000000000000000, -6.982962677686266711E-15 ) ) ;
#1739 = CARTESIAN_POINT ( 'NONE',  ( -27.07159191197461467, -23.45509140448871221, 17.22288016568041868 ) ) ;
#1740 = AXIS2_PLACEMENT_3D ( 'NONE', #2067, #963, #1812 ) ;
#1741 = ADVANCED_FACE ( 'NONE', ( #3228 ), #522, .F. ) ;
#1742 = ADVANCED_FACE ( 'NONE', ( #1010 ), #443, .F. ) ;
#1743 = EDGE_LOOP ( 'NONE', ( #3413, #230, #1315, #2852, #3514 ) ) ;
#1744 = LINE ( 'NONE', #2312, #219 ) ;
#1745 = CARTESIAN_POINT ( 'NONE',  ( -40.50000000000000711, -9.611092707422878689, 0.06192626329685427949 ) ) ;
#1746 = CARTESIAN_POINT ( 'NONE',  ( -20.23832330343791952, -22.61109270742313981, 37.61833299968320432 ) ) ;
#1747 = DIRECTION ( 'NONE',  ( 0.000000000000000000, 1.000000000000000000, 6.982962677686266711E-15 ) ) ;
#1748 = ADVANCED_FACE ( 'NONE', ( #2652 ), #970, .T. ) ;
#1749 = VERTEX_POINT ( 'NONE', #1606 ) ;
#1750 = CARTESIAN_POINT ( 'NONE',  ( -31.25000000000000000, -22.61109270742294441, 9.811926263296761874 ) ) ;
#1751 = ORIENTED_EDGE ( 'NONE', *, *, #1449, .F. ) ;
#1752 = CARTESIAN_POINT ( 'NONE',  ( 0.000000000000000000, -16.61109270742287691, 0.06192626329680570724 ) ) ;
#1753 = CARTESIAN_POINT ( 'NONE',  ( -32.86629252077042196, -16.89441028407859946, 29.69912009995588065 ) ) ;
#1754 = ORIENTED_EDGE ( 'NONE', *, *, #933, .F. ) ;
#1755 = CIRCLE ( 'NONE', #640, 2.000000000000001776 ) ;
#1756 = CARTESIAN_POINT ( 'NONE',  ( -35.82050807568872131, -22.61109270742299415, 16.55400721423909260 ) ) ;
#1757 = DIRECTION ( 'NONE',  ( 0.000000000000000000, 1.000000000000000000, 6.982962677686266711E-15 ) ) ;
#1758 = CARTESIAN_POINT ( 'NONE',  ( -36.92629651974640836, -22.61176607101584324, 19.23317248541760449 ) ) ;
#1759 = EDGE_LOOP ( 'NONE', ( #1457, #3318, #2941 ) ) ;
#1760 = CARTESIAN_POINT ( 'NONE',  ( -39.95718849753518498, -22.15516179853646506, 23.00733013506907199 ) ) ;
#1761 =( BOUNDED_SURFACE ( )  B_SPLINE_SURFACE ( 3, 2, ( 
 ( #211, #2489, #1099 ),
 ( #3605, #2749, #1380 ),
 ( #3021, #533, #244 ),
 ( #3316, #3334, #3066 ),
 ( #1327, #1949, #3036 ),
 ( #551, #2177, #779 ),
 ( #502, #2209, #827 ),
 ( #1066, #765, #3303 ) ),
 .UNSPECIFIED., .F., .F., .F. ) 
 B_SPLINE_SURFACE_WITH_KNOTS ( ( 4, 2, 2, 4 ),
 ( 3, 3 ),
 ( 3.141592653589793116, 3.403392041388943579, 3.665191429188094041, 4.188790204786394966 ),
 ( 0.000000000000000000, 1.000000000000000000 ),
 .UNSPECIFIED. ) 
 GEOMETRIC_REPRESENTATION_ITEM ( )  RATIONAL_B_SPLINE_SURFACE ( (
 ( 1.000000000000000000, 0.9238795325112877377, 1.000000000000000000),
 ( 1.000000000000000000, 0.9238813156582755814, 1.000000000000000000),
 ( 1.000000000000000000, 0.9216890640687218639, 1.000000000000000000),
 ( 1.000000000000000000, 0.9129840413602645643, 1.000000000000000000),
 ( 1.000000000000000000, 0.9064693560641725600, 1.000000000000000000),
 ( 1.000000000000000000, 0.8806974846567896531, 1.000000000000000000),
 ( 1.000000000000000000, 0.8551780668709905164, 1.000000000000000000),
 ( 1.000000000000000000, 0.8226643880080369842, 1.000000000000000000) ) ) 
 REPRESENTATION_ITEM ( '' )  SURFACE ( )  );
#1762 = VECTOR ( 'NONE', #2264, 1000.000000000000000 ) ;
#1763 = DIRECTION ( 'NONE',  ( 0.000000000000000000, -6.982962677686266711E-15, 1.000000000000000000 ) ) ;
#1764 = CARTESIAN_POINT ( 'NONE',  ( -22.10808659516882457, -22.61109270742314337, 38.57774696644575840 ) ) ;
#1765 = CYLINDRICAL_SURFACE ( 'NONE', #1434, 2.000000000000001776 ) ;
#1766 = ORIENTED_EDGE ( 'NONE', *, *, #2869, .F. ) ;
#1767 = DIRECTION ( 'NONE',  ( -0.000000000000000000, 1.000000000000000000, 6.982962677686266711E-15 ) ) ;
#1768 = EDGE_CURVE ( 'NONE', #2802, #3390, #997, .T. ) ;
#1769 = EDGE_CURVE ( 'NONE', #1367, #976, #1822, .T. ) ;
#1770 = LINE ( 'NONE', #2302, #76 ) ;
#1771 = VERTEX_POINT ( 'NONE', #3248 ) ;
#1772 = CARTESIAN_POINT ( 'NONE',  ( -23.92569546939781233, -22.61109270742315402, 39.64497224323666558 ) ) ;
#1773 = AXIS2_PLACEMENT_3D ( 'NONE', #3466, #961, #2082 ) ;
#1774 = CARTESIAN_POINT ( 'NONE',  ( -17.48905820401120437, -23.30412258707245599, 27.45047940391937047 ) ) ;
#1775 = AXIS2_PLACEMENT_3D ( 'NONE', #936, #856, #3096 ) ;
#1776 = ORIENTED_EDGE ( 'NONE', *, *, #2977, .F. ) ;
#1777 = LINE ( 'NONE', #356, #6 ) ;
#1778 = DIRECTION ( 'NONE',  ( -0.000000000000000000, 1.000000000000000000, 6.982962677686266711E-15 ) ) ;
#1779 = CARTESIAN_POINT ( 'NONE',  ( -36.66702020059231870, -22.61380146066981567, 17.56982176411311158 ) ) ;
#1780 = PERSON ( 'æœª', 'æœª', 'æœª', ('æœª'), ('æœª'), ('æœª') ) ;
#1781 = VERTEX_POINT ( 'NONE', #737 ) ;
#1782 = CARTESIAN_POINT ( 'NONE',  ( -36.81813734201008970, -22.61109270742301192, 18.74487111801836647 ) ) ;
#1783 = CARTESIAN_POINT ( 'NONE',  ( -19.17140636703913614, -22.46658311586013923, 30.34267370503908268 ) ) ;
#1784 = CARTESIAN_POINT ( 'NONE',  ( -1.249000902703301108E-13, -24.20638742660694476, 26.96265163112726526 ) ) ;
#1785 = EDGE_CURVE ( 'NONE', #3358, #2831, #118, .T. ) ;
#1786 = ORIENTED_EDGE ( 'NONE', *, *, #2169, .F. ) ;
#1787 = DIRECTION ( 'NONE',  ( 0.000000000000000000, -6.982962677686266711E-15, 1.000000000000000000 ) ) ;
#1788 = EDGE_CURVE ( 'NONE', #2269, #136, #2985, .T. ) ;
#1789 = FACE_OUTER_BOUND ( 'NONE', #2860, .T. ) ;
#1790 = ORIENTED_EDGE ( 'NONE', *, *, #3194, .T. ) ;
#1791 = PERSON_AND_ORGANIZATION_ROLE ( 'design_supplier' ) ;
#1792 = DIRECTION ( 'NONE',  ( 0.6889822365046150976, 0.6546536707079717576, 0.3110177634953945058 ) ) ;
#1793 = EDGE_CURVE ( 'NONE', #741, #650, #2465, .T. ) ;
#1794 = AXIS2_PLACEMENT_3D ( 'NONE', #2406, #3506, #639 ) ;
#1795 = VERTEX_POINT ( 'NONE', #251 ) ;
#1796 = DIRECTION ( 'NONE',  ( -0.5000000000000105471, 0.7071067811865412445, -0.4999999999999982792 ) ) ;
#1797 = LINE ( 'NONE', #2974, #509 ) ;
#1798 = DIRECTION ( 'NONE',  ( 0.000000000000000000, -1.000000000000000000, -6.982962677686266711E-15 ) ) ;
#1799 = ORIENTED_EDGE ( 'NONE', *, *, #1632, .T. ) ;
#1800 = CARTESIAN_POINT ( 'NONE',  ( -38.60242587776327383, -22.61109270742303323, 22.32854726763040532 ) ) ;
#1801 = DIRECTION ( 'NONE',  ( 0.000000000000000000, -6.938893903907222067E-15, 1.000000000000000000 ) ) ;
#1802 = DIRECTION ( 'NONE',  ( -0.7071067811865463515, 0.7071067811865487940, 4.937700262164539365E-15 ) ) ;
#1803 = ORIENTED_EDGE ( 'NONE', *, *, #1329, .F. ) ;
#1804 = CARTESIAN_POINT ( 'NONE',  ( -66.83578643762683669, -9.611092707423241066, 50.39771270092386146 ) ) ;
#1805 = DIRECTION ( 'NONE',  ( -0.8891264907159910358, 0.4576615381557277984, 3.195833439953936319E-15 ) ) ;
#1806 = CARTESIAN_POINT ( 'NONE',  ( -23.44782396324596974, -22.07519432256086489, 40.39079294181959767 ) ) ;
#1807 = ORIENTED_EDGE ( 'NONE', *, *, #514, .T. ) ;
#1808 = CARTESIAN_POINT ( 'NONE',  ( -59.29289321881345387, -8.611092707423290804, 59.35481948211031522 ) ) ;
#1809 = ORIENTED_EDGE ( 'NONE', *, *, #2740, .F. ) ;
#1810 = FACE_OUTER_BOUND ( 'NONE', #1030, .T. ) ;
#1811 = CARTESIAN_POINT ( 'NONE',  ( -36.84494249272324140, -22.58115369280121598, 18.22280343717217832 ) ) ;
#1812 = DIRECTION ( 'NONE',  ( 0.000000000000000000, 6.982962677686266711E-15, -1.000000000000000000 ) ) ;
#1813 = CONICAL_SURFACE ( 'NONE', #1096, 8.999999999999998224, 0.7853981633974492782 ) ;
#1814 = EDGE_CURVE ( 'NONE', #42, #2145, #2770, .T. ) ;
#1815 = ORIENTED_EDGE ( 'NONE', *, *, #3023, .T. ) ;
#1816 = CARTESIAN_POINT ( 'NONE',  ( -37.19149664782450060, -22.61109270742301547, 19.54168345327462220 ) ) ;
#1817 = CARTESIAN_POINT ( 'NONE',  ( -23.92569546939781233, -22.61109270742315402, 39.64497224323666558 ) ) ;
#1818 = DIRECTION ( 'NONE',  ( -0.7071067811865457964, -4.857225732735060653E-15, 0.7071067811865492381 ) ) ;
#1819 = VECTOR ( 'NONE', #613, 1000.000000000000000 ) ;
#1820 = ORIENTED_EDGE ( 'NONE', *, *, #1899, .F. ) ;
#1821 = VECTOR ( 'NONE', #1230, 1000.000000000000000 ) ;
#1822 = LINE ( 'NONE', #3268, #2939 ) ;
#1823 = DIRECTION ( 'NONE',  ( 0.7071067811865457964, -4.937700262164543309E-15, 0.7071067811865492381 ) ) ;
#1824 = EDGE_CURVE ( 'NONE', #2581, #674, #1896, .T. ) ;
#1825 = CARTESIAN_POINT ( 'NONE',  ( -21.51878027935601168, -22.33626376637293376, 39.04253016654273978 ) ) ;
#1826 = ORIENTED_EDGE ( 'NONE', *, *, #3480, .F. ) ;
#1827 = DIRECTION ( 'NONE',  ( -0.7071067811865516806, -4.937700262164502288E-15, 0.7071067811865434649 ) ) ;
#1828 = ADVANCED_FACE ( 'NONE', ( #3017 ), #3000, .T. ) ;
#1829 = ORIENTED_EDGE ( 'NONE', *, *, #441, .F. ) ;
#1830 = AXIS2_PLACEMENT_3D ( 'NONE', #982, #3523, #410 ) ;
#1831 = CARTESIAN_POINT ( 'NONE',  ( -24.17423035594034175, -21.96388955832441425, 40.94956237478402272 ) ) ;
#1832 = CARTESIAN_POINT ( 'NONE',  ( -37.11574802917827043, -22.56437283814479855, 18.66105260082673567 ) ) ;
#1833 = FACE_BOUND ( 'NONE', #3204, .T. ) ;
#1834 = CARTESIAN_POINT ( 'NONE',  ( -6.250000000000005329, -16.61109270742308297, 29.21192626329680664 ) ) ;
#1835 = VERTEX_POINT ( 'NONE', #2459 ) ;
#1836 = CARTESIAN_POINT ( 'NONE',  ( -37.15755798769322382, -22.61109270742301547, 19.47000537397380171 ) ) ;
#1837 = CARTESIAN_POINT ( 'NONE',  ( -37.26930722852979727, -22.61109270742301547, 19.71338284957572995 ) ) ;
#1838 = DIRECTION ( 'NONE',  ( -0.4999999999999937272, 0.7071067811865558994, -0.4999999999999945044 ) ) ;
#1839 = EDGE_CURVE ( 'NONE', #1287, #145, #3074, .T. ) ;
#1840 = EDGE_CURVE ( 'NONE', #2530, #452, #1620, .T. ) ;
#1841 = ORIENTED_EDGE ( 'NONE', *, *, #1938, .F. ) ;
#1842 = LINE ( 'NONE', #1526, #3282 ) ;
#1843 = DIRECTION ( 'NONE',  ( 0.000000000000000000, 1.000000000000000000, 6.982962677686266711E-15 ) ) ;
#1844 = FACE_OUTER_BOUND ( 'NONE', #22, .T. ) ;
#1845 = ORIENTED_EDGE ( 'NONE', *, *, #1242, .T. ) ;
#1846 = CALENDAR_DATE ( 2026, 5, 6 ) ;
#1847 = DIRECTION ( 'NONE',  ( -0.6546536707079814166, 0.3779644730092195370, 0.6546536707079773088 ) ) ;
#1848 = ORIENTED_EDGE ( 'NONE', *, *, #2977, .T. ) ;
#1849 = DIRECTION ( 'NONE',  ( -0.000000000000000000, -1.000000000000000000, -6.982962677686266711E-15 ) ) ;
#1850 = CARTESIAN_POINT ( 'NONE',  ( 0.000000000000000000, -8.611092707422878689, 0.06192626329686121839 ) ) ;
#1851 = DIRECTION ( 'NONE',  ( 0.000000000000000000, -6.982962677686266711E-15, 1.000000000000000000 ) ) ;
#1852 = CARTESIAN_POINT ( 'NONE',  ( -7.813492794109314410, -16.61109270742305810, 25.90664197766288979 ) ) ;
#1853 = ORIENTED_EDGE ( 'NONE', *, *, #2331, .F. ) ;
#1854 = CARTESIAN_POINT ( 'NONE',  ( -39.11795350727702925, -22.61109270742303323, 23.23255954076701713 ) ) ;
#1855 = DIRECTION ( 'NONE',  ( 0.000000000000000000, -6.938893903907222067E-15, 1.000000000000000000 ) ) ;
#1856 = CARTESIAN_POINT ( 'NONE',  ( -51.08578643762690064, -14.52818893876835382, 34.64771270092371225 ) ) ;
#1857 = CONICAL_SURFACE ( 'NONE', #2787, 3.000000000000002665, 0.7853981633974491672 ) ;
#1858 = EDGE_CURVE ( 'NONE', #2894, #1781, #1668, .T. ) ;
#1859 = ORIENTED_EDGE ( 'NONE', *, *, #1297, .F. ) ;
#1860 = DIRECTION ( 'NONE',  ( -0.000000000000000000, 1.000000000000000000, 6.982962677686266711E-15 ) ) ;
#1861 = VECTOR ( 'NONE', #3203, 1000.000000000000000 ) ;
#1862 = DIRECTION ( 'NONE',  ( 0.000000000000000000, 6.938893903907236266E-15, -1.000000000000000000 ) ) ;
#1863 = ADVANCED_FACE ( 'NONE', ( #562 ), #804, .T. ) ;
#1864 =( BOUNDED_CURVE ( )  B_SPLINE_CURVE ( 3, ( #2103, #2405, #3239, #1022 ),
 .UNSPECIFIED., .F., .T. ) 
 B_SPLINE_CURVE_WITH_KNOTS ( ( 4, 4 ),
 ( 2.094395102393190822, 3.141592653589792228 ),
 .UNSPECIFIED. ) 
 CURVE ( )  GEOMETRIC_REPRESENTATION_ITEM ( )  RATIONAL_B_SPLINE_CURVE ( ( 1.000000000000000000, 0.9106836025229584353, 0.9106836025229584353, 1.000000000000000000 ) ) 
 REPRESENTATION_ITEM ( '' )  );
#1865 = EDGE_CURVE ( 'NONE', #3518, #2194, #2520, .T. ) ;
#1866 = APPROVAL_PERSON_ORGANIZATION ( #135, #2736, #2399 ) ;
#1867 = CARTESIAN_POINT ( 'NONE',  ( -35.50000000000001421, -8.611092707423162906, 40.56192626329686846 ) ) ;
#1868 = ORIENTED_EDGE ( 'NONE', *, *, #486, .F. ) ;
#1869 = PLANE ( 'NONE',  #1502 ) ;
#1870 = VERTEX_POINT ( 'NONE', #3564 ) ;
#1871 = DIRECTION ( 'NONE',  ( 0.000000000000000000, 0.7071067811865426878, 0.7071067811865524577 ) ) ;
#1872 = CARTESIAN_POINT ( 'NONE',  ( -37.99065419050935333, -22.47844006688503171, 20.05523834014897488 ) ) ;
#1873 = CARTESIAN_POINT ( 'NONE',  ( -10.41799039214576261, -16.61109270742305810, 25.52154721578491703 ) ) ;
#1874 = DIRECTION ( 'NONE',  ( -2.312964634635740689E-15, -6.938893903907222067E-15, 1.000000000000000000 ) ) ;
#1875 = VERTEX_POINT ( 'NONE', #511 ) ;
#1876 = VECTOR ( 'NONE', #2428, 1000.000000000000000 ) ;
#1877 = CARTESIAN_POINT ( 'NONE',  ( -18.14178980201035785, -22.67056414059574720, 36.06636179949116894 ) ) ;
#1878 = CARTESIAN_POINT ( 'NONE',  ( -66.12867965644026924, -8.611092707423235737, 51.10481948211039338 ) ) ;
#1879 = ORIENTED_EDGE ( 'NONE', *, *, #1701, .F. ) ;
#1880 = CARTESIAN_POINT ( 'NONE',  ( -34.58578643762690774, -8.611092707423235737, 51.14771270092375488 ) ) ;
#1881 = AXIS2_PLACEMENT_3D ( 'NONE', #132, #1823, #3157 ) ;
#1882 = DIRECTION ( 'NONE',  ( 0.000000000000000000, 1.000000000000000000, 6.982962677686266711E-15 ) ) ;
#1883 = AXIS2_PLACEMENT_3D ( 'NONE', #836, #786, #497 ) ;
#1884 = CARTESIAN_POINT ( 'NONE',  ( -66.12867965644026924, -8.611092707423246395, 52.51903304448349274 ) ) ;
#1885 = EDGE_LOOP ( 'NONE', ( #2755, #2365, #3253, #32 ) ) ;
#1886 = EDGE_CURVE ( 'NONE', #1601, #268, #2014, .T. ) ;
#1887 = CARTESIAN_POINT ( 'NONE',  ( -23.92569546939781233, -22.61109270742315402, 39.64497224323666558 ) ) ;
#1888 = VECTOR ( 'NONE', #142, 1000.000000000000000 ) ;
#1889 = ORIENTED_EDGE ( 'NONE', *, *, #1406, .T. ) ;
#1890 = CARTESIAN_POINT ( 'NONE',  ( -5.058068508275989750, -24.16517442399526061, 25.57311157059465145 ) ) ;
#1891 = LINE ( 'NONE', #1366, #2198 ) ;
#1892 = ORIENTED_EDGE ( 'NONE', *, *, #176, .F. ) ;
#1893 = DIRECTION ( 'NONE',  ( 0.7071067811865475727, 4.857225732735058287E-15, -0.7071067811865475727 ) ) ;
#1894 = CARTESIAN_POINT ( 'NONE',  ( -25.51118530729793576, -24.16517442399513627, 5.119994771572517145 ) ) ;
#1895 = ORIENTED_EDGE ( 'NONE', *, *, #1242, .F. ) ;
#1896 = LINE ( 'NONE', #3325, #1050 ) ;
#1897 = CARTESIAN_POINT ( 'NONE',  ( 0.000000000000000000, -22.61109270742308652, 30.06192626329676187 ) ) ;
#1898 = CARTESIAN_POINT ( 'NONE',  ( -17.17116539707441802, -23.45554730079318162, 27.13257268432055369 ) ) ;
#1899 = EDGE_CURVE ( 'NONE', #2100, #2632, #2314, .T. ) ;
#1900 = ORIENTED_EDGE ( 'NONE', *, *, #2477, .F. ) ;
#1901 = CARTESIAN_POINT ( 'NONE',  ( 3.173686228836192225, -24.00514242583490798, 25.87534038345143372 ) ) ;
#1902 = LINE ( 'NONE', #3336, #1987 ) ;
#1903 = ADVANCED_FACE ( 'NONE', ( #1189 ), #3416, .T. ) ;
#1904 = VERTEX_POINT ( 'NONE', #3132 ) ;
#1905 = CARTESIAN_POINT ( 'NONE',  ( -26.22969418388735008, -23.85610804365875026, 16.17819937065898017 ) ) ;
#1906 = CARTESIAN_POINT ( 'NONE',  ( -6.250000000000005329, -8.611092707423082970, 29.21192626329686348 ) ) ;
#1907 = B_SPLINE_CURVE_WITH_KNOTS ( 'NONE', 3,
 ( #1945, #2745, #1691, #273, #2791, #1113 ),
 .UNSPECIFIED., .F., .F.,
 ( 4, 2, 4 ),
 ( 0.000000000000000000, 0.2500000000000000000, 0.5000000000000000000 ),
 .UNSPECIFIED. ) ;
#1908 = VERTEX_POINT ( 'NONE', #345 ) ;
#1909 = VECTOR ( 'NONE', #2220, 1000.000000000000000 ) ;
#1910 = CARTESIAN_POINT ( 'NONE',  ( -16.49208095094236270, -22.61109270742312560, 35.88243433898547607 ) ) ;
#1911 = LINE ( 'NONE', #3030, #31 ) ;
#1912 = CARTESIAN_POINT ( 'NONE',  ( -25.36597667920399246, -21.77312983745643393, 41.96058046161577693 ) ) ;
#1913 = CARTESIAN_POINT ( 'NONE',  ( -13.28838652511537077, -24.50380751145905123, 24.93181590782216617 ) ) ;
#1914 = B_SPLINE_CURVE_WITH_KNOTS ( 'NONE', 3,
 ( #3583, #1073, #252, #3061, #1728, #1669, #1689, #3366, #2296, #3401, #875, #1712, #3383, #1093, #3618, #1959, #584, #2833, #622, #3349, #55, #2810 ),
 .UNSPECIFIED., .F., .F.,
 ( 4, 2, 2, 2, 2, 2, 2, 2, 2, 2, 4 ),
 ( 0.2721023559544471504, 0.4540767669658354877, 0.4995703697186824055, 0.5450639724715293788, 0.5905575752243762411, 0.6360511779772232144, 0.7270383834829177161, 0.8180255889886118847, 0.8635191917414590801, 0.9090127944943062754, 1.000000000000000000 ),
 .UNSPECIFIED. ) ;
#1915 = AXIS2_PLACEMENT_3D ( 'NONE', #484, #2435, #3361 ) ;
#1916 = CARTESIAN_POINT ( 'NONE',  ( -36.25083392065561583, -22.61109270742299060, 17.50574167597019226 ) ) ;
#1917 = ORIENTED_EDGE ( 'NONE', *, *, #2099, .T. ) ;
#1918 = CIRCLE ( 'NONE', #1970, 1.000000000000000888 ) ;
#1919 = CARTESIAN_POINT ( 'NONE',  ( -1.272214588003665492, -23.91871050286540168, 26.03857159828518775 ) ) ;
#1920 = DIRECTION ( 'NONE',  ( 0.000000000000000000, 1.000000000000000000, 6.982962677686267499E-15 ) ) ;
#1921 = CC_DESIGN_PERSON_AND_ORGANIZATION_ASSIGNMENT ( #2061, #1791, ( #2687 ) ) ;
#1922 = ORIENTED_EDGE ( 'NONE', *, *, #1180, .F. ) ;
#1923 = CARTESIAN_POINT ( 'NONE',  ( -25.63589502024324673, -24.85743562776509563, 8.200219563234128373 ) ) ;
#1924 = DIRECTION ( 'NONE',  ( 0.000000000000000000, -1.000000000000000000, -6.982962677686266711E-15 ) ) ;
#1925 = EDGE_CURVE ( 'NONE', #2415, #2009, #699, .T. ) ;
#1926 = EDGE_LOOP ( 'NONE', ( #1532, #2921, #2418, #310, #1071 ) ) ;
#1927 = CARTESIAN_POINT ( 'NONE',  ( -19.07632338580441811, -22.61109270742313271, 37.06328395276421617 ) ) ;
#1928 = DIRECTION ( 'NONE',  ( 0.3110177634953832371, -0.6546536707079839701, 0.6889822365046085473 ) ) ;
#1929 = AXIS2_PLACEMENT_3D ( 'NONE', #507, #2215, #265 ) ;
#1930 = CARTESIAN_POINT ( 'NONE',  ( -58.08469300083870479, -16.61109270742317534, 43.06083282650868682 ) ) ;
#1931 = ORIENTED_EDGE ( 'NONE', *, *, #1518, .T. ) ;
#1932 = AXIS2_PLACEMENT_3D ( 'NONE', #2570, #35, #1150 ) ;
#1933 = CARTESIAN_POINT ( 'NONE',  ( 0.6543658829905363294, -24.20638742660695186, 26.96265163112726526 ) ) ;
#1934 = CARTESIAN_POINT ( 'NONE',  ( -31.25000000000000000, -26.39144727796451662, 9.811926263296733453 ) ) ;
#1935 = ORIENTED_EDGE ( 'NONE', *, *, #3561, .F. ) ;
#1936 = CARTESIAN_POINT ( 'NONE',  ( -35.82050807568872131, -22.61109270742299060, 16.55400721423909260 ) ) ;
#1937 = CARTESIAN_POINT ( 'NONE',  ( -25.88335235722787431, -23.96810970310771438, 2.602930704318260791 ) ) ;
#1938 = EDGE_CURVE ( 'NONE', #2914, #628, #2053, .T. ) ;
#1939 = ORIENTED_EDGE ( 'NONE', *, *, #283, .T. ) ;
#1940 = ORIENTED_EDGE ( 'NONE', *, *, #492, .T. ) ;
#1941 = DIRECTION ( 'NONE',  ( -1.000000000000000000, 0.000000000000000000, -0.000000000000000000 ) ) ;
#1942 = AXIS2_PLACEMENT_3D ( 'NONE', #1069, #8, #285 ) ;
#1943 = LINE ( 'NONE', #3095, #1909 ) ;
#1944 = EDGE_CURVE ( 'NONE', #1658, #2095, #3509, .T. ) ;
#1945 = CARTESIAN_POINT ( 'NONE',  ( -24.88750402124151151, -24.49541746561653355, 7.586030435401750260 ) ) ;
#1946 = AXIS2_PLACEMENT_3D ( 'NONE', #150, #447, #2155 ) ;
#1947 = CARTESIAN_POINT ( 'NONE',  ( -10.41799039214576261, -17.61109270742310073, 34.52154721578493479 ) ) ;
#1948 = ORIENTED_EDGE ( 'NONE', *, *, #1180, .T. ) ;
#1949 = CARTESIAN_POINT ( 'NONE',  ( -33.66902981653255722, -15.71316061828800770, 50.23095607983071176 ) ) ;
#1950 = DIRECTION ( 'NONE',  ( 0.000000000000000000, -1.000000000000000000, -6.982962677686266711E-15 ) ) ;
#1951 = CARTESIAN_POINT ( 'NONE',  ( -6.250000000000005329, -8.611092707423097181, 31.31192626329686135 ) ) ;
#1952 = EDGE_LOOP ( 'NONE', ( #3093, #2060, #519, #2992 ) ) ;
#1953 = DIRECTION ( 'NONE',  ( 0.7071067811865515695, 4.937700262164502288E-15, -0.7071067811865435759 ) ) ;
#1954 = CARTESIAN_POINT ( 'NONE',  ( -25.81495994349757694, -24.05365280029467456, 15.50713503398411497 ) ) ;
#1955 = VERTEX_POINT ( 'NONE', #638 ) ;
#1956 = DIRECTION ( 'NONE',  ( 0.000000000000000000, -6.982962677686266711E-15, 1.000000000000000000 ) ) ;
#1957 = ORIENTED_EDGE ( 'NONE', *, *, #710, .T. ) ;
#1958 = DIRECTION ( 'NONE',  ( -0.000000000000000000, -0.8660254037844431485, 0.4999999999999922284 ) ) ;
#1959 = CARTESIAN_POINT ( 'NONE',  ( -16.10583288774079946, -23.85446994266666820, 26.29504790575553486 ) ) ;
#1960 = EDGE_CURVE ( 'NONE', #764, #2009, #603, .T. ) ;
#1961 = CARTESIAN_POINT ( 'NONE',  ( -23.92569546939781233, -22.61109270742315402, 39.64497224323666558 ) ) ;
#1962 = EDGE_CURVE ( 'NONE', #2, #3393, #3171, .T. ) ;
#1963 = DIRECTION ( 'NONE',  ( 0.000000000000000000, 1.000000000000000000, 6.982962677686267499E-15 ) ) ;
#1964 = ORIENTED_EDGE ( 'NONE', *, *, #10, .F. ) ;
#1965 = CARTESIAN_POINT ( 'NONE',  ( -32.91706725564241509, -20.94347360537620517, 49.47899351893919828 ) ) ;
#1966 = LINE ( 'NONE', #1195, #853 ) ;
#1967 = CARTESIAN_POINT ( 'NONE',  ( -40.41058594418130667, -22.05848088828548725, 23.62105878391575686 ) ) ;
#1968 = VECTOR ( 'NONE', #843, 1000.000000000000114 ) ;
#1969 = APPROVAL_PERSON_ORGANIZATION ( #153, #348, #2693 ) ;
#1970 = AXIS2_PLACEMENT_3D ( 'NONE', #3429, #2679, #455 ) ;
#1971 = ORIENTED_EDGE ( 'NONE', *, *, #1886, .F. ) ;
#1972 = B_SPLINE_CURVE_WITH_KNOTS ( 'NONE', 3,
 ( #201, #3547, #3243, #418, #2440, #3512, #2665, #2164, #143, #1263 ),
 .UNSPECIFIED., .F., .F.,
 ( 4, 2, 2, 2, 4 ),
 ( 0.000000000000000000, 0.2499999999999996669, 0.4999999999999997780, 0.7499999999999998890, 1.000000000000000000 ),
 .UNSPECIFIED. ) ;
#1973 = CARTESIAN_POINT ( 'NONE',  ( -40.32886667852283580, -22.07519432256079739, 23.50975022654275293 ) ) ;
#1974 = CARTESIAN_POINT ( 'NONE',  ( -27.22651209879559531, -23.38130735159333184, 17.38894342548044492 ) ) ;
#1975 = DIRECTION ( 'NONE',  ( 0.000000000000000000, -6.938893903907222067E-15, 1.000000000000000000 ) ) ;
#1976 = ORIENTED_EDGE ( 'NONE', *, *, #1003, .F. ) ;
#1977 = CARTESIAN_POINT ( 'NONE',  ( -7.524104172105270827, -24.49541746561473587, 24.94943028453818101 ) ) ;
#1978 = VERTEX_POINT ( 'NONE', #2533 ) ;
#1979 = CARTESIAN_POINT ( 'NONE',  ( -22.78118214333586167, -22.61109270742315047, 38.95278825896724584 ) ) ;
#1980 = DIRECTION ( 'NONE',  ( 0.000000000000000000, 6.938893903907228378E-15, -1.000000000000000000 ) ) ;
#1981 = CIRCLE ( 'NONE', #169, 2.100000000000000977 ) ;
#1982 = ADVANCED_FACE ( 'NONE', ( #15 ), #1131, .F. ) ;
#1983 = CARTESIAN_POINT ( 'NONE',  ( -36.25259737277272620, -22.61109270742299415, 17.50962897990993739 ) ) ;
#1984 = ORIENTED_EDGE ( 'NONE', *, *, #2306, .F. ) ;
#1985 = LINE ( 'NONE', #1435, #190 ) ;
#1986 = DIRECTION ( 'NONE',  ( 0.8624211459689233861, -0.4591684756709647486, -0.2130588602608479987 ) ) ;
#1987 = VECTOR ( 'NONE', #3590, 1000.000000000000000 ) ;
#1988 = CARTESIAN_POINT ( 'NONE',  ( -52.45710678118663139, -16.61109270742333877, 66.19060591973708085 ) ) ;
#1989 = VECTOR ( 'NONE', #714, 1000.000000000000000 ) ;
#1990 = ORIENTED_EDGE ( 'NONE', *, *, #2401, .T. ) ;
#1991 = DIRECTION ( 'NONE',  ( -0.000000000000000000, 1.000000000000000000, 6.982962677686266711E-15 ) ) ;
#1992 = CARTESIAN_POINT ( 'NONE',  ( -25.64787049387215845, -24.13324162501205450, 15.21327437375146907 ) ) ;
#1993 = DIRECTION ( 'NONE',  ( 0.7071067811865515695, -4.937700262164502288E-15, 0.7071067811865434649 ) ) ;
#1994 = EDGE_CURVE ( 'NONE', #2767, #1287, #3382, .T. ) ;
#1995 = ORIENTED_EDGE ( 'NONE', *, *, #1589, .T. ) ;
#1996 = CARTESIAN_POINT ( 'NONE',  ( -39.15268727119531178, -22.30617553983208623, 21.83626053576893611 ) ) ;
#1997 = CARTESIAN_POINT ( 'NONE',  ( -31.25000000000000000, -8.611092707422908887, 4.211926263296858153 ) ) ;
#1998 = CARTESIAN_POINT ( 'NONE',  ( -22.51994418637054096, -22.61109270742315402, 38.80411323317309069 ) ) ;
#1999 = AXIS2_PLACEMENT_3D ( 'NONE', #1416, #3261, #2537 ) ;
#2000 = VERTEX_POINT ( 'NONE', #2295 ) ;
#2001 = AXIS2_PLACEMENT_3D ( 'NONE', #596, #2842, #2544 ) ;
#2002 = EDGE_CURVE ( 'NONE', #3443, #488, #2287, .T. ) ;
#2003 = CIRCLE ( 'NONE', #2657, 3.499999999999999556 ) ;
#2004 = DIRECTION ( 'NONE',  ( -0.3110177634953899539, 0.6546536707079837480, -0.6889822365046056607 ) ) ;
#2005 = EDGE_LOOP ( 'NONE', ( #406, #1307, #1198, #319 ) ) ;
#2006 = DIRECTION ( 'NONE',  ( -0.4999999999999988898, 0.7071067811865456854, 0.5000000000000037748 ) ) ;
#2007 = DIRECTION ( 'NONE',  ( -0.000000000000000000, 1.000000000000000000, 6.982962677686266711E-15 ) ) ;
#2008 = ADVANCED_FACE ( 'NONE', ( #1301 ), #2706, .T. ) ;
#2009 = VERTEX_POINT ( 'NONE', #1784 ) ;
#2010 = DIRECTION ( 'NONE',  ( -1.000000000000000000, -0.000000000000000000, -0.000000000000000000 ) ) ;
#2011 = CARTESIAN_POINT ( 'NONE',  ( -35.50000000000001421, -9.611092707423161130, 40.56192626329686135 ) ) ;
#2012 = CARTESIAN_POINT ( 'NONE',  ( -3.516184427493280307, -23.33179139133287094, 28.66178174979751958 ) ) ;
#2013 = EDGE_CURVE ( 'NONE', #1431, #1153, #2429, .T. ) ;
#2014 = B_SPLINE_CURVE_WITH_KNOTS ( 'NONE', 3,
 ( #1910, #1688, #543, #204, #2498, #222, #2481, #3598, #3582, #1337, #2199, #2219, #2515, #2445, #3616, #1057, #1072, #772, #3552, #1635, #2186, #1927, #3284, #2756, #1044, #526, #2167, #1354, #3045, #1652, #2773, #657, #1746, #1428, #2018, #873, #1466, #2335, #1410, #2589, #3434, #2256, #1446, #2034, #1207, #311, #2867, #1764, #328, #1998, #1979, #620, #2887, #930, #363, #291, #3094, #2277 ),
 .UNSPECIFIED., .F., .F.,
 ( 4, 1, 1, 1, 1, 1, 1, 2, 2, 1, 1, 1, 1, 2, 2, 1, 1, 1, 1, 2, 2, 1, 1, 1, 2, 2, 1, 1, 1, 2, 2, 1, 1, 1, 2, 2, 1, 1, 1, 2, 2, 4 ),
 ( 0.000000000000000000, 0.06249999999999629463, 0.09374999999999336642, 0.1093749999999905909, 0.1171874999999891892, 0.1210937499999884259, 0.1230468749999880373, 0.1240234374999878431, 0.1249999999999876488, 0.1874999999999558686, 0.2187499999999404920, 0.2343749999999339417, 0.2421874999999318878, 0.2460937499999314160, 0.2499999999999309719, 0.3124999999999349409, 0.3437499999999363842, 0.3593749999999376055, 0.3671874999999388267, 0.3710937499999394373, 0.3749999999999400480, 0.4374999999999408806, 0.4687499999999418243, 0.4843749999999423794, 0.4921874999999426015, 0.4999999999999428790, 0.5624999999999438227, 0.5937499999999453770, 0.6093749999999468203, 0.6171874999999468203, 0.6249999999999469313, 0.6874999999999477085, 0.7187499999999480416, 0.7343749999999488187, 0.7421874999999498179, 0.7499999999999508171, 0.8124999999999584777, 0.8437499999999623634, 0.8593749999999636957, 0.8671874999999649170, 0.8749999999999661382, 1.000000000000000000 ),
 .UNSPECIFIED. ) ;
#2015 = ORIENTED_EDGE ( 'NONE', *, *, #1400, .F. ) ;
#2016 = CARTESIAN_POINT ( 'NONE',  ( -49.50000000000000000, -16.26023974633720925, 31.23349913855057380 ) ) ;
#2017 = LINE ( 'NONE', #1206, #110 ) ;
#2018 = CARTESIAN_POINT ( 'NONE',  ( -20.43923878376961767, -22.61109270742314337, 37.71660522148749806 ) ) ;
#2019 = CARTESIAN_POINT ( 'NONE',  ( -25.75629717926290496, -24.79546082680080943, 7.801996405289918002 ) ) ;
#2020 = VERTEX_POINT ( 'NONE', #2355 ) ;
#2021 = CARTESIAN_POINT ( 'NONE',  ( -26.43750000000000355, -24.44482418062065676, 4.404907975497699191 ) ) ;
#2022 = VERTEX_POINT ( 'NONE', #165 ) ;
#2023 = CIRCLE ( 'NONE', #739, 10.00000000000000000 ) ;
#2024 = CARTESIAN_POINT ( 'NONE',  ( -4.430273234187177778, -24.10663310416882155, 25.68367166154701309 ) ) ;
#2025 = CARTESIAN_POINT ( 'NONE',  ( -41.45123807320556608, -21.85656060310596516, 24.91194091944975142 ) ) ;
#2026 = ORIENTED_EDGE ( 'NONE', *, *, #1377, .F. ) ;
#2027 = CARTESIAN_POINT ( 'NONE',  ( 0.000000000000000000, -16.61109270742287691, 0.06192626329680570724 ) ) ;
#2028 = CARTESIAN_POINT ( 'NONE',  ( -26.36381807578451131, -23.79222282109153497, 16.35443864099543987 ) ) ;
#2029 = CARTESIAN_POINT ( 'NONE',  ( -16.96135604089246840, -23.60416594825479564, 28.13262337889247888 ) ) ;
#2030 = AXIS2_PLACEMENT_3D ( 'NONE', #1752, #80, #629 ) ;
#2031 = ORIENTED_EDGE ( 'NONE', *, *, #3258, .T. ) ;
#2032 = CARTESIAN_POINT ( 'NONE',  ( 0.000000000000000000, -8.611092707422878689, 0.06192626329686121839 ) ) ;
#2033 = DIRECTION ( 'NONE',  ( 0.7071067811865510144, -5.204170427930414183E-15, 0.7071067811865441310 ) ) ;
#2034 = CARTESIAN_POINT ( 'NONE',  ( -21.86837011608763959, -22.61109270742314337, 38.44839735967583039 ) ) ;
#2035 = EDGE_CURVE ( 'NONE', #42, #1191, #1027, .T. ) ;
#2036 = CARTESIAN_POINT ( 'NONE',  ( -34.58578643762690064, -15.99229055390622989, 51.14771270092370514 ) ) ;
#2037 = ORIENTED_EDGE ( 'NONE', *, *, #3566, .T. ) ;
#2038 = CARTESIAN_POINT ( 'NONE',  ( -15.69101963859518101, -24.15615140484519330, 27.06024816046745229 ) ) ;
#2039 = DIRECTION ( 'NONE',  ( -0.7071067811865475727, 4.937700262164531476E-15, -0.7071067811865475727 ) ) ;
#2040 = DIRECTION ( 'NONE',  ( 0.000000000000000000, 6.608470384673547868E-15, -1.000000000000000000 ) ) ;
#2041 = ORIENTED_EDGE ( 'NONE', *, *, #686, .T. ) ;
#2042 = CARTESIAN_POINT ( 'NONE',  ( -6.297585378621867847, -24.31207399336231134, 25.29568286082499640 ) ) ;
#2043 = CARTESIAN_POINT ( 'NONE',  ( -42.12259258129520134, -21.73366714914297049, 25.65961923735141781 ) ) ;
#2044 = VERTEX_POINT ( 'NONE', #673 ) ;
#2045 = CIRCLE ( 'NONE', #469, 2.000000000000001776 ) ;
#2046 = CARTESIAN_POINT ( 'NONE',  ( -37.58607520371803190, -22.61109270742300836, 18.67268776787429729 ) ) ;
#2047 = CARTESIAN_POINT ( 'NONE',  ( -5.234297054614470035, -24.40551740410437631, 26.57578989307920736 ) ) ;
#2048 = CARTESIAN_POINT ( 'NONE',  ( -25.75629717926290496, -24.79546082680080943, 7.801996405289918002 ) ) ;
#2049 = AXIS2_PLACEMENT_3D ( 'NONE', #2092, #188, #167 ) ;
#2050 = ORIENTED_EDGE ( 'NONE', *, *, #3269, .F. ) ;
#2051 = CARTESIAN_POINT ( 'NONE',  ( -37.59457813522721636, -22.61109270742302613, 20.37826790252617926 ) ) ;
#2052 = DIRECTION ( 'NONE',  ( -0.5000000000000016653, 0.7071067811865520136, -0.4999999999999918954 ) ) ;
#2053 = LINE ( 'NONE', #2551, #874 ) ;
#2054 = CARTESIAN_POINT ( 'NONE',  ( -31.21882285961714132, -22.61109270742320376, 46.36653556054086067 ) ) ;
#2055 = EDGE_CURVE ( 'NONE', #510, #3492, #3533, .T. ) ;
#2056 = EDGE_LOOP ( 'NONE', ( #3596, #2402, #1098, #2636, #2303 ) ) ;
#2057 = CARTESIAN_POINT ( 'NONE',  ( -33.17157287525381548, -8.611092707423225079, 49.56192626329685424 ) ) ;
#2058 = EDGE_CURVE ( 'NONE', #1648, #3431, #2148, .T. ) ;
#2059 = LINE ( 'NONE', #2893, #1121 ) ;
#2060 = ORIENTED_EDGE ( 'NONE', *, *, #1085, .T. ) ;
#2061 = PERSON_AND_ORGANIZATION ( #1780, #3426 ) ;
#2062 = CARTESIAN_POINT ( 'NONE',  ( -51.04289321881353203, -16.61109270742333877, 66.19060591973708085 ) ) ;
#2063 = AXIS2_PLACEMENT_3D ( 'NONE', #952, #3493, #1585 ) ;
#2064 = ORIENTED_EDGE ( 'NONE', *, *, #1938, .T. ) ;
#2065 = CARTESIAN_POINT ( 'NONE',  ( -24.21504724783091334, -21.95750752157780639, 40.98243123230749063 ) ) ;
#2066 = CARTESIAN_POINT ( 'NONE',  ( -10.41799039214576261, -16.61109270742312205, 34.52154721578493479 ) ) ;
#2067 = CARTESIAN_POINT ( 'NONE',  ( 0.000000000000000000, -16.61109270742287691, 0.06192626329680570724 ) ) ;
#2068 = EDGE_LOOP ( 'NONE', ( #1503, #284, #2964, #2823 ) ) ;
#2069 = CARTESIAN_POINT ( 'NONE',  ( -36.94869598307545999, -22.61109270742301192, 19.02603860109726597 ) ) ;
#2070 = ADVANCED_FACE ( 'NONE', ( #3244 ), #2905, .F. ) ;
#2071 = DIRECTION ( 'NONE',  ( -0.000000000000000000, -1.000000000000000000, -6.982962677686266711E-15 ) ) ;
#2072 = DIRECTION ( 'NONE',  ( 0.5000000000000038858, -0.7071067811865496822, 0.4999999999999932832 ) ) ;
#2073 = EDGE_LOOP ( 'NONE', ( #716, #803, #830, #2288, #3362, #79, #3226, #3213 ) ) ;
#2074 = DIRECTION ( 'NONE',  ( 0.000000000000000000, -6.938893903907222067E-15, 1.000000000000000000 ) ) ;
#2075 = PLANE ( 'NONE',  #578 ) ;
#2076 = DIRECTION ( 'NONE',  ( 0.7071067811865439090, -4.937700262164557509E-15, 0.7071067811865512365 ) ) ;
#2077 = ORIENTED_EDGE ( 'NONE', *, *, #760, .F. ) ;
#2078 = EDGE_CURVE ( 'NONE', #2925, #753, #381, .T. ) ;
#2079 = DIRECTION ( 'NONE',  ( -0.000000000000000000, -1.000000000000000000, -6.982962677686266711E-15 ) ) ;
#2080 = VECTOR ( 'NONE', #2516, 1000.000000000000000 ) ;
#2081 = EDGE_LOOP ( 'NONE', ( #2120, #1004 ) ) ;
#2082 = DIRECTION ( 'NONE',  ( 0.000000000000000000, -6.938893903907232322E-15, 1.000000000000000000 ) ) ;
#2083 = CARTESIAN_POINT ( 'NONE',  ( -40.32886667852283580, -22.07519432256080094, 23.50975022654274582 ) ) ;
#2084 = CARTESIAN_POINT ( 'NONE',  ( -26.30025253169454658, -21.61109270742313271, 36.26167373160262031 ) ) ;
#2085 = ORIENTED_EDGE ( 'NONE', *, *, #350, .F. ) ;
#2086 = CARTESIAN_POINT ( 'NONE',  ( -39.58304597993990370, -22.61109270742304389, 23.98762173269453868 ) ) ;
#2087 = CARTESIAN_POINT ( 'NONE',  ( -39.20721700729721704, -22.61109270742303679, 23.40085544586066746 ) ) ;
#2088 = DIRECTION ( 'NONE',  ( 0.7071067811865475727, 0.7071067811865475727, 4.937700262164531476E-15 ) ) ;
#2089 = VECTOR ( 'NONE', #2143, 1000.000000000000114 ) ;
#2090 = ORIENTED_EDGE ( 'NONE', *, *, #1013, .F. ) ;
#2091 = VECTOR ( 'NONE', #1496, 999.9999999999998863 ) ;
#2092 = CARTESIAN_POINT ( 'NONE',  ( 0.000000000000000000, -12.61109270742312738, 35.88243433898554713 ) ) ;
#2093 = CARTESIAN_POINT ( 'NONE',  ( -20.65724976899022991, -22.15413030928220550, 39.35340835402533344 ) ) ;
#2094 = DIRECTION ( 'NONE',  ( 0.7071067811865475727, -4.937700262164531476E-15, 0.7071067811865475727 ) ) ;
#2095 = VERTEX_POINT ( 'NONE', #1501 ) ;
#2096 = MECHANICAL_CONTEXT ( 'NONE', #536, 'mechanical' ) ;
#2097 = DIRECTION ( 'NONE',  ( -0.5000000000000011102, 0.7071067811865426878, 0.5000000000000059952 ) ) ;
#2098 = EDGE_CURVE ( 'NONE', #3465, #3518, #2944, .T. ) ;
#2099 = EDGE_CURVE ( 'NONE', #462, #1287, #1229, .T. ) ;
#2100 = VERTEX_POINT ( 'NONE', #440 ) ;
#2101 = CARTESIAN_POINT ( 'NONE',  ( -46.30460929724409169, -22.61109270742309718, 31.28074912291389609 ) ) ;
#2102 = FACE_OUTER_BOUND ( 'NONE', #2879, .T. ) ;
#2103 = CARTESIAN_POINT ( 'NONE',  ( -31.17157287525377285, -16.26023974633733360, 49.56192626329679030 ) ) ;
#2104 = VECTOR ( 'NONE', #34, 1000.000000000000000 ) ;
#2105 = ORIENTED_EDGE ( 'NONE', *, *, #858, .F. ) ;
#2106 = CARTESIAN_POINT ( 'NONE',  ( -38.67787548216621474, -22.61109270742302968, 22.46538935248872093 ) ) ;
#2107 = CARTESIAN_POINT ( 'NONE',  ( -31.25000000000000000, -19.61109270742290889, 4.211926263296781769 ) ) ;
#2108 = CARTESIAN_POINT ( 'NONE',  ( -7.542893218813745193, -8.611092707422825399, -7.480966955516795913 ) ) ;
#2109 = VECTOR ( 'NONE', #805, 1000.000000000000114 ) ;
#2110 = ORIENTED_EDGE ( 'NONE', *, *, #2117, .T. ) ;
#2111 = VECTOR ( 'NONE', #3310, 1000.000000000000000 ) ;
#2112 = DIRECTION ( 'NONE',  ( -0.7071067811865512365, -4.937700262164505444E-15, 0.7071067811865439090 ) ) ;
#2113 = DIRECTION ( 'NONE',  ( 1.000000000000000000, 3.469446951953611033E-15, 0.000000000000000000 ) ) ;
#2114 =( BOUNDED_CURVE ( )  B_SPLINE_CURVE ( 3, ( #1756, #2046, #612, #886 ),
 .UNSPECIFIED., .F., .T. ) 
 B_SPLINE_CURVE_WITH_KNOTS ( ( 4, 4 ),
 ( 4.712388980384689674, 5.235987755982986158 ),
 .UNSPECIFIED. ) 
 CURVE ( )  GEOMETRIC_REPRESENTATION_ITEM ( )  RATIONAL_B_SPLINE_CURVE ( ( 1.000000000000000000, 0.9772838841927123932, 0.9772838841927123932, 1.000000000000000000 ) ) 
 REPRESENTATION_ITEM ( '' )  );
#2115 = CYLINDRICAL_SURFACE ( 'NONE', #2720, 10.00000000000000355 ) ;
#2116 = ORIENTED_EDGE ( 'NONE', *, *, #2594, .F. ) ;
#2117 = EDGE_CURVE ( 'NONE', #976, #234, #186, .T. ) ;
#2118 = PERSON_AND_ORGANIZATION ( #1780, #3426 ) ;
#2119 = DIRECTION ( 'NONE',  ( 0.4576615381557277984, 0.8891264907159910358, 6.208737100411929476E-15 ) ) ;
#2120 = ORIENTED_EDGE ( 'NONE', *, *, #2667, .T. ) ;
#2121 = CIRCLE ( 'NONE', #1830, 2.000000000000001776 ) ;
#2122 = DIRECTION ( 'NONE',  ( 0.000000000000000000, -6.982962677686266711E-15, 1.000000000000000000 ) ) ;
#2123 = CARTESIAN_POINT ( 'NONE',  ( -37.58325213335035642, -22.52327717277369246, 19.41030053088624285 ) ) ;
#2124 = CARTESIAN_POINT ( 'NONE',  ( -6.250000000000005329, -16.61109270742311139, 33.41192626329680593 ) ) ;
#2125 = CARTESIAN_POINT ( 'NONE',  ( -42.11073046400919395, -22.61109270742306876, 27.08687028967894506 ) ) ;
#2126 = ADVANCED_FACE ( 'NONE', ( #1225 ), #733, .F. ) ;
#2127 = AXIS2_PLACEMENT_3D ( 'NONE', #938, #1471, #1507 ) ;
#2128 = ORIENTED_EDGE ( 'NONE', *, *, #1273, .T. ) ;
#2129 = CARTESIAN_POINT ( 'NONE',  ( -37.25889009990828526, -22.61109270742300836, 19.68357423485638691 ) ) ;
#2130 = FACE_OUTER_BOUND ( 'NONE', #93, .T. ) ;
#2131 = DIRECTION ( 'NONE',  ( 0.6546536707079744222, -0.3779644730092192595, -0.6546536707079844142 ) ) ;
#2132 = ORIENTED_EDGE ( 'NONE', *, *, #2477, .T. ) ;
#2133 = DIRECTION ( 'NONE',  ( -0.000000000000000000, 1.000000000000000000, 6.982962677686266711E-15 ) ) ;
#2134 = PLANE ( 'NONE',  #113 ) ;
#2135 = FACE_OUTER_BOUND ( 'NONE', #2728, .T. ) ;
#2136 = LINE ( 'NONE', #2989, #3437 ) ;
#2137 =( BOUNDED_CURVE ( )  B_SPLINE_CURVE ( 3, ( #1175, #2021, #3389, #2909 ),
 .UNSPECIFIED., .F., .T. ) 
 B_SPLINE_CURVE_WITH_KNOTS ( ( 4, 4 ),
 ( 1.936003548085263537, 4.347181759094322473 ),
 .UNSPECIFIED. ) 
 CURVE ( )  GEOMETRIC_REPRESENTATION_ITEM ( )  RATIONAL_B_SPLINE_CURVE ( ( 1.000000000000000000, 0.5714285714285717299, 0.5714285714285717299, 1.000000000000000000 ) ) 
 REPRESENTATION_ITEM ( '' )  );
#2138 = APPLICATION_PROTOCOL_DEFINITION ( 'international standard', 'config_control_design', 1994, #2446 ) ;
#2139 = FACE_OUTER_BOUND ( 'NONE', #2056, .T. ) ;
#2140 = ORIENTED_EDGE ( 'NONE', *, *, #3507, .T. ) ;
#2141 = CARTESIAN_POINT ( 'NONE',  ( -24.90911966580211256, -21.84700389933653852, 41.56440964428164619 ) ) ;
#2142 = CARTESIAN_POINT ( 'NONE',  ( -37.87545426835436757, -22.49201652848463695, 19.87378609963216647 ) ) ;
#2143 = DIRECTION ( 'NONE',  ( 0.8660254037844395958, -0.4999999999999982236, -3.491481338843121128E-15 ) ) ;
#2144 = CARTESIAN_POINT ( 'NONE',  ( -34.58578643762690774, -14.52818893876846928, 51.14771270092371225 ) ) ;
#2145 = VERTEX_POINT ( 'NONE', #1856 ) ;
#2146 = CARTESIAN_POINT ( 'NONE',  ( -36.01298251286885233, -22.61109270742300126, 16.98037647655172222 ) ) ;
#2147 = CARTESIAN_POINT ( 'NONE',  ( -19.59635826909173772, -23.31857277009258311, 36.69073570608104262 ) ) ;
#2148 = LINE ( 'NONE', #419, #1989 ) ;
#2149 = AXIS2_PLACEMENT_3D ( 'NONE', #708, #3151, #2438 ) ;
#2150 = ADVANCED_FACE ( 'NONE', ( #2982 ), #949, .F. ) ;
#2151 = EDGE_LOOP ( 'NONE', ( #1142, #2651, #1254, #927 ) ) ;
#2152 = CARTESIAN_POINT ( 'NONE',  ( -33.17157287525381548, -8.611092707423246395, 52.56192626329686135 ) ) ;
#2153 = CARTESIAN_POINT ( 'NONE',  ( -52.50000000000000711, -22.61109270742311139, 33.23349913855056315 ) ) ;
#2154 = VECTOR ( 'NONE', #2006, 1000.000000000000000 ) ;
#2155 = DIRECTION ( 'NONE',  ( 0.000000000000000000, 6.938893903907211812E-15, -1.000000000000000000 ) ) ;
#2156 = DIRECTION ( 'NONE',  ( 0.000000000000000000, -6.938893903907222067E-15, 1.000000000000000000 ) ) ;
#2157 = DATE_AND_TIME ( #2434, #3331 ) ;
#2158 = DIRECTION ( 'NONE',  ( 0.6546536707079813056, -0.3779644730092194815, -0.6546536707079774198 ) ) ;
#2159 = VERTEX_POINT ( 'NONE', #2924 ) ;
#2160 = CARTESIAN_POINT ( 'NONE',  ( 7.113704135908339055, -24.69798699507066075, 26.00759169555345096 ) ) ;
#2161 = DIRECTION ( 'NONE',  ( 0.000000000000000000, 0.4999999999999922284, 0.8660254037844431485 ) ) ;
#2162 = ORIENTED_EDGE ( 'NONE', *, *, #3412, .T. ) ;
#2163 = VECTOR ( 'NONE', #1300, 1000.000000000000000 ) ;
#2164 = CARTESIAN_POINT ( 'NONE',  ( -9.366948647891039315, -24.98774643661823802, 25.44465866768028306 ) ) ;
#2165 = CARTESIAN_POINT ( 'NONE',  ( -25.23331308931923189, -24.31230945674090904, 6.361493181275775122 ) ) ;
#2166 = ORIENTED_EDGE ( 'NONE', *, *, #3154, .F. ) ;
#2167 = CARTESIAN_POINT ( 'NONE',  ( -19.32558852430259932, -22.61109270742313981, 37.18051112012688009 ) ) ;
#2168 = VECTOR ( 'NONE', #2999, 1000.000000000000000 ) ;
#2169 = EDGE_CURVE ( 'NONE', #1771, #1395, #229, .T. ) ;
#2170 = EDGE_CURVE ( 'NONE', #1110, #401, #967, .T. ) ;
#2171 = VECTOR ( 'NONE', #1372, 1000.000000000000000 ) ;
#2172 = CARTESIAN_POINT ( 'NONE',  ( -43.67957864020586811, -16.61109270742329969, 60.24150490350258735 ) ) ;
#2173 = ADVANCED_FACE ( 'NONE', ( #144 ), #2390, .F. ) ;
#2174 = CALENDAR_DATE ( 2026, 5, 6 ) ;
#2175 = AXIS2_PLACEMENT_3D ( 'NONE', #2361, #314, #2040 ) ;
#2176 = VERTEX_POINT ( 'NONE', #217 ) ;
#2177 = CARTESIAN_POINT ( 'NONE',  ( -33.19112205436756824, -16.30903556248106057, 49.75304831766162295 ) ) ;
#2178 = CARTESIAN_POINT ( 'NONE',  ( -41.05937396370068626, -21.92962478265778969, 24.46013520234127014 ) ) ;
#2179 = VECTOR ( 'NONE', #1738, 1000.000000000000000 ) ;
#2180 = VERTEX_POINT ( 'NONE', #1878 ) ;
#2181 = PRODUCT ( '\X2\59165e955ea7\X0\3', '\X2\59165e955ea7\X0\3', '', ( #2096 ) ) ;
#2182 = CARTESIAN_POINT ( 'NONE',  ( -25.86852413534211692, -24.73769406146649530, 13.53276786021648270 ) ) ;
#2183 = CARTESIAN_POINT ( 'NONE',  ( -25.94566543225671040, -24.69798699507048312, 7.175630399205025434 ) ) ;
#2184 = VECTOR ( 'NONE', #2689, 999.9999999999998863 ) ;
#2185 = ORIENTED_EDGE ( 'NONE', *, *, #2002, .T. ) ;
#2186 = CARTESIAN_POINT ( 'NONE',  ( -18.80601661891085641, -22.61109270742313981, 36.93698776046920784 ) ) ;
#2187 = DIRECTION ( 'NONE',  ( -0.000000000000000000, 1.000000000000000000, 6.982962677686266711E-15 ) ) ;
#2188 = CARTESIAN_POINT ( 'NONE',  ( -39.58304597993990370, -22.61109270742304389, 23.98762173269453868 ) ) ;
#2189 = AXIS2_PLACEMENT_3D ( 'NONE', #652, #668, #3486 ) ;
#2190 = EDGE_CURVE ( 'NONE', #2703, #2194, #3281, .T. ) ;
#2191 = ORIENTED_EDGE ( 'NONE', *, *, #1376, .T. ) ;
#2192 = CARTESIAN_POINT ( 'NONE',  ( -2.613939434482948077, -24.26815306429406505, 26.84265582613804568 ) ) ;
#2193 = CYLINDRICAL_SURFACE ( 'NONE', #558, 3.499999999999999556 ) ;
#2194 = VERTEX_POINT ( 'NONE', #3041 ) ;
#2195 = CARTESIAN_POINT ( 'NONE',  ( -27.77651525171417290, -23.75559066197930491, 16.72911331469015295 ) ) ;
#2196 = CARTESIAN_POINT ( 'NONE',  ( -26.87670034887840842, -24.21875386405143615, 1.370657498481039349 ) ) ;
#2197 = ORIENTED_EDGE ( 'NONE', *, *, #1429, .F. ) ;
#2198 = VECTOR ( 'NONE', #766, 999.9999999999998863 ) ;
#2199 = CARTESIAN_POINT ( 'NONE',  ( -17.43944935412492470, -22.61109270742312560, 36.31077962572232565 ) ) ;
#2200 = ADVANCED_FACE ( 'NONE', ( #1664 ), #1332, .F. ) ;
#2201 = FACE_OUTER_BOUND ( 'NONE', #2812, .T. ) ;
#2202 = VERTEX_POINT ( 'NONE', #3320 ) ;
#2203 = CIRCLE ( 'NONE', #1209, 6.999999999999992006 ) ;
#2204 = EDGE_CURVE ( 'NONE', #1348, #145, #1317, .T. ) ;
#2205 = CIRCLE ( 'NONE', #1037, 2.000000000000000000 ) ;
#2206 = B_SPLINE_SURFACE_WITH_KNOTS ( 'NONE', 1, 3, ( 
 ( #3406, #2247, #3356, #897, #3084, #571, #3139, #1698, #2820, #301 ),
 ( #2876, #592, #1419, #2839, #2540, #24, #2598, #1140, #1436, #609 ) ),
 .UNSPECIFIED., .F., .F., .F.,
 ( 2, 2 ),
 ( 4, 2, 2, 2, 4 ),
 ( 0.000000000000000000, 1.000000000000000000 ),
 ( 0.000000000000000000, 0.002082844828721013182, 0.004165689657442026364, 0.006248534486163039546, 0.008331379314884052728 ),
 .UNSPECIFIED. ) ;
#2207 = PLANE ( 'NONE',  #878 ) ;
#2208 = ORIENTED_EDGE ( 'NONE', *, *, #151, .T. ) ;
#2209 = CARTESIAN_POINT ( 'NONE',  ( -32.71991168834026809, -16.59781548312701815, 49.28183795162782133 ) ) ;
#2210 = CARTESIAN_POINT ( 'NONE',  ( -41.15294070704210583, -22.61109270742305810, 26.08006425414177087 ) ) ;
#2211 = EDGE_CURVE ( 'NONE', #214, #3290, #3015, .T. ) ;
#2212 = EDGE_CURVE ( 'NONE', #1431, #2297, #3611, .T. ) ;
#2213 = ORIENTED_EDGE ( 'NONE', *, *, #1155, .F. ) ;
#2214 = CARTESIAN_POINT ( 'NONE',  ( -38.40121597793286412, -22.42837485758343519, 20.70004546399459855 ) ) ;
#2215 = DIRECTION ( 'NONE',  ( 0.000000000000000000, -1.000000000000000000, -6.982962677686266711E-15 ) ) ;
#2216 = ADVANCED_FACE ( 'NONE', ( #1603 ), #1384, .T. ) ;
#2217 = ORIENTED_EDGE ( 'NONE', *, *, #735, .F. ) ;
#2218 = EDGE_LOOP ( 'NONE', ( #1494, #2688 ) ) ;
#2219 = CARTESIAN_POINT ( 'NONE',  ( -17.61810462642738884, -22.61109270742313271, 36.39182201275970385 ) ) ;
#2220 = DIRECTION ( 'NONE',  ( 0.7071067811865512365, 4.937700262164505444E-15, -0.7071067811865439090 ) ) ;
#2221 = CARTESIAN_POINT ( 'NONE',  ( -35.29289321881345387, -8.611092707423228632, 50.44060591973720165 ) ) ;
#2222 = AXIS2_PLACEMENT_3D ( 'NONE', #3494, #1527, #971 ) ;
#2223 = CARTESIAN_POINT ( 'NONE',  ( -7.954442793731582917, -24.55739226657901852, 24.81931806449343014 ) ) ;
#2224 = CIRCLE ( 'NONE', #182, 26.00000000000000355 ) ;
#2225 = LINE ( 'NONE', #1, #1711 ) ;
#2226 = ORIENTED_EDGE ( 'NONE', *, *, #2098, .T. ) ;
#2227 = CARTESIAN_POINT ( 'NONE',  ( -3.264781222852091158, -24.30518578702109522, 26.77071013690090950 ) ) ;
#2228 = CARTESIAN_POINT ( 'NONE',  ( -26.30025253169454658, -21.61109270742313271, 36.26167373160262031 ) ) ;
#2229 = EDGE_CURVE ( 'NONE', #579, #2369, #539, .T. ) ;
#2230 = ORIENTED_EDGE ( 'NONE', *, *, #1785, .T. ) ;
#2231 = CARTESIAN_POINT ( 'NONE',  ( -36.18632084804237792, -22.61109637940347028, 17.15151524624593193 ) ) ;
#2232 = CARTESIAN_POINT ( 'NONE',  ( -26.70878387360416895, -24.30518578702094601, 3.326707486148682946 ) ) ;
#2233 = ADVANCED_FACE ( 'NONE', ( #1070 ), #2769, .T. ) ;
#2234 = CC_DESIGN_DATE_AND_TIME_ASSIGNMENT ( #1571, #3519, ( #3586 ) ) ;
#2235 = EDGE_LOOP ( 'NONE', ( #1971, #1108, #3260 ) ) ;
#2236 = LINE ( 'NONE', #3092, #40 ) ;
#2237 = ORIENTED_EDGE ( 'NONE', *, *, #2425, .T. ) ;
#2238 = CARTESIAN_POINT ( 'NONE',  ( -50.35373563005802566, -17.26023974633723057, 33.91566189335479464 ) ) ;
#2239 = EDGE_CURVE ( 'NONE', #663, #1904, #1755, .T. ) ;
#2240 = CONICAL_SURFACE ( 'NONE', #3337, 9.000000000000021316, 0.7853981633974457255 ) ;
#2241 = CARTESIAN_POINT ( 'NONE',  ( -25.43655246211869425, -24.96004354994920504, 11.92689065662999681 ) ) ;
#2242 = CARTESIAN_POINT ( 'NONE',  ( -36.19974746830614976, -21.61109270742306165, 26.36217879499090699 ) ) ;
#2243 = CARTESIAN_POINT ( 'NONE',  ( -19.78019471834063125, -22.49503419231031032, 37.91685536064504447 ) ) ;
#2244 = CARTESIAN_POINT ( 'NONE',  ( -36.51633185223042233, -22.61109270742299771, 18.08918589045556402 ) ) ;
#2245 = ORIENTED_EDGE ( 'NONE', *, *, #2423, .T. ) ;
#2246 = DIRECTION ( 'NONE',  ( 0.000000000000000000, 1.000000000000000000, 6.982962677686267499E-15 ) ) ;
#2247 = CARTESIAN_POINT ( 'NONE',  ( -22.90772602031761096, -22.16118640621304792, 39.99131987501881014 ) ) ;
#2248 = CARTESIAN_POINT ( 'NONE',  ( -42.11073046400919395, -22.61109270742306521, 27.08687028967894506 ) ) ;
#2249 = ORIENTED_EDGE ( 'NONE', *, *, #2002, .F. ) ;
#2250 = CARTESIAN_POINT ( 'NONE',  ( -24.45174529899006544, -24.70297721727132512, 10.69097452240876045 ) ) ;
#2251 = CARTESIAN_POINT ( 'NONE',  ( -25.01501958572467643, -24.43467513366823596, 13.77385579070335275 ) ) ;
#2252 = CARTESIAN_POINT ( 'NONE',  ( -6.250000000000005329, -19.61109270742307231, 27.81192626329677964 ) ) ;
#2253 = ORIENTED_EDGE ( 'NONE', *, *, #1155, .T. ) ;
#2254 = CARTESIAN_POINT ( 'NONE',  ( -50.31931726944149119, -15.37703899300820609, 32.87213367743348869 ) ) ;
#2255 = LINE ( 'NONE', #816, #3379 ) ;
#2256 = CARTESIAN_POINT ( 'NONE',  ( -21.36732967013855244, -22.61109270742315402, 38.18472886950348766 ) ) ;
#2257 = CARTESIAN_POINT ( 'NONE',  ( -30.00000000000000000, -22.61109270742300836, 18.74821776431172182 ) ) ;
#2258 = ADVANCED_FACE ( 'NONE', ( #2271 ), #846, .F. ) ;
#2259 = EDGE_CURVE ( 'NONE', #2925, #2159, #3107, .T. ) ;
#2260 = VECTOR ( 'NONE', #212, 1000.000000000000000 ) ;
#2261 = PLANE ( 'NONE',  #1775 ) ;
#2262 = FACE_OUTER_BOUND ( 'NONE', #378, .T. ) ;
#2263 = ORIENTED_EDGE ( 'NONE', *, *, #758, .T. ) ;
#2264 = DIRECTION ( 'NONE',  ( 0.6644630243886794352, -0.3420201433256611079, -0.6644630243886739951 ) ) ;
#2265 = CARTESIAN_POINT ( 'NONE',  ( -44.38668542139240003, -16.61109270742329613, 59.53439812231605544 ) ) ;
#2266 = CARTESIAN_POINT ( 'NONE',  ( -40.49685913838850126, -22.04104530700039177, 23.73603979441368139 ) ) ;
#2267 = VECTOR ( 'NONE', #1847, 1000.000000000000000 ) ;
#2268 = CIRCLE ( 'NONE', #1326, 3.499999999999999556 ) ;
#2269 = VERTEX_POINT ( 'NONE', #2011 ) ;
#2270 = DIRECTION ( 'NONE',  ( 0.000000000000000000, -6.938893903907233111E-15, 1.000000000000000000 ) ) ;
#2271 = FACE_OUTER_BOUND ( 'NONE', #2151, .T. ) ;
#2272 = CARTESIAN_POINT ( 'NONE',  ( -10.41799039211790578, -24.69922451634236182, 24.52154866951594059 ) ) ;
#2273 = ORIENTED_EDGE ( 'NONE', *, *, #902, .T. ) ;
#2274 = CARTESIAN_POINT ( 'NONE',  ( -35.50000000000001421, -8.611092707423170012, 41.56192626329686846 ) ) ;
#2275 = EDGE_CURVE ( 'NONE', #2020, #136, #2881, .T. ) ;
#2276 = DIRECTION ( 'NONE',  ( -0.6546536707079743111, 0.3779644730092195370, 0.6546536707079844142 ) ) ;
#2277 = CARTESIAN_POINT ( 'NONE',  ( -23.92569546939781233, -22.61109270742315402, 39.64497224323666558 ) ) ;
#2278 = DIRECTION ( 'NONE',  ( 0.000000000000000000, -1.000000000000000000, -6.982962677686266711E-15 ) ) ;
#2279 = ORIENTED_EDGE ( 'NONE', *, *, #1768, .F. ) ;
#2280 = DIRECTION ( 'NONE',  ( 0.000000000000000000, -6.938893903907222067E-15, 1.000000000000000000 ) ) ;
#2281 = EDGE_CURVE ( 'NONE', #479, #628, #3312, .T. ) ;
#2282 = EDGE_CURVE ( 'NONE', #2297, #894, #2407, .T. ) ;
#2283 = DIRECTION ( 'NONE',  ( -0.7071067811865513475, -3.154042683594200347E-15, 0.7071067811865437980 ) ) ;
#2284 = ORIENTED_EDGE ( 'NONE', *, *, #3246, .T. ) ;
#2285 = CARTESIAN_POINT ( 'NONE',  ( -6.250000000000005329, -19.61109270742309718, 31.31192626329678319 ) ) ;
#2286 = CARTESIAN_POINT ( 'NONE',  ( -40.78814303851800105, -21.98330110132074822, 24.11149948976710888 ) ) ;
#2287 = CIRCLE ( 'NONE', #1525, 9.999999999999998224 ) ;
#2288 = ORIENTED_EDGE ( 'NONE', *, *, #3289, .T. ) ;
#2289 = DIRECTION ( 'NONE',  ( 0.000000000000000000, -1.000000000000000000, -6.982962677686266711E-15 ) ) ;
#2290 = CARTESIAN_POINT ( 'NONE',  ( -25.87136977691483963, -24.02678242181492507, 15.60290702544829244 ) ) ;
#2291 = DIRECTION ( 'NONE',  ( -0.000000000000000000, 1.000000000000000000, 6.982962677686266711E-15 ) ) ;
#2292 = VERTEX_POINT ( 'NONE', #1184 ) ;
#2293 = CARTESIAN_POINT ( 'NONE',  ( -39.14791729809309118, -22.30700763514096252, 21.82917252708548617 ) ) ;
#2294 = CARTESIAN_POINT ( 'NONE',  ( -50.49999999999998579, -17.99229055390608778, 31.23349913855057025 ) ) ;
#2295 = CARTESIAN_POINT ( 'NONE',  ( 0.000000000000000000, -22.61109270742312560, 35.88243433898547607 ) ) ;
#2296 = CARTESIAN_POINT ( 'NONE',  ( -13.63048130292889937, -24.44742521949717329, 25.05017710247045670 ) ) ;
#2297 = VERTEX_POINT ( 'NONE', #2309 ) ;
#2298 = VECTOR ( 'NONE', #2371, 1000.000000000000114 ) ;
#2299 = CARTESIAN_POINT ( 'NONE',  ( -41.71407300226816517, -17.35289170969774730, 56.86178570319184189 ) ) ;
#2300 = B_SPLINE_CURVE_WITH_KNOTS ( 'NONE', 3,
 ( #806, #3370, #3353, #589 ),
 .UNSPECIFIED., .F., .F.,
 ( 4, 4 ),
 ( 0.000000000000000000, 1.000000000000000000 ),
 .UNSPECIFIED. ) ;
#2301 = VECTOR ( 'NONE', #1156, 1000.000000000000114 ) ;
#2302 = CARTESIAN_POINT ( 'NONE',  ( -40.37867965644030477, -22.61109270742305810, 25.35481948211004521 ) ) ;
#2303 = ORIENTED_EDGE ( 'NONE', *, *, #2553, .T. ) ;
#2304 = DIRECTION ( 'NONE',  ( -0.000000000000000000, -1.000000000000000000, -6.982962677686266711E-15 ) ) ;
#2305 = DIRECTION ( 'NONE',  ( -1.000000000000000000, -0.000000000000000000, 0.000000000000000000 ) ) ;
#2306 = EDGE_CURVE ( 'NONE', #2044, #1771, #3441, .T. ) ;
#2307 = ORIENTED_EDGE ( 'NONE', *, *, #1672, .F. ) ;
#2308 = FACE_OUTER_BOUND ( 'NONE', #422, .T. ) ;
#2309 = CARTESIAN_POINT ( 'NONE',  ( -66.83578643762683669, -15.61109270742322686, 50.39771270092381883 ) ) ;
#2310 = CARTESIAN_POINT ( 'NONE',  ( -35.78909220082992704, -22.61104335944157739, 16.51630816440853877 ) ) ;
#2311 = ORIENTED_EDGE ( 'NONE', *, *, #3507, .F. ) ;
#2312 = CARTESIAN_POINT ( 'NONE',  ( 0.000000000000000000, -16.61109270742287691, 0.06192626329680570724 ) ) ;
#2313 = DIRECTION ( 'NONE',  ( 0.000000000000000000, -1.000000000000000000, -6.982962677686266711E-15 ) ) ;
#2314 = LINE ( 'NONE', #852, #1467 ) ;
#2315 = DIRECTION ( 'NONE',  ( -0.7071067811865512365, -4.937700262164505444E-15, 0.7071067811865439090 ) ) ;
#2316 = ORIENTED_EDGE ( 'NONE', *, *, #504, .F. ) ;
#2317 = CARTESIAN_POINT ( 'NONE',  ( -31.25000000000000000, -16.61109270742290533, 4.211926263296802198 ) ) ;
#2318 = LINE ( 'NONE', #3195, #770 ) ;
#2319 = VERTEX_POINT ( 'NONE', #557 ) ;
#2320 = AXIS2_PLACEMENT_3D ( 'NONE', #1412, #855, #1980 ) ;
#2321 = CARTESIAN_POINT ( 'NONE',  ( -2.223361545007394469, -23.95574224156030496, 25.96863461723532396 ) ) ;
#2322 = CARTESIAN_POINT ( 'NONE',  ( -40.63333112560955129, -22.01382881987084161, 23.91380029456846401 ) ) ;
#2323 = ORIENTED_EDGE ( 'NONE', *, *, #2211, .F. ) ;
#2324 = CIRCLE ( 'NONE', #332, 11.00000000000000533 ) ;
#2325 = CARTESIAN_POINT ( 'NONE',  ( -50.33578643762700011, -16.61109270742334232, 66.89771270092361988 ) ) ;
#2326 = CARTESIAN_POINT ( 'NONE',  ( -46.30460929724409880, -22.61109270742309718, 31.28074912291389609 ) ) ;
#2327 = EDGE_CURVE ( 'NONE', #479, #1348, #2948, .T. ) ;
#2328 = DIRECTION ( 'NONE',  ( 0.000000000000000000, 6.938893903907226800E-15, -1.000000000000000000 ) ) ;
#2329 = EDGE_CURVE ( 'NONE', #2292, #899, #2670, .T. ) ;
#2330 = AXIS2_PLACEMENT_3D ( 'NONE', #2285, #353, #1717 ) ;
#2331 = EDGE_CURVE ( 'NONE', #3039, #885, #869, .T. ) ;
#2332 = ORIENTED_EDGE ( 'NONE', *, *, #2259, .F. ) ;
#2333 = CARTESIAN_POINT ( 'NONE',  ( -38.53660085285334702, -22.61109270742303679, 22.20819602140077009 ) ) ;
#2334 = LINE ( 'NONE', #2847, #3607 ) ;
#2335 = CARTESIAN_POINT ( 'NONE',  ( -21.07767612624632036, -22.61109270742314337, 38.03643424076184942 ) ) ;
#2336 = DIRECTION ( 'NONE',  ( 0.000000000000000000, -1.000000000000000000, -6.982962677686266711E-15 ) ) ;
#2337 = ORIENTED_EDGE ( 'NONE', *, *, #2211, .T. ) ;
#2338 = LINE ( 'NONE', #676, #3322 ) ;
#2339 = CIRCLE ( 'NONE', #3053, 10.00000000000000355 ) ;
#2340 = CARTESIAN_POINT ( 'NONE',  ( -43.67957864020587522, -26.61109270742329969, 60.24150490350250919 ) ) ;
#2341 = ORIENTED_EDGE ( 'NONE', *, *, #275, .T. ) ;
#2342 = APPROVAL_DATE_TIME ( #1255, #2736 ) ;
#2343 = DIRECTION ( 'NONE',  ( 0.000000000000000000, -1.000000000000000000, -6.982962677686266711E-15 ) ) ;
#2344 = ADVANCED_FACE ( 'NONE', ( #367 ), #2075, .F. ) ;
#2345 = VERTEX_POINT ( 'NONE', #2317 ) ;
#2346 = AXIS2_PLACEMENT_3D ( 'NONE', #68, #1757, #85 ) ;
#2347 = CARTESIAN_POINT ( 'NONE',  ( -10.41799039214576261, -16.61109270742312205, 34.52154721578493479 ) ) ;
#2348 = CARTESIAN_POINT ( 'NONE',  ( -36.57142364773606857, -22.59518966933066153, 17.77888631108829642 ) ) ;
#2349 = FACE_OUTER_BOUND ( 'NONE', #1952, .T. ) ;
#2350 = AXIS2_PLACEMENT_3D ( 'NONE', #3365, #582, #1710 ) ;
#2351 = ADVANCED_FACE ( 'NONE', ( #2633 ), #3459, .T. ) ;
#2352 = VERTEX_POINT ( 'NONE', #698 ) ;
#2353 = CARTESIAN_POINT ( 'NONE',  ( -38.11252083261869217, -22.61109270742302968, 21.40870209126207513 ) ) ;
#2354 = CARTESIAN_POINT ( 'NONE',  ( -6.250000000000005329, -26.39144727796466583, 31.31192626329673701 ) ) ;
#2355 = CARTESIAN_POINT ( 'NONE',  ( 0.000000000000000000, -8.611092707423170012, 41.56192626329686846 ) ) ;
#2357 = EDGE_CURVE ( 'NONE', #1955, #3129, #95, .T. ) ;
#2356 = VECTOR ( 'NONE', #2629, 1000.000000000000114 ) ;
#2358 = EDGE_LOOP ( 'NONE', ( #3615, #1065, #3186, #1892, #1403 ) ) ;
#2359 = DIRECTION ( 'NONE',  ( 0.7071067811865439090, -4.937700262164556720E-15, 0.7071067811865512365 ) ) ;
#2360 = CARTESIAN_POINT ( 'NONE',  ( -25.75629717926290496, -24.79546082680080943, 7.801996405289918002 ) ) ;
#2361 = CARTESIAN_POINT ( 'NONE',  ( -31.25000000000000000, -8.611092707422923098, 6.311926263296858686 ) ) ;
#2362 = VERTEX_POINT ( 'NONE', #2966 ) ;
#2363 = CARTESIAN_POINT ( 'NONE',  ( -7.524104172105272603, -17.61109270742303679, 24.94943028453822720 ) ) ;
#2364 = LINE ( 'NONE', #941, #1563 ) ;
#2365 = ORIENTED_EDGE ( 'NONE', *, *, #104, .T. ) ;
#2366 = CARTESIAN_POINT ( 'NONE',  ( -25.68044901386548418, -21.71979173232096016, 42.26190078476607681 ) ) ;
#2367 = DIRECTION ( 'NONE',  ( 0.000000000000000000, -1.000000000000000000, -6.982962677686266711E-15 ) ) ;
#2368 = LINE ( 'NONE', #3468, #2919 ) ;
#2369 = VERTEX_POINT ( 'NONE', #112 ) ;
#2370 = CARTESIAN_POINT ( 'NONE',  ( -39.06111808976819333, -22.61109270742303679, 23.13620274792052456 ) ) ;
#2371 = DIRECTION ( 'NONE',  ( 0.4999999999999970579, 0.7071067811865446862, 0.5000000000000067724 ) ) ;
#2372 = DIRECTION ( 'NONE',  ( 0.000000000000000000, 6.938893903907226800E-15, -1.000000000000000000 ) ) ;
#2373 = EDGE_CURVE ( 'NONE', #1110, #2632, #2460, .T. ) ;
#2374 = ORIENTED_EDGE ( 'NONE', *, *, #148, .T. ) ;
#2375 = DIRECTION ( 'NONE',  ( 0.000000000000000000, -6.938893903907222067E-15, 1.000000000000000000 ) ) ;
#2376 = DIRECTION ( 'NONE',  ( -0.000000000000000000, 1.000000000000000000, 6.982962677686266711E-15 ) ) ;
#2377 = EDGE_CURVE ( 'NONE', #2202, #2474, #2883, .T. ) ;
#2378 = EDGE_CURVE ( 'NONE', #428, #1601, #2491, .T. ) ;
#2379 = CARTESIAN_POINT ( 'NONE',  ( -60.17957864020577574, -26.61109270742318600, 43.74150490350260867 ) ) ;
#2380 = ORIENTED_EDGE ( 'NONE', *, *, #487, .T. ) ;
#2381 = CARTESIAN_POINT ( 'NONE',  ( -51.04289321881353914, -8.611092707423338766, 66.19060591973713770 ) ) ;
#2382 = FACE_OUTER_BOUND ( 'NONE', #3574, .T. ) ;
#2383 = ORIENTED_EDGE ( 'NONE', *, *, #3572, .F. ) ;
#2384 = CARTESIAN_POINT ( 'NONE',  ( -25.47274698172546437, -21.75457774908674580, 42.06800450883926601 ) ) ;
#2385 = CARTESIAN_POINT ( 'NONE',  ( -36.91357771476311456, -22.57700020747563485, 18.33392424420678424 ) ) ;
#2386 = PLANE ( 'NONE',  #1084 ) ;
#2387 = ORIENTED_EDGE ( 'NONE', *, *, #2892, .T. ) ;
#2388 = LINE ( 'NONE', #417, #1235 ) ;
#2389 = FACE_OUTER_BOUND ( 'NONE', #3058, .T. ) ;
#2390 = CYLINDRICAL_SURFACE ( 'NONE', #3278, 3.499999999999999556 ) ;
#2391 = AXIS2_PLACEMENT_3D ( 'NONE', #2957, #1851, #2700 ) ;
#2392 = EDGE_CURVE ( 'NONE', #1715, #3358, #2338, .T. ) ;
#2393 = ORIENTED_EDGE ( 'NONE', *, *, #796, .F. ) ;
#2394 = DIRECTION ( 'NONE',  ( 0.000000000000000000, 6.938893903907252043E-15, -1.000000000000000000 ) ) ;
#2395 = CARTESIAN_POINT ( 'NONE',  ( -1.180696165836714329E-13, -23.90634406542073975, 26.06192626329675832 ) ) ;
#2396 = EDGE_CURVE ( 'NONE', #2202, #452, #3440, .T. ) ;
#2397 = LINE ( 'NONE', #1032, #2953 ) ;
#2398 = EDGE_LOOP ( 'NONE', ( #162, #1666, #258, #1639 ) ) ;
#2399 = APPROVAL_ROLE ( '' ) ;
#2400 = FACE_OUTER_BOUND ( 'NONE', #3474, .T. ) ;
#2401 = EDGE_CURVE ( 'NONE', #452, #2632, #719, .T. ) ;
#2402 = ORIENTED_EDGE ( 'NONE', *, *, #587, .T. ) ;
#2403 = CARTESIAN_POINT ( 'NONE',  ( -6.250000000000005329, -22.61109270742312205, 34.81192626329676898 ) ) ;
#2404 = DIRECTION ( 'NONE',  ( 0.000000000000000000, 6.608470384673547868E-15, -1.000000000000000000 ) ) ;
#2405 = CARTESIAN_POINT ( 'NONE',  ( -32.43952206768492630, -15.89421434255290677, 50.19590085951236347 ) ) ;
#2406 = CARTESIAN_POINT ( 'NONE',  ( -31.25000000000000000, -19.61109270742292310, 6.311926263296782302 ) ) ;
#2407 = CIRCLE ( 'NONE', #2346, 2.000000000000001776 ) ;
#2408 = EDGE_LOOP ( 'NONE', ( #1461, #3215, #2620, #2026 ) ) ;
#2409 = CARTESIAN_POINT ( 'NONE',  ( -37.58455916823099585, -22.61109270742301902, 20.35781501445578812 ) ) ;
#2410 = CARTESIAN_POINT ( 'NONE',  ( -17.13458404677549396, -22.60890645543825528, 35.17082303176703562 ) ) ;
#2411 = CARTESIAN_POINT ( 'NONE',  ( -31.25000000000034817, -16.61109270742309718, 31.31192626329680451 ) ) ;
#2412 = EDGE_LOOP ( 'NONE', ( #1570, #3597, #1477, #3333 ) ) ;
#2413 = LINE ( 'NONE', #2965, #2184 ) ;
#2414 = CARTESIAN_POINT ( 'NONE',  ( -21.91596904599539997, -22.28932174335521310, 39.31020214674826008 ) ) ;
#2415 = VERTEX_POINT ( 'NONE', #2395 ) ;
#2416 = PERSON_AND_ORGANIZATION_ROLE ( 'design_owner' ) ;
#2417 = PLANE ( 'NONE',  #623 ) ;
#2418 = ORIENTED_EDGE ( 'NONE', *, *, #2815, .F. ) ;
#2419 = AXIS2_PLACEMENT_3D ( 'NONE', #2027, #2289, #67 ) ;
#2420 = CARTESIAN_POINT ( 'NONE',  ( -24.92952785914226865, -21.84369840740593816, 41.58216391956949565 ) ) ;
#2421 = CARTESIAN_POINT ( 'NONE',  ( -37.95240277420053587, -22.48301246922365593, 19.99505864891678542 ) ) ;
#2422 = LINE ( 'NONE', #1001, #1861 ) ;
#2423 = EDGE_CURVE ( 'NONE', #1908, #1648, #3613, .T. ) ;
#2424 = CARTESIAN_POINT ( 'NONE',  ( -40.30090564113886842, -22.61109270742305100, 25.03539538132651643 ) ) ;
#2425 = EDGE_CURVE ( 'NONE', #2741, #913, #2813, .T. ) ;
#2426 = ORIENTED_EDGE ( 'NONE', *, *, #3601, .F. ) ;
#2427 = DIRECTION ( 'NONE',  ( -1.000000000000000000, -0.000000000000000000, -0.000000000000000000 ) ) ;
#2428 = DIRECTION ( 'NONE',  ( 1.000000000000000000, -0.000000000000000000, 0.000000000000000000 ) ) ;
#2429 = LINE ( 'NONE', #3264, #3617 ) ;
#2430 = EDGE_LOOP ( 'NONE', ( #821, #250, #1826, #2015 ) ) ;
#2431 = FACE_OUTER_BOUND ( 'NONE', #811, .T. ) ;
#2432 = CARTESIAN_POINT ( 'NONE',  ( -23.19662507601359991, -22.11517628451019490, 40.20496210611634780 ) ) ;
#2433 = CARTESIAN_POINT ( 'NONE',  ( -51.75000000000007816, -16.61109270742334232, 66.48349913855051341 ) ) ;
#2434 = CALENDAR_DATE ( 2026, 5, 6 ) ;
#2435 = DIRECTION ( 'NONE',  ( 0.000000000000000000, -1.000000000000000000, -6.982962677686266711E-15 ) ) ;
#2436 = ORIENTED_EDGE ( 'NONE', *, *, #545, .T. ) ;
#2437 = CARTESIAN_POINT ( 'NONE',  ( -24.97769745701980781, -21.83588408924092050, 41.62420162026525361 ) ) ;
#2438 = DIRECTION ( 'NONE',  ( 0.000000000000000000, -6.938893903907222067E-15, 1.000000000000000000 ) ) ;
#2439 = ORIENTED_EDGE ( 'NONE', *, *, #3321, .T. ) ;
#2440 = CARTESIAN_POINT ( 'NONE',  ( -13.47633672985703157, -24.75187089019312481, 25.90290822407475702 ) ) ;
#2441 = CARTESIAN_POINT ( 'NONE',  ( -26.00000000000000355, -23.90634406542057633, 0.6980338152918633687 ) ) ;
#2442 = EDGE_CURVE ( 'NONE', #2488, #355, #2045, .T. ) ;
#2443 = ADVANCED_FACE ( 'NONE', ( #3229 ), #3420, .T. ) ;
#2444 = ORIENTED_EDGE ( 'NONE', *, *, #2625, .F. ) ;
#2445 = CARTESIAN_POINT ( 'NONE',  ( -18.13748229478475338, -22.61109270742313626, 36.62882089742125657 ) ) ;
#2446 = APPLICATION_CONTEXT ( 'configuration controlled 3d designs of mechanical parts and assemblies' ) ;
#2447 = VECTOR ( 'NONE', #2158, 1000.000000000000000 ) ;
#2448 = CC_DESIGN_APPROVAL ( #348, ( #2687 ) ) ;
#2449 = AXIS2_PLACEMENT_3D ( 'NONE', #923, #1778, #2404 ) ;
#2450 = CARTESIAN_POINT ( 'NONE',  ( -16.96135604089246840, -23.60416594825479564, 28.13262337889247888 ) ) ;
#2451 = ORIENTED_EDGE ( 'NONE', *, *, #1362, .T. ) ;
#2452 = CARTESIAN_POINT ( 'NONE',  ( -6.480384733389210616, -24.61235281792723129, 26.17395834221477458 ) ) ;
#2453 = LINE ( 'NONE', #1934, #2676 ) ;
#2454 = VERTEX_POINT ( 'NONE', #660 ) ;
#2455 = AXIS2_PLACEMENT_3D ( 'NONE', #1188, #2071, #73 ) ;
#2456 = CARTESIAN_POINT ( 'NONE',  ( -39.92939361172177826, -22.16118640621289515, 22.96965228361441547 ) ) ;
#2457 = DIRECTION ( 'NONE',  ( 0.4999999999999966693, 0.7071067811865453523, 0.5000000000000064393 ) ) ;
#2458 = ORIENTED_EDGE ( 'NONE', *, *, #3601, .T. ) ;
#2459 = CARTESIAN_POINT ( 'NONE',  ( -40.50000000000000711, -16.61109270742287691, 0.06192626329680570724 ) ) ;
#2460 = CIRCLE ( 'NONE', #1284, 10.00000000000000178 ) ;
#2461 = CARTESIAN_POINT ( 'NONE',  ( -50.50000000000000000, -14.52818893876811224, 0.06192626329681958502 ) ) ;
#2462 = ADVANCED_FACE ( 'NONE', ( #2908 ), #168, .F. ) ;
#2463 = ADVANCED_FACE ( 'NONE', ( #1636 ), #2134, .F. ) ;
#2464 = LINE ( 'NONE', #3351, #645 ) ;
#2465 = CIRCLE ( 'NONE', #3097, 9.000000000000001776 ) ;
#2466 = CARTESIAN_POINT ( 'NONE',  ( -17.73156476833199235, -22.59786107080856254, 36.64150888060213163 ) ) ;
#2467 = APPROVAL_PERSON_ORGANIZATION ( #1309, #734, #3288 ) ;
#2468 = AXIS2_PLACEMENT_3D ( 'NONE', #3603, #2427, #792 ) ;
#2469 = ORIENTED_EDGE ( 'NONE', *, *, #1127, .F. ) ;
#2470 = CARTESIAN_POINT ( 'NONE',  ( 5.058068508275857411, -24.16517442399531035, 25.57311157059467988 ) ) ;
#2471 = DIRECTION ( 'NONE',  ( 0.000000000000000000, 6.938893903907222067E-15, -1.000000000000000000 ) ) ;
#2472 = CONICAL_SURFACE ( 'NONE', #2715, 26.99999999999998224, 0.7853981633974466137 ) ;
#2473 = B_SPLINE_CURVE_WITH_KNOTS ( 'NONE', 3,
 ( #2086, #1539, #1223, #88, #1854, #986, #2370, #3169, #655, #1205, #2106, #1800, #3432, #163, #2333, #1520, #928, #2664, #2353, #2942, #2922, #1280, #3470, #965, #712, #3223, #398, #2051, #2409, #3205, #2980, #692, #2129, #1816, #1836, #2960, #438, #1556, #2684, #2069, #1782, #2903, #3511, #1005, #379, #459, #2646, #2244, #568, #859, #2778, #3332, #825, #1643, #1983, #1916, #1394, #2146, #2817 ),
 .UNSPECIFIED., .F., .F.,
 ( 4, 1, 1, 1, 2, 2, 1, 1, 1, 2, 2, 1, 1, 1, 2, 2, 1, 1, 1, 1, 2, 2, 1, 1, 1, 1, 2, 2, 1, 1, 1, 1, 2, 2, 1, 1, 1, 1, 1, 1, 2, 2, 4 ),
 ( 0.000000000000000000, 0.06250000000002137179, 0.09375000000003258505, 0.1093750000000382888, 0.1171875000000417721, 0.1250000000000452416, 0.1875000000000592859, 0.2187500000000674738, 0.2343750000000715539, 0.2421875000000730804, 0.2500000000000745515, 0.3125000000000855427, 0.3437500000000898726, 0.3593750000000926481, 0.3671875000000945355, 0.3750000000000964229, 0.4375000000001045275, 0.4687500000001096345, 0.4843750000001111888, 0.4921875000001114109, 0.4960937500001115219, 0.5000000000001115774, 0.5625000000001134648, 0.5937500000001144640, 0.6093750000001154632, 0.6171875000001164624, 0.6210937500001170175, 0.6250000000001175726, 0.6875000000001381117, 0.7187500000001495470, 0.7343750000001546541, 0.7421875000001567635, 0.7460937500001583178, 0.7500000000001598721, 0.8125000000001568745, 0.8437500000001555422, 0.8593750000001537659, 0.8671875000001528777, 0.8710937500001529887, 0.8730468750001525446, 0.8740234375001527667, 0.8750000000001529887, 1.000000000000000000 ),
 .UNSPECIFIED. ) ;
#2474 = VERTEX_POINT ( 'NONE', #236 ) ;
#2475 = CARTESIAN_POINT ( 'NONE',  ( -24.47138296419599968, -24.69362344256728292, 11.14114461033004133 ) ) ;
#2476 = CARTESIAN_POINT ( 'NONE',  ( -6.250000000000005329, -26.39144727796469070, 34.81192626329674056 ) ) ;
#2477 = EDGE_CURVE ( 'NONE', #1508, #724, #1587, .T. ) ;
#2478 = VECTOR ( 'NONE', #369, 999.9999999999998863 ) ;
#2479 = ORIENTED_EDGE ( 'NONE', *, *, #1105, .F. ) ;
#2480 = ADVANCED_FACE ( 'NONE', ( #3249 ), #1559, .F. ) ;
#2481 = CARTESIAN_POINT ( 'NONE',  ( -17.41913076065260313, -22.61109270742313626, 36.30156421610973894 ) ) ;
#2482 = CARTESIAN_POINT ( 'NONE',  ( -30.00000000000000000, -22.61109270742289823, 3.042752055641252174 ) ) ;
#2483 = CARTESIAN_POINT ( 'NONE',  ( -24.97307217382094890, -22.61109270742315758, 40.36253241183115392 ) ) ;
#2484 = CARTESIAN_POINT ( 'NONE',  ( -10.61329735756842751, -25.00302057845768644, 25.41498467718691856 ) ) ;
#2485 = ADVANCED_FACE ( 'NONE', ( #189 ), #3591, .F. ) ;
#2486 = EDGE_CURVE ( 'NONE', #1781, #899, #2709, .T. ) ;
#2487 = CARTESIAN_POINT ( 'NONE',  ( -36.19974746830614976, -21.61109270742306165, 26.36217879499090699 ) ) ;
#2488 = VERTEX_POINT ( 'NONE', #2461 ) ;
#2489 = CARTESIAN_POINT ( 'NONE',  ( -34.00000000000000000, -14.52818893876846396, 50.56192626329680451 ) ) ;
#2490 = PLANE ( 'NONE',  #3418 ) ;
#2491 =( BOUNDED_CURVE ( )  B_SPLINE_CURVE ( 3, ( #147, #2093, #444, #1267 ),
 .UNSPECIFIED., .F., .T. ) 
 B_SPLINE_CURVE_WITH_KNOTS ( ( 4, 4 ),
 ( 4.188790204786393190, 4.712388980384689674 ),
 .UNSPECIFIED. ) 
 CURVE ( )  GEOMETRIC_REPRESENTATION_ITEM ( )  RATIONAL_B_SPLINE_CURVE ( ( 1.000000000000000000, 0.9772838841927123932, 0.9772838841927123932, 1.000000000000000000 ) ) 
 REPRESENTATION_ITEM ( '' )  );
#2492 = ORIENTED_EDGE ( 'NONE', *, *, #3258, .F. ) ;
#2493 = CARTESIAN_POINT ( 'NONE',  ( -26.17775122362832363, -24.57852509468595059, 14.30522631321404248 ) ) ;
#2494 = CARTESIAN_POINT ( 'NONE',  ( -26.51735907581940310, -24.40371818742747223, -4.497511432169157608 ) ) ;
#2495 = ORIENTED_EDGE ( 'NONE', *, *, #105, .F. ) ;
#2496 = CIRCLE ( 'NONE', #791, 2.099999999999997868 ) ;
#2497 = ORIENTED_EDGE ( 'NONE', *, *, #2327, .T. ) ;
#2498 = CARTESIAN_POINT ( 'NONE',  ( -17.34544965775664949, -22.61109270742312560, 36.26816466767487412 ) ) ;
#2499 = DIRECTION ( 'NONE',  ( 0.7071067811865423547, -8.673617379884044938E-15, 0.7071067811865526798 ) ) ;
#2500 = CARTESIAN_POINT ( 'NONE',  ( -66.12867965644026924, -8.611092707423235737, 51.10481948211039338 ) ) ;
#2501 = CARTESIAN_POINT ( 'NONE',  ( -19.49604599954850315, -22.51460757696410653, 37.73760079465488104 ) ) ;
#2502 = VECTOR ( 'NONE', #3101, 1000.000000000000114 ) ;
#2503 = ADVANCED_FACE ( 'NONE', ( #3537 ), #481, .F. ) ;
#2504 = CARTESIAN_POINT ( 'NONE',  ( 7.542893218813630618, -8.611092707422930204, 7.604819482110565687 ) ) ;
#2505 = ORIENTED_EDGE ( 'NONE', *, *, #3078, .F. ) ;
#2506 = CARTESIAN_POINT ( 'NONE',  ( -2.541004441021585070, -23.96810970310785649, 25.94527862052463263 ) ) ;
#2507 = CARTESIAN_POINT ( 'NONE',  ( 0.000000000000000000, -17.61109270742304389, 26.06192626329680095 ) ) ;
#2508 = ADVANCED_FACE ( 'NONE', ( #3565 ), #1857, .F. ) ;
#2509 = VERTEX_POINT ( 'NONE', #787 ) ;
#2510 = CARTESIAN_POINT ( 'NONE',  ( -35.82050807568872131, -22.61109270742299415, 16.55400721423909260 ) ) ;
#2511 = CARTESIAN_POINT ( 'NONE',  ( -26.39788012254830463, -24.46521778518127377, -5.141325066237822483 ) ) ;
#2512 =( BOUNDED_SURFACE ( )  B_SPLINE_SURFACE ( 3, 2, ( 
 ( #2310, #3430, #1441 ),
 ( #1779, #3089, #1460 ),
 ( #2546, #1758, #49 ),
 ( #3108, #2624, #577 ),
 ( #1479, #1722, #888 ),
 ( #2826, #2901, #598 ) ),
 .UNSPECIFIED., .F., .F., .F. ) 
 B_SPLINE_SURFACE_WITH_KNOTS ( ( 4, 2, 4 ),
 ( 3, 3 ),
 ( 4.709247387731100076, 4.972617571857043117, 5.235987755982986158 ),
 ( 0.000000000000000000, 0.5664227210736624274 ),
 .UNSPECIFIED. ) 
 GEOMETRIC_REPRESENTATION_ITEM ( )  RATIONAL_B_SPLINE_SURFACE ( (
 ( 1.000000000000000000, 0.8336535120469130700, 0.8557518847886955715),
 ( 1.000000000000000000, 0.8461010978269190019, 0.8665458655320897874),
 ( 1.000000000000000000, 0.8579624558395578804, 0.8768314961950720576),
 ( 1.000000000000000000, 0.8800620539690917621, 0.8959952634398096194),
 ( 1.000000000000000000, 0.8903009442471833124, 0.9048739638118104001),
 ( 1.000000000000000000, 0.8995530801122485487, 0.9128969955970738237) ) ) 
 REPRESENTATION_ITEM ( '' )  SURFACE ( )  );
#2513 = ORIENTED_EDGE ( 'NONE', *, *, #3534, .F. ) ;
#2514 = ORIENTED_EDGE ( 'NONE', *, *, #3528, .T. ) ;
#2515 = CARTESIAN_POINT ( 'NONE',  ( -17.86860662651920961, -22.61109270742312916, 36.50581238339911749 ) ) ;
#2516 = DIRECTION ( 'NONE',  ( 0.000000000000000000, 1.000000000000000000, 6.982962677686266711E-15 ) ) ;
#2517 = FACE_OUTER_BOUND ( 'NONE', #1176, .T. ) ;
#2518 = VECTOR ( 'NONE', #1089, 999.9999999999998863 ) ;
#2519 = CARTESIAN_POINT ( 'NONE',  ( -15.74012893838656169, -23.97428322781055954, 26.04351903620822384 ) ) ;
#2520 = CIRCLE ( 'NONE', #233, 2.099999999999997868 ) ;
#2521 = CARTESIAN_POINT ( 'NONE',  ( -52.45710678118663139, -8.611092707423338766, 66.19060591973713770 ) ) ;
#2522 = ORIENTED_EDGE ( 'NONE', *, *, #2542, .T. ) ;
#2523 = CARTESIAN_POINT ( 'NONE',  ( 4.559437695465956786, -24.40371818742771026, 26.57928533911614721 ) ) ;
#2524 = DIRECTION ( 'NONE',  ( -0.6546536707079815276, 0.3779644730092188709, 0.6546536707079777528 ) ) ;
#2525 = CARTESIAN_POINT ( 'NONE',  ( -40.67154084336512199, -22.00509239264912509, 23.97654342380463177 ) ) ;
#2526 = ORIENTED_EDGE ( 'NONE', *, *, #3528, .F. ) ;
#2527 = CARTESIAN_POINT ( 'NONE',  ( -36.55217545282373948, -22.59957117266795379, 17.74914551569918686 ) ) ;
#2528 = DIRECTION ( 'NONE',  ( 0.000000000000000000, -6.938893903907222067E-15, 1.000000000000000000 ) ) ;
#2529 = EDGE_CURVE ( 'NONE', #3290, #2176, #1911, .T. ) ;
#2530 = VERTEX_POINT ( 'NONE', #2482 ) ;
#2531 = DIRECTION ( 'NONE',  ( -1.000000000000000000, 0.000000000000000000, -0.000000000000000000 ) ) ;
#2532 = ORIENTED_EDGE ( 'NONE', *, *, #1064, .T. ) ;
#2533 = CARTESIAN_POINT ( 'NONE',  ( -40.32886667852283580, -22.07519432256080094, 23.50975022654274582 ) ) ;
#2534 = CARTESIAN_POINT ( 'NONE',  ( -25.84089182849712785, -24.75191728412999126, 13.53828561509688733 ) ) ;
#2535 = LINE ( 'NONE', #1340, #2109 ) ;
#2536 = CIRCLE ( 'NONE', #3235, 7.999999999999972466 ) ;
#2537 = DIRECTION ( 'NONE',  ( 0.000000000000000000, 6.608470384673557335E-15, -1.000000000000000000 ) ) ;
#2538 = ORIENTED_EDGE ( 'NONE', *, *, #621, .T. ) ;
#2539 = LINE ( 'NONE', #570, #1762 ) ;
#2540 = CARTESIAN_POINT ( 'NONE',  ( -20.89931061353191666, -22.61109270742314337, 37.94166848008755011 ) ) ;
#2541 = FACE_OUTER_BOUND ( 'NONE', #1555, .T. ) ;
#2542 = EDGE_CURVE ( 'NONE', #1795, #3025, #1914, .T. ) ;
#2543 = ORIENTED_EDGE ( 'NONE', *, *, #3587, .T. ) ;
#2544 = DIRECTION ( 'NONE',  ( 0.000000000000000000, 6.608470384673547868E-15, -1.000000000000000000 ) ) ;
#2545 = CARTESIAN_POINT ( 'NONE',  ( -25.78791357683743968, -24.06653601613459159, 15.46035012359862648 ) ) ;
#2546 = CARTESIAN_POINT ( 'NONE',  ( -37.54517987132984302, -22.50028967603564212, 18.62361336900417541 ) ) ;
#2547 = EDGE_CURVE ( 'NONE', #2474, #2871, #426, .T. ) ;
#2548 = ORIENTED_EDGE ( 'NONE', *, *, #2529, .T. ) ;
#2549 = FACE_BOUND ( 'NONE', #981, .T. ) ;
#2550 = DIRECTION ( 'NONE',  ( 0.000000000000000000, -1.000000000000000000, -6.982962677686266711E-15 ) ) ;
#2551 = CARTESIAN_POINT ( 'NONE',  ( -24.88750402124151151, -8.611092707422930204, 7.586030435401861283 ) ) ;
#2552 = CARTESIAN_POINT ( 'NONE',  ( -6.250000000000005329, -19.61109270742309718, 31.31192626329678319 ) ) ;
#2553 = EDGE_CURVE ( 'NONE', #1870, #1279, #3134, .T. ) ;
#2554 = VECTOR ( 'NONE', #931, 1000.000000000000114 ) ;
#2555 = ORIENTED_EDGE ( 'NONE', *, *, #1028, .F. ) ;
#2556 = CARTESIAN_POINT ( 'NONE',  ( -53.16421356237317752, -9.611092707423345871, 66.89771270092366251 ) ) ;
#2557 = ORIENTED_EDGE ( 'NONE', *, *, #30, .F. ) ;
#2558 = DIRECTION ( 'NONE',  ( 0.000000000000000000, 1.000000000000000000, 6.982962677686266711E-15 ) ) ;
#2559 = LINE ( 'NONE', #2265, #2502 ) ;
#2560 = DIRECTION ( 'NONE',  ( 0.000000000000000000, 6.938893903907226800E-15, -1.000000000000000000 ) ) ;
#2561 = AXIS2_PLACEMENT_3D ( 'NONE', #3037, #1647, #1381 ) ;
#2562 = CIRCLE ( 'NONE', #2449, 2.100000000000000977 ) ;
#2563 = VERTEX_POINT ( 'NONE', #564 ) ;
#2564 = DIRECTION ( 'NONE',  ( 0.000000000000000000, -6.982962677686266711E-15, 1.000000000000000000 ) ) ;
#2565 = CARTESIAN_POINT ( 'NONE',  ( -24.65600536360447848, -24.60568545680919073, 8.457738228729891006 ) ) ;
#2566 = LINE ( 'NONE', #669, #213 ) ;
#2567 = ORIENTED_EDGE ( 'NONE', *, *, #756, .T. ) ;
#2568 = CARTESIAN_POINT ( 'NONE',  ( -39.56807170514948524, -22.23354576346672218, 22.45312872976098717 ) ) ;
#2569 = LINE ( 'NONE', #1465, #1339 ) ;
#2570 = CARTESIAN_POINT ( 'NONE',  ( -44.38668542139240003, -26.61109270742329613, 59.53439812231598438 ) ) ;
#2571 = CARTESIAN_POINT ( 'NONE',  ( -50.13397459621556607, -15.89421434255278243, 32.50144833098172370 ) ) ;
#2572 = VERTEX_POINT ( 'NONE', #312 ) ;
#2573 = DIRECTION ( 'NONE',  ( 0.000000000000000000, 1.000000000000000000, 6.982962677686266711E-15 ) ) ;
#2574 = EDGE_CURVE ( 'NONE', #913, #2741, #1673, .T. ) ;
#2575 = CARTESIAN_POINT ( 'NONE',  ( -36.19974746830614976, -17.61109270742304744, 26.36217879499093542 ) ) ;
#2576 = VERTEX_POINT ( 'NONE', #1430 ) ;
#2577 = CARTESIAN_POINT ( 'NONE',  ( -7.524104172105270827, -24.49541746561473587, 24.94943028453818101 ) ) ;
#2578 = DIRECTION ( 'NONE',  ( -1.000000000000000000, 0.000000000000000000, 0.000000000000000000 ) ) ;
#2579 = VECTOR ( 'NONE', #1139, 1000.000000000000114 ) ;
#2580 = VECTOR ( 'NONE', #3225, 1000.000000000000114 ) ;
#2581 = VERTEX_POINT ( 'NONE', #2257 ) ;
#2582 = DIRECTION ( 'NONE',  ( 0.000000000000000000, -6.938893903907222067E-15, 1.000000000000000000 ) ) ;
#2583 = CARTESIAN_POINT ( 'NONE',  ( -24.88750402124151151, -24.49541746561653355, 7.586030435401750260 ) ) ;
#2584 = CARTESIAN_POINT ( 'NONE',  ( -17.31315748297162926, -23.40413704079731971, 27.67786072891040305 ) ) ;
#2585 = CC_DESIGN_SECURITY_CLASSIFICATION ( #1567, ( #2687 ) ) ;
#2586 = ORIENTED_EDGE ( 'NONE', *, *, #802, .T. ) ;
#2587 = CARTESIAN_POINT ( 'NONE',  ( -50.50000000000000000, -14.52818893876835027, 33.23349913855061999 ) ) ;
#2588 = CARTESIAN_POINT ( 'NONE',  ( -49.41706725564242930, -20.94347360537608793, 32.97899351893919118 ) ) ;
#2589 = CARTESIAN_POINT ( 'NONE',  ( -21.17021572768194915, -22.61109270742314337, 38.08368357930087456 ) ) ;
#2590 = CARTESIAN_POINT ( 'NONE',  ( -50.14788039406499820, -12.24034115743843998, 53.56255565236698146 ) ) ;
#2591 = ORIENTED_EDGE ( 'NONE', *, *, #1470, .T. ) ;
#2592 = AXIS2_PLACEMENT_3D ( 'NONE', #2916, #1513, #1239 ) ;
#2593 = VECTOR ( 'NONE', #1321, 1000.000000000000000 ) ;
#2594 = EDGE_CURVE ( 'NONE', #2194, #3518, #208, .T. ) ;
#2595 = EDGE_CURVE ( 'NONE', #2415, #2831, #1171, .T. ) ;
#2596 = CYLINDRICAL_SURFACE ( 'NONE', #2175, 2.100000000000000977 ) ;
#2597 = ORIENTED_EDGE ( 'NONE', *, *, #1509, .F. ) ;
#2598 = CARTESIAN_POINT ( 'NONE',  ( -19.02225790020477802, -22.61109270742313981, 37.03591567999869483 ) ) ;
#2599 = CARTESIAN_POINT ( 'NONE',  ( -40.96511459610658079, -21.94881216718105321, 24.33277457078941097 ) ) ;
#2600 = EDGE_CURVE ( 'NONE', #2914, #1348, #2023, .T. ) ;
#2601 = ORIENTED_EDGE ( 'NONE', *, *, #445, .T. ) ;
#2602 = LINE ( 'NONE', #1199, #128 ) ;
#2603 = CARTESIAN_POINT ( 'NONE',  ( -24.46781029704231969, -24.69532567536860412, 10.01727753178340841 ) ) ;
#2604 = CARTESIAN_POINT ( 'NONE',  ( -6.250000000000005329, -23.76923890102161607, 27.81192626329675477 ) ) ;
#2605 = ORIENTED_EDGE ( 'NONE', *, *, #3038, .F. ) ;
#2606 = DIRECTION ( 'NONE',  ( 0.000000000000000000, -6.982962677686266711E-15, 1.000000000000000000 ) ) ;
#2607 = CARTESIAN_POINT ( 'NONE',  ( -57.23970497916915434, -16.42707160992508264, 40.80163124246601569 ) ) ;
#2608 = CARTESIAN_POINT ( 'NONE',  ( 0.000000000000000000, -22.61109270742279520, 30.06192626329732676 ) ) ;
#2609 = CARTESIAN_POINT ( 'NONE',  ( -2.980825792344505398, -22.61109270742308652, 30.06192626329676187 ) ) ;
#2610 = ADVANCED_BREP_SHAPE_REPRESENTATION ( '\X2\59165e955ea7\X0\3', ( #3227, #1504 ), #1211 ) ;
#2611 = ORIENTED_EDGE ( 'NONE', *, *, #2822, .F. ) ;
#2612 = CARTESIAN_POINT ( 'NONE',  ( -13.47084159692004235, -24.73769406146658056, 25.93045039863871182 ) ) ;
#2613 = CARTESIAN_POINT ( 'NONE',  ( -26.90077862314964818, -24.20636001440893637, 2.679113880359069277 ) ) ;
#2614 = EDGE_CURVE ( 'NONE', #3592, #3048, #1943, .T. ) ;
#2615 = DIRECTION ( 'NONE',  ( 1.000000000000000000, 0.000000000000000000, 0.000000000000000000 ) ) ;
#2616 = ORIENTED_EDGE ( 'NONE', *, *, #1003, .T. ) ;
#2617 = APPROVAL_STATUS ( 'not_yet_approved' ) ;
#2618 = CARTESIAN_POINT ( 'NONE',  ( -40.85000458699227011, -21.97121631978412637, 24.18918673049244106 ) ) ;
#2619 = EDGE_CURVE ( 'NONE', #1407, #2889, #1132, .T. ) ;
#2620 = ORIENTED_EDGE ( 'NONE', *, *, #1994, .F. ) ;
#2621 = AXIS2_PLACEMENT_3D ( 'NONE', #3445, #2638, #2931 ) ;
#2622 = CARTESIAN_POINT ( 'NONE',  ( -23.44782396324596974, -22.07519432256086489, 40.39079294181959767 ) ) ;
#2623 = CARTESIAN_POINT ( 'NONE',  ( 0.000000000000000000, -8.611092707422878689, 0.06192626329686121839 ) ) ;
#2624 = CARTESIAN_POINT ( 'NONE',  ( -38.71826975142658256, -22.23990802107637066, 21.22384189011548727 ) ) ;
#2625 = EDGE_CURVE ( 'NONE', #3497, #559, #1480, .T. ) ;
#2626 = EDGE_CURVE ( 'NONE', #3393, #1771, #1390, .T. ) ;
#2627 = AXIS2_PLACEMENT_3D ( 'NONE', #862, #2304, #2800 ) ;
#2628 = EDGE_LOOP ( 'NONE', ( #1948, #1940, #2522, #1736 ) ) ;
#2629 = DIRECTION ( 'NONE',  ( -0.7071067811865474617, 0.7071067811865474617, 4.937700262164531476E-15 ) ) ;
#2630 = FACE_OUTER_BOUND ( 'NONE', #550, .T. ) ;
#2631 = DIRECTION ( 'NONE',  ( 0.000000000000000000, 6.938893903907252043E-15, -1.000000000000000000 ) ) ;
#2632 = VERTEX_POINT ( 'NONE', #1313 ) ;
#2633 = FACE_OUTER_BOUND ( 'NONE', #3502, .T. ) ;
#2634 = VECTOR ( 'NONE', #1726, 1000.000000000000114 ) ;
#2635 = LINE ( 'NONE', #1232, #413 ) ;
#2636 = ORIENTED_EDGE ( 'NONE', *, *, #3220, .F. ) ;
#2637 = LINE ( 'NONE', #2363, #2983 ) ;
#2638 = DIRECTION ( 'NONE',  ( 0.6546536707079814166, -0.3779644730092194815, -0.6546536707079773088 ) ) ;
#2639 = ORIENTED_EDGE ( 'NONE', *, *, #2306, .T. ) ;
#2640 = VECTOR ( 'NONE', #2457, 1000.000000000000114 ) ;
#2641 = CARTESIAN_POINT ( 'NONE',  ( -41.50000000000000711, -8.611092707422878689, 0.06192626329686121839 ) ) ;
#2642 = LINE ( 'NONE', #944, #2091 ) ;
#2643 = CARTESIAN_POINT ( 'NONE',  ( -50.50000000000000000, -15.68288947714736103, 0.06192626329681264613 ) ) ;
#2644 = VECTOR ( 'NONE', #1169, 1000.000000000000114 ) ;
#2645 = ORIENTED_EDGE ( 'NONE', *, *, #926, .T. ) ;
#2646 = CARTESIAN_POINT ( 'NONE',  ( -36.61880729846040339, -22.61109270742300126, 18.31273296027512032 ) ) ;
#2647 = LINE ( 'NONE', #164, #2163 ) ;
#2648 = CARTESIAN_POINT ( 'NONE',  ( -41.18990613820683677, -22.55097917026525778, 24.75183240150347785 ) ) ;
#2649 = EDGE_CURVE ( 'NONE', #2509, #3443, #3527, .T. ) ;
#2650 = CONICAL_SURFACE ( 'NONE', #588, 7.999999999999972466, 0.7853981633974466137 ) ;
#2651 = ORIENTED_EDGE ( 'NONE', *, *, #858, .T. ) ;
#2652 = FACE_OUTER_BOUND ( 'NONE', #942, .T. ) ;
#2653 = CARTESIAN_POINT ( 'NONE',  ( -35.82050807568872131, -12.61109270742287869, 0.06192626329683346281 ) ) ;
#2654 = CARTESIAN_POINT ( 'NONE',  ( -21.80279292959740189, -22.30282166886230044, 39.23378070864914946 ) ) ;
#2655 = VERTEX_POINT ( 'NONE', #3257 ) ;
#2656 = CARTESIAN_POINT ( 'NONE',  ( 0.000000000000000000, -8.611092707422878689, 0.06192626329686121839 ) ) ;
#2657 = AXIS2_PLACEMENT_3D ( 'NONE', #133, #3271, #1014 ) ;
#2658 = EDGE_LOOP ( 'NONE', ( #1087, #3469, #1751, #3065 ) ) ;
#2659 = PLANE ( 'NONE',  #240 ) ;
#2660 = CARTESIAN_POINT ( 'NONE',  ( -36.89841347088956525, -22.57793551345523753, 18.30938156657160931 ) ) ;
#2661 = FACE_OUTER_BOUND ( 'NONE', #3054, .T. ) ;
#2662 = ADVANCED_FACE ( 'NONE', ( #161 ), #457, .T. ) ;
#2663 = ORIENTED_EDGE ( 'NONE', *, *, #567, .F. ) ;
#2664 = CARTESIAN_POINT ( 'NONE',  ( -38.18416319402572157, -22.61109270742302257, 21.54695430070228568 ) ) ;
#2665 = CARTESIAN_POINT ( 'NONE',  ( -11.02782877652285798, -25.00808474057483721, 25.40514622602541905 ) ) ;
#2666 = DIRECTION ( 'NONE',  ( -0.000000000000000000, -6.982962677686266711E-15, 1.000000000000000000 ) ) ;
#2667 = EDGE_CURVE ( 'NONE', #299, #2362, #1732, .T. ) ;
#2668 = ORIENTED_EDGE ( 'NONE', *, *, #2542, .F. ) ;
#2669 = CARTESIAN_POINT ( 'NONE',  ( 0.000000000000000000, -17.61109270742286270, 0.06192626329679876834 ) ) ;
#2670 = LINE ( 'NONE', #2057, #3158 ) ;
#2671 = EDGE_CURVE ( 'NONE', #1719, #3001, #435, .T. ) ;
#2672 = CARTESIAN_POINT ( 'NONE',  ( -20.09211249190137494, -22.47078143049620991, 38.11547962048413751 ) ) ;
#2673 = ORIENTED_EDGE ( 'NONE', *, *, #2281, .F. ) ;
#2674 = DIRECTION ( 'NONE',  ( 0.000000000000000000, 0.000000000000000000, 1.000000000000000000 ) ) ;
#2675 = CARTESIAN_POINT ( 'NONE',  ( -35.29289321881345387, -8.611092707423228632, 50.44060591973720165 ) ) ;
#2676 = VECTOR ( 'NONE', #3052, 1000.000000000000000 ) ;
#2677 = ORIENTED_EDGE ( 'NONE', *, *, #2872, .T. ) ;
#2678 = CARTESIAN_POINT ( 'NONE',  ( -25.61484781085112417, -21.73079608525297957, 42.20051572200924994 ) ) ;
#2679 = DIRECTION ( 'NONE',  ( -0.000000000000000000, -1.000000000000000000, -6.982962677686266711E-15 ) ) ;
#2680 = FACE_BOUND ( 'NONE', #2218, .T. ) ;
#2681 = DIRECTION ( 'NONE',  ( 1.000000000000000000, 0.000000000000000000, 0.000000000000000000 ) ) ;
#2682 = AXIS2_PLACEMENT_3D ( 'NONE', #3218, #122, #1536 ) ;
#2683 = EDGE_LOOP ( 'NONE', ( #1841, #476, #1644, #680 ) ) ;
#2684 = CARTESIAN_POINT ( 'NONE',  ( -37.05503746319928382, -22.61109270742301192, 19.25289149111040032 ) ) ;
#2685 = CARTESIAN_POINT ( 'NONE',  ( -22.12803014350879494, -21.93232030452629289, 39.65445012954482706 ) ) ;
#2686 = CARTESIAN_POINT ( 'NONE',  ( -35.50000000000001421, -16.61109270742312916, 35.56192626329681872 ) ) ;
#2687 = PRODUCT_DEFINITION_FORMATION_WITH_SPECIFIED_SOURCE ( 'ä»', '', #2181, .NOT_KNOWN. ) ;
#2688 = ORIENTED_EDGE ( 'NONE', *, *, #2729, .T. ) ;
#2689 = DIRECTION ( 'NONE',  ( -0.7071067811865435759, -4.937700262164559875E-15, 0.7071067811865515695 ) ) ;
#2690 = CARTESIAN_POINT ( 'NONE',  ( -30.00000000000000000, -22.61109270742287691, 0.06192626329676407387 ) ) ;
#2691 = PLANE ( 'NONE',  #658 ) ;
#2692 = VERTEX_POINT ( 'NONE', #2609 ) ;
#2693 = APPROVAL_ROLE ( '' ) ;
#2694 = ADVANCED_FACE ( 'NONE', ( #2868 ), #1765, .T. ) ;
#2695 = FACE_OUTER_BOUND ( 'NONE', #1481, .T. ) ;
#2696 = CIRCLE ( 'NONE', #1516, 2.000000000000002665 ) ;
#2697 = ORIENTED_EDGE ( 'NONE', *, *, #3146, .T. ) ;
#2698 = CARTESIAN_POINT ( 'NONE',  ( -24.44778317164864490, -21.92087929363773213, 41.17258436218123308 ) ) ;
#2699 = DIRECTION ( 'NONE',  ( 0.000000000000000000, -1.000000000000000000, -6.982962677686266711E-15 ) ) ;
#2700 = DIRECTION ( 'NONE',  ( -1.000000000000000000, 0.000000000000000000, 0.000000000000000000 ) ) ;
#2701 = CARTESIAN_POINT ( 'NONE',  ( 0.7071067811865554553, -16.61109270742371180, 119.3548194821102726 ) ) ;
#2702 = AXIS2_PLACEMENT_3D ( 'NONE', #400, #461, #3473 ) ;
#2703 = VERTEX_POINT ( 'NONE', #1834 ) ;
#2704 = DIRECTION ( 'NONE',  ( 0.000000000000000000, 6.938893903907226800E-15, -1.000000000000000000 ) ) ;
#2705 = DIRECTION ( 'NONE',  ( 0.000000000000000000, -1.000000000000000000, -6.982962677686266711E-15 ) ) ;
#2706 = PLANE ( 'NONE',  #3386 ) ;
#2707 = ORIENTED_EDGE ( 'NONE', *, *, #1029, .T. ) ;
#2708 = CARTESIAN_POINT ( 'NONE',  ( -31.25000000000034817, -16.61109270742309718, 31.31192626329680451 ) ) ;
#2709 = LINE ( 'NONE', #1305, #3193 ) ;
#2710 = DIRECTION ( 'NONE',  ( -0.7071067811865435759, 4.937700262164559086E-15, -0.7071067811865515695 ) ) ;
#2711 = ORIENTED_EDGE ( 'NONE', *, *, #1308, .F. ) ;
#2712 = CYLINDRICAL_SURFACE ( 'NONE', #2792, 10.00000000000000178 ) ;
#2713 = EDGE_CURVE ( 'NONE', #2655, #2581, #1468, .T. ) ;
#2714 = VERTEX_POINT ( 'NONE', #1554 ) ;
#2715 = AXIS2_PLACEMENT_3D ( 'NONE', #1143, #1991, #2270 ) ;
#2716 = CARTESIAN_POINT ( 'NONE',  ( -23.90778448670376122, -22.00546945239427643, 40.73589764691739390 ) ) ;
#2717 = CARTESIAN_POINT ( 'NONE',  ( -38.42062962563023376, -22.42300313902617148, 20.72710837491762703 ) ) ;
#2718 = DIRECTION ( 'NONE',  ( 0.000000000000000000, 6.608470384673557335E-15, -1.000000000000000000 ) ) ;
#2719 = EDGE_CURVE ( 'NONE', #860, #1283, #446, .T. ) ;
#2720 = AXIS2_PLACEMENT_3D ( 'NONE', #2987, #2094, #3553 ) ;
#2721 = ORIENTED_EDGE ( 'NONE', *, *, #307, .T. ) ;
#2722 = CARTESIAN_POINT ( 'NONE',  ( -21.58465959670796153, -22.88739548161656145, 38.59645233492559413 ) ) ;
#2723 = CARTESIAN_POINT ( 'NONE',  ( -27.38855314062280755, -17.61109270742298349, 17.55098446730769979 ) ) ;
#2724 = ORIENTED_EDGE ( 'NONE', *, *, #3612, .F. ) ;
#2725 = DIRECTION ( 'NONE',  ( -1.000000000000000000, 0.000000000000000000, 0.000000000000000000 ) ) ;
#2726 = DIRECTION ( 'NONE',  ( 0.000000000000000000, -1.000000000000000000, -6.982962677686266711E-15 ) ) ;
#2727 = LINE ( 'NONE', #2172, #1476 ) ;
#2728 = EDGE_LOOP ( 'NONE', ( #2374, #221, #2217, #2085 ) ) ;
#2729 = EDGE_CURVE ( 'NONE', #3465, #2703, #2496, .T. ) ;
#2730 = CARTESIAN_POINT ( 'NONE',  ( -23.27569257583363083, -20.81892836269649649, 41.66604596387669801 ) ) ;
#2731 =( BOUNDED_SURFACE ( )  B_SPLINE_SURFACE ( 3, 2, ( 
 ( #2016, #871, #3130 ),
 ( #1482, #618, #51 ),
 ( #33, #834, #1725 ),
 ( #2254, #2846, #3363 ),
 ( #1444, #309, #326 ),
 ( #2865, #850, #1462 ),
 ( #2807, #343, #3072 ),
 ( #2587, #3414, #908 ) ),
 .UNSPECIFIED., .F., .F., .F. ) 
 B_SPLINE_SURFACE_WITH_KNOTS ( ( 4, 2, 2, 4 ),
 ( 3, 3 ),
 ( 5.235987755982987046, 5.759586531581286195, 6.021385919380436214, 6.283185307179586232 ),
 ( 0.000000000000000000, 1.000000000000000000 ),
 .UNSPECIFIED. ) 
 GEOMETRIC_REPRESENTATION_ITEM ( )  RATIONAL_B_SPLINE_SURFACE ( (
 ( 1.000000000000000000, 0.8226643880080357629, 1.000000000000000000),
 ( 1.000000000000000000, 0.8551780668705716293, 1.000000000000000000),
 ( 1.000000000000000000, 0.8806974846573533133, 1.000000000000000000),
 ( 1.000000000000000000, 0.9064693560638912295, 1.000000000000000000),
 ( 1.000000000000000000, 0.9129840413601852944, 1.000000000000000000),
 ( 1.000000000000000000, 0.9216890640688029102, 1.000000000000000000),
 ( 1.000000000000000000, 0.9238813156582131869, 1.000000000000000000),
 ( 1.000000000000000000, 0.9238795325112881818, 1.000000000000000000) ) ) 
 REPRESENTATION_ITEM ( '' )  SURFACE ( )  );
#2732 = ORIENTED_EDGE ( 'NONE', *, *, #2282, .T. ) ;
#2733 = CARTESIAN_POINT ( 'NONE',  ( 2.541004441021470051, -23.96810970310788136, 25.94527862052463973 ) ) ;
#2734 = DIRECTION ( 'NONE',  ( -0.7071067811865474617, 4.937700262164531476E-15, -0.7071067811865474617 ) ) ;
#2735 = AXIS2_PLACEMENT_3D ( 'NONE', #1152, #3075, #2499 ) ;
#2736 = APPROVAL ( #2617, 'æœª' ) ;
#2737 = ORIENTED_EDGE ( 'NONE', *, *, #3368, .T. ) ;
#2738 = CARTESIAN_POINT ( 'NONE',  ( -24.65636420315167854, -24.60551353665325180, 8.455496337011238595 ) ) ;
#2739 = CARTESIAN_POINT ( 'NONE',  ( -26.90072536783049628, -24.20638742660676002, -0.5924396196939551995 ) ) ;
#2740 = EDGE_CURVE ( 'NONE', #2748, #785, #1566, .T. ) ;
#2741 = VERTEX_POINT ( 'NONE', #3544 ) ;
#2742 = CARTESIAN_POINT ( 'NONE',  ( -30.00000000000000000, -22.61109270742273836, -20.03857880009132941 ) ) ;
#2743 = DIRECTION ( 'NONE',  ( -0.000000000000000000, 1.000000000000000000, 6.982962677686266711E-15 ) ) ;
#2744 = B_SPLINE_SURFACE_WITH_KNOTS ( 'NONE', 1, 3, ( 
 ( #3329, #2223, #1114, #547, #3571, #2793, #1063, #274, #776, #1913, #1415, #3033, #1392, #2519, #20, #1135, #1898, #499 ),
 ( #1623, #1640, #1361, #2747, #225, #2484, #1076, #2907, #1505, #2853, #2612, #914, #626, #94, #2038, #39, #3116, #3156 ) ),
 .UNSPECIFIED., .F., .F., .F.,
 ( 2, 2 ),
 ( 4, 2, 2, 2, 2, 2, 2, 2, 4 ),
 ( 0.000000000000000000, 1.000000000000000000 ),
 ( -0.2935880688319993936, -0.1587147898033177684, -0.02384151077463617097, 0.1110317682540454404, 0.2459050472827270517, 0.3807783263114086214, 0.5156516053400902466, 0.6505248843687718718, 0.7853981633974534970 ),
 .UNSPECIFIED. ) ;
#2745 = CARTESIAN_POINT ( 'NONE',  ( -25.25682457089648736, -24.29985769982168620, 6.364427643305631932 ) ) ;
#2746 = CONICAL_SURFACE ( 'NONE', #3487, 9.000000000000021316, 0.7853981633974457255 ) ;
#2747 = CARTESIAN_POINT ( 'NONE',  ( -9.366245093500770835, -24.97324693861098410, 25.47282771118845801 ) ) ;
#2748 = VERTEX_POINT ( 'NONE', #749 ) ;
#2749 = CARTESIAN_POINT ( 'NONE',  ( -34.00000000000122213, -14.77502805752457604, 50.56192626329680451 ) ) ;
#2750 = FACE_OUTER_BOUND ( 'NONE', #1036, .T. ) ;
#2751 = ORIENTED_EDGE ( 'NONE', *, *, #3269, .T. ) ;
#2752 = CARTESIAN_POINT ( 'NONE',  ( -25.46342524930387796, -24.94621127608702338, 11.91872847712147099 ) ) ;
#2753 = CARTESIAN_POINT ( 'NONE',  ( -25.88335235722788497, -23.96810970310767885, -2.479078177724732601 ) ) ;
#2754 = EDGE_CURVE ( 'NONE', #401, #1978, #905, .T. ) ;
#2755 = ORIENTED_EDGE ( 'NONE', *, *, #545, .F. ) ;
#2756 = CARTESIAN_POINT ( 'NONE',  ( -19.27202004888414777, -22.61109270742313271, 37.15525257462729058 ) ) ;
#2757 = DIRECTION ( 'NONE',  ( -1.000000000000000000, 0.000000000000000000, -0.000000000000000000 ) ) ;
#2758 = CARTESIAN_POINT ( 'NONE',  ( -49.50000000000000000, -8.611092707423109616, 33.23349913855066262 ) ) ;
#2759 = VECTOR ( 'NONE', #2809, 1000.000000000000114 ) ;
#2760 = CARTESIAN_POINT ( 'NONE',  ( -18.30172811860425952, -22.57584941606928197, 36.99387856575695821 ) ) ;
#2761 = APPROVAL_STATUS ( 'not_yet_approved' ) ;
#2762 = PLANE ( 'NONE',  #3569 ) ;
#2763 = ORIENTED_EDGE ( 'NONE', *, *, #58, .T. ) ;
#2764 = CARTESIAN_POINT ( 'NONE',  ( -36.90685424949270299, -22.61109270742305810, 25.65507201380433955 ) ) ;
#2765 = CARTESIAN_POINT ( 'NONE',  ( -42.99890656321122862, -16.61109270742328547, 58.14661926413484139 ) ) ;
#2766 = VECTOR ( 'NONE', #1796, 1000.000000000000000 ) ;
#2767 = VERTEX_POINT ( 'NONE', #91 ) ;
#2768 = CARTESIAN_POINT ( 'NONE',  ( -24.75739180119676774, -24.55739226657889418, 8.016369057028031264 ) ) ;
#2769 = PLANE ( 'NONE',  #1586 ) ;
#2770 =( BOUNDED_CURVE ( )  B_SPLINE_CURVE ( 3, ( #269, #2238, #2789, #1320 ),
 .UNSPECIFIED., .F., .T. ) 
 B_SPLINE_CURVE_WITH_KNOTS ( ( 4, 4 ),
 ( 5.235987755982986158, 6.283185307179586232 ),
 .UNSPECIFIED. ) 
 CURVE ( )  GEOMETRIC_REPRESENTATION_ITEM ( )  RATIONAL_B_SPLINE_CURVE ( ( 1.000000000000000000, 0.9106836025229585463, 0.9106836025229585463, 1.000000000000000000 ) ) 
 REPRESENTATION_ITEM ( '' )  );
#2771 = AXIS2_PLACEMENT_3D ( 'NONE', #3137, #206, #720 ) ;
#2772 = ORIENTED_EDGE ( 'NONE', *, *, #2190, .F. ) ;
#2773 = CARTESIAN_POINT ( 'NONE',  ( -20.14496657963551129, -22.61109270742314337, 37.57280891081845908 ) ) ;
#2774 = DIRECTION ( 'NONE',  ( -0.000000000000000000, 1.000000000000000000, 6.982962677686266711E-15 ) ) ;
#2775 = EDGE_CURVE ( 'NONE', #2145, #559, #2971, .T. ) ;
#2776 = CARTESIAN_POINT ( 'NONE',  ( -27.02494402638218318, -22.61109270742317179, 42.17265672730593451 ) ) ;
#2777 = DATE_AND_TIME ( #2174, #586 ) ;
#2778 = CARTESIAN_POINT ( 'NONE',  ( -36.28486238015190679, -22.61109270742300126, 17.58072690219557543 ) ) ;
#2779 = ORIENTED_EDGE ( 'NONE', *, *, #436, .F. ) ;
#2780 = CARTESIAN_POINT ( 'NONE',  ( 0.6361075519949900281, -23.90634406542073975, 26.06192626329676543 ) ) ;
#2781 = CYLINDRICAL_SURFACE ( 'NONE', #3265, 2.099999999999997868 ) ;
#2782 = DIRECTION ( 'NONE',  ( 0.000000000000000000, -6.938893903907229167E-15, 1.000000000000000000 ) ) ;
#2783 = ORIENTED_EDGE ( 'NONE', *, *, #330, .T. ) ;
#2784 = CARTESIAN_POINT ( 'NONE',  ( -25.53744695609892190, -24.90810996143442679, 12.32907642662928183 ) ) ;
#2785 = CARTESIAN_POINT ( 'NONE',  ( -26.39788012254830107, -24.46521778518134127, 5.265177592831286724 ) ) ;
#2786 = ORIENTED_EDGE ( 'NONE', *, *, #567, .T. ) ;
#2787 = AXIS2_PLACEMENT_3D ( 'NONE', #1058, #2187, #3298 ) ;
#2788 = ORIENTED_EDGE ( 'NONE', *, *, #441, .T. ) ;
#2789 = CARTESIAN_POINT ( 'NONE',  ( -51.08578643762690064, -15.99229055390611087, 34.64771270092369804 ) ) ;
#2790 = CARTESIAN_POINT ( 'NONE',  ( -50.50000000000000000, -14.52818893876834494, 33.23349913855061999 ) ) ;
#2791 = CARTESIAN_POINT ( 'NONE',  ( -26.00000000000000711, -23.90634534585816340, 1.333503891190221280 ) ) ;
#2792 = AXIS2_PLACEMENT_3D ( 'NONE', #2912, #2343, #1511 ) ;
#2793 = CARTESIAN_POINT ( 'NONE',  ( -10.62904825911230944, -24.70297721727142815, 24.51367156228668875 ) ) ;
#2794 = LOCAL_TIME ( 15, 29, 14.00000000000000000, #1016 ) ;
#2795 = B_SPLINE_SURFACE_WITH_KNOTS ( 'NONE', 1, 3, ( 
 ( #3555, #278, #2452, #808, #489, #2227, #2192, #2799, #1365, #1933, #1396, #1038, #259, #2523, #3291, #1082, #2160, #794 ),
 ( #1051, #1659, #3276, #1890, #3011, #227, #2506, #1919, #1627, #2780, #1612, #2733, #1901, #1345, #2470, #1646, #3575, #517 ) ),
 .UNSPECIFIED., .F., .F., .F.,
 ( 2, 2 ),
 ( 4, 2, 2, 2, 2, 2, 2, 2, 4 ),
 ( 0.000000000000000000, 1.000000000000000000 ),
 ( 2.848004584757794166, 2.921401601965795791, 2.994798619173796972, 3.068195636381798597, 3.141592653589800221, 3.214989670797801402, 3.288386688005803027, 3.361783705213804652, 3.435180722421805832 ),
 .UNSPECIFIED. ) ;
#2796 = ADVANCED_FACE ( 'NONE', ( #3417 ), #3240, .F. ) ;
#2797 = CARTESIAN_POINT ( 'NONE',  ( 0.000000000000000000, -14.52818893876846751, 50.56192626329681161 ) ) ;
#2798 = ORIENTED_EDGE ( 'NONE', *, *, #1960, .T. ) ;
#2799 = CARTESIAN_POINT ( 'NONE',  ( -1.308731235184501740, -24.21875386405160313, 26.93862661217516319 ) ) ;
#2800 = DIRECTION ( 'NONE',  ( 0.000000000000000000, -6.938893903907222067E-15, 1.000000000000000000 ) ) ;
#2801 = DIRECTION ( 'NONE',  ( 0.4999999999999956701, -0.7071067811865534569, 0.4999999999999960032 ) ) ;
#2802 = VERTEX_POINT ( 'NONE', #1852 ) ;
#2803 = CARTESIAN_POINT ( 'NONE',  ( -24.57101287767662257, -24.64616791490103864, 12.03476419197423120 ) ) ;
#2804 = DIRECTION ( 'NONE',  ( -3.469446951953611033E-15, -6.938893903907222067E-15, 1.000000000000000000 ) ) ;
#2805 = VECTOR ( 'NONE', #1763, 1000.000000000000000 ) ;
#2806 = ORIENTED_EDGE ( 'NONE', *, *, #324, .T. ) ;
#2807 = CARTESIAN_POINT ( 'NONE',  ( -50.50000000000000000, -14.70272810930842589, 33.23349913854698912 ) ) ;
#2808 = EDGE_LOOP ( 'NONE', ( #3296, #1656, #3173, #1807, #1128, #605, #1489 ) ) ;
#2809 = DIRECTION ( 'NONE',  ( 0.000000000000000000, 0.7071067811865452413, 0.7071067811865499042 ) ) ;
#2810 = CARTESIAN_POINT ( 'NONE',  ( -17.48905820401120437, -23.30412258707245599, 27.45047940391937047 ) ) ;
#2811 = CARTESIAN_POINT ( 'NONE',  ( -31.25000000000000000, -8.611092707422923098, 6.311926263296858686 ) ) ;
#2812 = EDGE_LOOP ( 'NONE', ( #3530, #470, #778, #3438 ) ) ;
#2813 = CIRCLE ( 'NONE', #1100, 3.500000000000000000 ) ;
#2814 = CARTESIAN_POINT ( 'NONE',  ( -17.13416672612126135, -22.61109270742312916, 36.27553897511588588 ) ) ;
#2815 = EDGE_CURVE ( 'NONE', #2369, #3241, #149, .T. ) ;
#2816 = VECTOR ( 'NONE', #817, 999.9999999999998863 ) ;
#2817 = CARTESIAN_POINT ( 'NONE',  ( -35.82050807568872131, -22.61109270742299415, 16.55400721423909260 ) ) ;
#2818 = ORIENTED_EDGE ( 'NONE', *, *, #1886, .T. ) ;
#2819 = CARTESIAN_POINT ( 'NONE',  ( -66.83578643762682248, -9.611092707423249948, 53.22613982567003177 ) ) ;
#2820 = CARTESIAN_POINT ( 'NONE',  ( -17.08958898294921980, -22.61109637940360528, 36.24824711133915400 ) ) ;
#2821 = CARTESIAN_POINT ( 'NONE',  ( -41.91988412654377782, -21.77022843537343277, 25.44004287948024867 ) ) ;
#2822 = EDGE_CURVE ( 'NONE', #50, #1279, #3619, .T. ) ;
#2823 = ORIENTED_EDGE ( 'NONE', *, *, #1079, .F. ) ;
#2824 = DIRECTION ( 'NONE',  ( -0.4999999999999982792, -0.8660254037844397068, -6.047423072554921089E-15 ) ) ;
#2825 = DIRECTION ( 'NONE',  ( 0.000000000000000000, 6.982962677686266711E-15, -1.000000000000000000 ) ) ;
#2826 = CARTESIAN_POINT ( 'NONE',  ( -40.82050807568870709, -21.27134674526743296, 22.55400721423914945 ) ) ;
#2827 = EDGE_CURVE ( 'NONE', #2319, #1204, #1600, .T. ) ;
#2828 = B_SPLINE_CURVE_WITH_KNOTS ( 'NONE', 1,
 ( #121, #2083 ),
 .UNSPECIFIED., .F., .F.,
 ( 2, 2 ),
 ( 0.000000000000000000, 1.000000000000000000 ),
 .UNSPECIFIED. ) ;
#2829 = EDGE_LOOP ( 'NONE', ( #2497, #1454, #1611, #347, #561 ) ) ;
#2830 = CARTESIAN_POINT ( 'NONE',  ( -31.25000000000000000, -22.61109270742292310, 6.311926263296761874 ) ) ;
#2831 = VERTEX_POINT ( 'NONE', #2507 ) ;
#2832 = DIRECTION ( 'NONE',  ( 0.7071067811865435759, 4.937700262164559875E-15, -0.7071067811865515695 ) ) ;
#2833 = CARTESIAN_POINT ( 'NONE',  ( -16.50668533053391585, -23.71535976127510637, 26.58711454483311698 ) ) ;
#2834 = B_SPLINE_CURVE_WITH_KNOTS ( 'NONE', 3,
 ( #1887, #3541, #1035, #762 ),
 .UNSPECIFIED., .F., .F.,
 ( 4, 4 ),
 ( 0.000000000000000000, 1.000000000000000000 ),
 .UNSPECIFIED. ) ;
#2835 = CARTESIAN_POINT ( 'NONE',  ( -51.75000000000007816, -16.61109270742333521, 65.48349913855051341 ) ) ;
#2836 = FACE_OUTER_BOUND ( 'NONE', #62, .T. ) ;
#2837 = ORIENTED_EDGE ( 'NONE', *, *, #508, .T. ) ;
#2838 = DIRECTION ( 'NONE',  ( 0.000000000000000000, -6.938893903907222067E-15, 1.000000000000000000 ) ) ;
#2839 = CARTESIAN_POINT ( 'NONE',  ( -21.51810002447372483, -22.61109270742314337, 38.25666190128362842 ) ) ;
#2840 = CARTESIAN_POINT ( 'NONE',  ( -31.25000000000034817, -17.61109270742307942, 31.31192626329679030 ) ) ;
#2841 = ORIENTED_EDGE ( 'NONE', *, *, #1614, .T. ) ;
#2842 = DIRECTION ( 'NONE',  ( 0.000000000000000000, -1.000000000000000000, -6.982962677686266711E-15 ) ) ;
#2843 = CARTESIAN_POINT ( 'NONE',  ( -24.91116450683195893, -24.48414284340908864, 13.45306515600081099 ) ) ;
#2844 = CARTESIAN_POINT ( 'NONE',  ( -17.48905820401120437, -23.30412258707245599, 27.45047940391937047 ) ) ;
#2845 = ORIENTED_EDGE ( 'NONE', *, *, #3460, .T. ) ;
#2846 = CARTESIAN_POINT ( 'NONE',  ( -50.16902981653395699, -15.71316061828849264, 33.73095607983209021 ) ) ;
#2847 = CARTESIAN_POINT ( 'NONE',  ( -59.47247185901922961, -16.61109270742318955, 44.44861168468923296 ) ) ;
#2848 = DIRECTION ( 'NONE',  ( 0.000000000000000000, 6.982962677686266711E-15, -1.000000000000000000 ) ) ;
#2849 = ADVANCED_FACE ( 'NONE', ( #2750 ), #2490, .F. ) ;
#2850 = DIRECTION ( 'NONE',  ( -0.000000000000000000, -1.000000000000000000, -6.982962677686266711E-15 ) ) ;
#2851 = VECTOR ( 'NONE', #1112, 1000.000000000000000 ) ;
#2852 = ORIENTED_EDGE ( 'NONE', *, *, #1247, .F. ) ;
#2853 = CARTESIAN_POINT ( 'NONE',  ( -13.07417358180115130, -24.80385087264486188, 25.80192359781350575 ) ) ;
#2854 = FACE_OUTER_BOUND ( 'NONE', #1926, .T. ) ;
#2855 = ORIENTED_EDGE ( 'NONE', *, *, #1118, .F. ) ;
#2856 = LINE ( 'NONE', #1733, #453 ) ;
#2857 = LINE ( 'NONE', #1456, #912 ) ;
#2858 = CIRCLE ( 'NONE', #2561, 3.500000000000003109 ) ;
#2859 = EDGE_CURVE ( 'NONE', #2488, #559, #3292, .T. ) ;
#2860 = EDGE_LOOP ( 'NONE', ( #1550, #2783, #2837, #3371, #3020, #1265, #1538, #2532, #2946, #2611 ) ) ;
#2861 = CARTESIAN_POINT ( 'NONE',  ( -47.01171607843064493, -21.61109270742309008, 30.57364234172736772 ) ) ;
#2862 = CARTESIAN_POINT ( 'NONE',  ( -24.81663437020664276, -24.52917223212614317, 13.13045458005999677 ) ) ;
#2863 = CARTESIAN_POINT ( 'NONE',  ( -16.78195142282467600, -16.61109270742307231, 28.15758618510595568 ) ) ;
#2864 = ORIENTED_EDGE ( 'NONE', *, *, #3388, .T. ) ;
#2865 = CARTESIAN_POINT ( 'NONE',  ( -50.47702409717621919, -14.87724117063125817, 33.18754733290313652 ) ) ;
#2866 = DIRECTION ( 'NONE',  ( 0.000000000000000000, 6.608470384673547868E-15, -1.000000000000000000 ) ) ;
#2867 = CARTESIAN_POINT ( 'NONE',  ( -22.09126974867027116, -22.61109270742314337, 38.56861489261488884 ) ) ;
#2868 = FACE_OUTER_BOUND ( 'NONE', #1123, .T. ) ;
#2869 = EDGE_CURVE ( 'NONE', #3447, #2297, #1891, .T. ) ;
#2870 = EDGE_CURVE ( 'NONE', #1040, #3380, #3606, .T. ) ;
#2871 = VERTEX_POINT ( 'NONE', #535 ) ;
#2872 = EDGE_CURVE ( 'NONE', #1387, #913, #2453, .T. ) ;
#2873 = AXIS2_PLACEMENT_3D ( 'NONE', #2686, #3189, #2372 ) ;
#2874 = CARTESIAN_POINT ( 'NONE',  ( -40.50000000000000711, -9.611092707423127379, 35.56192626329686135 ) ) ;
#2875 = EDGE_LOOP ( 'NONE', ( #2077, #1383, #730, #288 ) ) ;
#2876 = CARTESIAN_POINT ( 'NONE',  ( -23.92569546939780523, -22.61109270742315402, 39.64497224323665847 ) ) ;
#2877 = DIRECTION ( 'NONE',  ( 0.2130588602608504412, -0.4591684756709641935, -0.8624211459689230530 ) ) ;
#2878 = AXIS2_PLACEMENT_3D ( 'NONE', #23, #43, #1697 ) ;
#2879 = EDGE_LOOP ( 'NONE', ( #3164, #2279, #2426, #466 ) ) ;
#2880 = CARTESIAN_POINT ( 'NONE',  ( -33.89143527874139039, -21.86929370514874904, 49.03914797966506001 ) ) ;
#2881 = LINE ( 'NONE', #3377, #1819 ) ;
#2882 = CARTESIAN_POINT ( 'NONE',  ( -9.440418658759146098, -24.68215399049630676, 24.55738261207872597 ) ) ;
#2883 = B_SPLINE_CURVE_WITH_KNOTS ( 'NONE', 3,
 ( #3210, #2613, #1545, #2360 ),
 .UNSPECIFIED., .F., .F.,
 ( 4, 4 ),
 ( 0.5000000000000000000, 1.000000000000000000 ),
 .UNSPECIFIED. ) ;
#2884 = ORIENTED_EDGE ( 'NONE', *, *, #1079, .T. ) ;
#2885 = DIRECTION ( 'NONE',  ( 0.000000000000000000, -1.000000000000000000, -6.982962677686266711E-15 ) ) ;
#2886 = DIRECTION ( 'NONE',  ( 0.000000000000000000, 6.938893903907228378E-15, -1.000000000000000000 ) ) ;
#2887 = CARTESIAN_POINT ( 'NONE',  ( -22.96352128511482960, -22.61109270742315402, 39.05827048610354524 ) ) ;
#2888 = CARTESIAN_POINT ( 'NONE',  ( -51.75000000000007816, -22.61109270742333521, 65.48349913855047078 ) ) ;
#2889 = VERTEX_POINT ( 'NONE', #1328 ) ;
#2890 = AXIS2_PLACEMENT_3D ( 'NONE', #1704, #2824, #304 ) ;
#2891 = CARTESIAN_POINT ( 'NONE',  ( 9.458200217975102575, -16.61109270742364785, 110.6037260453217215 ) ) ;
#2892 = EDGE_CURVE ( 'NONE', #3025, #1749, #1902, .T. ) ;
#2893 = CARTESIAN_POINT ( 'NONE',  ( -48.97722171636829813, -21.86929370514863891, 33.95336154203814516 ) ) ;
#2894 = VERTEX_POINT ( 'NONE', #1661 ) ;
#2895 =( NAMED_UNIT ( * ) SI_UNIT ( $, .STERADIAN. ) SOLID_ANGLE_UNIT ( ) );
#2896 = ADVANCED_FACE ( 'NONE', ( #3067 ), #1737, .T. ) ;
#2897 = CARTESIAN_POINT ( 'NONE',  ( -28.07069711559590175, -23.60416594825471392, 17.02328230418891764 ) ) ;
#2898 = ORIENTED_EDGE ( 'NONE', *, *, #1308, .T. ) ;
#2899 = LINE ( 'NONE', #2325, #2179 ) ;
#2900 = CARTESIAN_POINT ( 'NONE',  ( -36.20677867809928330, -22.60777695644286922, 17.18495672258493911 ) ) ;
#2901 = CARTESIAN_POINT ( 'NONE',  ( -40.41459088992160531, -21.50570314173876341, 23.09523012859526503 ) ) ;
#2902 = VERTEX_POINT ( 'NONE', #228 ) ;
#2903 = CARTESIAN_POINT ( 'NONE',  ( -36.75123462624716808, -22.61109270742300126, 18.60016093196301412 ) ) ;
#2904 = CARTESIAN_POINT ( 'NONE',  ( -47.01171607843064493, -12.61109270742309185, 30.57364234172742101 ) ) ;
#2905 = PLANE ( 'NONE',  #471 ) ;
#2906 = EDGE_LOOP ( 'NONE', ( #134, #1859, #335, #3483 ) ) ;
#2907 = CARTESIAN_POINT ( 'NONE',  ( -11.85680221382500221, -24.94621127608712996, 25.52535151260046931 ) ) ;
#2908 = FACE_OUTER_BOUND ( 'NONE', #1009, .T. ) ;
#2909 = CARTESIAN_POINT ( 'NONE',  ( -30.00000000000000000, -22.61109270742294441, 9.581100470952257808 ) ) ;
#2910 = ORIENTED_EDGE ( 'NONE', *, *, #797, .T. ) ;
#2911 = PERSON_AND_ORGANIZATION_ROLE ( 'classification_officer' ) ;
#2912 = CARTESIAN_POINT ( 'NONE',  ( -10.41799039214576261, -8.611092707423116721, 34.52154721578499164 ) ) ;
#2913 = ADVANCED_FACE ( 'NONE', ( #3556 ), #824, .T. ) ;
#2914 = VERTEX_POINT ( 'NONE', #3304 ) ;
#2915 = CIRCLE ( 'NONE', #1322, 1.000000000000000888 ) ;
#2916 = CARTESIAN_POINT ( 'NONE',  ( -47.69238815542533416, -22.61109270742291955, 32.66852798109515277 ) ) ;
#2917 = DIRECTION ( 'NONE',  ( 0.000000000000000000, 6.938893903907211812E-15, -1.000000000000000000 ) ) ;
#2918 = CARTESIAN_POINT ( 'NONE',  ( -42.81783724519573298, -21.61109270742306165, 26.37976350849240958 ) ) ;
#2919 = VECTOR ( 'NONE', #690, 1000.000000000000000 ) ;
#2920 = AXIS2_PLACEMENT_3D ( 'NONE', #2032, #3148, #2606 ) ;
#2921 = ORIENTED_EDGE ( 'NONE', *, *, #677, .T. ) ;
#2922 = CARTESIAN_POINT ( 'NONE',  ( -38.06116389613035267, -22.61109270742302257, 21.30899484164752877 ) ) ;
#2923 = LINE ( 'NONE', #399, #3274 ) ;
#2924 = CARTESIAN_POINT ( 'NONE',  ( -26.00000000000000355, -23.90634406542056922, 0.06192626329673631830 ) ) ;
#2925 = VERTEX_POINT ( 'NONE', #3022 ) ;
#2926 = CARTESIAN_POINT ( 'NONE',  ( 8.250000000000174083, -21.61109270742293376, 8.311926263297026551 ) ) ;
#2927 = CARTESIAN_POINT ( 'NONE',  ( -31.25000000000000000, -19.61109270742292310, 6.311926263296782302 ) ) ;
#2928 = CARTESIAN_POINT ( 'NONE',  ( -22.51659637373230893, -22.21256057494275993, 39.72245396217936531 ) ) ;
#2929 = ORIENTED_EDGE ( 'NONE', *, *, #2239, .F. ) ;
#2930 = CARTESIAN_POINT ( 'NONE',  ( -25.84471571436616344, -16.61109270742293376, 7.875419057405838252 ) ) ;
#2931 = DIRECTION ( 'NONE',  ( 0.7071067811865436870, -3.469446951953611822E-15, 0.7071067811865514585 ) ) ;
#2932 = ORIENTED_EDGE ( 'NONE', *, *, #3038, .T. ) ;
#2933 = AXIS2_PLACEMENT_3D ( 'NONE', #383, #953, #3192 ) ;
#2934 = CARTESIAN_POINT ( 'NONE',  ( -25.61104838926589977, -21.73143219564673956, 42.19697080098709563 ) ) ;
#2935 = DIRECTION ( 'NONE',  ( 0.000000000000000000, -1.000000000000000000, -6.982962677686266711E-15 ) ) ;
#2936 = ADVANCED_FACE ( 'NONE', ( #503 ), #1628, .F. ) ;
#2937 = CARTESIAN_POINT ( 'NONE',  ( -49.49999999999999289, -16.26023974633720925, 31.23349913855058446 ) ) ;
#2938 = ADVANCED_FACE ( 'NONE', ( #261 ), #2193, .F. ) ;
#2939 = VECTOR ( 'NONE', #2725, 1000.000000000000000 ) ;
#2940 = EDGE_CURVE ( 'NONE', #2692, #579, #2858, .T. ) ;
#2941 = ORIENTED_EDGE ( 'NONE', *, *, #2754, .F. ) ;
#2942 = CARTESIAN_POINT ( 'NONE',  ( -38.08171964633964279, -22.61109270742302968, 21.34894520065403256 ) ) ;
#2943 = CARTESIAN_POINT ( 'NONE',  ( -19.17124622211840901, -22.61176607101389990, 36.98822278303852329 ) ) ;
#2944 = LINE ( 'NONE', #127, #935 ) ;
#2945 = CIRCLE ( 'NONE', #1530, 10.00000000000000178 ) ;
#2946 = ORIENTED_EDGE ( 'NONE', *, *, #1314, .T. ) ;
#2947 = DIRECTION ( 'NONE',  ( 4.440892098500625373E-15, 6.938893903907227589E-15, -1.000000000000000000 ) ) ;
#2948 = LINE ( 'NONE', #1506, #809 ) ;
#2949 = CARTESIAN_POINT ( 'NONE',  ( -36.19974746830614976, -8.611092707423061654, 26.36217879499100292 ) ) ;
#2950 = ORIENTED_EDGE ( 'NONE', *, *, #2055, .F. ) ;
#2951 = COORDINATED_UNIVERSAL_TIME_OFFSET ( 8, 0, .AHEAD. ) ;
#2952 = CARTESIAN_POINT ( 'NONE',  ( -40.50000000000000711, -16.61109270742316113, 40.56192626329681161 ) ) ;
#2953 = VECTOR ( 'NONE', #740, 1000.000000000000000 ) ;
#2954 = ORIENTED_EDGE ( 'NONE', *, *, #2553, .F. ) ;
#2955 = CARTESIAN_POINT ( 'NONE',  ( 0.000000000000000000, -8.611092707422878689, 0.06192626329686121839 ) ) ;
#2956 = CARTESIAN_POINT ( 'NONE',  ( -1.249000902703301108E-13, -24.20638742660694476, 26.96265163112726526 ) ) ;
#2957 = CARTESIAN_POINT ( 'NONE',  ( -35.82050807568872131, -12.61109270742287869, 0.06192626329683346281 ) ) ;
#2958 = CARTESIAN_POINT ( 'NONE',  ( -39.91500190951794025, -22.61109270742305100, 24.50579819394144465 ) ) ;
#2959 = ORIENTED_EDGE ( 'NONE', *, *, #30, .T. ) ;
#2960 = CARTESIAN_POINT ( 'NONE',  ( -37.14296100461783823, -22.61109270742301192, 19.43912919244989723 ) ) ;
#2961 = CARTESIAN_POINT ( 'NONE',  ( -20.59770968453469564, -22.04851946809467833, 39.30379161697685220 ) ) ;
#2962 = CARTESIAN_POINT ( 'NONE',  ( 0.000000000000000000, -43.61109270742294797, 0.06192626329661835710 ) ) ;
#2963 = ADVANCED_FACE ( 'NONE', ( #5 ), #1679, .T. ) ;
#2964 = ORIENTED_EDGE ( 'NONE', *, *, #904, .F. ) ;
#2965 = CARTESIAN_POINT ( 'NONE',  ( -7.542893218813745193, -8.611092707422825399, -7.480966955516795913 ) ) ;
#2966 = CARTESIAN_POINT ( 'NONE',  ( -31.25000000000000000, -19.61109270742293731, 8.411926263296784612 ) ) ;
#2967 = B_SPLINE_CURVE_WITH_KNOTS ( 'NONE', 3,
 ( #3392, #1967, #2266, #2322, #3374, #2286, #337, #2618, #98, #2599, #898, #81, #1700, #593, #1437, #2025, #3140, #1216, #318, #649, #3085, #2821, #302, #1420, #1734, #630, #2043, #45, #882, #863, #3121, #3425 ),
 .UNSPECIFIED., .F., .F.,
 ( 4, 2, 1, 1, 2, 2, 2, 1, 1, 1, 2, 2, 2, 1, 1, 1, 1, 1, 2, 2, 4 ),
 ( 0.000000000000000000, 0.1249999999999542588, 0.1874999999999319988, 0.2187499999999180933, 0.2343749999999122091, 0.2499999999999063249, 0.3749999999998622213, 0.4374999999998401834, 0.4687499999998273048, 0.4843749999998180900, 0.4921874999998160916, 0.4999999999998140376, 0.6249999999997835065, 0.6874999999997681854, 0.7187499999997588596, 0.7343749999997543076, 0.7421874999997514211, 0.7460937499997490896, 0.7480468749997464251, 0.7499999999997438715, 1.000000000000000000 ),
 .UNSPECIFIED. ) ;
#2968 = LINE ( 'NONE', #3006, #3521 ) ;
#2969 = ORIENTED_EDGE ( 'NONE', *, *, #2529, .F. ) ;
#2970 = FACE_OUTER_BOUND ( 'NONE', #1629, .T. ) ;
#2971 = CIRCLE ( 'NONE', #1077, 2.000000000000001776 ) ;
#2972 = ORIENTED_EDGE ( 'NONE', *, *, #1517, .F. ) ;
#2973 = FACE_OUTER_BOUND ( 'NONE', #3122, .T. ) ;
#2974 = CARTESIAN_POINT ( 'NONE',  ( -24.88750402124151151, -17.61109270742291244, 7.586030435401798222 ) ) ;
#2975 = PLANE ( 'NONE',  #1740 ) ;
#2976 = DIRECTION ( 'NONE',  ( 0.000000000000000000, 6.938893903907229167E-15, -1.000000000000000000 ) ) ;
#2977 = EDGE_CURVE ( 'NONE', #1835, #753, #3012, .T. ) ;
#2978 = AXIS2_PLACEMENT_3D ( 'NONE', #3102, #1718, #2560 ) ;
#2979 = ORIENTED_EDGE ( 'NONE', *, *, #1925, .F. ) ;
#2980 = CARTESIAN_POINT ( 'NONE',  ( -37.50229623366733733, -22.61109270742301547, 20.18966318044813590 ) ) ;
#2981 = CARTESIAN_POINT ( 'NONE',  ( -23.03330386529853513, -21.50570314173887354, 40.47651715321838850 ) ) ;
#2982 = FACE_OUTER_BOUND ( 'NONE', #844, .T. ) ;
#2983 = VECTOR ( 'NONE', #1289, 1000.000000000000000 ) ;
#2984 = ORIENTED_EDGE ( 'NONE', *, *, #3043, .T. ) ;
#2985 = LINE ( 'NONE', #423, #1821 ) ;
#2986 = EDGE_CURVE ( 'NONE', #479, #2871, #1334, .T. ) ;
#2987 = CARTESIAN_POINT ( 'NONE',  ( 8.070421359794185179, -26.61109270742366206, 111.9915049035025731 ) ) ;
#2988 = ADVANCED_FACE ( 'NONE', ( #2541 ), #372, .F. ) ;
#2989 = CARTESIAN_POINT ( 'NONE',  ( -38.76171607843061651, -22.61109270742314692, 38.82364234172737838 ) ) ;
#2990 = CARTESIAN_POINT ( 'NONE',  ( -30.00000000000000000, -22.61109270742335653, 68.31192626329671214 ) ) ;
#2991 = CIRCLE ( 'NONE', #1693, 10.00000000000000178 ) ;
#2992 = ORIENTED_EDGE ( 'NONE', *, *, #3078, .T. ) ;
#2993 = CARTESIAN_POINT ( 'NONE',  ( -25.62381456932779855, -21.72929424495205453, 42.20888656814607742 ) ) ;
#2994 = CARTESIAN_POINT ( 'NONE',  ( -38.84246969763509583, -22.35860558587280167, 21.37168917503593590 ) ) ;
#2995 = CARTESIAN_POINT ( 'NONE',  ( 19.85050506338847143, -22.61109270742357680, 100.2114211999083011 ) ) ;
#2996 = DIRECTION ( 'NONE',  ( 0.000000000000000000, -6.938893903907222067E-15, 1.000000000000000000 ) ) ;
#2997 = VERTEX_POINT ( 'NONE', #3357 ) ;
#2998 = CARTESIAN_POINT ( 'NONE',  ( -59.47247185901920119, -26.61109270742318955, 44.44861168468917612 ) ) ;
#2999 = DIRECTION ( 'NONE',  ( -0.4999999999999971134, 0.7071067811865516806, -0.4999999999999970579 ) ) ;
#3000 = CONICAL_SURFACE ( 'NONE', #1883, 9.000000000000003553, 0.7853981633974523868 ) ;
#3001 = VERTEX_POINT ( 'NONE', #25 ) ;
#3002 = CARTESIAN_POINT ( 'NONE',  ( -7.524104172105270827, -24.49541746561473587, 24.94943028453818101 ) ) ;
#3003 = CARTESIAN_POINT ( 'NONE',  ( -66.12867965644026924, -8.611092707423246395, 52.51903304448349274 ) ) ;
#3004 = AXIS2_PLACEMENT_3D ( 'NONE', #3081, #3098, #1136 ) ;
#3005 = EDGE_CURVE ( 'NONE', #2454, #479, #1179, .T. ) ;
#3006 = CARTESIAN_POINT ( 'NONE',  ( -21.99999999999981881, -22.61109270742312560, 35.88243433898547607 ) ) ;
#3007 = ORIENTED_EDGE ( 'NONE', *, *, #616, .F. ) ;
#3008 = PLANE ( 'NONE',  #1915 ) ;
#3009 = EDGE_CURVE ( 'NONE', #2767, #1908, #2203, .T. ) ;
#3010 = ORIENTED_EDGE ( 'NONE', *, *, #3412, .F. ) ;
#3011 = CARTESIAN_POINT ( 'NONE',  ( -4.432218772900585080, -24.10367482624146263, 25.68925678301442517 ) ) ;
#3012 = LINE ( 'NONE', #1196, #3595 ) ;
#3013 = ORIENTED_EDGE ( 'NONE', *, *, #1865, .T. ) ;
#3014 = CARTESIAN_POINT ( 'NONE',  ( -49.49999999999999289, -16.26023974633699254, 0.06192626329680570724 ) ) ;
#3015 = LINE ( 'NONE', #3548, #2640 ) ;
#3016 = ORIENTED_EDGE ( 'NONE', *, *, #1335, .T. ) ;
#3017 = FACE_OUTER_BOUND ( 'NONE', #295, .T. ) ;
#3018 = LINE ( 'NONE', #1413, #349 ) ;
#3019 = EDGE_CURVE ( 'NONE', #1978, #1191, #2967, .T. ) ;
#3020 = ORIENTED_EDGE ( 'NONE', *, *, #1401, .T. ) ;
#3021 = CARTESIAN_POINT ( 'NONE',  ( -33.12562106960633201, -14.87724117063169338, 50.53895036047295264 ) ) ;
#3022 = CARTESIAN_POINT ( 'NONE',  ( -26.00000000000000355, -17.61109270742286270, 0.06192626329679876834 ) ) ;
#3023 = EDGE_CURVE ( 'NONE', #2319, #876, #919, .T. ) ;
#3024 = AXIS2_PLACEMENT_3D ( 'NONE', #728, #346, #2681 ) ;
#3025 = VERTEX_POINT ( 'NONE', #1774 ) ;
#3026 = CARTESIAN_POINT ( 'NONE',  ( -25.34294702829057044, -24.27848173350020033, 14.61372568331668909 ) ) ;
#3027 = CARTESIAN_POINT ( 'NONE',  ( -25.51118530729792511, -24.16517442399506876, -4.996142244979060010 ) ) ;
#3028 = ORIENTED_EDGE ( 'NONE', *, *, #1614, .F. ) ;
#3029 = VECTOR ( 'NONE', #3252, 1000.000000000000000 ) ;
#3030 = CARTESIAN_POINT ( 'NONE',  ( 5.656854249492334397, -16.61109270742291955, 5.718780512789206405 ) ) ;
#3031 = CARTESIAN_POINT ( 'NONE',  ( -32.60660171779784378, -22.61109270742334942, 47.75431441872152050 ) ) ;
#3032 = AXIS2_PLACEMENT_3D ( 'NONE', #1686, #2885, #1708 ) ;
#3033 = CARTESIAN_POINT ( 'NONE',  ( -14.55179942002023985, -24.27848173350028205, 25.40487329158716534 ) ) ;
#3034 = DIRECTION ( 'NONE',  ( 0.7071067811865512365, 4.937700262164505444E-15, -0.7071067811865439090 ) ) ;
#3035 = ORIENTED_EDGE ( 'NONE', *, *, #2229, .T. ) ;
#3036 = CARTESIAN_POINT ( 'NONE',  ( -34.22442097650978354, -16.22588904724826264, 50.78634723980657384 ) ) ;
#3037 = CARTESIAN_POINT ( 'NONE',  ( -6.250000000000005329, -22.61109270742309718, 31.31192626329676187 ) ) ;
#3038 = EDGE_CURVE ( 'NONE', #2889, #1040, #972, .T. ) ;
#3039 = VERTEX_POINT ( 'NONE', #610 ) ;
#3040 = CARTESIAN_POINT ( 'NONE',  ( -26.77422700074707151, -23.59673722566946452, 16.89371742609388605 ) ) ;
#3041 = CARTESIAN_POINT ( 'NONE',  ( -6.250000000000005329, -19.61109270742308297, 29.21192626329678532 ) ) ;
#3042 = EDGE_CURVE ( 'NONE', #2454, #2655, #1159, .T. ) ;
#3043 = EDGE_CURVE ( 'NONE', #764, #2692, #2857, .T. ) ;
#3044 = VERTEX_POINT ( 'NONE', #64 ) ;
#3045 = CARTESIAN_POINT ( 'NONE',  ( -19.74241979669015024, -22.61109270742313626, 37.37821671451755634 ) ) ;
#3046 = VECTOR ( 'NONE', #18, 1000.000000000000114 ) ;
#3047 = DIRECTION ( 'NONE',  ( 0.000000000000000000, 6.608470384673547868E-15, -1.000000000000000000 ) ) ;
#3048 = VERTEX_POINT ( 'NONE', #2675 ) ;
#3049 = DIRECTION ( 'NONE',  ( -0.5000000000000028866, -0.7071067811865441310, -0.5000000000000021094 ) ) ;
#3050 = VERTEX_POINT ( 'NONE', #2062 ) ;
#3051 = FACE_OUTER_BOUND ( 'NONE', #2068, .T. ) ;
#3052 = DIRECTION ( 'NONE',  ( 0.000000000000000000, 1.000000000000000000, 6.982962677686267499E-15 ) ) ;
#3053 = AXIS2_PLACEMENT_3D ( 'NONE', #2998, #768, #1893 ) ;
#3054 = EDGE_LOOP ( 'NONE', ( #124, #532, #3604, #3323 ) ) ;
#3055 = CARTESIAN_POINT ( 'NONE',  ( -27.38855314062280755, -23.30412258706851603, 17.55098446730765716 ) ) ;
#3056 = CARTESIAN_POINT ( 'NONE',  ( -25.23331308931922123, -24.31230945674083799, -6.237640654682338415 ) ) ;
#3057 = VECTOR ( 'NONE', #1608, 1000.000000000000000 ) ;
#3058 = EDGE_LOOP ( 'NONE', ( #2037, #1995, #870 ) ) ;
#3059 = ORIENTED_EDGE ( 'NONE', *, *, #1788, .T. ) ;
#3060 = DIRECTION ( 'NONE',  ( -0.000000000000000000, 1.000000000000000000, 6.982962677686266711E-15 ) ) ;
#3061 = CARTESIAN_POINT ( 'NONE',  ( -12.52844645451904171, -24.59259133512784601, 24.74541367405140591 ) ) ;
#3062 = ADVANCED_FACE ( 'NONE', ( #2382 ), #1869, .F. ) ;
#3063 = DIRECTION ( 'NONE',  ( 0.6546536707079814166, -0.3779644730092195370, -0.6546536707079773088 ) ) ;
#3064 = CARTESIAN_POINT ( 'NONE',  ( -42.81783724519573298, -21.61109270742306165, 26.37976350849240958 ) ) ;
#3065 = ORIENTED_EDGE ( 'NONE', *, *, #926, .F. ) ;
#3066 = CARTESIAN_POINT ( 'NONE',  ( -34.35914485358693327, -15.90063683586276788, 50.92107111688373067 ) ) ;
#3067 = FACE_OUTER_BOUND ( 'NONE', #1696, .T. ) ;
#3068 = ORIENTED_EDGE ( 'NONE', *, *, #58, .F. ) ;
#3069 = CARTESIAN_POINT ( 'NONE',  ( -38.77700118774377813, -22.37185365524197778, 21.27836133435408073 ) ) ;
#3070 = DIRECTION ( 'NONE',  ( 0.000000000000000000, -1.000000000000000000, -6.982962677686266711E-15 ) ) ;
#3071 = ORIENTED_EDGE ( 'NONE', *, *, #396, .F. ) ;
#3072 = CARTESIAN_POINT ( 'NONE',  ( -51.08578643762326976, -14.87726727984850150, 34.64771270092007427 ) ) ;
#3073 = EDGE_LOOP ( 'NONE', ( #1043, #1257, #2591, #2798, #2979, #3293, #2724, #2707, #1709, #3199, #3522, #2779, #192, #1895 ) ) ;
#3074 = LINE ( 'NONE', #235, #2816 ) ;
#3075 = DIRECTION ( 'NONE',  ( -0.6546536707079817496, 0.3779644730092208693, 0.6546536707079763096 ) ) ;
#3076 = CARTESIAN_POINT ( 'NONE',  ( -24.39820893904450472, -21.92962478265789628, 41.12130022699744103 ) ) ;
#3077 = VECTOR ( 'NONE', #2877, 1000.000000000000114 ) ;
#3078 = EDGE_CURVE ( 'NONE', #488, #1658, #3197, .T. ) ;
#3079 = ADVANCED_FACE ( 'NONE', ( #2695 ), #388, .T. ) ;
#3080 = ADVANCED_FACE ( 'NONE', ( #2139 ), #1290, .F. ) ;
#3081 = CARTESIAN_POINT ( 'NONE',  ( 0.000000000000000000, -8.611092707422878689, 0.06192626329686121839 ) ) ;
#3082 = ORIENTED_EDGE ( 'NONE', *, *, #2775, .T. ) ;
#3083 = CARTESIAN_POINT ( 'NONE',  ( -26.99999999999998224, -16.61109270742287691, 0.06192626329680570724 ) ) ;
#3084 = CARTESIAN_POINT ( 'NONE',  ( -20.63811920069781181, -22.42837485758358795, 38.46314224122975389 ) ) ;
#3085 = CARTESIAN_POINT ( 'NONE',  ( -41.83564721266281339, -21.78557401780558678, 25.34704999085050403 ) ) ;
#3086 = ORIENTED_EDGE ( 'NONE', *, *, #3525, .T. ) ;
#3087 = CARTESIAN_POINT ( 'NONE',  ( -49.50000000000000000, -8.611092707422878689, 0.06192626329686121839 ) ) ;
#3088 = CARTESIAN_POINT ( 'NONE',  ( -60.00000000000000000, 9.836468106949872947, 60.06192626329698925 ) ) ;
#3089 = CARTESIAN_POINT ( 'NONE',  ( -36.00443553619871295, -22.67056414058357205, 18.20371606530157393 ) ) ;
#3090 = VECTOR ( 'NONE', #2313, 1000.000000000000000 ) ;
#3091 = ORIENTED_EDGE ( 'NONE', *, *, #902, .F. ) ;
#3092 = CARTESIAN_POINT ( 'NONE',  ( -48.97722171636829103, -21.86929370514864601, 33.95336154203813805 ) ) ;
#3093 = ORIENTED_EDGE ( 'NONE', *, *, #1333, .T. ) ;
#3094 = CARTESIAN_POINT ( 'NONE',  ( -23.64254506843025894, -22.61109270742316468, 39.46361191854401085 ) ) ;
#3095 = CARTESIAN_POINT ( 'NONE',  ( 7.542893218813627065, -8.611092707422930204, 7.604819482110565687 ) ) ;
#3096 = DIRECTION ( 'NONE',  ( 0.7071067811865435759, 4.937700262164559875E-15, -0.7071067811865515695 ) ) ;
#3097 = AXIS2_PLACEMENT_3D ( 'NONE', #146, #2359, #3458 ) ;
#3098 = DIRECTION ( 'NONE',  ( 0.000000000000000000, 6.982962677686266711E-15, -1.000000000000000000 ) ) ;
#3099 = ORIENTED_EDGE ( 'NONE', *, *, #1291, .T. ) ;
#3100 = CARTESIAN_POINT ( 'NONE',  ( 0.000000000000000000, -17.61109270742286270, 0.06192626329679876834 ) ) ;
#3101 = DIRECTION ( 'NONE',  ( 0.4999999999999934497, 0.7071067811865497932, 0.5000000000000033307 ) ) ;
#3102 = CARTESIAN_POINT ( 'NONE',  ( -35.50000000000001421, -16.61109270742312916, 35.56192626329681872 ) ) ;
#3104 = ADVANCED_FACE ( 'NONE', ( #978 ), #430, .F. ) ;
#3103 = VECTOR ( 'NONE', #1080, 1000.000000000000000 ) ;
#3105 = ORIENTED_EDGE ( 'NONE', *, *, #1672, .T. ) ;
#3106 = CARTESIAN_POINT ( 'NONE',  ( -40.50000000000000711, -9.611092707423127379, 35.56192626329686135 ) ) ;
#3107 = LINE ( 'NONE', #3124, #3557 ) ;
#3108 = CARTESIAN_POINT ( 'NONE',  ( -39.24186535367665840, -22.04851946809545638, 20.65963594782894575 ) ) ;
#3109 = ORIENTED_EDGE ( 'NONE', *, *, #1769, .T. ) ;
#3110 = CARTESIAN_POINT ( 'NONE',  ( -39.13674263301954426, -22.30895375192604391, 21.81256018292168619 ) ) ;
#3111 = DIRECTION ( 'NONE',  ( -0.7071067811865474617, 4.937700262164531476E-15, -0.7071067811865474617 ) ) ;
#3112 = CARTESIAN_POINT ( 'NONE',  ( -1.249000902703301108E-13, -24.20638742660694476, 26.96265163112726526 ) ) ;
#3113 = CARTESIAN_POINT ( 'NONE',  ( -25.38282530580054441, -24.98769861731929964, 9.428877126423778066 ) ) ;
#3114 = CIRCLE ( 'NONE', #1645, 3.000000000000002665 ) ;
#3115 = ORIENTED_EDGE ( 'NONE', *, *, #2667, .F. ) ;
#3116 = CARTESIAN_POINT ( 'NONE',  ( -16.66718705139369305, -23.75559066197938662, 27.83844151501074649 ) ) ;
#3117 = CARTESIAN_POINT ( 'NONE',  ( -9.519174207655504816, -22.61109270742308652, 30.06192626329676187 ) ) ;
#3118 = ORIENTED_EDGE ( 'NONE', *, *, #2378, .T. ) ;
#3119 = EDGE_CURVE ( 'NONE', #488, #741, #3499, .T. ) ;
#3120 = DIRECTION ( 'NONE',  ( -0.5000000000000026645, -0.7071067811865437980, -0.5000000000000026645 ) ) ;
#3121 = CARTESIAN_POINT ( 'NONE',  ( -42.50621403027807332, -21.66506743152858405, 26.06814029357474283 ) ) ;
#3122 = EDGE_LOOP ( 'NONE', ( #917, #3488, #960, #3208 ) ) ;
#3123 = CARTESIAN_POINT ( 'NONE',  ( -27.38855314062280755, -23.30412258706851603, 17.55098446730765716 ) ) ;
#3124 = CARTESIAN_POINT ( 'NONE',  ( -26.00000000000000355, -8.611092707422878689, 0.06192626329686121839 ) ) ;
#3125 = DIRECTION ( 'NONE',  ( 0.4999999999999989453, -0.7071067811865526798, 0.4999999999999940048 ) ) ;
#3126 = B_SPLINE_CURVE_WITH_KNOTS ( 'NONE', 3,
 ( #2844, #2584, #322, #2029 ),
 .UNSPECIFIED., .F., .F.,
 ( 4, 4 ),
 ( 0.000000000000000000, 1.000000000000000000 ),
 .UNSPECIFIED. ) ;
#3127 = ADVANCED_FACE ( 'NONE', ( #2400 ), #2417, .F. ) ;
#3128 = ADVANCED_FACE ( 'NONE', ( #2970 ), #407, .F. ) ;
#3129 = VERTEX_POINT ( 'NONE', #682 ) ;
#3130 = CARTESIAN_POINT ( 'NONE',  ( -49.08578643762689353, -17.99229055390609844, 32.64771270092365540 ) ) ;
#3131 = DIRECTION ( 'NONE',  ( -1.000000000000000000, 0.000000000000000000, -0.000000000000000000 ) ) ;
#3132 = CARTESIAN_POINT ( 'NONE',  ( -50.50000000000000000, -9.611092707423111392, 33.23349913855065552 ) ) ;
#3133 = CARTESIAN_POINT ( 'NONE',  ( -25.51571206089606392, -24.91929759972215663, 8.597717730974661521 ) ) ;
#3134 = CIRCLE ( 'NONE', #2735, 1.999999999999997780 ) ;
#3135 = ORIENTED_EDGE ( 'NONE', *, *, #3299, .T. ) ;
#3136 = VECTOR ( 'NONE', #1497, 999.9999999999998863 ) ;
#3137 = CARTESIAN_POINT ( 'NONE',  ( -6.250000000000005329, -26.39144727796466583, 31.31192626329673701 ) ) ;
#3138 = VERTEX_POINT ( 'NONE', #3234 ) ;
#3139 = CARTESIAN_POINT ( 'NONE',  ( -18.87660267042492634, -22.55366394717248824, 37.34915898632741005 ) ) ;
#3140 = CARTESIAN_POINT ( 'NONE',  ( -41.46509344113031403, -21.85397381093544666, 24.92795726976470050 ) ) ;
#3141 = ADVANCED_FACE ( 'NONE', ( #468 ), #723, .F. ) ;
#3142 = EDGE_LOOP ( 'NONE', ( #1976, #574, #1922, #2337 ) ) ;
#3143 = CARTESIAN_POINT ( 'NONE',  ( -30.00000000000000000, -22.61109270742287691, 0.06192626329676407387 ) ) ;
#3144 = CARTESIAN_POINT ( 'NONE',  ( -25.21793638550912320, -24.33802632349070905, 14.30144538385662223 ) ) ;
#3145 = FACE_OUTER_BOUND ( 'NONE', #2628, .T. ) ;
#3146 = EDGE_CURVE ( 'NONE', #541, #2020, #3214, .T. ) ;
#3147 = ORIENTED_EDGE ( 'NONE', *, *, #3408, .T. ) ;
#3148 = DIRECTION ( 'NONE',  ( 1.000000000000000000, 0.000000000000000000, 0.000000000000000000 ) ) ;
#3149 = PLANE ( 'NONE',  #1221 ) ;
#3150 = CARTESIAN_POINT ( 'NONE',  ( -1.180696165836714329E-13, -23.90634406542073975, 26.06192626329675832 ) ) ;
#3151 = DIRECTION ( 'NONE',  ( 0.000000000000000000, 1.000000000000000000, 6.982962677686266711E-15 ) ) ;
#3152 = ADVANCED_FACE ( 'NONE', ( #1593 ), #2712, .T. ) ;
#3153 = CIRCLE ( 'NONE', #464, 1.000000000000000888 ) ;
#3154 = EDGE_CURVE ( 'NONE', #1367, #2902, #606, .T. ) ;
#3155 = ORIENTED_EDGE ( 'NONE', *, *, #1174, .T. ) ;
#3156 = CARTESIAN_POINT ( 'NONE',  ( -16.96135604089246840, -23.60416594825479208, 28.13262337889247888 ) ) ;
#3157 = DIRECTION ( 'NONE',  ( 0.7071067811865492381, 2.255140518769849617E-15, -0.7071067811865457964 ) ) ;
#3158 = VECTOR ( 'NONE', #3476, 1000.000000000000000 ) ;
#3159 = DIRECTION ( 'NONE',  ( 0.000000000000000000, -1.000000000000000000, -6.982962677686266711E-15 ) ) ;
#3160 = ORIENTED_EDGE ( 'NONE', *, *, #3612, .T. ) ;
#3161 = CARTESIAN_POINT ( 'NONE',  ( -4.116854970878824460, -24.07898420510695203, 25.73588571764506838 ) ) ;
#3162 = DIRECTION ( 'NONE',  ( -0.4999999999999952260, 0.7071067811865473507, 0.5000000000000051070 ) ) ;
#3163 = CIRCLE ( 'NONE', #1592, 9.000000000000030198 ) ;
#3164 = ORIENTED_EDGE ( 'NONE', *, *, #1674, .F. ) ;
#3165 = DIRECTION ( 'NONE',  ( 0.000000000000000000, -8.673617379884033894E-15, 1.000000000000000000 ) ) ;
#3166 = CARTESIAN_POINT ( 'NONE',  ( -18.68629150101549286, -22.61109270742308652, 30.06192626329676187 ) ) ;
#3167 = DIRECTION ( 'NONE',  ( 0.7071067811865434649, 5.046468293750709037E-15, -0.7071067811865515695 ) ) ;
#3168 = ORIENTED_EDGE ( 'NONE', *, *, #1542, .T. ) ;
#3169 = CARTESIAN_POINT ( 'NONE',  ( -39.04885081095416410, -22.61109270742304034, 23.11531198278285615 ) ) ;
#3170 = CYLINDRICAL_SURFACE ( 'NONE', #1045, 10.00000000000000000 ) ;
#3171 = LINE ( 'NONE', #910, #2759 ) ;
#3172 = B_SPLINE_CURVE_WITH_KNOTS ( 'NONE', 1,
 ( #1977, #1109 ),
 .UNSPECIFIED., .F., .F.,
 ( 2, 2 ),
 ( 0.000000000000000000, 1.000000000000000000 ),
 .UNSPECIFIED. ) ;
#3173 = ORIENTED_EDGE ( 'NONE', *, *, #1474, .T. ) ;
#3174 = AXIS2_PLACEMENT_3D ( 'NONE', #943, #1422, #2582 ) ;
#3175 = DIRECTION ( 'NONE',  ( 0.7071067811865475727, 4.857225732735058287E-15, -0.7071067811865475727 ) ) ;
#3176 = EDGE_CURVE ( 'NONE', #1658, #1433, #2364, .T. ) ;
#3177 = CONICAL_SURFACE ( 'NONE', #1359, 10.99999999999999112, 0.7853981633974552734 ) ;
#3178 = LINE ( 'NONE', #2575, #2478 ) ;
#3179 = ORIENTED_EDGE ( 'NONE', *, *, #2425, .F. ) ;
#3180 = CARTESIAN_POINT ( 'NONE',  ( -9.519174207655504816, -22.61109270742308652, 30.06192626329676187 ) ) ;
#3181 = ORIENTED_EDGE ( 'NONE', *, *, #2594, .T. ) ;
#3182 = CONICAL_SURFACE ( 'NONE', #137, 1.000000000000000888, 0.7853981633974447263 ) ;
#3183 = CARTESIAN_POINT ( 'NONE',  ( -50.50000000000000000, -14.52818893876834494, 33.23349913855061999 ) ) ;
#3184 = CARTESIAN_POINT ( 'NONE',  ( -36.70386247717140549, -22.58885045445170192, 17.99401697627793695 ) ) ;
#3185 = CARTESIAN_POINT ( 'NONE',  ( -65.42157287525373022, -8.611092707423239290, 51.81192626329693951 ) ) ;
#3186 = ORIENTED_EDGE ( 'NONE', *, *, #2035, .F. ) ;
#3187 = DIRECTION ( 'NONE',  ( 0.6546536707079814166, -0.3779644730092194260, -0.6546536707079773088 ) ) ;
#3188 = LINE ( 'NONE', #1745, #2634 ) ;
#3189 = DIRECTION ( 'NONE',  ( 0.000000000000000000, -1.000000000000000000, -6.982962677686266711E-15 ) ) ;
#3190 = EDGE_LOOP ( 'NONE', ( #617, #2984, #2050, #2166, #3109, #2110, #2041, #2341, #196 ) ) ;
#3191 = CARTESIAN_POINT ( 'NONE',  ( -60.00000000000000000, -15.61109270742329791, 60.06192626329681161 ) ) ;
#3192 = DIRECTION ( 'NONE',  ( 0.000000000000000000, -6.938893903907222067E-15, 1.000000000000000000 ) ) ;
#3193 = VECTOR ( 'NONE', #2757, 1000.000000000000000 ) ;
#3194 = EDGE_CURVE ( 'NONE', #663, #2145, #3463, .T. ) ;
#3195 = CARTESIAN_POINT ( 'NONE',  ( -34.36939806251812257, -16.96252190214552513, 50.93132432581491997 ) ) ;
#3196 = ORIENTED_EDGE ( 'NONE', *, *, #2986, .T. ) ;
#3197 = LINE ( 'NONE', #154, #2267 ) ;
#3198 = EDGE_CURVE ( 'NONE', #268, #2509, #2834, .T. ) ;
#3199 = ORIENTED_EDGE ( 'NONE', *, *, #2275, .F. ) ;
#3200 = VECTOR ( 'NONE', #3125, 999.9999999999998863 ) ;
#3201 = LINE ( 'NONE', #999, #70 ) ;
#3202 = CARTESIAN_POINT ( 'NONE',  ( -36.48149845930212365, -22.59883344303705854, 17.63256081507362083 ) ) ;
#3203 = DIRECTION ( 'NONE',  ( 0.000000000000000000, 0.7071067811865439090, 0.7071067811865512365 ) ) ;
#3204 = EDGE_LOOP ( 'NONE', ( #1414, #342 ) ) ;
#3205 = CARTESIAN_POINT ( 'NONE',  ( -37.57903900322227742, -22.61109270742301902, 20.34653778087435683 ) ) ;
#3206 = CARTESIAN_POINT ( 'NONE',  ( -38.85855909820824650, -22.61109270742304034, 22.79978835405846382 ) ) ;
#3207 = DIRECTION ( 'NONE',  ( 0.000000000000000000, -1.000000000000000000, -6.982962677686266711E-15 ) ) ;
#3208 = ORIENTED_EDGE ( 'NONE', *, *, #1085, .F. ) ;
#3209 = CARTESIAN_POINT ( 'NONE',  ( -10.41799039214576261, -16.61109270742312205, 34.52154721578493479 ) ) ;
#3210 = CARTESIAN_POINT ( 'NONE',  ( -26.90072536783049983, -24.20638742660676712, 0.06192626329672244051 ) ) ;
#3211 = CIRCLE ( 'NONE', #695, 1.000000000000000888 ) ;
#3212 = FACE_OUTER_BOUND ( 'NONE', #2398, .T. ) ;
#3213 = ORIENTED_EDGE ( 'NONE', *, *, #1840, .T. ) ;
#3214 = LINE ( 'NONE', #2656, #157 ) ;
#3215 = ORIENTED_EDGE ( 'NONE', *, *, #1839, .F. ) ;
#3216 = CARTESIAN_POINT ( 'NONE',  ( -23.67046212963566276, -22.04176429302006568, 40.55424692859569546 ) ) ;
#3217 = CARTESIAN_POINT ( 'NONE',  ( -10.41799039214576261, -16.61109270742312205, 34.52154721578493479 ) ) ;
#3218 = CARTESIAN_POINT ( 'NONE',  ( -65.42157287525373022, -9.611092707423239290, 51.81192626329693240 ) ) ;
#3219 = DIRECTION ( 'NONE',  ( 0.000000000000000000, -6.938893903907222067E-15, 1.000000000000000000 ) ) ;
#3220 = EDGE_CURVE ( 'NONE', #1870, #428, #1610, .T. ) ;
#3221 = AXIS2_PLACEMENT_3D ( 'NONE', #2108, #2072, #1246 ) ;
#3222 = EDGE_LOOP ( 'NONE', ( #654, #2090, #2213 ) ) ;
#3223 = CARTESIAN_POINT ( 'NONE',  ( -37.64451302493758789, -22.61109270742301902, 20.47999228998537546 ) ) ;
#3224 = CARTESIAN_POINT ( 'NONE',  ( -37.87974221679063902, -22.61109270742302613, 20.96123687682872827 ) ) ;
#3225 = DIRECTION ( 'NONE',  ( -0.7071067811865474617, -0.7071067811865474617, -4.937700262164531476E-15 ) ) ;
#3226 = ORIENTED_EDGE ( 'NONE', *, *, #1335, .F. ) ;
#3227 = MANIFOLD_SOLID_BREP ( '\X2\5b9e4f53\X0\-\X2\79fb52a8\X0\/\X2\590d5236\X0\5', #757 ) ;
#3228 = FACE_OUTER_BOUND ( 'NONE', #631, .T. ) ;
#3229 = FACE_OUTER_BOUND ( 'NONE', #569, .T. ) ;
#3230 = ADVANCED_FACE ( 'NONE', ( #1310, #3273 ), #3008, .T. ) ;
#3231 = CARTESIAN_POINT ( 'NONE',  ( -21.79210718591174611, -22.30408298341611584, 39.22658137354853380 ) ) ;
#3232 = EDGE_LOOP ( 'NONE', ( #2451, #1685, #3007, #1853 ) ) ;
#3233 = CARTESIAN_POINT ( 'NONE',  ( 0.000000000000000000, 0.000000000000000000, 0.000000000000000000 ) ) ;
#3234 = CARTESIAN_POINT ( 'NONE',  ( -31.25000000000000000, -22.61109270742289823, 2.811926263296761874 ) ) ;
#3235 = AXIS2_PLACEMENT_3D ( 'NONE', #2708, #754, #2394 ) ;
#3236 = EDGE_LOOP ( 'NONE', ( #647, #896, #964, #3279 ) ) ;
#3237 = CARTESIAN_POINT ( 'NONE',  ( -25.60852510762705236, -21.73185459401507202, 42.19461697813099477 ) ) ;
#3238 = CARTESIAN_POINT ( 'NONE',  ( -37.71977084787236834, -22.50943699532901832, 19.62758813296426297 ) ) ;
#3239 = CARTESIAN_POINT ( 'NONE',  ( -33.17157287525381548, -15.26023974633734426, 50.56192626329680451 ) ) ;
#3240 = PLANE ( 'NONE',  #3024 ) ;
#3241 = VERTEX_POINT ( 'NONE', #2252 ) ;
#3242 = DIRECTION ( 'NONE',  ( 0.7071067811865474617, -4.937700262164531476E-15, 0.7071067811865474617 ) ) ;
#3243 = CARTESIAN_POINT ( 'NONE',  ( -15.70365569513654513, -24.16906181375803087, 27.03516633555236481 ) ) ;
#3244 = FACE_OUTER_BOUND ( 'NONE', #1743, .T. ) ;
#3245 = EDGE_CURVE ( 'NONE', #899, #3044, #1680, .T. ) ;
#3246 = EDGE_CURVE ( 'NONE', #3592, #2044, #69, .T. ) ;
#3247 = ORIENTED_EDGE ( 'NONE', *, *, #954, .F. ) ;
#3248 = CARTESIAN_POINT ( 'NONE',  ( -51.75000000000007816, -9.611092707423349424, 67.48349913855055604 ) ) ;
#3249 = FACE_OUTER_BOUND ( 'NONE', #106, .T. ) ;
#3250 = DIRECTION ( 'NONE',  ( 0.7071067811865474617, -4.937700262164531476E-15, 0.7071067811865474617 ) ) ;
#3251 = ORIENTED_EDGE ( 'NONE', *, *, #1793, .F. ) ;
#3252 = DIRECTION ( 'NONE',  ( 0.6889822365046036623, 0.6546536707079902984, 0.3110177634953807946 ) ) ;
#3253 = ORIENTED_EDGE ( 'NONE', *, *, #1542, .F. ) ;
#3254 = CARTESIAN_POINT ( 'NONE',  ( -25.16439034152909571, -21.80541927469592522, 41.78916350826062853 ) ) ;
#3255 = CARTESIAN_POINT ( 'NONE',  ( -38.01788652721071315, -22.47514624256162463, 20.09803905006366165 ) ) ;
#3256 = LINE ( 'NONE', #2643, #2089 ) ;
#3257 = CARTESIAN_POINT ( 'NONE',  ( -30.28074744174244159, -22.46658311586010015, 19.23333263033542906 ) ) ;
#3258 = EDGE_CURVE ( 'NONE', #2297, #1707, #653, .T. ) ;
#3259 = VECTOR ( 'NONE', #1185, 1000.000000000000000 ) ;
#3260 = ORIENTED_EDGE ( 'NONE', *, *, #3608, .F. ) ;
#3261 = DIRECTION ( 'NONE',  ( 0.000000000000000000, -1.000000000000000000, -6.982962677686266711E-15 ) ) ;
#3262 = B_SPLINE_CURVE_WITH_KNOTS ( 'NONE', 1,
 ( #1772, #977 ),
 .UNSPECIFIED., .F., .F.,
 ( 2, 2 ),
 ( 0.000000000000000000, 1.000000000000000000 ),
 .UNSPECIFIED. ) ;
#3263 = CARTESIAN_POINT ( 'NONE',  ( -22.49208095094241955, -21.27134674526755020, 40.88243433898548318 ) ) ;
#3264 = CARTESIAN_POINT ( 'NONE',  ( -59.47247185901921540, -16.61109270742318955, 44.44861168468921875 ) ) ;
#3265 = AXIS2_PLACEMENT_3D ( 'NONE', #260, #1950, #552 ) ;
#3266 = ADVANCED_FACE ( 'NONE', ( #1164 ), #2512, .F. ) ;
#3267 = ORIENTED_EDGE ( 'NONE', *, *, #359, .F. ) ;
#3268 = CARTESIAN_POINT ( 'NONE',  ( -20.10050506338809484, -22.61109270742308652, 30.06192626329676187 ) ) ;
#3269 = EDGE_CURVE ( 'NONE', #2902, #2692, #3482, .T. ) ;
#3270 = EDGE_CURVE ( 'NONE', #2180, #1508, #2915, .T. ) ;
#3271 = DIRECTION ( 'NONE',  ( -0.000000000000000000, -1.000000000000000000, -6.982962677686266711E-15 ) ) ;
#3272 = CARTESIAN_POINT ( 'NONE',  ( -51.75000000000007816, -16.61109270742333521, 65.48349913855051341 ) ) ;
#3273 = FACE_BOUND ( 'NONE', #2081, .T. ) ;
#3274 = VECTOR ( 'NONE', #732, 1000.000000000000000 ) ;
#3275 = ORIENTED_EDGE ( 'NONE', *, *, #1962, .T. ) ;
#3276 = CARTESIAN_POINT ( 'NONE',  ( -6.299566917979287695, -24.31230945674103694, 25.29523935261591916 ) ) ;
#3277 = CARTESIAN_POINT ( 'NONE',  ( -6.250000000000005329, -16.61109270742309718, 31.31192626329680451 ) ) ;
#3278 = AXIS2_PLACEMENT_3D ( 'NONE', #1264, #3491, #988 ) ;
#3279 = ORIENTED_EDGE ( 'NONE', *, *, #1944, .T. ) ;
#3280 = CARTESIAN_POINT ( 'NONE',  ( -22.54896437380580920, -22.54497099032072427, 39.52233835949223817 ) ) ;
#3281 = LINE ( 'NONE', #1906, #1342 ) ;
#3282 = VECTOR ( 'NONE', #480, 1000.000000000000000 ) ;
#3283 = ORIENTED_EDGE ( 'NONE', *, *, #1429, .T. ) ;
#3284 = CARTESIAN_POINT ( 'NONE',  ( -19.20745767662809911, -22.61109270742313981, 37.12485860756419243 ) ) ;
#3285 = DIRECTION ( 'NONE',  ( 0.000000000000000000, -6.982962677686266711E-15, 1.000000000000000000 ) ) ;
#3286 = CIRCLE ( 'NONE', #2468, 2.000000000000001776 ) ;
#3287 = FACE_OUTER_BOUND ( 'NONE', #3479, .T. ) ;
#3288 = APPROVAL_ROLE ( '' ) ;
#3289 = EDGE_CURVE ( 'NONE', #2871, #2655, #903, .T. ) ;
#3290 = VERTEX_POINT ( 'NONE', #2863 ) ;
#3291 = CARTESIAN_POINT ( 'NONE',  ( 5.203251329534634984, -24.46521778518152246, 26.45980638584503808 ) ) ;
#3292 = LINE ( 'NONE', #280, #2260 ) ;
#3293 = ORIENTED_EDGE ( 'NONE', *, *, #2595, .T. ) ;
#3294 = CARTESIAN_POINT ( 'NONE',  ( -27.07064642102399077, -23.45554730079311057, 17.23309166037088858 ) ) ;
#3295 = CARTESIAN_POINT ( 'NONE',  ( -25.75629717926289075, -24.79546082680070995, -7.678143878696460867 ) ) ;
#3296 = ORIENTED_EDGE ( 'NONE', *, *, #16, .T. ) ;
#3297 = DIRECTION ( 'NONE',  ( -0.7071067811865515695, -4.937700262164502288E-15, 0.7071067811865435759 ) ) ;
#3298 = DIRECTION ( 'NONE',  ( 0.000000000000000000, -6.938893903907222067E-15, 1.000000000000000000 ) ) ;
#3299 = EDGE_CURVE ( 'NONE', #1715, #1795, #1560, .T. ) ;
#3300 = LINE ( 'NONE', #2500, #1464 ) ;
#3301 = EDGE_CURVE ( 'NONE', #3025, #1561, #3126, .T. ) ;
#3302 = ORIENTED_EDGE ( 'NONE', *, *, #478, .T. ) ;
#3303 = CARTESIAN_POINT ( 'NONE',  ( -32.58578643762686511, -17.99229055390621923, 49.14771270092366251 ) ) ;
#3304 = CARTESIAN_POINT ( 'NONE',  ( -24.88750402124151151, -17.61109270742291244, 7.586030435401798222 ) ) ;
#3305 = ADVANCED_FACE ( 'NONE', ( #3145 ), #634, .T. ) ;
#3306 = ORIENTED_EDGE ( 'NONE', *, *, #2058, .T. ) ;
#3307 = FACE_OUTER_BOUND ( 'NONE', #687, .T. ) ;
#3308 = CARTESIAN_POINT ( 'NONE',  ( -26.70878387360417605, -24.30518578702088917, -3.202854959555113012 ) ) ;
#3309 = ORIENTED_EDGE ( 'NONE', *, *, #330, .F. ) ;
#3310 = DIRECTION ( 'NONE',  ( 0.000000000000000000, 1.000000000000000000, 6.982962677686266711E-15 ) ) ;
#3311 = VECTOR ( 'NONE', #412, 1000.000000000000000 ) ;
#3312 = B_SPLINE_CURVE_WITH_KNOTS ( 'NONE', 3,
 ( #1721, #1974, #1739, #3411, #1163, #1423, #576, #832, #2028, #1459, #867, #286, #2290, #1954, #2545, #1992, #340, #3395, #28, #3340, #3144, #597, #2251, #2843, #887, #2862, #633, #901, #3360, #321, #9, #2603, #1144, #1125, #1440, #2565, #48, #2583 ),
 .UNSPECIFIED., .F., .F.,
 ( 4, 2, 1, 2, 2, 2, 1, 2, 2, 2, 2, 2, 2, 2, 2, 2, 2, 2, 2, 4 ),
 ( 0.000000000000000000, 0.06249999999999657219, 0.09374999999999482359, 0.1093749999999942824, 0.1249999999999937550, 0.1874999999999919786, 0.2187499999999911182, 0.2343749999999910349, 0.2499999999999909517, 0.3124999999999907296, 0.3437499999999907851, 0.3749999999999908407, 0.4374999999999916733, 0.4687499999999920619, 0.4999999999999924505, 0.6249999999999945599, 0.7499999999999966693, 0.8124999999999975575, 0.8749999999999983347, 1.000000000000000000 ),
 .UNSPECIFIED. ) ;
#3313 = CARTESIAN_POINT ( 'NONE',  ( -23.91461716050789477, -22.00509239264924943, 40.73346710666186254 ) ) ;
#3314 = FACE_OUTER_BOUND ( 'NONE', #66, .T. ) ;
#3315 = ORIENTED_EDGE ( 'NONE', *, *, #218, .F. ) ;
#3316 = CARTESIAN_POINT ( 'NONE',  ( -32.94493129121384101, -15.21441288731532460, 50.44860547127694872 ) ) ;
#3317 = CARTESIAN_POINT ( 'NONE',  ( -40.32886667852283580, -22.07519432256080094, 23.50975022654274582 ) ) ;
#3318 = ORIENTED_EDGE ( 'NONE', *, *, #1013, .T. ) ;
#3319 = FACE_OUTER_BOUND ( 'NONE', #2408, .T. ) ;
#3320 = CARTESIAN_POINT ( 'NONE',  ( -26.90072536783049983, -24.20638742660676712, 0.06192626329672244051 ) ) ;
#3321 = EDGE_CURVE ( 'NONE', #628, #2474, #3471, .T. ) ;
#3322 = VECTOR ( 'NONE', #2376, 1000.000000000000000 ) ;
#3323 = ORIENTED_EDGE ( 'NONE', *, *, #760, .T. ) ;
#3324 = DIRECTION ( 'NONE',  ( -0.000000000000000000, -1.000000000000000000, -6.982962677686266711E-15 ) ) ;
#3325 = CARTESIAN_POINT ( 'NONE',  ( -5.656854249492349496, -22.61109270742283783, -5.594927986195652458 ) ) ;
#3326 = CARTESIAN_POINT ( 'NONE',  ( -40.50000000000000711, -16.61109270742312916, 35.56192626329681872 ) ) ;
#3327 = CONICAL_SURFACE ( 'NONE', #994, 1.000000000000000888, 0.7853981633974471688 ) ;
#3328 = PLANE ( 'NONE',  #1106 ) ;
#3329 = CARTESIAN_POINT ( 'NONE',  ( -7.524104172105266386, -24.49541746561473587, 24.94943028453818101 ) ) ;
#3330 = EDGE_CURVE ( 'NONE', #1584, #3447, #2324, .T. ) ;
#3331 = LOCAL_TIME ( 15, 29, 14.00000000000000000, #387 ) ;
#3332 = CARTESIAN_POINT ( 'NONE',  ( -36.26753424752634913, -22.61109270742299771, 17.54254946062778231 ) ) ;
#3333 = ORIENTED_EDGE ( 'NONE', *, *, #2099, .F. ) ;
#3334 = CARTESIAN_POINT ( 'NONE',  ( -33.79279938559078289, -15.49109870312956971, 50.35472564888758740 ) ) ;
#3335 = DIRECTION ( 'NONE',  ( 0.000000000000000000, -6.982962677686266711E-15, 1.000000000000000000 ) ) ;
#3336 = CARTESIAN_POINT ( 'NONE',  ( -28.60867272699264063, -17.58050514970229017, 38.57009392690071792 ) ) ;
#3337 = AXIS2_PLACEMENT_3D ( 'NONE', #2347, #1183, #575 ) ;
#3338 = ORIENTED_EDGE ( 'NONE', *, *, #82, .T. ) ;
#3339 = CARTESIAN_POINT ( 'NONE',  ( -37.28723272303066238, -22.55366394717235679, 18.93852893372165269 ) ) ;
#3340 = CARTESIAN_POINT ( 'NONE',  ( -25.26034214333106931, -24.31782605592301394, 14.40238610169992306 ) ) ;
#3341 = VECTOR ( 'NONE', #877, 1000.000000000000000 ) ;
#3342 = EDGE_CURVE ( 'NONE', #2767, #851, #2566, .T. ) ;
#3343 =( BOUNDED_SURFACE ( )  B_SPLINE_SURFACE ( 3, 2, ( 
 ( #3263, #2981, #751 ),
 ( #1540, #2685, #3280 ),
 ( #2961, #1602, #2722 ),
 ( #460, #2943, #2147 ),
 ( #1281, #1877, #1581 ),
 ( #987, #2410, #1041 ) ),
 .UNSPECIFIED., .F., .F., .T. ) 
 B_SPLINE_SURFACE_WITH_KNOTS ( ( 4, 2, 4 ),
 ( 3, 3 ),
 ( 4.188790204786391413, 4.452160388912335343, 4.715530573038279272 ),
 ( 0.000000000000000000, 0.5664227210736653140 ),
 .UNSPECIFIED. ) 
 GEOMETRIC_REPRESENTATION_ITEM ( )  RATIONAL_B_SPLINE_SURFACE ( (
 ( 1.000000000000000000, 0.8995530801122485487, 0.9128969955970742678),
 ( 1.000000000000000000, 0.8903009442467340051, 0.9048739638114211559),
 ( 1.000000000000000000, 0.8800620539696895062, 0.8959952634403287597),
 ( 1.000000000000000000, 0.8579624558389578048, 0.8768314961945524733),
 ( 1.000000000000000000, 0.8461010978273677541, 0.8665458655324800308),
 ( 1.000000000000000000, 0.8336535120469126259, 0.8557518847886961266) ) ) 
 REPRESENTATION_ITEM ( '' )  SURFACE ( )  );
#3344 = ADVANCED_FACE ( 'NONE', ( #2349 ), #2386, .F. ) ;
#3345 = ORIENTED_EDGE ( 'NONE', *, *, #2626, .T. ) ;
#3346 = CARTESIAN_POINT ( 'NONE',  ( -24.58578643762667681, -21.61109270742316824, 41.14771270092353461 ) ) ;
#3347 = LINE ( 'NONE', #14, #864 ) ;
#3348 = CARTESIAN_POINT ( 'NONE',  ( 0.000000000000000000, -15.68288947714771631, 50.56192626329681161 ) ) ;
#3349 = CARTESIAN_POINT ( 'NONE',  ( -17.00871882012717862, -23.52165598288309312, 26.99376588426280676 ) ) ;
#3350 = ADVANCED_FACE ( 'NONE', ( #1278 ), #103, .T. ) ;
#3351 = CARTESIAN_POINT ( 'NONE',  ( -50.50000000000000000, -8.611092707423109616, 33.23349913855066262 ) ) ;
#3352 = CARTESIAN_POINT ( 'NONE',  ( -18.82755038388230062, -22.55276900295982401, 37.31974184895069868 ) ) ;
#3353 = CARTESIAN_POINT ( 'NONE',  ( -26.55353950559116427, -21.94442604075650749, 42.64406124809697474 ) ) ;
#3354 = VERTEX_POINT ( 'NONE', #3450 ) ;
#3355 = CARTESIAN_POINT ( 'NONE',  ( -31.25000000000000000, -16.61109270742293376, 8.411926263296804152 ) ) ;
#3356 = CARTESIAN_POINT ( 'NONE',  ( -22.35121403370222737, -22.23826266207233004, 39.60308067744989557 ) ) ;
#3357 = CARTESIAN_POINT ( 'NONE',  ( -41.50000000000000711, -8.611092707423123827, 35.56192626329686846 ) ) ;
#3358 = VERTEX_POINT ( 'NONE', #727 ) ;
#3359 = CARTESIAN_POINT ( 'NONE',  ( -24.47318051310285725, -24.69276723754912339, 9.792073744816200076 ) ) ;
#3360 = CARTESIAN_POINT ( 'NONE',  ( -24.57105817822974814, -24.64614532652381840, 12.03517051031690777 ) ) ;
#3361 = DIRECTION ( 'NONE',  ( 0.000000000000000000, 6.982962677686266711E-15, -1.000000000000000000 ) ) ;
#3362 = ORIENTED_EDGE ( 'NONE', *, *, #2713, .T. ) ;
#3363 = CARTESIAN_POINT ( 'NONE',  ( -50.72442097650978354, -16.22588904724880976, 34.28634723980657384 ) ) ;
#3364 = DIRECTION ( 'NONE',  ( 0.000000000000000000, -6.938893903907222067E-15, 1.000000000000000000 ) ) ;
#3365 = CARTESIAN_POINT ( 'NONE',  ( -26.30025253169454658, -8.611092707423130932, 36.26167373160271268 ) ) ;
#3366 = CARTESIAN_POINT ( 'NONE',  ( -13.47495493691739732, -24.47186968419307718, 24.99885691493060236 ) ) ;
#3367 = AXIS2_PLACEMENT_3D ( 'NONE', #1808, #2097, #174 ) ;
#3368 = EDGE_CURVE ( 'NONE', #355, #1110, #3256, .T. ) ;
#3369 = VECTOR ( 'NONE', #2531, 1000.000000000000000 ) ;
#3370 = CARTESIAN_POINT ( 'NONE',  ( -26.78924176598667728, -22.27775937408983964, 42.40835898770145462 ) ) ;
#3371 = ORIENTED_EDGE ( 'NONE', *, *, #2357, .T. ) ;
#3372 = FACE_OUTER_BOUND ( 'NONE', #442, .T. ) ;
#3373 = CARTESIAN_POINT ( 'NONE',  ( -0.6357888145965897575, -23.90634342520194977, 26.06192626329675122 ) ) ;
#3374 = CARTESIAN_POINT ( 'NONE',  ( -40.70333279293570428, -21.99995436576881147, 24.00400241674642032 ) ) ;
#3375 = ORIENTED_EDGE ( 'NONE', *, *, #1509, .T. ) ;
#3376 = LINE ( 'NONE', #3106, #1653 ) ;
#3377 = CARTESIAN_POINT ( 'NONE',  ( 0.000000000000000000, -9.611092707423161130, 40.56192626329686135 ) ) ;
#3378 = CARTESIAN_POINT ( 'NONE',  ( -10.41799039214576261, -8.611092707423116721, 34.52154721578499164 ) ) ;
#3379 = VECTOR ( 'NONE', #1667, 1000.000000000000000 ) ;
#3380 = VERTEX_POINT ( 'NONE', #394 ) ;
#3381 = LINE ( 'NONE', #1997, #3090 ) ;
#3382 = LINE ( 'NONE', #1727, #2644 ) ;
#3383 = CARTESIAN_POINT ( 'NONE',  ( -14.83941220458037691, -24.21123204277562024, 25.54604728482283349 ) ) ;
#3384 = ORIENTED_EDGE ( 'NONE', *, *, #2117, .F. ) ;
#3385 = CARTESIAN_POINT ( 'NONE',  ( -26.30025253169454658, -21.61109270742313271, 36.26167373160262031 ) ) ;
#3386 = AXIS2_PLACEMENT_3D ( 'NONE', #1007, #2088, #1582 ) ;
#3387 = EDGE_CURVE ( 'NONE', #1870, #1033, #1864, .T. ) ;
#3388 = EDGE_CURVE ( 'NONE', #1033, #50, #798, .T. ) ;
#3389 = CARTESIAN_POINT ( 'NONE',  ( -26.43750000000000355, -24.44482418062068874, 8.218944551095788142 ) ) ;
#3390 = VERTEX_POINT ( 'NONE', #1873 ) ;
#3391 = DIRECTION ( 'NONE',  ( -0.7071067811865432429, 5.204170427930421283E-15, -0.7071067811865519026 ) ) ;
#3392 = CARTESIAN_POINT ( 'NONE',  ( -40.32886667852283580, -22.07519432256080094, 23.50975022654274582 ) ) ;
#3393 = VERTEX_POINT ( 'NONE', #434 ) ;
#3394 = DIRECTION ( 'NONE',  ( -0.000000000000000000, 0.7071067811865524577, -0.7071067811865426878 ) ) ;
#3395 = CARTESIAN_POINT ( 'NONE',  ( -25.39716067181763393, -24.25265356155633611, 14.70891726577988479 ) ) ;
#3396 = CARTESIAN_POINT ( 'NONE',  ( -66.83578643762683669, -8.611092707423228632, 50.39771270092386146 ) ) ;
#3397 = EDGE_LOOP ( 'NONE', ( #1275, #1609, #880, #989 ) ) ;
#3398 = FACE_OUTER_BOUND ( 'NONE', #1303, .T. ) ;
#3399 = CARTESIAN_POINT ( 'NONE',  ( -17.48905820401120437, -17.61109270742305100, 27.45047940391941310 ) ) ;
#3400 = CARTESIAN_POINT ( 'NONE',  ( -31.21882285961714132, -12.61109270742320021, 46.36653556054092462 ) ) ;
#3401 = CARTESIAN_POINT ( 'NONE',  ( -13.93963724656654080, -24.39477130692007023, 25.16072710705517679 ) ) ;
#3402 = CIRCLE ( 'NONE', #1607, 8.000000000000007105 ) ;
#3403 = ORIENTED_EDGE ( 'NONE', *, *, #677, .F. ) ;
#3404 = DIRECTION ( 'NONE',  ( 0.7071067811865435759, 4.937700262164559875E-15, -0.7071067811865515695 ) ) ;
#3405 = ORIENTED_EDGE ( 'NONE', *, *, #170, .T. ) ;
#3406 = CARTESIAN_POINT ( 'NONE',  ( -23.44782396324600882, -22.07519432256091463, 40.39079294181959057 ) ) ;
#3407 = DIRECTION ( 'NONE',  ( 1.000000000000000000, 0.000000000000000000, 0.000000000000000000 ) ) ;
#3408 = EDGE_CURVE ( 'NONE', #1904, #3492, #1553, .T. ) ;
#3409 = ORIENTED_EDGE ( 'NONE', *, *, #37, .F. ) ;
#3410 = CARTESIAN_POINT ( 'NONE',  ( 0.000000000000000000, -8.611092707423225079, 49.56192626329685424 ) ) ;
#3411 = CARTESIAN_POINT ( 'NONE',  ( -26.84994226883972246, -23.56066641638761183, 16.96878580442293227 ) ) ;
#3412 = EDGE_CURVE ( 'NONE', #2352, #1395, #984, .T. ) ;
#3413 = ORIENTED_EDGE ( 'NONE', *, *, #1824, .F. ) ;
#3414 = CARTESIAN_POINT ( 'NONE',  ( -50.49999999999999289, -14.52818893876835915, 34.06192626329681161 ) ) ;
#3415 = CARTESIAN_POINT ( 'NONE',  ( -28.09565992180933947, -16.61109270742299771, 16.84387768612116787 ) ) ;
#3416 = PLANE ( 'NONE',  #59 ) ;
#3417 = FACE_OUTER_BOUND ( 'NONE', #1370, .T. ) ;
#3418 = AXIS2_PLACEMENT_3D ( 'NONE', #2228, #810, #246 ) ;
#3419 = ORIENTED_EDGE ( 'NONE', *, *, #2574, .F. ) ;
#3420 = CYLINDRICAL_SURFACE ( 'NONE', #1398, 10.00000000000000355 ) ;
#3421 = AXIS2_PLACEMENT_3D ( 'NONE', #2765, #2801, #1122 ) ;
#3422 = CARTESIAN_POINT ( 'NONE',  ( 0.000000000000000000, -16.61109270742287691, 0.06192626329680570724 ) ) ;
#3423 = ORIENTED_EDGE ( 'NONE', *, *, #973, .F. ) ;
#3424 = CARTESIAN_POINT ( 'NONE',  ( -3.489050030858058538, -24.02983304696941147, 25.82871144882078696 ) ) ;
#3425 = CARTESIAN_POINT ( 'NONE',  ( -42.81783724519573298, -21.61109270742306165, 26.37976350849240958 ) ) ;
#3426 = ORGANIZATION ( 'æœª', 'æœª', '' ) ;
#3427 = ORIENTED_EDGE ( 'NONE', *, *, #2486, .F. ) ;
#3428 = DIRECTION ( 'NONE',  ( -0.7071067811865435759, -4.937700262164559875E-15, 0.7071067811865515695 ) ) ;
#3429 = CARTESIAN_POINT ( 'NONE',  ( -51.75000000000007816, -16.61109270742333521, 65.48349913855051341 ) ) ;
#3430 = CARTESIAN_POINT ( 'NONE',  ( -35.10889676847025953, -22.60890645543814159, 17.19651031007219544 ) ) ;
#3431 = VERTEX_POINT ( 'NONE', #2084 ) ;
#3432 = CARTESIAN_POINT ( 'NONE',  ( -38.56998461347034635, -22.61109270742303679, 22.26932277566546858 ) ) ;
#3433 = DIRECTION ( 'NONE',  ( 0.000000000000000000, -1.000000000000000000, -6.982962677686266711E-15 ) ) ;
#3434 = CARTESIAN_POINT ( 'NONE',  ( -21.18690205910550262, -22.61109270742313981, 38.09222360776809069 ) ) ;
#3435 = ADVANCED_FACE ( 'NONE', ( #1833, #2680, #140 ), #2975, .F. ) ;
#3436 = CARTESIAN_POINT ( 'NONE',  ( -41.82050807568869999, -23.00339755283631149, 22.55400721423913524 ) ) ;
#3437 = VECTOR ( 'NONE', #3111, 1000.000000000000114 ) ;
#3438 = ORIENTED_EDGE ( 'NONE', *, *, #3198, .F. ) ;
#3439 = FACE_OUTER_BOUND ( 'NONE', #701, .T. ) ;
#3440 = LINE ( 'NONE', #2690, #175 ) ;
#3441 = CIRCLE ( 'NONE', #404, 2.000000000000001776 ) ;
#3442 = CARTESIAN_POINT ( 'NONE',  ( -50.50000000000000000, -22.61109270742287691, 0.06192626329676407387 ) ) ;
#3443 = VERTEX_POINT ( 'NONE', #1515 ) ;
#3444 = PERSON_AND_ORGANIZATION_ROLE ( 'creator' ) ;
#3445 = CARTESIAN_POINT ( 'NONE',  ( 4.973386928426639209, -38.86059282640874812, 14.41696645961658341 ) ) ;
#3446 = AXIS2_PLACEMENT_3D ( 'NONE', #2669, #1860, #2947 ) ;
#3447 = VERTEX_POINT ( 'NONE', #1599 ) ;
#3448 = PLANE ( 'NONE',  #2890 ) ;
#3449 = DIRECTION ( 'NONE',  ( 0.000000000000000000, 7.005614037598643428E-15, -1.000000000000000000 ) ) ;
#3450 = CARTESIAN_POINT ( 'NONE',  ( -25.59314575050798979, -22.61109270742313626, 36.96878051278918065 ) ) ;
#3451 = EDGE_CURVE ( 'NONE', #724, #1707, #155, .T. ) ;
#3452 = CIRCLE ( 'NONE', #1999, 2.099999999999997868 ) ;
#3453 = EDGE_LOOP ( 'NONE', ( #750, #2237 ) ) ;
#3454 = DIRECTION ( 'NONE',  ( -1.000000000000000000, 0.000000000000000000, -0.000000000000000000 ) ) ;
#3455 = DIRECTION ( 'NONE',  ( 0.7071067811865435759, 4.937700262164559875E-15, -0.7071067811865515695 ) ) ;
#3456 = ADVANCED_FACE ( 'NONE', ( #3505 ), #266, .T. ) ;
#3457 = ORIENTED_EDGE ( 'NONE', *, *, #644, .T. ) ;
#3458 = DIRECTION ( 'NONE',  ( -0.7071067811865510144, -5.011423375044108244E-15, 0.7071067811865441310 ) ) ;
#3459 = CYLINDRICAL_SURFACE ( 'NONE', #2933, 2.000000000000001776 ) ;
#3460 = EDGE_CURVE ( 'NONE', #1908, #462, #2422, .T. ) ;
#3461 = LINE ( 'NONE', #3442, #123 ) ;
#3462 = ORIENTED_EDGE ( 'NONE', *, *, #1768, .T. ) ;
#3463 = LINE ( 'NONE', #959, #1442 ) ;
#3464 = DESIGN_CONTEXT ( 'detailed design', #2446, 'design' ) ;
#3465 = VERTEX_POINT ( 'NONE', #2124 ) ;
#3466 = CARTESIAN_POINT ( 'NONE',  ( -35.50000000000001421, -9.611092707423127379, 35.56192626329686135 ) ) ;
#3467 = PLANE ( 'NONE',  #1626 ) ;
#3468 = CARTESIAN_POINT ( 'NONE',  ( 0.000000000000000000, -16.26023974633733360, 49.56192626329679030 ) ) ;
#3469 = ORIENTED_EDGE ( 'NONE', *, *, #2078, .T. ) ;
#3470 = CARTESIAN_POINT ( 'NONE',  ( -37.96554221957595132, -22.61109270742301902, 21.12253442274385407 ) ) ;
#3471 = B_SPLINE_CURVE_WITH_KNOTS ( 'NONE', 1,
 ( #924, #2048 ),
 .UNSPECIFIED., .F., .F.,
 ( 2, 2 ),
 ( 0.000000000000000000, 1.000000000000000000 ),
 .UNSPECIFIED. ) ;
#3472 = FACE_OUTER_BOUND ( 'NONE', #3222, .T. ) ;
#3473 = DIRECTION ( 'NONE',  ( 0.000000000000000000, -6.938893903907222067E-15, 1.000000000000000000 ) ) ;
#3474 = EDGE_LOOP ( 'NONE', ( #1421, #1519, #807, #177 ) ) ;
#3475 = DIRECTION ( 'NONE',  ( 0.5000000000000035527, 0.7071067811865460184, -0.4999999999999986677 ) ) ;
#3476 = DIRECTION ( 'NONE',  ( 0.000000000000000000, -0.7071067811865524577, 0.7071067811865426878 ) ) ;
#3477 = VECTOR ( 'NONE', #2161, 1000.000000000000000 ) ;
#3478 = CARTESIAN_POINT ( 'NONE',  ( -21.82172247981952751, -22.30058018125497199, 39.24654273293908346 ) ) ;
#3479 = EDGE_LOOP ( 'NONE', ( #3315, #1217, #3115, #2495 ) ) ;
#3480 = EDGE_CURVE ( 'NONE', #2748, #1191, #241, .T. ) ;
#3481 = DIRECTION ( 'NONE',  ( 0.000000000000000000, 6.982962677686266711E-15, -1.000000000000000000 ) ) ;
#3482 =( BOUNDED_CURVE ( )  B_SPLINE_CURVE ( 3, ( #2604, #377, #2012, #1706 ),
 .UNSPECIFIED., .F., .T. ) 
 B_SPLINE_CURVE_WITH_KNOTS ( ( 4, 4 ),
 ( 3.141592653589783346, 4.347181759094310038 ),
 .UNSPECIFIED. ) 
 CURVE ( )  GEOMETRIC_REPRESENTATION_ITEM ( )  RATIONAL_B_SPLINE_CURVE ( ( 1.000000000000000000, 0.8825029806986099956, 0.8825029806986099956, 1.000000000000000000 ) ) 
 REPRESENTATION_ITEM ( '' )  );
#3483 = ORIENTED_EDGE ( 'NONE', *, *, #1865, .F. ) ;
#3484 = AXIS2_PLACEMENT_3D ( 'NONE', #847, #2291, #1975 ) ;
#3485 = CARTESIAN_POINT ( 'NONE',  ( -24.25776313301820863, -21.95081918554594225, 41.01693451871273055 ) ) ;
#3486 = DIRECTION ( 'NONE',  ( 0.000000000000000000, -6.938893903907222067E-15, 1.000000000000000000 ) ) ;
#3487 = AXIS2_PLACEMENT_3D ( 'NONE', #3217, #2935, #2917 ) ;
#3488 = ORIENTED_EDGE ( 'NONE', *, *, #82, .F. ) ;
#3489 = CARTESIAN_POINT ( 'NONE',  ( -40.50000000000000711, -9.611092707423127379, 35.56192626329686135 ) ) ;
#3490 = CARTESIAN_POINT ( 'NONE',  ( -65.42157287525373022, 9.836468106949929791, 51.81192626329707451 ) ) ;
#3491 = DIRECTION ( 'NONE',  ( 0.000000000000000000, 1.000000000000000000, 6.982962677686267499E-15 ) ) ;
#3492 = VERTEX_POINT ( 'NONE', #1241 ) ;
#3493 = DIRECTION ( 'NONE',  ( 0.000000000000000000, -6.982962677686266711E-15, 1.000000000000000000 ) ) ;
#3494 = CARTESIAN_POINT ( 'NONE',  ( -31.25000000000034817, -17.61109270742307942, 31.31192626329679030 ) ) ;
#3495 = EDGE_CURVE ( 'NONE', #3001, #1870, #2368, .T. ) ;
#3496 = DIRECTION ( 'NONE',  ( -0.7071067811865475727, 4.937700262164531476E-15, -0.7071067811865475727 ) ) ;
#3497 = VERTEX_POINT ( 'NONE', #2937 ) ;
#3498 = CARTESIAN_POINT ( 'NONE',  ( 0.000000000000000000, -43.61109270742294797, 0.06192626329661835710 ) ) ;
#3499 = LINE ( 'NONE', #1549, #3029 ) ;
#3500 = ADVANCED_FACE ( 'NONE', ( #2661 ), #1260, .T. ) ;
#3501 = ADVANCED_FACE ( 'NONE', ( #1660 ), #2781, .F. ) ;
#3502 = EDGE_LOOP ( 'NONE', ( #496, #1845, #7, #1261 ) ) ;
#3503 = CARTESIAN_POINT ( 'NONE',  ( -24.35881789812661680, -21.93494439418856956, 41.09915239713633639 ) ) ;
#3504 = DIRECTION ( 'NONE',  ( 0.000000000000000000, 6.938893903907211812E-15, -1.000000000000000000 ) ) ;
#3505 = FACE_OUTER_BOUND ( 'NONE', #1233, .T. ) ;
#3506 = DIRECTION ( 'NONE',  ( -0.000000000000000000, 1.000000000000000000, 6.982962677686266711E-15 ) ) ;
#3507 = EDGE_CURVE ( 'NONE', #3431, #3354, #1966, .T. ) ;
#3508 = VECTOR ( 'NONE', #1655, 1000.000000000000114 ) ;
#3509 = CIRCLE ( 'NONE', #1932, 10.00000000000000355 ) ;
#3510 = ORIENTED_EDGE ( 'NONE', *, *, #1690, .T. ) ;
#3511 = CARTESIAN_POINT ( 'NONE',  ( -36.71737741955815437, -22.61109270742300481, 18.52677422780636718 ) ) ;
#3512 = CARTESIAN_POINT ( 'NONE',  ( -11.86498701527695943, -24.96008994388627045, 25.49838859313429751 ) ) ;
#3513 = CARTESIAN_POINT ( 'NONE',  ( -49.50000000000000000, -8.611092707422878689, 0.06192626329686121839 ) ) ;
#3514 = ORIENTED_EDGE ( 'NONE', *, *, #790, .T. ) ;
#3515 = PLANE ( 'NONE',  #1702 ) ;
#3516 = VECTOR ( 'NONE', #101, 1000.000000000000000 ) ;
#3517 = CARTESIAN_POINT ( 'NONE',  ( -20.58871496931241651, -22.42942897277236725, 38.43362370282120111 ) ) ;
#3518 = VERTEX_POINT ( 'NONE', #842 ) ;
#3519 = DATE_TIME_ROLE ( 'creation_date' ) ;
#3520 = DIRECTION ( 'NONE',  ( 0.6644630243886791021, -0.3420201433256614965, -0.6644630243886739951 ) ) ;
#3521 = VECTOR ( 'NONE', #171, 1000.000000000000000 ) ;
#3522 = ORIENTED_EDGE ( 'NONE', *, *, #3146, .F. ) ;
#3523 = DIRECTION ( 'NONE',  ( 0.000000000000000000, 1.000000000000000000, 6.982962677686266711E-15 ) ) ;
#3524 = CARTESIAN_POINT ( 'NONE',  ( -38.22731411617937880, -22.44959174369823174, 20.42694133145608149 ) ) ;
#3525 = EDGE_CURVE ( 'NONE', #2415, #1715, #729, .T. ) ;
#3526 = CARTESIAN_POINT ( 'NONE',  ( -42.11073046400919395, -22.61109270742306876, 27.08687028967894506 ) ) ;
#3527 = LINE ( 'NONE', #2054, #92 ) ;
#3528 = EDGE_CURVE ( 'NONE', #1204, #894, #63, .T. ) ;
#3529 = CC_DESIGN_PERSON_AND_ORGANIZATION_ASSIGNMENT ( #2118, #429, ( #3586 ) ) ;
#3530 = ORIENTED_EDGE ( 'NONE', *, *, #3608, .T. ) ;
#3531 = DIRECTION ( 'NONE',  ( 0.7071067811865515695, 4.937700262164502288E-15, -0.7071067811865435759 ) ) ;
#3532 = DIRECTION ( 'NONE',  ( -0.7071067811865512365, -4.937700262164505444E-15, 0.7071067811865439090 ) ) ;
#3533 = LINE ( 'NONE', #3513, #2580 ) ;
#3534 = EDGE_CURVE ( 'NONE', #3241, #2369, #1325, .T. ) ;
#3535 = ORIENTED_EDGE ( 'NONE', *, *, #151, .F. ) ;
#3536 = DIRECTION ( 'NONE',  ( 0.4999999999999991118, -0.7071067811865485719, 0.4999999999999994449 ) ) ;
#3537 = FACE_OUTER_BOUND ( 'NONE', #1529, .T. ) ;
#3538 = CARTESIAN_POINT ( 'NONE',  ( -20.32350853643467659, -22.45211234749840656, 38.26329052999031433 ) ) ;
#3539 = ORIENTED_EDGE ( 'NONE', *, *, #2212, .F. ) ;
#3540 = DATE_TIME_ROLE ( 'classification_date' ) ;
#3541 = CARTESIAN_POINT ( 'NONE',  ( -24.96095330762279474, -22.61109270742315758, 40.30818256586292847 ) ) ;
#3542 = ORIENTED_EDGE ( 'NONE', *, *, #2671, .T. ) ;
#3543 = CARTESIAN_POINT ( 'NONE',  ( -26.16204118461457284, -21.63807737667771747, 42.72396744791144130 ) ) ;
#3544 = CARTESIAN_POINT ( 'NONE',  ( -31.25000000000000000, -19.61109270742289823, 2.811926263296782746 ) ) ;
#3545 = VECTOR ( 'NONE', #3162, 1000.000000000000114 ) ;
#3546 = ORIENTED_EDGE ( 'NONE', *, *, #104, .F. ) ;
#3547 = CARTESIAN_POINT ( 'NONE',  ( -16.37355361500462081, -23.90673969750806904, 27.54479522767735133 ) ) ;
#3548 = CARTESIAN_POINT ( 'NONE',  ( -17.48905820401120437, -17.61109270742305100, 27.45047940391941310 ) ) ;
#3549 = ADVANCED_FACE ( 'NONE', ( #1678 ), #99, .F. ) ;
#3550 = EDGE_CURVE ( 'NONE', #1283, #663, #1177, .T. ) ;
#3551 = EDGE_LOOP ( 'NONE', ( #635, #2226, #2116, #2772 ) ) ;
#3552 = CARTESIAN_POINT ( 'NONE',  ( -18.38016277968197798, -22.61109270742312560, 36.74029070310566425 ) ) ;
#3553 = DIRECTION ( 'NONE',  ( -0.7071067811865473507, -4.857225732735058287E-15, 0.7071067811865475727 ) ) ;
#3554 = ORIENTED_EDGE ( 'NONE', *, *, #796, .T. ) ;
#3555 = CARTESIAN_POINT ( 'NONE',  ( -7.740070141993488306, -24.79546082680093733, 25.81822344255956025 ) ) ;
#3556 = FACE_OUTER_BOUND ( 'NONE', #1364, .T. ) ;
#3557 = VECTOR ( 'NONE', #1478, 1000.000000000000000 ) ;
#3558 = ORIENTED_EDGE ( 'NONE', *, *, #2331, .T. ) ;
#3559 = CARTESIAN_POINT ( 'NONE',  ( -26.76873588651875835, -24.27432658899631690, 15.40487275371565978 ) ) ;
#3560 = CARTESIAN_POINT ( 'NONE',  ( -26.90072536783050339, -24.20638742660677423, 0.7162921462874000111 ) ) ;
#3561 = EDGE_CURVE ( 'NONE', #579, #1367, #1681, .T. ) ;
#3562 = VECTOR ( 'NONE', #2131, 1000.000000000000114 ) ;
#3563 = ORIENTED_EDGE ( 'NONE', *, *, #359, .T. ) ;
#3564 = CARTESIAN_POINT ( 'NONE',  ( -31.17157287525377285, -16.26023974633733360, 49.56192626329679030 ) ) ;
#3565 = FACE_OUTER_BOUND ( 'NONE', #1360, .T. ) ;
#3566 = EDGE_CURVE ( 'NONE', #428, #483, #2205, .T. ) ;
#3567 = ADVANCED_FACE ( 'NONE', ( #1120 ), #2206, .T. ) ;
#3568 = B_SPLINE_CURVE_WITH_KNOTS ( 'NONE', 3,
 ( #1806, #2432, #1590, #2928, #405, #992, #2414, #1528, #3478, #2654, #3231, #1825, #1253, #191, #3517, #3538, #975, #427, #2672, #1095, #1671, #2243, #2501, #529, #3352, #789, #566, #1692, #1341, #2760, #3585, #2466, #2814, #822 ),
 .UNSPECIFIED., .F., .F.,
 ( 4, 2, 1, 1, 1, 1, 2, 2, 2, 1, 1, 1, 1, 2, 2, 2, 1, 1, 1, 1, 2, 2, 4 ),
 ( 0.000000000000000000, 0.1250000000000047462, 0.1875000000000072164, 0.2187500000000089373, 0.2343750000000099920, 0.2421875000000098255, 0.2460937500000102696, 0.2500000000000106581, 0.3750000000000073830, 0.4375000000000050515, 0.4687500000000046074, 0.4843750000000044964, 0.4921875000000049960, 0.4960937500000047184, 0.5000000000000044409, 0.6250000000000012212, 0.6874999999999995559, 0.7187499999999981126, 0.7343749999999974465, 0.7421874999999971134, 0.7460937499999968914, 0.7499999999999966693, 1.000000000000000000 ),
 .UNSPECIFIED. ) ;
#3569 = AXIS2_PLACEMENT_3D ( 'NONE', #2504, #242, #3034 ) ;
#3570 = DIRECTION ( 'NONE',  ( 0.000000000000000000, 1.000000000000000000, 6.982962677686266711E-15 ) ) ;
#3571 = CARTESIAN_POINT ( 'NONE',  ( -9.730147481519749064, -24.69276723754922287, 24.53510677639950188 ) ) ;
#3572 = EDGE_CURVE ( 'NONE', #1749, #234, #2856, .T. ) ;
#3573 = VECTOR ( 'NONE', #3394, 1000.000000000000000 ) ;
#3574 = EDGE_LOOP ( 'NONE', ( #2469, #2436, #1130, #1469 ) ) ;
#3575 = CARTESIAN_POINT ( 'NONE',  ( 6.915215235287926809, -24.39794363388444864, 25.13351472256998420 ) ) ;
#3576 = CONICAL_SURFACE ( 'NONE', #1946, 9.000000000000021316, 0.7853981633974457255 ) ;
#3577 = CARTESIAN_POINT ( 'NONE',  ( -41.89865419831903637, -21.77312983745630959, 25.42790294250074723 ) ) ;
#3578 = ORIENTED_EDGE ( 'NONE', *, *, #2649, .T. ) ;
#3579 = CARTESIAN_POINT ( 'NONE',  ( -25.37289395322215313, -24.99281059873527866, 9.843406330141899474 ) ) ;
#3580 = DIRECTION ( 'NONE',  ( 0.000000000000000000, 1.000000000000000000, 6.982962677686267499E-15 ) ) ;
#3581 = EDGE_LOOP ( 'NONE', ( #1472, #2845, #2307, #3267 ) ) ;
#3582 = CARTESIAN_POINT ( 'NONE',  ( -17.43568061478786291, -22.61109270742313271, 36.30907017651335877 ) ) ;
#3583 = CARTESIAN_POINT ( 'NONE',  ( -10.41799039211790578, -24.69922451634236182, 24.52154866951594059 ) ) ;
#3584 = DIRECTION ( 'NONE',  ( 0.000000000000000000, -6.938893903907222067E-15, 1.000000000000000000 ) ) ;
#3585 = CARTESIAN_POINT ( 'NONE',  ( -18.29051012068059734, -22.57628563006266020, 36.98694474920240793 ) ) ;
#3586 = PRODUCT_DEFINITION ( 'æœ', '', #2687, #3464 ) ;
#3587 = EDGE_CURVE ( 'NONE', #2095, #3129, #2559, .T. ) ;
#3588 = LINE ( 'NONE', #2797, #3103 ) ;
#3589 = VERTEX_POINT ( 'NONE', #2930 ) ;
#3590 = DIRECTION ( 'NONE',  ( -0.6644630243886793242, 0.3420201433256611634, 0.6644630243886741061 ) ) ;
#3591 = CONICAL_SURFACE ( 'NONE', #262, 7.999999999999972466, 0.7853981633974466137 ) ;
#3592 = VERTEX_POINT ( 'NONE', #2381 ) ;
#3593 = CARTESIAN_POINT ( 'NONE',  ( -39.54115441415284948, -22.23826266207215596, 22.41314029699909582 ) ) ;
#3594 = CARTESIAN_POINT ( 'NONE',  ( -50.50000000000000000, -22.61109270742287691, 0.06192626329676407387 ) ) ;
#3595 = VECTOR ( 'NONE', #3407, 1000.000000000000000 ) ;
#3596 = ORIENTED_EDGE ( 'NONE', *, *, #1314, .F. ) ;
#3597 = ORIENTED_EDGE ( 'NONE', *, *, #3009, .F. ) ;
#3598 = CARTESIAN_POINT ( 'NONE',  ( -17.43075765568347535, -22.61109270742313981, 36.30683725934603245 ) ) ;
#3599 = AXIS2_PLACEMENT_3D ( 'NONE', #3185, #1798, #1576 ) ;
#3600 = CARTESIAN_POINT ( 'NONE',  ( 0.000000000000000000, -8.611092707423058101, 26.06192626329686135 ) ) ;
#3601 = EDGE_CURVE ( 'NONE', #3358, #2802, #2637, .T. ) ;
#3602 = CARTESIAN_POINT ( 'NONE',  ( -53.16421356237317752, -15.61109270742334409, 66.89771270092361988 ) ) ;
#3603 = CARTESIAN_POINT ( 'NONE',  ( 0.000000000000000000, -14.52818893876845152, 48.56192626329681161 ) ) ;
#3604 = ORIENTED_EDGE ( 'NONE', *, *, #2486, .T. ) ;
#3605 = CARTESIAN_POINT ( 'NONE',  ( -33.17157287525503051, -14.70272810930832819, 50.56192626329681161 ) ) ;
#3606 = LINE ( 'NONE', #491, #615 ) ;
#3607 = VECTOR ( 'NONE', #2052, 1000.000000000000114 ) ;
#3608 = EDGE_CURVE ( 'NONE', #268, #483, #3262, .T. ) ;
#3609 = ORIENTED_EDGE ( 'NONE', *, *, #980, .F. ) ;
#3610 = DIRECTION ( 'NONE',  ( -0.4999999999999980016, -0.7071067811865429098, -0.5000000000000085487 ) ) ;
#3611 = LINE ( 'NONE', #1617, #2518 ) ;
#3612 = EDGE_CURVE ( 'NONE', #2572, #2831, #173, .T. ) ;
#3613 = CIRCLE ( 'NONE', #2222, 6.999999999999992006 ) ;
#3614 = ORIENTED_EDGE ( 'NONE', *, *, #3194, .F. ) ;
#3615 = ORIENTED_EDGE ( 'NONE', *, *, #2754, .T. ) ;
#3616 = CARTESIAN_POINT ( 'NONE',  ( -18.26607596262378763, -22.61109270742313271, 36.68783009150137531 ) ) ;
#3617 = VECTOR ( 'NONE', #3455, 999.9999999999998863 ) ;
#3618 = CARTESIAN_POINT ( 'NONE',  ( -15.69701630403579351, -23.98444128186140389, 26.02217911974181064 ) ) ;
#3619 =( BOUNDED_CURVE ( )  B_SPLINE_CURVE ( 3, ( #2144, #2036, #1208, #475 ),
 .UNSPECIFIED., .F., .T. ) 
 B_SPLINE_CURVE_WITH_KNOTS ( ( 4, 4 ),
 ( 3.141592653589793116, 4.188790204786393190 ),
 .UNSPECIFIED. ) 
 CURVE ( )  GEOMETRIC_REPRESENTATION_ITEM ( )  RATIONAL_B_SPLINE_CURVE ( ( 1.000000000000000000, 0.9106836025229585463, 0.9106836025229585463, 1.000000000000000000 ) ) 
 REPRESENTATION_ITEM ( '' )  );
#3620 = VECTOR ( 'NONE', #1670, 1000.000000000000000 ) ;
#3621 = CARTESIAN_POINT ( 'NONE',  ( -49.49999999999999289, -16.26023974633699254, 0.06192626329680570724 ) ) ;
ENDSEC;
END-ISO-10303-21;
