ISO-10303-21;
HEADER;
FILE_DESCRIPTION (( 'STEP AP203' ),
    '1' );
FILE_NAME ('µç»úºó¸Ç£¨ïÎ¿Õ£©.STEP',
    '2026-05-21T11:59:38',
    ( 'Windows User' ),
    ( 'P R C' ),
    'SwSTEP 2.0',
    'SolidWorks 2024',
    '' );
FILE_SCHEMA (( 'CONFIG_CONTROL_DESIGN' ));
ENDSEC;

DATA;
#1 = FACE_OUTER_BOUND ( 'NONE', #811, .T. ) ;
#2 = ORIENTED_EDGE ( 'NONE', *, *, #2351, .F. ) ;
#3 = CONICAL_SURFACE ( 'NONE', #3991, 1.500000000000001332, 0.7853981633974466137 ) ;
#4 = AXIS2_PLACEMENT_3D ( 'NONE', #6942, #3172, #914 ) ;
#5 = LINE ( 'NONE', #1230, #3882 ) ;
#6 = CARTESIAN_POINT ( 'NONE',  ( -16.61947461946198601, 9.359003117685514184, -25.40408431028852121 ) ) ;
#7 = DIRECTION ( 'NONE',  ( -0.000000000000000000, -1.000000000000000000, -0.000000000000000000 ) ) ;
#8 = EDGE_CURVE ( 'NONE', #2676, #2991, #5342, .T. ) ;
#9 = DIRECTION ( 'NONE',  ( 0.000000000000000000, 0.000000000000000000, 1.000000000000000000 ) ) ;
#10 = AXIS2_PLACEMENT_3D ( 'NONE', #4922, #1023, #4385 ) ;
#11 = LINE ( 'NONE', #1013, #5822 ) ;
#12 = VERTEX_POINT ( 'NONE', #302 ) ;
#13 = ORIENTED_EDGE ( 'NONE', *, *, #1669, .F. ) ;
#14 = AXIS2_PLACEMENT_3D ( 'NONE', #733, #1154, #6020 ) ;
#15 = DIRECTION ( 'NONE',  ( 0.000000000000000000, 0.000000000000000000, -1.000000000000000000 ) ) ;
#16 = CARTESIAN_POINT ( 'NONE',  ( -13.58732343527533182, 10.44106201196020578, -23.39530582745839382 ) ) ;
#17 = CARTESIAN_POINT ( 'NONE',  ( 16.11639530271496668, 9.620294530931435162, -24.95177196030529032 ) ) ;
#18 = EDGE_CURVE ( 'NONE', #1566, #2536, #3686, .T. ) ;
#19 = ADVANCED_FACE ( 'NONE', ( #5868 ), #6821, .F. ) ;
#20 = CIRCLE ( 'NONE', #6059, 1.400000000000000133 ) ;
#21 = CARTESIAN_POINT ( 'NONE',  ( -9.669329188920521290, 11.00000000000000000, -32.59607450347801461 ) ) ;
#22 = ORIENTED_EDGE ( 'NONE', *, *, #6308, .T. ) ;
#23 = EDGE_LOOP ( 'NONE', ( #5079, #1539, #4545, #1762, #1269, #4772, #846, #6802, #6980, #6457, #2802, #2801, #1440, #59, #6819, #3931, #3971, #5949, #3181, #5867, #500, #2276, #5219, #3056, #786, #6627, #626, #4044, #1953, #1647, #718, #3630, #2856 ) ) ;
#24 = LINE ( 'NONE', #6543, #4674 ) ;
#25 = EDGE_CURVE ( 'NONE', #6030, #1861, #4835, .T. ) ;
#26 = DIRECTION ( 'NONE',  ( 0.3289899283371713890, -0.6644630243886731069, 0.6710100716628332185 ) ) ;
#27 = FACE_OUTER_BOUND ( 'NONE', #6767, .T. ) ;
#28 = DIRECTION ( 'NONE',  ( -0.000000000000000000, -1.000000000000000000, -0.000000000000000000 ) ) ;
#29 = AXIS2_PLACEMENT_3D ( 'NONE', #3138, #2020, #4854 ) ;
#30 = VERTEX_POINT ( 'NONE', #3152 ) ;
#31 = VERTEX_POINT ( 'NONE', #4865 ) ;
#32 = CARTESIAN_POINT ( 'NONE',  ( 34.21036191661216463, 15.99999999999999645, -25.42575222578563654 ) ) ;
#33 = CARTESIAN_POINT ( 'NONE',  ( -31.43836089953900270, 6.603073792140893516, -23.36085798989911666 ) ) ;
#34 = VECTOR ( 'NONE', #1456, 1000.000000000000114 ) ;
#35 = FACE_OUTER_BOUND ( 'NONE', #5677, .T. ) ;
#36 = DIRECTION ( 'NONE',  ( 0.7071067811865404673, -0.000000000000000000, -0.7071067811865546782 ) ) ;
#37 = VERTEX_POINT ( 'NONE', #1069 ) ;
#38 = CONICAL_SURFACE ( 'NONE', #5971, 10.49999999999999822, 0.7853981633974466137 ) ;
#39 = AXIS2_PLACEMENT_3D ( 'NONE', #7016, #5428, #3854 ) ;
#40 = CARTESIAN_POINT ( 'NONE',  ( 24.79723621261415545, 9.712605009296556346, 15.92931973256780154 ) ) ;
#41 = DIRECTION ( 'NONE',  ( -0.9659258262890710878, 4.336808689941941315E-17, -0.2588190451025106920 ) ) ;
#42 = DIRECTION ( 'NONE',  ( 0.000000000000000000, -1.000000000000000000, 0.000000000000000000 ) ) ;
#43 = CARTESIAN_POINT ( 'NONE',  ( 32.59607450347801461, 0.000000000000000000, -9.669329188920526619 ) ) ;
#44 = EDGE_LOOP ( 'NONE', ( #3034, #4406, #5242, #1965 ) ) ;
#45 = VERTEX_POINT ( 'NONE', #4257 ) ;
#46 = CARTESIAN_POINT ( 'NONE',  ( -31.25000000000000000, 0.000000000000000000, 31.24999999999999289 ) ) ;
#47 = ADVANCED_FACE ( 'NONE', ( #5329 ), #1609, .F. ) ;
#48 = DIRECTION ( 'NONE',  ( 0.000000000000000000, 0.000000000000000000, 1.000000000000000000 ) ) ;
#49 = CARTESIAN_POINT ( 'NONE',  ( 0.000000000000000000, 0.5000000000000004441, 0.000000000000000000 ) ) ;
#50 = LINE ( 'NONE', #4411, #5386 ) ;
#51 = ORIENTED_EDGE ( 'NONE', *, *, #6527, .F. ) ;
#52 = ORIENTED_EDGE ( 'NONE', *, *, #3513, .F. ) ;
#53 = CARTESIAN_POINT ( 'NONE',  ( 22.52963973034509237, 11.00000000000000000, 6.683212821753903299 ) ) ;
#54 = EDGE_CURVE ( 'NONE', #4886, #3590, #3828, .T. ) ;
#55 = EDGE_CURVE ( 'NONE', #858, #3214, #5249, .T. ) ;
#56 = LINE ( 'NONE', #2379, #4001 ) ;
#57 = LINE ( 'NONE', #622, #1684 ) ;
#58 = CARTESIAN_POINT ( 'NONE',  ( -22.52963973034508882, 0.000000000000000000, 6.683212821753896193 ) ) ;
#59 = ORIENTED_EDGE ( 'NONE', *, *, #952, .T. ) ;
#60 = VERTEX_POINT ( 'NONE', #2714 ) ;
#61 = DIRECTION ( 'NONE',  ( 0.000000000000000000, 0.000000000000000000, 1.000000000000000000 ) ) ;
#62 = B_SPLINE_CURVE_WITH_KNOTS ( 'NONE', 3,
 ( #5265, #2615, #929, #3121 ),
 .UNSPECIFIED., .F., .F.,
 ( 4, 4 ),
 ( 0.000000000000000000, 1.000000000000000000 ),
 .UNSPECIFIED. ) ;
#63 = DIRECTION ( 'NONE',  ( 0.7071067811865543451, -8.890457814381136359E-15, 0.7071067811865405783 ) ) ;
#64 = EDGE_CURVE ( 'NONE', #3676, #1208, #2166, .T. ) ;
#65 = FACE_OUTER_BOUND ( 'NONE', #2246, .T. ) ;
#66 = ORIENTED_EDGE ( 'NONE', *, *, #4510, .T. ) ;
#67 = EDGE_CURVE ( 'NONE', #7050, #464, #5813, .T. ) ;
#68 = DIRECTION ( 'NONE',  ( 6.133173666733558182E-17, 1.000000000000000000, 6.133173666733433690E-17 ) ) ;
#69 = CARTESIAN_POINT ( 'NONE',  ( 13.43502884254437468, 2.000000000000000000, 13.43502884254442620 ) ) ;
#70 = CARTESIAN_POINT ( 'NONE',  ( 13.57186596881021501, 11.00000000000000000, 21.64936887845019697 ) ) ;
#71 = CARTESIAN_POINT ( 'NONE',  ( 26.85769515458672885, 5.499999999999991118, 35.64230484541324984 ) ) ;
#72 = CARTESIAN_POINT ( 'NONE',  ( 13.82873704770510237, 10.93726233883431398, -22.97739872109277215 ) ) ;
#73 = ORIENTED_EDGE ( 'NONE', *, *, #3627, .T. ) ;
#74 = ORIENTED_EDGE ( 'NONE', *, *, #6449, .T. ) ;
#75 = CARTESIAN_POINT ( 'NONE',  ( -12.68329260279639037, 11.00000000000000000, -22.53794224446403049 ) ) ;
#76 = DIRECTION ( 'NONE',  ( 0.000000000000000000, 0.000000000000000000, 1.000000000000000000 ) ) ;
#77 = DIRECTION ( 'NONE',  ( 0.000000000000000000, 0.000000000000000000, -1.000000000000000000 ) ) ;
#78 = CARTESIAN_POINT ( 'NONE',  ( -22.52963973034509237, 0.000000000000000000, -6.683212821753903299 ) ) ;
#79 = LINE ( 'NONE', #5422, #2069 ) ;
#80 = B_SPLINE_CURVE_WITH_KNOTS ( 'NONE', 1,
 ( #1232, #4572 ),
 .UNSPECIFIED., .F., .F.,
 ( 2, 2 ),
 ( 0.000000000000000000, 1.000000000000000000 ),
 .UNSPECIFIED. ) ;
#81 = VERTEX_POINT ( 'NONE', #6422 ) ;
#82 = ORIENTED_EDGE ( 'NONE', *, *, #533, .T. ) ;
#83 = ORIENTED_EDGE ( 'NONE', *, *, #4766, .F. ) ;
#84 = AXIS2_PLACEMENT_3D ( 'NONE', #4494, #6272, #5601 ) ;
#85 = DIRECTION ( 'NONE',  ( -6.133173666733412736E-17, 1.000000000000000000, 6.133173666733579136E-17 ) ) ;
#86 = DIRECTION ( 'NONE',  ( 0.000000000000000000, 0.000000000000000000, 1.000000000000000000 ) ) ;
#87 = EDGE_LOOP ( 'NONE', ( #5302, #2984, #2340, #1963 ) ) ;
#88 = AXIS2_PLACEMENT_3D ( 'NONE', #1197, #564, #61 ) ;
#89 = CARTESIAN_POINT ( 'NONE',  ( -31.25000000000000000, 2.999999999999995559, 33.34999999999999432 ) ) ;
#90 = CIRCLE ( 'NONE', #1009, 10.00000000000000000 ) ;
#91 = CARTESIAN_POINT ( 'NONE',  ( -32.59607450347800750, 10.49999999999999467, 9.669329188920531948 ) ) ;
#92 = EDGE_LOOP ( 'NONE', ( #2, #4175, #5670, #3752 ) ) ;
#93 = ORIENTED_EDGE ( 'NONE', *, *, #5629, .F. ) ;
#94 = CIRCLE ( 'NONE', #2621, 23.99999999999999645 ) ;
#95 = ORIENTED_EDGE ( 'NONE', *, *, #6657, .T. ) ;
#96 = FACE_OUTER_BOUND ( 'NONE', #2308, .T. ) ;
#97 = CARTESIAN_POINT ( 'NONE',  ( -12.00000000000000000, 10.49999999999999822, 19.95618256608032937 ) ) ;
#98 = VECTOR ( 'NONE', #443, 1000.000000000000000 ) ;
#99 = ADVANCED_FACE ( 'NONE', ( #5402 ), #1922, .F. ) ;
#100 = EDGE_CURVE ( 'NONE', #4523, #4292, #7053, .T. ) ;
#101 = AXIS2_PLACEMENT_3D ( 'NONE', #4629, #4050, #331 ) ;
#102 = DIRECTION ( 'NONE',  ( 0.9659258262890656477, 0.000000000000000000, -0.2588190451025303984 ) ) ;
#103 = ORIENTED_EDGE ( 'NONE', *, *, #4471, .F. ) ;
#104 = B_SPLINE_CURVE_WITH_KNOTS ( 'NONE', 1,
 ( #4879, #4308 ),
 .UNSPECIFIED., .F., .F.,
 ( 2, 2 ),
 ( 0.000000000000000000, 1.000000000000000000 ),
 .UNSPECIFIED. ) ;
#105 = CARTESIAN_POINT ( 'NONE',  ( -13.43502884254442620, 2.000000000000000000, 13.43502884254437646 ) ) ;
#106 = AXIS2_PLACEMENT_3D ( 'NONE', #3689, #3122, #6454 ) ;
#107 = CARTESIAN_POINT ( 'NONE',  ( -26.85769515458673595, 47.00822076650859316, 35.64230484541324984 ) ) ;
#108 = FACE_OUTER_BOUND ( 'NONE', #2668, .T. ) ;
#109 = DIRECTION ( 'NONE',  ( -0.000000000000000000, 1.000000000000000000, -0.000000000000000000 ) ) ;
#110 = CARTESIAN_POINT ( 'NONE',  ( -4.000000000000000000, 2.000000000000000000, 2.061552812808869373 ) ) ;
#111 = VERTEX_POINT ( 'NONE', #6990 ) ;
#112 = ORIENTED_EDGE ( 'NONE', *, *, #6898, .T. ) ;
#113 = CIRCLE ( 'NONE', #3667, 23.49999999999999645 ) ;
#114 = LINE ( 'NONE', #4439, #218 ) ;
#115 = CARTESIAN_POINT ( 'NONE',  ( -9.669329188920521290, 10.49999999999999467, -32.59607450347801461 ) ) ;
#117 = FACE_OUTER_BOUND ( 'NONE', #3488, .T. ) ;
#116 = VECTOR ( 'NONE', #864, 1000.000000000000114 ) ;
#118 = FACE_BOUND ( 'NONE', #4320, .T. ) ;
#119 = CARTESIAN_POINT ( 'NONE',  ( 23.19266533504113426, 10.48566593662740942, 13.07238615605631793 ) ) ;
#120 = EDGE_LOOP ( 'NONE', ( #461, #2121, #5453, #4758, #661, #1853, #5112, #5309, #6364, #1728, #1552, #2074 ) ) ;
#121 = ORIENTED_EDGE ( 'NONE', *, *, #2988, .T. ) ;
#122 = AXIS2_PLACEMENT_3D ( 'NONE', #2523, #902, #6830 ) ;
#123 = ORIENTED_EDGE ( 'NONE', *, *, #2598, .T. ) ;
#124 = DIRECTION ( 'NONE',  ( -0.000000000000000000, 1.000000000000000000, -0.000000000000000000 ) ) ;
#125 = EDGE_CURVE ( 'NONE', #586, #1215, #3186, .T. ) ;
#126 = DIRECTION ( 'NONE',  ( 1.000000000000000000, 0.000000000000000000, 0.000000000000000000 ) ) ;
#127 = ORIENTED_EDGE ( 'NONE', *, *, #4493, .T. ) ;
#128 = B_SPLINE_CURVE_WITH_KNOTS ( 'NONE', 1,
 ( #1402, #3014 ),
 .UNSPECIFIED., .F., .F.,
 ( 2, 2 ),
 ( 0.000000000000000000, 1.000000000000000000 ),
 .UNSPECIFIED. ) ;
#129 = CARTESIAN_POINT ( 'NONE',  ( -34.21036191661212911, 15.99999999999999645, 25.42575222578561167 ) ) ;
#130 = DIRECTION ( 'NONE',  ( 0.000000000000000000, -1.000000000000000000, 0.000000000000000000 ) ) ;
#131 = ORIENTED_EDGE ( 'NONE', *, *, #2001, .F. ) ;
#132 = CIRCLE ( 'NONE', #4009, 2.100000000000000977 ) ;
#133 = EDGE_LOOP ( 'NONE', ( #5354, #121, #3996, #4118, #2108, #4850, #4559, #5084 ) ) ;
#134 = ADVANCED_FACE ( 'NONE', ( #2116 ), #4939, .F. ) ;
#135 = CARTESIAN_POINT ( 'NONE',  ( 23.47722484771297857, 10.41764865855496325, -13.77783291012573841 ) ) ;
#136 = CARTESIAN_POINT ( 'NONE',  ( -23.05722945904458498, 10.49999973780625595, -12.67435311487376026 ) ) ;
#137 = LINE ( 'NONE', #4465, #5264 ) ;
#138 = AXIS2_PLACEMENT_3D ( 'NONE', #1089, #4316, #3145 ) ;
#139 = DIRECTION ( 'NONE',  ( 0.000000000000000000, 0.000000000000000000, -1.000000000000000000 ) ) ;
#140 = ORIENTED_EDGE ( 'NONE', *, *, #5301, .F. ) ;
#141 = DIRECTION ( 'NONE',  ( -0.000000000000000000, -1.000000000000000000, -0.000000000000000000 ) ) ;
#142 = ADVANCED_FACE ( 'NONE', ( #3757 ), #4324, .F. ) ;
#143 = CIRCLE ( 'NONE', #827, 1.400000000000001910 ) ;
#144 = CARTESIAN_POINT ( 'NONE',  ( 31.25000000000010303, 0.000000000000000000, 33.34999999999988773 ) ) ;
#145 = CARTESIAN_POINT ( 'NONE',  ( 31.24999999999977973, 47.00822076650859316, -31.25000000000020250 ) ) ;
#146 = DIRECTION ( 'NONE',  ( -0.6644630243886758825, -0.3420201433256628842, -0.6644630243886765486 ) ) ;
#147 = CARTESIAN_POINT ( 'NONE',  ( 12.97448481098301620, 10.99719829297160523, -22.63524537880181953 ) ) ;
#148 = ORIENTED_EDGE ( 'NONE', *, *, #5426, .F. ) ;
#149 = ORIENTED_EDGE ( 'NONE', *, *, #3800, .T. ) ;
#150 = LINE ( 'NONE', #6078, #6486 ) ;
#151 = CARTESIAN_POINT ( 'NONE',  ( 4.000000000000000000, 2.000000000000000000, 18.78460969082652099 ) ) ;
#152 = VECTOR ( 'NONE', #6766, 1000.000000000000000 ) ;
#153 = LINE ( 'NONE', #3449, #2047 ) ;
#154 = DIRECTION ( 'NONE',  ( 0.2588190451025204064, 0.000000000000000000, 0.9659258262890684232 ) ) ;
#155 = CARTESIAN_POINT ( 'NONE',  ( 22.82674879426532044, 10.97096184751182868, 13.47613044774993973 ) ) ;
#156 = ORIENTED_EDGE ( 'NONE', *, *, #4903, .F. ) ;
#157 = VERTEX_POINT ( 'NONE', #4928 ) ;
#158 = EDGE_CURVE ( 'NONE', #6475, #5617, #24, .T. ) ;
#159 = PERSON_AND_ORGANIZATION ( #3057, #274 ) ;
#160 = ORIENTED_EDGE ( 'NONE', *, *, #3326, .T. ) ;
#161 = CARTESIAN_POINT ( 'NONE',  ( -1.705935241955685910, 23.31338798560321734, 10.49054493278221400 ) ) ;
#162 = CARTESIAN_POINT ( 'NONE',  ( -24.08550654675988412, 10.14857614316299639, 14.92049948928505110 ) ) ;
#163 = ORIENTED_EDGE ( 'NONE', *, *, #640, .T. ) ;
#164 = EDGE_CURVE ( 'NONE', #810, #2502, #2705, .T. ) ;
#165 = FACE_OUTER_BOUND ( 'NONE', #1819, .T. ) ;
#166 = LINE ( 'NONE', #5147, #4039 ) ;
#167 = ORIENTED_EDGE ( 'NONE', *, *, #1690, .F. ) ;
#168 = ORIENTED_EDGE ( 'NONE', *, *, #6315, .F. ) ;
#169 = CARTESIAN_POINT ( 'NONE',  ( 24.50609149303471668, 10.18887031445946256, -16.36044390651037617 ) ) ;
#170 = DIRECTION ( 'NONE',  ( 0.000000000000000000, 0.000000000000000000, 1.000000000000000000 ) ) ;
#171 = DIRECTION ( 'NONE',  ( 0.000000000000000000, 0.000000000000000000, 1.000000000000000000 ) ) ;
#172 = CARTESIAN_POINT ( 'NONE',  ( 14.00000000000000355, 11.00000000000000000, 19.49358868961792624 ) ) ;
#173 = EDGE_CURVE ( 'NONE', #858, #4530, #6477, .T. ) ;
#174 = VERTEX_POINT ( 'NONE', #1599 ) ;
#175 = CARTESIAN_POINT ( 'NONE',  ( 30.17410943339864104, 2.999999999999993339, 27.23472174205819130 ) ) ;
#176 = CARTESIAN_POINT ( 'NONE',  ( -14.82796759456441116, 10.75846459404884747, -23.48450521847395578 ) ) ;
#177 = DIRECTION ( 'NONE',  ( 0.000000000000000000, 0.000000000000000000, 1.000000000000000000 ) ) ;
#178 = PLANE ( 'NONE',  #5861 ) ;
#179 = CARTESIAN_POINT ( 'NONE',  ( 13.40496628414640057, 10.97612298647277207, -22.79803280630461515 ) ) ;
#180 = ORIENTED_EDGE ( 'NONE', *, *, #1172, .F. ) ;
#181 = EDGE_LOOP ( 'NONE', ( #3044, #1226, #5341, #866 ) ) ;
#182 = DIRECTION ( 'NONE',  ( -0.000000000000000000, -1.000000000000000000, -0.000000000000000000 ) ) ;
#183 = CARTESIAN_POINT ( 'NONE',  ( -14.00000000000000000, 10.49999999999999467, 19.49358868961792624 ) ) ;
#184 = CARTESIAN_POINT ( 'NONE',  ( -4.038751454819994535, 0.000000000000000000, 4.038751454819990983 ) ) ;
#185 = DIRECTION ( 'NONE',  ( 6.133173666733558182E-17, 1.000000000000000000, 6.133173666733433690E-17 ) ) ;
#186 = CARTESIAN_POINT ( 'NONE',  ( 23.68911567906840077, 10.33944621435554012, 14.21738932063190219 ) ) ;
#187 = EDGE_CURVE ( 'NONE', #2185, #3676, #6054, .T. ) ;
#188 = VERTEX_POINT ( 'NONE', #3786 ) ;
#189 = ORIENTED_EDGE ( 'NONE', *, *, #1267, .F. ) ;
#190 = PERSON_AND_ORGANIZATION_ROLE ( 'design_owner' ) ;
#191 = ORIENTED_EDGE ( 'NONE', *, *, #2005, .F. ) ;
#192 = DIRECTION ( 'NONE',  ( 0.6710100716628314421, 0.6644630243886764376, 0.3289899283371683358 ) ) ;
#193 = DIRECTION ( 'NONE',  ( 0.000000000000000000, 1.000000000000000000, 0.000000000000000000 ) ) ;
#194 = CARTESIAN_POINT ( 'NONE',  ( 35.26527825794179449, 2.999999999999992450, 32.32589056660133764 ) ) ;
#195 = FACE_BOUND ( 'NONE', #3911, .T. ) ;
#196 = CIRCLE ( 'NONE', #880, 6.211657082460492418 ) ;
#197 = EDGE_LOOP ( 'NONE', ( #112, #2817, #131, #3164 ) ) ;
#198 = CC_DESIGN_PERSON_AND_ORGANIZATION_ASSIGNMENT ( #1983, #1411, ( #5535 ) ) ;
#199 = VERTEX_POINT ( 'NONE', #4887 ) ;
#200 = CARTESIAN_POINT ( 'NONE',  ( 26.85769515458672885, 0.4999999999999935052, 35.64230484541324984 ) ) ;
#201 = EDGE_CURVE ( 'NONE', #241, #6087, #619, .T. ) ;
#202 = CARTESIAN_POINT ( 'NONE',  ( 23.37922164029111727, 10.80331176110789215, 14.64084367192520197 ) ) ;
#203 = DIRECTION ( 'NONE',  ( 0.000000000000000000, 0.000000000000000000, -1.000000000000000000 ) ) ;
#204 = VERTEX_POINT ( 'NONE', #53 ) ;
#205 = CIRCLE ( 'NONE', #4785, 10.00000000000000000 ) ;
#206 = DIRECTION ( 'NONE',  ( -0.7071067811865467956, 0.000000000000000000, 0.7071067811865483499 ) ) ;
#207 = ORIENTED_EDGE ( 'NONE', *, *, #4417, .F. ) ;
#208 = DIRECTION ( 'NONE',  ( 0.6644630243886759935, 0.3420201433256628842, 0.6644630243886764376 ) ) ;
#209 = AXIS2_PLACEMENT_3D ( 'NONE', #5664, #5631, #4600 ) ;
#210 = CARTESIAN_POINT ( 'NONE',  ( -12.80874785523699089, 10.49999708650319619, -23.09750551213102199 ) ) ;
#211 = AXIS2_PLACEMENT_3D ( 'NONE', #4160, #1474, #6827 ) ;
#212 = CARTESIAN_POINT ( 'NONE',  ( 12.68329260279617010, 11.00000000000000000, -22.53794224446394168 ) ) ;
#213 = DIRECTION ( 'NONE',  ( 0.6644630243886758825, 0.3420201433256629397, 0.6644630243886764376 ) ) ;
#214 = CARTESIAN_POINT ( 'NONE',  ( 14.21738932063183114, 10.33944621435554012, -23.68911567906836879 ) ) ;
#215 = EDGE_LOOP ( 'NONE', ( #4584, #3584, #6615, #51, #2225 ) ) ;
#216 = VERTEX_POINT ( 'NONE', #4388 ) ;
#217 = VECTOR ( 'NONE', #5362, 1000.000000000000114 ) ;
#218 = VECTOR ( 'NONE', #2298, 1000.000000000000000 ) ;
#219 = AXIS2_PLACEMENT_3D ( 'NONE', #5737, #3050, #755 ) ;
#220 = DIRECTION ( 'NONE',  ( 0.000000000000000000, -1.000000000000000000, 0.000000000000000000 ) ) ;
#221 = DIRECTION ( 'NONE',  ( -0.9659258262890683122, -4.336808689942093541E-17, 0.2588190451025209060 ) ) ;
#222 = EDGE_CURVE ( 'NONE', #2502, #1492, #6569, .T. ) ;
#223 = CARTESIAN_POINT ( 'NONE',  ( 56.32009454374211543, 10.99999999999999645, 18.60521962117817907 ) ) ;
#224 = CARTESIAN_POINT ( 'NONE',  ( 12.00000000000000178, 10.49999999999999822, 18.43908891458577060 ) ) ;
#225 = VECTOR ( 'NONE', #6683, 1000.000000000000000 ) ;
#226 = CARTESIAN_POINT ( 'NONE',  ( 4.499999999999999112, 0.000000000000000000, 18.78460969082652099 ) ) ;
#227 = VECTOR ( 'NONE', #782, 1000.000000000000000 ) ;
#228 = CARTESIAN_POINT ( 'NONE',  ( 23.17125475100423415, 10.88026093302050690, 14.24160543024275327 ) ) ;
#229 = ORIENTED_EDGE ( 'NONE', *, *, #18, .F. ) ;
#230 = VERTEX_POINT ( 'NONE', #5529 ) ;
#231 = CARTESIAN_POINT ( 'NONE',  ( 25.42575222578559391, 15.99999999999999645, 34.21036191661211490 ) ) ;
#232 = ORIENTED_EDGE ( 'NONE', *, *, #863, .T. ) ;
#233 = CARTESIAN_POINT ( 'NONE',  ( -24.16949739484930504, 10.39692620785910293, -15.88863270537035888 ) ) ;
#234 = CIRCLE ( 'NONE', #4234, 4.500000000000003553 ) ;
#235 = EDGE_CURVE ( 'NONE', #464, #5260, #6515, .T. ) ;
#236 = CARTESIAN_POINT ( 'NONE',  ( 22.97012256920223194, 10.94212249978102136, -13.82174477239776600 ) ) ;
#237 = EDGE_CURVE ( 'NONE', #748, #4062, #1632, .T. ) ;
#238 = DIRECTION ( 'NONE',  ( -0.2588190451025209060, 0.000000000000000000, -0.9659258262890683122 ) ) ;
#239 = DIRECTION ( 'NONE',  ( 0.7071067811865480168, 8.673617379884035472E-17, 0.7071067811865471286 ) ) ;
#240 = EDGE_LOOP ( 'NONE', ( #1155, #1467, #7052, #6253 ) ) ;
#241 = VERTEX_POINT ( 'NONE', #4453 ) ;
#242 = CIRCLE ( 'NONE', #3334, 6.211657082460492418 ) ;
#243 = CARTESIAN_POINT ( 'NONE',  ( 4.392304845413263159, 47.00822076650859316, 4.392304845413264935 ) ) ;
#244 = AXIS2_PLACEMENT_3D ( 'NONE', #43, #2664, #4405 ) ;
#245 = CARTESIAN_POINT ( 'NONE',  ( 22.53794224446396655, 11.00000000000000000, 12.68329260279626070 ) ) ;
#246 = LINE ( 'NONE', #6806, #3092 ) ;
#247 = VERTEX_POINT ( 'NONE', #6609 ) ;
#248 = CARTESIAN_POINT ( 'NONE',  ( -30.17410943339790919, 2.999999999999993339, 27.23472174205893737 ) ) ;
#249 = ORIENTED_EDGE ( 'NONE', *, *, #977, .T. ) ;
#250 = EDGE_CURVE ( 'NONE', #310, #5318, #5989, .T. ) ;
#251 = CARTESIAN_POINT ( 'NONE',  ( 27.21124854518001257, 0.000000000000000000, -35.28875145481998032 ) ) ;
#252 = CARTESIAN_POINT ( 'NONE',  ( -12.68329260279639392, 11.00000000000000000, -22.53794224446402694 ) ) ;
#253 = CARTESIAN_POINT ( 'NONE',  ( 14.00000000000000355, 11.00000000000000000, 19.95618256608033647 ) ) ;
#254 = DIRECTION ( 'NONE',  ( -0.7071067811865404673, -0.000000000000000000, 0.7071067811865546782 ) ) ;
#255 = ORIENTED_EDGE ( 'NONE', *, *, #2443, .F. ) ;
#256 = ORIENTED_EDGE ( 'NONE', *, *, #2649, .F. ) ;
#257 = CARTESIAN_POINT ( 'NONE',  ( 25.01968344731161764, 9.580385195908917240, -16.19615468772089173 ) ) ;
#258 = DIRECTION ( 'NONE',  ( -0.000000000000000000, -1.000000000000000000, -0.000000000000000000 ) ) ;
#259 = CARTESIAN_POINT ( 'NONE',  ( -32.32589056660199134, 2.999999999999992450, -35.26527825794115500 ) ) ;
#260 = CARTESIAN_POINT ( 'NONE',  ( 23.50482151022674415, 10.40808530589559311, -13.83682726400675556 ) ) ;
#261 = DIRECTION ( 'NONE',  ( -1.000000000000000000, 0.000000000000000000, 0.000000000000000000 ) ) ;
#262 = DIRECTION ( 'NONE',  ( -0.000000000000000000, -1.000000000000000000, -0.000000000000000000 ) ) ;
#263 = VERTEX_POINT ( 'NONE', #3457 ) ;
#264 = ORIENTED_EDGE ( 'NONE', *, *, #5412, .T. ) ;
#265 = CARTESIAN_POINT ( 'NONE',  ( 0.000000000000000000, 0.000000000000000000, 0.000000000000000000 ) ) ;
#266 = ADVANCED_FACE ( 'NONE', ( #803 ), #2959, .T. ) ;
#267 = VECTOR ( 'NONE', #1649, 1000.000000000000000 ) ;
#268 = ORIENTED_EDGE ( 'NONE', *, *, #2561, .T. ) ;
#269 = CARTESIAN_POINT ( 'NONE',  ( -6.683212821753887312, 0.000000000000000000, -22.52963973034509237 ) ) ;
#270 = VECTOR ( 'NONE', #592, 1000.000000000000000 ) ;
#271 = CARTESIAN_POINT ( 'NONE',  ( 23.59860990979177231, 10.70745652395521574, -15.02485169029454148 ) ) ;
#272 = LINE ( 'NONE', #3946, #434 ) ;
#273 = DIRECTION ( 'NONE',  ( -0.7071067811865474617, 0.000000000000000000, 0.7071067811865474617 ) ) ;
#274 = ORGANIZATION ( 'æœª', 'æœª', '' ) ;
#275 = ADVANCED_FACE ( 'NONE', ( #1264 ), #1693, .F. ) ;
#276 = EDGE_CURVE ( 'NONE', #1050, #6811, #326, .T. ) ;
#277 = ORIENTED_EDGE ( 'NONE', *, *, #1495, .F. ) ;
#278 = VERTEX_POINT ( 'NONE', #6795 ) ;
#279 = EDGE_LOOP ( 'NONE', ( #3522, #6282, #2076, #1532 ) ) ;
#280 = CARTESIAN_POINT ( 'NONE',  ( 15.88863270537030381, 10.39692620785910826, -24.16949739484925530 ) ) ;
#281 = CARTESIAN_POINT ( 'NONE',  ( 23.52570806210718146, 10.74084445756111528, 14.90102104497020008 ) ) ;
#282 = CARTESIAN_POINT ( 'NONE',  ( -5.999999999999998224, 2.500000000000000444, 20.78460969082652454 ) ) ;
#283 = ORIENTED_EDGE ( 'NONE', *, *, #1634, .F. ) ;
#284 = DIRECTION ( 'NONE',  ( 0.4999999999999921729, 0.7071067811865551223, -0.4999999999999970579 ) ) ;
#285 = EDGE_CURVE ( 'NONE', #5287, #263, #2416, .T. ) ;
#286 = ORIENTED_EDGE ( 'NONE', *, *, #1852, .F. ) ;
#287 = CARTESIAN_POINT ( 'NONE',  ( 24.15796538019278472, 10.11107969343868085, -15.04256164354188741 ) ) ;
#288 = LINE ( 'NONE', #4000, #2674 ) ;
#289 = ADVANCED_FACE ( 'NONE', ( #2453 ), #4093, .T. ) ;
#290 = CARTESIAN_POINT ( 'NONE',  ( 13.43502884254442797, 2.000000000000000000, -12.03502884254437433 ) ) ;
#291 = CARTESIAN_POINT ( 'NONE',  ( 31.67099190880846038, 6.133227481747930199, -22.88638221798193229 ) ) ;
#292 = ORIENTED_EDGE ( 'NONE', *, *, #3169, .T. ) ;
#293 = EDGE_LOOP ( 'NONE', ( #2633, #2761, #4623, #5592 ) ) ;
#294 = DIRECTION ( 'NONE',  ( -0.9659258262890683122, 0.000000000000000000, -0.2588190451025207395 ) ) ;
#295 = DIRECTION ( 'NONE',  ( -0.4999999999999988898, 0.7071067811865491270, 0.4999999999999988898 ) ) ;
#296 = FACE_BOUND ( 'NONE', #4192, .T. ) ;
#297 = EDGE_CURVE ( 'NONE', #4110, #488, #2617, .T. ) ;
#298 = CARTESIAN_POINT ( 'NONE',  ( 24.15717145430949131, 10.10877208741924171, -15.03491134025269638 ) ) ;
#299 = DIRECTION ( 'NONE',  ( 0.000000000000000000, -1.000000000000000000, 0.000000000000000000 ) ) ;
#300 = CARTESIAN_POINT ( 'NONE',  ( -31.25000000000031264, 0.000000000000000000, -29.14999999999967173 ) ) ;
#301 = ORIENTED_EDGE ( 'NONE', *, *, #5347, .T. ) ;
#302 = CARTESIAN_POINT ( 'NONE',  ( 31.24999999999977973, 0.000000000000000000, -33.35000000000020037 ) ) ;
#303 = B_SPLINE_SURFACE_WITH_KNOTS ( 'NONE', 1, 3, ( 
 ( #6618, #600, #1774, #5539 ),
 ( #3398, #4426, #3953, #4467 ) ),
 .UNSPECIFIED., .F., .F., .F.,
 ( 2, 2 ),
 ( 4, 4 ),
 ( 0.000000000000000000, 1.000000000000000000 ),
 ( 4.546699701560195095, 4.712388980384703885 ),
 .UNSPECIFIED. ) ;
#304 = ORIENTED_EDGE ( 'NONE', *, *, #1028, .F. ) ;
#305 = CARTESIAN_POINT ( 'NONE',  ( 0.000000000000000000, 3.499999999999999556, 0.000000000000000000 ) ) ;
#306 = CARTESIAN_POINT ( 'NONE',  ( -22.53794224446402339, 11.00000000000000000, 12.68329260279642234 ) ) ;
#307 = DIRECTION ( 'NONE',  ( 0.000000000000000000, 0.000000000000000000, -1.000000000000000000 ) ) ;
#308 = LINE ( 'NONE', #6979, #687 ) ;
#309 = ORIENTED_EDGE ( 'NONE', *, *, #568, .F. ) ;
#310 = VERTEX_POINT ( 'NONE', #2343 ) ;
#311 = LINE ( 'NONE', #3538, #6864 ) ;
#312 = CARTESIAN_POINT ( 'NONE',  ( -22.63524537880185861, 10.99719829297160345, -12.97448481098309614 ) ) ;
#313 = EDGE_CURVE ( 'NONE', #2033, #4484, #6478, .T. ) ;
#314 = LINE ( 'NONE', #4066, #1032 ) ;
#315 = ORIENTED_EDGE ( 'NONE', *, *, #3215, .T. ) ;
#316 = CARTESIAN_POINT ( 'NONE',  ( -35.28875145481998743, 0.000000000000000000, 27.21124854518000546 ) ) ;
#317 = ORIENTED_EDGE ( 'NONE', *, *, #6281, .T. ) ;
#318 = CARTESIAN_POINT ( 'NONE',  ( -31.25000000000031264, 5.999999999999996447, -31.24999999999967315 ) ) ;
#319 = CARTESIAN_POINT ( 'NONE',  ( -13.96121234555827684, 10.38804196555585513, -23.56288486309581387 ) ) ;
#320 = EDGE_CURVE ( 'NONE', #698, #6238, #4327, .T. ) ;
#321 = CARTESIAN_POINT ( 'NONE',  ( -23.00899376716094835, 10.49999999999999467, -6.825408839238029657 ) ) ;
#322 = VECTOR ( 'NONE', #1416, 1000.000000000000000 ) ;
#323 = CARTESIAN_POINT ( 'NONE',  ( -13.21831257821684424, 10.49999999999999645, 22.00292226904335990 ) ) ;
#324 = ORIENTED_EDGE ( 'NONE', *, *, #6891, .F. ) ;
#325 = ORIENTED_EDGE ( 'NONE', *, *, #3813, .T. ) ;
#326 = CIRCLE ( 'NONE', #3190, 22.00000000000000000 ) ;
#327 = CARTESIAN_POINT ( 'NONE',  ( 25.77930561637874973, 15.99999999999999645, -33.85680852601870328 ) ) ;
#328 = DIRECTION ( 'NONE',  ( 0.000000000000000000, 1.000000000000000000, 0.000000000000000000 ) ) ;
#329 = AXIS2_PLACEMENT_3D ( 'NONE', #4842, #1576, #2123 ) ;
#330 = CARTESIAN_POINT ( 'NONE',  ( -4.392304845413264935, 47.00822076650859316, -4.392304845413264047 ) ) ;
#331 = DIRECTION ( 'NONE',  ( -8.881784197001252323E-16, 0.000000000000000000, 1.000000000000000000 ) ) ;
#332 = CARTESIAN_POINT ( 'NONE',  ( 25.44746302185609110, 9.453375978638227650, 16.89855559142510444 ) ) ;
#333 =( BOUNDED_CURVE ( )  B_SPLINE_CURVE ( 3, ( #1564, #6884, #1422, #3177 ),
 .UNSPECIFIED., .F., .F. ) 
 B_SPLINE_CURVE_WITH_KNOTS ( ( 4, 4 ),
 ( 4.554237841769118944, 4.712388980384689674 ),
 .UNSPECIFIED. ) 
 CURVE ( )  GEOMETRIC_REPRESENTATION_ITEM ( )  RATIONAL_B_SPLINE_CURVE ( ( 1.000000000000000000, 0.9979167706456838483, 0.9979167706456838483, 1.000000000000000000 ) ) 
 REPRESENTATION_ITEM ( '' )  );
#334 = VECTOR ( 'NONE', #4513, 1000.000000000000114 ) ;
#335 = CARTESIAN_POINT ( 'NONE',  ( -6.683212821753888200, 11.00000000000000000, -22.52963973034509237 ) ) ;
#336 = VERTEX_POINT ( 'NONE', #2836 ) ;
#337 = ORIENTED_EDGE ( 'NONE', *, *, #6984, .T. ) ;
#338 = AXIS2_PLACEMENT_3D ( 'NONE', #2262, #6705, #3381 ) ;
#339 = APPROVAL_STATUS ( 'not_yet_approved' ) ;
#340 = ORIENTED_EDGE ( 'NONE', *, *, #6509, .F. ) ;
#341 = LINE ( 'NONE', #2527, #98 ) ;
#342 = CIRCLE ( 'NONE', #2965, 2.399999999999999467 ) ;
#343 = CARTESIAN_POINT ( 'NONE',  ( 23.99651941808792799, 10.50277959407094031, -15.65031525104901000 ) ) ;
#344 = VECTOR ( 'NONE', #3507, 1000.000000000000000 ) ;
#345 = CARTESIAN_POINT ( 'NONE',  ( 0.000000000000000000, 0.000000000000000000, 0.000000000000000000 ) ) ;
#346 = ADVANCED_FACE ( 'NONE', ( #2877 ), #1219, .T. ) ;
#347 = LINE ( 'NONE', #1524, #3784 ) ;
#348 = VECTOR ( 'NONE', #3141, 1000.000000000000000 ) ;
#349 = ORIENTED_EDGE ( 'NONE', *, *, #3444, .T. ) ;
#350 = EDGE_CURVE ( 'NONE', #3862, #2064, #3074, .T. ) ;
#351 = CARTESIAN_POINT ( 'NONE',  ( -23.65448242815904933, 10.35272682757214824, 14.14695699025287645 ) ) ;
#352 = CARTESIAN_POINT ( 'NONE',  ( 15.51583782337266548, 9.927079897466136060, 24.30044751419919180 ) ) ;
#353 = AXIS2_PLACEMENT_3D ( 'NONE', #1116, #1056, #1086 ) ;
#354 = CARTESIAN_POINT ( 'NONE',  ( 27.23472174205787866, 2.999999999999993339, -30.17410943339892526 ) ) ;
#355 = DIRECTION ( 'NONE',  ( 0.000000000000000000, 0.000000000000000000, -1.000000000000000000 ) ) ;
#356 = ORIENTED_EDGE ( 'NONE', *, *, #6126, .T. ) ;
#357 = CONICAL_SURFACE ( 'NONE', #1262, 5.711657082460491530, 0.7853981633974482790 ) ;
#358 = EDGE_CURVE ( 'NONE', #4239, #6988, #1468, .T. ) ;
#359 = LINE ( 'NONE', #6351, #4912 ) ;
#360 = DIRECTION ( 'NONE',  ( 0.000000000000000000, -0.7071067811865474617, 0.7071067811865474617 ) ) ;
#361 = AXIS2_PLACEMENT_3D ( 'NONE', #2168, #4345, #2670 ) ;
#362 = CARTESIAN_POINT ( 'NONE',  ( 0.000000000000000000, 0.000000000000000000, 0.000000000000000000 ) ) ;
#363 = VECTOR ( 'NONE', #5969, 1000.000000000000000 ) ;
#364 = DIRECTION ( 'NONE',  ( 0.000000000000000000, 0.000000000000000000, 1.000000000000000000 ) ) ;
#365 = ORIENTED_EDGE ( 'NONE', *, *, #4733, .F. ) ;
#366 = EDGE_CURVE ( 'NONE', #437, #3856, #468, .T. ) ;
#367 = EDGE_CURVE ( 'NONE', #4163, #624, #4209, .T. ) ;
#368 = VECTOR ( 'NONE', #6769, 1000.000000000000000 ) ;
#369 = DIRECTION ( 'NONE',  ( 0.7071067811865392461, -8.673617379884035472E-17, -0.7071067811865558994 ) ) ;
#370 = CARTESIAN_POINT ( 'NONE',  ( -16.74039700078600035, 47.00822076650859316, -25.52500669161253910 ) ) ;
#371 = CARTESIAN_POINT ( 'NONE',  ( 23.39363185903066267, 10.44211425375456237, -13.58519055872146986 ) ) ;
#372 = LINE ( 'NONE', #4630, #1273 ) ;
#373 = AXIS2_PLACEMENT_3D ( 'NONE', #1520, #6472, #6937 ) ;
#374 = DIRECTION ( 'NONE',  ( 1.000000000000000000, 0.000000000000000000, -3.491481338843133355E-15 ) ) ;
#375 = ORIENTED_EDGE ( 'NONE', *, *, #6527, .T. ) ;
#376 = EDGE_LOOP ( 'NONE', ( #4436, #1166, #6292, #406, #970, #5063 ) ) ;
#377 = PERSON_AND_ORGANIZATION_ROLE ( 'classification_officer' ) ;
#378 = AXIS2_PLACEMENT_3D ( 'NONE', #4302, #1547, #3237 ) ;
#379 = CARTESIAN_POINT ( 'NONE',  ( -30.17410943339790919, 5.999999999999992895, 27.23472174205893737 ) ) ;
#380 = CARTESIAN_POINT ( 'NONE',  ( -23.48450521847396288, 10.75846459404884570, 14.82796759456442892 ) ) ;
#381 = DIRECTION ( 'NONE',  ( -0.000000000000000000, -1.000000000000000000, -0.000000000000000000 ) ) ;
#382 = CARTESIAN_POINT ( 'NONE',  ( 31.24999999999977973, 5.499999999999991118, -31.25000000000020250 ) ) ;
#383 = VECTOR ( 'NONE', #4860, 1000.000000000000114 ) ;
#384 = ORIENTED_EDGE ( 'NONE', *, *, #2569, .T. ) ;
#385 = EDGE_CURVE ( 'NONE', #918, #3590, #94, .T. ) ;
#386 = CARTESIAN_POINT ( 'NONE',  ( -31.25000000000031264, 0.000000000000000000, -31.24999999999967315 ) ) ;
#387 = DIRECTION ( 'NONE',  ( 0.000000000000000000, 0.000000000000000000, 1.000000000000000000 ) ) ;
#388 = FACE_OUTER_BOUND ( 'NONE', #6506, .T. ) ;
#389 = VERTEX_POINT ( 'NONE', #269 ) ;
#390 = CARTESIAN_POINT ( 'NONE',  ( 12.58578643762690952, 10.49999999999999467, 21.37039612845343584 ) ) ;
#391 = VERTEX_POINT ( 'NONE', #4636 ) ;
#392 = EDGE_LOOP ( 'NONE', ( #5390, #2917, #301, #5028, #1081 ) ) ;
#393 = CARTESIAN_POINT ( 'NONE',  ( 23.68597397503225821, 10.34004226407737015, -14.20929924847619574 ) ) ;
#394 = CARTESIAN_POINT ( 'NONE',  ( 0.000000000000000000, 11.00000000000000000, 0.000000000000000000 ) ) ;
#395 = DIRECTION ( 'NONE',  ( -0.000000000000000000, -1.000000000000000000, -0.000000000000000000 ) ) ;
#396 = DIRECTION ( 'NONE',  ( -0.9659258262890685343, 0.000000000000000000, -0.2588190451025199623 ) ) ;
#397 = ORIENTED_EDGE ( 'NONE', *, *, #4463, .T. ) ;
#398 = CARTESIAN_POINT ( 'NONE',  ( -25.29237568234323419, 9.766606852233524094, -17.21487277270327354 ) ) ;
#399 = DIRECTION ( 'NONE',  ( -0.000000000000000000, -1.000000000000000000, -0.000000000000000000 ) ) ;
#400 = LINE ( 'NONE', #370, #1976 ) ;
#401 = CARTESIAN_POINT ( 'NONE',  ( 23.83567845717763589, 10.58818114465183768, -15.40364260314589018 ) ) ;
#402 = EDGE_CURVE ( 'NONE', #2043, #2212, #2309, .T. ) ;
#403 = DIRECTION ( 'NONE',  ( 0.000000000000000000, 0.000000000000000000, -1.000000000000000000 ) ) ;
#404 = CARTESIAN_POINT ( 'NONE',  ( -30.17410943339790919, 6.124798468254549100, 27.23472174205893737 ) ) ;
#405 = VERTEX_POINT ( 'NONE', #4745 ) ;
#406 = ORIENTED_EDGE ( 'NONE', *, *, #201, .T. ) ;
#407 = VERTEX_POINT ( 'NONE', #4711 ) ;
#408 = CARTESIAN_POINT ( 'NONE',  ( -12.50000000000000355, 11.00000000000000000, 19.49358868961792268 ) ) ;
#409 = CARTESIAN_POINT ( 'NONE',  ( 6.683212821753899746, 11.00000000000000000, -22.52963973034508172 ) ) ;
#410 = EDGE_CURVE ( 'NONE', #785, #1605, #2044, .T. ) ;
#411 = CYLINDRICAL_SURFACE ( 'NONE', #769, 2.100000000000000977 ) ;
#412 = DIRECTION ( 'NONE',  ( 0.000000000000000000, 0.000000000000000000, 1.000000000000000000 ) ) ;
#413 = ORIENTED_EDGE ( 'NONE', *, *, #6978, .F. ) ;
#414 = FACE_OUTER_BOUND ( 'NONE', #2682, .T. ) ;
#415 = DIRECTION ( 'NONE',  ( 0.7071067811865622277, -0.000000000000000000, 0.7071067811865329178 ) ) ;
#416 = CARTESIAN_POINT ( 'NONE',  ( -12.00000000000000000, -21.13582213160103151, 19.95618256608032937 ) ) ;
#417 = ORIENTED_EDGE ( 'NONE', *, *, #235, .F. ) ;
#418 = CARTESIAN_POINT ( 'NONE',  ( 32.59607450347801461, 10.49999999999999467, -9.669329188920526619 ) ) ;
#419 = ORIENTED_EDGE ( 'NONE', *, *, #410, .F. ) ;
#420 = DIRECTION ( 'NONE',  ( 0.000000000000000000, 0.000000000000000000, 1.000000000000000000 ) ) ;
#421 = CIRCLE ( 'NONE', #4538, 2.400000000000001243 ) ;
#422 = CARTESIAN_POINT ( 'NONE',  ( 12.00000000000000178, 10.49999999999999822, 19.49358868961792624 ) ) ;
#423 = CARTESIAN_POINT ( 'NONE',  ( 4.000000000000000000, 0.5000000000000004441, 0.000000000000000000 ) ) ;
#424 = EDGE_CURVE ( 'NONE', #3076, #1080, #3933, .T. ) ;
#425 = AXIS2_PLACEMENT_3D ( 'NONE', #2684, #6992, #4259 ) ;
#426 = DIRECTION ( 'NONE',  ( 0.4999999999999987788, 0.7071067811865491270, 0.4999999999999987788 ) ) ;
#427 = ORIENTED_EDGE ( 'NONE', *, *, #5056, .T. ) ;
#428 = EDGE_CURVE ( 'NONE', #578, #3423, #2951, .T. ) ;
#429 = CARTESIAN_POINT ( 'NONE',  ( -17.09395039137927697, 0.000000000000000000, -25.17145330101927314 ) ) ;
#430 = VECTOR ( 'NONE', #4921, 1000.000000000000000 ) ;
#431 = DIRECTION ( 'NONE',  ( 0.7071067811865462405, -0.7071067811865489050, 0.000000000000000000 ) ) ;
#432 = AXIS2_PLACEMENT_3D ( 'NONE', #2622, #4702, #4156 ) ;
#433 = CARTESIAN_POINT ( 'NONE',  ( 23.59827277757646868, 10.70699823059374012, -15.02290331276925528 ) ) ;
#434 = VECTOR ( 'NONE', #6677, 1000.000000000000000 ) ;
#435 = FACE_OUTER_BOUND ( 'NONE', #6561, .T. ) ;
#436 = CYLINDRICAL_SURFACE ( 'NONE', #793, 2.399999999999999467 ) ;
#437 = VERTEX_POINT ( 'NONE', #837 ) ;
#438 = EDGE_LOOP ( 'NONE', ( #6926, #1330, #4635, #3980 ) ) ;
#439 = APPROVAL_DATE_TIME ( #6437, #3311 ) ;
#440 = AXIS2_PLACEMENT_3D ( 'NONE', #3289, #997, #2221 ) ;
#441 = VECTOR ( 'NONE', #6331, 1000.000000000000114 ) ;
#442 = ORIENTED_EDGE ( 'NONE', *, *, #5723, .F. ) ;
#443 = DIRECTION ( 'NONE',  ( -0.7071067811865474617, 0.000000000000000000, -0.7071067811865476838 ) ) ;
#444 = EDGE_CURVE ( 'NONE', #3303, #578, #5744, .T. ) ;
#445 = FACE_OUTER_BOUND ( 'NONE', #6614, .T. ) ;
#446 = CARTESIAN_POINT ( 'NONE',  ( 16.07998089889725080, 9.638404495803586158, -24.92116906395974141 ) ) ;
#447 = FACE_OUTER_BOUND ( 'NONE', #6211, .T. ) ;
#448 = CONICAL_SURFACE ( 'NONE', #4438, 23.99999999999999645, 0.7853981633974447263 ) ;
#449 = FACE_OUTER_BOUND ( 'NONE', #240, .T. ) ;
#450 = ORIENTED_EDGE ( 'NONE', *, *, #4212, .T. ) ;
#451 = ORIENTED_EDGE ( 'NONE', *, *, #4784, .T. ) ;
#452 = CIRCLE ( 'NONE', #6269, 1.399999999999998579 ) ;
#453 = EDGE_CURVE ( 'NONE', #956, #2065, #6905, .T. ) ;
#454 = ADVANCED_FACE ( 'NONE', ( #1413 ), #4195, .F. ) ;
#455 = CIRCLE ( 'NONE', #4107, 23.50000000000000000 ) ;
#456 = CARTESIAN_POINT ( 'NONE',  ( -31.25000000000031264, 5.999999999999996447, -31.24999999999967315 ) ) ;
#457 = LINE ( 'NONE', #4826, #1571 ) ;
#458 = AXIS2_PLACEMENT_3D ( 'NONE', #1806, #5566, #3989 ) ;
#459 = LINE ( 'NONE', #6986, #4613 ) ;
#460 = VECTOR ( 'NONE', #3499, 1000.000000000000114 ) ;
#461 = ORIENTED_EDGE ( 'NONE', *, *, #5646, .T. ) ;
#462 = CARTESIAN_POINT ( 'NONE',  ( -24.45559879876122622, 9.927079897466152048, 15.47731122237379431 ) ) ;
#463 = ORIENTED_EDGE ( 'NONE', *, *, #576, .F. ) ;
#464 = VERTEX_POINT ( 'NONE', #2487 ) ;
#465 = DIRECTION ( 'NONE',  ( 0.7071067811865544561, -0.000000000000000000, 0.7071067811865405783 ) ) ;
#466 = AXIS2_PLACEMENT_3D ( 'NONE', #4037, #5261, #1851 ) ;
#467 = AXIS2_PLACEMENT_3D ( 'NONE', #382, #6842, #2571 ) ;
#468 = B_SPLINE_CURVE_WITH_KNOTS ( 'NONE', 3,
 ( #6715, #6156, #6233, #732 ),
 .UNSPECIFIED., .F., .F.,
 ( 4, 4 ),
 ( 0.000000000000000000, 1.000000000000000000 ),
 .UNSPECIFIED. ) ;
#469 = CARTESIAN_POINT ( 'NONE',  ( -34.18938769133939104, 2.999999999999993339, 28.31061230866061607 ) ) ;
#470 = DIRECTION ( 'NONE',  ( -0.7071067811865477948, 0.000000000000000000, 0.7071067811865473507 ) ) ;
#471 = ADVANCED_FACE ( 'NONE', ( #1985 ), #2958, .F. ) ;
#472 = DIRECTION ( 'NONE',  ( 0.7071067811865474617, 0.000000000000000000, -0.7071067811865474617 ) ) ;
#473 = ORIENTED_EDGE ( 'NONE', *, *, #1182, .F. ) ;
#474 = CARTESIAN_POINT ( 'NONE',  ( 12.84225574309542495, 11.00000000000000000, -22.37897910416469216 ) ) ;
#475 = CARTESIAN_POINT ( 'NONE',  ( -23.99959630281046685, 10.49833747560087893, -15.64982447816051092 ) ) ;
#476 = PLANE ( 'NONE',  #5584 ) ;
#477 = DIRECTION ( 'NONE',  ( 0.000000000000000000, 0.000000000000000000, -1.000000000000000000 ) ) ;
#478 = CARTESIAN_POINT ( 'NONE',  ( 15.64982447820253597, 10.49833747558392005, -23.99959630284107703 ) ) ;
#479 = VERTEX_POINT ( 'NONE', #5849 ) ;
#480 = ORIENTED_EDGE ( 'NONE', *, *, #3795, .F. ) ;
#481 = CARTESIAN_POINT ( 'NONE',  ( -15.02485169027388778, 10.70745652396187175, -23.59860990977666972 ) ) ;
#482 = CARTESIAN_POINT ( 'NONE',  ( 12.00000000000000178, -21.13582213160103151, 19.49358868961792624 ) ) ;
#483 = PLANE ( 'NONE',  #7039 ) ;
#484 = AXIS2_PLACEMENT_3D ( 'NONE', #3564, #1978, #5693 ) ;
#485 = ADVANCED_FACE ( 'NONE', ( #5313 ), #4102, .F. ) ;
#486 = DIRECTION ( 'NONE',  ( 0.000000000000000000, 1.000000000000000000, 0.000000000000000000 ) ) ;
#487 = ORIENTED_EDGE ( 'NONE', *, *, #4471, .T. ) ;
#488 = VERTEX_POINT ( 'NONE', #6974 ) ;
#489 = AXIS2_PLACEMENT_3D ( 'NONE', #3477, #5013, #605 ) ;
#490 = VECTOR ( 'NONE', #3162, 1000.000000000000114 ) ;
#491 = FACE_OUTER_BOUND ( 'NONE', #664, .T. ) ;
#492 = AXIS2_PLACEMENT_3D ( 'NONE', #6929, #4187, #1008 ) ;
#493 = DIRECTION ( 'NONE',  ( 0.000000000000000000, 0.000000000000000000, 1.000000000000000000 ) ) ;
#494 = ADVANCED_FACE ( 'NONE', ( #4131 ), #982, .F. ) ;
#495 = EDGE_CURVE ( 'NONE', #3827, #6141, #2597, .T. ) ;
#496 = AXIS2_PLACEMENT_3D ( 'NONE', #5615, #3405, #5579 ) ;
#497 = ORIENTED_EDGE ( 'NONE', *, *, #4839, .F. ) ;
#498 = LINE ( 'NONE', #3258, #1592 ) ;
#499 = ORIENTED_EDGE ( 'NONE', *, *, #1634, .T. ) ;
#500 = ORIENTED_EDGE ( 'NONE', *, *, #6465, .T. ) ;
#501 = DIRECTION ( 'NONE',  ( 0.000000000000000000, 0.000000000000000000, 1.000000000000000000 ) ) ;
#502 = CARTESIAN_POINT ( 'NONE',  ( 22.89618891610152573, 10.99999999999979750, 14.81868600646155798 ) ) ;
#503 = PLANE ( 'NONE',  #1130 ) ;
#504 = EDGE_CURVE ( 'NONE', #3918, #1700, #3602, .T. ) ;
#505 = CARTESIAN_POINT ( 'NONE',  ( -31.25000000000000000, 0.000000000000000000, 31.24999999999999289 ) ) ;
#506 = ORIENTED_EDGE ( 'NONE', *, *, #4931, .F. ) ;
#507 = CARTESIAN_POINT ( 'NONE',  ( 23.31483772267809940, 10.46172458998747068, -13.39267290985187131 ) ) ;
#508 = EDGE_CURVE ( 'NONE', #1126, #3918, #557, .T. ) ;
#509 = CYLINDRICAL_SURFACE ( 'NONE', #6421, 10.00000000000000178 ) ;
#510 = DIRECTION ( 'NONE',  ( -0.6710100716628210060, 0.6644630243886956444, -0.3289899283371510164 ) ) ;
#511 = CARTESIAN_POINT ( 'NONE',  ( -13.43502884254437468, 11.00099999999999945, -14.83502884254443011 ) ) ;
#512 = CARTESIAN_POINT ( 'NONE',  ( -23.00899376716094835, 0.5000000000000004441, 6.825408839238022551 ) ) ;
#513 = ORIENTED_EDGE ( 'NONE', *, *, #772, .T. ) ;
#514 = ORIENTED_EDGE ( 'NONE', *, *, #2139, .F. ) ;
#515 = CARTESIAN_POINT ( 'NONE',  ( 6.000000000000000000, 0.000000000000000000, 20.78460969082652454 ) ) ;
#516 = EDGE_CURVE ( 'NONE', #3949, #639, #341, .T. ) ;
#517 = CARTESIAN_POINT ( 'NONE',  ( -14.69419902588080440, 10.22051378687795342, -23.94916689043083480 ) ) ;
#518 = CARTESIAN_POINT ( 'NONE',  ( -23.99795853263421819, 10.50189274059322031, -15.65229466374917777 ) ) ;
#519 = FACE_OUTER_BOUND ( 'NONE', #3599, .T. ) ;
#520 = ORIENTED_EDGE ( 'NONE', *, *, #4652, .F. ) ;
#521 = VERTEX_POINT ( 'NONE', #946 ) ;
#522 = FACE_OUTER_BOUND ( 'NONE', #3569, .T. ) ;
#523 = CARTESIAN_POINT ( 'NONE',  ( 25.52500669161253199, 0.5000000000000004441, -16.74039700078600390 ) ) ;
#524 = PLANE ( 'NONE',  #1860 ) ;
#525 = CARTESIAN_POINT ( 'NONE',  ( 0.000000000000000000, 2.999999999999995559, -4.000000000000000000 ) ) ;
#526 = VERTEX_POINT ( 'NONE', #3167 ) ;
#527 = ORIENTED_EDGE ( 'NONE', *, *, #6129, .F. ) ;
#528 = CARTESIAN_POINT ( 'NONE',  ( -13.43502884254442620, 2.000000000000000000, 13.43502884254437646 ) ) ;
#529 = CARTESIAN_POINT ( 'NONE',  ( 35.28875145481997322, 5.999999999999996447, -27.21124854517999836 ) ) ;
#530 = LINE ( 'NONE', #2717, #3232 ) ;
#531 = VERTEX_POINT ( 'NONE', #3098 ) ;
#532 = CARTESIAN_POINT ( 'NONE',  ( 24.76585159697792093, 9.729870665554683384, -15.89682993563660496 ) ) ;
#533 = EDGE_CURVE ( 'NONE', #2880, #1216, #5280, .T. ) ;
#534 = EDGE_CURVE ( 'NONE', #6389, #956, #2634, .T. ) ;
#535 = CARTESIAN_POINT ( 'NONE',  ( -23.00899376716094835, 11.00000000000000000, -6.825408839238029657 ) ) ;
#536 = CARTESIAN_POINT ( 'NONE',  ( 24.73122939969110945, 9.753006548936994591, 15.84581505293379955 ) ) ;
#537 = DIRECTION ( 'NONE',  ( 0.7071067811865328068, 0.000000000000000000, -0.7071067811865623387 ) ) ;
#538 = DIRECTION ( 'NONE',  ( 0.000000000000000000, 0.000000000000000000, 1.000000000000000000 ) ) ;
#539 = DIRECTION ( 'NONE',  ( 0.7071067811865472397, 0.000000000000000000, 0.7071067811865479058 ) ) ;
#540 = ORIENTED_EDGE ( 'NONE', *, *, #2587, .F. ) ;
#541 = EDGE_LOOP ( 'NONE', ( #7006, #6661, #6670, #2339 ) ) ;
#542 = VECTOR ( 'NONE', #5830, 1000.000000000000000 ) ;
#543 = CARTESIAN_POINT ( 'NONE',  ( -12.53977053546896947, 10.49999999999999467, -23.01690092346469640 ) ) ;
#544 = CARTESIAN_POINT ( 'NONE',  ( -14.20929924847181880, 10.34004226407919447, -23.68597397503003421 ) ) ;
#545 = DIRECTION ( 'NONE',  ( 0.5000000000000014433, 0.7071067811865450192, 0.5000000000000019984 ) ) ;
#546 = CIRCLE ( 'NONE', #6365, 2.099999999999997868 ) ;
#547 = DIRECTION ( 'NONE',  ( -0.000000000000000000, -1.000000000000000000, -0.000000000000000000 ) ) ;
#548 = ORIENTED_EDGE ( 'NONE', *, *, #3712, .T. ) ;
#549 = AXIS2_PLACEMENT_3D ( 'NONE', #6430, #4737, #6397 ) ;
#550 = ORIENTED_EDGE ( 'NONE', *, *, #2351, .T. ) ;
#551 = VECTOR ( 'NONE', #1692, 1000.000000000000000 ) ;
#552 = CARTESIAN_POINT ( 'NONE',  ( -35.26527825794179449, 2.999999999999992450, -32.32589056660133764 ) ) ;
#553 = ORIENTED_EDGE ( 'NONE', *, *, #4276, .F. ) ;
#554 = AXIS2_PLACEMENT_3D ( 'NONE', #4554, #2336, #6193 ) ;
#555 = CARTESIAN_POINT ( 'NONE',  ( 25.77930561637874973, 5.999999999999996447, -33.85680852601870328 ) ) ;
#556 = LINE ( 'NONE', #1158, #270 ) ;
#557 = CIRCLE ( 'NONE', #4561, 10.00000000000000355 ) ;
#558 = EDGE_CURVE ( 'NONE', #2175, #4557, #4775, .T. ) ;
#559 = ORIENTED_EDGE ( 'NONE', *, *, #1694, .T. ) ;
#560 = AXIS2_PLACEMENT_3D ( 'NONE', #2935, #5131, #6191 ) ;
#561 = ORIENTED_EDGE ( 'NONE', *, *, #1905, .F. ) ;
#562 = DIRECTION ( 'NONE',  ( -0.5000000000000035527, -0.7071067811865492381, 0.4999999999999938383 ) ) ;
#563 = VECTOR ( 'NONE', #6128, 1000.000000000000227 ) ;
#564 = DIRECTION ( 'NONE',  ( -0.000000000000000000, -1.000000000000000000, -0.000000000000000000 ) ) ;
#565 = AXIS2_PLACEMENT_3D ( 'NONE', #5042, #3333, #2248 ) ;
#566 = LINE ( 'NONE', #2223, #798 ) ;
#567 = CARTESIAN_POINT ( 'NONE',  ( -24.76585159881297571, 9.729870664484208120, 15.89682993780400899 ) ) ;
#568 = EDGE_CURVE ( 'NONE', #3480, #3856, #104, .T. ) ;
#569 = VERTEX_POINT ( 'NONE', #4344 ) ;
#570 = VECTOR ( 'NONE', #1848, 1000.000000000000000 ) ;
#571 = CARTESIAN_POINT ( 'NONE',  ( 23.48193782372233329, 10.41501712426527249, 13.78482637474617434 ) ) ;
#572 = PLANE ( 'NONE',  #4103 ) ;
#573 = DIRECTION ( 'NONE',  ( -0.7071067811865544561, 0.000000000000000000, -0.7071067811865405783 ) ) ;
#574 = CARTESIAN_POINT ( 'NONE',  ( 15.88863270537030381, 10.39692620785911004, -24.16949739484926241 ) ) ;
#575 = EDGE_CURVE ( 'NONE', #2572, #6671, #4852, .T. ) ;
#576 = EDGE_CURVE ( 'NONE', #3669, #2357, #1886, .T. ) ;
#577 = ORIENTED_EDGE ( 'NONE', *, *, #3360, .F. ) ;
#578 = VERTEX_POINT ( 'NONE', #1553 ) ;
#579 = PLANE ( 'NONE',  #2838 ) ;
#580 = DIRECTION ( 'NONE',  ( -0.000000000000000000, 1.000000000000000000, -0.000000000000000000 ) ) ;
#581 = DIRECTION ( 'NONE',  ( 0.000000000000000000, -1.000000000000000000, 0.000000000000000000 ) ) ;
#582 = VECTOR ( 'NONE', #4383, 1000.000000000000000 ) ;
#583 = AXIS2_PLACEMENT_3D ( 'NONE', #4654, #3084, #364 ) ;
#584 = DIRECTION ( 'NONE',  ( 0.000000000000000000, -1.000000000000000000, 0.000000000000000000 ) ) ;
#585 = ORIENTED_EDGE ( 'NONE', *, *, #5785, .T. ) ;
#586 = VERTEX_POINT ( 'NONE', #2731 ) ;
#587 = DIRECTION ( 'NONE',  ( 0.000000000000000000, -1.000000000000000000, 0.000000000000000000 ) ) ;
#588 = DIRECTION ( 'NONE',  ( -0.000000000000000000, 0.000000000000000000, -1.000000000000000000 ) ) ;
#589 = EDGE_CURVE ( 'NONE', #624, #4163, #5928, .T. ) ;
#590 = CIRCLE ( 'NONE', #4597, 1.499999999999997780 ) ;
#591 = PLANE ( 'NONE',  #3178 ) ;
#592 = DIRECTION ( 'NONE',  ( 0.7071067811865474617, 0.000000000000000000, -0.7071067811865476838 ) ) ;
#593 = CIRCLE ( 'NONE', #29, 23.50000000000000000 ) ;
#594 = EDGE_LOOP ( 'NONE', ( #6350, #2779, #1926, #5092 ) ) ;
#595 = CONICAL_SURFACE ( 'NONE', #4603, 6.211657082460492418, 0.7853981633974456145 ) ;
#596 = ORIENTED_EDGE ( 'NONE', *, *, #5321, .T. ) ;
#597 = DIRECTION ( 'NONE',  ( 0.7071067811865472397, 0.000000000000000000, 0.7071067811865479058 ) ) ;
#598 = CIRCLE ( 'NONE', #6414, 1.400000000000000133 ) ;
#599 = CARTESIAN_POINT ( 'NONE',  ( 6.000000000000000000, 2.000000000000000000, 18.78460969082652099 ) ) ;
#600 = CARTESIAN_POINT ( 'NONE',  ( -24.50629134055935765, 10.18874678450002058, 16.36072403709252754 ) ) ;
#601 = ORIENTED_EDGE ( 'NONE', *, *, #2893, .T. ) ;
#602 = CARTESIAN_POINT ( 'NONE',  ( -22.89618891610151863, 10.99999999999979750, -14.81868600646155087 ) ) ;
#603 = CARTESIAN_POINT ( 'NONE',  ( 25.52500669161252489, 9.296760541840573211, 16.74039700078600745 ) ) ;
#604 = CARTESIAN_POINT ( 'NONE',  ( 28.31061230865950407, 2.999999999999993339, -34.18938769134042843 ) ) ;
#605 = DIRECTION ( 'NONE',  ( 0.000000000000000000, 0.000000000000000000, 1.000000000000000000 ) ) ;
#606 = AXIS2_PLACEMENT_3D ( 'NONE', #265, #5103, #2876 ) ;
#607 = CARTESIAN_POINT ( 'NONE',  ( 14.90184112284091000, 10.74063078610299904, -23.52618251874219268 ) ) ;
#608 = ORIENTED_EDGE ( 'NONE', *, *, #5666, .F. ) ;
#609 = ORIENTED_EDGE ( 'NONE', *, *, #1518, .F. ) ;
#610 = CARTESIAN_POINT ( 'NONE',  ( -15.88863270537044237, 10.39692620785910648, -24.16949739484938675 ) ) ;
#611 = EDGE_CURVE ( 'NONE', #3431, #617, #5471, .T. ) ;
#612 = CARTESIAN_POINT ( 'NONE',  ( -34.18938769133939104, 5.999999999999992895, 28.31061230866061607 ) ) ;
#613 = DIRECTION ( 'NONE',  ( -0.000000000000000000, -1.000000000000000000, -0.000000000000000000 ) ) ;
#614 = CARTESIAN_POINT ( 'NONE',  ( -1.839952100020067455E-16, 2.999999999999993339, -1.839952100020029984E-16 ) ) ;
#615 = CARTESIAN_POINT ( 'NONE',  ( 24.53248557872857916, 5.999999999999996447, -32.60998848836853625 ) ) ;
#616 = VERTEX_POINT ( 'NONE', #4408 ) ;
#617 = VERTEX_POINT ( 'NONE', #2207 ) ;
#618 = ORIENTED_EDGE ( 'NONE', *, *, #2117, .T. ) ;
#619 = LINE ( 'NONE', #2213, #5355 ) ;
#620 = EDGE_CURVE ( 'NONE', #6673, #2220, #6563, .T. ) ;
#621 = DIRECTION ( 'NONE',  ( 0.000000000000000000, 0.000000000000000000, 1.000000000000000000 ) ) ;
#622 = CARTESIAN_POINT ( 'NONE',  ( 34.18938769133919209, 2.999999999999993339, -28.31061230866085765 ) ) ;
#623 = CARTESIAN_POINT ( 'NONE',  ( 34.18938769133919209, 5.999999999999992895, -28.31061230866085765 ) ) ;
#624 = VERTEX_POINT ( 'NONE', #3739 ) ;
#625 = ORIENTED_EDGE ( 'NONE', *, *, #2408, .F. ) ;
#626 = ORIENTED_EDGE ( 'NONE', *, *, #6342, .T. ) ;
#627 = DIRECTION ( 'NONE',  ( 0.000000000000000000, -1.000000000000000000, 0.000000000000000000 ) ) ;
#628 = DIRECTION ( 'NONE',  ( 0.5000000000000066613, -0.7071067811865485719, 0.4999999999999918954 ) ) ;
#629 = CARTESIAN_POINT ( 'NONE',  ( -13.43502884254442620, 0.000000000000000000, 15.83502884254437504 ) ) ;
#630 = ORIENTED_EDGE ( 'NONE', *, *, #3248, .F. ) ;
#631 = EDGE_CURVE ( 'NONE', #1550, #230, #5447, .T. ) ;
#632 = DIRECTION ( 'NONE',  ( 0.000000000000000000, 0.000000000000000000, -1.000000000000000000 ) ) ;
#633 = DIRECTION ( 'NONE',  ( 0.000000000000000000, 0.000000000000000000, 1.000000000000000000 ) ) ;
#634 = CYLINDRICAL_SURFACE ( 'NONE', #4798, 1.999999999999998224 ) ;
#635 = B_SPLINE_CURVE_WITH_KNOTS ( 'NONE', 3,
 ( #705, #2428, #3539, #3498, #4499, #5152, #281, #202, #4643, #3467, #6770, #245 ),
 .UNSPECIFIED., .F., .F.,
 ( 4, 2, 2, 2, 2, 4 ),
 ( 0.000000000000000000, 0.1250000000000000555, 0.2500000000000001110, 0.3750000000000001665, 0.5000000000000002220, 1.000000000000000000 ),
 .UNSPECIFIED. ) ;
#636 = DIRECTION ( 'NONE',  ( 0.000000000000000000, 0.000000000000000000, 1.000000000000000000 ) ) ;
#637 = CARTESIAN_POINT ( 'NONE',  ( -25.26468744443453573, 9.437454822952382472, -16.48007775360802540 ) ) ;
#638 = ORIENTED_EDGE ( 'NONE', *, *, #1727, .T. ) ;
#639 = VERTEX_POINT ( 'NONE', #6537 ) ;
#640 = EDGE_CURVE ( 'NONE', #4182, #1944, #5950, .T. ) ;
#641 = LINE ( 'NONE', #5733, #1125 ) ;
#642 = LINE ( 'NONE', #6564, #582 ) ;
#643 = DIRECTION ( 'NONE',  ( 0.000000000000000000, -1.000000000000000000, 0.000000000000000000 ) ) ;
#644 = EDGE_CURVE ( 'NONE', #479, #1258, #1681, .T. ) ;
#645 = FACE_OUTER_BOUND ( 'NONE', #1315, .T. ) ;
#646 = FACE_OUTER_BOUND ( 'NONE', #3639, .T. ) ;
#647 = ORIENTED_EDGE ( 'NONE', *, *, #4048, .T. ) ;
#648 = VERTEX_POINT ( 'NONE', #1112 ) ;
#649 = CARTESIAN_POINT ( 'NONE',  ( -13.43502884254442620, 2.000000000000000000, 14.83502884254437504 ) ) ;
#650 = ADVANCED_FACE ( 'NONE', ( #3243 ), #2233, .F. ) ;
#651 = ORIENTED_EDGE ( 'NONE', *, *, #516, .T. ) ;
#652 = VECTOR ( 'NONE', #4357, 1000.000000000000000 ) ;
#653 = CARTESIAN_POINT ( 'NONE',  ( 0.000000000000000000, 10.49999999999999467, 0.000000000000000000 ) ) ;
#654 = CARTESIAN_POINT ( 'NONE',  ( -24.16949739484939386, 10.39692620785910826, 15.88863270537045658 ) ) ;
#655 = VECTOR ( 'NONE', #2888, 999.9999999999998863 ) ;
#656 = CARTESIAN_POINT ( 'NONE',  ( 0.000000000000000000, 11.00000000000000000, 0.000000000000000000 ) ) ;
#657 = AXIS2_PLACEMENT_3D ( 'NONE', #3062, #381, #2570 ) ;
#658 = CARTESIAN_POINT ( 'NONE',  ( -25.29237568234324840, 9.766606852233570280, 17.21487277270326999 ) ) ;
#659 = EDGE_CURVE ( 'NONE', #3608, #802, #5419, .T. ) ;
#660 = EDGE_CURVE ( 'NONE', #4841, #4146, #1624, .T. ) ;
#661 = ORIENTED_EDGE ( 'NONE', *, *, #5521, .F. ) ;
#662 = VERTEX_POINT ( 'NONE', #3274 ) ;
#663 = AXIS2_PLACEMENT_3D ( 'NONE', #161, #192, #5704 ) ;
#664 = EDGE_LOOP ( 'NONE', ( #2931, #6386, #4412, #5653 ) ) ;
#665 = VECTOR ( 'NONE', #154, 1000.000000000000000 ) ;
#666 = CARTESIAN_POINT ( 'NONE',  ( 23.63827613558812146, 10.35909692304244167, -14.11443738860677399 ) ) ;
#667 = FACE_BOUND ( 'NONE', #2748, .T. ) ;
#668 = CARTESIAN_POINT ( 'NONE',  ( -7.857864376269053430, 3.499999999999999556, 20.28460969082652454 ) ) ;
#669 = VECTOR ( 'NONE', #6283, 999.9999999999998863 ) ;
#670 = VECTOR ( 'NONE', #2366, 1000.000000000000000 ) ;
#671 = AXIS2_PLACEMENT_3D ( 'NONE', #5378, #5338, #537 ) ;
#672 = CARTESIAN_POINT ( 'NONE',  ( 13.43502884254442797, 0.000000000000000000, -11.03502884254437255 ) ) ;
#673 = ORIENTED_EDGE ( 'NONE', *, *, #6273, .F. ) ;
#674 = CIRCLE ( 'NONE', #3548, 10.49999999999994316 ) ;
#675 = LINE ( 'NONE', #6178, #2275 ) ;
#676 = AXIS2_PLACEMENT_3D ( 'NONE', #4580, #6695, #1431 ) ;
#677 = CARTESIAN_POINT ( 'NONE',  ( 23.01690092346464311, 10.49999999999999467, 12.53977053546884868 ) ) ;
#678 = CYLINDRICAL_SURFACE ( 'NONE', #4918, 2.099999999999997868 ) ;
#679 = CARTESIAN_POINT ( 'NONE',  ( -24.16949739484939386, 10.39692620785910826, 15.88863270537045658 ) ) ;
#680 = CARTESIAN_POINT ( 'NONE',  ( 13.65681759658054339, 10.43250207388758000, -23.42521023613518238 ) ) ;
#681 = VERTEX_POINT ( 'NONE', #543 ) ;
#682 = VERTEX_POINT ( 'NONE', #5483 ) ;
#683 = ADVANCED_FACE ( 'NONE', ( #2794 ), #579, .F. ) ;
#684 = CARTESIAN_POINT ( 'NONE',  ( 6.000000000000000000, 0.5000000000000004441, 20.78460969082652454 ) ) ;
#685 = CARTESIAN_POINT ( 'NONE',  ( 13.43502884254442797, 0.000000000000000000, -13.43502884254437468 ) ) ;
#686 = VECTOR ( 'NONE', #284, 1000.000000000000114 ) ;
#688 = CARTESIAN_POINT ( 'NONE',  ( 0.000000000000000000, 11.00000000000000000, 0.000000000000000000 ) ) ;
#687 = VECTOR ( 'NONE', #3675, 1000.000000000000000 ) ;
#689 = DIRECTION ( 'NONE',  ( -0.6779089800432692714, 0.7071067811865501263, -0.2010955364414907520 ) ) ;
#690 = CARTESIAN_POINT ( 'NONE',  ( 22.71481489878135207, 10.98854027673595546, 13.19041132088534773 ) ) ;
#691 = ORIENTED_EDGE ( 'NONE', *, *, #235, .T. ) ;
#692 = ORIENTED_EDGE ( 'NONE', *, *, #1950, .T. ) ;
#693 = DIRECTION ( 'NONE',  ( 0.000000000000000000, -1.000000000000000000, 0.000000000000000000 ) ) ;
#694 = VECTOR ( 'NONE', #6925, 1000.000000000000114 ) ;
#695 = ORIENTED_EDGE ( 'NONE', *, *, #6155, .T. ) ;
#696 = CARTESIAN_POINT ( 'NONE',  ( -24.45559879876115517, 9.927079897466144942, -15.47731122237370727 ) ) ;
#697 = FACE_OUTER_BOUND ( 'NONE', #133, .T. ) ;
#698 = VERTEX_POINT ( 'NONE', #4982 ) ;
#699 = EDGE_CURVE ( 'NONE', #6087, #1017, #2333, .T. ) ;
#700 = CARTESIAN_POINT ( 'NONE',  ( 6.000000000000000000, 0.000000000000000000, 20.28460969082652454 ) ) ;
#701 = CARTESIAN_POINT ( 'NONE',  ( 7.857864376269049878, 3.499999999999999556, 30.78460969082652454 ) ) ;
#702 = ORIENTED_EDGE ( 'NONE', *, *, #276, .T. ) ;
#703 = ORIENTED_EDGE ( 'NONE', *, *, #3768, .F. ) ;
#704 = LINE ( 'NONE', #4907, #563 ) ;
#705 = CARTESIAN_POINT ( 'NONE',  ( 24.16949739484930504, 10.39692620785910471, 15.88863270537036598 ) ) ;
#706 = EDGE_CURVE ( 'NONE', #843, #5770, #6376, .T. ) ;
#707 = CARTESIAN_POINT ( 'NONE',  ( -33.85680852601873880, 15.99999999999999645, -25.77930561637879592 ) ) ;
#708 = AXIS2_PLACEMENT_3D ( 'NONE', #5530, #5599, #6640 ) ;
#709 = VECTOR ( 'NONE', #1620, 1000.000000000000000 ) ;
#710 = FACE_OUTER_BOUND ( 'NONE', #6099, .T. ) ;
#711 = ORIENTED_EDGE ( 'NONE', *, *, #2399, .F. ) ;
#712 = DIRECTION ( 'NONE',  ( -0.000000000000000000, -1.000000000000000000, -0.000000000000000000 ) ) ;
#713 = CARTESIAN_POINT ( 'NONE',  ( -12.53977053546896947, 10.49999999999999467, -23.01690092346469640 ) ) ;
#714 = EDGE_CURVE ( 'NONE', #874, #6505, #6583, .T. ) ;
#715 = CARTESIAN_POINT ( 'NONE',  ( 13.43502884254442797, 3.499999999999999556, -12.03502884254437433 ) ) ;
#716 = CARTESIAN_POINT ( 'NONE',  ( -25.52500669161252134, 0.5000000000000004441, -16.74039700078601811 ) ) ;
#717 = CARTESIAN_POINT ( 'NONE',  ( 14.24160543024267334, 10.88026093302050690, -23.17125475100420573 ) ) ;
#718 = ORIENTED_EDGE ( 'NONE', *, *, #2967, .T. ) ;
#719 = CONICAL_SURFACE ( 'NONE', #5519, 6.211657082460492418, 0.7853981633974456145 ) ;
#720 = ORIENTED_EDGE ( 'NONE', *, *, #2914, .F. ) ;
#721 = CARTESIAN_POINT ( 'NONE',  ( -31.25000000000031264, 2.999999999999995559, -33.34999999999967457 ) ) ;
#722 = DIRECTION ( 'NONE',  ( -0.000000000000000000, -1.000000000000000000, -0.000000000000000000 ) ) ;
#723 = DIRECTION ( 'NONE',  ( -0.7071067811865557884, 0.000000000000000000, -0.7071067811865392461 ) ) ;
#724 = CARTESIAN_POINT ( 'NONE',  ( 26.85769515458683898, 5.499999999999991118, 35.64230484541314325 ) ) ;
#725 = DIRECTION ( 'NONE',  ( 0.000000000000000000, 0.000000000000000000, 1.000000000000000000 ) ) ;
#726 = EDGE_CURVE ( 'NONE', #6671, #2536, #5583, .T. ) ;
#727 = CARTESIAN_POINT ( 'NONE',  ( 24.30193980864766345, 10.02679810356355183, 15.26193872806392804 ) ) ;
#728 = VERTEX_POINT ( 'NONE', #1178 ) ;
#729 = ORIENTED_EDGE ( 'NONE', *, *, #3777, .F. ) ;
#730 = EDGE_CURVE ( 'NONE', #4640, #6017, #4461, .T. ) ;
#731 = ORIENTED_EDGE ( 'NONE', *, *, #4306, .F. ) ;
#732 = CARTESIAN_POINT ( 'NONE',  ( 24.16949739484930504, 10.39692620785910471, 15.88863270537036598 ) ) ;
#733 = CARTESIAN_POINT ( 'NONE',  ( -4.392304845413264935, 5.499999999999991118, -4.392304845413264047 ) ) ;
#734 = ORIENTED_EDGE ( 'NONE', *, *, #6953, .T. ) ;
#735 = CARTESIAN_POINT ( 'NONE',  ( -16.29215346468466308, 9.531833827435407969, -25.10331067679177863 ) ) ;
#736 = ORIENTED_EDGE ( 'NONE', *, *, #4291, .T. ) ;
#737 = DIRECTION ( 'NONE',  ( 0.000000000000000000, 0.000000000000000000, -1.000000000000000000 ) ) ;
#738 = FACE_BOUND ( 'NONE', #2459, .T. ) ;
#739 = CARTESIAN_POINT ( 'NONE',  ( -27.23472174205883434, 5.999999999999992895, -30.17410943339800156 ) ) ;
#740 = ORIENTED_EDGE ( 'NONE', *, *, #4885, .F. ) ;
#741 = PLANE ( 'NONE',  #3783 ) ;
#742 = ORIENTED_EDGE ( 'NONE', *, *, #2163, .F. ) ;
#743 = CARTESIAN_POINT ( 'NONE',  ( -12.58578643762690419, 10.49999999999999467, 21.37039612845342873 ) ) ;
#744 = DIRECTION ( 'NONE',  ( -0.000000000000000000, -1.000000000000000000, -0.000000000000000000 ) ) ;
#745 = FACE_OUTER_BOUND ( 'NONE', #5037, .T. ) ;
#746 = CARTESIAN_POINT ( 'NONE',  ( -22.53794224446402339, 11.00000000000000000, 12.68329260279642590 ) ) ;
#747 = CARTESIAN_POINT ( 'NONE',  ( 13.19041132088526247, 10.98854027673595191, -22.71481489878132365 ) ) ;
#748 = VERTEX_POINT ( 'NONE', #5169 ) ;
#749 = ORIENTED_EDGE ( 'NONE', *, *, #5132, .T. ) ;
#750 = EDGE_CURVE ( 'NONE', #810, #5110, #2171, .T. ) ;
#751 = CARTESIAN_POINT ( 'NONE',  ( -14.81868600646166989, 10.99999999999973177, 22.89618891610162521 ) ) ;
#752 = AXIS2_PLACEMENT_3D ( 'NONE', #1496, #879, #6416 ) ;
#753 = CARTESIAN_POINT ( 'NONE',  ( -5.999999999999998224, 0.5000000000000004441, 20.78460969082652454 ) ) ;
#754 = CARTESIAN_POINT ( 'NONE',  ( -27.23472174205883434, 6.124798468254546435, -30.17410943339800156 ) ) ;
#755 = DIRECTION ( 'NONE',  ( 0.000000000000000000, 0.000000000000000000, 1.000000000000000000 ) ) ;
#756 = DIRECTION ( 'NONE',  ( 0.000000000000000000, -0.000000000000000000, -1.000000000000000000 ) ) ;
#757 = CARTESIAN_POINT ( 'NONE',  ( 23.50942696143114219, 10.40655935495733253, 13.84689061848289349 ) ) ;
#758 = ORIENTED_EDGE ( 'NONE', *, *, #385, .F. ) ;
#759 = VERTEX_POINT ( 'NONE', #6662 ) ;
#760 = LINE ( 'NONE', #4596, #5191 ) ;
#761 = ORIENTED_EDGE ( 'NONE', *, *, #4034, .T. ) ;
#762 = CARTESIAN_POINT ( 'NONE',  ( -17.61061742362991822, 0.9999999999999991118, 17.61061742363039784 ) ) ;
#763 = CARTESIAN_POINT ( 'NONE',  ( 4.038751454819994535, 0.000000000000000000, -4.038751454819992759 ) ) ;
#764 = CARTESIAN_POINT ( 'NONE',  ( 12.00000000000000178, 3.499999999999999556, 19.49358868961792624 ) ) ;
#765 = FACE_OUTER_BOUND ( 'NONE', #836, .T. ) ;
#766 = ORIENTED_EDGE ( 'NONE', *, *, #6752, .F. ) ;
#767 = ORIENTED_EDGE ( 'NONE', *, *, #1007, .F. ) ;
#768 = FACE_OUTER_BOUND ( 'NONE', #4054, .T. ) ;
#769 = AXIS2_PLACEMENT_3D ( 'NONE', #4243, #5316, #307 ) ;
#770 = DIRECTION ( 'NONE',  ( 0.7071067811865475727, 0.000000000000000000, 0.7071067811865475727 ) ) ;
#771 = CARTESIAN_POINT ( 'NONE',  ( -27.23472174205808827, 6.124798468254541106, 30.17410943339873342 ) ) ;
#772 = EDGE_CURVE ( 'NONE', #1033, #31, #114, .T. ) ;
#773 = ORIENTED_EDGE ( 'NONE', *, *, #3170, .T. ) ;
#774 = VECTOR ( 'NONE', #1705, 1000.000000000000000 ) ;
#775 = CARTESIAN_POINT ( 'NONE',  ( -6.000000000000000000, 0.000000000000000000, 18.78460969082652099 ) ) ;
#776 = ORIENTED_EDGE ( 'NONE', *, *, #1950, .F. ) ;
#777 = VECTOR ( 'NONE', #3233, 1000.000000000000114 ) ;
#778 = CARTESIAN_POINT ( 'NONE',  ( 17.61061742363034099, 0.9999999999999991118, 17.61061742362998572 ) ) ;
#779 = AXIS2_PLACEMENT_3D ( 'NONE', #1570, #5432, #420 ) ;
#780 = CARTESIAN_POINT ( 'NONE',  ( -13.82027990370515624, 10.93906763553111894, -22.97280600330195455 ) ) ;
#781 = AXIS2_PLACEMENT_3D ( 'NONE', #1619, #3808, #6071 ) ;
#782 = DIRECTION ( 'NONE',  ( 0.000000000000000000, 1.000000000000000000, 0.000000000000000000 ) ) ;
#783 = EDGE_CURVE ( 'NONE', #389, #2899, #3514, .T. ) ;
#784 = LINE ( 'NONE', #5200, #6963 ) ;
#785 = VERTEX_POINT ( 'NONE', #1753 ) ;
#786 = ORIENTED_EDGE ( 'NONE', *, *, #714, .T. ) ;
#787 = AXIS2_PLACEMENT_3D ( 'NONE', #5472, #1543, #4946 ) ;
#788 = CIRCLE ( 'NONE', #6946, 1.499999999999994449 ) ;
#789 = CARTESIAN_POINT ( 'NONE',  ( 0.000000000000000000, 11.00000000000000000, 0.000000000000000000 ) ) ;
#790 = DIRECTION ( 'NONE',  ( 0.000000000000000000, 0.000000000000000000, 1.000000000000000000 ) ) ;
#791 = DIRECTION ( 'NONE',  ( -9.358485233796484233E-16, 0.000000000000000000, -1.000000000000000000 ) ) ;
#792 = FACE_OUTER_BOUND ( 'NONE', #1259, .T. ) ;
#793 = AXIS2_PLACEMENT_3D ( 'NONE', #1048, #2204, #3238 ) ;
#794 = VECTOR ( 'NONE', #68, 1000.000000000000000 ) ;
#795 = EDGE_CURVE ( 'NONE', #45, #81, #1210, .T. ) ;
#796 = EDGE_CURVE ( 'NONE', #1859, #3281, #5585, .T. ) ;
#797 = CARTESIAN_POINT ( 'NONE',  ( -32.59607450347800750, 0.000000000000000000, 9.669329188920531948 ) ) ;
#798 = VECTOR ( 'NONE', #4397, 1000.000000000000000 ) ;
#799 = DIRECTION ( 'NONE',  ( 0.7071067811865572317, 3.317748728305634238E-17, 0.7071067811865379138 ) ) ;
#800 = EDGE_LOOP ( 'NONE', ( #932, #729, #3870, #4223 ) ) ;
#801 = ORIENTED_EDGE ( 'NONE', *, *, #3735, .F. ) ;
#802 = VERTEX_POINT ( 'NONE', #684 ) ;
#803 = FACE_OUTER_BOUND ( 'NONE', #4194, .T. ) ;
#804 = AXIS2_PLACEMENT_3D ( 'NONE', #4716, #842, #950 ) ;
#805 = CARTESIAN_POINT ( 'NONE',  ( 22.73752811653549344, 10.98885594887038408, -13.26088090619177429 ) ) ;
#806 = EDGE_CURVE ( 'NONE', #2972, #1445, #1324, .T. ) ;
#807 = CARTESIAN_POINT ( 'NONE',  ( 6.683212821753899746, 11.00000000000000000, -22.52963973034508172 ) ) ;
#808 = DIRECTION ( 'NONE',  ( 0.000000000000000000, 0.000000000000000000, 1.000000000000000000 ) ) ;
#809 = CIRCLE ( 'NONE', #2645, 10.50000000000000355 ) ;
#810 = VERTEX_POINT ( 'NONE', #2901 ) ;
#811 = EDGE_LOOP ( 'NONE', ( #1623, #2432, #3840, #413, #4656, #2981, #6989, #3272 ) ) ;
#812 = CARTESIAN_POINT ( 'NONE',  ( -31.25000000000000000, 0.000000000000000000, 36.96165708246048354 ) ) ;
#813 = CARTESIAN_POINT ( 'NONE',  ( -23.88173002291244984, 10.25359924679783497, -14.57632177374187421 ) ) ;
#814 = CARTESIAN_POINT ( 'NONE',  ( -5.046585669075142278, 2.325834261322604846, 20.61044395214912228 ) ) ;
#815 = EDGE_LOOP ( 'NONE', ( #5279, #561, #6944, #463 ) ) ;
#816 = DIRECTION ( 'NONE',  ( 0.000000000000000000, 1.000000000000000000, 0.000000000000000000 ) ) ;
#817 = ORIENTED_EDGE ( 'NONE', *, *, #6716, .T. ) ;
#818 = CARTESIAN_POINT ( 'NONE',  ( -34.18938769133939104, 5.999999999999992895, 28.31061230866061607 ) ) ;
#819 = EDGE_CURVE ( 'NONE', #2195, #3943, #5689, .T. ) ;
#820 = CARTESIAN_POINT ( 'NONE',  ( 13.43502884254442797, 2.000000000000000000, -13.43502884254437468 ) ) ;
#822 = CARTESIAN_POINT ( 'NONE',  ( -28.31061230865974210, 2.999999999999993339, 34.18938769134022948 ) ) ;
#821 = CIRCLE ( 'NONE', #6064, 2.000000000000001776 ) ;
#823 = DIRECTION ( 'NONE',  ( 0.000000000000000000, -1.000000000000000000, 0.000000000000000000 ) ) ;
#824 = ORIENTED_EDGE ( 'NONE', *, *, #1740, .T. ) ;
#825 = ORIENTED_EDGE ( 'NONE', *, *, #100, .F. ) ;
#826 = B_SPLINE_CURVE_WITH_KNOTS ( 'NONE', 3,
 ( #6804, #4064, #3067, #1420, #3609, #1880, #4104, #351, #2538, #1345, #4642, #4720, #6882, #5220, #1994, #5289, #4173 ),
 .UNSPECIFIED., .F., .F.,
 ( 4, 2, 1, 1, 2, 2, 1, 2, 2, 4 ),
 ( 0.000000000000000000, 0.2500000000000052180, 0.3750000000000086042, 0.4375000000000103251, 0.4687500000000103251, 0.5000000000000103251, 0.6250000000000093259, 0.6875000000000088818, 0.7500000000000084377, 1.000000000000000000 ),
 .UNSPECIFIED. ) ;
#827 = AXIS2_PLACEMENT_3D ( 'NONE', #2559, #6901, #403 ) ;
#828 = CARTESIAN_POINT ( 'NONE',  ( 34.18938769134013000, 2.999999999999993339, 28.31061230865985934 ) ) ;
#829 = DIRECTION ( 'NONE',  ( 0.6710100716628374373, -0.6644630243886618937, -0.3289899283371851002 ) ) ;
#830 = PLANE ( 'NONE',  #3114 ) ;
#831 = CARTESIAN_POINT ( 'NONE',  ( 24.16949739484941517, 10.39692620785911004, -15.88863270537049388 ) ) ;
#832 = CARTESIAN_POINT ( 'NONE',  ( 22.53794224446404471, 11.00000000000000000, -12.68329260279647031 ) ) ;
#833 = FACE_OUTER_BOUND ( 'NONE', #4038, .T. ) ;
#834 = ORIENTED_EDGE ( 'NONE', *, *, #2719, .F. ) ;
#835 = VERTEX_POINT ( 'NONE', #5057 ) ;
#836 = EDGE_LOOP ( 'NONE', ( #3365, #1109, #1002, #6232 ) ) ;
#837 = CARTESIAN_POINT ( 'NONE',  ( 25.29237568234321643, 9.766606852233529423, 17.21487277270327709 ) ) ;
#838 = ADVANCED_FACE ( 'NONE', ( #6145 ), #4548, .F. ) ;
#839 = AXIS2_PLACEMENT_3D ( 'NONE', #4393, #6093, #6519 ) ;
#840 = CARTESIAN_POINT ( 'NONE',  ( -23.50482151022671573, 10.40808530589559489, 13.83682726400672003 ) ) ;
#841 = DIRECTION ( 'NONE',  ( 0.000000000000000000, 0.000000000000000000, 1.000000000000000000 ) ) ;
#842 = DIRECTION ( 'NONE',  ( 0.000000000000000000, 1.000000000000000000, 0.000000000000000000 ) ) ;
#843 = VERTEX_POINT ( 'NONE', #721 ) ;
#844 = ORIENTED_EDGE ( 'NONE', *, *, #5503, .T. ) ;
#845 = EDGE_CURVE ( 'NONE', #6895, #12, #150, .T. ) ;
#846 = ORIENTED_EDGE ( 'NONE', *, *, #2355, .T. ) ;
#847 = DIRECTION ( 'NONE',  ( -0.5000000000000075495, 0.7071067811865473507, -0.4999999999999927836 ) ) ;
#848 = CARTESIAN_POINT ( 'NONE',  ( 16.48007775496118299, 9.437454822221020834, -25.26468744578769332 ) ) ;
#849 = DIRECTION ( 'NONE',  ( -0.000000000000000000, -1.000000000000000000, -0.000000000000000000 ) ) ;
#850 = ORIENTED_EDGE ( 'NONE', *, *, #4715, .F. ) ;
#851 = FACE_OUTER_BOUND ( 'NONE', #6413, .T. ) ;
#852 = VERTEX_POINT ( 'NONE', #1292 ) ;
#853 = DIRECTION ( 'NONE',  ( 0.000000000000000000, 0.000000000000000000, -1.000000000000000000 ) ) ;
#854 = CARTESIAN_POINT ( 'NONE',  ( -14.09452390936793442, 10.90324769041642305, -23.09958060217109832 ) ) ;
#855 = CARTESIAN_POINT ( 'NONE',  ( 12.58761122457789305, 10.66666666666666252, -22.85724803046439035 ) ) ;
#856 = CARTESIAN_POINT ( 'NONE',  ( -27.23472174205883434, 2.999999999999993339, -30.17410943339800156 ) ) ;
#857 = ORIENTED_EDGE ( 'NONE', *, *, #4762, .T. ) ;
#858 = VERTEX_POINT ( 'NONE', #6597 ) ;
#859 = FACE_OUTER_BOUND ( 'NONE', #4670, .T. ) ;
#860 = DIRECTION ( 'NONE',  ( 0.000000000000000000, -0.000000000000000000, 1.000000000000000000 ) ) ;
#861 = CARTESIAN_POINT ( 'NONE',  ( 22.37897910416474190, 11.00000000000000000, 12.84225574309549067 ) ) ;
#862 = DIRECTION ( 'NONE',  ( 0.000000000000000000, 0.000000000000000000, 1.000000000000000000 ) ) ;
#863 = EDGE_CURVE ( 'NONE', #3453, #2526, #5655, .T. ) ;
#864 = DIRECTION ( 'NONE',  ( -0.6779089800432692714, 0.7071067811865500152, -0.2010955364414905300 ) ) ;
#865 = ORIENTED_EDGE ( 'NONE', *, *, #2145, .F. ) ;
#866 = ORIENTED_EDGE ( 'NONE', *, *, #2485, .T. ) ;
#867 = COORDINATED_UNIVERSAL_TIME_OFFSET ( 8, 0, .AHEAD. ) ;
#868 = ORIENTED_EDGE ( 'NONE', *, *, #6871, .T. ) ;
#869 = DIRECTION ( 'NONE',  ( -0.5000000000000045519, -0.7071067811865414665, 0.5000000000000041078 ) ) ;
#870 = CARTESIAN_POINT ( 'NONE',  ( -23.09958060217109832, 10.90324769041642305, 14.09452390936795574 ) ) ;
#871 = DIRECTION ( 'NONE',  ( -0.000000000000000000, -1.000000000000000000, -0.000000000000000000 ) ) ;
#872 = EDGE_CURVE ( 'NONE', #204, #6320, #3425, .T. ) ;
#873 = LINE ( 'NONE', #4170, #6956 ) ;
#874 = VERTEX_POINT ( 'NONE', #1720 ) ;
#875 = ORIENTED_EDGE ( 'NONE', *, *, #3231, .T. ) ;
#876 = ORIENTED_EDGE ( 'NONE', *, *, #3852, .T. ) ;
#877 = CARTESIAN_POINT ( 'NONE',  ( 27.23472174205883434, 6.124798468254549100, 30.17410943339800156 ) ) ;
#878 = CARTESIAN_POINT ( 'NONE',  ( 16.12881948530012721, 9.614100602480563751, -24.96226854641189519 ) ) ;
#879 = DIRECTION ( 'NONE',  ( -0.000000000000000000, -1.000000000000000000, -0.000000000000000000 ) ) ;
#880 = AXIS2_PLACEMENT_3D ( 'NONE', #5358, #4286, #387 ) ;
#881 = EDGE_CURVE ( 'NONE', #1492, #3526, #1785, .T. ) ;
#882 = FACE_OUTER_BOUND ( 'NONE', #2513, .T. ) ;
#883 = EDGE_CURVE ( 'NONE', #6987, #1389, #641, .T. ) ;
#884 = VERTEX_POINT ( 'NONE', #3593 ) ;
#885 = CYLINDRICAL_SURFACE ( 'NONE', #6485, 2.099999999999997868 ) ;
#886 = ORIENTED_EDGE ( 'NONE', *, *, #5426, .T. ) ;
#887 = CARTESIAN_POINT ( 'NONE',  ( 5.046585669075142278, 2.325834261322605734, 20.61044395214912228 ) ) ;
#888 = DIRECTION ( 'NONE',  ( 0.000000000000000000, 0.000000000000000000, 1.000000000000000000 ) ) ;
#889 = CARTESIAN_POINT ( 'NONE',  ( 12.53977053546875986, 10.49999999999999467, -23.01690092346461469 ) ) ;
#890 = VECTOR ( 'NONE', #6061, 1000.000000000000000 ) ;
#891 = CIRCLE ( 'NONE', #549, 2.000000000000001776 ) ;
#892 = CARTESIAN_POINT ( 'NONE',  ( 15.63676020469667272, 10.39692620785910471, 24.42136989552317061 ) ) ;
#893 = ORIENTED_EDGE ( 'NONE', *, *, #297, .T. ) ;
#894 = CLOSED_SHELL ( 'NONE', ( #4651, #1134, #1533, #1935, #6109, #5522, #2909, #1097, #471, #6604, #4989, #6222, #6781, #2885, #3922, #3904, #1090, #3346, #1020, #5156, #2878, #6796, #1542, #4349, #1889, #2162, #838, #3297, #5956, #6051, #2478, #5399, #4448, #6085, #1765, #4071, #2136, #2963, #2685, #47, #1318, #6423, #1198, #4804, #3888, #2650, #454, #3871, #3576, #2672, #1993, #1685, #3804, #1018, #683, #4238, #2070, #1393, #5820, #3161, #5050, #5367, #2686, #1540, #7034, #4675, #1658, #5564, #6557, #4470, #6687, #6288, #4915, #3461, #2122, #1332, #4078, #5186, #5085, #4683, #5919, #3543, #4168, #1711, #1894, #5491, #6034, #1505, #5271, #650, #6757, #2438, #6745, #5506, #4035, #3208, #2506, #4620, #3280, #6666, #5874, #2284, #6101, #6091, #3107, #1551, #6481, #3125, #4150, #1240, #1843, #2551, #2254, #5494, #6580, #6001, #2868, #1115, #346, #3345, #6052, #3144, #1594, #3263, #6358, #1111, #275, #6246, #1371, #2859, #5633, #142, #6372, #2219, #3657, #6973, #4820, #6724, #3228, #6993, #1040, #4809, #1787, #3553, #1472, #3994, #1750, #5470, #4063, #5019, #1615, #3022, #5223, #5747, #2805, #2795, #5735, #3390, #4626, #6581, #6166, #4126, #6741, #2190, #5974, #3081, #5282, #3331, #2534, #289, #3257, #19, #494, #6442, #5330, #5067, #4088, #5908, #7009, #4401, #3644, #1582, #3061, #1459, #4389, #6254, #5204, #3216, #3008, #3636, #6667, #2182, #485, #2371, #5308, #6649, #2019, #2009, #2854, #4996, #5093, #6803, #5482, #4337, #2517, #6144, #99, #995, #134, #5345, #1161, #266, #1625, #2784, #3379, #3937, #900, #1914, #6591, #1842, #1712 ) ) ;
#895 = DIRECTION ( 'NONE',  ( 6.133173666733369595E-17, 1.000000000000000000, -6.133173666733622277E-17 ) ) ;
#896 = EDGE_CURVE ( 'NONE', #3019, #6886, #5838, .T. ) ;
#897 = DIRECTION ( 'NONE',  ( -0.000000000000000000, 1.000000000000000000, -0.000000000000000000 ) ) ;
#898 = DIRECTION ( 'NONE',  ( 0.000000000000000000, -1.000000000000000000, 0.000000000000000000 ) ) ;
#899 = DIRECTION ( 'NONE',  ( -0.000000000000000000, -1.000000000000000000, -0.000000000000000000 ) ) ;
#900 = ADVANCED_FACE ( 'NONE', ( #6896 ), #2008, .T. ) ;
#901 = VECTOR ( 'NONE', #2565, 1000.000000000000114 ) ;
#902 = DIRECTION ( 'NONE',  ( 0.7071067811865404673, 0.000000000000000000, -0.7071067811865546782 ) ) ;
#903 = EDGE_LOOP ( 'NONE', ( #2143, #2115, #4896, #2486 ) ) ;
#904 = ORIENTED_EDGE ( 'NONE', *, *, #6725, .F. ) ;
#905 = AXIS2_PLACEMENT_3D ( 'NONE', #5441, #2092, #1010 ) ;
#906 = APPROVAL_ROLE ( '' ) ;
#907 = EDGE_CURVE ( 'NONE', #5637, #4640, #4027, .T. ) ;
#908 = ORIENTED_EDGE ( 'NONE', *, *, #4931, .T. ) ;
#909 = CARTESIAN_POINT ( 'NONE',  ( 13.43502884254442797, 2.000000000000000000, -13.43502884254437468 ) ) ;
#910 = CONICAL_SURFACE ( 'NONE', #5934, 4.000000000000000000, 0.7853981633974482790 ) ;
#911 = DIRECTION ( 'NONE',  ( 0.000000000000000000, 0.000000000000000000, 1.000000000000000000 ) ) ;
#912 = CIRCLE ( 'NONE', #6043, 2.399999999999999467 ) ;
#913 = CARTESIAN_POINT ( 'NONE',  ( 0.000000000000000000, 0.5000000000000004441, 0.000000000000000000 ) ) ;
#914 = DIRECTION ( 'NONE',  ( 0.000000000000000000, 0.000000000000000000, 1.000000000000000000 ) ) ;
#915 = AXIS2_PLACEMENT_3D ( 'NONE', #6771, #3434, #1808 ) ;
#916 = VECTOR ( 'NONE', #5317, 1000.000000000000000 ) ;
#917 = EDGE_LOOP ( 'NONE', ( #3408, #4998, #6748, #742 ) ) ;
#918 = VERTEX_POINT ( 'NONE', #935 ) ;
#919 = EDGE_CURVE ( 'NONE', #1033, #5872, #1401, .T. ) ;
#920 = CARTESIAN_POINT ( 'NONE',  ( 15.92692201448997480, 9.718900474107035947, -24.77635493753256668 ) ) ;
#921 = CIRCLE ( 'NONE', #5368, 10.50000000000000178 ) ;
#922 = CARTESIAN_POINT ( 'NONE',  ( 34.21036191661214332, 5.999999999999996447, -25.42575222578565786 ) ) ;
#923 = AXIS2_PLACEMENT_3D ( 'NONE', #4280, #584, #1688 ) ;
#924 = LINE ( 'NONE', #5292, #5514 ) ;
#925 = ORIENTED_EDGE ( 'NONE', *, *, #4652, .T. ) ;
#926 = DIRECTION ( 'NONE',  ( 0.000000000000000000, 0.000000000000000000, 1.000000000000000000 ) ) ;
#927 = ORIENTED_EDGE ( 'NONE', *, *, #1383, .T. ) ;
#928 = FACE_OUTER_BOUND ( 'NONE', #5157, .T. ) ;
#929 = CARTESIAN_POINT ( 'NONE',  ( 16.36100383712297202, 10.18862340030482905, -24.50649095226565422 ) ) ;
#930 = LINE ( 'NONE', #5299, #1239 ) ;
#931 = CARTESIAN_POINT ( 'NONE',  ( -31.25000000000031264, 0.000000000000000000, -31.24999999999967315 ) ) ;
#932 = ORIENTED_EDGE ( 'NONE', *, *, #4486, .T. ) ;
#933 = AXIS2_PLACEMENT_3D ( 'NONE', #685, #5518, #6110 ) ;
#934 = VECTOR ( 'NONE', #1527, 1000.000000000000000 ) ;
#935 = CARTESIAN_POINT ( 'NONE',  ( 6.825408839238029657, 0.5000000000000004441, -23.00899376716094835 ) ) ;
#936 = EDGE_CURVE ( 'NONE', #3456, #835, #2052, .T. ) ;
#937 = DIRECTION ( 'NONE',  ( -0.7071067811865474617, 0.7071067811865474617, 0.000000000000000000 ) ) ;
#938 = CARTESIAN_POINT ( 'NONE',  ( -23.83606473405023607, 10.58860254149808533, -15.40550130189019384 ) ) ;
#939 = DIRECTION ( 'NONE',  ( -0.000000000000000000, 1.000000000000000000, -0.000000000000000000 ) ) ;
#940 = DIRECTION ( 'NONE',  ( -0.7071067811865403563, 0.000000000000000000, 0.7071067811865546782 ) ) ;
#941 = VECTOR ( 'NONE', #2101, 1000.000000000000000 ) ;
#942 = DIRECTION ( 'NONE',  ( 0.3289899283371696681, -0.6644630243886778809, 0.6710100716628292217 ) ) ;
#943 = ORIENTED_EDGE ( 'NONE', *, *, #5610, .F. ) ;
#944 = VERTEX_POINT ( 'NONE', #2515 ) ;
#945 = CALENDAR_DATE ( 2026, 21, 5 ) ;
#946 = CARTESIAN_POINT ( 'NONE',  ( 7.857864376269049878, 2.999999999999999112, 20.78460969082652454 ) ) ;
#947 = CARTESIAN_POINT ( 'NONE',  ( 4.000000000000000000, 2.500000000000017764, 0.000000000000000000 ) ) ;
#948 = EDGE_CURVE ( 'NONE', #4924, #1080, #5315, .T. ) ;
#949 = DIRECTION ( 'NONE',  ( 0.000000000000000000, -1.000000000000000000, 0.000000000000000000 ) ) ;
#950 = DIRECTION ( 'NONE',  ( 0.000000000000000000, 0.000000000000000000, 1.000000000000000000 ) ) ;
#951 = ORIENTED_EDGE ( 'NONE', *, *, #1227, .F. ) ;
#952 = EDGE_CURVE ( 'NONE', #336, #4523, #3876, .T. ) ;
#953 = EDGE_CURVE ( 'NONE', #81, #2064, #4400, .T. ) ;
#954 = AXIS2_PLACEMENT_3D ( 'NONE', #1733, #28, #4319 ) ;
#955 = ORIENTED_EDGE ( 'NONE', *, *, #1432, .T. ) ;
#956 = VERTEX_POINT ( 'NONE', #6555 ) ;
#957 = CARTESIAN_POINT ( 'NONE',  ( -27.23472174205808827, 2.999999999999993339, 30.17410943339873342 ) ) ;
#958 = CARTESIAN_POINT ( 'NONE',  ( 13.12500000000000711, 11.00000000000000000, 18.27523939651680962 ) ) ;
#959 = CARTESIAN_POINT ( 'NONE',  ( 13.59471969585797879, 10.44099621365102060, -23.39767641558947275 ) ) ;
#960 = EDGE_LOOP ( 'NONE', ( #4655, #191 ) ) ;
#961 = CARTESIAN_POINT ( 'NONE',  ( 26.85769515458672529, 0.4999999999999953371, 35.64230484541324984 ) ) ;
#962 = EDGE_CURVE ( 'NONE', #6960, #639, #1672, .T. ) ;
#963 = VERTEX_POINT ( 'NONE', #743 ) ;
#964 = VERTEX_POINT ( 'NONE', #1238 ) ;
#965 = DIRECTION ( 'NONE',  ( 0.7071067811865335839, 0.000000000000000000, -0.7071067811865613395 ) ) ;
#966 = CARTESIAN_POINT ( 'NONE',  ( 31.24999999999977973, 2.999999999999995559, -31.25000000000020250 ) ) ;
#967 = LINE ( 'NONE', #423, #5824 ) ;
#968 = DIRECTION ( 'NONE',  ( -0.7071067811865571207, 0.000000000000000000, -0.7071067811865379138 ) ) ;
#969 = EDGE_CURVE ( 'NONE', #230, #5863, #3925, .T. ) ;
#970 = ORIENTED_EDGE ( 'NONE', *, *, #1251, .T. ) ;
#971 = CARTESIAN_POINT ( 'NONE',  ( 25.10331067209056854, 9.531833830151484221, -16.29215345935470793 ) ) ;
#972 = CARTESIAN_POINT ( 'NONE',  ( 4.038751454819990983, 0.000000000000000000, 4.038751454819990983 ) ) ;
#973 = DIRECTION ( 'NONE',  ( -0.4124789556921530376, 0.7071067811865472397, 0.5743353646704260074 ) ) ;
#974 = CARTESIAN_POINT ( 'NONE',  ( 4.000000000000000000, 0.5000000000000004441, 18.78460969082652099 ) ) ;
#975 = FACE_OUTER_BOUND ( 'NONE', #4255, .T. ) ;
#976 = DIRECTION ( 'NONE',  ( -0.000000000000000000, 1.000000000000000000, -0.000000000000000000 ) ) ;
#977 = EDGE_CURVE ( 'NONE', #4633, #3501, #6587, .T. ) ;
#978 = EDGE_CURVE ( 'NONE', #2572, #5637, #3339, .T. ) ;
#979 = ORIENTED_EDGE ( 'NONE', *, *, #5794, .T. ) ;
#980 = ORIENTED_EDGE ( 'NONE', *, *, #1211, .T. ) ;
#981 = DATE_AND_TIME ( #4813, #4285 ) ;
#982 = PLANE ( 'NONE',  #3978 ) ;
#983 = DIRECTION ( 'NONE',  ( 0.000000000000000000, -1.000000000000000000, 0.000000000000000000 ) ) ;
#984 = CARTESIAN_POINT ( 'NONE',  ( 25.44746302185610531, 9.453375978638282717, -16.89855559142509378 ) ) ;
#985 = DIRECTION ( 'NONE',  ( 0.000000000000000000, 0.000000000000000000, 1.000000000000000000 ) ) ;
#986 = ORIENTED_EDGE ( 'NONE', *, *, #367, .T. ) ;
#987 = ORIENTED_EDGE ( 'NONE', *, *, #5666, .T. ) ;
#988 = CARTESIAN_POINT ( 'NONE',  ( -32.59607450347800750, 0.000000000000000000, 9.669329188920531948 ) ) ;
#989 = EDGE_CURVE ( 'NONE', #3150, #2016, #675, .T. ) ;
#990 = CARTESIAN_POINT ( 'NONE',  ( -13.43502884254442620, 3.499999999999999556, 13.43502884254437646 ) ) ;
#991 = DIRECTION ( 'NONE',  ( 0.000000000000000000, 0.000000000000000000, -1.000000000000000000 ) ) ;
#992 = ORIENTED_EDGE ( 'NONE', *, *, #4094, .F. ) ;
#993 = CARTESIAN_POINT ( 'NONE',  ( -24.16949739484939386, 10.39692620785910826, 15.88863270537045658 ) ) ;
#994 = ORIENTED_EDGE ( 'NONE', *, *, #2331, .F. ) ;
#995 = ADVANCED_FACE ( 'NONE', ( #2398 ), #3660, .F. ) ;
#996 = ORIENTED_EDGE ( 'NONE', *, *, #1771, .F. ) ;
#997 = DIRECTION ( 'NONE',  ( -0.000000000000000000, -1.000000000000000000, -0.000000000000000000 ) ) ;
#998 = DIRECTION ( 'NONE',  ( 0.7071067811865404673, -0.000000000000000000, -0.7071067811865546782 ) ) ;
#999 = CARTESIAN_POINT ( 'NONE',  ( -13.21831257821683714, 10.49999999999999645, 22.00292226904335990 ) ) ;
#1000 = CIRCLE ( 'NONE', #425, 9.500000000000044409 ) ;
#1001 = DIRECTION ( 'NONE',  ( 0.000000000000000000, 0.000000000000000000, -1.000000000000000000 ) ) ;
#1002 = ORIENTED_EDGE ( 'NONE', *, *, #5435, .F. ) ;
#1003 = AXIS2_PLACEMENT_3D ( 'NONE', #4024, #2420, #1766 ) ;
#1004 = DIRECTION ( 'NONE',  ( 0.4999999999999989453, 0.7071067811865489050, -0.4999999999999989453 ) ) ;
#1005 = CARTESIAN_POINT ( 'NONE',  ( -12.00000000000000000, 10.49999999999999467, 19.49358868961792268 ) ) ;
#1006 = AXIS2_PLACEMENT_3D ( 'NONE', #502, #6859, #1967 ) ;
#1007 = EDGE_CURVE ( 'NONE', #1352, #4182, #1202, .T. ) ;
#1008 = DIRECTION ( 'NONE',  ( 0.000000000000000000, 0.000000000000000000, -1.000000000000000000 ) ) ;
#1009 = AXIS2_PLACEMENT_3D ( 'NONE', #1989, #4779, #2021 ) ;
#1010 = DIRECTION ( 'NONE',  ( -3.469446951953611033E-15, 0.000000000000000000, 1.000000000000000000 ) ) ;
#1011 = CIRCLE ( 'NONE', #1581, 6.211657082460492418 ) ;
#1012 = DIRECTION ( 'NONE',  ( -0.7071067811865472397, 0.000000000000000000, -0.7071067811865479058 ) ) ;
#1013 = CARTESIAN_POINT ( 'NONE',  ( 4.038751454819986542, 0.000000000000000000, 4.038751454819989206 ) ) ;
#1014 = ORIENTED_EDGE ( 'NONE', *, *, #5837, .F. ) ;
#1015 = ORIENTED_EDGE ( 'NONE', *, *, #2768, .F. ) ;
#1016 = CIRCLE ( 'NONE', #554, 5.711657082460487977 ) ;
#1017 = VERTEX_POINT ( 'NONE', #3955 ) ;
#1018 = ADVANCED_FACE ( 'NONE', ( #6739 ), #2787, .T. ) ;
#1019 = CYLINDRICAL_SURFACE ( 'NONE', #4361, 2.100000000000000977 ) ;
#1020 = ADVANCED_FACE ( 'NONE', ( #5613 ), #6135, .F. ) ;
#1021 = DIRECTION ( 'NONE',  ( 0.4999999999999970024, -0.7071067811865449082, -0.5000000000000067724 ) ) ;
#1022 = AXIS2_PLACEMENT_3D ( 'NONE', #6108, #4010, #4478 ) ;
#1023 = DIRECTION ( 'NONE',  ( -0.000000000000000000, -1.000000000000000000, -0.000000000000000000 ) ) ;
#1024 = EDGE_LOOP ( 'NONE', ( #514, #609, #4811, #703 ) ) ;
#1025 = EDGE_LOOP ( 'NONE', ( #3647, #2826, #4744, #1246 ) ) ;
#1026 = AXIS2_PLACEMENT_3D ( 'NONE', #5007, #2358, #1710 ) ;
#1027 = VECTOR ( 'NONE', #6495, 999.9999999999998863 ) ;
#1028 = EDGE_CURVE ( 'NONE', #2611, #1141, #1854, .T. ) ;
#1029 = CARTESIAN_POINT ( 'NONE',  ( -24.16949739484939386, 10.39692620785910826, 15.88863270537045658 ) ) ;
#1030 = DIRECTION ( 'NONE',  ( -0.000000000000000000, -1.000000000000000000, -0.000000000000000000 ) ) ;
#1031 = CARTESIAN_POINT ( 'NONE',  ( 14.03210653981935252, 10.37474006959032380, -23.59768457196575397 ) ) ;
#1032 = VECTOR ( 'NONE', #5192, 1000.000000000000114 ) ;
#1033 = VERTEX_POINT ( 'NONE', #6588 ) ;
#1034 = DIRECTION ( 'NONE',  ( -0.000000000000000000, -1.000000000000000000, -0.000000000000000000 ) ) ;
#1035 = VERTEX_POINT ( 'NONE', #3400 ) ;
#1036 = ORIENTED_EDGE ( 'NONE', *, *, #2812, .T. ) ;
#1037 = CARTESIAN_POINT ( 'NONE',  ( 4.392304845413263159, 0.5000000000000004441, 4.392304845413264935 ) ) ;
#1038 = CARTESIAN_POINT ( 'NONE',  ( -14.81868600646166279, 10.99999999999973355, 22.89618891610163232 ) ) ;
#1039 = DIRECTION ( 'NONE',  ( 0.000000000000000000, 0.000000000000000000, 1.000000000000000000 ) ) ;
#1040 = ADVANCED_FACE ( 'NONE', ( #3998 ), #4452, .F. ) ;
#1041 = CARTESIAN_POINT ( 'NONE',  ( -25.04652052699996645, 9.564752402318775992, 16.22715371720450861 ) ) ;
#1042 = ORIENTED_EDGE ( 'NONE', *, *, #4440, .F. ) ;
#1043 = DIRECTION ( 'NONE',  ( 0.5000000000000011102, -0.7071067811865460184, 0.5000000000000011102 ) ) ;
#1044 = VECTOR ( 'NONE', #4116, 1000.000000000000114 ) ;
#1045 = CARTESIAN_POINT ( 'NONE',  ( -32.32589056660199134, 5.999999999999992006, -35.26527825794115500 ) ) ;
#1046 = LINE ( 'NONE', #4845, #4220 ) ;
#1047 = DIRECTION ( 'NONE',  ( 0.000000000000000000, -1.000000000000000000, 0.000000000000000000 ) ) ;
#1048 = CARTESIAN_POINT ( 'NONE',  ( -13.43502884254442620, 2.000000000000000000, 13.43502884254437646 ) ) ;
#1049 = ORIENTED_EDGE ( 'NONE', *, *, #358, .T. ) ;
#1050 = VERTEX_POINT ( 'NONE', #1169 ) ;
#1051 = ORIENTED_EDGE ( 'NONE', *, *, #3170, .F. ) ;
#1052 = DIRECTION ( 'NONE',  ( 0.000000000000000000, -1.000000000000000000, 0.000000000000000000 ) ) ;
#1053 = CARTESIAN_POINT ( 'NONE',  ( -15.47731122237377122, 9.927079897466152048, -24.45559879876122622 ) ) ;
#1054 = CARTESIAN_POINT ( 'NONE',  ( -23.17125475100423415, 10.88026093302050512, -14.24160543024274794 ) ) ;
#1055 = VECTOR ( 'NONE', #3254, 1000.000000000000000 ) ;
#1056 = DIRECTION ( 'NONE',  ( -0.7071067811865480168, 8.673617379884035472E-17, -0.7071067811865471286 ) ) ;
#1057 = VERTEX_POINT ( 'NONE', #1744 ) ;
#1058 = EDGE_CURVE ( 'NONE', #3019, #616, #5574, .T. ) ;
#1059 = ORIENTED_EDGE ( 'NONE', *, *, #6793, .T. ) ;
#1060 = LINE ( 'NONE', #2138, #1055 ) ;
#1061 = LINE ( 'NONE', #3255, #1342 ) ;
#1062 = FACE_OUTER_BOUND ( 'NONE', #2458, .T. ) ;
#1063 = AXIS2_PLACEMENT_3D ( 'NONE', #6123, #1225, #6799 ) ;
#1064 = ORIENTED_EDGE ( 'NONE', *, *, #1758, .T. ) ;
#1065 = CARTESIAN_POINT ( 'NONE',  ( 13.43502884254442797, 2.000000000000000000, -11.03502884254437255 ) ) ;
#1066 = EDGE_CURVE ( 'NONE', #7025, #6322, #452, .T. ) ;
#1067 = VERTEX_POINT ( 'NONE', #5507 ) ;
#1068 = ORIENTED_EDGE ( 'NONE', *, *, #6547, .T. ) ;
#1069 = CARTESIAN_POINT ( 'NONE',  ( -6.825408839238014558, 10.49999999999999467, -23.00899376716095190 ) ) ;
#1070 = LINE ( 'NONE', #2814, #890 ) ;
#1071 = CARTESIAN_POINT ( 'NONE',  ( 23.00899376716093769, 0.5000000000000004441, 6.825408839238026104 ) ) ;
#1072 = CARTESIAN_POINT ( 'NONE',  ( -12.68329260279639037, 11.00000000000000000, -22.53794224446403049 ) ) ;
#1073 = ORIENTED_EDGE ( 'NONE', *, *, #5078, .T. ) ;
#1074 = CC_DESIGN_DATE_AND_TIME_ASSIGNMENT ( #3055, #5244, ( #3831 ) ) ;
#1075 = CYLINDRICAL_SURFACE ( 'NONE', #2397, 10.00000000000000000 ) ;
#1076 = CARTESIAN_POINT ( 'NONE',  ( 24.87903970004798282, 9.663471125994654187, 16.02934729022481974 ) ) ;
#1077 = CARTESIAN_POINT ( 'NONE',  ( 23.71555547890656968, 10.65016609817399029, -15.21511782243885058 ) ) ;
#1078 = CARTESIAN_POINT ( 'NONE',  ( -14.92893218813452805, 3.500000000000003109, 23.71354187896104904 ) ) ;
#1079 = DIRECTION ( 'NONE',  ( 0.000000000000000000, -1.000000000000000000, 0.000000000000000000 ) ) ;
#1080 = VERTEX_POINT ( 'NONE', #2818 ) ;
#1081 = ORIENTED_EDGE ( 'NONE', *, *, #750, .T. ) ;
#1082 = DIRECTION ( 'NONE',  ( -0.6779089800432692714, -0.7071067811865500152, 0.2010955364414905300 ) ) ;
#1083 = DIRECTION ( 'NONE',  ( -0.000000000000000000, -1.000000000000000000, -0.000000000000000000 ) ) ;
#1084 = LINE ( 'NONE', #3277, #1577 ) ;
#1085 = EDGE_CURVE ( 'NONE', #6886, #6987, #3437, .T. ) ;
#1086 = DIRECTION ( 'NONE',  ( -0.7071067811865470176, 0.000000000000000000, 0.7071067811865479058 ) ) ;
#1087 = ORIENTED_EDGE ( 'NONE', *, *, #4532, .F. ) ;
#1088 = ORIENTED_EDGE ( 'NONE', *, *, #659, .F. ) ;
#1089 = CARTESIAN_POINT ( 'NONE',  ( -32.59607450347800750, 11.00000000000000000, 9.669329188920531948 ) ) ;
#1090 = ADVANCED_FACE ( 'NONE', ( #2251 ), #4505, .F. ) ;
#1091 = CARTESIAN_POINT ( 'NONE',  ( -23.01690092346464667, 10.49999999999999467, -12.53977053546883802 ) ) ;
#1092 = CARTESIAN_POINT ( 'NONE',  ( -7.857864376269053430, 2.999999999999999112, 20.78460969082652454 ) ) ;
#1093 = ORIENTED_EDGE ( 'NONE', *, *, #5965, .T. ) ;
#1094 = ORIENTED_EDGE ( 'NONE', *, *, #1703, .T. ) ;
#1095 = FACE_BOUND ( 'NONE', #1397, .T. ) ;
#1096 = EDGE_CURVE ( 'NONE', #241, #2096, #3473, .T. ) ;
#1097 = ADVANCED_FACE ( 'NONE', ( #5645 ), #2741, .T. ) ;
#1098 =( BOUNDED_CURVE ( )  B_SPLINE_CURVE ( 3, ( #6592, #2821, #1779, #1746 ),
 .UNSPECIFIED., .F., .T. ) 
 B_SPLINE_CURVE_WITH_KNOTS ( ( 4, 4 ),
 ( 4.712388980384689674, 4.870540119000256851 ),
 .UNSPECIFIED. ) 
 CURVE ( )  GEOMETRIC_REPRESENTATION_ITEM ( )  RATIONAL_B_SPLINE_CURVE ( ( 1.000000000000000000, 0.9979167706456838483, 0.9979167706456838483, 1.000000000000000000 ) ) 
 REPRESENTATION_ITEM ( '' )  );
#1099 = FACE_OUTER_BOUND ( 'NONE', #2147, .T. ) ;
#1100 = DIRECTION ( 'NONE',  ( 0.000000000000000000, 0.000000000000000000, 1.000000000000000000 ) ) ;
#1101 = ORIENTED_EDGE ( 'NONE', *, *, #3003, .F. ) ;
#1102 = CARTESIAN_POINT ( 'NONE',  ( 24.45559879876126175, 9.927079897466150271, -15.47731122237382273 ) ) ;
#1103 = AXIS2_PLACEMENT_3D ( 'NONE', #3714, #1030, #2644 ) ;
#1104 = DIRECTION ( 'NONE',  ( 0.6644630243886761045, 0.3420201433256628842, 0.6644630243886763266 ) ) ;
#1105 = EDGE_CURVE ( 'NONE', #3608, #5700, #4574, .T. ) ;
#1106 = CARTESIAN_POINT ( 'NONE',  ( -30.17410943339864104, 6.124798468254541106, -27.23472174205819130 ) ) ;
#1107 = DIRECTION ( 'NONE',  ( 0.4999999999999984457, 0.7071067811865496822, 0.4999999999999987232 ) ) ;
#1108 = CARTESIAN_POINT ( 'NONE',  ( 12.80784655891989843, 10.49733837832302541, -23.10032068610723499 ) ) ;
#1109 = ORIENTED_EDGE ( 'NONE', *, *, #6382, .T. ) ;
#1110 = EDGE_LOOP ( 'NONE', ( #1059, #1525, #1331, #4164 ) ) ;
#1111 = ADVANCED_FACE ( 'NONE', ( #928 ), #910, .F. ) ;
#1112 = CARTESIAN_POINT ( 'NONE',  ( 13.43502884254437468, 2.000000000000000000, 15.83502884254443188 ) ) ;
#1113 = DIRECTION ( 'NONE',  ( -0.2588190451025165761, -2.086548053801603740E-16, 0.9659258262890694224 ) ) ;
#1114 = CARTESIAN_POINT ( 'NONE',  ( 9.669329188920537277, 0.000000000000000000, -32.59607450347800039 ) ) ;
#1115 = ADVANCED_FACE ( 'NONE', ( #6323 ), #6858, .T. ) ;
#1116 = CARTESIAN_POINT ( 'NONE',  ( 30.17410943339864104, 2.999999999999993339, 27.23472174205819130 ) ) ;
#1117 = EDGE_LOOP ( 'NONE', ( #2237, #6107, #5536, #5881 ) ) ;
#1118 = ORIENTED_EDGE ( 'NONE', *, *, #4423, .F. ) ;
#1119 = AXIS2_PLACEMENT_3D ( 'NONE', #2911, #3975, #1335 ) ;
#1120 = DIRECTION ( 'NONE',  ( -0.7071067811865404673, -0.000000000000000000, 0.7071067811865546782 ) ) ;
#1121 = AXIS2_PLACEMENT_3D ( 'NONE', #797, #2978, #4051 ) ;
#1122 = CARTESIAN_POINT ( 'NONE',  ( -4.392304845413263159, 5.499999999999991118, 4.392304845413263159 ) ) ;
#1123 = DIRECTION ( 'NONE',  ( 0.000000000000000000, -1.000000000000000000, 0.000000000000000000 ) ) ;
#1124 = AXIS2_PLACEMENT_3D ( 'NONE', #1640, #5429, #5398 ) ;
#1125 = VECTOR ( 'NONE', #2554, 1000.000000000000114 ) ;
#1126 = VERTEX_POINT ( 'NONE', #2037 ) ;
#1127 = CIRCLE ( 'NONE', #5364, 6.211657082460492418 ) ;
#1128 = ORIENTED_EDGE ( 'NONE', *, *, #6889, .T. ) ;
#1129 = FACE_OUTER_BOUND ( 'NONE', #4864, .T. ) ;
#1130 = AXIS2_PLACEMENT_3D ( 'NONE', #2687, #3725, #6893 ) ;
#1131 = CARTESIAN_POINT ( 'NONE',  ( -7.857864376269053430, 2.999999999999999112, 20.78460969082652454 ) ) ;
#1132 = CARTESIAN_POINT ( 'NONE',  ( -17.21487277270326999, 9.766606852233561398, -25.29237568234325195 ) ) ;
#1133 = ORIENTED_EDGE ( 'NONE', *, *, #2975, .F. ) ;
#1134 = ADVANCED_FACE ( 'NONE', ( #4618 ), #2843, .F. ) ;
#1135 = AXIS2_PLACEMENT_3D ( 'NONE', #3995, #1281, #6175 ) ;
#1136 = LINE ( 'NONE', #6007, #3815 ) ;
#1137 = FACE_OUTER_BOUND ( 'NONE', #6467, .T. ) ;
#1138 = CARTESIAN_POINT ( 'NONE',  ( -10.49054493278223710, 23.31338798560313563, 1.705935241955699011 ) ) ;
#1139 = CIRCLE ( 'NONE', #5269, 1.400000000000000133 ) ;
#1140 = FACE_OUTER_BOUND ( 'NONE', #2762, .T. ) ;
#1141 = VERTEX_POINT ( 'NONE', #1428 ) ;
#1142 = ORIENTED_EDGE ( 'NONE', *, *, #1181, .T. ) ;
#1143 = AXIS2_PLACEMENT_3D ( 'NONE', #931, #5300, #6861 ) ;
#1144 = DIRECTION ( 'NONE',  ( -0.7071067811865479058, 0.000000000000000000, 0.7071067811865472397 ) ) ;
#1145 = DIRECTION ( 'NONE',  ( 0.7071067811865474617, 0.000000000000000000, -0.7071067811865474617 ) ) ;
#1146 = CARTESIAN_POINT ( 'NONE',  ( 12.00000000000000355, 2.500000000000000444, 20.78460969082652454 ) ) ;
#1147 = DIRECTION ( 'NONE',  ( 0.000000000000000000, 0.000000000000000000, 1.000000000000000000 ) ) ;
#1148 = AXIS2_PLACEMENT_3D ( 'NONE', #1754, #3352, #1252 ) ;
#1149 = DIRECTION ( 'NONE',  ( 0.7071067811865477948, 0.000000000000000000, -0.7071067811865473507 ) ) ;
#1150 = ORIENTED_EDGE ( 'NONE', *, *, #1523, .F. ) ;
#1151 = ORIENTED_EDGE ( 'NONE', *, *, #5941, .T. ) ;
#1152 = CARTESIAN_POINT ( 'NONE',  ( 22.88638221798188255, 6.133227481747927534, 31.67099190880841419 ) ) ;
#1153 = AXIS2_PLACEMENT_3D ( 'NONE', #988, #7014, #6983 ) ;
#1154 = DIRECTION ( 'NONE',  ( -0.4999999999999975020, 0.7071067811865513475, -0.4999999999999973355 ) ) ;
#1155 = ORIENTED_EDGE ( 'NONE', *, *, #6382, .F. ) ;
#1156 = CARTESIAN_POINT ( 'NONE',  ( -35.26527825794104132, 2.999999999999992450, 32.32589056660211213 ) ) ;
#1157 = EDGE_CURVE ( 'NONE', #5234, #586, #6039, .T. ) ;
#1158 = CARTESIAN_POINT ( 'NONE',  ( -25.17145330101925893, 0.000000000000000000, 17.09395039137928407 ) ) ;
#1159 = ORIENTED_EDGE ( 'NONE', *, *, #3248, .T. ) ;
#1160 = ORIENTED_EDGE ( 'NONE', *, *, #3987, .F. ) ;
#1161 = ADVANCED_FACE ( 'NONE', ( #2966 ), #3772, .T. ) ;
#1162 = ORIENTED_EDGE ( 'NONE', *, *, #6266, .T. ) ;
#1163 = CARTESIAN_POINT ( 'NONE',  ( 13.43502884254442797, 2.000000000000000000, -13.43502884254437468 ) ) ;
#1164 = DIRECTION ( 'NONE',  ( -0.3289899283371748862, 0.6644630243886698873, 0.6710100716628346618 ) ) ;
#1165 = CARTESIAN_POINT ( 'NONE',  ( 4.392304845413263159, 5.499999999999991118, 4.392304845413264935 ) ) ;
#1166 = ORIENTED_EDGE ( 'NONE', *, *, #2424, .T. ) ;
#1167 = VECTOR ( 'NONE', #3372, 1000.000000000000000 ) ;
#1168 = CIRCLE ( 'NONE', #1407, 10.00000000000000000 ) ;
#1169 = CARTESIAN_POINT ( 'NONE',  ( 12.83333333333333570, 10.49999999999999467, 17.86912296548309698 ) ) ;
#1170 = DIRECTION ( 'NONE',  ( -1.000000000000000000, 0.000000000000000000, 0.000000000000000000 ) ) ;
#1171 = CARTESIAN_POINT ( 'NONE',  ( 25.52500669161252489, 10.99999999999999645, 16.74039700078600745 ) ) ;
#1172 = EDGE_CURVE ( 'NONE', #5515, #964, #3616, .T. ) ;
#1173 = CARTESIAN_POINT ( 'NONE',  ( -6.825408839238014558, 11.00000000000000000, -23.00899376716095190 ) ) ;
#1174 = APPROVAL_PERSON_ORGANIZATION ( #4522, #3834, #2376 ) ;
#1175 = CARTESIAN_POINT ( 'NONE',  ( 14.69342417708806714, 10.22073734243014087, -23.94873364086395640 ) ) ;
#1176 = VERTEX_POINT ( 'NONE', #251 ) ;
#1177 = ORIENTED_EDGE ( 'NONE', *, *, #1834, .T. ) ;
#1178 = CARTESIAN_POINT ( 'NONE',  ( 27.70540201526587509, 5.999999999999994671, -31.93071212713165252 ) ) ;
#1179 = CARTESIAN_POINT ( 'NONE',  ( 35.28875145481998032, 5.999999999999996447, -27.21124854518000546 ) ) ;
#1180 = CARTESIAN_POINT ( 'NONE',  ( -30.17410943339864104, 2.999999999999993339, -27.23472174205819130 ) ) ;
#1181 = EDGE_CURVE ( 'NONE', #6762, #5260, #2435, .T. ) ;
#1182 = EDGE_CURVE ( 'NONE', #6418, #6412, #674, .T. ) ;
#1183 = CARTESIAN_POINT ( 'NONE',  ( 4.000000000000000888, 2.405795836099272833, 0.8887822744111711915 ) ) ;
#1184 = CARTESIAN_POINT ( 'NONE',  ( 23.60162345765456493, 10.70603930782069924, 15.02988578641843276 ) ) ;
#1185 = ORIENTED_EDGE ( 'NONE', *, *, #6120, .T. ) ;
#1186 = ORIENTED_EDGE ( 'NONE', *, *, #6281, .F. ) ;
#1187 = LINE ( 'NONE', #3223, #6828 ) ;
#1188 = ORIENTED_EDGE ( 'NONE', *, *, #3845, .T. ) ;
#1189 = CARTESIAN_POINT ( 'NONE',  ( 0.000000000000000000, 3.499999999999999556, 0.000000000000000000 ) ) ;
#1190 = CARTESIAN_POINT ( 'NONE',  ( -25.29237568234324840, 9.766606852233570280, 17.21487277270326999 ) ) ;
#1191 = CARTESIAN_POINT ( 'NONE',  ( -4.392304845413263159, 10.49999999999999467, 4.392304845413263159 ) ) ;
#1192 = CARTESIAN_POINT ( 'NONE',  ( 0.000000000000000000, 0.5000000000000004441, -4.000000000000000000 ) ) ;
#1193 = ORIENTED_EDGE ( 'NONE', *, *, #3191, .T. ) ;
#1194 = ORIENTED_EDGE ( 'NONE', *, *, #4226, .T. ) ;
#1195 = ORIENTED_EDGE ( 'NONE', *, *, #5150, .F. ) ;
#1196 = LINE ( 'NONE', #3805, #4339 ) ;
#1197 = CARTESIAN_POINT ( 'NONE',  ( -9.669329188920521290, 0.5000000000000004441, -32.59607450347801461 ) ) ;
#1198 = ADVANCED_FACE ( 'NONE', ( #6247 ), #6285, .F. ) ;
#1199 = CARTESIAN_POINT ( 'NONE',  ( -7.857864376269053430, 0.5000000000000004441, 20.78460969082652454 ) ) ;
#1200 = CARTESIAN_POINT ( 'NONE',  ( 31.24999999999977973, 47.00822076650859316, -31.25000000000020250 ) ) ;
#1201 = ORIENTED_EDGE ( 'NONE', *, *, #1862, .F. ) ;
#1202 = LINE ( 'NONE', #6069, #1813 ) ;
#1203 = EDGE_CURVE ( 'NONE', #5970, #2206, #5230, .T. ) ;
#1204 = CARTESIAN_POINT ( 'NONE',  ( 23.34360786845518732, 10.45535840937712990, 13.46561823163265181 ) ) ;
#1205 = DIRECTION ( 'NONE',  ( 0.000000000000000000, 0.000000000000000000, -1.000000000000000000 ) ) ;
#1206 = CARTESIAN_POINT ( 'NONE',  ( 17.09395039137928407, 0.000000000000000000, -25.17145330101924827 ) ) ;
#1207 = CARTESIAN_POINT ( 'NONE',  ( 13.59293427058362269, 10.44039922189258363, -23.39769516497931434 ) ) ;
#1208 = VERTEX_POINT ( 'NONE', #4178 ) ;
#1209 = VERTEX_POINT ( 'NONE', #5263 ) ;
#1210 = LINE ( 'NONE', #1863, #1928 ) ;
#1211 = EDGE_CURVE ( 'NONE', #4076, #6185, #359, .T. ) ;
#1212 = DIRECTION ( 'NONE',  ( -0.6644630243886761045, -0.3420201433256629397, -0.6644630243886762155 ) ) ;
#1213 = DIRECTION ( 'NONE',  ( -0.000000000000000000, -1.000000000000000000, -0.000000000000000000 ) ) ;
#1214 = CARTESIAN_POINT ( 'NONE',  ( 24.16949739484930504, 10.39692620785910471, 15.88863270537036598 ) ) ;
#1215 = VERTEX_POINT ( 'NONE', #5228 ) ;
#1216 = VERTEX_POINT ( 'NONE', #818 ) ;
#1217 = ORIENTED_EDGE ( 'NONE', *, *, #5722, .T. ) ;
#1218 = CIRCLE ( 'NONE', #84, 1.400000000000001910 ) ;
#1219 = CYLINDRICAL_SURFACE ( 'NONE', #7044, 10.00000000000000000 ) ;
#1220 = EDGE_CURVE ( 'NONE', #6619, #1752, #342, .T. ) ;
#1221 = CARTESIAN_POINT ( 'NONE',  ( -24.37878265948577550, 9.976932887946791340, 15.36964531389261168 ) ) ;
#1222 = AXIS2_PLACEMENT_3D ( 'NONE', #5081, #1881, #170 ) ;
#1223 = CARTESIAN_POINT ( 'NONE',  ( -5.999999999999998224, 0.000000000000000000, 20.28460969082652809 ) ) ;
#1224 = VECTOR ( 'NONE', #6257, 999.9999999999998863 ) ;
#1225 = DIRECTION ( 'NONE',  ( 0.000000000000000000, 1.000000000000000000, 0.000000000000000000 ) ) ;
#1226 = ORIENTED_EDGE ( 'NONE', *, *, #631, .F. ) ;
#1227 = EDGE_CURVE ( 'NONE', #1080, #569, #2310, .T. ) ;
#1228 = EDGE_LOOP ( 'NONE', ( #4171, #6245 ) ) ;
#1229 = CONICAL_SURFACE ( 'NONE', #3308, 4.000000000000000000, 0.7853981633974466137 ) ;
#1230 = CARTESIAN_POINT ( 'NONE',  ( -12.58578643762690596, 10.49999999999999467, 21.37039612845342873 ) ) ;
#1231 = PLANE ( 'NONE',  #5004 ) ;
#1232 = CARTESIAN_POINT ( 'NONE',  ( 17.21487277270326643, 9.766606852233504554, -25.29237568234323064 ) ) ;
#1233 = AXIS2_PLACEMENT_3D ( 'NONE', #4185, #1469, #4119 ) ;
#1234 = VECTOR ( 'NONE', #5692, 1000.000000000000114 ) ;
#1235 = FACE_OUTER_BOUND ( 'NONE', #2315, .T. ) ;
#1236 = VERTEX_POINT ( 'NONE', #5606 ) ;
#1237 = AXIS2_PLACEMENT_3D ( 'NONE', #4759, #1316, #2002 ) ;
#1238 = CARTESIAN_POINT ( 'NONE',  ( 30.17410943339771734, 6.124798468254548212, -27.23472174205915053 ) ) ;
#1239 = VECTOR ( 'NONE', #3760, 1000.000000000000114 ) ;
#1240 = ADVANCED_FACE ( 'NONE', ( #2316 ), #1075, .F. ) ;
#1241 = CARTESIAN_POINT ( 'NONE',  ( -14.74602843558286303, 10.20417924965538781, -23.98028928455007147 ) ) ;
#1242 = DIRECTION ( 'NONE',  ( 0.000000000000000000, 0.000000000000000000, -1.000000000000000000 ) ) ;
#1243 = CARTESIAN_POINT ( 'NONE',  ( 4.499999999999999112, 0.000000000000000000, 0.000000000000000000 ) ) ;
#1244 = EDGE_CURVE ( 'NONE', #5557, #2952, #1196, .T. ) ;
#1245 = DIRECTION ( 'NONE',  ( -0.000000000000000000, -1.000000000000000000, -0.000000000000000000 ) ) ;
#1246 = ORIENTED_EDGE ( 'NONE', *, *, #3029, .T. ) ;
#1247 = ORIENTED_EDGE ( 'NONE', *, *, #4261, .F. ) ;
#1248 = CIRCLE ( 'NONE', #2183, 22.00000000000000000 ) ;
#1249 = CARTESIAN_POINT ( 'NONE',  ( -30.17410943339864104, 2.999999999999993339, -27.23472174205819130 ) ) ;
#1250 = LINE ( 'NONE', #3594, #5353 ) ;
#1251 = EDGE_CURVE ( 'NONE', #6087, #310, #3432, .T. ) ;
#1252 = DIRECTION ( 'NONE',  ( 0.000000000000000000, 0.000000000000000000, -1.000000000000000000 ) ) ;
#1253 = AXIS2_PLACEMENT_3D ( 'NONE', #248, #3116, #6854 ) ;
#1255 = FACE_OUTER_BOUND ( 'NONE', #5807, .T. ) ;
#1254 = AXIS2_PLACEMENT_3D ( 'NONE', #1791, #5695, #3382 ) ;
#1256 = CARTESIAN_POINT ( 'NONE',  ( 14.81868600646190437, 10.99999999999959677, -22.89618891610187390 ) ) ;
#1257 = CARTESIAN_POINT ( 'NONE',  ( 23.16906556156676444, 10.48911326289914925, 13.00645523430593187 ) ) ;
#1258 = VERTEX_POINT ( 'NONE', #4872 ) ;
#1259 = EDGE_LOOP ( 'NONE', ( #1373, #4007, #1660, #1945 ) ) ;
#1260 = AXIS2_PLACEMENT_3D ( 'NONE', #5665, #3603, #911 ) ;
#1261 = APPLICATION_PROTOCOL_DEFINITION ( 'international standard', 'config_control_design', 1994, #1987 ) ;
#1262 = AXIS2_PLACEMENT_3D ( 'NONE', #3010, #3554, #4763 ) ;
#1263 = EDGE_LOOP ( 'NONE', ( #3279, #4783, #189, #5540 ) ) ;
#1264 = FACE_OUTER_BOUND ( 'NONE', #2055, .T. ) ;
#1265 = LINE ( 'NONE', #2912, #4930 ) ;
#1266 = CARTESIAN_POINT ( 'NONE',  ( -24.45559879876115517, 9.927079897466144942, -15.47731122237370727 ) ) ;
#1267 = EDGE_CURVE ( 'NONE', #5644, #3949, #704, .T. ) ;
#1268 = DIRECTION ( 'NONE',  ( -0.000000000000000000, -1.000000000000000000, -0.000000000000000000 ) ) ;
#1269 = ORIENTED_EDGE ( 'NONE', *, *, #6891, .T. ) ;
#1270 = VECTOR ( 'NONE', #6190, 1000.000000000000000 ) ;
#1271 = ORIENTED_EDGE ( 'NONE', *, *, #3585, .F. ) ;
#1272 = ORIENTED_EDGE ( 'NONE', *, *, #4230, .F. ) ;
#1273 = VECTOR ( 'NONE', #4124, 1000.000000000000000 ) ;
#1274 = CARTESIAN_POINT ( 'NONE',  ( 4.898587196589412829E-16, 2.999999999999995559, 4.000000000000000000 ) ) ;
#1275 = CARTESIAN_POINT ( 'NONE',  ( -23.42521023613521791, 10.43250207388758000, -13.65681759658061267 ) ) ;
#1276 = DIRECTION ( 'NONE',  ( 0.7071067811865474617, 0.000000000000000000, 0.7071067811865474617 ) ) ;
#1277 = AXIS2_PLACEMENT_3D ( 'NONE', #3945, #6090, #5560 ) ;
#1278 = EDGE_CURVE ( 'NONE', #1334, #6921, #2176, .T. ) ;
#1279 = EDGE_CURVE ( 'NONE', #2991, #2212, #4371, .T. ) ;
#1280 = ORIENTED_EDGE ( 'NONE', *, *, #3388, .F. ) ;
#1281 = DIRECTION ( 'NONE',  ( 0.000000000000000000, -1.000000000000000000, 0.000000000000000000 ) ) ;
#1282 = ORIENTED_EDGE ( 'NONE', *, *, #962, .F. ) ;
#1283 = CARTESIAN_POINT ( 'NONE',  ( 34.18938769134013000, 2.999999999999993339, 28.31061230865985934 ) ) ;
#1284 = VECTOR ( 'NONE', #2256, 1000.000000000000000 ) ;
#1285 = CARTESIAN_POINT ( 'NONE',  ( -7.857864376269053430, 0.000000000000000000, 20.28460969082652809 ) ) ;
#1286 = CARTESIAN_POINT ( 'NONE',  ( 23.00899376716095190, 11.00000000000000000, -6.825408839238018111 ) ) ;
#1287 = PLANE ( 'NONE',  #4723 ) ;
#1288 = VECTOR ( 'NONE', #1104, 1000.000000000000000 ) ;
#1289 = CARTESIAN_POINT ( 'NONE',  ( 14.57632177374180316, 10.25359924679783674, -23.88173002291241076 ) ) ;
#1290 = ORIENTED_EDGE ( 'NONE', *, *, #6981, .F. ) ;
#1291 = VERTEX_POINT ( 'NONE', #2919 ) ;
#1292 = CARTESIAN_POINT ( 'NONE',  ( 35.26527825794179449, 5.999999999999992006, 32.32589056660133764 ) ) ;
#1293 = CARTESIAN_POINT ( 'NONE',  ( 25.42575222578546246, 15.99999999999999645, -34.21036191661197279 ) ) ;
#1294 = EDGE_CURVE ( 'NONE', #3364, #6341, #2155, .T. ) ;
#1295 = DIRECTION ( 'NONE',  ( -0.7071067811865474617, 0.000000000000000000, 0.7071067811865476838 ) ) ;
#1296 = DIRECTION ( 'NONE',  ( -0.000000000000000000, -1.000000000000000000, -0.000000000000000000 ) ) ;
#1297 = CARTESIAN_POINT ( 'NONE',  ( 0.000000000000000000, 0.000000000000000000, 20.28460969082652809 ) ) ;
#1298 = LINE ( 'NONE', #5026, #4352 ) ;
#1299 = VERTEX_POINT ( 'NONE', #4498 ) ;
#1300 = ORIENTED_EDGE ( 'NONE', *, *, #3363, .F. ) ;
#1301 = DIRECTION ( 'NONE',  ( 0.7071067811865475727, 0.000000000000000000, 0.7071067811865475727 ) ) ;
#1302 = VERTEX_POINT ( 'NONE', #200 ) ;
#1303 = DIRECTION ( 'NONE',  ( 0.000000000000000000, 1.000000000000000000, 0.000000000000000000 ) ) ;
#1304 = CARTESIAN_POINT ( 'NONE',  ( -23.34050541011561108, 10.45609913637077248, 13.45793891395297415 ) ) ;
#1305 = CARTESIAN_POINT ( 'NONE',  ( -23.10157401104220298, 10.49722988339729390, -12.81163773686986929 ) ) ;
#1306 = FACE_OUTER_BOUND ( 'NONE', #376, .T. ) ;
#1307 = ORIENTED_EDGE ( 'NONE', *, *, #1969, .F. ) ;
#1308 = ORIENTED_EDGE ( 'NONE', *, *, #1172, .T. ) ;
#1309 = VERTEX_POINT ( 'NONE', #2886 ) ;
#1310 = DIRECTION ( 'NONE',  ( -0.5000000000000002220, 0.7071067811865454633, -0.5000000000000026645 ) ) ;
#1311 = CARTESIAN_POINT ( 'NONE',  ( -23.19266533504114491, 10.48566593662740587, -13.07238615605630194 ) ) ;
#1312 = DIRECTION ( 'NONE',  ( -0.2588190451025204064, 0.000000000000000000, -0.9659258262890684232 ) ) ;
#1313 = ORIENTED_EDGE ( 'NONE', *, *, #2697, .F. ) ;
#1314 = LINE ( 'NONE', #5793, #3099 ) ;
#1315 = EDGE_LOOP ( 'NONE', ( #5627, #6585 ) ) ;
#1316 = DIRECTION ( 'NONE',  ( 0.000000000000000000, 1.000000000000000000, 0.000000000000000000 ) ) ;
#1317 = EDGE_CURVE ( 'NONE', #3076, #3671, #4673, .T. ) ;
#1318 = ADVANCED_FACE ( 'NONE', ( #2352 ), #2720, .F. ) ;
#1319 = LINE ( 'NONE', #3957, #2557 ) ;
#1320 = DIRECTION ( 'NONE',  ( 0.000000000000000000, 0.000000000000000000, -1.000000000000000000 ) ) ;
#1321 = DIRECTION ( 'NONE',  ( -0.5000000000000005551, 0.7071067811865467956, -0.5000000000000005551 ) ) ;
#1322 = EDGE_LOOP ( 'NONE', ( #5603, #2434 ) ) ;
#1323 = ORIENTED_EDGE ( 'NONE', *, *, #5559, .F. ) ;
#1324 = LINE ( 'NONE', #1249, #1593 ) ;
#1325 = LINE ( 'NONE', #753, #6817 ) ;
#1326 = DIRECTION ( 'NONE',  ( -0.7071067811865472397, 0.000000000000000000, -0.7071067811865479058 ) ) ;
#1327 = PLANE ( 'NONE',  #3981 ) ;
#1328 = LINE ( 'NONE', #5207, #1691 ) ;
#1329 = CARTESIAN_POINT ( 'NONE',  ( 23.00881502783351351, 10.92894955146049796, 13.89834002202952412 ) ) ;
#1330 = ORIENTED_EDGE ( 'NONE', *, *, #2139, .T. ) ;
#1331 = ORIENTED_EDGE ( 'NONE', *, *, #5193, .F. ) ;
#1332 = ADVANCED_FACE ( 'NONE', ( #1846 ), #6171, .F. ) ;
#1333 =( NAMED_UNIT ( * ) PLANE_ANGLE_UNIT ( ) SI_UNIT ( $, .RADIAN. ) );
#1334 = VERTEX_POINT ( 'NONE', #1274 ) ;
#1335 = DIRECTION ( 'NONE',  ( 0.000000000000000000, 0.000000000000000000, -1.000000000000000000 ) ) ;
#1336 = EDGE_CURVE ( 'NONE', #963, #2031, #5, .T. ) ;
#1337 = CONICAL_SURFACE ( 'NONE', #6356, 1.500000000000001332, 0.7853981633974466137 ) ;
#1338 = CARTESIAN_POINT ( 'NONE',  ( -23.75528870960730643, 10.63008015069789458, 15.27836856498661788 ) ) ;
#1339 = CARTESIAN_POINT ( 'NONE',  ( -15.67711805105094491, 9.834562382471423447, -24.59815489906945629 ) ) ;
#1340 = AXIS2_PLACEMENT_3D ( 'NONE', #6892, #3188, #4836 ) ;
#1341 = DIRECTION ( 'NONE',  ( -0.000000000000000000, 1.000000000000000000, -0.000000000000000000 ) ) ;
#1342 = VECTOR ( 'NONE', #4890, 1000.000000000000114 ) ;
#1343 = ORIENTED_EDGE ( 'NONE', *, *, #6255, .F. ) ;
#1344 = VECTOR ( 'NONE', #2133, 999.9999999999998863 ) ;
#1345 = CARTESIAN_POINT ( 'NONE',  ( -23.56379401164629073, 10.38769366382898696, 13.96306011014723758 ) ) ;
#1346 = CIRCLE ( 'NONE', #3187, 23.50000000000000000 ) ;
#1347 = PLANE ( 'NONE',  #1916 ) ;
#1348 = DIRECTION ( 'NONE',  ( 0.000000000000000000, 0.7071067811865474617, 0.7071067811865474617 ) ) ;
#1349 = ORIENTED_EDGE ( 'NONE', *, *, #6752, .T. ) ;
#1350 = AXIS2_PLACEMENT_3D ( 'NONE', #5463, #465, #1535 ) ;
#1351 = DIRECTION ( 'NONE',  ( 0.7071067811865462405, -0.7071067811865489050, 0.000000000000000000 ) ) ;
#1352 = VERTEX_POINT ( 'NONE', #1616 ) ;
#1353 = VECTOR ( 'NONE', #2871, 1000.000000000000000 ) ;
#1354 = CARTESIAN_POINT ( 'NONE',  ( 15.88863270537030381, 10.39692620785911004, -24.16949739484926241 ) ) ;
#1355 = VECTOR ( 'NONE', #6044, 1000.000000000000000 ) ;
#1356 = CARTESIAN_POINT ( 'NONE',  ( -12.97537828865428899, 10.99999693316126148, -22.63223656266515604 ) ) ;
#1357 = VECTOR ( 'NONE', #2326, 1000.000000000000000 ) ;
#1358 = DIRECTION ( 'NONE',  ( 0.000000000000000000, -1.000000000000000000, 0.000000000000000000 ) ) ;
#1359 = LINE ( 'NONE', #5730, #4587 ) ;
#1360 = ORIENTED_EDGE ( 'NONE', *, *, #1096, .F. ) ;
#1361 = ORIENTED_EDGE ( 'NONE', *, *, #4551, .T. ) ;
#1362 = VECTOR ( 'NONE', #1458, 1000.000000000000114 ) ;
#1363 = VECTOR ( 'NONE', #2471, 1000.000000000000114 ) ;
#1364 = CONICAL_SURFACE ( 'NONE', #6151, 10.50000000000000711, 0.7853981633974392862 ) ;
#1365 = DIRECTION ( 'NONE',  ( -0.7071067811865614505, -0.000000000000000000, -0.7071067811865336949 ) ) ;
#1366 = FACE_OUTER_BOUND ( 'NONE', #120, .T. ) ;
#1367 = FACE_OUTER_BOUND ( 'NONE', #800, .T. ) ;
#1368 = DIRECTION ( 'NONE',  ( 0.000000000000000000, 1.000000000000000000, 0.000000000000000000 ) ) ;
#1369 = FACE_OUTER_BOUND ( 'NONE', #3702, .T. ) ;
#1370 = EDGE_CURVE ( 'NONE', #12, #1258, #6729, .T. ) ;
#1371 = ADVANCED_FACE ( 'NONE', ( #768 ), #2866, .F. ) ;
#1372 = ORIENTED_EDGE ( 'NONE', *, *, #4502, .F. ) ;
#1373 = ORIENTED_EDGE ( 'NONE', *, *, #2200, .T. ) ;
#1374 = DIRECTION ( 'NONE',  ( 0.000000000000000000, 0.000000000000000000, -1.000000000000000000 ) ) ;
#1375 = VERTEX_POINT ( 'NONE', #2954 ) ;
#1376 = DIRECTION ( 'NONE',  ( -0.000000000000000000, 1.000000000000000000, -0.000000000000000000 ) ) ;
#1377 = CARTESIAN_POINT ( 'NONE',  ( -23.30276535996399190, 10.83325323878219493, 14.49850143555073423 ) ) ;
#1378 = CARTESIAN_POINT ( 'NONE',  ( -24.15454751611028783, 10.12244717891187129, -15.05535732544744754 ) ) ;
#1379 = CARTESIAN_POINT ( 'NONE',  ( 0.000000000000000000, 3.499999999999999556, 0.000000000000000000 ) ) ;
#1380 = VECTOR ( 'NONE', #6566, 1000.000000000000114 ) ;
#1381 = ORIENTED_EDGE ( 'NONE', *, *, #4127, .F. ) ;
#1382 = CARTESIAN_POINT ( 'NONE',  ( 15.47731122237366286, 9.927079897466146718, -24.45559879876112319 ) ) ;
#1383 = EDGE_CURVE ( 'NONE', #6801, #6969, #2427, .T. ) ;
#1384 = VECTOR ( 'NONE', #1548, 1000.000000000000000 ) ;
#1385 = DIRECTION ( 'NONE',  ( 0.000000000000000000, -0.000000000000000000, 1.000000000000000000 ) ) ;
#1386 = CYLINDRICAL_SURFACE ( 'NONE', #4113, 6.211657082460492418 ) ;
#1387 = ORIENTED_EDGE ( 'NONE', *, *, #3500, .T. ) ;
#1388 = LINE ( 'NONE', #6244, #2391 ) ;
#1389 = VERTEX_POINT ( 'NONE', #877 ) ;
#1390 = EDGE_CURVE ( 'NONE', #3214, #2330, #2573, .T. ) ;
#1391 = CARTESIAN_POINT ( 'NONE',  ( 23.84735509087335359, 10.27046987466433237, -14.51631265396832760 ) ) ;
#1392 = CONICAL_SURFACE ( 'NONE', #2087, 5.711657082460498636, 0.7853981633974439491 ) ;
#1393 = ADVANCED_FACE ( 'NONE', ( #4138 ), #6316, .F. ) ;
#1394 = CARTESIAN_POINT ( 'NONE',  ( -14.49850143555071469, 10.83325323878219315, -23.30276535996399190 ) ) ;
#1395 = CARTESIAN_POINT ( 'NONE',  ( 24.77635493753267326, 9.718900474107062593, -15.92692201449008316 ) ) ;
#1396 = CARTESIAN_POINT ( 'NONE',  ( 22.52963973034509237, 11.00000000000000000, -6.683212821753891753 ) ) ;
#1397 = EDGE_LOOP ( 'NONE', ( #3701, #1410 ) ) ;
#1398 = ORIENTED_EDGE ( 'NONE', *, *, #1821, .F. ) ;
#1399 = VECTOR ( 'NONE', #6520, 1000.000000000000114 ) ;
#1400 = CIRCLE ( 'NONE', #5404, 23.99999999999999645 ) ;
#1401 = LINE ( 'NONE', #5236, #5143 ) ;
#1402 = CARTESIAN_POINT ( 'NONE',  ( 22.53794224446404471, 11.00000000000000000, -12.68329260279647031 ) ) ;
#1403 = DIRECTION ( 'NONE',  ( 0.000000000000000000, -1.000000000000000000, 0.000000000000000000 ) ) ;
#1404 = CIRCLE ( 'NONE', #6311, 6.211657082460492418 ) ;
#1405 = CARTESIAN_POINT ( 'NONE',  ( -13.43502884254437468, 2.000000000000000000, -15.83502884254442833 ) ) ;
#1406 = CARTESIAN_POINT ( 'NONE',  ( 0.000000000000000000, 10.49999999999999467, 0.000000000000000000 ) ) ;
#1407 = AXIS2_PLACEMENT_3D ( 'NONE', #91, #1698, #3362 ) ;
#1408 = CARTESIAN_POINT ( 'NONE',  ( 31.24999999999977973, 5.499999999999991118, -31.25000000000020250 ) ) ;
#1409 = ORIENTED_EDGE ( 'NONE', *, *, #444, .F. ) ;
#1410 = ORIENTED_EDGE ( 'NONE', *, *, #1220, .F. ) ;
#1411 = PERSON_AND_ORGANIZATION_ROLE ( 'creator' ) ;
#1412 = EDGE_LOOP ( 'NONE', ( #5751, #4201, #2450, #1516 ) ) ;
#1413 = FACE_OUTER_BOUND ( 'NONE', #5243, .T. ) ;
#1414 = EDGE_CURVE ( 'NONE', #639, #3174, #1839, .T. ) ;
#1415 = CARTESIAN_POINT ( 'NONE',  ( -23.18867347532265200, 10.48937734700867175, 13.07187148978630908 ) ) ;
#1416 = DIRECTION ( 'NONE',  ( 1.000000000000000000, 0.000000000000000000, 0.000000000000000000 ) ) ;
#1417 = CARTESIAN_POINT ( 'NONE',  ( -34.21036191661212911, 5.499999999999987566, 25.42575222578560812 ) ) ;
#1418 = ORIENTED_EDGE ( 'NONE', *, *, #201, .F. ) ;
#1419 = EDGE_LOOP ( 'NONE', ( #3386, #5777, #3148, #1768 ) ) ;
#1420 = CARTESIAN_POINT ( 'NONE',  ( -23.94916689043087032, 10.22051378687794632, 14.69419902588086835 ) ) ;
#1421 = CARTESIAN_POINT ( 'NONE',  ( 4.392304845413268488, 0.5000000000000004441, -4.392304845413264935 ) ) ;
#1422 = CARTESIAN_POINT ( 'NONE',  ( 27.54768823259000499, 5.999999999999995559, 31.34211627712688042 ) ) ;
#1423 = CARTESIAN_POINT ( 'NONE',  ( 23.36085798989908469, 6.603073792140889964, -31.43836089953894941 ) ) ;
#1424 = ORIENTED_EDGE ( 'NONE', *, *, #6773, .T. ) ;
#1425 = DIRECTION ( 'NONE',  ( -0.6644630243886761045, 0.3420201433256629397, 0.6644630243886761045 ) ) ;
#1426 = ORIENTED_EDGE ( 'NONE', *, *, #350, .F. ) ;
#1427 = EDGE_CURVE ( 'NONE', #4599, #1389, #4610, .T. ) ;
#1428 = CARTESIAN_POINT ( 'NONE',  ( -4.000000000000000000, 2.000000000000000000, 2.061552812808869373 ) ) ;
#1429 = DIRECTION ( 'NONE',  ( -0.000000000000000000, -1.000000000000000000, -0.000000000000000000 ) ) ;
#1430 = APPROVAL_PERSON_ORGANIZATION ( #5212, #3180, #1480 ) ;
#1431 = DIRECTION ( 'NONE',  ( 0.000000000000000000, 0.000000000000000000, -1.000000000000000000 ) ) ;
#1432 = EDGE_CURVE ( 'NONE', #2205, #2350, #826, .T. ) ;
#1433 = CARTESIAN_POINT ( 'NONE',  ( -13.43502884254442620, 2.000000000000000000, 12.03502884254437788 ) ) ;
#1434 = VERTEX_POINT ( 'NONE', #6914 ) ;
#1435 = DIRECTION ( 'NONE',  ( -0.2588190451025106920, 0.000000000000000000, 0.9659258262890710878 ) ) ;
#1436 = CARTESIAN_POINT ( 'NONE',  ( -27.54768823259000854, 5.999999999999996447, -31.34211627712686621 ) ) ;
#1437 = DIRECTION ( 'NONE',  ( 0.000000000000000000, 0.000000000000000000, -1.000000000000000000 ) ) ;
#1438 = LINE ( 'NONE', #3626, #3234 ) ;
#1439 = CARTESIAN_POINT ( 'NONE',  ( -32.59607450347800750, 11.00000000000000000, -9.669329188920540830 ) ) ;
#1440 = ORIENTED_EDGE ( 'NONE', *, *, #3496, .T. ) ;
#1441 = ORIENTED_EDGE ( 'NONE', *, *, #6231, .F. ) ;
#1442 = APPROVAL_STATUS ( 'not_yet_approved' ) ;
#1443 = EDGE_CURVE ( 'NONE', #5863, #5319, #311, .T. ) ;
#1444 = B_SPLINE_SURFACE_WITH_KNOTS ( 'NONE', 1, 3, ( 
 ( #2095, #4272, #1108, #3302, #5478, #6434, #2791, #3929, #4544, #1207, #680, #1781, #5616, #214, #1818, #1289, #1175, #3960, #5014, #4978 ),
 ( #6219, #2295, #147, #747, #5512, #179, #5546, #2328, #3442, #72, #6140, #6594, #717, #3406, #2898, #607, #5090, #6105, #1717, #4509 ) ),
 .UNSPECIFIED., .F., .F., .F.,
 ( 2, 2 ),
 ( 4, 2, 2, 2, 2, 2, 2, 2, 2, 4 ),
 ( 0.000000000000000000, 1.000000000000000000 ),
 ( 0.000000000000000000, 0.0004361698583924814758, 0.0006542547875887222680, 0.0008723397167849629517, 0.001090424645981203852, 0.001308509575177444536, 0.001744679433569925903, 0.002180849291962407704, 0.002617019150354889072, 0.003489358867139851807 ),
 .UNSPECIFIED. ) ;
#1445 = VERTEX_POINT ( 'NONE', #6278 ) ;
#1446 = DIRECTION ( 'NONE',  ( -0.7071067811865472397, 0.000000000000000000, -0.7071067811865479058 ) ) ;
#1447 = DIRECTION ( 'NONE',  ( -0.7071067811865474617, 0.000000000000000000, -0.7071067811865476838 ) ) ;
#1448 = AXIS2_PLACEMENT_3D ( 'NONE', #2678, #3219, #5859 ) ;
#1449 = CARTESIAN_POINT ( 'NONE',  ( 13.43502884254437468, 0.000000000000000000, 13.43502884254442620 ) ) ;
#1450 = CARTESIAN_POINT ( 'NONE',  ( 34.21036191661202963, 5.500000000000011546, 25.42575222578552285 ) ) ;
#1451 = EDGE_CURVE ( 'NONE', #6238, #662, #5714, .T. ) ;
#1452 = ORIENTED_EDGE ( 'NONE', *, *, #4962, .F. ) ;
#1453 = ORIENTED_EDGE ( 'NONE', *, *, #5609, .F. ) ;
#1454 = DIRECTION ( 'NONE',  ( 0.000000000000000000, 1.000000000000000000, 0.000000000000000000 ) ) ;
#1455 = DIRECTION ( 'NONE',  ( -0.7071067811865406894, -1.040834085586083862E-15, 0.7071067811865544561 ) ) ;
#1456 = DIRECTION ( 'NONE',  ( -0.6710100716628546458, -0.6644630243886274767, -0.3289899283372194616 ) ) ;
#1457 = ORIENTED_EDGE ( 'NONE', *, *, #6773, .F. ) ;
#1458 = DIRECTION ( 'NONE',  ( -0.4999999999999989453, -0.7071067811865489050, 0.4999999999999989453 ) ) ;
#1459 = ADVANCED_FACE ( 'NONE', ( #2996 ), #2280, .T. ) ;
#1460 = EDGE_CURVE ( 'NONE', #2357, #2250, #6525, .T. ) ;
#1461 = VERTEX_POINT ( 'NONE', #6849 ) ;
#1462 = CARTESIAN_POINT ( 'NONE',  ( 0.000000000000000000, 2.500000000000017764, 0.000000000000000000 ) ) ;
#1463 = DIRECTION ( 'NONE',  ( -0.000000000000000000, -1.000000000000000000, -0.000000000000000000 ) ) ;
#1464 = CARTESIAN_POINT ( 'NONE',  ( -23.36085798989905982, 6.603073792140888187, 31.43836089953902402 ) ) ;
#1465 = VECTOR ( 'NONE', #1435, 999.9999999999998863 ) ;
#1466 = CARTESIAN_POINT ( 'NONE',  ( -14.00000000000000000, 47.00822076650859316, 19.95618256608033292 ) ) ;
#1467 = ORIENTED_EDGE ( 'NONE', *, *, #3878, .F. ) ;
#1468 = CIRCLE ( 'NONE', #2386, 23.49999999999999645 ) ;
#1469 = DIRECTION ( 'NONE',  ( -0.6710100716628347728, 0.6644630243886697762, -0.3289899283371748862 ) ) ;
#1470 = DIRECTION ( 'NONE',  ( -0.7071067811865479058, 0.000000000000000000, 0.7071067811865472397 ) ) ;
#1471 = CARTESIAN_POINT ( 'NONE',  ( -24.45559879876122622, 9.927079897466152048, 15.47731122237379431 ) ) ;
#1472 = ADVANCED_FACE ( 'NONE', ( #1494 ), #1392, .T. ) ;
#1473 = DIRECTION ( 'NONE',  ( 0.7071067811865479058, 0.000000000000000000, -0.7071067811865472397 ) ) ;
#1474 = DIRECTION ( 'NONE',  ( -0.000000000000000000, -1.000000000000000000, -0.000000000000000000 ) ) ;
#1475 = VECTOR ( 'NONE', #2100, 1000.000000000000000 ) ;
#1476 = CARTESIAN_POINT ( 'NONE',  ( 13.43502884254442797, 0.000000000000000000, -15.83502884254437504 ) ) ;
#1477 = ORIENTED_EDGE ( 'NONE', *, *, #6120, .F. ) ;
#1478 = ORIENTED_EDGE ( 'NONE', *, *, #54, .T. ) ;
#1479 = AXIS2_PLACEMENT_3D ( 'NONE', #2012, #1580, #1513 ) ;
#1480 = APPROVAL_ROLE ( '' ) ;
#1481 = EDGE_LOOP ( 'NONE', ( #1568, #1883, #4022, #5326, #4511, #3754, #5954, #4575, #6490, #4378, #4246 ) ) ;
#1482 = CARTESIAN_POINT ( 'NONE',  ( -28.31061230866049883, 2.999999999999993339, -34.18938769133949052 ) ) ;
#1483 = AXIS2_PLACEMENT_3D ( 'NONE', #778, #3038, #2581 ) ;
#1484 = DIRECTION ( 'NONE',  ( 0.000000000000000000, 0.000000000000000000, -1.000000000000000000 ) ) ;
#1485 = VECTOR ( 'NONE', #628, 1000.000000000000000 ) ;
#1486 = EDGE_CURVE ( 'NONE', #6811, #3924, #1060, .T. ) ;
#1487 = LINE ( 'NONE', #5216, #2709 ) ;
#1488 = B_SPLINE_CURVE_WITH_KNOTS ( 'NONE', 1,
 ( #1974, #3128 ),
 .UNSPECIFIED., .F., .F.,
 ( 2, 2 ),
 ( 0.000000000000000000, 1.000000000000000000 ),
 .UNSPECIFIED. ) ;
#1489 = CARTESIAN_POINT ( 'NONE',  ( 0.000000000000000000, 0.5000000000000004441, 0.000000000000000000 ) ) ;
#1490 = ORIENTED_EDGE ( 'NONE', *, *, #4183, .F. ) ;
#1491 = CONICAL_SURFACE ( 'NONE', #804, 5.711657082460491530, 0.7853981633974473908 ) ;
#1492 = VERTEX_POINT ( 'NONE', #4825 ) ;
#1493 = EDGE_LOOP ( 'NONE', ( #5296, #2187, #5418, #1361, #6635, #3764 ) ) ;
#1494 = FACE_OUTER_BOUND ( 'NONE', #2647, .T. ) ;
#1495 = EDGE_CURVE ( 'NONE', #3377, #405, #1509, .T. ) ;
#1496 = CARTESIAN_POINT ( 'NONE',  ( 0.000000000000000000, 11.00099999999999945, 0.000000000000000000 ) ) ;
#1497 = AXIS2_PLACEMENT_3D ( 'NONE', #1596, #486, #1557 ) ;
#1498 = DIRECTION ( 'NONE',  ( 0.4124789556921530376, 0.7071067811865472397, 0.5743353646704260074 ) ) ;
#1499 = EDGE_LOOP ( 'NONE', ( #6712, #3347, #4364, #5855, #232 ) ) ;
#1500 = CARTESIAN_POINT ( 'NONE',  ( -27.21124854518032521, 0.000000000000000000, -35.28875145481966058 ) ) ;
#1501 = ORIENTED_EDGE ( 'NONE', *, *, #4486, .F. ) ;
#1502 = EDGE_LOOP ( 'NONE', ( #4069, #324, #2405, #4960 ) ) ;
#1503 = DIRECTION ( 'NONE',  ( 0.7071067811865614505, -0.000000000000000000, 0.7071067811865336949 ) ) ;
#1504 = DIRECTION ( 'NONE',  ( -0.3289899283371703897, -0.6644630243886741061, -0.6710100716628325523 ) ) ;
#1505 = ADVANCED_FACE ( 'NONE', ( #5923 ), #5858, .F. ) ;
#1506 = CARTESIAN_POINT ( 'NONE',  ( -31.25000000000031264, 5.499999999999991118, -37.46165708246016379 ) ) ;
#1507 = CARTESIAN_POINT ( 'NONE',  ( -24.99103152811504458, 9.597177089135032091, 16.16267815193767987 ) ) ;
#1508 = ORIENTED_EDGE ( 'NONE', *, *, #3987, .T. ) ;
#1509 = CIRCLE ( 'NONE', #1153, 10.50000000000000000 ) ;
#1510 = LINE ( 'NONE', #5802, #1465 ) ;
#1511 = CIRCLE ( 'NONE', #1731, 23.99999999999999645 ) ;
#1512 = CARTESIAN_POINT ( 'NONE',  ( -25.52500669161252134, 11.00000000000000000, -16.74039700078601811 ) ) ;
#1513 = DIRECTION ( 'NONE',  ( 0.000000000000000000, 0.000000000000000000, 1.000000000000000000 ) ) ;
#1514 = CARTESIAN_POINT ( 'NONE',  ( 7.857864376269049878, 0.000000000000000000, 30.78460969082652454 ) ) ;
#1515 = FACE_OUTER_BOUND ( 'NONE', #6768, .T. ) ;
#1516 = ORIENTED_EDGE ( 'NONE', *, *, #4644, .F. ) ;
#1517 = ORIENTED_EDGE ( 'NONE', *, *, #4853, .T. ) ;
#1518 = EDGE_CURVE ( 'NONE', #1586, #5234, #2872, .T. ) ;
#1519 = DIRECTION ( 'NONE',  ( 0.000000000000000000, 0.000000000000000000, 1.000000000000000000 ) ) ;
#1520 = CARTESIAN_POINT ( 'NONE',  ( 13.43502884254442797, 11.00099999999999945, -13.43502884254437468 ) ) ;
#1521 = AXIS2_PLACEMENT_3D ( 'NONE', #4287, #3612, #991 ) ;
#1522 = CARTESIAN_POINT ( 'NONE',  ( -13.43502884254442620, 2.000000000000000000, 15.83502884254437504 ) ) ;
#1523 = EDGE_CURVE ( 'NONE', #4841, #174, #5397, .T. ) ;
#1524 = CARTESIAN_POINT ( 'NONE',  ( -7.857864376269053430, 0.000000000000000000, 20.78460969082652454 ) ) ;
#1525 = ORIENTED_EDGE ( 'NONE', *, *, #4669, .F. ) ;
#1526 = ORIENTED_EDGE ( 'NONE', *, *, #4390, .F. ) ;
#1527 = DIRECTION ( 'NONE',  ( -6.133173666733558182E-17, 1.000000000000000000, -6.133173666733433690E-17 ) ) ;
#1528 = FACE_OUTER_BOUND ( 'NONE', #3370, .T. ) ;
#1529 = DIRECTION ( 'NONE',  ( 0.6710100716628288886, -0.6644630243886816556, -0.3289899283371626737 ) ) ;
#1530 = ORIENTED_EDGE ( 'NONE', *, *, #2632, .F. ) ;
#1531 = DIRECTION ( 'NONE',  ( 0.7071067811865472397, 0.000000000000000000, 0.7071067811865479058 ) ) ;
#1532 = ORIENTED_EDGE ( 'NONE', *, *, #4519, .F. ) ;
#1533 = ADVANCED_FACE ( 'NONE', ( #522 ), #3350, .T. ) ;
#1534 = EDGE_LOOP ( 'NONE', ( #5202, #4087, #3023, #2244, #4877, #5911, #349, #3384, #2639, #4617, #95 ) ) ;
#1535 = DIRECTION ( 'NONE',  ( 0.7071067811865405783, 0.000000000000000000, -0.7071067811865544561 ) ) ;
#1536 = DIRECTION ( 'NONE',  ( 0.000000000000000000, 0.000000000000000000, -1.000000000000000000 ) ) ;
#1537 = LINE ( 'NONE', #3189, #5707 ) ;
#1538 = CARTESIAN_POINT ( 'NONE',  ( 13.43502884254442797, 2.000000000000000000, -13.43502884254437468 ) ) ;
#1539 = ORIENTED_EDGE ( 'NONE', *, *, #6906, .T. ) ;
#1540 = ADVANCED_FACE ( 'NONE', ( #414 ), #2677, .F. ) ;
#1541 = B_SPLINE_CURVE_WITH_KNOTS ( 'NONE', 3,
 ( #3113, #4754, #5860, #2608, #2111, #3715, #3179, #5258, #959, #6885, #4581, #2071, #1031, #6347, #2030, #2646 ),
 .UNSPECIFIED., .F., .F.,
 ( 4, 2, 2, 2, 2, 2, 2, 4 ),
 ( 0.000000000000000000, 0.1249999999999994726, 0.1874999999999992228, 0.2499999999999989453, 0.3749999999999985012, 0.4374999999999982792, 0.4999999999999980016, 1.000000000000000000 ),
 .UNSPECIFIED. ) ;
#1542 = ADVANCED_FACE ( 'NONE', ( #2606 ), #4391, .F. ) ;
#1543 = DIRECTION ( 'NONE',  ( 0.000000000000000000, 1.000000000000000000, 0.000000000000000000 ) ) ;
#1544 = CARTESIAN_POINT ( 'NONE',  ( -4.000000000000000000, 2.500000000000017764, 0.000000000000000000 ) ) ;
#1545 = CARTESIAN_POINT ( 'NONE',  ( -23.52570806218063382, 10.74084445752859907, -14.90102104509439229 ) ) ;
#1546 = FACE_OUTER_BOUND ( 'NONE', #3812, .T. ) ;
#1547 = DIRECTION ( 'NONE',  ( -0.000000000000000000, 1.000000000000000000, 0.000000000000000000 ) ) ;
#1548 = DIRECTION ( 'NONE',  ( -0.000000000000000000, 1.000000000000000000, -0.000000000000000000 ) ) ;
#1549 = EDGE_LOOP ( 'NONE', ( #4857, #2423, #6919, #4726, #5196, #5931 ) ) ;
#1550 = VERTEX_POINT ( 'NONE', #552 ) ;
#1551 = ADVANCED_FACE ( 'NONE', ( #2179 ), #5455, .F. ) ;
#1552 = ORIENTED_EDGE ( 'NONE', *, *, #4450, .F. ) ;
#1553 = CARTESIAN_POINT ( 'NONE',  ( -12.50000000000000355, 11.00000000000000000, 19.49358868961792268 ) ) ;
#1554 = LINE ( 'NONE', #409, #4008 ) ;
#1555 = CARTESIAN_POINT ( 'NONE',  ( -35.28875145481997322, 0.000000000000000000, -27.21124854518001968 ) ) ;
#1556 = EDGE_CURVE ( 'NONE', #174, #5233, #5270, .T. ) ;
#1557 = DIRECTION ( 'NONE',  ( 0.000000000000000000, -0.000000000000000000, 1.000000000000000000 ) ) ;
#1558 = ORIENTED_EDGE ( 'NONE', *, *, #1278, .F. ) ;
#1559 = EDGE_LOOP ( 'NONE', ( #4067, #6554, #3225, #2441, #4973 ) ) ;
#1560 = EDGE_CURVE ( 'NONE', #956, #1209, #6517, .T. ) ;
#1561 = ORIENTED_EDGE ( 'NONE', *, *, #4740, .F. ) ;
#1562 = EDGE_CURVE ( 'NONE', #5505, #648, #5739, .T. ) ;
#1563 = DIRECTION ( 'NONE',  ( 0.000000000000000000, -1.000000000000000000, 0.000000000000000000 ) ) ;
#1564 = CARTESIAN_POINT ( 'NONE',  ( 27.23472174205883434, 6.124798468254549100, 30.17410943339800156 ) ) ;
#1565 = DIRECTION ( 'NONE',  ( 0.000000000000000000, 0.000000000000000000, -1.000000000000000000 ) ) ;
#1566 = VERTEX_POINT ( 'NONE', #3821 ) ;
#1567 = CARTESIAN_POINT ( 'NONE',  ( -31.93071212713070040, 5.999999999999994671, 27.70540201526697999 ) ) ;
#1568 = ORIENTED_EDGE ( 'NONE', *, *, #6074, .T. ) ;
#1569 = EDGE_LOOP ( 'NONE', ( #4100, #4077, #6207, #4256 ) ) ;
#1570 = CARTESIAN_POINT ( 'NONE',  ( 0.000000000000000000, 3.499999999999999556, 0.000000000000000000 ) ) ;
#1571 = VECTOR ( 'NONE', #6985, 1000.000000000000000 ) ;
#1572 = PLANE ( 'NONE',  #5808 ) ;
#1573 = LINE ( 'NONE', #2039, #1027 ) ;
#1574 = DIRECTION ( 'NONE',  ( -0.2588190451025207950, 4.336808689941941315E-17, 0.9659258262890683122 ) ) ;
#1575 = ORIENTED_EDGE ( 'NONE', *, *, #4551, .F. ) ;
#1576 = DIRECTION ( 'NONE',  ( -0.000000000000000000, -1.000000000000000000, -0.000000000000000000 ) ) ;
#1577 = VECTOR ( 'NONE', #4384, 1000.000000000000114 ) ;
#1578 = DIRECTION ( 'NONE',  ( -0.7071067811865466846, 0.000000000000000000, 0.7071067811865483499 ) ) ;
#1579 = VECTOR ( 'NONE', #871, 1000.000000000000000 ) ;
#1580 = DIRECTION ( 'NONE',  ( -0.000000000000000000, 1.000000000000000000, -0.000000000000000000 ) ) ;
#1581 = AXIS2_PLACEMENT_3D ( 'NONE', #3604, #4198, #2532 ) ;
#1582 = ADVANCED_FACE ( 'NONE', ( #4929 ), #3217, .F. ) ;
#1583 = LINE ( 'NONE', #4911, #4947 ) ;
#1584 = LINE ( 'NONE', #5416, #6706 ) ;
#1585 = ORIENTED_EDGE ( 'NONE', *, *, #6994, .T. ) ;
#1586 = VERTEX_POINT ( 'NONE', #2215 ) ;
#1587 = VECTOR ( 'NONE', #3909, 1000.000000000000000 ) ;
#1588 = EDGE_LOOP ( 'NONE', ( #5991, #5116 ) ) ;
#1589 = DIRECTION ( 'NONE',  ( 0.000000000000000000, -0.7071067811865500152, -0.7071067811865451302 ) ) ;
#1590 = DIRECTION ( 'NONE',  ( 0.000000000000000000, 0.000000000000000000, 1.000000000000000000 ) ) ;
#1591 = CARTESIAN_POINT ( 'NONE',  ( -23.37971967712631738, 10.80310935483148782, -14.64175913810317198 ) ) ;
#1592 = VECTOR ( 'NONE', #5929, 1000.000000000000000 ) ;
#1593 = VECTOR ( 'NONE', #2867, 1000.000000000000000 ) ;
#1594 = ADVANCED_FACE ( 'NONE', ( #491 ), #4563, .T. ) ;
#1595 = AXIS2_PLACEMENT_3D ( 'NONE', #1650, #3342, #4507 ) ;
#1596 = CARTESIAN_POINT ( 'NONE',  ( 0.000000000000000000, 2.000000000000000000, 0.000000000000000000 ) ) ;
#1597 = ORIENTED_EDGE ( 'NONE', *, *, #5254, .T. ) ;
#1598 = ORIENTED_EDGE ( 'NONE', *, *, #4490, .T. ) ;
#1599 = CARTESIAN_POINT ( 'NONE',  ( -22.53794224446402339, 11.00000000000000000, 12.68329260279642590 ) ) ;
#1600 = VECTOR ( 'NONE', #6582, 1000.000000000000114 ) ;
#1601 = CARTESIAN_POINT ( 'NONE',  ( -23.52172655786042554, 10.74263815611808504, 14.89418594600355661 ) ) ;
#1602 = DIRECTION ( 'NONE',  ( -0.7071067811865395791, 8.673617379884034239E-17, 0.7071067811865554553 ) ) ;
#1603 = PLANE ( 'NONE',  #2106 ) ;
#1604 = CIRCLE ( 'NONE', #1135, 2.399999999999999467 ) ;
#1605 = VERTEX_POINT ( 'NONE', #1764 ) ;
#1606 = CARTESIAN_POINT ( 'NONE',  ( -28.31061230866049883, 5.999999999999992895, -34.18938769133949052 ) ) ;
#1607 = ORIENTED_EDGE ( 'NONE', *, *, #6255, .T. ) ;
#1608 = ORIENTED_EDGE ( 'NONE', *, *, #4598, .F. ) ;
#1609 = CYLINDRICAL_SURFACE ( 'NONE', #779, 22.00000000000000000 ) ;
#1610 = PLANE ( 'NONE',  #6571 ) ;
#1611 = FACE_OUTER_BOUND ( 'NONE', #4017, .T. ) ;
#1612 = EDGE_CURVE ( 'NONE', #6106, #6611, #2193, .T. ) ;
#1613 = CARTESIAN_POINT ( 'NONE',  ( -24.59815489737827576, 9.834562383568977495, 15.67711804868061520 ) ) ;
#1614 = EDGE_LOOP ( 'NONE', ( #6680, #4053, #1501, #608 ) ) ;
#1615 = ADVANCED_FACE ( 'NONE', ( #6610 ), #3458, .T. ) ;
#1616 = CARTESIAN_POINT ( 'NONE',  ( -34.18938769133939104, 2.999999999999993339, 28.31061230866061607 ) ) ;
#1617 = AXIS2_PLACEMENT_3D ( 'NONE', #3726, #5468, #472 ) ;
#1618 = CARTESIAN_POINT ( 'NONE',  ( 15.51583782337266548, 9.927079897466136060, 24.30044751419919180 ) ) ;
#1619 = CARTESIAN_POINT ( 'NONE',  ( -32.59607450347800750, 0.5000000000000004441, 9.669329188920531948 ) ) ;
#1620 = DIRECTION ( 'NONE',  ( -0.000000000000000000, -1.000000000000000000, -0.000000000000000000 ) ) ;
#1621 = CARTESIAN_POINT ( 'NONE',  ( 0.000000000000000000, 2.000000000000000000, 20.28460969082651033 ) ) ;
#1622 = ORIENTED_EDGE ( 'NONE', *, *, #6889, .F. ) ;
#1623 = ORIENTED_EDGE ( 'NONE', *, *, #6019, .F. ) ;
#1624 = LINE ( 'NONE', #5981, #6261 ) ;
#1625 = ADVANCED_FACE ( 'NONE', ( #6159 ), #2344, .T. ) ;
#1626 = CARTESIAN_POINT ( 'NONE',  ( 13.21831257821694194, 10.49999999999999289, 22.00292226904346649 ) ) ;
#1627 = LINE ( 'NONE', #2671, #3755 ) ;
#1628 = AXIS2_PLACEMENT_3D ( 'NONE', #5634, #588, #2774 ) ;
#1629 = AXIS2_PLACEMENT_3D ( 'NONE', #6401, #4846, #538 ) ;
#1630 = CYLINDRICAL_SURFACE ( 'NONE', #923, 2.099999999999997868 ) ;
#1631 = ORIENTED_EDGE ( 'NONE', *, *, #4562, .F. ) ;
#1632 = LINE ( 'NONE', #4991, #2264 ) ;
#1633 = EDGE_CURVE ( 'NONE', #5233, #1992, #5674, .T. ) ;
#1634 = EDGE_CURVE ( 'NONE', #6831, #4968, #56, .T. ) ;
#1635 = DIRECTION ( 'NONE',  ( 0.7071067811865544561, 0.000000000000000000, 0.7071067811865406894 ) ) ;
#1636 = LINE ( 'NONE', #1156, #652 ) ;
#1637 = DIRECTION ( 'NONE',  ( 0.000000000000000000, 0.000000000000000000, -1.000000000000000000 ) ) ;
#1638 = CIRCLE ( 'NONE', #954, 5.711657082460491530 ) ;
#1639 = VECTOR ( 'NONE', #6139, 1000.000000000000114 ) ;
#1640 = CARTESIAN_POINT ( 'NONE',  ( 0.000000000000000000, 11.00000000000000000, 0.000000000000000000 ) ) ;
#1641 = ORIENTED_EDGE ( 'NONE', *, *, #4502, .T. ) ;
#1642 = EDGE_LOOP ( 'NONE', ( #6198, #2726, #6443, #163, #4200, #5854 ) ) ;
#1643 = DIRECTION ( 'NONE',  ( -0.4999999999999994449, 0.7071067811865481278, -0.4999999999999997780 ) ) ;
#1644 = CARTESIAN_POINT ( 'NONE',  ( -31.25000000000000000, 47.00822076650859316, 29.14999999999999147 ) ) ;
#1645 = CARTESIAN_POINT ( 'NONE',  ( -22.88638221798179373, 6.133227481747905330, 31.67099190880830761 ) ) ;
#1646 = PLANE ( 'NONE',  #1617 ) ;
#1647 = ORIENTED_EDGE ( 'NONE', *, *, #4276, .T. ) ;
#1648 = DIRECTION ( 'NONE',  ( 0.000000000000000000, -1.000000000000000000, 0.000000000000000000 ) ) ;
#1649 = DIRECTION ( 'NONE',  ( 0.2588190451025204064, 0.000000000000000000, 0.9659258262890684232 ) ) ;
#1650 = CARTESIAN_POINT ( 'NONE',  ( 25.42575222578546246, 15.99999999999999645, -34.21036191661196568 ) ) ;
#1651 = FACE_OUTER_BOUND ( 'NONE', #6355, .T. ) ;
#1652 = FACE_OUTER_BOUND ( 'NONE', #2023, .T. ) ;
#1653 = ORIENTED_EDGE ( 'NONE', *, *, #6165, .T. ) ;
#1654 = ORIENTED_EDGE ( 'NONE', *, *, #4776, .F. ) ;
#1655 = DIRECTION ( 'NONE',  ( 0.7071067811865507924, 0.000000000000000000, 0.7071067811865441310 ) ) ;
#1656 = DIRECTION ( 'NONE',  ( 0.000000000000000000, -1.000000000000000000, 0.000000000000000000 ) ) ;
#1657 = CARTESIAN_POINT ( 'NONE',  ( -14.00000000000000000, 10.99999999999999645, 19.95618256608033292 ) ) ;
#1658 = ADVANCED_FACE ( 'NONE', ( #5106, #3321 ), #3389, .T. ) ;
#1659 = LINE ( 'NONE', #4883, #6961 ) ;
#1660 = ORIENTED_EDGE ( 'NONE', *, *, #796, .F. ) ;
#1661 = ORIENTED_EDGE ( 'NONE', *, *, #2463, .F. ) ;
#1662 = CARTESIAN_POINT ( 'NONE',  ( 13.43502884254442797, 0.000000000000000000, -13.43502884254437468 ) ) ;
#1663 = CARTESIAN_POINT ( 'NONE',  ( 0.000000000000000000, 3.499999999999999556, 0.000000000000000000 ) ) ;
#1664 = CARTESIAN_POINT ( 'NONE',  ( 30.75535969735149422, 6.041686331607859728, -27.39046728088593596 ) ) ;
#1665 = ORIENTED_EDGE ( 'NONE', *, *, #385, .T. ) ;
#1666 = EDGE_LOOP ( 'NONE', ( #7005, #365, #4521, #2258 ) ) ;
#1667 = DIRECTION ( 'NONE',  ( 0.000000000000000000, 0.000000000000000000, -1.000000000000000000 ) ) ;
#1668 = DIRECTION ( 'NONE',  ( 0.000000000000000000, 1.000000000000000000, 0.000000000000000000 ) ) ;
#1669 = EDGE_CURVE ( 'NONE', #5801, #5557, #1265, .T. ) ;
#1670 = CARTESIAN_POINT ( 'NONE',  ( 0.000000000000000000, 0.5000000000000004441, 0.000000000000000000 ) ) ;
#1671 = VERTEX_POINT ( 'NONE', #3426 ) ;
#1672 = LINE ( 'NONE', #6428, #1699 ) ;
#1673 = CARTESIAN_POINT ( 'NONE',  ( 23.51055144293816923, 10.40561812850392442, 13.84760456116987903 ) ) ;
#1674 = DIRECTION ( 'NONE',  ( -0.7071067811865544561, 0.000000000000000000, -0.7071067811865405783 ) ) ;
#1675 = LINE ( 'NONE', #1173, #4730 ) ;
#1676 = AXIS2_PLACEMENT_3D ( 'NONE', #5033, #4392, #5427 ) ;
#1677 = CARTESIAN_POINT ( 'NONE',  ( 15.40550130193256706, 10.58860254148268609, -23.83606473408119442 ) ) ;
#1678 = ORIENTED_EDGE ( 'NONE', *, *, #1956, .F. ) ;
#1679 = ORIENTED_EDGE ( 'NONE', *, *, #1058, .F. ) ;
#1680 = CIRCLE ( 'NONE', #88, 10.00000000000000178 ) ;
#1681 = LINE ( 'NONE', #3842, #3078 ) ;
#1683 = EDGE_CURVE ( 'NONE', #4557, #5997, #4718, .T. ) ;
#1682 = VECTOR ( 'NONE', #3482, 1000.000000000000000 ) ;
#1685 = ADVANCED_FACE ( 'NONE', ( #697 ), #3459, .F. ) ;
#1684 = VECTOR ( 'NONE', #4457, 1000.000000000000000 ) ;
#1686 = CARTESIAN_POINT ( 'NONE',  ( -32.32589056660121685, 2.999999999999992450, 35.26527825794190818 ) ) ;
#1687 = LINE ( 'NONE', #1146, #5253 ) ;
#1688 = DIRECTION ( 'NONE',  ( 0.000000000000000000, 0.000000000000000000, -1.000000000000000000 ) ) ;
#1689 = ORIENTED_EDGE ( 'NONE', *, *, #2587, .T. ) ;
#1690 = EDGE_CURVE ( 'NONE', #531, #526, #2240, .T. ) ;
#1691 = VECTOR ( 'NONE', #261, 1000.000000000000000 ) ;
#1692 = DIRECTION ( 'NONE',  ( 0.6710100716628286666, 0.6644630243886798793, -0.3289899283371669481 ) ) ;
#1693 = CONICAL_SURFACE ( 'NONE', #4555, 4.500000000000003553, 0.7853981633974482790 ) ;
#1694 = EDGE_CURVE ( 'NONE', #263, #4076, #6570, .T. ) ;
#1695 = CARTESIAN_POINT ( 'NONE',  ( 25.17145330101925893, 0.000000000000000000, -17.09395039137927697 ) ) ;
#1696 = VECTOR ( 'NONE', #4410, 1000.000000000000114 ) ;
#1697 = DIRECTION ( 'NONE',  ( 0.000000000000000000, 0.000000000000000000, -1.000000000000000000 ) ) ;
#1698 = DIRECTION ( 'NONE',  ( -0.000000000000000000, 1.000000000000000000, -0.000000000000000000 ) ) ;
#1699 = VECTOR ( 'NONE', #1004, 1000.000000000000114 ) ;
#1700 = VERTEX_POINT ( 'NONE', #2311 ) ;
#1701 = VECTOR ( 'NONE', #4152, 1000.000000000000227 ) ;
#1702 = ORIENTED_EDGE ( 'NONE', *, *, #4183, .T. ) ;
#1703 = EDGE_CURVE ( 'NONE', #488, #4110, #6186, .T. ) ;
#1704 = VECTOR ( 'NONE', #5047, 1000.000000000000000 ) ;
#1705 = DIRECTION ( 'NONE',  ( -0.000000000000000000, -1.000000000000000000, -0.000000000000000000 ) ) ;
#1706 = PLANE ( 'NONE',  #6839 ) ;
#1707 = LINE ( 'NONE', #3923, #3550 ) ;
#1708 = ORIENTED_EDGE ( 'NONE', *, *, #6307, .T. ) ;
#1709 = AXIS2_PLACEMENT_3D ( 'NONE', #5284, #5250, #2638 ) ;
#1710 = DIRECTION ( 'NONE',  ( 0.000000000000000000, 0.000000000000000000, -1.000000000000000000 ) ) ;
#1711 = ADVANCED_FACE ( 'NONE', ( #2270 ), #3915, .F. ) ;
#1712 = ADVANCED_FACE ( 'NONE', ( #2839 ), #5996, .T. ) ;
#1713 = CARTESIAN_POINT ( 'NONE',  ( 23.05797818565321577, 10.49999973293677336, 12.67685266925609611 ) ) ;
#1714 = CARTESIAN_POINT ( 'NONE',  ( 31.24999999999977973, 5.499999999999991118, -31.25000000000020250 ) ) ;
#1715 = DIRECTION ( 'NONE',  ( -9.358485233796484233E-16, 0.000000000000000000, -1.000000000000000000 ) ) ;
#1716 = CIRCLE ( 'NONE', #10, 1.400000000000000133 ) ;
#1717 = CARTESIAN_POINT ( 'NONE',  ( 15.65229466374911560, 10.50189274059321676, -23.99795853263417200 ) ) ;
#1718 = ORIENTED_EDGE ( 'NONE', *, *, #1486, .T. ) ;
#1719 = ORIENTED_EDGE ( 'NONE', *, *, #4381, .T. ) ;
#1720 = CARTESIAN_POINT ( 'NONE',  ( -22.52963973034509237, 0.000000000000000000, -6.683212821753903299 ) ) ;
#1721 = AXIS2_PLACEMENT_3D ( 'NONE', #1408, #4771, #3598 ) ;
#1722 = CARTESIAN_POINT ( 'NONE',  ( -13.07555722342455340, 10.48906100630049565, -23.19012293521533508 ) ) ;
#1723 = DIRECTION ( 'NONE',  ( -0.3289899283371855443, 0.6644630243886572307, 0.6710100716628419892 ) ) ;
#1724 = CARTESIAN_POINT ( 'NONE',  ( 23.39769516497934632, 10.44039922189258363, 13.59293427058369730 ) ) ;
#1725 = ORIENTED_EDGE ( 'NONE', *, *, #2768, .T. ) ;
#1726 = ORIENTED_EDGE ( 'NONE', *, *, #3663, .T. ) ;
#1727 = EDGE_CURVE ( 'NONE', #2492, #531, #1849, .T. ) ;
#1728 = ORIENTED_EDGE ( 'NONE', *, *, #2443, .T. ) ;
#1729 = AXIS2_PLACEMENT_3D ( 'NONE', #5357, #6544, #1635 ) ;
#1730 = DIRECTION ( 'NONE',  ( 0.000000000000000000, 0.000000000000000000, 1.000000000000000000 ) ) ;
#1731 = AXIS2_PLACEMENT_3D ( 'NONE', #1406, #299, #3051 ) ;
#1732 = LINE ( 'NONE', #1191, #5684 ) ;
#1733 = CARTESIAN_POINT ( 'NONE',  ( 31.24999999999977973, 0.000000000000000000, -31.25000000000020250 ) ) ;
#1734 = VERTEX_POINT ( 'NONE', #1874 ) ;
#1735 = VECTOR ( 'NONE', #4338, 1000.000000000000000 ) ;
#1736 = VERTEX_POINT ( 'NONE', #5782 ) ;
#1737 = FACE_OUTER_BOUND ( 'NONE', #23, .T. ) ;
#1738 = CARTESIAN_POINT ( 'NONE',  ( -22.53794224446397010, 11.00000000000000000, -12.68329260279625181 ) ) ;
#1739 = CARTESIAN_POINT ( 'NONE',  ( -16.80482818566247616, 9.977678330415223229, -24.88229785559252960 ) ) ;
#1740 = EDGE_CURVE ( 'NONE', #662, #2135, #242, .T. ) ;
#1741 = ORIENTED_EDGE ( 'NONE', *, *, #4139, .T. ) ;
#1742 = VECTOR ( 'NONE', #6622, 1000.000000000000000 ) ;
#1743 = VECTOR ( 'NONE', #273, 1000.000000000000114 ) ;
#1744 = CARTESIAN_POINT ( 'NONE',  ( 25.52500669161252489, 9.296760541840573211, 16.74039700078600745 ) ) ;
#1745 = CARTESIAN_POINT ( 'NONE',  ( -4.000000000000000000, 2.000000000000000000, 0.000000000000000000 ) ) ;
#1746 = CARTESIAN_POINT ( 'NONE',  ( 30.17410943339864104, 6.124798468254541106, 27.23472174205819130 ) ) ;
#1747 = DIRECTION ( 'NONE',  ( 0.6644630243886764376, -0.3420201433256629397, -0.6644630243886758825 ) ) ;
#1748 = DIRECTION ( 'NONE',  ( -0.000000000000000000, -1.000000000000000000, -0.000000000000000000 ) ) ;
#1749 = EDGE_CURVE ( 'NONE', #4917, #3076, #3722, .T. ) ;
#1750 = ADVANCED_FACE ( 'NONE', ( #2529 ), #4712, .T. ) ;
#1751 = ORIENTED_EDGE ( 'NONE', *, *, #6822, .T. ) ;
#1752 = VERTEX_POINT ( 'NONE', #3528 ) ;
#1753 = CARTESIAN_POINT ( 'NONE',  ( 9.669329188920537277, 10.49999999999999467, -22.59607450347800039 ) ) ;
#1754 = CARTESIAN_POINT ( 'NONE',  ( -13.43502884254442620, 2.000000000000000000, 13.43502884254437646 ) ) ;
#1755 = CARTESIAN_POINT ( 'NONE',  ( -26.85769515458672529, 5.499999999999991118, -35.64230484541326405 ) ) ;
#1756 = CARTESIAN_POINT ( 'NONE',  ( 0.000000000000000000, 0.5000000000000004441, 0.000000000000000000 ) ) ;
#1757 = CYLINDRICAL_SURFACE ( 'NONE', #1254, 10.00000000000000178 ) ;
#1758 = EDGE_CURVE ( 'NONE', #4935, #944, #2944, .T. ) ;
#1759 = ORIENTED_EDGE ( 'NONE', *, *, #4328, .T. ) ;
#1760 = ORIENTED_EDGE ( 'NONE', *, *, #6033, .F. ) ;
#1761 = LINE ( 'NONE', #1904, #3472 ) ;
#1762 = ORIENTED_EDGE ( 'NONE', *, *, #4242, .T. ) ;
#1763 = DIRECTION ( 'NONE',  ( -0.2588190451025106920, 0.000000000000000000, 0.9659258262890710878 ) ) ;
#1764 = CARTESIAN_POINT ( 'NONE',  ( 12.53977053546875986, 10.49999999999999467, -23.01690092346461469 ) ) ;
#1765 = ADVANCED_FACE ( 'NONE', ( #1908 ), #4746, .F. ) ;
#1766 = DIRECTION ( 'NONE',  ( 0.000000000000000000, 0.000000000000000000, 1.000000000000000000 ) ) ;
#1767 = PLANE ( 'NONE',  #1063 ) ;
#1768 = ORIENTED_EDGE ( 'NONE', *, *, #699, .T. ) ;
#1769 = ORIENTED_EDGE ( 'NONE', *, *, #568, .T. ) ;
#1770 = CARTESIAN_POINT ( 'NONE',  ( 23.56379401165275667, 10.38769366382756587, -13.96306011016036308 ) ) ;
#1771 = EDGE_CURVE ( 'NONE', #4419, #4751, #5286, .T. ) ;
#1772 = CARTESIAN_POINT ( 'NONE',  ( -23.10032068610726697, 10.49733837832302186, -12.80784655891997659 ) ) ;
#1773 = DIRECTION ( 'NONE',  ( -0.6779089800432714918, -0.7071067811865473507, -0.2010955364414924729 ) ) ;
#1774 = CARTESIAN_POINT ( 'NONE',  ( -24.88229785559251894, 9.977678330415233887, 16.80482818566246550 ) ) ;
#1775 = EDGE_LOOP ( 'NONE', ( #6881, #5526, #2596, #3650, #5897, #5500, #2365, #497, #7019, #5979 ) ) ;
#1776 = DIRECTION ( 'NONE',  ( 0.000000000000000000, 0.000000000000000000, -1.000000000000000000 ) ) ;
#1777 = EDGE_CURVE ( 'NONE', #2939, #4485, #3120, .T. ) ;
#1778 = CARTESIAN_POINT ( 'NONE',  ( -14.92049948928503866, 10.14857614316299461, -24.08550654675988056 ) ) ;
#1779 = CARTESIAN_POINT ( 'NONE',  ( 30.75535969735240371, 6.041686331607856175, 27.39046728088496963 ) ) ;
#1780 = DIRECTION ( 'NONE',  ( 0.000000000000000000, -0.000000000000000000, -1.000000000000000000 ) ) ;
#1781 = CARTESIAN_POINT ( 'NONE',  ( 13.84689061848281000, 10.40655935495733253, -23.50942696143110311 ) ) ;
#1782 = ORIENTED_EDGE ( 'NONE', *, *, #1727, .F. ) ;
#1783 = ORIENTED_EDGE ( 'NONE', *, *, #3718, .T. ) ;
#1784 = AXIS2_PLACEMENT_3D ( 'NONE', #2347, #3530, #5708 ) ;
#1785 = LINE ( 'NONE', #5549, #334 ) ;
#1786 = CARTESIAN_POINT ( 'NONE',  ( 13.43502884254437468, 0.000000000000000000, 11.03502884254442407 ) ) ;
#1787 = ADVANCED_FACE ( 'NONE', ( #2059 ), #4778, .F. ) ;
#1788 = FACE_OUTER_BOUND ( 'NONE', #5816, .T. ) ;
#1789 = CARTESIAN_POINT ( 'NONE',  ( -6.825408839238014558, 0.5000000000000004441, -23.00899376716095190 ) ) ;
#1790 = CARTESIAN_POINT ( 'NONE',  ( 4.000000000000000000, 2.000000000000000000, 2.061552812808869373 ) ) ;
#1791 = CARTESIAN_POINT ( 'NONE',  ( -17.61061742363033744, 0.9999999999999991118, -17.61061742362998217 ) ) ;
#1792 = ORIENTED_EDGE ( 'NONE', *, *, #6315, .T. ) ;
#1793 = ORIENTED_EDGE ( 'NONE', *, *, #3824, .F. ) ;
#1794 = ORIENTED_EDGE ( 'NONE', *, *, #3646, .F. ) ;
#1795 = CARTESIAN_POINT ( 'NONE',  ( 0.000000000000000000, 11.00000000000000000, 0.000000000000000000 ) ) ;
#1796 = EDGE_CURVE ( 'NONE', #2384, #1035, #593, .T. ) ;
#1797 = CARTESIAN_POINT ( 'NONE',  ( -24.50609149301305578, 10.18887031447282077, 16.36044390648008573 ) ) ;
#1798 = ORIENTED_EDGE ( 'NONE', *, *, #222, .T. ) ;
#1799 = CIRCLE ( 'NONE', #2945, 4.000000000000000000 ) ;
#1800 = CARTESIAN_POINT ( 'NONE',  ( -23.24208390822333925, 10.47714960925472916, -13.20594730524933347 ) ) ;
#1801 = CARTESIAN_POINT ( 'NONE',  ( -7.857864376269053430, 3.499999999999999556, 30.78460969082652454 ) ) ;
#1802 = ORIENTED_EDGE ( 'NONE', *, *, #6924, .T. ) ;
#1803 = EDGE_LOOP ( 'NONE', ( #2874, #1661, #4520, #6606 ) ) ;
#1804 = AXIS2_PLACEMENT_3D ( 'NONE', #3721, #2148, #2653 ) ;
#1805 = ORIENTED_EDGE ( 'NONE', *, *, #726, .T. ) ;
#1806 = CARTESIAN_POINT ( 'NONE',  ( 0.000000000000000000, 11.00099999999999945, 0.000000000000000000 ) ) ;
#1807 = CARTESIAN_POINT ( 'NONE',  ( -23.56787413602710046, 10.38624788636948360, -13.97169643460863675 ) ) ;
#1808 = DIRECTION ( 'NONE',  ( 0.7071067811865544561, -1.040834085586083862E-15, 0.7071067811865406894 ) ) ;
#1809 = VECTOR ( 'NONE', #6367, 1000.000000000000000 ) ;
#1810 = CONICAL_SURFACE ( 'NONE', #560, 9.499999999999994671, 0.7853981633974508325 ) ;
#1811 = CARTESIAN_POINT ( 'NONE',  ( 7.857864376269049878, 0.5000000000000004441, 20.78460969082652454 ) ) ;
#1812 = EDGE_LOOP ( 'NONE', ( #2922, #5246, #1372, #1946 ) ) ;
#1813 = VECTOR ( 'NONE', #1814, 1000.000000000000000 ) ;
#1814 = DIRECTION ( 'NONE',  ( -0.2588190451025165761, -2.086548053801603740E-16, 0.9659258262890694224 ) ) ;
#1815 = DIRECTION ( 'NONE',  ( -0.7071067811865572317, -3.317748728305634238E-17, -0.7071067811865379138 ) ) ;
#1816 = CARTESIAN_POINT ( 'NONE',  ( 33.85680852601887381, 5.999999999999996447, -25.77930561637890960 ) ) ;
#1817 = LINE ( 'NONE', #1138, #5516 ) ;
#1818 = CARTESIAN_POINT ( 'NONE',  ( 14.33830428414272973, 10.31295388708991645, -23.75192124104851032 ) ) ;
#1819 = EDGE_LOOP ( 'NONE', ( #3826, #6263, #824, #6302, #5604 ) ) ;
#1820 = ORIENTED_EDGE ( 'NONE', *, *, #4644, .T. ) ;
#1821 = EDGE_CURVE ( 'NONE', #1215, #199, #3276, .T. ) ;
#1822 = CARTESIAN_POINT ( 'NONE',  ( -34.21036191661201542, 15.99999999999999645, -25.42575222578551575 ) ) ;
#1823 = CARTESIAN_POINT ( 'NONE',  ( -17.05671418206421208, 9.609991415435926498, -25.36991935209966798 ) ) ;
#1824 = LINE ( 'NONE', #5736, #6740 ) ;
#1825 = CIRCLE ( 'NONE', #4217, 10.00000000000000178 ) ;
#1827 = DIRECTION ( 'NONE',  ( -0.000000000000000000, -1.000000000000000000, -0.000000000000000000 ) ) ;
#1826 = VECTOR ( 'NONE', #2265, 1000.000000000000114 ) ;
#1828 = EDGE_CURVE ( 'NONE', #2064, #5227, #5914, .T. ) ;
#1829 = DIRECTION ( 'NONE',  ( 0.000000000000000000, 1.000000000000000000, 0.000000000000000000 ) ) ;
#1830 = CARTESIAN_POINT ( 'NONE',  ( 22.58512027710538561, 10.99999972400658343, 12.82943738145390711 ) ) ;
#1831 = ORIENTED_EDGE ( 'NONE', *, *, #1227, .T. ) ;
#1832 = VERTEX_POINT ( 'NONE', #947 ) ;
#1833 = DATE_AND_TIME ( #6713, #2107 ) ;
#1834 = EDGE_CURVE ( 'NONE', #1299, #6041, #6170, .T. ) ;
#1835 = ORIENTED_EDGE ( 'NONE', *, *, #55, .T. ) ;
#1836 = DIRECTION ( 'NONE',  ( -0.7071067811865380248, 0.000000000000000000, 0.7071067811865571207 ) ) ;
#1837 = CARTESIAN_POINT ( 'NONE',  ( -23.16558846100320324, 10.88214943742721097, 14.23016958331673187 ) ) ;
#1838 = AXIS2_PLACEMENT_3D ( 'NONE', #115, #5058, #76 ) ;
#1839 = CIRCLE ( 'NONE', #4831, 6.211657082460492418 ) ;
#1840 = CARTESIAN_POINT ( 'NONE',  ( -16.49284460973871447, 9.428623078282631909, -25.28452871332384433 ) ) ;
#1841 = CARTESIAN_POINT ( 'NONE',  ( 12.00000000000000178, 3.499999999999999556, 18.43908891458577060 ) ) ;
#1842 = ADVANCED_FACE ( 'NONE', ( #3168 ), #6749, .F. ) ;
#1843 = ADVANCED_FACE ( 'NONE', ( #4881 ), #5420, .F. ) ;
#1844 = ORIENTED_EDGE ( 'NONE', *, *, #4880, .T. ) ;
#1845 = VERTEX_POINT ( 'NONE', #5448 ) ;
#1846 = FACE_OUTER_BOUND ( 'NONE', #1775, .T. ) ;
#1847 = CARTESIAN_POINT ( 'NONE',  ( 26.85769515458673951, 47.00822076650859316, -35.64230484541324984 ) ) ;
#1848 = DIRECTION ( 'NONE',  ( -0.7071067811865466846, 0.000000000000000000, 0.7071067811865483499 ) ) ;
#1849 = CIRCLE ( 'NONE', #1260, 1.400000000000001910 ) ;
#1850 = ORIENTED_EDGE ( 'NONE', *, *, #1562, .F. ) ;
#1851 = DIRECTION ( 'NONE',  ( 0.000000000000000000, 0.000000000000000000, 1.000000000000000000 ) ) ;
#1852 = EDGE_CURVE ( 'NONE', #31, #4236, #5314, .T. ) ;
#1853 = ORIENTED_EDGE ( 'NONE', *, *, #4827, .T. ) ;
#1854 = LINE ( 'NONE', #4040, #1704 ) ;
#1855 = CARTESIAN_POINT ( 'NONE',  ( -15.09154702603523646, 10.08804687592582638, -24.19345314765494592 ) ) ;
#1856 = CARTESIAN_POINT ( 'NONE',  ( -22.53794224446397010, 11.00000000000000000, -12.68329260279625181 ) ) ;
#1857 = CONICAL_SURFACE ( 'NONE', #4382, 10.50000000000000178, 0.7853981633974482790 ) ;
#1858 = PLANE ( 'NONE',  #5383 ) ;
#1859 = VERTEX_POINT ( 'NONE', #1626 ) ;
#1860 = AXIS2_PLACEMENT_3D ( 'NONE', #3286, #6057, #2708 ) ;
#1861 = VERTEX_POINT ( 'NONE', #6439 ) ;
#1862 = EDGE_CURVE ( 'NONE', #4239, #6313, #1554, .T. ) ;
#1863 = CARTESIAN_POINT ( 'NONE',  ( 12.58578643762690774, 3.500000000000003109, 21.37039612845343584 ) ) ;
#1864 = PLANE ( 'NONE',  #4897 ) ;
#1865 = LINE ( 'NONE', #3516, #4366 ) ;
#1866 = CARTESIAN_POINT ( 'NONE',  ( -14.92893218813452805, 3.000000000000002665, 23.71354187896104904 ) ) ;
#1867 = LINE ( 'NONE', #4444, #4329 ) ;
#1868 = CARTESIAN_POINT ( 'NONE',  ( -24.45559879876115517, 9.927079897466144942, -15.47731122237370727 ) ) ;
#1869 = ORIENTED_EDGE ( 'NONE', *, *, #4829, .T. ) ;
#1870 = ORIENTED_EDGE ( 'NONE', *, *, #2163, .T. ) ;
#1871 =( LENGTH_UNIT ( ) NAMED_UNIT ( * ) SI_UNIT ( .MILLI., .METRE. ) );
#1872 = ORIENTED_EDGE ( 'NONE', *, *, #4715, .T. ) ;
#1873 = DIRECTION ( 'NONE',  ( -0.000000000000000000, 1.000000000000000000, -0.000000000000000000 ) ) ;
#1874 = CARTESIAN_POINT ( 'NONE',  ( 35.26527825794179449, 2.999999999999992450, 32.32589056660133764 ) ) ;
#1875 = CARTESIAN_POINT ( 'NONE',  ( -16.74039700078600035, 9.296760541840601633, -25.52500669161253910 ) ) ;
#1876 = CARTESIAN_POINT ( 'NONE',  ( -9.669329188920521290, 11.00000000000000000, -22.09607450347801105 ) ) ;
#1877 = B_SPLINE_CURVE_WITH_KNOTS ( 'NONE', 1,
 ( #746, #4508 ),
 .UNSPECIFIED., .F., .F.,
 ( 2, 2 ),
 ( 0.000000000000000000, 1.000000000000000000 ),
 .UNSPECIFIED. ) ;
#1878 = ORIENTED_EDGE ( 'NONE', *, *, #3275, .F. ) ;
#1879 = ORIENTED_EDGE ( 'NONE', *, *, #5918, .T. ) ;
#1880 = CARTESIAN_POINT ( 'NONE',  ( -23.73359710329809857, 10.32042029897413116, 14.30235921536710997 ) ) ;
#1881 = DIRECTION ( 'NONE',  ( 0.000000000000000000, -1.000000000000000000, 0.000000000000000000 ) ) ;
#1882 = CARTESIAN_POINT ( 'NONE',  ( -22.85724803046441878, 10.66666666666666252, -12.58761122457797477 ) ) ;
#1883 = ORIENTED_EDGE ( 'NONE', *, *, #6883, .T. ) ;
#1884 = DIRECTION ( 'NONE',  ( -0.7071067811865475727, 0.000000000000000000, 0.7071067811865475727 ) ) ;
#1885 = ORIENTED_EDGE ( 'NONE', *, *, #1749, .F. ) ;
#1886 = B_SPLINE_CURVE_WITH_KNOTS ( 'NONE', 3,
 ( #75, #3207, #5385, #4277, #6508, #5517, #7007, #5915, #481, #3814, #6438, #610 ),
 .UNSPECIFIED., .F., .F.,
 ( 4, 2, 2, 2, 2, 4 ),
 ( 0.000000000000000000, 0.2499999999999987232, 0.4999999999999974465, 0.6249999999999981126, 0.7499999999999987788, 1.000000000000000000 ),
 .UNSPECIFIED. ) ;
#1887 = DIRECTION ( 'NONE',  ( 6.133173666733369595E-17, 1.000000000000000000, -6.133173666733622277E-17 ) ) ;
#1888 = CARTESIAN_POINT ( 'NONE',  ( -14.68702022965546305, 10.22164831906401261, -23.94578854445075322 ) ) ;
#1889 = ADVANCED_FACE ( 'NONE', ( #3740 ), #1019, .F. ) ;
#1890 = CYLINDRICAL_SURFACE ( 'NONE', #2178, 2.000000000000001776 ) ;
#1891 = DIRECTION ( 'NONE',  ( 0.000000000000000000, 0.000000000000000000, 1.000000000000000000 ) ) ;
#1892 = ORIENTED_EDGE ( 'NONE', *, *, #5764, .F. ) ;
#1893 = EDGE_LOOP ( 'NONE', ( #817, #4990, #417, #6420 ) ) ;
#1894 = ADVANCED_FACE ( 'NONE', ( #445 ), #2636, .F. ) ;
#1895 = LINE ( 'NONE', #6189, #1682 ) ;
#1896 = PLANE ( 'NONE',  #6062 ) ;
#1897 = CARTESIAN_POINT ( 'NONE',  ( -12.66508590360017728, 3.500000000000003109, 21.44969559442670004 ) ) ;
#1898 = LINE ( 'NONE', #4084, #2090 ) ;
#1899 = PRODUCT_RELATED_PRODUCT_CATEGORY ( 'detail', '', ( #6455 ) ) ;
#1900 = AXIS2_PLACEMENT_3D ( 'NONE', #2881, #4566, #3573 ) ;
#1901 = CARTESIAN_POINT ( 'NONE',  ( 13.43502884254437468, 11.00099999999999945, 13.43502884254442620 ) ) ;
#1902 = ORIENTED_EDGE ( 'NONE', *, *, #313, .T. ) ;
#1903 = ORIENTED_EDGE ( 'NONE', *, *, #872, .T. ) ;
#1904 = CARTESIAN_POINT ( 'NONE',  ( -26.85769515458673595, 5.499999999999992895, 35.64230484541324984 ) ) ;
#1905 = EDGE_CURVE ( 'NONE', #2250, #681, #6652, .T. ) ;
#1906 = ORIENTED_EDGE ( 'NONE', *, *, #1556, .F. ) ;
#1907 = DIRECTION ( 'NONE',  ( 0.000000000000000000, 0.000000000000000000, 1.000000000000000000 ) ) ;
#1908 = FACE_OUTER_BOUND ( 'NONE', #3803, .T. ) ;
#1909 = CARTESIAN_POINT ( 'NONE',  ( -23.19394125873342816, 10.48545862374673732, -13.07589611251483674 ) ) ;
#1910 = EDGE_CURVE ( 'NONE', #1671, #4633, #5021, .T. ) ;
#1911 = CARTESIAN_POINT ( 'NONE',  ( -5.999999999999998224, 0.5000000000000004441, 20.78460969082652454 ) ) ;
#1912 = CIRCLE ( 'NONE', #6574, 1.400000000000000133 ) ;
#1913 = EDGE_LOOP ( 'NONE', ( #776, #3230, #4952, #5469 ) ) ;
#1914 = ADVANCED_FACE ( 'NONE', ( #4956 ), #3893, .T. ) ;
#1915 = ORIENTED_EDGE ( 'NONE', *, *, #3504, .F. ) ;
#1916 = AXIS2_PLACEMENT_3D ( 'NONE', #1919, #770, #4571 ) ;
#1917 = DIRECTION ( 'NONE',  ( -0.7071067811865473507, 0.000000000000000000, -0.7071067811865477948 ) ) ;
#1918 = AXIS2_PLACEMENT_3D ( 'NONE', #3635, #6309, #5783 ) ;
#1919 = CARTESIAN_POINT ( 'NONE',  ( 4.392304845413263159, 47.00822076650859316, 4.392304845413263159 ) ) ;
#1920 = DIRECTION ( 'NONE',  ( 0.000000000000000000, 1.000000000000000000, 0.000000000000000000 ) ) ;
#1921 = ORIENTED_EDGE ( 'NONE', *, *, #3787, .T. ) ;
#1922 = CONICAL_SURFACE ( 'NONE', #1350, 10.50000000000000178, 0.7853981633974259635 ) ;
#1923 = CARTESIAN_POINT ( 'NONE',  ( -35.26527825794104132, 2.999999999999992450, 32.32589056660211213 ) ) ;
#1924 = B_SPLINE_CURVE_WITH_KNOTS ( 'NONE', 3,
 ( #5803, #2591, #475, #938, #2661, #2011, #1545, #3129, #6359, #5304, #5877, #3235 ),
 .UNSPECIFIED., .F., .F.,
 ( 4, 2, 2, 2, 2, 4 ),
 ( 0.000000000000000000, 0.1250000000000016098, 0.2500000000000020539, 0.3750000000000025535, 0.5000000000000029976, 1.000000000000000000 ),
 .UNSPECIFIED. ) ;
#1925 = ORIENTED_EDGE ( 'NONE', *, *, #6066, .T. ) ;
#1926 = ORIENTED_EDGE ( 'NONE', *, *, #3403, .T. ) ;
#1927 = DIRECTION ( 'NONE',  ( -0.000000000000000000, -1.000000000000000000, -0.000000000000000000 ) ) ;
#1928 = VECTOR ( 'NONE', #220, 1000.000000000000000 ) ;
#1929 = LINE ( 'NONE', #3587, #7035 ) ;
#1930 = VECTOR ( 'NONE', #4082, 1000.000000000000000 ) ;
#1931 = DIRECTION ( 'NONE',  ( 0.2588190451025173533, 0.000000000000000000, -0.9659258262890693114 ) ) ;
#1932 = CARTESIAN_POINT ( 'NONE',  ( -12.00000000000000178, -21.13582213160103151, 18.43908891458577060 ) ) ;
#1933 = ORIENTED_EDGE ( 'NONE', *, *, #5510, .F. ) ;
#1934 = VERTEX_POINT ( 'NONE', #2208 ) ;
#1935 = ADVANCED_FACE ( 'NONE', ( #6630 ), #3109, .F. ) ;
#1936 = EDGE_CURVE ( 'NONE', #6475, #37, #2198, .T. ) ;
#1937 = CARTESIAN_POINT ( 'NONE',  ( -35.26527825794179449, 2.999999999999992450, -32.32589056660133764 ) ) ;
#1938 = CARTESIAN_POINT ( 'NONE',  ( -26.85769515458673595, 0.5000000000000004441, 35.64230484541324984 ) ) ;
#1939 = FACE_OUTER_BOUND ( 'NONE', #2165, .T. ) ;
#1940 = VECTOR ( 'NONE', #6553, 1000.000000000000000 ) ;
#1941 = LINE ( 'NONE', #5774, #6867 ) ;
#1942 = AXIS2_PLACEMENT_3D ( 'NONE', #707, #2354, #4534 ) ;
#1943 = PLANE ( 'NONE',  #3220 ) ;
#1944 = VERTEX_POINT ( 'NONE', #6080 ) ;
#1945 = ORIENTED_EDGE ( 'NONE', *, *, #6772, .F. ) ;
#1946 = ORIENTED_EDGE ( 'NONE', *, *, #4424, .F. ) ;
#1947 = DIRECTION ( 'NONE',  ( 0.000000000000000000, 1.000000000000000000, 0.000000000000000000 ) ) ;
#1948 = CARTESIAN_POINT ( 'NONE',  ( 23.09663197158065273, 10.90672900967585690, -14.09528077380988975 ) ) ;
#1949 = CARTESIAN_POINT ( 'NONE',  ( -27.39046728088488081, 6.041686331607857952, 30.75535969735250319 ) ) ;
#1950 = EDGE_CURVE ( 'NONE', #3592, #3174, #4983, .T. ) ;
#1951 = CARTESIAN_POINT ( 'NONE',  ( 6.825408839238029657, 11.00000000000000000, -23.00899376716094835 ) ) ;
#1952 = AXIS2_PLACEMENT_3D ( 'NONE', #3133, #976, #5307 ) ;
#1953 = ORIENTED_EDGE ( 'NONE', *, *, #4519, .T. ) ;
#1954 = VERTEX_POINT ( 'NONE', #4409 ) ;
#1955 = ORIENTED_EDGE ( 'NONE', *, *, #969, .T. ) ;
#1956 = EDGE_CURVE ( 'NONE', #6389, #3629, #642, .T. ) ;
#1957 = AXIS2_PLACEMENT_3D ( 'NONE', #3043, #3508, #2550 ) ;
#1958 = CARTESIAN_POINT ( 'NONE',  ( 27.23472174205883434, 2.999999999999993339, 30.17410943339800156 ) ) ;
#1959 = B_SPLINE_SURFACE_WITH_KNOTS ( 'NONE', 1, 3, ( 
 ( #6132, #4398, #1739, #1132 ),
 ( #5044, #6065, #2321, #5005 ) ),
 .UNSPECIFIED., .F., .F., .F.,
 ( 2, 2 ),
 ( 4, 4 ),
 ( 0.000000000000000000, 1.000000000000000000 ),
 ( 4.546699701560192430, 4.712388980384700332 ),
 .UNSPECIFIED. ) ;
#1960 = CARTESIAN_POINT ( 'NONE',  ( 15.92931973329294770, 9.712605008945311980, -24.79723621319930515 ) ) ;
#1961 = CARTESIAN_POINT ( 'NONE',  ( 24.16949739484930504, 10.39692620785910471, 15.88863270537036598 ) ) ;
#1962 = CARTESIAN_POINT ( 'NONE',  ( 24.88229785559247631, 9.977678330415200136, 16.80482818566244774 ) ) ;
#1963 = ORIENTED_EDGE ( 'NONE', *, *, #6066, .F. ) ;
#1964 = PLANE ( 'NONE',  #6586 ) ;
#1965 = ORIENTED_EDGE ( 'NONE', *, *, #3118, .F. ) ;
#1966 = CARTESIAN_POINT ( 'NONE',  ( 34.21036191661216463, 15.99999999999999645, -25.42575222578563654 ) ) ;
#1967 = DIRECTION ( 'NONE',  ( -0.6644630243886758825, 0.3420201433256629953, -0.6644630243886764376 ) ) ;
#1968 = CARTESIAN_POINT ( 'NONE',  ( -25.17145330101925893, 0.000000000000000000, 17.09395039137928407 ) ) ;
#1969 = EDGE_CURVE ( 'NONE', #5227, #521, #4586, .T. ) ;
#1970 = LINE ( 'NONE', #323, #4244 ) ;
#1971 = ORIENTED_EDGE ( 'NONE', *, *, #5984, .F. ) ;
#1972 = VECTOR ( 'NONE', #3645, 1000.000000000000000 ) ;
#1973 = CARTESIAN_POINT ( 'NONE',  ( 25.28452870803353392, 9.428623081245627091, -16.49284460407004715 ) ) ;
#1974 = CARTESIAN_POINT ( 'NONE',  ( -25.29237568234323419, 9.766606852233524094, -17.21487277270327354 ) ) ;
#1975 = CARTESIAN_POINT ( 'NONE',  ( -31.25000000000031264, 5.499999999999991118, -37.46165708246016379 ) ) ;
#1976 = VECTOR ( 'NONE', #4768, 1000.000000000000000 ) ;
#1977 = CARTESIAN_POINT ( 'NONE',  ( 34.18938769134013000, 2.999999999999993339, 28.31061230865985934 ) ) ;
#1978 = DIRECTION ( 'NONE',  ( -0.000000000000000000, 1.000000000000000000, -0.000000000000000000 ) ) ;
#1979 = VECTOR ( 'NONE', #146, 1000.000000000000000 ) ;
#1980 = CYLINDRICAL_SURFACE ( 'NONE', #5724, 2.000000000000001776 ) ;
#1981 = VERTEX_POINT ( 'NONE', #5551 ) ;
#1982 = ORIENTED_EDGE ( 'NONE', *, *, #3825, .T. ) ;
#1983 = PERSON_AND_ORGANIZATION ( #3057, #274 ) ;
#1984 = ORIENTED_EDGE ( 'NONE', *, *, #5984, .T. ) ;
#1985 = FACE_OUTER_BOUND ( 'NONE', #6872, .T. ) ;
#1986 = CARTESIAN_POINT ( 'NONE',  ( -23.59827277757643671, 10.70699823059374367, 15.02290331276921798 ) ) ;
#1987 = APPLICATION_CONTEXT ( 'configuration controlled 3d designs of mechanical parts and assemblies' ) ;
#1988 = EDGE_CURVE ( 'NONE', #1216, #5630, #4479, .T. ) ;
#1989 = CARTESIAN_POINT ( 'NONE',  ( -13.57186596881011376, 0.9999999999999991118, 21.64936887845009039 ) ) ;
#1990 = CARTESIAN_POINT ( 'NONE',  ( 4.677124344467690875, 2.000000000000000000, 20.28460969082651033 ) ) ;
#1991 = ORIENTED_EDGE ( 'NONE', *, *, #6981, .T. ) ;
#1992 = VERTEX_POINT ( 'NONE', #3414 ) ;
#1993 = ADVANCED_FACE ( 'NONE', ( #1788 ), #2234, .F. ) ;
#1994 = CARTESIAN_POINT ( 'NONE',  ( -23.19012293520853163, 10.48906100630049565, 13.07555722340729965 ) ) ;
#1995 = CYLINDRICAL_SURFACE ( 'NONE', #3846, 2.399999999999999467 ) ;
#1996 = DIRECTION ( 'NONE',  ( 0.000000000000000000, -1.000000000000000000, 0.000000000000000000 ) ) ;
#1997 = EDGE_CURVE ( 'NONE', #1291, #5872, #6014, .T. ) ;
#1998 = ORIENTED_EDGE ( 'NONE', *, *, #4211, .T. ) ;
#1999 = DIRECTION ( 'NONE',  ( -0.7071067811865474617, 0.000000000000000000, -0.7071067811865476838 ) ) ;
#2000 = ORIENTED_EDGE ( 'NONE', *, *, #3678, .F. ) ;
#2001 = EDGE_CURVE ( 'NONE', #1944, #748, #3934, .T. ) ;
#2002 = DIRECTION ( 'NONE',  ( 0.000000000000000000, 0.000000000000000000, 1.000000000000000000 ) ) ;
#2003 = PLANE ( 'NONE',  #4659 ) ;
#2004 = CARTESIAN_POINT ( 'NONE',  ( 14.00000000000000355, 3.500000000000003109, 19.95618256608033647 ) ) ;
#2005 = EDGE_CURVE ( 'NONE', #6611, #6106, #5166, .T. ) ;
#2006 = DIRECTION ( 'NONE',  ( 9.358485233796484233E-16, 0.000000000000000000, 1.000000000000000000 ) ) ;
#2007 = VERTEX_POINT ( 'NONE', #2796 ) ;
#2008 = PLANE ( 'NONE',  #1233 ) ;
#2009 = ADVANCED_FACE ( 'NONE', ( #2261 ), #4441, .T. ) ;
#2010 = LINE ( 'NONE', #5303, #777 ) ;
#2011 = CARTESIAN_POINT ( 'NONE',  ( -23.60132550909260374, 10.70618508440785277, -15.02940281890353091 ) ) ;
#2012 = CARTESIAN_POINT ( 'NONE',  ( 0.000000000000000000, 0.5000000000000004441, 0.000000000000000000 ) ) ;
#2013 = CARTESIAN_POINT ( 'NONE',  ( -27.23472174205883434, 2.999999999999993339, -30.17410943339800156 ) ) ;
#2014 = CYLINDRICAL_SURFACE ( 'NONE', #2294, 1.400000000000000133 ) ;
#2015 = ORIENTED_EDGE ( 'NONE', *, *, #5550, .T. ) ;
#2016 = VERTEX_POINT ( 'NONE', #151 ) ;
#2017 = COORDINATED_UNIVERSAL_TIME_OFFSET ( 8, 0, .AHEAD. ) ;
#2018 = DIRECTION ( 'NONE',  ( -0.2588190451025204064, 0.000000000000000000, -0.9659258262890684232 ) ) ;
#2019 = ADVANCED_FACE ( 'NONE', ( #6147 ), #5623, .T. ) ;
#2020 = DIRECTION ( 'NONE',  ( -0.000000000000000000, -1.000000000000000000, -0.000000000000000000 ) ) ;
#2021 = DIRECTION ( 'NONE',  ( -0.7071067811865370256, 0.000000000000000000, 0.7071067811865578978 ) ) ;
#2022 = CARTESIAN_POINT ( 'NONE',  ( 27.23472174205787866, 6.124798468254541106, -30.17410943339892526 ) ) ;
#2023 = EDGE_LOOP ( 'NONE', ( #2146, #4594, #5188, #7012 ) ) ;
#2024 = EDGE_LOOP ( 'NONE', ( #4281, #5661, #5185, #5534 ) ) ;
#2025 = EDGE_CURVE ( 'NONE', #5318, #5515, #3595, .T. ) ;
#2026 = EDGE_CURVE ( 'NONE', #2536, #1215, #5097, .T. ) ;
#2027 = ORIENTED_EDGE ( 'NONE', *, *, #5208, .F. ) ;
#2028 = CARTESIAN_POINT ( 'NONE',  ( 16.36072403709242806, 10.18874678449999749, -24.50629134055926528 ) ) ;
#2029 = PLANE ( 'NONE',  #5454 ) ;
#2030 = CARTESIAN_POINT ( 'NONE',  ( 15.05535732545596517, 10.12244717890789225, -24.15454751611636652 ) ) ;
#2031 = VERTEX_POINT ( 'NONE', #2976 ) ;
#2032 = DIRECTION ( 'NONE',  ( -0.000000000000000000, 1.000000000000000000, -0.000000000000000000 ) ) ;
#2033 = VERTEX_POINT ( 'NONE', #4012 ) ;
#2034 = B_SPLINE_CURVE_WITH_KNOTS ( 'NONE', 3,
 ( #6291, #5768, #3658, #2042, #5232, #1041, #6394, #1507, #4800, #4869, #3690, #5938, #567, #1613, #4263 ),
 .UNSPECIFIED., .F., .F.,
 ( 4, 2, 2, 1, 1, 1, 2, 2, 4 ),
 ( 0.000000000000000000, 0.2500000000000882072, 0.3750000000001336709, 0.4375000000001544875, 0.4687500000001648681, 0.4843750000001671996, 0.4921875000001683098, 0.5000000000001694200, 1.000000000000000000 ),
 .UNSPECIFIED. ) ;
#2035 = ORIENTED_EDGE ( 'NONE', *, *, #2485, .F. ) ;
#2036 = AXIS2_PLACEMENT_3D ( 'NONE', #1293, #1365, #2442 ) ;
#2037 = CARTESIAN_POINT ( 'NONE',  ( -31.43836089953915547, 6.603073792140888187, 23.36085798989915219 ) ) ;
#2038 = CARTESIAN_POINT ( 'NONE',  ( 0.000000000000000000, 0.5000000000000004441, 0.000000000000000000 ) ) ;
#2039 = CARTESIAN_POINT ( 'NONE',  ( -24.53248557872832336, 5.999999999999996447, 32.60998848836826625 ) ) ;
#2040 = VECTOR ( 'NONE', #5098, 1000.000000000000000 ) ;
#2041 = EDGE_CURVE ( 'NONE', #2096, #1017, #1865, .T. ) ;
#2042 = CARTESIAN_POINT ( 'NONE',  ( -25.14532319977654851, 9.507684129375240545, 16.33949194145567674 ) ) ;
#2043 = VERTEX_POINT ( 'NONE', #4049 ) ;
#2044 = CIRCLE ( 'NONE', #6028, 10.00000000000000178 ) ;
#2045 = DIRECTION ( 'NONE',  ( 0.7071067811865335839, 0.000000000000000000, -0.7071067811865614505 ) ) ;
#2046 = DIRECTION ( 'NONE',  ( 0.9684408309910919055, 0.2492435693639519778, 0.000000000000000000 ) ) ;
#2047 = VECTOR ( 'NONE', #185, 1000.000000000000000 ) ;
#2048 = FACE_OUTER_BOUND ( 'NONE', #2512, .T. ) ;
#2049 = CYLINDRICAL_SURFACE ( 'NONE', #7051, 10.00000000000000178 ) ;
#2050 = PLANE ( 'NONE',  #2769 ) ;
#2051 = VECTOR ( 'NONE', #2710, 1000.000000000000000 ) ;
#2052 = CIRCLE ( 'NONE', #6032, 10.00000000000000355 ) ;
#2053 = EDGE_CURVE ( 'NONE', #1302, #5955, #5691, .T. ) ;
#2054 = FACE_OUTER_BOUND ( 'NONE', #3988, .T. ) ;
#2055 = EDGE_LOOP ( 'NONE', ( #2865, #1558, #3720, #6239 ) ) ;
#2056 = ORIENTED_EDGE ( 'NONE', *, *, #3028, .F. ) ;
#2057 = CIRCLE ( 'NONE', #4334, 2.100000000000000977 ) ;
#2058 = DIRECTION ( 'NONE',  ( -9.358485233796484233E-16, 0.000000000000000000, -1.000000000000000000 ) ) ;
#2059 = FACE_OUTER_BOUND ( 'NONE', #3985, .T. ) ;
#2060 = VECTOR ( 'NONE', #470, 999.9999999999998863 ) ;
#2061 = DIRECTION ( 'NONE',  ( -6.133173666733558182E-17, 1.000000000000000000, -6.133173666733433690E-17 ) ) ;
#2062 = EDGE_CURVE ( 'NONE', #6505, #3869, #5172, .T. ) ;
#2063 = CARTESIAN_POINT ( 'NONE',  ( 28.31061230865950407, 5.999999999999992895, -34.18938769134042843 ) ) ;
#2064 = VERTEX_POINT ( 'NONE', #6704 ) ;
#2065 = VERTEX_POINT ( 'NONE', #259 ) ;
#2066 = ORIENTED_EDGE ( 'NONE', *, *, #2967, .F. ) ;
#2067 = CARTESIAN_POINT ( 'NONE',  ( -28.31061230866049883, 2.999999999999993339, -34.18938769133949052 ) ) ;
#2068 = CARTESIAN_POINT ( 'NONE',  ( -32.59607450347800750, 11.00000000000000000, -9.669329188920540830 ) ) ;
#2069 = VECTOR ( 'NONE', #2737, 1000.000000000000000 ) ;
#2070 = ADVANCED_FACE ( 'NONE', ( #5130 ), #830, .T. ) ;
#2071 = CARTESIAN_POINT ( 'NONE',  ( 13.97196944913892480, 10.38534153838236307, -23.56878248642801665 ) ) ;
#2072 = EDGE_CURVE ( 'NONE', #6567, #6185, #1824, .T. ) ;
#2073 =( BOUNDED_CURVE ( )  B_SPLINE_CURVE ( 3, ( #2222, #4421, #4396, #5002 ),
 .UNSPECIFIED., .F., .F. ) 
 B_SPLINE_CURVE_WITH_KNOTS ( ( 4, 4 ),
 ( 4.712388980384689674, 4.870540119000255075 ),
 .UNSPECIFIED. ) 
 CURVE ( )  GEOMETRIC_REPRESENTATION_ITEM ( )  RATIONAL_B_SPLINE_CURVE ( ( 1.000000000000000000, 0.9979167706456838483, 0.9979167706456838483, 1.000000000000000000 ) ) 
 REPRESENTATION_ITEM ( '' )  );
#2074 = ORIENTED_EDGE ( 'NONE', *, *, #5590, .T. ) ;
#2075 = DIRECTION ( 'NONE',  ( -0.9659258262890683122, 0.000000000000000000, -0.2588190451025207395 ) ) ;
#2076 = ORIENTED_EDGE ( 'NONE', *, *, #783, .F. ) ;
#2077 = VECTOR ( 'NONE', #6797, 1000.000000000000114 ) ;
#2078 = ORIENTED_EDGE ( 'NONE', *, *, #4607, .T. ) ;
#2079 = DIRECTION ( 'NONE',  ( 0.6644630243886759935, 0.3420201433256629397, -0.6644630243886762155 ) ) ;
#2080 = CARTESIAN_POINT ( 'NONE',  ( -13.43502884254437468, 3.499999999999999556, -14.83502884254443011 ) ) ;
#2081 = CARTESIAN_POINT ( 'NONE',  ( 0.000000000000000000, 0.5000000000000004441, -23.99999999999999645 ) ) ;
#2082 = VECTOR ( 'NONE', #6959, 1000.000000000000114 ) ;
#2083 = EDGE_CURVE ( 'NONE', #3629, #157, #5311, .T. ) ;
#2084 = CARTESIAN_POINT ( 'NONE',  ( -31.25000000000000000, 0.000000000000000000, 31.24999999999999289 ) ) ;
#2085 = ORIENTED_EDGE ( 'NONE', *, *, #863, .F. ) ;
#2086 = VECTOR ( 'NONE', #3015, 1000.000000000000000 ) ;
#2087 = AXIS2_PLACEMENT_3D ( 'NONE', #386, #5754, #2495 ) ;
#2088 = CARTESIAN_POINT ( 'NONE',  ( 24.97736223199581573, 9.605211445242176183, -16.14661910853078197 ) ) ;
#2089 = DIRECTION ( 'NONE',  ( 0.000000000000000000, -1.000000000000000000, 0.000000000000000000 ) ) ;
#2090 = VECTOR ( 'NONE', #4741, 1000.000000000000000 ) ;
#2091 = DIRECTION ( 'NONE',  ( 0.000000000000000000, 0.000000000000000000, 1.000000000000000000 ) ) ;
#2092 = DIRECTION ( 'NONE',  ( -0.000000000000000000, -1.000000000000000000, -0.000000000000000000 ) ) ;
#2093 = LINE ( 'NONE', #6433, #1735 ) ;
#2094 = EDGE_CURVE ( 'NONE', #6651, #6168, #6976, .T. ) ;
#2095 = CARTESIAN_POINT ( 'NONE',  ( 12.53977053546875986, 10.49999999999999467, -23.01690092346461469 ) ) ;
#2096 = VERTEX_POINT ( 'NONE', #5205 ) ;
#2097 = ORIENTED_EDGE ( 'NONE', *, *, #1427, .F. ) ;
#2098 = APPROVAL_DATE_TIME ( #3631, #3180 ) ;
#2099 = ORIENTED_EDGE ( 'NONE', *, *, #5170, .T. ) ;
#2100 = DIRECTION ( 'NONE',  ( -0.7071067811865474617, 0.000000000000000000, 0.7071067811865476838 ) ) ;
#2101 = DIRECTION ( 'NONE',  ( 0.000000000000000000, -1.000000000000000000, 0.000000000000000000 ) ) ;
#2102 = LINE ( 'NONE', #1555, #430 ) ;
#2103 = CARTESIAN_POINT ( 'NONE',  ( -13.43502884254442620, 3.499999999999999556, 13.43502884254437646 ) ) ;
#2104 = ORIENTED_EDGE ( 'NONE', *, *, #5078, .F. ) ;
#2105 = VECTOR ( 'NONE', #4158, 1000.000000000000000 ) ;
#2106 = AXIS2_PLACEMENT_3D ( 'NONE', #5960, #4891, #7048 ) ;
#2107 = LOCAL_TIME ( 19, 59, 38.00000000000000000, #4089 ) ;
#2108 = ORIENTED_EDGE ( 'NONE', *, *, #2719, .T. ) ;
#2109 = DIRECTION ( 'NONE',  ( 0.000000000000000000, -1.000000000000000000, 0.000000000000000000 ) ) ;
#2110 = CARTESIAN_POINT ( 'NONE',  ( 34.21036191661214332, 5.999999999999996447, -25.42575222578565786 ) ) ;
#2111 = CARTESIAN_POINT ( 'NONE',  ( 13.07589611252271133, 10.48545862374673554, -23.19394125873628809 ) ) ;
#2112 = ORIENTED_EDGE ( 'NONE', *, *, #6217, .F. ) ;
#2113 = LINE ( 'NONE', #1606, #2553 ) ;
#2114 = ORIENTED_EDGE ( 'NONE', *, *, #2569, .F. ) ;
#2115 = ORIENTED_EDGE ( 'NONE', *, *, #320, .F. ) ;
#2116 = FACE_OUTER_BOUND ( 'NONE', #4969, .T. ) ;
#2117 = EDGE_CURVE ( 'NONE', #1309, #3364, #2479, .T. ) ;
#2118 = DIRECTION ( 'NONE',  ( 0.7071067811865512365, 0.7071067811865439090, 0.000000000000000000 ) ) ;
#2119 = DIRECTION ( 'NONE',  ( 0.000000000000000000, 0.000000000000000000, 1.000000000000000000 ) ) ;
#2120 = CARTESIAN_POINT ( 'NONE',  ( -34.18938769134013000, 2.999999999999993339, -28.31061230865985934 ) ) ;
#2121 = ORIENTED_EDGE ( 'NONE', *, *, #350, .T. ) ;
#2122 = ADVANCED_FACE ( 'NONE', ( #2444 ), #1896, .F. ) ;
#2123 = DIRECTION ( 'NONE',  ( 0.000000000000000000, 0.000000000000000000, 1.000000000000000000 ) ) ;
#2124 = DIRECTION ( 'NONE',  ( 0.000000000000000000, 1.000000000000000000, 0.000000000000000000 ) ) ;
#2125 = CARTESIAN_POINT ( 'NONE',  ( 24.16949739484940096, 10.39692620785911004, -15.88863270537047967 ) ) ;
#2126 = DIRECTION ( 'NONE',  ( -0.7071067811865571207, -0.000000000000000000, -0.7071067811865379138 ) ) ;
#2127 = CARTESIAN_POINT ( 'NONE',  ( 23.00899376716094835, 10.49999999999999467, 6.825408839238029657 ) ) ;
#2128 = ORIENTED_EDGE ( 'NONE', *, *, #699, .F. ) ;
#2129 = VERTEX_POINT ( 'NONE', #2410 ) ;
#2130 = ORIENTED_EDGE ( 'NONE', *, *, #6547, .F. ) ;
#2131 = CARTESIAN_POINT ( 'NONE',  ( -31.43836089953900270, 6.603073792140889964, -23.36085798989911666 ) ) ;
#2132 = CARTESIAN_POINT ( 'NONE',  ( -35.64230484541324273, 47.00822076650859316, -26.85769515458674661 ) ) ;
#2133 = DIRECTION ( 'NONE',  ( -0.6644630243886764376, -0.3420201433256629953, 0.6644630243886761045 ) ) ;
#2134 = DIRECTION ( 'NONE',  ( 0.000000000000000000, -1.000000000000000000, 0.000000000000000000 ) ) ;
#2135 = VERTEX_POINT ( 'NONE', #1938 ) ;
#2136 = ADVANCED_FACE ( 'NONE', ( #296, #1366, #4590, #6825, #6753, #4660 ), #4121, .T. ) ;
#2137 = ORIENTED_EDGE ( 'NONE', *, *, #1451, .T. ) ;
#2138 = CARTESIAN_POINT ( 'NONE',  ( -12.83333333333333215, 3.499999999999999556, 17.86912296548309698 ) ) ;
#2139 = EDGE_CURVE ( 'NONE', #5234, #3592, #3049, .T. ) ;
#2140 = DIRECTION ( 'NONE',  ( -0.000000000000000000, -1.000000000000000000, -0.000000000000000000 ) ) ;
#2141 = CARTESIAN_POINT ( 'NONE',  ( -25.17145330101925893, 0.000000000000000000, 17.09395039137928407 ) ) ;
#2142 = CIRCLE ( 'NONE', #6119, 10.49999999999997513 ) ;
#2143 = ORIENTED_EDGE ( 'NONE', *, *, #1451, .F. ) ;
#2144 = DIRECTION ( 'NONE',  ( 0.7071067811865474617, 0.000000000000000000, 0.7071067811865474617 ) ) ;
#2145 = EDGE_CURVE ( 'NONE', #2220, #4215, #6329, .T. ) ;
#2146 = ORIENTED_EDGE ( 'NONE', *, *, #1203, .T. ) ;
#2147 = EDGE_LOOP ( 'NONE', ( #3407, #2825, #3566, #2104 ) ) ;
#2148 = DIRECTION ( 'NONE',  ( -0.7071067811865476838, -0.000000000000000000, 0.7071067811865474617 ) ) ;
#2149 = CARTESIAN_POINT ( 'NONE',  ( 34.21036191661201542, 15.99999999999999645, 25.42575222578551219 ) ) ;
#2150 = DIRECTION ( 'NONE',  ( 0.7071067811865489050, 0.7071067811865462405, -0.000000000000000000 ) ) ;
#2151 = CIRCLE ( 'NONE', #6470, 2.099999999999997868 ) ;
#2152 = LINE ( 'NONE', #4296, #6294 ) ;
#2153 = EDGE_CURVE ( 'NONE', #3183, #230, #2691, .T. ) ;
#2154 = ORIENTED_EDGE ( 'NONE', *, *, #4607, .F. ) ;
#2155 = LINE ( 'NONE', #535, #4224 ) ;
#2156 = VECTOR ( 'NONE', #627, 1000.000000000000000 ) ;
#2157 = FACE_OUTER_BOUND ( 'NONE', #1025, .T. ) ;
#2158 = VECTOR ( 'NONE', #2477, 1000.000000000000000 ) ;
#2159 = DIRECTION ( 'NONE',  ( -0.7071067811865474617, 0.000000000000000000, -0.7071067811865476838 ) ) ;
#2160 = CARTESIAN_POINT ( 'NONE',  ( -34.21036191661210779, 5.999999999999996447, 25.42575222578563654 ) ) ;
#2161 = FACE_OUTER_BOUND ( 'NONE', #6723, .T. ) ;
#2162 = ADVANCED_FACE ( 'NONE', ( #2157 ), #4873, .F. ) ;
#2163 = EDGE_CURVE ( 'NONE', #4640, #3393, #1924, .T. ) ;
#2164 = ORIENTED_EDGE ( 'NONE', *, *, #3080, .F. ) ;
#2165 = EDGE_LOOP ( 'NONE', ( #4135, #951, #3134, #1885 ) ) ;
#2166 = CIRCLE ( 'NONE', #1804, 10.49999999999998046 ) ;
#2167 = DIRECTION ( 'NONE',  ( 0.9659258262890673130, 0.000000000000000000, -0.2588190451025241812 ) ) ;
#2168 = CARTESIAN_POINT ( 'NONE',  ( 28.31061230866049883, 2.999999999999993339, 34.18938769133949052 ) ) ;
#2169 = DIRECTION ( 'NONE',  ( -0.7071067811865479058, 0.000000000000000000, 0.7071067811865472397 ) ) ;
#2170 = VECTOR ( 'NONE', #2144, 1000.000000000000114 ) ;
#2171 = CIRCLE ( 'NONE', #5017, 6.211657082460492418 ) ;
#2172 = CIRCLE ( 'NONE', #219, 10.00000000000000178 ) ;
#2173 = CARTESIAN_POINT ( 'NONE',  ( 12.00000000000000178, 10.99999999999999645, 19.95618256608033647 ) ) ;
#2174 = ORIENTED_EDGE ( 'NONE', *, *, #1105, .F. ) ;
#2175 = VERTEX_POINT ( 'NONE', #4267 ) ;
#2176 = CIRCLE ( 'NONE', #3319, 4.000000000000000000 ) ;
#2177 = CARTESIAN_POINT ( 'NONE',  ( 4.392304845413268488, 0.5000000000000004441, -4.392304845413264935 ) ) ;
#2178 = AXIS2_PLACEMENT_3D ( 'NONE', #2402, #1358, #1320 ) ;
#2179 = FACE_OUTER_BOUND ( 'NONE', #3054, .T. ) ;
#2180 = FACE_OUTER_BOUND ( 'NONE', #4136, .T. ) ;
#2181 = FACE_OUTER_BOUND ( 'NONE', #2696, .T. ) ;
#2182 = ADVANCED_FACE ( 'NONE', ( #3088 ), #1857, .F. ) ;
#2183 = AXIS2_PLACEMENT_3D ( 'NONE', #1379, #4678, #4749 ) ;
#2184 = LINE ( 'NONE', #4359, #1399 ) ;
#2185 = VERTEX_POINT ( 'NONE', #4229 ) ;
#2186 = EDGE_CURVE ( 'NONE', #6811, #3423, #3198, .T. ) ;
#2187 = ORIENTED_EDGE ( 'NONE', *, *, #4740, .T. ) ;
#2188 = DIRECTION ( 'NONE',  ( 0.7071067811865477948, 0.000000000000000000, -0.7071067811865473507 ) ) ;
#2189 = CIRCLE ( 'NONE', #6852, 10.50000000000000178 ) ;
#2190 = ADVANCED_FACE ( 'NONE', ( #4738 ), #2775, .F. ) ;
#2191 = CARTESIAN_POINT ( 'NONE',  ( -4.000000000000000000, 2.000000000000000000, 18.78460969082652099 ) ) ;
#2192 = CARTESIAN_POINT ( 'NONE',  ( 22.53794224446396655, 11.00000000000000000, 12.68329260279626070 ) ) ;
#2193 = CIRCLE ( 'NONE', #3102, 2.400000000000001243 ) ;
#2194 = CARTESIAN_POINT ( 'NONE',  ( -12.00000000000000000, 3.499999999999999556, 19.95618256608032937 ) ) ;
#2195 = VERTEX_POINT ( 'NONE', #7028 ) ;
#2196 = CARTESIAN_POINT ( 'NONE',  ( 24.96786260204011398, 9.610803912442378305, -16.13542474420776429 ) ) ;
#2197 = CARTESIAN_POINT ( 'NONE',  ( 23.34177589551955023, 10.45521721615884481, -13.45915509769674401 ) ) ;
#2198 = CIRCLE ( 'NONE', #1838, 10.00000000000000178 ) ;
#2199 = AXIS2_PLACEMENT_3D ( 'NONE', #243, #1917, #5255 ) ;
#2200 = EDGE_CURVE ( 'NONE', #3940, #6762, #6500, .T. ) ;
#2201 = CARTESIAN_POINT ( 'NONE',  ( 23.56878248642804508, 10.38534153838236129, 13.97196944913899763 ) ) ;
#2202 = DIRECTION ( 'NONE',  ( -0.000000000000000000, -1.000000000000000000, -0.000000000000000000 ) ) ;
#2203 = DIRECTION ( 'NONE',  ( 0.9684408309910920165, -0.2492435693639520333, 0.000000000000000000 ) ) ;
#2204 = DIRECTION ( 'NONE',  ( -0.000000000000000000, -1.000000000000000000, -0.000000000000000000 ) ) ;
#2205 = VERTEX_POINT ( 'NONE', #1471 ) ;
#2206 = VERTEX_POINT ( 'NONE', #5841 ) ;
#2207 = CARTESIAN_POINT ( 'NONE',  ( -31.25000000000000000, 0.000000000000000000, 33.34999999999999432 ) ) ;
#2208 = CARTESIAN_POINT ( 'NONE',  ( -12.00000000000000000, 3.499999999999999556, 19.49358868961792268 ) ) ;
#2209 = LINE ( 'NONE', #5388, #1344 ) ;
#2210 = LINE ( 'NONE', #2770, #1380 ) ;
#2211 = ORIENTED_EDGE ( 'NONE', *, *, #3363, .T. ) ;
#2212 = VERTEX_POINT ( 'NONE', #3730 ) ;
#2213 = CARTESIAN_POINT ( 'NONE',  ( 35.26527825794081394, 2.999999999999992450, -32.32589056660236082 ) ) ;
#2214 = EDGE_CURVE ( 'NONE', #2007, #3949, #400, .T. ) ;
#2215 = CARTESIAN_POINT ( 'NONE',  ( -27.21124854518000902, 5.999999999999996447, -35.28875145481998032 ) ) ;
#2216 = CARTESIAN_POINT ( 'NONE',  ( 27.23472174205787866, 2.999999999999993339, -30.17410943339892526 ) ) ;
#2217 = CARTESIAN_POINT ( 'NONE',  ( -13.43502884254442620, 3.499999999999999556, 14.83502884254437504 ) ) ;
#2218 = ORIENTED_EDGE ( 'NONE', *, *, #4440, .T. ) ;
#2219 = ADVANCED_FACE ( 'NONE', ( #2048 ), #38, .F. ) ;
#2220 = VERTEX_POINT ( 'NONE', #6431 ) ;
#2221 = DIRECTION ( 'NONE',  ( 0.000000000000000000, 0.000000000000000000, 1.000000000000000000 ) ) ;
#2222 = CARTESIAN_POINT ( 'NONE',  ( 27.70540201526587509, 5.999999999999994671, -31.93071212713165252 ) ) ;
#2223 = CARTESIAN_POINT ( 'NONE',  ( -12.00000000000000000, -21.13582213160103151, 19.49358868961792268 ) ) ;
#2224 = CARTESIAN_POINT ( 'NONE',  ( -27.23472174205808827, 2.999999999999993339, 30.17410943339873342 ) ) ;
#2225 = ORIENTED_EDGE ( 'NONE', *, *, #5460, .F. ) ;
#2226 = DIRECTION ( 'NONE',  ( -0.000000000000000000, -1.000000000000000000, -0.000000000000000000 ) ) ;
#2227 = DIRECTION ( 'NONE',  ( 0.9659258262890711988, -4.336808689941946862E-17, 0.2588190451025098038 ) ) ;
#2228 = DIRECTION ( 'NONE',  ( -0.000000000000000000, -1.000000000000000000, -0.000000000000000000 ) ) ;
#2229 = PLANE ( 'NONE',  #3885 ) ;
#2230 = ORIENTED_EDGE ( 'NONE', *, *, #4510, .F. ) ;
#2231 = ORIENTED_EDGE ( 'NONE', *, *, #1085, .F. ) ;
#2232 = EDGE_CURVE ( 'NONE', #5225, #391, #5906, .T. ) ;
#2233 = PLANE ( 'NONE',  #2269 ) ;
#2234 = CYLINDRICAL_SURFACE ( 'NONE', #1148, 2.399999999999999467 ) ;
#2235 = CARTESIAN_POINT ( 'NONE',  ( -31.93071212713070040, 5.999999999999994671, 27.70540201526697999 ) ) ;
#2236 = FACE_OUTER_BOUND ( 'NONE', #1913, .T. ) ;
#2237 = ORIENTED_EDGE ( 'NONE', *, *, #1758, .F. ) ;
#2238 = EDGE_CURVE ( 'NONE', #6969, #662, #1404, .T. ) ;
#2239 = ORIENTED_EDGE ( 'NONE', *, *, #611, .T. ) ;
#2240 = LINE ( 'NONE', #4415, #4601 ) ;
#2241 = DIRECTION ( 'NONE',  ( 0.7071067811865554553, 0.000000000000000000, 0.7071067811865395791 ) ) ;
#2242 = CARTESIAN_POINT ( 'NONE',  ( 31.93071212713050144, 5.999999999999994671, -27.70540201526720381 ) ) ;
#2243 = EDGE_CURVE ( 'NONE', #5865, #3974, #3159, .T. ) ;
#2244 = ORIENTED_EDGE ( 'NONE', *, *, #3080, .T. ) ;
#2245 = VERTEX_POINT ( 'NONE', #4300 ) ;
#2246 = EDGE_LOOP ( 'NONE', ( #1159, #6042, #6934, #1313 ) ) ;
#2247 = CARTESIAN_POINT ( 'NONE',  ( -34.21036191661201542, 5.499999999999990230, -25.42575222578551930 ) ) ;
#2248 = DIRECTION ( 'NONE',  ( 0.000000000000000000, 0.000000000000000000, -1.000000000000000000 ) ) ;
#2249 = DIRECTION ( 'NONE',  ( 0.000000000000000000, 0.000000000000000000, 1.000000000000000000 ) ) ;
#2250 = VERTEX_POINT ( 'NONE', #5411 ) ;
#2251 = FACE_OUTER_BOUND ( 'NONE', #3454, .T. ) ;
#2252 = AXIS2_PLACEMENT_3D ( 'NONE', #990, #6318, #4721 ) ;
#2253 = DIRECTION ( 'NONE',  ( 0.000000000000000000, -1.000000000000000000, 0.000000000000000000 ) ) ;
#2254 = ADVANCED_FACE ( 'NONE', ( #2624 ), #509, .F. ) ;
#2255 = CARTESIAN_POINT ( 'NONE',  ( -4.000000000000000000, 2.000000000000000000, 0.000000000000000000 ) ) ;
#2256 = DIRECTION ( 'NONE',  ( 0.000000000000000000, 0.000000000000000000, -1.000000000000000000 ) ) ;
#2257 = CARTESIAN_POINT ( 'NONE',  ( -25.08312013316765388, 9.542869555742802490, -16.27155821160852511 ) ) ;
#2258 = ORIENTED_EDGE ( 'NONE', *, *, #2323, .F. ) ;
#2259 = ORIENTED_EDGE ( 'NONE', *, *, #2494, .T. ) ;
#2260 = DIRECTION ( 'NONE',  ( 0.000000000000000000, 0.000000000000000000, -1.000000000000000000 ) ) ;
#2261 = FACE_OUTER_BOUND ( 'NONE', #3622, .T. ) ;
#2262 = CARTESIAN_POINT ( 'NONE',  ( 25.77930561637885987, 15.99999999999999645, 33.85680852601883828 ) ) ;
#2263 = CARTESIAN_POINT ( 'NONE',  ( 13.43502884254437468, 11.00099999999999945, 14.83502884254442655 ) ) ;
#2264 = VECTOR ( 'NONE', #85, 1000.000000000000000 ) ;
#2265 = DIRECTION ( 'NONE',  ( 0.7071067811865621167, -0.000000000000000000, 0.7071067811865329178 ) ) ;
#2266 = ORIENTED_EDGE ( 'NONE', *, *, #4166, .T. ) ;
#2267 = ORIENTED_EDGE ( 'NONE', *, *, #5208, .T. ) ;
#2268 = EDGE_LOOP ( 'NONE', ( #1991, #2035, #6348, #3265 ) ) ;
#2269 = AXIS2_PLACEMENT_3D ( 'NONE', #3309, #2698, #2167 ) ;
#2270 = FACE_OUTER_BOUND ( 'NONE', #4979, .T. ) ;
#2271 = VECTOR ( 'NONE', #1723, 1000.000000000000000 ) ;
#2272 = EDGE_CURVE ( 'NONE', #3327, #3480, #2946, .T. ) ;
#2273 = DIRECTION ( 'NONE',  ( -0.5000000000000061062, 0.7071067811865389130, 0.5000000000000061062 ) ) ;
#2274 = LINE ( 'NONE', #2141, #4032 ) ;
#2275 = VECTOR ( 'NONE', #6100, 1000.000000000000000 ) ;
#2276 = ORIENTED_EDGE ( 'NONE', *, *, #5391, .T. ) ;
#2277 = VECTOR ( 'NONE', #1931, 999.9999999999998863 ) ;
#2278 = ORIENTED_EDGE ( 'NONE', *, *, #1556, .T. ) ;
#2279 = ORIENTED_EDGE ( 'NONE', *, *, #6465, .F. ) ;
#2280 = B_SPLINE_SURFACE_WITH_KNOTS ( 'NONE', 1, 3, ( 
 ( #5189, #3031, #2028, #280 ),
 ( #6379, #3111, #920, #1382 ) ),
 .UNSPECIFIED., .F., .F., .F.,
 ( 2, 2 ),
 ( 4, 4 ),
 ( 0.000000000000000000, 1.000000000000000000 ),
 ( 1.570796326794917652, 1.736485605619442207 ),
 .UNSPECIFIED. ) ;
#2281 = FACE_BOUND ( 'NONE', #1588, .T. ) ;
#2282 = EDGE_CURVE ( 'NONE', #4599, #2676, #5048, .T. ) ;
#2283 = CIRCLE ( 'NONE', #5031, 10.00000000000000355 ) ;
#2284 = ADVANCED_FACE ( 'NONE', ( #5543 ), #5975, .F. ) ;
#2285 = DIRECTION ( 'NONE',  ( 9.358485233796484233E-16, 0.000000000000000000, 1.000000000000000000 ) ) ;
#2286 = CARTESIAN_POINT ( 'NONE',  ( 26.85769515458672885, 47.00822076650859316, 35.64230484541324984 ) ) ;
#2287 = ORIENTED_EDGE ( 'NONE', *, *, #6548, .T. ) ;
#2288 = AXIS2_PLACEMENT_3D ( 'NONE', #6625, #1748, #4582 ) ;
#2289 = CARTESIAN_POINT ( 'NONE',  ( -32.59607450347800750, 0.000000000000000000, -9.669329188920540830 ) ) ;
#2290 = LINE ( 'NONE', #6, #1288 ) ;
#2291 = EDGE_CURVE ( 'NONE', #30, #3281, #1136, .T. ) ;
#2292 = FACE_OUTER_BOUND ( 'NONE', #5363, .T. ) ;
#2293 = CARTESIAN_POINT ( 'NONE',  ( 6.000000000000000000, 0.5000000000000004441, 20.78460969082652454 ) ) ;
#2294 = AXIS2_PLACEMENT_3D ( 'NONE', #1901, #4085, #5209 ) ;
#2295 = CARTESIAN_POINT ( 'NONE',  ( 12.82943738145381118, 10.99999972400658166, -22.58512027710536074 ) ) ;
#2296 = ORIENTED_EDGE ( 'NONE', *, *, #4893, .F. ) ;
#2297 = EDGE_LOOP ( 'NONE', ( #264, #3348, #850, #3901 ) ) ;
#2298 = DIRECTION ( 'NONE',  ( -3.119495077932164041E-16, 0.000000000000000000, -1.000000000000000000 ) ) ;
#2299 = CARTESIAN_POINT ( 'NONE',  ( -31.25000000000031264, 47.00822076650859316, -37.46165708246016379 ) ) ;
#2300 = CYLINDRICAL_SURFACE ( 'NONE', #2380, 10.00000000000000000 ) ;
#2301 = CARTESIAN_POINT ( 'NONE',  ( 32.59607450347800039, 0.5000000000000004441, 9.669329188920537277 ) ) ;
#2302 = EDGE_CURVE ( 'NONE', #1208, #2007, #2290, .T. ) ;
#2303 = VECTOR ( 'NONE', #36, 1000.000000000000114 ) ;
#2304 = CARTESIAN_POINT ( 'NONE',  ( 23.42521023613521436, 10.43250207388758000, 13.65681759658061800 ) ) ;
#2305 = ORIENTED_EDGE ( 'NONE', *, *, #589, .T. ) ;
#2306 = ORIENTED_EDGE ( 'NONE', *, *, #6935, .T. ) ;
#2307 = APPLICATION_PROTOCOL_DEFINITION ( 'international standard', 'config_control_design', 1994, #2348 ) ;
#2308 = EDGE_LOOP ( 'NONE', ( #4351, #4834 ) ) ;
#2309 = LINE ( 'NONE', #3703, #5135 ) ;
#2310 = B_SPLINE_CURVE_WITH_KNOTS ( 'NONE', 3,
 ( #5197, #6890, #287, #3119, #1391, #4695, #393, #4570, #666, #1770, #135, #2388, #2197, #507, #5639, #5080, #6005 ),
 .UNSPECIFIED., .F., .F.,
 ( 4, 2, 1, 1, 2, 2, 1, 2, 2, 4 ),
 ( 0.000000000000000000, 0.2499999999999943934, 0.3749999999999920064, 0.4374999999999901190, 0.4687499999999900635, 0.4999999999999898970, 0.6249999999999922284, 0.6874999999999927836, 0.7499999999999933387, 1.000000000000000000 ),
 .UNSPECIFIED. ) ;
#2311 = CARTESIAN_POINT ( 'NONE',  ( -35.28875145481998032, 5.999999999999996447, 27.21124854518000902 ) ) ;
#2312 = CARTESIAN_POINT ( 'NONE',  ( -15.89682994002625627, 9.729870663386652296, -24.76585160069448932 ) ) ;
#2313 = DIRECTION ( 'NONE',  ( 0.000000000000000000, 0.000000000000000000, -1.000000000000000000 ) ) ;
#2314 = ORIENTED_EDGE ( 'NONE', *, *, #1796, .F. ) ;
#2315 = EDGE_LOOP ( 'NONE', ( #4488, #2314, #1160, #4006 ) ) ;
#2316 = FACE_OUTER_BOUND ( 'NONE', #6276, .T. ) ;
#2317 = VECTOR ( 'NONE', #3696, 1000.000000000000000 ) ;
#2318 = DIRECTION ( 'NONE',  ( -6.133173666733412736E-17, 1.000000000000000000, 6.133173666733579136E-17 ) ) ;
#2320 = LINE ( 'NONE', #1071, #5481 ) ;
#2319 = AXIS2_PLACEMENT_3D ( 'NONE', #2327, #109, #636 ) ;
#2321 = CARTESIAN_POINT ( 'NONE',  ( -16.34987834646143412, 9.507832020022265240, -25.13445638042138697 ) ) ;
#2322 = ORIENTED_EDGE ( 'NONE', *, *, #783, .T. ) ;
#2323 = EDGE_CURVE ( 'NONE', #1981, #963, #4727, .T. ) ;
#2324 = DIRECTION ( 'NONE',  ( 6.133173666733558182E-17, 1.000000000000000000, 6.133173666733433690E-17 ) ) ;
#2325 = CARTESIAN_POINT ( 'NONE',  ( 24.15454751611637363, 10.12244717890789758, 15.05535732545599537 ) ) ;
#2326 = DIRECTION ( 'NONE',  ( -0.000000000000000000, -1.000000000000000000, -0.000000000000000000 ) ) ;
#2327 = CARTESIAN_POINT ( 'NONE',  ( -32.59607450347800750, 10.49999999999999467, -9.669329188920540830 ) ) ;
#2328 = CARTESIAN_POINT ( 'NONE',  ( 13.61786076135918044, 10.95906637965769548, -22.88561414865472798 ) ) ;
#2329 = ORIENTED_EDGE ( 'NONE', *, *, #3813, .F. ) ;
#2330 = VERTEX_POINT ( 'NONE', #144 ) ;
#2331 = EDGE_CURVE ( 'NONE', #2875, #3676, #4506, .T. ) ;
#2332 = EDGE_CURVE ( 'NONE', #3480, #1057, #2702, .T. ) ;
#2333 = LINE ( 'NONE', #2828, #670 ) ;
#2334 = CARTESIAN_POINT ( 'NONE',  ( -14.11443738860807073, 10.35909692304244700, -23.63827613558877161 ) ) ;
#2335 = CARTESIAN_POINT ( 'NONE',  ( -5.999999999999998224, 2.500000000000000444, 20.78460969082652454 ) ) ;
#2336 = DIRECTION ( 'NONE',  ( 0.000000000000000000, 1.000000000000000000, -0.000000000000000000 ) ) ;
#2337 =( BOUNDED_CURVE ( )  B_SPLINE_CURVE ( 3, ( #4289, #4862, #6448, #1567 ),
 .UNSPECIFIED., .F., .T. ) 
 B_SPLINE_CURVE_WITH_KNOTS ( ( 4, 4 ),
 ( 4.554237841769119832, 4.712388980384690562 ),
 .UNSPECIFIED. ) 
 CURVE ( )  GEOMETRIC_REPRESENTATION_ITEM ( )  RATIONAL_B_SPLINE_CURVE ( ( 1.000000000000000000, 0.9979167706456838483, 0.9979167706456838483, 1.000000000000000000 ) ) 
 REPRESENTATION_ITEM ( '' )  );
#2338 = CARTESIAN_POINT ( 'NONE',  ( 23.26620134244789639, 10.47241375513624639, 13.26910075935900757 ) ) ;
#2339 = ORIENTED_EDGE ( 'NONE', *, *, #2243, .F. ) ;
#2340 = ORIENTED_EDGE ( 'NONE', *, *, #2117, .F. ) ;
#2341 =( NAMED_UNIT ( * ) SI_UNIT ( $, .STERADIAN. ) SOLID_ANGLE_UNIT ( ) );
#2342 = EDGE_LOOP ( 'NONE', ( #3775, #3185, #82, #3948, #3774 ) ) ;
#2343 = CARTESIAN_POINT ( 'NONE',  ( 28.31061230865950407, 2.999999999999993339, -34.18938769134042843 ) ) ;
#2344 = PLANE ( 'NONE',  #14 ) ;
#2345 = ORIENTED_EDGE ( 'NONE', *, *, #4463, .F. ) ;
#2346 = B_SPLINE_CURVE_WITH_KNOTS ( 'NONE', 3,
 ( #5349, #6940, #984, #4133 ),
 .UNSPECIFIED., .F., .F.,
 ( 4, 4 ),
 ( 0.000000000000000000, 1.000000000000000000 ),
 .UNSPECIFIED. ) ;
#2347 = CARTESIAN_POINT ( 'NONE',  ( -31.25000000000000000, 47.00822076650859316, 31.24999999999999289 ) ) ;
#2348 = APPLICATION_CONTEXT ( 'configuration controlled 3d designs of mechanical parts and assemblies' ) ;
#2349 = ORIENTED_EDGE ( 'NONE', *, *, #4564, .F. ) ;
#2350 = VERTEX_POINT ( 'NONE', #4975 ) ;
#2351 = EDGE_CURVE ( 'NONE', #648, #5505, #6079, .T. ) ;
#2352 = FACE_OUTER_BOUND ( 'NONE', #1549, .T. ) ;
#2353 = CARTESIAN_POINT ( 'NONE',  ( -23.16906556156676089, 10.48911326289915102, -13.00645523430592299 ) ) ;
#2354 = DIRECTION ( 'NONE',  ( -0.7071067811865405783, -0.000000000000000000, 0.7071067811865544561 ) ) ;
#2355 = EDGE_CURVE ( 'NONE', #5125, #5955, #3009, .T. ) ;
#2356 = DIRECTION ( 'NONE',  ( 0.000000000000000000, -1.000000000000000000, 0.000000000000000000 ) ) ;
#2357 = VERTEX_POINT ( 'NONE', #2820 ) ;
#2358 = DIRECTION ( 'NONE',  ( -0.000000000000000000, -1.000000000000000000, -0.000000000000000000 ) ) ;
#2359 = CARTESIAN_POINT ( 'NONE',  ( -13.68168154516085799, 10.95378856460093075, -22.91203910040458780 ) ) ;
#2360 = CARTESIAN_POINT ( 'NONE',  ( 24.88229785559251184, 9.977678330415248098, -16.80482818566248326 ) ) ;
#2361 = EDGE_CURVE ( 'NONE', #2939, #2135, #5009, .T. ) ;
#2362 = DIRECTION ( 'NONE',  ( -0.000000000000000000, -1.000000000000000000, -0.000000000000000000 ) ) ;
#2363 = CARTESIAN_POINT ( 'NONE',  ( -24.60443780423566551, 9.831525338150267856, -15.68204965531408490 ) ) ;
#2364 = EDGE_LOOP ( 'NONE', ( #5104, #6451, #384, #6314 ) ) ;
#2365 = ORIENTED_EDGE ( 'NONE', *, *, #6898, .F. ) ;
#2366 = DIRECTION ( 'NONE',  ( 6.133173666733369595E-17, 1.000000000000000000, -6.133173666733622277E-17 ) ) ;
#2367 = CARTESIAN_POINT ( 'NONE',  ( -23.36085798989923745, 6.603073792140889076, -31.43836089953904533 ) ) ;
#2368 = CARTESIAN_POINT ( 'NONE',  ( -12.00000000000000178, 10.49999999999999822, 18.43908891458577060 ) ) ;
#2369 = LINE ( 'NONE', #724, #1696 ) ;
#2370 = EDGE_CURVE ( 'NONE', #1236, #6141, #1319, .T. ) ;
#2371 = ADVANCED_FACE ( 'NONE', ( #2508 ), #4307, .T. ) ;
#2372 = LINE ( 'NONE', #78, #6371 ) ;
#2373 = CARTESIAN_POINT ( 'NONE',  ( 23.37971967712631738, 10.80310935483148604, 14.64175913810317375 ) ) ;
#2374 = ORIENTED_EDGE ( 'NONE', *, *, #4490, .F. ) ;
#2375 = EDGE_LOOP ( 'NONE', ( #3252, #5445, #1201, #3436 ) ) ;
#2376 = APPROVAL_ROLE ( '' ) ;
#2377 = VERTEX_POINT ( 'NONE', #5728 ) ;
#2378 = DIRECTION ( 'NONE',  ( -0.000000000000000000, -1.000000000000000000, -0.000000000000000000 ) ) ;
#2379 = CARTESIAN_POINT ( 'NONE',  ( 25.42575222578560101, 5.999999999999996447, 34.21036191661211490 ) ) ;
#2380 = AXIS2_PLACEMENT_3D ( 'NONE', #3874, #2830, #5022 ) ;
#2381 = CARTESIAN_POINT ( 'NONE',  ( -35.26527825794104132, 2.999999999999992450, 32.32589056660211213 ) ) ;
#2382 = AXIS2_PLACEMENT_3D ( 'NONE', #4802, #5335, #3158 ) ;
#2383 = DIRECTION ( 'NONE',  ( -0.7071067811865504593, 0.000000000000000000, -0.7071067811865445751 ) ) ;
#2384 = VERTEX_POINT ( 'NONE', #2401 ) ;
#2385 = ORIENTED_EDGE ( 'NONE', *, *, #4311, .T. ) ;
#2386 = AXIS2_PLACEMENT_3D ( 'NONE', #1795, #5030, #6763 ) ;
#2387 = EDGE_LOOP ( 'NONE', ( #1654, #6327, #6115, #986 ) ) ;
#2388 = CARTESIAN_POINT ( 'NONE',  ( 23.39530582746165166, 10.44106201196024308, -13.58732343528300568 ) ) ;
#2389 = FACE_BOUND ( 'NONE', #1228, .T. ) ;
#2390 = LINE ( 'NONE', #3540, #5940 ) ;
#2391 = VECTOR ( 'NONE', #1425, 1000.000000000000114 ) ;
#2392 = VECTOR ( 'NONE', #1655, 1000.000000000000114 ) ;
#2393 = EDGE_CURVE ( 'NONE', #2526, #5233, #5648, .T. ) ;
#2394 = VERTEX_POINT ( 'NONE', #1285 ) ;
#2395 = CARTESIAN_POINT ( 'NONE',  ( -31.25000000000031264, 47.00822076650859316, -31.24999999999967315 ) ) ;
#2396 = ORIENTED_EDGE ( 'NONE', *, *, #706, .T. ) ;
#2397 = AXIS2_PLACEMENT_3D ( 'NONE', #3466, #6646, #737 ) ;
#2398 = FACE_OUTER_BOUND ( 'NONE', #293, .T. ) ;
#2399 = EDGE_CURVE ( 'NONE', #3707, #1434, #288, .T. ) ;
#2400 = VECTOR ( 'NONE', #5968, 1000.000000000000000 ) ;
#2401 = CARTESIAN_POINT ( 'NONE',  ( 22.52963973034509237, 0.000000000000000000, -6.683212821753891753 ) ) ;
#2402 = CARTESIAN_POINT ( 'NONE',  ( 6.000000000000000000, 0.000000000000000000, 18.78460969082652099 ) ) ;
#2403 = FACE_OUTER_BOUND ( 'NONE', #5218, .T. ) ;
#2404 = CARTESIAN_POINT ( 'NONE',  ( -4.000000000000000000, 2.149174732153322331, 1.735931130686974466 ) ) ;
#2405 = ORIENTED_EDGE ( 'NONE', *, *, #881, .F. ) ;
#2406 = ORIENTED_EDGE ( 'NONE', *, *, #2986, .T. ) ;
#2407 = DIRECTION ( 'NONE',  ( 0.4999999999999981126, 0.7071067811865517916, -0.4999999999999956701 ) ) ;
#2408 = EDGE_CURVE ( 'NONE', #6513, #4076, #4275, .T. ) ;
#2409 = CARTESIAN_POINT ( 'NONE',  ( -35.64230484541325694, 5.499999999999991118, 26.85769515458673595 ) ) ;
#2410 = CARTESIAN_POINT ( 'NONE',  ( 0.000000000000000000, 0.5000000000000004441, -4.000000000000000000 ) ) ;
#2411 = CARTESIAN_POINT ( 'NONE',  ( 24.08550654675990188, 10.14857614316299284, -14.92049948928508485 ) ) ;
#2412 = LINE ( 'NONE', #1297, #1353 ) ;
#2413 = CARTESIAN_POINT ( 'NONE',  ( 13.43502884254442797, 2.000000000000000000, -13.43502884254437468 ) ) ;
#2414 = ORIENTED_EDGE ( 'NONE', *, *, #4585, .F. ) ;
#2415 = ORIENTED_EDGE ( 'NONE', *, *, #424, .T. ) ;
#2416 = LINE ( 'NONE', #5558, #4901 ) ;
#2417 = EDGE_CURVE ( 'NONE', #4399, #6469, #421, .T. ) ;
#2418 = CARTESIAN_POINT ( 'NONE',  ( 24.16949739484941517, 10.39692620785911004, -15.88863270537049388 ) ) ;
#2419 = AXIS2_PLACEMENT_3D ( 'NONE', #6530, #1648, #3835 ) ;
#2420 = DIRECTION ( 'NONE',  ( -0.000000000000000000, -1.000000000000000000, -0.000000000000000000 ) ) ;
#2421 = LINE ( 'NONE', #3494, #6997 ) ;
#2422 = ORIENTED_EDGE ( 'NONE', *, *, #5866, .T. ) ;
#2423 = ORIENTED_EDGE ( 'NONE', *, *, #1278, .T. ) ;
#2424 = EDGE_CURVE ( 'NONE', #5515, #5396, #5198, .T. ) ;
#2425 = EDGE_CURVE ( 'NONE', #3213, #437, #1929, .T. ) ;
#2426 = ORIENTED_EDGE ( 'NONE', *, *, #4598, .T. ) ;
#2427 = LINE ( 'NONE', #4752, #4937 ) ;
#2428 = CARTESIAN_POINT ( 'NONE',  ( 24.08353490180032708, 10.44953121756152115, 15.77019739012077260 ) ) ;
#2429 = CARTESIAN_POINT ( 'NONE',  ( -22.69759513746419799, 10.83333333333333037, -12.63545191368711507 ) ) ;
#2430 = EDGE_CURVE ( 'NONE', #3685, #4036, #4774, .T. ) ;
#2431 = VECTOR ( 'NONE', #2126, 1000.000000000000000 ) ;
#2432 = ORIENTED_EDGE ( 'NONE', *, *, #508, .T. ) ;
#2433 = CARTESIAN_POINT ( 'NONE',  ( 32.60998848836815966, 5.999999999999996447, 24.53248557872818836 ) ) ;
#2434 = ORIENTED_EDGE ( 'NONE', *, *, #6965, .T. ) ;
#2435 = LINE ( 'NONE', #6778, #1363 ) ;
#2436 = DIRECTION ( 'NONE',  ( 0.000000000000000000, -1.000000000000000000, 0.000000000000000000 ) ) ;
#2437 = CARTESIAN_POINT ( 'NONE',  ( -7.857864376269053430, 3.000000000000002665, 30.78460969082652454 ) ) ;
#2438 = ADVANCED_FACE ( 'NONE', ( #4219 ), #2003, .F. ) ;
#2439 = CARTESIAN_POINT ( 'NONE',  ( -23.00899376716094835, 0.5000000000000004441, -6.825408839238029657 ) ) ;
#2440 = ORIENTED_EDGE ( 'NONE', *, *, #5785, .F. ) ;
#2441 = ORIENTED_EDGE ( 'NONE', *, *, #4493, .F. ) ;
#2442 = DIRECTION ( 'NONE',  ( -0.7071067811865336949, 0.000000000000000000, 0.7071067811865614505 ) ) ;
#2443 = EDGE_CURVE ( 'NONE', #6514, #5827, #3748, .T. ) ;
#2444 = FACE_OUTER_BOUND ( 'NONE', #2713, .T. ) ;
#2445 = CARTESIAN_POINT ( 'NONE',  ( -4.038751454819990983, 0.000000000000000000, 4.038751454819990983 ) ) ;
#2446 = CARTESIAN_POINT ( 'NONE',  ( 25.52500669161252489, 9.296760541840573211, 16.74039700078600745 ) ) ;
#2447 = EDGE_CURVE ( 'NONE', #1375, #188, #1000, .T. ) ;
#2448 = CARTESIAN_POINT ( 'NONE',  ( -31.67099190880843551, 6.133227481747964838, 22.88638221798191452 ) ) ;
#2449 = EDGE_LOOP ( 'NONE', ( #3880, #2884, #207, #4428 ) ) ;
#2450 = ORIENTED_EDGE ( 'NONE', *, *, #4166, .F. ) ;
#2451 = APPROVAL_STATUS ( 'not_yet_approved' ) ;
#2452 = ORIENTED_EDGE ( 'NONE', *, *, #3807, .F. ) ;
#2453 = FACE_OUTER_BOUND ( 'NONE', #5719, .T. ) ;
#2454 = CARTESIAN_POINT ( 'NONE',  ( -23.83567845717761102, 10.58818114465183768, 15.40364260314585998 ) ) ;
#2455 = CARTESIAN_POINT ( 'NONE',  ( -23.59768457196636149, 10.37474006958982464, -14.03210653982059597 ) ) ;
#2456 = EDGE_CURVE ( 'NONE', #2552, #810, #6957, .T. ) ;
#2457 = DIRECTION ( 'NONE',  ( 0.000000000000000000, 1.000000000000000000, 0.000000000000000000 ) ) ;
#2458 = EDGE_LOOP ( 'NONE', ( #5015, #865, #4646, #4342 ) ) ;
#2459 = EDGE_LOOP ( 'NONE', ( #7017, #3135 ) ) ;
#2460 = DIRECTION ( 'NONE',  ( 0.000000000000000000, 0.000000000000000000, 1.000000000000000000 ) ) ;
#2461 = DIRECTION ( 'NONE',  ( 0.000000000000000000, 1.000000000000000000, 0.000000000000000000 ) ) ;
#2462 = DIRECTION ( 'NONE',  ( 0.7071067811865472397, 0.000000000000000000, 0.7071067811865479058 ) ) ;
#2463 = EDGE_CURVE ( 'NONE', #6895, #479, #2151, .T. ) ;
#2464 = EDGE_CURVE ( 'NONE', #3862, #521, #5331, .T. ) ;
#2465 = CC_DESIGN_SECURITY_CLASSIFICATION ( #3831, ( #5535 ) ) ;
#2466 = ORIENTED_EDGE ( 'NONE', *, *, #6075, .T. ) ;
#2467 = DIRECTION ( 'NONE',  ( 0.000000000000000000, -0.7071067811865493491, -0.7071067811865456854 ) ) ;
#2468 = EDGE_LOOP ( 'NONE', ( #2739, #5513, #2374, #13 ) ) ;
#2469 = B_SPLINE_CURVE_WITH_KNOTS ( 'NONE', 3,
 ( #5652, #4433, #5124, #2824, #2404, #110 ),
 .UNSPECIFIED., .F., .F.,
 ( 4, 2, 4 ),
 ( 0.000000000000000000, 0.001062183348495323058, 0.002124366696990646116 ),
 .UNSPECIFIED. ) ;
#2470 = ORIENTED_EDGE ( 'NONE', *, *, #2094, .F. ) ;
#2471 = DIRECTION ( 'NONE',  ( 0.6644630243886761045, -0.3420201433256628842, 0.6644630243886761045 ) ) ;
#2472 = DIRECTION ( 'NONE',  ( 0.000000000000000000, 0.000000000000000000, 1.000000000000000000 ) ) ;
#2473 = DIRECTION ( 'NONE',  ( 0.000000000000000000, 1.000000000000000000, 0.000000000000000000 ) ) ;
#2474 = LINE ( 'NONE', #6251, #3104 ) ;
#2475 = ORIENTED_EDGE ( 'NONE', *, *, #3787, .F. ) ;
#2476 = ORIENTED_EDGE ( 'NONE', *, *, #5994, .T. ) ;
#2477 = DIRECTION ( 'NONE',  ( 0.4999999999999988898, -0.7071067811865491270, -0.4999999999999988898 ) ) ;
#2478 = ADVANCED_FACE ( 'NONE', ( #2583 ), #3153, .T. ) ;
#2479 = LINE ( 'NONE', #6786, #2086 ) ;
#2480 = CARTESIAN_POINT ( 'NONE',  ( 23.94578854445078164, 10.22164831906401083, -14.68702022965550213 ) ) ;
#2481 = EDGE_CURVE ( 'NONE', #31, #1291, #2654, .T. ) ;
#2482 = CYLINDRICAL_SURFACE ( 'NONE', #3890, 23.99999999999999645 ) ;
#2483 = ORIENTED_EDGE ( 'NONE', *, *, #2812, .F. ) ;
#2484 = ORIENTED_EDGE ( 'NONE', *, *, #2712, .T. ) ;
#2485 = EDGE_CURVE ( 'NONE', #2065, #3183, #4760, .T. ) ;
#2486 = ORIENTED_EDGE ( 'NONE', *, *, #1740, .F. ) ;
#2487 = CARTESIAN_POINT ( 'NONE',  ( 22.88638221798188255, 6.133227481747927534, 31.67099190880841419 ) ) ;
#2488 = DIRECTION ( 'NONE',  ( 0.000000000000000000, 1.000000000000000000, 0.000000000000000000 ) ) ;
#2489 = DIRECTION ( 'NONE',  ( -0.000000000000000000, -1.000000000000000000, -0.000000000000000000 ) ) ;
#2490 = DIRECTION ( 'NONE',  ( 0.000000000000000000, 0.000000000000000000, 1.000000000000000000 ) ) ;
#2491 = CONICAL_SURFACE ( 'NONE', #2614, 23.49999999999999645, 0.7853981633974447263 ) ;
#2492 = VERTEX_POINT ( 'NONE', #2080 ) ;
#2493 = ORIENTED_EDGE ( 'NONE', *, *, #2955, .T. ) ;
#2494 = EDGE_CURVE ( 'NONE', #6334, #5970, #62, .T. ) ;
#2495 = DIRECTION ( 'NONE',  ( 0.000000000000000000, 0.000000000000000000, 1.000000000000000000 ) ) ;
#2496 = CIRCLE ( 'NONE', #3413, 2.400000000000003020 ) ;
#2497 = CARTESIAN_POINT ( 'NONE',  ( -23.30869734884278444, 10.83099601511110777, -14.50972193821230682 ) ) ;
#2498 = CARTESIAN_POINT ( 'NONE',  ( 28.31061230865950407, 2.999999999999993339, -34.18938769134042843 ) ) ;
#2499 = ORIENTED_EDGE ( 'NONE', *, *, #1749, .T. ) ;
#2500 = VECTOR ( 'NONE', #3282, 1000.000000000000114 ) ;
#2501 = CARTESIAN_POINT ( 'NONE',  ( 15.99031359528992802, 10.39692620785910471, 24.06781650492990465 ) ) ;
#2502 = VERTEX_POINT ( 'NONE', #6922 ) ;
#2503 = VECTOR ( 'NONE', #2660, 999.9999999999998863 ) ;
#2504 = ORIENTED_EDGE ( 'NONE', *, *, #2600, .T. ) ;
#2505 = DIRECTION ( 'NONE',  ( -3.119495077932164041E-16, 0.000000000000000000, -1.000000000000000000 ) ) ;
#2506 = ADVANCED_FACE ( 'NONE', ( #3618 ), #5797, .F. ) ;
#2507 = VECTOR ( 'NONE', #3964, 1000.000000000000000 ) ;
#2508 = FACE_OUTER_BOUND ( 'NONE', #815, .T. ) ;
#2509 = AXIS2_PLACEMENT_3D ( 'NONE', #4949, #5544, #1674 ) ;
#2510 = CARTESIAN_POINT ( 'NONE',  ( 24.16949739484940096, 10.39692620785911004, -15.88863270537049388 ) ) ;
#2511 = CARTESIAN_POINT ( 'NONE',  ( 17.21487277270326643, 9.766606852233504554, -25.29237568234323064 ) ) ;
#2512 = EDGE_LOOP ( 'NONE', ( #1064, #3509, #1794, #6794 ) ) ;
#2513 = EDGE_LOOP ( 'NONE', ( #1769, #4177, #6050, #2813 ) ) ;
#2514 = AXIS2_PLACEMENT_3D ( 'NONE', #599, #1668, #4367 ) ;
#2515 = CARTESIAN_POINT ( 'NONE',  ( -15.28248557872780289, 0.000000000000000000, 23.35998848836777242 ) ) ;
#2516 = EDGE_CURVE ( 'NONE', #2129, #5865, #1799, .T. ) ;
#2517 = ADVANCED_FACE ( 'NONE', ( #6453 ), #1572, .F. ) ;
#2518 = DIRECTION ( 'NONE',  ( 0.7071067811865474617, 0.000000000000000000, -0.7071067811865474617 ) ) ;
#2519 = CARTESIAN_POINT ( 'NONE',  ( -27.70540201526686985, 5.999999999999994671, -31.93071212713078566 ) ) ;
#2520 = CARTESIAN_POINT ( 'NONE',  ( 24.05011737402709215, 10.16765779326524033, -14.86271268622181552 ) ) ;
#2521 = VECTOR ( 'NONE', #1312, 1000.000000000000000 ) ;
#2522 = CIRCLE ( 'NONE', #5155, 10.00000000000000178 ) ;
#2523 = CARTESIAN_POINT ( 'NONE',  ( 7.644600011261153405, 15.99999999999999645, -67.28071415365951680 ) ) ;
#2524 = EDGE_LOOP ( 'NONE', ( #2078, #4451, #180, #5721 ) ) ;
#2525 = VERTEX_POINT ( 'NONE', #3688 ) ;
#2526 = VERTEX_POINT ( 'NONE', #3759 ) ;
#2527 = CARTESIAN_POINT ( 'NONE',  ( -26.85769515458672529, 0.4999999999999962252, -35.64230484541326405 ) ) ;
#2528 = AXIS2_PLACEMENT_3D ( 'NONE', #2103, #2602, #3574 ) ;
#2529 = FACE_OUTER_BOUND ( 'NONE', #1263, .T. ) ;
#2530 = EDGE_CURVE ( 'NONE', #1566, #5319, #5869, .T. ) ;
#2531 = VECTOR ( 'NONE', #3883, 1000.000000000000000 ) ;
#2532 = DIRECTION ( 'NONE',  ( 0.000000000000000000, 0.000000000000000000, -1.000000000000000000 ) ) ;
#2533 = DIRECTION ( 'NONE',  ( -0.000000000000000000, -1.000000000000000000, -0.000000000000000000 ) ) ;
#2534 = ADVANCED_FACE ( 'NONE', ( #5369 ), #3226, .F. ) ;
#2535 = VECTOR ( 'NONE', #4913, 1000.000000000000000 ) ;
#2536 = VERTEX_POINT ( 'NONE', #2247 ) ;
#2537 = EDGE_LOOP ( 'NONE', ( #1094, #893 ) ) ;
#2538 = CARTESIAN_POINT ( 'NONE',  ( -23.63827613558970953, 10.35909692304208285, 14.11443738861001940 ) ) ;
#2539 = CARTESIAN_POINT ( 'NONE',  ( 16.74039700078600745, 9.296760541840543013, -25.52500669161252489 ) ) ;
#2540 = CARTESIAN_POINT ( 'NONE',  ( -31.93071212713136120, 5.999999999999994671, -27.70540201526620905 ) ) ;
#2541 = VECTOR ( 'NONE', #3624, 1000.000000000000114 ) ;
#2542 = ORIENTED_EDGE ( 'NONE', *, *, #5965, .F. ) ;
#2543 = FACE_OUTER_BOUND ( 'NONE', #6177, .T. ) ;
#2544 = ORIENTED_EDGE ( 'NONE', *, *, #5887, .F. ) ;
#2545 = CARTESIAN_POINT ( 'NONE',  ( -13.43502884254442620, 0.000000000000000000, 13.43502884254437646 ) ) ;
#2546 = AXIS2_PLACEMENT_3D ( 'NONE', #763, #6876, #1447 ) ;
#2547 = CARTESIAN_POINT ( 'NONE',  ( -32.32589056660199134, 2.999999999999992450, -35.26527825794115500 ) ) ;
#2549 = DIRECTION ( 'NONE',  ( 0.000000000000000000, 1.000000000000000000, 0.000000000000000000 ) ) ;
#2548 = CIRCLE ( 'NONE', #1629, 4.000000000000000000 ) ;
#2550 = DIRECTION ( 'NONE',  ( 0.000000000000000000, 0.000000000000000000, 1.000000000000000000 ) ) ;
#2551 = ADVANCED_FACE ( 'NONE', ( #1129 ), #6026, .F. ) ;
#2552 = VERTEX_POINT ( 'NONE', #3857 ) ;
#2553 = VECTOR ( 'NONE', #3793, 1000.000000000000000 ) ;
#2554 = DIRECTION ( 'NONE',  ( -0.7071067811865404673, 0.000000000000000000, 0.7071067811865546782 ) ) ;
#2555 = DIRECTION ( 'NONE',  ( -0.7071067811865558994, 0.000000000000000000, -0.7071067811865392461 ) ) ;
#2556 = CARTESIAN_POINT ( 'NONE',  ( -7.857864376269053430, 0.000000000000000000, 30.78460969082652454 ) ) ;
#2557 = VECTOR ( 'NONE', #4619, 1000.000000000000000 ) ;
#2558 = CARTESIAN_POINT ( 'NONE',  ( 24.30360528073881099, 10.02337499319442315, -15.25976058621350973 ) ) ;
#2559 = CARTESIAN_POINT ( 'NONE',  ( -13.43502884254437468, 2.000000000000000000, -13.43502884254442797 ) ) ;
#2560 = DIRECTION ( 'NONE',  ( -0.000000000000000000, -1.000000000000000000, -0.000000000000000000 ) ) ;
#2561 = EDGE_CURVE ( 'NONE', #5997, #2195, #6096, .T. ) ;
#2562 = ORIENTED_EDGE ( 'NONE', *, *, #5336, .F. ) ;
#2563 = EDGE_LOOP ( 'NONE', ( #996, #731 ) ) ;
#2564 = ORIENTED_EDGE ( 'NONE', *, *, #948, .F. ) ;
#2565 = DIRECTION ( 'NONE',  ( -0.9659258262890674240, 0.000000000000000000, 0.2588190451025237371 ) ) ;
#2566 = AXIS2_PLACEMENT_3D ( 'NONE', #5109, #6721, #808 ) ;
#2567 =( GEOMETRIC_REPRESENTATION_CONTEXT ( 3 ) GLOBAL_UNCERTAINTY_ASSIGNED_CONTEXT ( ( #4258 ) ) GLOBAL_UNIT_ASSIGNED_CONTEXT ( ( #1871, #1333, #2341 ) ) REPRESENTATION_CONTEXT ( 'NONE', 'WORKASPACE' ) );
#2568 = CARTESIAN_POINT ( 'NONE',  ( -24.08374291834319436, 10.44940303994399322, 15.77048597119825146 ) ) ;
#2569 = EDGE_CURVE ( 'NONE', #6230, #4146, #3332, .T. ) ;
#2570 = DIRECTION ( 'NONE',  ( 0.000000000000000000, 0.000000000000000000, -1.000000000000000000 ) ) ;
#2571 = DIRECTION ( 'NONE',  ( 0.000000000000000000, 0.000000000000000000, -1.000000000000000000 ) ) ;
#2572 = VERTEX_POINT ( 'NONE', #33 ) ;
#2573 = LINE ( 'NONE', #5151, #4363 ) ;
#2574 = EDGE_CURVE ( 'NONE', #45, #1033, #3184, .T. ) ;
#2575 = DIRECTION ( 'NONE',  ( 0.2010955364414907243, 0.7071067811865500152, -0.6779089800432691604 ) ) ;
#2576 = DIRECTION ( 'NONE',  ( -0.000000000000000000, -1.000000000000000000, -0.000000000000000000 ) ) ;
#2577 = ORIENTED_EDGE ( 'NONE', *, *, #1317, .T. ) ;
#2578 = CARTESIAN_POINT ( 'NONE',  ( 32.59607450347801461, 0.000000000000000000, -9.669329188920526619 ) ) ;
#2579 = EDGE_LOOP ( 'NONE', ( #6698, #1802, #6637, #6012 ) ) ;
#2580 = ORIENTED_EDGE ( 'NONE', *, *, #2041, .F. ) ;
#2581 = DIRECTION ( 'NONE',  ( 0.7071067811865545671, 0.000000000000000000, 0.7071067811865403563 ) ) ;
#2582 = EDGE_CURVE ( 'NONE', #2899, #3949, #1680, .T. ) ;
#2583 = FACE_OUTER_BOUND ( 'NONE', #2364, .T. ) ;
#2584 = CYLINDRICAL_SURFACE ( 'NONE', #5936, 2.400000000000003020 ) ;
#2585 = CARTESIAN_POINT ( 'NONE',  ( 0.000000000000000000, 10.49999999999999467, 0.000000000000000000 ) ) ;
#2586 = EDGE_LOOP ( 'NONE', ( #1441, #2385, #6549, #442 ) ) ;
#2587 = EDGE_CURVE ( 'NONE', #728, #278, #2073, .T. ) ;
#2588 = DIRECTION ( 'NONE',  ( -0.7071067811865614505, -0.000000000000000000, -0.7071067811865336949 ) ) ;
#2589 = CARTESIAN_POINT ( 'NONE',  ( 22.53794224446396655, 11.00000000000000000, 12.68329260279626070 ) ) ;
#2590 = EDGE_CURVE ( 'NONE', #2525, #2552, #5683, .T. ) ;
#2591 = CARTESIAN_POINT ( 'NONE',  ( -24.08353490181342593, 10.44953121755350978, -15.77019739013881683 ) ) ;
#2592 = FACE_OUTER_BOUND ( 'NONE', #4690, .T. ) ;
#2593 = LINE ( 'NONE', #4770, #5288 ) ;
#2594 = DIRECTION ( 'NONE',  ( 1.000000000000000000, 0.000000000000000000, 0.000000000000000000 ) ) ;
#2595 = ORIENTED_EDGE ( 'NONE', *, *, #978, .T. ) ;
#2596 = ORIENTED_EDGE ( 'NONE', *, *, #5041, .T. ) ;
#2597 = LINE ( 'NONE', #6304, #1809 ) ;
#2598 = EDGE_CURVE ( 'NONE', #5480, #7025, #6579, .T. ) ;
#2599 = CARTESIAN_POINT ( 'NONE',  ( 13.40296928237299490, 3.181818181818179436, 22.18757897319952832 ) ) ;
#2600 = EDGE_CURVE ( 'NONE', #2330, #4530, #3410, .T. ) ;
#2601 = CARTESIAN_POINT ( 'NONE',  ( 4.898587196589412829E-16, 2.500000000000017764, 4.000000000000000000 ) ) ;
#2602 = DIRECTION ( 'NONE',  ( -0.000000000000000000, -1.000000000000000000, -0.000000000000000000 ) ) ;
#2603 = ORIENTED_EDGE ( 'NONE', *, *, #3305, .T. ) ;
#2604 = EDGE_LOOP ( 'NONE', ( #3581, #1409, #6377, #5064 ) ) ;
#2605 = B_SPLINE_CURVE_WITH_KNOTS ( 'NONE', 3,
 ( #5771, #2902, #4047, #6785 ),
 .UNSPECIFIED., .F., .F.,
 ( 4, 4 ),
 ( 0.000000000000000000, 1.000000000000000000 ),
 .UNSPECIFIED. ) ;
#2606 = FACE_OUTER_BOUND ( 'NONE', #6201, .T. ) ;
#2607 = CARTESIAN_POINT ( 'NONE',  ( -13.43502884254437468, 2.000000000000000000, -13.43502884254442797 ) ) ;
#2608 = CARTESIAN_POINT ( 'NONE',  ( 13.01027400095730435, 10.48892073537367331, -23.17041811170509646 ) ) ;
#2609 = ORIENTED_EDGE ( 'NONE', *, *, #969, .F. ) ;
#2610 = CARTESIAN_POINT ( 'NONE',  ( -7.857864376269053430, 0.5000000000000004441, 30.78460969082652454 ) ) ;
#2611 = VERTEX_POINT ( 'NONE', #2191 ) ;
#2612 = ORIENTED_EDGE ( 'NONE', *, *, #5278, .F. ) ;
#2613 = DIRECTION ( 'NONE',  ( -0.000000000000000000, -1.000000000000000000, -0.000000000000000000 ) ) ;
#2614 = AXIS2_PLACEMENT_3D ( 'NONE', #656, #3853, #6021 ) ;
#2615 = CARTESIAN_POINT ( 'NONE',  ( 16.80507149880189743, 9.977553084367249525, -24.88254118845578944 ) ) ;
#2616 = CARTESIAN_POINT ( 'NONE',  ( 24.45559879876116938, 9.927079897466144942, 15.47731122237373036 ) ) ;
#2617 = CIRCLE ( 'NONE', #3306, 2.099999999999997868 ) ;
#2618 = CONICAL_SURFACE ( 'NONE', #2730, 6.211657082460492418, 0.7853981633974439491 ) ;
#2619 = FACE_OUTER_BOUND ( 'NONE', #3912, .T. ) ;
#2620 = ORIENTED_EDGE ( 'NONE', *, *, #1633, .F. ) ;
#2621 = AXIS2_PLACEMENT_3D ( 'NONE', #3527, #124, #2985 ) ;
#2622 = CARTESIAN_POINT ( 'NONE',  ( -9.669329188920521290, 10.49999999999999467, -32.59607450347801461 ) ) ;
#2623 = CIRCLE ( 'NONE', #101, 4.000000000000000000 ) ;
#2624 = FACE_OUTER_BOUND ( 'NONE', #5612, .T. ) ;
#2625 = DIRECTION ( 'NONE',  ( 0.7071067811865476838, 0.000000000000000000, -0.7071067811865474617 ) ) ;
#2626 = CARTESIAN_POINT ( 'NONE',  ( -25.42575222578558680, 15.99999999999999645, -34.21036191661211490 ) ) ;
#2627 = VECTOR ( 'NONE', #6692, 1000.000000000000114 ) ;
#2628 = CARTESIAN_POINT ( 'NONE',  ( 12.68329260279617010, 11.00000000000000000, -22.53794224446394168 ) ) ;
#2629 = ORIENTED_EDGE ( 'NONE', *, *, #3326, .F. ) ;
#2630 = ORIENTED_EDGE ( 'NONE', *, *, #936, .T. ) ;
#2631 = CIRCLE ( 'NONE', #7055, 2.099999999999997868 ) ;
#2632 = EDGE_CURVE ( 'NONE', #6041, #1299, #546, .T. ) ;
#2633 = ORIENTED_EDGE ( 'NONE', *, *, #18, .T. ) ;
#2634 = LINE ( 'NONE', #5344, #4906 ) ;
#2635 = AXIS2_PLACEMENT_3D ( 'NONE', #3505, #3586, #4216 ) ;
#2636 = PLANE ( 'NONE',  #361 ) ;
#2637 = CARTESIAN_POINT ( 'NONE',  ( -22.58512027710538916, 10.99999972400658166, -12.82943738145389290 ) ) ;
#2638 = DIRECTION ( 'NONE',  ( 0.000000000000000000, 0.000000000000000000, 1.000000000000000000 ) ) ;
#2639 = ORIENTED_EDGE ( 'NONE', *, *, #2823, .T. ) ;
#2640 = CIRCLE ( 'NONE', #6598, 2.100000000000000977 ) ;
#2641 = AXIS2_PLACEMENT_3D ( 'NONE', #4199, #3605, #2490 ) ;
#2642 = VERTEX_POINT ( 'NONE', #3396 ) ;
#2643 = DIRECTION ( 'NONE',  ( 0.000000000000000000, -1.000000000000000000, 0.000000000000000000 ) ) ;
#2644 = DIRECTION ( 'NONE',  ( 0.000000000000000000, 0.000000000000000000, -1.000000000000000000 ) ) ;
#2645 = AXIS2_PLACEMENT_3D ( 'NONE', #1439, #262, #4631 ) ;
#2646 = CARTESIAN_POINT ( 'NONE',  ( 15.47731122237366108, 9.927079897466146718, -24.45559879876112319 ) ) ;
#2647 = EDGE_LOOP ( 'NONE', ( #1036, #6169, #6607, #1282, #7021 ) ) ;
#2648 = DIRECTION ( 'NONE',  ( 0.000000000000000000, 1.000000000000000000, 0.000000000000000000 ) ) ;
#2649 = EDGE_CURVE ( 'NONE', #648, #4751, #1070, .T. ) ;
#2650 = ADVANCED_FACE ( 'NONE', ( #6524, #4940 ), #1610, .T. ) ;
#2651 = ORIENTED_EDGE ( 'NONE', *, *, #5499, .F. ) ;
#2652 = ORIENTED_EDGE ( 'NONE', *, *, #5994, .F. ) ;
#2653 = DIRECTION ( 'NONE',  ( -0.7071067811865473507, 9.912705577010344285E-16, -0.7071067811865475727 ) ) ;
#2654 = LINE ( 'NONE', #422, #4080 ) ;
#2655 = EDGE_CURVE ( 'NONE', #488, #3431, #5433, .T. ) ;
#2656 = CARTESIAN_POINT ( 'NONE',  ( 31.24999999999977973, 2.999999999999995559, -31.25000000000020250 ) ) ;
#2657 = PLANE ( 'NONE',  #6179 ) ;
#2658 = ORIENTED_EDGE ( 'NONE', *, *, #1390, .T. ) ;
#2659 = AXIS2_PLACEMENT_3D ( 'NONE', #6444, #1563, #3746 ) ;
#2660 = DIRECTION ( 'NONE',  ( -0.7071067811865622277, 0.000000000000000000, -0.7071067811865329178 ) ) ;
#2661 = CARTESIAN_POINT ( 'NONE',  ( -23.75705457761212358, 10.62977547581311377, -15.28249824378280408 ) ) ;
#2662 = CARTESIAN_POINT ( 'NONE',  ( 23.01690092346471417, 10.49999999999999467, -12.53977053546903697 ) ) ;
#2663 = DIRECTION ( 'NONE',  ( 0.7071067811865405783, -0.000000000000000000, -0.7071067811865544561 ) ) ;
#2664 = DIRECTION ( 'NONE',  ( -0.000000000000000000, -1.000000000000000000, -0.000000000000000000 ) ) ;
#2665 = ORIENTED_EDGE ( 'NONE', *, *, #3620, .F. ) ;
#2666 = EDGE_LOOP ( 'NONE', ( #1517, #2793, #720, #4665 ) ) ;
#2667 = CIRCLE ( 'NONE', #378, 5.711657082460487977 ) ;
#2668 = EDGE_LOOP ( 'NONE', ( #6053, #66, #3536, #3020 ) ) ;
#2669 = DIRECTION ( 'NONE',  ( 0.000000000000000000, -1.000000000000000000, 0.000000000000000000 ) ) ;
#2670 = DIRECTION ( 'NONE',  ( 0.9659258262890685343, 0.000000000000000000, 0.2588190451025199623 ) ) ;
#2671 = CARTESIAN_POINT ( 'NONE',  ( -34.21036191661210779, 5.999999999999996447, 25.42575222578563654 ) ) ;
#2672 = ADVANCED_FACE ( 'NONE', ( #96, #2281 ), #4464, .T. ) ;
#2673 = CARTESIAN_POINT ( 'NONE',  ( 27.21124854517999836, 0.000000000000000000, 35.28875145481998032 ) ) ;
#2674 = VECTOR ( 'NONE', #6779, 1000.000000000000114 ) ;
#2675 = CONICAL_SURFACE ( 'NONE', #3137, 10.50000000000000178, 0.7853981633974539411 ) ;
#2676 = VERTEX_POINT ( 'NONE', #5464 ) ;
#2677 = PLANE ( 'NONE',  #5174 ) ;
#2678 = CARTESIAN_POINT ( 'NONE',  ( 31.25000000000010303, 0.000000000000000000, 31.24999999999988631 ) ) ;
#2679 = CARTESIAN_POINT ( 'NONE',  ( 31.34211627712658910, 5.999999999999995559, -27.54768823259032828 ) ) ;
#2680 = ORIENTED_EDGE ( 'NONE', *, *, #2494, .F. ) ;
#2681 = DIRECTION ( 'NONE',  ( 0.000000000000000000, 0.000000000000000000, 1.000000000000000000 ) ) ;
#2682 = EDGE_LOOP ( 'NONE', ( #3606, #268, #5027, #2267, #315, #1751 ) ) ;
#2683 = ORIENTED_EDGE ( 'NONE', *, *, #2200, .F. ) ;
#2684 = CARTESIAN_POINT ( 'NONE',  ( -13.21831257821683714, 0.9999999999999991118, 22.00292226904335990 ) ) ;
#2685 = ADVANCED_FACE ( 'NONE', ( #1737, #667, #3920, #5999, #1095, #3798, #738, #6805, #2389 ), #1231, .F. ) ;
#2686 = ADVANCED_FACE ( 'NONE', ( #6732 ), #1347, .T. ) ;
#2687 = CARTESIAN_POINT ( 'NONE',  ( 34.18938769134013000, 2.999999999999993339, 28.31061230865985934 ) ) ;
#2688 = CARTESIAN_POINT ( 'NONE',  ( 27.21124854518010849, 5.999999999999996447, 35.28875145481985953 ) ) ;
#2689 = VERTEX_POINT ( 'NONE', #3433 ) ;
#2690 = CARTESIAN_POINT ( 'NONE',  ( 32.32589056660096816, 2.999999999999992450, -35.26527825794213555 ) ) ;
#2691 = LINE ( 'NONE', #1045, #6200 ) ;
#2692 = LINE ( 'NONE', #4874, #5473 ) ;
#2693 = DIRECTION ( 'NONE',  ( -0.2418447626479736101, -0.9396926207859105373, -0.2418447626479687251 ) ) ;
#2694 = CARTESIAN_POINT ( 'NONE',  ( -31.25000000000000000, 0.000000000000000000, 36.96165708246049064 ) ) ;
#2695 = VERTEX_POINT ( 'NONE', #6130 ) ;
#2696 = EDGE_LOOP ( 'NONE', ( #4851, #5006, #1452, #3556, #1831, #734 ) ) ;
#2697 = EDGE_CURVE ( 'NONE', #759, #5997, #4612, .T. ) ;
#2698 = DIRECTION ( 'NONE',  ( 0.2588190451025242367, -4.336808689942092308E-17, 0.9659258262890674240 ) ) ;
#2699 = CARTESIAN_POINT ( 'NONE',  ( 12.66508590360015596, 3.499999999999999556, 21.44969559442668228 ) ) ;
#2700 = PLANE ( 'NONE',  #3066 ) ;
#2701 = FACE_OUTER_BOUND ( 'NONE', #6954, .T. ) ;
#2702 = B_SPLINE_CURVE_WITH_KNOTS ( 'NONE', 3,
 ( #6036, #2788, #2757, #536, #40, #1076, #4909, #2722, #3926, #4948, #3341, #4373, #6531, #603 ),
 .UNSPECIFIED., .F., .F.,
 ( 4, 2, 1, 1, 1, 1, 2, 2, 4 ),
 ( 0.000000000000000000, 0.2499999999999413802, 0.3749999999999120703, 0.4374999999998974154, 0.4687499999998860356, 0.4843749999998784306, 0.4921874999998750999, 0.4999999999998717692, 1.000000000000000000 ),
 .UNSPECIFIED. ) ;
#2703 = ORIENTED_EDGE ( 'NONE', *, *, #508, .F. ) ;
#2704 = ORIENTED_EDGE ( 'NONE', *, *, #5575, .T. ) ;
#2705 = LINE ( 'NONE', #4414, #4429 ) ;
#2706 = DIRECTION ( 'NONE',  ( 0.000000000000000000, 0.000000000000000000, -1.000000000000000000 ) ) ;
#2707 = DIRECTION ( 'NONE',  ( -0.7071067811865474617, 0.000000000000000000, -0.7071067811865474617 ) ) ;
#2708 = DIRECTION ( 'NONE',  ( -1.000000000000000000, 0.000000000000000000, 0.000000000000000000 ) ) ;
#2709 = VECTOR ( 'NONE', #5851, 1000.000000000000000 ) ;
#2710 = DIRECTION ( 'NONE',  ( -0.000000000000000000, -1.000000000000000000, -0.000000000000000000 ) ) ;
#2711 = ORIENTED_EDGE ( 'NONE', *, *, #2232, .F. ) ;
#2712 = EDGE_CURVE ( 'NONE', #1352, #1216, #2849, .T. ) ;
#2713 = EDGE_LOOP ( 'NONE', ( #6844, #2259, #1093, #2577, #292, #4386 ) ) ;
#2714 = CARTESIAN_POINT ( 'NONE',  ( -32.32589056660121685, 5.999999999999992006, 35.26527825794190818 ) ) ;
#2715 = DIRECTION ( 'NONE',  ( 0.000000000000000000, -1.000000000000000000, 0.000000000000000000 ) ) ;
#2716 = CARTESIAN_POINT ( 'NONE',  ( -10.49054493278222111, 23.31338798560319248, -1.705935241955692794 ) ) ;
#2717 = CARTESIAN_POINT ( 'NONE',  ( -4.000000000000000000, 0.5000000000000004441, 18.78460969082652099 ) ) ;
#2718 = EDGE_LOOP ( 'NONE', ( #5137, #1194, #6293, #2349, #1982 ) ) ;
#2719 = EDGE_CURVE ( 'NONE', #6673, #521, #2997, .T. ) ;
#2720 = CYLINDRICAL_SURFACE ( 'NONE', #458, 4.000000000000000000 ) ;
#2721 = VECTOR ( 'NONE', #7022, 1000.000000000000000 ) ;
#2722 = CARTESIAN_POINT ( 'NONE',  ( 24.94254424592547537, 9.625746258765113694, 16.10544864607413373 ) ) ;
#2723 = CARTESIAN_POINT ( 'NONE',  ( 23.52201589567362916, 10.74190927710602672, -14.89321382541079331 ) ) ;
#2724 = CARTESIAN_POINT ( 'NONE',  ( -35.26527825794179449, 2.999999999999992450, -32.32589056660133764 ) ) ;
#2725 = CARTESIAN_POINT ( 'NONE',  ( 14.90102104502673086, 10.74084445754742312, -23.52570806213378063 ) ) ;
#2726 = ORIENTED_EDGE ( 'NONE', *, *, #7026, .T. ) ;
#2727 = ORIENTED_EDGE ( 'NONE', *, *, #5049, .F. ) ;
#2728 = VECTOR ( 'NONE', #562, 1000.000000000000114 ) ;
#2729 = EDGE_CURVE ( 'NONE', #5110, #7050, #2956, .T. ) ;
#2730 = AXIS2_PLACEMENT_3D ( 'NONE', #5376, #399, #3662 ) ;
#2731 = CARTESIAN_POINT ( 'NONE',  ( -35.28875145482029296, 5.999999999999996447, -27.21124854517968927 ) ) ;
#2732 = DIRECTION ( 'NONE',  ( 0.000000000000000000, 0.000000000000000000, -1.000000000000000000 ) ) ;
#2733 = B_SPLINE_CURVE_WITH_KNOTS ( 'NONE', 1,
 ( #5668, #658 ),
 .UNSPECIFIED., .F., .F.,
 ( 2, 2 ),
 ( 0.000000000000000000, 1.000000000000000000 ),
 .UNSPECIFIED. ) ;
#2734 = CARTESIAN_POINT ( 'NONE',  ( 15.84581505377132338, 9.753006548535580578, -24.73122940034884465 ) ) ;
#2735 = AXIS2_PLACEMENT_3D ( 'NONE', #46, #4919, #6471 ) ;
#2736 = AXIS2_PLACEMENT_3D ( 'NONE', #2445, #5657, #5773 ) ;
#2737 = DIRECTION ( 'NONE',  ( 0.7071067811865571207, -0.000000000000000000, 0.7071067811865379138 ) ) ;
#2738 = ORIENTED_EDGE ( 'NONE', *, *, #4997, .F. ) ;
#2739 = ORIENTED_EDGE ( 'NONE', *, *, #3646, .T. ) ;
#2740 = ORIENTED_EDGE ( 'NONE', *, *, #5779, .T. ) ;
#2741 = CONICAL_SURFACE ( 'NONE', #1237, 5.711657082460491530, 0.7853981633974482790 ) ;
#2742 = CIRCLE ( 'NONE', #6709, 10.00000000000000000 ) ;
#2743 = CARTESIAN_POINT ( 'NONE',  ( -22.63199756728548451, 11.00000000000000178, 12.97463797756537041 ) ) ;
#2744 = CARTESIAN_POINT ( 'NONE',  ( -13.43502884254437468, 11.00099999999999945, -13.43502884254442797 ) ) ;
#2745 = EDGE_CURVE ( 'NONE', #3856, #4664, #635, .T. ) ;
#2746 = CYLINDRICAL_SURFACE ( 'NONE', #3012, 23.99999999999999645 ) ;
#2747 = CIRCLE ( 'NONE', #5718, 23.99999999999999645 ) ;
#2748 = EDGE_LOOP ( 'NONE', ( #4331, #4045 ) ) ;
#2749 = EDGE_LOOP ( 'NONE', ( #3288, #1087, #340, #4625 ) ) ;
#2750 = B_SPLINE_CURVE_WITH_KNOTS ( 'NONE', 3,
 ( #4658, #1823, #4589, #5656 ),
 .UNSPECIFIED., .F., .F.,
 ( 4, 4 ),
 ( 0.000000000000000000, 1.000000000000000000 ),
 .UNSPECIFIED. ) ;
#2751 = VECTOR ( 'NONE', #5626, 1000.000000000000000 ) ;
#2752 = CARTESIAN_POINT ( 'NONE',  ( -23.00899376716094835, 11.00000000000000000, 6.825408839238022551 ) ) ;
#2753 = PLANE ( 'NONE',  #3320 ) ;
#2754 = AXIS2_PLACEMENT_3D ( 'NONE', #2585, #6354, #6326 ) ;
#2755 = CARTESIAN_POINT ( 'NONE',  ( -12.53977053546896947, 10.49999999999999467, -23.01690092346469640 ) ) ;
#2756 = EDGE_LOOP ( 'NONE', ( #4092, #6714 ) ) ;
#2757 = CARTESIAN_POINT ( 'NONE',  ( 24.60443780407565129, 9.831525338250578727, 15.68204965510141413 ) ) ;
#2758 = DIRECTION ( 'NONE',  ( -0.000000000000000000, 1.000000000000000000, -0.000000000000000000 ) ) ;
#2759 = DIRECTION ( 'NONE',  ( -0.000000000000000000, -1.000000000000000000, -0.000000000000000000 ) ) ;
#2760 = CARTESIAN_POINT ( 'NONE',  ( 14.51050114932977309, 10.83085276596417401, -23.30909755230276303 ) ) ;
#2761 = ORIENTED_EDGE ( 'NONE', *, *, #726, .F. ) ;
#2762 = EDGE_LOOP ( 'NONE', ( #559, #625, #1508, #6726 ) ) ;
#2763 = AXIS2_PLACEMENT_3D ( 'NONE', #4249, #2643, #2706 ) ;
#2764 = CARTESIAN_POINT ( 'NONE',  ( 4.392304845413268488, 47.00822076650859316, -4.392304845413264935 ) ) ;
#2765 = CARTESIAN_POINT ( 'NONE',  ( 9.669329188920537277, 11.00000000000000000, -32.59607450347800039 ) ) ;
#2766 = DIRECTION ( 'NONE',  ( 6.938893903907228378E-16, 0.000000000000000000, 1.000000000000000000 ) ) ;
#2767 = EDGE_CURVE ( 'NONE', #4062, #2245, #5114, .T. ) ;
#2768 = EDGE_CURVE ( 'NONE', #31, #1050, #4547, .T. ) ;
#2769 = AXIS2_PLACEMENT_3D ( 'NONE', #6462, #3301, #1012 ) ;
#2770 = CARTESIAN_POINT ( 'NONE',  ( 22.52963973034509237, 11.00000000000000000, -6.683212821753891753 ) ) ;
#2771 = ORIENTED_EDGE ( 'NONE', *, *, #6840, .T. ) ;
#2772 = ORIENTED_EDGE ( 'NONE', *, *, #3169, .F. ) ;
#2773 = CIRCLE ( 'NONE', #6756, 2.399999999999999467 ) ;
#2774 = DIRECTION ( 'NONE',  ( -1.000000000000000000, 0.000000000000000000, 0.000000000000000000 ) ) ;
#2775 = CONICAL_SURFACE ( 'NONE', #4147, 10.50000000000000355, 0.7853981633974482790 ) ;
#2776 = CARTESIAN_POINT ( 'NONE',  ( -25.42575222578550154, 5.499999999999998224, 34.21036191661201542 ) ) ;
#2777 = CARTESIAN_POINT ( 'NONE',  ( 34.18938769133919209, 2.999999999999993339, -28.31061230866085765 ) ) ;
#2778 = ORIENTED_EDGE ( 'NONE', *, *, #2914, .T. ) ;
#2779 = ORIENTED_EDGE ( 'NONE', *, *, #3140, .T. ) ;
#2780 = AXIS2_PLACEMENT_3D ( 'NONE', #5075, #239, #3532 ) ;
#2781 = VECTOR ( 'NONE', #5662, 1000.000000000000114 ) ;
#2782 = CARTESIAN_POINT ( 'NONE',  ( -13.43502884254442620, 11.00099999999999945, 14.83502884254437504 ) ) ;
#2783 = CARTESIAN_POINT ( 'NONE',  ( 25.29237568234324129, 9.766606852233591596, -17.21487277270325222 ) ) ;
#2784 = ADVANCED_FACE ( 'NONE', ( #6279 ), #6289, .T. ) ;
#2785 = CARTESIAN_POINT ( 'NONE',  ( 32.59607450347800039, 11.00000000000000000, 9.669329188920537277 ) ) ;
#2786 = EDGE_LOOP ( 'NONE', ( #736, #692, #2015, #1398 ) ) ;
#2787 = PLANE ( 'NONE',  #5257 ) ;
#2788 = CARTESIAN_POINT ( 'NONE',  ( 24.52687016488885519, 9.880825477836559401, 15.57720526837158026 ) ) ;
#2789 = DIRECTION ( 'NONE',  ( -0.000000000000000000, 1.000000000000000000, -0.000000000000000000 ) ) ;
#2790 = CARTESIAN_POINT ( 'NONE',  ( 14.92893218813452094, 3.000000000000002665, 23.71354187896104904 ) ) ;
#2791 = CARTESIAN_POINT ( 'NONE',  ( 13.26910075935892408, 10.47241375513624817, -23.26620134244786442 ) ) ;
#2792 = VERTEX_POINT ( 'NONE', #5952 ) ;
#2793 = ORIENTED_EDGE ( 'NONE', *, *, #2425, .F. ) ;
#2794 = FACE_OUTER_BOUND ( 'NONE', #6094, .T. ) ;
#2795 = ADVANCED_FACE ( 'NONE', ( #6317 ), #2700, .F. ) ;
#2796 = CARTESIAN_POINT ( 'NONE',  ( -16.74039700078600035, 9.296760541840601633, -25.52500669161253910 ) ) ;
#2797 = DIRECTION ( 'NONE',  ( 1.000000000000000000, 0.000000000000000000, 0.000000000000000000 ) ) ;
#2798 = CARTESIAN_POINT ( 'NONE',  ( 31.25000000000010303, 0.5000000000000004441, 37.46165708246038406 ) ) ;
#2799 = LOCAL_TIME ( 19, 59, 38.00000000000000000, #6972 ) ;
#2800 = CARTESIAN_POINT ( 'NONE',  ( -13.43502884254442620, 2.000000000000000000, 15.83502884254437504 ) ) ;
#2801 = ORIENTED_EDGE ( 'NONE', *, *, #5122, .T. ) ;
#2802 = ORIENTED_EDGE ( 'NONE', *, *, #4669, .T. ) ;
#2803 = ORIENTED_EDGE ( 'NONE', *, *, #2456, .F. ) ;
#2804 = DIRECTION ( 'NONE',  ( 0.000000000000000000, 0.7071067811865474617, 0.7071067811865474617 ) ) ;
#2805 = ADVANCED_FACE ( 'NONE', ( #4279 ), #483, .F. ) ;
#2806 = EDGE_CURVE ( 'NONE', #2206, #3943, #6777, .T. ) ;
#2807 = DIRECTION ( 'NONE',  ( 0.000000000000000000, 1.000000000000000000, 0.000000000000000000 ) ) ;
#2808 = CARTESIAN_POINT ( 'NONE',  ( -7.857864376269053430, 47.00822076650859316, 30.78460969082652454 ) ) ;
#2809 = CARTESIAN_POINT ( 'NONE',  ( 0.000000000000000000, 11.00000000000000000, 0.000000000000000000 ) ) ;
#2810 = ORIENTED_EDGE ( 'NONE', *, *, #6984, .F. ) ;
#2811 = ORIENTED_EDGE ( 'NONE', *, *, #2806, .T. ) ;
#2812 = EDGE_CURVE ( 'NONE', #3869, #199, #2102, .T. ) ;
#2813 = ORIENTED_EDGE ( 'NONE', *, *, #2332, .F. ) ;
#2814 = CARTESIAN_POINT ( 'NONE',  ( 13.43502884254437468, 2.000000000000000000, 15.83502884254443188 ) ) ;
#2815 = DIRECTION ( 'NONE',  ( -6.133173666733412736E-17, 1.000000000000000000, 6.133173666733579136E-17 ) ) ;
#2816 = DIRECTION ( 'NONE',  ( -0.6644630243886761045, 0.3420201433256629397, -0.6644630243886761045 ) ) ;
#2817 = ORIENTED_EDGE ( 'NONE', *, *, #237, .F. ) ;
#2818 = CARTESIAN_POINT ( 'NONE',  ( 24.45559879876126175, 9.927079897466150271, -15.47731122237382273 ) ) ;
#2819 = EDGE_CURVE ( 'NONE', #1586, #2875, #6511, .T. ) ;
#2820 = CARTESIAN_POINT ( 'NONE',  ( -15.88863270537044237, 10.39692620785910648, -24.16949739484938675 ) ) ;
#2821 = CARTESIAN_POINT ( 'NONE',  ( 31.34211627712747017, 5.999999999999995559, 27.54768823258934418 ) ) ;
#2822 = CARTESIAN_POINT ( 'NONE',  ( 1.705935241955685910, 23.31338798560319248, 10.49054493278221933 ) ) ;
#2823 = EDGE_CURVE ( 'NONE', #188, #3685, #2209, .T. ) ;
#2824 = CARTESIAN_POINT ( 'NONE',  ( -4.000000000000000000, 2.275662391101795023, 1.398484074499018570 ) ) ;
#2825 = ORIENTED_EDGE ( 'NONE', *, *, #358, .F. ) ;
#2826 = ORIENTED_EDGE ( 'NONE', *, *, #55, .F. ) ;
#2827 = VECTOR ( 'NONE', #2318, 1000.000000000000000 ) ;
#2828 = CARTESIAN_POINT ( 'NONE',  ( 32.32589056660096816, 2.999999999999992450, -35.26527825794213555 ) ) ;
#2829 = CARTESIAN_POINT ( 'NONE',  ( -14.14695699025284981, 10.35272682757215001, -23.65448242815904933 ) ) ;
#2830 = DIRECTION ( 'NONE',  ( 0.7071067811865621167, 0.000000000000000000, 0.7071067811865329178 ) ) ;
#2831 = PLANE ( 'NONE',  #5467 ) ;
#2832 = CARTESIAN_POINT ( 'NONE',  ( 24.15580736210165114, 10.11226911345459101, 15.03906406754749270 ) ) ;
#2833 = ORIENTED_EDGE ( 'NONE', *, *, #4096, .F. ) ;
#2834 = VERTEX_POINT ( 'NONE', #4310 ) ;
#2835 = ORIENTED_EDGE ( 'NONE', *, *, #806, .T. ) ;
#2836 = CARTESIAN_POINT ( 'NONE',  ( 0.000000000000000000, 0.000000000000000000, -4.499999999999999112 ) ) ;
#2837 = VECTOR ( 'NONE', #3502, 999.9999999999998863 ) ;
#2838 = AXIS2_PLACEMENT_3D ( 'NONE', #2764, #1144, #3351 ) ;
#2839 = FACE_OUTER_BOUND ( 'NONE', #5068, .T. ) ;
#2840 = CARTESIAN_POINT ( 'NONE',  ( -23.00899376716094835, 10.49999999999999467, 6.825408839238022551 ) ) ;
#2841 = EDGE_CURVE ( 'NONE', #2880, #3918, #1627, .T. ) ;
#2842 = DIRECTION ( 'NONE',  ( 0.7071067811865477948, 0.000000000000000000, -0.7071067811865473507 ) ) ;
#2843 = CONICAL_SURFACE ( 'NONE', #2635, 10.50000000000000178, 0.7853981633974482790 ) ;
#2844 = ORIENTED_EDGE ( 'NONE', *, *, #2464, .T. ) ;
#2845 = VECTOR ( 'NONE', #4942, 1000.000000000000000 ) ;
#2846 = ORIENTED_EDGE ( 'NONE', *, *, #4733, .T. ) ;
#2847 = ORIENTED_EDGE ( 'NONE', *, *, #5575, .F. ) ;
#2848 = DIRECTION ( 'NONE',  ( 0.000000000000000000, 0.000000000000000000, 1.000000000000000000 ) ) ;
#2849 = LINE ( 'NONE', #6209, #2827 ) ;
#2850 = VECTOR ( 'NONE', #5611, 999.9999999999998863 ) ;
#2851 = CARTESIAN_POINT ( 'NONE',  ( -4.000000000000000000, 0.5000000000000004441, 0.000000000000000000 ) ) ;
#2852 = CIRCLE ( 'NONE', #3325, 2.399999999999999467 ) ;
#2853 = EDGE_CURVE ( 'NONE', #1981, #3303, #1084, .T. ) ;
#2854 = ADVANCED_FACE ( 'NONE', ( #6539 ), #4895, .T. ) ;
#2855 = DIRECTION ( 'NONE',  ( 0.7071067811865405783, -0.000000000000000000, -0.7071067811865544561 ) ) ;
#2856 = ORIENTED_EDGE ( 'NONE', *, *, #5460, .T. ) ;
#2857 = VECTOR ( 'NONE', #6411, 1000.000000000000000 ) ;
#2858 = DIRECTION ( 'NONE',  ( 0.7071067811865544561, 0.000000000000000000, 0.7071067811865405783 ) ) ;
#2859 = ADVANCED_FACE ( 'NONE', ( #4516 ), #4553, .T. ) ;
#2860 = CARTESIAN_POINT ( 'NONE',  ( 24.45559879876116938, 9.927079897466144942, 15.47731122237373036 ) ) ;
#2861 = FACE_OUTER_BOUND ( 'NONE', #5776, .T. ) ;
#2862 = DIRECTION ( 'NONE',  ( 0.7071067811865335839, 0.000000000000000000, -0.7071067811865614505 ) ) ;
#2863 = CARTESIAN_POINT ( 'NONE',  ( 31.25000000000010303, 2.999999999999995559, 31.24999999999988631 ) ) ;
#2864 = EDGE_LOOP ( 'NONE', ( #4026, #2085, #1051, #5294 ) ) ;
#2865 = ORIENTED_EDGE ( 'NONE', *, *, #5745, .F. ) ;
#2866 = CONICAL_SURFACE ( 'NONE', #5168, 10.50000000000000178, 0.7853981633974500554 ) ;
#2867 = DIRECTION ( 'NONE',  ( -6.133173666733558182E-17, 1.000000000000000000, -6.133173666733433690E-17 ) ) ;
#2868 = ADVANCED_FACE ( 'NONE', ( #5520 ), #2300, .T. ) ;
#2869 = CARTESIAN_POINT ( 'NONE',  ( -12.81225290693419439, 10.49999704855047078, -23.09855146030133000 ) ) ;
#2870 = CARTESIAN_POINT ( 'NONE',  ( 32.59607450347801461, 11.00000000000000000, -9.669329188920526619 ) ) ;
#2871 = DIRECTION ( 'NONE',  ( -1.000000000000000000, 0.000000000000000000, 0.000000000000000000 ) ) ;
#2872 = CIRCLE ( 'NONE', #4713, 5.711657082460491530 ) ;
#2873 = CARTESIAN_POINT ( 'NONE',  ( 23.31748749739035631, 10.46111306067479418, 13.39930592308246382 ) ) ;
#2874 = ORIENTED_EDGE ( 'NONE', *, *, #644, .F. ) ;
#2875 = VERTEX_POINT ( 'NONE', #1755 ) ;
#2876 = DIRECTION ( 'NONE',  ( 1.000000000000000000, 0.000000000000000000, 0.000000000000000000 ) ) ;
#2877 = FACE_OUTER_BOUND ( 'NONE', #5964, .T. ) ;
#2878 = ADVANCED_FACE ( 'NONE', ( #117 ), #2904, .T. ) ;
#2879 = CARTESIAN_POINT ( 'NONE',  ( -24.19345314765494592, 10.08804687592582994, 15.09154702603525244 ) ) ;
#2880 = VERTEX_POINT ( 'NONE', #2235 ) ;
#2881 = CARTESIAN_POINT ( 'NONE',  ( -6.000000000000000000, 0.5000000000000004441, 18.78460969082652099 ) ) ;
#2882 = LINE ( 'NONE', #1192, #152 ) ;
#2883 = ORIENTED_EDGE ( 'NONE', *, *, #5873, .F. ) ;
#2884 = ORIENTED_EDGE ( 'NONE', *, *, #6953, .F. ) ;
#2885 = ADVANCED_FACE ( 'NONE', ( #4480 ), #6083, .F. ) ;
#2886 = CARTESIAN_POINT ( 'NONE',  ( -22.52963973034508882, 11.00000000000000000, -6.683212821753901522 ) ) ;
#2887 = VECTOR ( 'NONE', #431, 999.9999999999998863 ) ;
#2888 = DIRECTION ( 'NONE',  ( 0.2588190451025173533, 0.000000000000000000, -0.9659258262890693114 ) ) ;
#2889 = CARTESIAN_POINT ( 'NONE',  ( -23.01690092346464667, 10.49999999999999467, -12.53977053546883802 ) ) ;
#2890 = PLANE ( 'NONE',  #6843 ) ;
#2891 = ORIENTED_EDGE ( 'NONE', *, *, #2481, .T. ) ;
#2892 = DIRECTION ( 'NONE',  ( -0.7071067811865475727, 0.000000000000000000, 0.7071067811865475727 ) ) ;
#2893 = EDGE_CURVE ( 'NONE', #5225, #6341, #205, .T. ) ;
#2894 = EDGE_CURVE ( 'NONE', #4110, #617, #6148, .T. ) ;
#2895 = CARTESIAN_POINT ( 'NONE',  ( -15.77048597119824080, 10.44940303994398434, -24.08374291834320147 ) ) ;
#2896 = CARTESIAN_POINT ( 'NONE',  ( -17.21487277270326999, 9.766606852233563174, -25.29237568234325195 ) ) ;
#2897 = CARTESIAN_POINT ( 'NONE',  ( 23.36085798989914863, 6.603073792140891740, 31.43836089953913060 ) ) ;
#2898 = CARTESIAN_POINT ( 'NONE',  ( 14.64175913810310270, 10.80310935483148604, -23.37971967712628185 ) ) ;
#2899 = VERTEX_POINT ( 'NONE', #1789 ) ;
#2900 = ORIENTED_EDGE ( 'NONE', *, *, #5056, .F. ) ;
#2901 = CARTESIAN_POINT ( 'NONE',  ( 35.64230484541324984, 5.499999999999991118, 26.85769515458673951 ) ) ;
#2902 = CARTESIAN_POINT ( 'NONE',  ( -16.36044390653414027, 10.18887031444897495, -24.50609149305163115 ) ) ;
#2903 = CARTESIAN_POINT ( 'NONE',  ( 26.85769515458672529, 0.4999999999999953371, 35.64230484541324984 ) ) ;
#2904 = CYLINDRICAL_SURFACE ( 'NONE', #4425, 23.99999999999999645 ) ;
#2905 = CARTESIAN_POINT ( 'NONE',  ( 3.999999999999998224, 2.274123583102659829, 1.402760233721504157 ) ) ;
#2906 = CARTESIAN_POINT ( 'NONE',  ( 22.91581912382125097, 10.95231741118020707, 13.68855030297337905 ) ) ;
#2907 = ORIENTED_EDGE ( 'NONE', *, *, #8, .T. ) ;
#2908 = EDGE_LOOP ( 'NONE', ( #5825, #52, #1933, #7032 ) ) ;
#2909 = ADVANCED_FACE ( 'NONE', ( #6602 ), #4908, .F. ) ;
#2910 = ORIENTED_EDGE ( 'NONE', *, *, #2323, .T. ) ;
#2911 = CARTESIAN_POINT ( 'NONE',  ( -13.43502884254437468, 0.000000000000000000, -13.43502884254442797 ) ) ;
#2912 = CARTESIAN_POINT ( 'NONE',  ( 12.00000000000000355, 0.5000000000000004441, 20.78460969082652454 ) ) ;
#2913 = EDGE_LOOP ( 'NONE', ( #2279, #2137, #4297, #4790 ) ) ;
#2914 = EDGE_CURVE ( 'NONE', #2525, #3213, #3312, .T. ) ;
#2915 = CARTESIAN_POINT ( 'NONE',  ( -23.01690092346464667, 10.49999999999999467, -12.53977053546883802 ) ) ;
#2916 = CARTESIAN_POINT ( 'NONE',  ( 13.43502884254437468, 2.000000000000000000, 11.03502884254442407 ) ) ;
#2917 = ORIENTED_EDGE ( 'NONE', *, *, #5435, .T. ) ;
#2918 = ORIENTED_EDGE ( 'NONE', *, *, #6343, .F. ) ;
#2919 = CARTESIAN_POINT ( 'NONE',  ( 12.50000000000000711, 11.00000000000000000, 19.49358868961792624 ) ) ;
#2920 = CARTESIAN_POINT ( 'NONE',  ( 25.42575222578559746, 5.499999999999990230, 34.21036191661212911 ) ) ;
#2921 = LINE ( 'NONE', #2998, #3210 ) ;
#2922 = ORIENTED_EDGE ( 'NONE', *, *, #1460, .T. ) ;
#2923 = CARTESIAN_POINT ( 'NONE',  ( -32.32589056660199134, 2.999999999999992450, -35.26527825794115500 ) ) ;
#2924 = ORIENTED_EDGE ( 'NONE', *, *, #187, .T. ) ;
#2925 = CARTESIAN_POINT ( 'NONE',  ( 31.24999999999977973, 5.999999999999996447, -31.25000000000020250 ) ) ;
#2926 = DIRECTION ( 'NONE',  ( 0.000000000000000000, 0.000000000000000000, -1.000000000000000000 ) ) ;
#2927 = DIRECTION ( 'NONE',  ( -0.000000000000000000, -1.000000000000000000, -0.000000000000000000 ) ) ;
#2928 = DIRECTION ( 'NONE',  ( -0.7071067811865477948, 0.000000000000000000, 0.7071067811865473507 ) ) ;
#2929 = DIRECTION ( 'NONE',  ( 0.000000000000000000, 0.000000000000000000, 1.000000000000000000 ) ) ;
#2930 = EDGE_LOOP ( 'NONE', ( #1453, #1526, #5980, #5930 ) ) ;
#2931 = ORIENTED_EDGE ( 'NONE', *, *, #795, .F. ) ;
#2932 = DIRECTION ( 'NONE',  ( 0.6644630243886764376, 0.3420201433256628842, -0.6644630243886759935 ) ) ;
#2933 = LINE ( 'NONE', #2367, #5245 ) ;
#2934 = CARTESIAN_POINT ( 'NONE',  ( 0.000000000000000000, 10.49999999999999467, 0.000000000000000000 ) ) ;
#2935 = CARTESIAN_POINT ( 'NONE',  ( 13.21831257821694550, 0.9999999999999991118, 22.00292226904347359 ) ) ;
#2936 = AXIS2_PLACEMENT_3D ( 'NONE', #4859, #6346, #1455 ) ;
#2937 = CARTESIAN_POINT ( 'NONE',  ( 23.10482164819718420, 10.90164142627111232, 14.10549575382846932 ) ) ;
#2938 = EDGE_CURVE ( 'NONE', #6320, #4917, #2953, .T. ) ;
#2939 = VERTEX_POINT ( 'NONE', #3415 ) ;
#2940 = ORIENTED_EDGE ( 'NONE', *, *, #6006, .T. ) ;
#2941 = CARTESIAN_POINT ( 'NONE',  ( 0.000000000000000000, 11.00000000000000000, -23.49999999999999645 ) ) ;
#2942 = VECTOR ( 'NONE', #2061, 1000.000000000000000 ) ;
#2943 = ORIENTED_EDGE ( 'NONE', *, *, #796, .T. ) ;
#2944 = LINE ( 'NONE', #5706, #2077 ) ;
#2945 = AXIS2_PLACEMENT_3D ( 'NONE', #2038, #5900, #888 ) ;
#2946 = B_SPLINE_CURVE_WITH_KNOTS ( 'NONE', 3,
 ( #677, #1713, #5508, #3806, #3268, #6655, #3897, #1204, #6556, #571, #1673, #2201, #6102, #3401, #2325, #2860 ),
 .UNSPECIFIED., .F., .F.,
 ( 4, 2, 2, 2, 2, 2, 2, 4 ),
 ( 0.000000000000000000, 0.1249999999999965861, 0.1874999999999960865, 0.2499999999999956146, 0.3749999999999947264, 0.4374999999999956701, 0.4999999999999965583, 1.000000000000000000 ),
 .UNSPECIFIED. ) ;
#2947 = CARTESIAN_POINT ( 'NONE',  ( -16.19615469072199332, 9.580385194396550119, -25.01968344989104054 ) ) ;
#2948 = AXIS2_PLACEMENT_3D ( 'NONE', #6112, #5625, #6048 ) ;
#2949 = DIRECTION ( 'NONE',  ( 3.119495077932164041E-16, -0.000000000000000000, 1.000000000000000000 ) ) ;
#2950 = EDGE_LOOP ( 'NONE', ( #6776, #2833, #767, #2484 ) ) ;
#2951 = CIRCLE ( 'NONE', #6939, 1.499999999999994449 ) ;
#2952 = VERTEX_POINT ( 'NONE', #2335 ) ;
#2953 = CIRCLE ( 'NONE', #3197, 10.50000000000000355 ) ;
#2954 = CARTESIAN_POINT ( 'NONE',  ( -13.21831257821684424, 10.49999999999999645, 22.00292226904335990 ) ) ;
#2955 = EDGE_CURVE ( 'NONE', #5260, #4968, #6489, .T. ) ;
#2956 = LINE ( 'NONE', #2920, #6816 ) ;
#2957 = LINE ( 'NONE', #2498, #6046 ) ;
#2958 = CONICAL_SURFACE ( 'NONE', #3542, 4.500000000000003553, 0.7853981633974482790 ) ;
#2959 = B_SPLINE_SURFACE_WITH_KNOTS ( 'NONE', 1, 3, ( 
 ( #5070, #5142, #3424, #233 ),
 ( #4020, #5596, #4489, #696 ) ),
 .UNSPECIFIED., .F., .F., .F.,
 ( 2, 2 ),
 ( 4, 4 ),
 ( 0.000000000000000000, 1.000000000000000000 ),
 ( 1.570796326794907438, 1.736485605619425998 ),
 .UNSPECIFIED. ) ;
#2960 = ORIENTED_EDGE ( 'NONE', *, *, #2026, .F. ) ;
#2961 = CARTESIAN_POINT ( 'NONE',  ( 32.59607450347800039, 11.00000000000000000, 9.669329188920537277 ) ) ;
#2962 = ORIENTED_EDGE ( 'NONE', *, *, #4139, .F. ) ;
#2963 = ADVANCED_FACE ( 'NONE', ( #1255 ), #5587, .T. ) ;
#2964 = CIRCLE ( 'NONE', #5374, 2.399999999999999467 ) ;
#2965 = AXIS2_PLACEMENT_3D ( 'NONE', #2545, #4728, #5297 ) ;
#2966 = FACE_OUTER_BOUND ( 'NONE', #4460, .T. ) ;
#2967 = EDGE_CURVE ( 'NONE', #111, #5201, #5701, .T. ) ;
#2968 = CARTESIAN_POINT ( 'NONE',  ( -13.07187148978628777, 10.48937734700867175, -23.18867347532265910 ) ) ;
#2969 = CARTESIAN_POINT ( 'NONE',  ( -13.12500000000000355, 11.00000000000000000, 18.27523939651680962 ) ) ;
#2970 = LINE ( 'NONE', #3123, #1044 ) ;
#2971 = ORIENTED_EDGE ( 'NONE', *, *, #6337, .F. ) ;
#2972 = VERTEX_POINT ( 'NONE', #1180 ) ;
#2973 = DIRECTION ( 'NONE',  ( 0.000000000000000000, 1.000000000000000000, 0.000000000000000000 ) ) ;
#2974 = CARTESIAN_POINT ( 'NONE',  ( 31.25000000000010303, 0.000000000000000000, 29.14999999999988489 ) ) ;
#2975 = EDGE_CURVE ( 'NONE', #1734, #852, #153, .T. ) ;
#2976 = CARTESIAN_POINT ( 'NONE',  ( -12.93933982822018436, 11.00000000000000000, 21.01684273786014856 ) ) ;
#2977 = CARTESIAN_POINT ( 'NONE',  ( 23.87806642762081211, 10.25481381325075958, -14.56840991715340650 ) ) ;
#2978 = DIRECTION ( 'NONE',  ( -0.000000000000000000, -1.000000000000000000, -0.000000000000000000 ) ) ;
#2979 = LINE ( 'NONE', #4052, #5836 ) ;
#2980 = ORIENTED_EDGE ( 'NONE', *, *, #3275, .T. ) ;
#2981 = ORIENTED_EDGE ( 'NONE', *, *, #4370, .F. ) ;
#2982 = AXIS2_PLACEMENT_3D ( 'NONE', #6907, #6975, #5982 ) ;
#2983 = MECHANICAL_CONTEXT ( 'NONE', #1987, 'mechanical' ) ;
#2984 = ORIENTED_EDGE ( 'NONE', *, *, #5132, .F. ) ;
#2985 = DIRECTION ( 'NONE',  ( 0.000000000000000000, 0.000000000000000000, 1.000000000000000000 ) ) ;
#2986 = EDGE_CURVE ( 'NONE', #5110, #6447, #2369, .T. ) ;
#2987 = CARTESIAN_POINT ( 'NONE',  ( -23.87806642762078368, 10.25481381325076313, 14.56840991715336742 ) ) ;
#2988 = EDGE_CURVE ( 'NONE', #2952, #3608, #1687, .T. ) ;
#2989 = CARTESIAN_POINT ( 'NONE',  ( 32.59607450347800039, 0.000000000000000000, 9.669329188920537277 ) ) ;
#2990 = PLANE ( 'NONE',  #2780 ) ;
#2991 = VERTEX_POINT ( 'NONE', #3089 ) ;
#2992 = AXIS2_PLACEMENT_3D ( 'NONE', #6296, #5772, #860 ) ;
#2993 = ORIENTED_EDGE ( 'NONE', *, *, #4885, .T. ) ;
#2994 = AXIS2_PLACEMENT_3D ( 'NONE', #5958, #2109, #3283 ) ;
#2995 = ORIENTED_EDGE ( 'NONE', *, *, #1058, .T. ) ;
#2996 = FACE_OUTER_BOUND ( 'NONE', #4916, .T. ) ;
#2997 = LINE ( 'NONE', #6647, #3524 ) ;
#2998 = CARTESIAN_POINT ( 'NONE',  ( 27.21124854517999836, 5.999999999999996447, 35.28875145481998743 ) ) ;
#2999 = AXIS2_PLACEMENT_3D ( 'NONE', #3753, #6952, #3717 ) ;
#3000 = VERTEX_POINT ( 'NONE', #3016 ) ;
#3001 = DIRECTION ( 'NONE',  ( -0.7071067811865442421, -8.673617379884034239E-17, 0.7071067811865509034 ) ) ;
#3002 = ORIENTED_EDGE ( 'NONE', *, *, #3950, .F. ) ;
#3003 = EDGE_CURVE ( 'NONE', #1832, #4360, #2623, .T. ) ;
#3004 = DIRECTION ( 'NONE',  ( -0.7071067811865475727, -0.000000000000000000, -0.7071067811865475727 ) ) ;
#3005 = EDGE_CURVE ( 'NONE', #6951, #759, #4704, .T. ) ;
#3006 = CARTESIAN_POINT ( 'NONE',  ( -13.26144774118718672, 10.98881826000889994, -22.73775256027087721 ) ) ;
#3007 = CARTESIAN_POINT ( 'NONE',  ( 25.52500669161252844, 9.296760541840628278, -16.74039700078599324 ) ) ;
#3008 = ADVANCED_FACE ( 'NONE', ( #3561 ), #1327, .T. ) ;
#3009 = CIRCLE ( 'NONE', #4844, 5.711657082460495083 ) ;
#3010 = CARTESIAN_POINT ( 'NONE',  ( -31.25000000000000000, 0.000000000000000000, 31.24999999999999289 ) ) ;
#3011 = ORIENTED_EDGE ( 'NONE', *, *, #4693, .T. ) ;
#3012 = AXIS2_PLACEMENT_3D ( 'NONE', #2809, #3823, #4965 ) ;
#3013 = ORIENTED_EDGE ( 'NONE', *, *, #4880, .F. ) ;
#3014 = CARTESIAN_POINT ( 'NONE',  ( 23.01690092346471417, 10.49999999999999467, -12.53977053546903697 ) ) ;
#3015 = DIRECTION ( 'NONE',  ( -0.6779089800432716029, -0.7071067811865472397, -0.2010955364414922786 ) ) ;
#3016 = CARTESIAN_POINT ( 'NONE',  ( 22.88638221798177952, 6.133227481747939080, -31.67099190880828985 ) ) ;
#3017 = CARTESIAN_POINT ( 'NONE',  ( 25.52500669161253199, 9.296760541840628278, -16.74039700078600390 ) ) ;
#3018 = LINE ( 'NONE', #3700, #6608 ) ;
#3019 = VERTEX_POINT ( 'NONE', #1977 ) ;
#3020 = ORIENTED_EDGE ( 'NONE', *, *, #5224, .F. ) ;
#3021 = PERSON_AND_ORGANIZATION_ROLE ( 'design_supplier' ) ;
#3022 = ADVANCED_FACE ( 'NONE', ( #1367 ), #5206, .T. ) ;
#3023 = ORIENTED_EDGE ( 'NONE', *, *, #5049, .T. ) ;
#3024 = DIRECTION ( 'NONE',  ( -0.000000000000000000, -1.000000000000000000, -0.000000000000000000 ) ) ;
#3025 = CARTESIAN_POINT ( 'NONE',  ( -23.94578854445075677, 10.22164831906401439, 14.68702022965548437 ) ) ;
#3026 = CARTESIAN_POINT ( 'NONE',  ( -23.26596269565321862, 10.47246590716899206, -13.26849589602016088 ) ) ;
#3027 = DIRECTION ( 'NONE',  ( -0.000000000000000000, -1.000000000000000000, -0.000000000000000000 ) ) ;
#3028 = EDGE_CURVE ( 'NONE', #5770, #843, #3315, .T. ) ;
#3029 = EDGE_CURVE ( 'NONE', #4530, #2330, #2057, .T. ) ;
#3030 = ORIENTED_EDGE ( 'NONE', *, *, #5446, .F. ) ;
#3031 = CARTESIAN_POINT ( 'NONE',  ( 16.80482818566241576, 9.977678330415193031, -24.88229785559245499 ) ) ;
#3032 = CARTESIAN_POINT ( 'NONE',  ( -22.91581912382125452, 10.95231741118020707, -13.68855030297337549 ) ) ;
#3033 = CARTESIAN_POINT ( 'NONE',  ( 15.28248557872780111, 0.000000000000000000, 23.35998848836778308 ) ) ;
#3034 = ORIENTED_EDGE ( 'NONE', *, *, #5040, .T. ) ;
#3035 = FACE_OUTER_BOUND ( 'NONE', #92, .T. ) ;
#3036 = EDGE_CURVE ( 'NONE', #5770, #6041, #4013, .T. ) ;
#3037 = EDGE_LOOP ( 'NONE', ( #2844, #1307, #4420, #1426 ) ) ;
#3038 = DIRECTION ( 'NONE',  ( -0.7071067811865404673, 0.000000000000000000, 0.7071067811865546782 ) ) ;
#3039 = CARTESIAN_POINT ( 'NONE',  ( 30.17410943339771734, 2.999999999999993339, -27.23472174205915053 ) ) ;
#3040 = EDGE_CURVE ( 'NONE', #3281, #4664, #4123, .T. ) ;
#3041 = CARTESIAN_POINT ( 'NONE',  ( 25.13445638042137986, 9.507832020022286557, -16.34987834646144123 ) ) ;
#3042 = PRODUCT_DEFINITION_SHAPE ( 'NONE', 'NONE',  #3535 ) ;
#3043 = CARTESIAN_POINT ( 'NONE',  ( 32.59607450347800039, 11.00000000000000000, 9.669329188920537277 ) ) ;
#3044 = ORIENTED_EDGE ( 'NONE', *, *, #2153, .T. ) ;
#3045 = ORIENTED_EDGE ( 'NONE', *, *, #6628, .T. ) ;
#3046 = EDGE_CURVE ( 'NONE', #6313, #785, #2172, .T. ) ;
#3047 = CARTESIAN_POINT ( 'NONE',  ( -24.88254118840861295, 9.977553084391558968, -16.80507149875471029 ) ) ;
#3048 = CARTESIAN_POINT ( 'NONE',  ( -25.17145330101925182, 0.000000000000000000, -17.09395039137928762 ) ) ;
#3049 = LINE ( 'NONE', #1975, #2105 ) ;
#3050 = DIRECTION ( 'NONE',  ( -0.000000000000000000, 1.000000000000000000, -0.000000000000000000 ) ) ;
#3051 = DIRECTION ( 'NONE',  ( 4.440892098500626162E-15, 0.000000000000000000, 1.000000000000000000 ) ) ;
#3052 = FACE_OUTER_BOUND ( 'NONE', #2718, .T. ) ;
#3053 = EDGE_LOOP ( 'NONE', ( #1343, #2658, #2504, #4849 ) ) ;
#3054 = EDGE_LOOP ( 'NONE', ( #2329, #2493, #283, #5073, #6476, #1878, #711, #149 ) ) ;
#3055 = DATE_AND_TIME ( #6834, #3724 ) ;
#3056 = ORIENTED_EDGE ( 'NONE', *, *, #3572, .T. ) ;
#3057 = PERSON ( 'æœª', 'æœª', 'æœª', ('æœª'), ('æœª'), ('æœª') ) ;
#3058 = CARTESIAN_POINT ( 'NONE',  ( -35.28875145481997322, 5.999999999999996447, 27.21124854518001612 ) ) ;
#3059 = CIRCLE ( 'NONE', #2252, 1.399999999999998579 ) ;
#3060 = CARTESIAN_POINT ( 'NONE',  ( 23.37426216358582565, 10.80532437398380630, -14.63178679840767060 ) ) ;
#3061 = ADVANCED_FACE ( 'NONE', ( #792 ), #1810, .T. ) ;
#3062 = CARTESIAN_POINT ( 'NONE',  ( -31.25000000000031264, 5.499999999999991118, -31.24999999999967315 ) ) ;
#3063 = CARTESIAN_POINT ( 'NONE',  ( 14.92893218813452094, 0.5000000000000004441, 23.71354187896104904 ) ) ;
#3064 = ORIENTED_EDGE ( 'NONE', *, *, #4390, .T. ) ;
#3065 = ORIENTED_EDGE ( 'NONE', *, *, #2574, .F. ) ;
#3066 = AXIS2_PLACEMENT_3D ( 'NONE', #1421, #3781, #5348 ) ;
#3067 = CARTESIAN_POINT ( 'NONE',  ( -24.15796538018430439, 10.11107969344461743, 15.04256164352859848 ) ) ;
#3068 = CIRCLE ( 'NONE', #432, 10.00000000000000178 ) ;
#3069 = CARTESIAN_POINT ( 'NONE',  ( -23.00881502783351706, 10.92894955146049796, -13.89834002202951879 ) ) ;
#3070 = LINE ( 'NONE', #922, #5111 ) ;
#3071 = CARTESIAN_POINT ( 'NONE',  ( 25.13445638042134789, 9.507832020022238595, 16.34987834646143057 ) ) ;
#3072 =( BOUNDED_CURVE ( )  B_SPLINE_CURVE ( 3, ( #4995, #1664, #2679, #2242 ),
 .UNSPECIFIED., .F., .T. ) 
 B_SPLINE_CURVE_WITH_KNOTS ( ( 4, 4 ),
 ( 4.554237841769118944, 4.712388980384689674 ),
 .UNSPECIFIED. ) 
 CURVE ( )  GEOMETRIC_REPRESENTATION_ITEM ( )  RATIONAL_B_SPLINE_CURVE ( ( 1.000000000000000000, 0.9979167706456838483, 0.9979167706456838483, 1.000000000000000000 ) ) 
 REPRESENTATION_ITEM ( '' )  );
#3073 = VERTEX_POINT ( 'NONE', #1405 ) ;
#3074 = CIRCLE ( 'NONE', #209, 10.50000000000000178 ) ;
#3075 = CARTESIAN_POINT ( 'NONE',  ( 31.24999999999977973, 5.499999999999991118, -37.46165708246069670 ) ) ;
#3076 = VERTEX_POINT ( 'NONE', #831 ) ;
#3077 = CARTESIAN_POINT ( 'NONE',  ( 12.00000000000000178, -21.13582213160103151, 18.43908891458577060 ) ) ;
#3078 = VECTOR ( 'NONE', #1052, 1000.000000000000000 ) ;
#3079 = CARTESIAN_POINT ( 'NONE',  ( -25.42575222578549443, 15.99999999999999645, 34.21036191661200832 ) ) ;
#3080 = EDGE_CURVE ( 'NONE', #5966, #407, #3218, .T. ) ;
#3081 = ADVANCED_FACE ( 'NONE', ( #1939 ), #3680, .T. ) ;
#3082 = VECTOR ( 'NONE', #898, 1000.000000000000000 ) ;
#3083 = FACE_OUTER_BOUND ( 'NONE', #5731, .T. ) ;
#3084 = DIRECTION ( 'NONE',  ( -0.000000000000000000, 1.000000000000000000, -0.000000000000000000 ) ) ;
#3085 = EDGE_LOOP ( 'NONE', ( #761, #4305, #6388, #2066 ) ) ;
#3086 = AXIS2_PLACEMENT_3D ( 'NONE', #2925, #5119, #1776 ) ;
#3087 = CARTESIAN_POINT ( 'NONE',  ( 35.26527825794081394, 2.999999999999992450, -32.32589056660236082 ) ) ;
#3088 = FACE_OUTER_BOUND ( 'NONE', #2749, .T. ) ;
#3089 = CARTESIAN_POINT ( 'NONE',  ( 32.32589056660199134, 2.999999999999992450, 35.26527825794115500 ) ) ;
#3090 = VECTOR ( 'NONE', #2467, 1000.000000000000114 ) ;
#3091 = DIRECTION ( 'NONE',  ( 0.9659258262890684232, 4.336808689942096006E-17, -0.2588190451025204619 ) ) ;
#3092 = VECTOR ( 'NONE', #3993, 1000.000000000000000 ) ;
#3093 = CIRCLE ( 'NONE', #4, 10.50000000000000178 ) ;
#3094 = FACE_OUTER_BOUND ( 'NONE', #1642, .T. ) ;
#3095 = ORIENTED_EDGE ( 'NONE', *, *, #3708, .T. ) ;
#3096 = ORIENTED_EDGE ( 'NONE', *, *, #2083, .T. ) ;
#3097 = ORIENTED_EDGE ( 'NONE', *, *, #6725, .T. ) ;
#3098 = CARTESIAN_POINT ( 'NONE',  ( -13.43502884254437468, 3.499999999999999556, -12.03502884254442584 ) ) ;
#3099 = VECTOR ( 'NONE', #1351, 999.9999999999998863 ) ;
#3100 = CIRCLE ( 'NONE', #2528, 1.399999999999998579 ) ;
#3101 = CARTESIAN_POINT ( 'NONE',  ( 22.63199756729114753, 11.00000000000000355, -12.97463797758293502 ) ) ;
#3102 = AXIS2_PLACEMENT_3D ( 'NONE', #1662, #3850, #4963 ) ;
#3103 = DIRECTION ( 'NONE',  ( 0.000000000000000000, -1.000000000000000000, 0.000000000000000000 ) ) ;
#3104 = VECTOR ( 'NONE', #4698, 1000.000000000000000 ) ;
#3105 = CARTESIAN_POINT ( 'NONE',  ( -13.43502884254442620, 2.000000000000000000, 11.03502884254437610 ) ) ;
#3106 = ORIENTED_EDGE ( 'NONE', *, *, #2590, .F. ) ;
#3107 = ADVANCED_FACE ( 'NONE', ( #3770 ), #6400, .F. ) ;
#3108 = ORIENTED_EDGE ( 'NONE', *, *, #6572, .F. ) ;
#3109 = CONICAL_SURFACE ( 'NONE', #4936, 10.50000000000000178, 0.7853981633974482790 ) ;
#3110 = AXIS2_PLACEMENT_3D ( 'NONE', #3293, #968, #3155 ) ;
#3111 = CARTESIAN_POINT ( 'NONE',  ( 16.34987834646139859, 9.507832020022224384, -25.13445638042131947 ) ) ;
#3112 = CARTESIAN_POINT ( 'NONE',  ( 6.683212821753904187, 0.000000000000000000, -22.52963973034509593 ) ) ;
#3113 = CARTESIAN_POINT ( 'NONE',  ( 12.53977053546875986, 10.49999999999999467, -23.01690092346461469 ) ) ;
#3114 = AXIS2_PLACEMENT_3D ( 'NONE', #330, #4703, #1295 ) ;
#3115 = EDGE_LOOP ( 'NONE', ( #5882, #908 ) ) ;
#3116 = DIRECTION ( 'NONE',  ( -0.2588190451025237926, 4.336808689942096622E-17, -0.9659258262890675351 ) ) ;
#3117 = EDGE_LOOP ( 'NONE', ( #2595, #5262, #22, #6855, #5164, #5496 ) ) ;
#3118 = EDGE_CURVE ( 'NONE', #5201, #1176, #5976, .T. ) ;
#3119 = CARTESIAN_POINT ( 'NONE',  ( 23.94916689043878577, 10.22051378687201506, -14.69419902589448768 ) ) ;
#3120 = CIRCLE ( 'NONE', #5856, 6.211657082460492418 ) ;
#3121 = CARTESIAN_POINT ( 'NONE',  ( 15.88863270537030381, 10.39692620785911004, -24.16949739484926241 ) ) ;
#3122 = DIRECTION ( 'NONE',  ( 0.000000000000000000, -1.000000000000000000, 0.000000000000000000 ) ) ;
#3123 = CARTESIAN_POINT ( 'NONE',  ( 30.17410943339771734, 5.999999999999992895, -27.23472174205915053 ) ) ;
#3124 = EDGE_LOOP ( 'NONE', ( #419, #6197, #5571, #2603 ) ) ;
#3125 = ADVANCED_FACE ( 'NONE', ( #1546 ), #2049, .F. ) ;
#3126 = EDGE_CURVE ( 'NONE', #4292, #4253, #6701, .T. ) ;
#3127 = CIRCLE ( 'NONE', #2319, 10.00000000000000000 ) ;
#3128 = CARTESIAN_POINT ( 'NONE',  ( -25.52500669161252134, 9.296760541840598080, -16.74039700078601811 ) ) ;
#3129 = CARTESIAN_POINT ( 'NONE',  ( -23.37922164036518424, 10.80331176107949531, -14.64084367205002302 ) ) ;
#3130 = DIRECTION ( 'NONE',  ( 0.000000000000000000, 0.000000000000000000, 1.000000000000000000 ) ) ;
#3131 = DIRECTION ( 'NONE',  ( 0.000000000000000000, 0.000000000000000000, 1.000000000000000000 ) ) ;
#3132 = CIRCLE ( 'NONE', #39, 6.211657082460495971 ) ;
#3133 = CARTESIAN_POINT ( 'NONE',  ( 31.24999999999977973, 5.999999999999996447, -31.25000000000020250 ) ) ;
#3134 = ORIENTED_EDGE ( 'NONE', *, *, #424, .F. ) ;
#3135 = ORIENTED_EDGE ( 'NONE', *, *, #6548, .F. ) ;
#3136 = DIRECTION ( 'NONE',  ( 0.000000000000000000, 0.000000000000000000, 1.000000000000000000 ) ) ;
#3137 = AXIS2_PLACEMENT_3D ( 'NONE', #231, #6672, #1301 ) ;
#3138 = CARTESIAN_POINT ( 'NONE',  ( 0.000000000000000000, 0.000000000000000000, 0.000000000000000000 ) ) ;
#3139 = FACE_OUTER_BOUND ( 'NONE', #5547, .T. ) ;
#3140 = EDGE_CURVE ( 'NONE', #3600, #6513, #4684, .T. ) ;
#3141 = DIRECTION ( 'NONE',  ( 1.000000000000000000, 0.000000000000000000, 0.000000000000000000 ) ) ;
#3142 = ORIENTED_EDGE ( 'NONE', *, *, #6572, .T. ) ;
#3143 = ORIENTED_EDGE ( 'NONE', *, *, #6628, .F. ) ;
#3144 = ADVANCED_FACE ( 'NONE', ( #2592 ), #5842, .T. ) ;
#3145 = DIRECTION ( 'NONE',  ( -3.304235192336773145E-15, 0.000000000000000000, 1.000000000000000000 ) ) ;
#3146 = AXIS2_PLACEMENT_3D ( 'NONE', #2785, #6650, #139 ) ;
#3147 = LINE ( 'NONE', #1423, #34 ) ;
#3148 = ORIENTED_EDGE ( 'NONE', *, *, #1251, .F. ) ;
#3149 = CARTESIAN_POINT ( 'NONE',  ( 31.24999999999977973, 2.999999999999995559, -33.35000000000020037 ) ) ;
#3150 = VERTEX_POINT ( 'NONE', #974 ) ;
#3151 = EDGE_LOOP ( 'NONE', ( #1598, #6488, #3108, #5165 ) ) ;
#3152 = CARTESIAN_POINT ( 'NONE',  ( 12.93933982822018436, 11.00000000000000000, 21.01684273786015922 ) ) ;
#3153 = CYLINDRICAL_SURFACE ( 'NONE', #3176, 23.99999999999999645 ) ;
#3154 = FACE_OUTER_BOUND ( 'NONE', #3615, .T. ) ;
#3155 = DIRECTION ( 'NONE',  ( -0.7071067811865380248, 0.000000000000000000, 0.7071067811865571207 ) ) ;
#3156 = EDGE_LOOP ( 'NONE', ( #2883, #5792, #1477, #2470 ) ) ;
#3157 = CARTESIAN_POINT ( 'NONE',  ( 25.04652052532683015, 9.564752403294241034, -16.22715371527693407 ) ) ;
#3158 = DIRECTION ( 'NONE',  ( 0.000000000000000000, 0.000000000000000000, 1.000000000000000000 ) ) ;
#3159 = LINE ( 'NONE', #5337, #2887 ) ;
#3160 = CARTESIAN_POINT ( 'NONE',  ( 4.392304845413264935, 47.00822076650859316, -4.392304845413264047 ) ) ;
#3161 = ADVANCED_FACE ( 'NONE', ( #5944 ), #476, .T. ) ;
#3162 = DIRECTION ( 'NONE',  ( 0.2588190451025208505, 2.086548053801610149E-16, 0.9659258262890683122 ) ) ;
#3163 = PLANE ( 'NONE',  #3338 ) ;
#3164 = ORIENTED_EDGE ( 'NONE', *, *, #3713, .T. ) ;
#3165 = ORIENTED_EDGE ( 'NONE', *, *, #6384, .F. ) ;
#3166 = B_SPLINE_SURFACE_WITH_KNOTS ( 'NONE', 1, 3, ( 
 ( #2510, #3552, #2360, #5649 ),
 ( #5121, #1395, #3041, #3007 ) ),
 .UNSPECIFIED., .F., .F., .F.,
 ( 2, 2 ),
 ( 4, 4 ),
 ( 0.000000000000000000, 1.000000000000000000 ),
 ( 4.546699701560208418, 4.712388980384710102 ),
 .UNSPECIFIED. ) ;
#3167 = CARTESIAN_POINT ( 'NONE',  ( -13.43502884254437468, 2.000000000000000000, -12.03502884254442584 ) ) ;
#3168 = FACE_OUTER_BOUND ( 'NONE', #6375, .T. ) ;
#3169 = EDGE_CURVE ( 'NONE', #3671, #1067, #1046, .T. ) ;
#3170 = EDGE_CURVE ( 'NONE', #3685, #3453, #6966, .T. ) ;
#3171 = LINE ( 'NONE', #1522, #1579 ) ;
#3172 = DIRECTION ( 'NONE',  ( -0.000000000000000000, -1.000000000000000000, -0.000000000000000000 ) ) ;
#3173 = VECTOR ( 'NONE', #6814, 1000.000000000000114 ) ;
#3174 = VERTEX_POINT ( 'NONE', #5907 ) ;
#3175 = DIRECTION ( 'NONE',  ( 0.7071067811865479058, 0.000000000000000000, -0.7071067811865472397 ) ) ;
#3176 = AXIS2_PLACEMENT_3D ( 'NONE', #394, #1429, #1536 ) ;
#3177 = CARTESIAN_POINT ( 'NONE',  ( 27.70540201526686985, 5.999999999999994671, 31.93071212713079987 ) ) ;
#3178 = AXIS2_PLACEMENT_3D ( 'NONE', #194, #6642, #238 ) ;
#3179 = CARTESIAN_POINT ( 'NONE',  ( 13.26849589601468971, 10.47246590716971326, -23.26596269565105857 ) ) ;
#3180 = APPROVAL ( #339, 'æœª' ) ;
#3181 = ORIENTED_EDGE ( 'NONE', *, *, #6216, .T. ) ;
#3182 = LINE ( 'NONE', #6387, #217 ) ;
#3183 = VERTEX_POINT ( 'NONE', #3199 ) ;
#3184 = CIRCLE ( 'NONE', #3640, 2.000000000000001776 ) ;
#3185 = ORIENTED_EDGE ( 'NONE', *, *, #6978, .T. ) ;
#3186 = LINE ( 'NONE', #5366, #2728 ) ;
#3187 = AXIS2_PLACEMENT_3D ( 'NONE', #345, #2489, #5886 ) ;
#3188 = DIRECTION ( 'NONE',  ( -0.000000000000000000, -1.000000000000000000, -0.000000000000000000 ) ) ;
#3189 = CARTESIAN_POINT ( 'NONE',  ( -12.58578643762690419, 47.00822076650859316, 21.37039612845342873 ) ) ;
#3190 = AXIS2_PLACEMENT_3D ( 'NONE', #653, #1303, #5105 ) ;
#3191 = EDGE_CURVE ( 'NONE', #2185, #1586, #2692, .T. ) ;
#3192 = EDGE_CURVE ( 'NONE', #6230, #1736, #5018, .T. ) ;
#3193 = FACE_OUTER_BOUND ( 'NONE', #6873, .T. ) ;
#3194 = ORIENTED_EDGE ( 'NONE', *, *, #495, .T. ) ;
#3195 = AXIS2_PLACEMENT_3D ( 'NONE', #3906, #182, #3481 ) ;
#3196 = CARTESIAN_POINT ( 'NONE',  ( 24.53248557872858626, 5.999999999999996447, -32.60998848836853625 ) ) ;
#3197 = AXIS2_PLACEMENT_3D ( 'NONE', #2870, #1827, #4984 ) ;
#3198 = LINE ( 'NONE', #5377, #4955 ) ;
#3199 = CARTESIAN_POINT ( 'NONE',  ( -32.32589056660199134, 5.999999999999992006, -35.26527825794115500 ) ) ;
#3200 = CARTESIAN_POINT ( 'NONE',  ( 0.000000000000000000, 10.49999999999999467, 0.000000000000000000 ) ) ;
#3201 = VECTOR ( 'NONE', #6010, 1000.000000000000114 ) ;
#3202 = CARTESIAN_POINT ( 'NONE',  ( 15.28249824382751676, 10.62977547579896687, -23.75705457764299311 ) ) ;
#3203 = ORIENTED_EDGE ( 'NONE', *, *, #1834, .F. ) ;
#3204 = VERTEX_POINT ( 'NONE', #2896 ) ;
#3205 = VECTOR ( 'NONE', #5088, 1000.000000000000000 ) ;
#3206 = ORIENTED_EDGE ( 'NONE', *, *, #4242, .F. ) ;
#3207 = CARTESIAN_POINT ( 'NONE',  ( -12.97463797756807402, 11.00000000000000355, -22.63199756728636558 ) ) ;
#3208 = ADVANCED_FACE ( 'NONE', ( #1137 ), #572, .F. ) ;
#3209 = CARTESIAN_POINT ( 'NONE',  ( 14.15591150561059131, 2.999999999999997780, 22.94052119643711762 ) ) ;
#3210 = VECTOR ( 'NONE', #1276, 1000.000000000000114 ) ;
#3211 = CARTESIAN_POINT ( 'NONE',  ( 16.74039700078600745, 9.296760541840543013, -25.52500669161252489 ) ) ;
#3212 = DIRECTION ( 'NONE',  ( -0.000000000000000000, 1.000000000000000000, -0.000000000000000000 ) ) ;
#3213 = VERTEX_POINT ( 'NONE', #3927 ) ;
#3214 = VERTEX_POINT ( 'NONE', #3300 ) ;
#3215 = EDGE_CURVE ( 'NONE', #3000, #5444, #3537, .T. ) ;
#3216 = ADVANCED_FACE ( 'NONE', ( #5509 ), #6378, .F. ) ;
#3217 = PLANE ( 'NONE',  #4477 ) ;
#3218 = B_SPLINE_CURVE_WITH_KNOTS ( 'NONE', 3,
 ( #1866, #4739, #5239, #1897 ),
 .UNSPECIFIED., .F., .F.,
 ( 4, 4 ),
 ( 0.000000000000000000, 0.003240370349203922518 ),
 .UNSPECIFIED. ) ;
#3219 = DIRECTION ( 'NONE',  ( -0.000000000000000000, -1.000000000000000000, -0.000000000000000000 ) ) ;
#3220 = AXIS2_PLACEMENT_3D ( 'NONE', #6362, #2594, #4706 ) ;
#3221 = CYLINDRICAL_SURFACE ( 'NONE', #4729, 6.211657082460492418 ) ;
#3222 = ORIENTED_EDGE ( 'NONE', *, *, #6074, .F. ) ;
#3223 = CARTESIAN_POINT ( 'NONE',  ( 35.26527825794179449, 2.999999999999992450, 32.32589056660133764 ) ) ;
#3224 = ORIENTED_EDGE ( 'NONE', *, *, #772, .F. ) ;
#3225 = ORIENTED_EDGE ( 'NONE', *, *, #4701, .T. ) ;
#3226 = PLANE ( 'NONE',  #1006 ) ;
#3227 = CARTESIAN_POINT ( 'NONE',  ( 25.17145330101925538, 0.000000000000000000, 17.09395039137927697 ) ) ;
#3228 = ADVANCED_FACE ( 'NONE', ( #5475 ), #448, .T. ) ;
#3229 = DIRECTION ( 'NONE',  ( -0.000000000000000000, -1.000000000000000000, -0.000000000000000000 ) ) ;
#3230 = ORIENTED_EDGE ( 'NONE', *, *, #3768, .T. ) ;
#3231 = EDGE_CURVE ( 'NONE', #4632, #1845, #4976, .T. ) ;
#3232 = VECTOR ( 'NONE', #4902, 999.9999999999998863 ) ;
#3233 = DIRECTION ( 'NONE',  ( -0.7071067811865470176, 0.000000000000000000, 0.7071067811865479058 ) ) ;
#3234 = VECTOR ( 'NONE', #899, 1000.000000000000000 ) ;
#3235 = CARTESIAN_POINT ( 'NONE',  ( -22.53794224446397010, 11.00000000000000000, -12.68329260279625181 ) ) ;
#3236 = DIRECTION ( 'NONE',  ( 0.6644630243886762155, -0.3420201433256629397, -0.6644630243886761045 ) ) ;
#3237 = DIRECTION ( 'NONE',  ( 0.000000000000000000, 0.000000000000000000, -1.000000000000000000 ) ) ;
#3238 = DIRECTION ( 'NONE',  ( 0.000000000000000000, 0.000000000000000000, -1.000000000000000000 ) ) ;
#3239 = ORIENTED_EDGE ( 'NONE', *, *, #1910, .F. ) ;
#3240 = ORIENTED_EDGE ( 'NONE', *, *, #5187, .F. ) ;
#3241 = AXIS2_PLACEMENT_3D ( 'NONE', #3838, #1107, #2928 ) ;
#3242 = ORIENTED_EDGE ( 'NONE', *, *, #5887, .T. ) ;
#3243 = FACE_OUTER_BOUND ( 'NONE', #197, .T. ) ;
#3244 = CARTESIAN_POINT ( 'NONE',  ( -15.26491273214910471, 10.02542774068883880, -24.30405893058832945 ) ) ;
#3245 = CIRCLE ( 'NONE', #3699, 6.211657082460495971 ) ;
#3246 = VECTOR ( 'NONE', #1715, 1000.000000000000000 ) ;
#3247 = CARTESIAN_POINT ( 'NONE',  ( -4.392304845413264935, 0.5000000000000004441, -4.392304845413268488 ) ) ;
#3248 = EDGE_CURVE ( 'NONE', #759, #2175, #1127, .T. ) ;
#3249 = DIRECTION ( 'NONE',  ( 0.000000000000000000, -1.000000000000000000, 0.000000000000000000 ) ) ;
#3250 = ORIENTED_EDGE ( 'NONE', *, *, #3905, .F. ) ;
#3251 = AXIS2_PLACEMENT_3D ( 'NONE', #5229, #744, #2472 ) ;
#3252 = ORIENTED_EDGE ( 'NONE', *, *, #6227, .F. ) ;
#3253 = CARTESIAN_POINT ( 'NONE',  ( 31.25000000000010303, 47.00822076650859316, 29.14999999999988489 ) ) ;
#3254 = DIRECTION ( 'NONE',  ( 0.000000000000000000, -1.000000000000000000, 0.000000000000000000 ) ) ;
#3255 = CARTESIAN_POINT ( 'NONE',  ( -22.37897910416474900, 11.00000000000000000, -12.84225574309547646 ) ) ;
#3256 = CARTESIAN_POINT ( 'NONE',  ( 25.42575222578546956, 5.499999999999992895, -34.21036191661197989 ) ) ;
#3257 = ADVANCED_FACE ( 'NONE', ( #2292 ), #3767, .F. ) ;
#3258 = CARTESIAN_POINT ( 'NONE',  ( 34.18938769133919209, 5.999999999999992895, -28.31061230866085765 ) ) ;
#3259 = EDGE_LOOP ( 'NONE', ( #773, #5077, #4648, #6497 ) ) ;
#3260 = ORIENTED_EDGE ( 'NONE', *, *, #158, .T. ) ;
#3261 = DIRECTION ( 'NONE',  ( -0.7071067811865477948, 0.000000000000000000, 0.7071067811865472397 ) ) ;
#3262 = LINE ( 'NONE', #529, #1485 ) ;
#3263 = ADVANCED_FACE ( 'NONE', ( #108 ), #634, .T. ) ;
#3264 = DIRECTION ( 'NONE',  ( 0.9659258262890683122, 0.000000000000000000, 0.2588190451025207950 ) ) ;
#3265 = ORIENTED_EDGE ( 'NONE', *, *, #1560, .T. ) ;
#3266 = CARTESIAN_POINT ( 'NONE',  ( 0.000000000000000000, 2.999999999999995559, 0.000000000000000000 ) ) ;
#3267 = EDGE_CURVE ( 'NONE', #1492, #1057, #6656, .T. ) ;
#3268 = CARTESIAN_POINT ( 'NONE',  ( 23.19394125873634138, 10.48545862374673199, 13.07589611252285344 ) ) ;
#3269 = CARTESIAN_POINT ( 'NONE',  ( 22.91203910040461267, 10.95378856460093253, -13.68168154516092549 ) ) ;
#3270 = FACE_OUTER_BOUND ( 'NONE', #3736, .T. ) ;
#3271 = DIRECTION ( 'NONE',  ( -1.000000000000000000, 0.000000000000000000, 0.000000000000000000 ) ) ;
#3272 = ORIENTED_EDGE ( 'NONE', *, *, #3999, .T. ) ;
#3273 = ORIENTED_EDGE ( 'NONE', *, *, #1279, .T. ) ;
#3274 = CARTESIAN_POINT ( 'NONE',  ( -31.25000000000000000, 0.5000000000000004441, 37.46165708246048354 ) ) ;
#3275 = EDGE_CURVE ( 'NONE', #1434, #6987, #1098, .T. ) ;
#3276 = LINE ( 'NONE', #2132, #941 ) ;
#3277 = CARTESIAN_POINT ( 'NONE',  ( -12.00000000000000000, 10.49999999999999822, 19.95618256608032937 ) ) ;
#3278 = CARTESIAN_POINT ( 'NONE',  ( -31.25000000000031264, 47.00822076650859316, -31.24999999999967315 ) ) ;
#3279 = ORIENTED_EDGE ( 'NONE', *, *, #962, .T. ) ;
#3280 = ADVANCED_FACE ( 'NONE', ( #2861 ), #6103, .F. ) ;
#3281 = VERTEX_POINT ( 'NONE', #70 ) ;
#3282 = DIRECTION ( 'NONE',  ( 0.5000000000000108802, -0.7071067811865251462, -0.5000000000000206501 ) ) ;
#3283 = DIRECTION ( 'NONE',  ( 0.000000000000000000, 0.000000000000000000, -1.000000000000000000 ) ) ;
#3284 = B_SPLINE_SURFACE_WITH_KNOTS ( 'NONE', 1, 3, ( 
 ( #3682, #1962, #4142, #5123 ),
 ( #6446, #3071, #6744, #6319 ) ),
 .UNSPECIFIED., .F., .F., .F.,
 ( 2, 2 ),
 ( 4, 4 ),
 ( 0.000000000000000000, 1.000000000000000000 ),
 ( 1.570796326794907216, 1.736485605619424666 ),
 .UNSPECIFIED. ) ;
#3285 = LINE ( 'NONE', #555, #4318 ) ;
#3286 = CARTESIAN_POINT ( 'NONE',  ( 0.000000000000000000, 0.000000000000000000, 20.28460969082652809 ) ) ;
#3287 = ORIENTED_EDGE ( 'NONE', *, *, #989, .F. ) ;
#3288 = ORIENTED_EDGE ( 'NONE', *, *, #158, .F. ) ;
#3289 = CARTESIAN_POINT ( 'NONE',  ( 31.25000000000010303, 2.999999999999995559, 31.24999999999988631 ) ) ;
#3290 = EDGE_CURVE ( 'NONE', #4863, #2792, #5025, .T. ) ;
#3291 = DIRECTION ( 'NONE',  ( 0.000000000000000000, -1.000000000000000000, 0.000000000000000000 ) ) ;
#3292 = LINE ( 'NONE', #1199, #1600 ) ;
#3293 = CARTESIAN_POINT ( 'NONE',  ( -67.28071415365965890, 15.99999999999999645, -7.644600011261022843 ) ) ;
#3294 = ORIENTED_EDGE ( 'NONE', *, *, #1028, .T. ) ;
#3295 = AXIS2_PLACEMENT_3D ( 'NONE', #183, #4011, #790 ) ;
#3296 = CARTESIAN_POINT ( 'NONE',  ( 24.97164385520409979, 9.608577256736754890, -16.13988293902612270 ) ) ;
#3297 = ADVANCED_FACE ( 'NONE', ( #6138 ), #678, .F. ) ;
#3298 = EDGE_CURVE ( 'NONE', #5319, #1445, #4992, .T. ) ;
#3299 = CARTESIAN_POINT ( 'NONE',  ( -25.42575222578557970, 5.499999999999987566, -34.21036191661212200 ) ) ;
#3300 = CARTESIAN_POINT ( 'NONE',  ( 31.25000000000010303, 2.999999999999995559, 33.34999999999988773 ) ) ;
#3301 = DIRECTION ( 'NONE',  ( 0.7071067811865479058, 0.000000000000000000, -0.7071067811865472397 ) ) ;
#3302 = CARTESIAN_POINT ( 'NONE',  ( 13.00645523430584483, 10.48911326289914925, -23.16906556156673247 ) ) ;
#3303 = VERTEX_POINT ( 'NONE', #6558 ) ;
#3304 = ORIENTED_EDGE ( 'NONE', *, *, #919, .F. ) ;
#3305 = EDGE_CURVE ( 'NONE', #4863, #1605, #5671, .T. ) ;
#3306 = AXIS2_PLACEMENT_3D ( 'NONE', #3944, #6674, #1907 ) ;
#3307 = ADVANCED_BREP_SHAPE_REPRESENTATION ( '\X2\7535673a540e76d6ff0895427a7aff09\X0\', ( #6124, #606 ), #2567 ) ;
#3308 = AXIS2_PLACEMENT_3D ( 'NONE', #1756, #3354, #3938 ) ;
#3309 = CARTESIAN_POINT ( 'NONE',  ( -32.32589056660121685, 2.999999999999992450, 35.26527825794190818 ) ) ;
#3310 = CARTESIAN_POINT ( 'NONE',  ( -13.77783291011606970, 10.41764865855491706, -23.47722484770863716 ) ) ;
#3311 = APPROVAL ( #1442, 'æœª' ) ;
#3312 = LINE ( 'NONE', #4442, #2271 ) ;
#3313 = VECTOR ( 'NONE', #2075, 1000.000000000000114 ) ;
#3314 = AXIS2_PLACEMENT_3D ( 'NONE', #1822, #5621, #5020 ) ;
#3315 = CIRCLE ( 'NONE', #6833, 2.100000000000000977 ) ;
#3316 = DIRECTION ( 'NONE',  ( 0.000000000000000000, 0.000000000000000000, -1.000000000000000000 ) ) ;
#3317 = VERTEX_POINT ( 'NONE', #715 ) ;
#3318 = ORIENTED_EDGE ( 'NONE', *, *, #6994, .F. ) ;
#3319 = AXIS2_PLACEMENT_3D ( 'NONE', #3266, #5439, #2848 ) ;
#3320 = AXIS2_PLACEMENT_3D ( 'NONE', #3952, #6097, #5538 ) ;
#3321 = FACE_BOUND ( 'NONE', #6024, .T. ) ;
#3322 = FACE_OUTER_BOUND ( 'NONE', #3156, .T. ) ;
#3323 = LINE ( 'NONE', #58, #383 ) ;
#3324 = CIRCLE ( 'NONE', #915, 10.00000000000000355 ) ;
#3325 = AXIS2_PLACEMENT_3D ( 'NONE', #3947, #130, #2313 ) ;
#3326 = EDGE_CURVE ( 'NONE', #1671, #6418, #5231, .T. ) ;
#3327 = VERTEX_POINT ( 'NONE', #4653 ) ;
#3328 = EDGE_LOOP ( 'NONE', ( #585, #6127 ) ) ;
#3329 = ORIENTED_EDGE ( 'NONE', *, *, #2214, .F. ) ;
#3330 = CIRCLE ( 'NONE', #4926, 2.099999999999997868 ) ;
#3331 = ADVANCED_FACE ( 'NONE', ( #5199 ), #3166, .T. ) ;
#3332 = LINE ( 'NONE', #2752, #2721 ) ;
#3333 = DIRECTION ( 'NONE',  ( 0.000000000000000000, -1.000000000000000000, 0.000000000000000000 ) ) ;
#3334 = AXIS2_PLACEMENT_3D ( 'NONE', #4672, #2488, #6718 ) ;
#3335 = LINE ( 'NONE', #1165, #2850 ) ;
#3336 = EDGE_CURVE ( 'NONE', #5505, #4419, #3619, .T. ) ;
#3337 = ORIENTED_EDGE ( 'NONE', *, *, #2893, .F. ) ;
#3338 = AXIS2_PLACEMENT_3D ( 'NONE', #4876, #6560, #539 ) ;
#3339 = LINE ( 'NONE', #602, #5477 ) ;
#3340 = VECTOR ( 'NONE', #1113, 1000.000000000000000 ) ;
#3341 = CARTESIAN_POINT ( 'NONE',  ( 24.96226854643766657, 9.614100602465358136, 16.12881948533055976 ) ) ;
#3342 = DIRECTION ( 'NONE',  ( 0.7071067811865472397, 0.000000000000000000, 0.7071067811865477948 ) ) ;
#3343 = FACE_OUTER_BOUND ( 'NONE', #5998, .T. ) ;
#3344 = DIRECTION ( 'NONE',  ( 0.2588190451025199623, -4.336808689941948094E-17, -0.9659258262890685343 ) ) ;
#3345 = ADVANCED_FACE ( 'NONE', ( #4541 ), #1890, .T. ) ;
#3346 = ADVANCED_FACE ( 'NONE', ( #6815 ), #6325, .F. ) ;
#3347 = ORIENTED_EDGE ( 'NONE', *, *, #1633, .T. ) ;
#3348 = ORIENTED_EDGE ( 'NONE', *, *, #5761, .F. ) ;
#3349 = AXIS2_PLACEMENT_3D ( 'NONE', #2934, #1403, #6868 ) ;
#3350 = CONICAL_SURFACE ( 'NONE', #2763, 23.49999999999999645, 0.7853981633974447263 ) ;
#3351 = DIRECTION ( 'NONE',  ( 0.7071067811865472397, 0.000000000000000000, 0.7071067811865479058 ) ) ;
#3352 = DIRECTION ( 'NONE',  ( -0.000000000000000000, -1.000000000000000000, -0.000000000000000000 ) ) ;
#3353 = DIRECTION ( 'NONE',  ( 1.000000000000000000, 0.000000000000000000, 0.000000000000000000 ) ) ;
#3354 = DIRECTION ( 'NONE',  ( 0.000000000000000000, -1.000000000000000000, 0.000000000000000000 ) ) ;
#3355 = FACE_OUTER_BOUND ( 'NONE', #1412, .T. ) ;
#3356 = ORIENTED_EDGE ( 'NONE', *, *, #6129, .T. ) ;
#3357 = VERTEX_POINT ( 'NONE', #290 ) ;
#3358 = EDGE_LOOP ( 'NONE', ( #3294, #3011, #1726, #3601, #1869, #6018 ) ) ;
#3359 = DIRECTION ( 'NONE',  ( -0.000000000000000000, -1.000000000000000000, -0.000000000000000000 ) ) ;
#3360 = EDGE_CURVE ( 'NONE', #748, #6523, #4697, .T. ) ;
#3361 = DIRECTION ( 'NONE',  ( 0.000000000000000000, 0.000000000000000000, -1.000000000000000000 ) ) ;
#3362 = DIRECTION ( 'NONE',  ( 0.000000000000000000, 0.000000000000000000, 1.000000000000000000 ) ) ;
#3363 = EDGE_CURVE ( 'NONE', #5872, #30, #788, .T. ) ;
#3364 = VERTEX_POINT ( 'NONE', #321 ) ;
#3365 = ORIENTED_EDGE ( 'NONE', *, *, #2355, .F. ) ;
#3366 = ORIENTED_EDGE ( 'NONE', *, *, #4700, .F. ) ;
#3367 = DIRECTION ( 'NONE',  ( 0.000000000000000000, -1.000000000000000000, 0.000000000000000000 ) ) ;
#3368 = CARTESIAN_POINT ( 'NONE',  ( 4.000000000000000000, 2.000000000000000000, 0.000000000000000000 ) ) ;
#3369 = DIRECTION ( 'NONE',  ( 0.2588190451025304539, 4.336808689942096622E-17, 0.9659258262890657587 ) ) ;
#3370 = EDGE_LOOP ( 'NONE', ( #5458, #6738, #5675, #875, #3064, #4475 ) ) ;
#3371 = CARTESIAN_POINT ( 'NONE',  ( 35.26527825794081394, 2.999999999999992450, -32.32589056660236082 ) ) ;
#3372 = DIRECTION ( 'NONE',  ( 0.7071067811865474617, 0.000000000000000000, 0.7071067811865476838 ) ) ;
#3373 = CARTESIAN_POINT ( 'NONE',  ( 0.000000000000000000, 0.5000000000000004441, 0.000000000000000000 ) ) ;
#3374 = LINE ( 'NONE', #2293, #1639 ) ;
#3375 = CARTESIAN_POINT ( 'NONE',  ( -24.92116906381958330, 9.638404495885922074, -16.07998089872976166 ) ) ;
#3376 = ORIENTED_EDGE ( 'NONE', *, *, #4624, .T. ) ;
#3377 = VERTEX_POINT ( 'NONE', #1968 ) ;
#3378 = DIRECTION ( 'NONE',  ( 0.000000000000000000, -1.000000000000000000, 0.000000000000000000 ) ) ;
#3379 = ADVANCED_FACE ( 'NONE', ( #745 ), #1364, .F. ) ;
#3380 = CARTESIAN_POINT ( 'NONE',  ( 7.857864376269049878, 2.999999999999999112, 30.78460969082652454 ) ) ;
#3381 = DIRECTION ( 'NONE',  ( 0.7071067811865475727, 0.000000000000000000, 0.7071067811865475727 ) ) ;
#3382 = DIRECTION ( 'NONE',  ( -0.7071067811865545671, 0.000000000000000000, -0.7071067811865403563 ) ) ;
#3383 = ORIENTED_EDGE ( 'NONE', *, *, #660, .F. ) ;
#3384 = ORIENTED_EDGE ( 'NONE', *, *, #2447, .T. ) ;
#3385 = DIRECTION ( 'NONE',  ( -0.000000000000000000, -1.000000000000000000, -0.000000000000000000 ) ) ;
#3386 = ORIENTED_EDGE ( 'NONE', *, *, #5837, .T. ) ;
#3387 = DIRECTION ( 'NONE',  ( 0.000000000000000000, 0.000000000000000000, -1.000000000000000000 ) ) ;
#3388 = EDGE_CURVE ( 'NONE', #1067, #835, #3476, .T. ) ;
#3389 = PLANE ( 'NONE',  #4356 ) ;
#3390 = ADVANCED_FACE ( 'NONE', ( #6743 ), #4343, .F. ) ;
#3391 = FACE_OUTER_BOUND ( 'NONE', #1499, .T. ) ;
#3392 = DIRECTION ( 'NONE',  ( 0.000000000000000000, 0.000000000000000000, 1.000000000000000000 ) ) ;
#3393 = VERTEX_POINT ( 'NONE', #1856 ) ;
#3394 = ORIENTED_EDGE ( 'NONE', *, *, #4157, .T. ) ;
#3395 = DIRECTION ( 'NONE',  ( -0.000000000000000000, -1.000000000000000000, -0.000000000000000000 ) ) ;
#3396 = CARTESIAN_POINT ( 'NONE',  ( -4.677124344467690875, 2.000000000000000000, 20.28460969082651033 ) ) ;
#3397 = DIRECTION ( 'NONE',  ( 0.6644630243886761045, -0.3420201433256629397, 0.6644630243886761045 ) ) ;
#3398 = CARTESIAN_POINT ( 'NONE',  ( -24.45559879876122267, 9.927079897466155600, 15.47731122237379253 ) ) ;
#3399 = VERTEX_POINT ( 'NONE', #5766 ) ;
#3400 = CARTESIAN_POINT ( 'NONE',  ( 22.52963973034508527, 0.000000000000000000, 6.683212821753899746 ) ) ;
#3401 = CARTESIAN_POINT ( 'NONE',  ( 23.87497759220346083, 10.26770289654002077, 14.59403358002703932 ) ) ;
#3402 = DIRECTION ( 'NONE',  ( -0.2588190451025106920, 0.000000000000000000, 0.9659258262890710878 ) ) ;
#3403 = EDGE_CURVE ( 'NONE', #6513, #6651, #6181, .T. ) ;
#3404 = VECTOR ( 'NONE', #360, 1000.000000000000114 ) ;
#3405 = DIRECTION ( 'NONE',  ( -0.000000000000000000, -1.000000000000000000, -0.000000000000000000 ) ) ;
#3406 = CARTESIAN_POINT ( 'NONE',  ( 14.50972193821223577, 10.83099601511110599, -23.30869734884273470 ) ) ;
#3407 = ORIENTED_EDGE ( 'NONE', *, *, #6466, .F. ) ;
#3408 = ORIENTED_EDGE ( 'NONE', *, *, #730, .T. ) ;
#3409 = EDGE_CURVE ( 'NONE', #698, #2135, #4042, .T. ) ;
#3410 = CIRCLE ( 'NONE', #4090, 2.100000000000000977 ) ;
#3411 = CARTESIAN_POINT ( 'NONE',  ( -24.16949739484930504, 10.39692620785910648, -15.88863270537035888 ) ) ;
#3412 = VECTOR ( 'NONE', #722, 1000.000000000000000 ) ;
#3413 = AXIS2_PLACEMENT_3D ( 'NONE', #1449, #949, #5814 ) ;
#3414 = CARTESIAN_POINT ( 'NONE',  ( -25.29237568234324840, 9.766606852233570280, 17.21487277270326999 ) ) ;
#3415 = CARTESIAN_POINT ( 'NONE',  ( -26.85769515458673595, 5.499999999999991118, 35.64230484541324984 ) ) ;
#3416 = DIRECTION ( 'NONE',  ( -0.6644630243886764376, 0.3420201433256629397, 0.6644630243886757714 ) ) ;
#3417 = VECTOR ( 'NONE', #1763, 999.9999999999998863 ) ;
#3418 = CARTESIAN_POINT ( 'NONE',  ( 15.88863270537030381, 10.39692620785911004, -24.16949739484926241 ) ) ;
#3419 = ORIENTED_EDGE ( 'NONE', *, *, #2072, .T. ) ;
#3420 = ORIENTED_EDGE ( 'NONE', *, *, #1182, .T. ) ;
#3421 = CIRCLE ( 'NONE', #329, 1.500000000000001332 ) ;
#3422 = FACE_OUTER_BOUND ( 'NONE', #5563, .T. ) ;
#3423 = VERTEX_POINT ( 'NONE', #2969 ) ;
#3424 = CARTESIAN_POINT ( 'NONE',  ( -24.50629134055928660, 10.18874678450000815, -16.36072403709244227 ) ) ;
#3425 = CIRCLE ( 'NONE', #4218, 23.49999999999999645 ) ;
#3426 = CARTESIAN_POINT ( 'NONE',  ( 33.85680852601887381, 5.999999999999996447, -25.77930561637890960 ) ) ;
#3427 = CARTESIAN_POINT ( 'NONE',  ( -23.05797818565142521, 10.49999973293677513, -12.67685266925013821 ) ) ;
#3428 = AXIS2_PLACEMENT_3D ( 'NONE', #3077, #4148, #2505 ) ;
#3429 = EDGE_CURVE ( 'NONE', #5392, #5966, #4225, .T. ) ;
#3430 = ORIENTED_EDGE ( 'NONE', *, *, #1181, .F. ) ;
#3431 = VERTEX_POINT ( 'NONE', #4074 ) ;
#3432 = LINE ( 'NONE', #2690, #6381 ) ;
#3433 = CARTESIAN_POINT ( 'NONE',  ( 12.00000000000000178, 3.499999999999999556, 19.95618256608033647 ) ) ;
#3434 = DIRECTION ( 'NONE',  ( 0.7071067811865405783, -0.000000000000000000, -0.7071067811865544561 ) ) ;
#3435 = LINE ( 'NONE', #2286, #1940 ) ;
#3436 = ORIENTED_EDGE ( 'NONE', *, *, #5722, .F. ) ;
#3437 = LINE ( 'NONE', #175, #794 ) ;
#3438 = CARTESIAN_POINT ( 'NONE',  ( -15.36964531389260458, 9.976932887946782458, -24.37878265948578260 ) ) ;
#3439 = DIRECTION ( 'NONE',  ( 5.286776307738840030E-15, 0.000000000000000000, 1.000000000000000000 ) ) ;
#3440 = CARTESIAN_POINT ( 'NONE',  ( 14.00000000000000355, 10.99999999999999645, 19.95618256608033647 ) ) ;
#3441 = VECTOR ( 'NONE', #6464, 1000.000000000000000 ) ;
#3442 = CARTESIAN_POINT ( 'NONE',  ( 13.68855030297329556, 10.95231741118020707, -22.91581912382121544 ) ) ;
#3443 = EDGE_LOOP ( 'NONE', ( #375, #3464, #4512, #3613 ) ) ;
#3444 = EDGE_CURVE ( 'NONE', #963, #1375, #6249, .T. ) ;
#3445 = ORIENTED_EDGE ( 'NONE', *, *, #2729, .F. ) ;
#3446 = CARTESIAN_POINT ( 'NONE',  ( -31.25000000000000000, 47.00822076650859316, 31.24999999999999289 ) ) ;
#3447 = LINE ( 'NONE', #5622, #2158 ) ;
#3448 = DIRECTION ( 'NONE',  ( 0.3289899283371656158, 0.6644630243886791021, -0.6710100716628299988 ) ) ;
#3449 = CARTESIAN_POINT ( 'NONE',  ( 35.26527825794179449, 2.999999999999992450, 32.32589056660133764 ) ) ;
#3450 = LINE ( 'NONE', #6668, #665 ) ;
#3451 = VECTOR ( 'NONE', #1326, 1000.000000000000000 ) ;
#3452 = LINE ( 'NONE', #5136, #2751 ) ;
#3453 = VERTEX_POINT ( 'NONE', #1464 ) ;
#3454 = EDGE_LOOP ( 'NONE', ( #1490, #4128, #3521, #4577 ) ) ;
#3455 = DIRECTION ( 'NONE',  ( -0.5000000000000033307, 0.7071067811865393571, -0.5000000000000082157 ) ) ;
#3456 = VERTEX_POINT ( 'NONE', #4732 ) ;
#3457 = CARTESIAN_POINT ( 'NONE',  ( 25.17145330101925893, 0.000000000000000000, -17.09395039137927697 ) ) ;
#3458 = CONICAL_SURFACE ( 'NONE', #708, 23.99999999999999645, 0.7853981633974447263 ) ;
#3459 = PLANE ( 'NONE',  #1628 ) ;
#3460 = AXIS2_PLACEMENT_3D ( 'NONE', #1514, #4807, #6967 ) ;
#3461 = ADVANCED_FACE ( 'NONE', ( #3154 ), #3656, .F. ) ;
#3462 = DIRECTION ( 'NONE',  ( 0.000000000000000000, 1.000000000000000000, 0.000000000000000000 ) ) ;
#3463 = CARTESIAN_POINT ( 'NONE',  ( -31.25000000000031264, 0.5000000000000004441, -31.24999999999967315 ) ) ;
#3464 = ORIENTED_EDGE ( 'NONE', *, *, #1211, .F. ) ;
#3465 = VERTEX_POINT ( 'NONE', #6958 ) ;
#3466 = CARTESIAN_POINT ( 'NONE',  ( -32.59607450347800750, 11.00000000000000000, 9.669329188920531948 ) ) ;
#3467 = CARTESIAN_POINT ( 'NONE',  ( 22.96349004041555020, 10.95473130646765725, 13.83631382384755071 ) ) ;
#3468 = CARTESIAN_POINT ( 'NONE',  ( 31.25000000000010303, 47.00822076650859316, 31.24999999999988631 ) ) ;
#3469 = ORIENTED_EDGE ( 'NONE', *, *, #2481, .F. ) ;
#3470 = FACE_OUTER_BOUND ( 'NONE', #181, .T. ) ;
#3471 = VERTEX_POINT ( 'NONE', #5937 ) ;
#3472 = VECTOR ( 'NONE', #3455, 1000.000000000000114 ) ;
#3473 = LINE ( 'NONE', #3371, #5023 ) ;
#3474 = CARTESIAN_POINT ( 'NONE',  ( -15.02290331276920732, 10.70699823059374189, -23.59827277757643671 ) ) ;
#3475 = EDGE_CURVE ( 'NONE', #3471, #4484, #4868, .T. ) ;
#3476 = LINE ( 'NONE', #6860, #6385 ) ;
#3477 = CARTESIAN_POINT ( 'NONE',  ( -14.00000000000000000, 3.499999999999999556, 19.49358868961792624 ) ) ;
#3478 = CARTESIAN_POINT ( 'NONE',  ( -25.52500669161252134, 9.296760541840598080, -16.74039700078601811 ) ) ;
#3479 = ORIENTED_EDGE ( 'NONE', *, *, #2214, .T. ) ;
#3480 = VERTEX_POINT ( 'NONE', #2616 ) ;
#3481 = DIRECTION ( 'NONE',  ( 0.000000000000000000, 0.000000000000000000, 1.000000000000000000 ) ) ;
#3482 = DIRECTION ( 'NONE',  ( 0.7071067811865474617, 0.000000000000000000, -0.7071067811865476838 ) ) ;
#3483 = DIRECTION ( 'NONE',  ( 0.000000000000000000, -1.000000000000000000, 0.000000000000000000 ) ) ;
#3484 = CARTESIAN_POINT ( 'NONE',  ( -31.25000000000031264, 47.00822076650859316, -29.14999999999967173 ) ) ;
#3485 = FACE_BOUND ( 'NONE', #3115, .T. ) ;
#3486 = CARTESIAN_POINT ( 'NONE',  ( 24.79742673064453129, 10.39692620785911004, -15.26070336957540263 ) ) ;
#3487 = ORIENTED_EDGE ( 'NONE', *, *, #164, .T. ) ;
#3488 = EDGE_LOOP ( 'NONE', ( #4755, #1478, #5417, #6578 ) ) ;
#3489 = DIRECTION ( 'NONE',  ( -0.7071067811865489050, 0.7071067811865462405, 0.000000000000000000 ) ) ;
#3490 = ORIENTED_EDGE ( 'NONE', *, *, #6155, .F. ) ;
#3491 = CARTESIAN_POINT ( 'NONE',  ( -31.25000000000000000, 0.000000000000000000, 31.24999999999999289 ) ) ;
#3492 = CARTESIAN_POINT ( 'NONE',  ( -23.01690092346469285, 10.49999999999999467, 12.53977053546900144 ) ) ;
#3493 = CARTESIAN_POINT ( 'NONE',  ( -16.16267815275416808, 9.597177088724924587, -24.99103152881137646 ) ) ;
#3494 = CARTESIAN_POINT ( 'NONE',  ( -12.93933982822018258, 11.00000000000000000, 21.01684273786014856 ) ) ;
#3495 = ORIENTED_EDGE ( 'NONE', *, *, #1852, .T. ) ;
#3496 = EDGE_CURVE ( 'NONE', #3974, #336, #3544, .T. ) ;
#3497 = ORIENTED_EDGE ( 'NONE', *, *, #3046, .T. ) ;
#3498 = CARTESIAN_POINT ( 'NONE',  ( 23.83606473403010639, 10.58860254150807911, 15.40550130186263900 ) ) ;
#3499 = DIRECTION ( 'NONE',  ( -0.7071067811865474617, 0.000000000000000000, -0.7071067811865474617 ) ) ;
#3500 = EDGE_CURVE ( 'NONE', #852, #616, #930, .T. ) ;
#3501 = VERTEX_POINT ( 'NONE', #7023 ) ;
#3502 = DIRECTION ( 'NONE',  ( 0.7071067811865479058, 0.000000000000000000, -0.7071067811865472397 ) ) ;
#3503 = EDGE_LOOP ( 'NONE', ( #6117, #5285 ) ) ;
#3504 = EDGE_CURVE ( 'NONE', #479, #6895, #2631, .T. ) ;
#3505 = CARTESIAN_POINT ( 'NONE',  ( -9.669329188920521290, 11.00000000000000000, -32.59607450347801461 ) ) ;
#3506 = CARTESIAN_POINT ( 'NONE',  ( -13.58519055872140591, 10.44211425375456237, -23.39363185903064846 ) ) ;
#3507 = DIRECTION ( 'NONE',  ( 0.5000000000000051070, 0.7071067811865402453, 0.5000000000000051070 ) ) ;
#3508 = DIRECTION ( 'NONE',  ( -0.000000000000000000, -1.000000000000000000, -0.000000000000000000 ) ) ;
#3509 = ORIENTED_EDGE ( 'NONE', *, *, #5698, .F. ) ;
#3510 = ORIENTED_EDGE ( 'NONE', *, *, #2425, .T. ) ;
#3511 = CIRCLE ( 'NONE', #2936, 10.00000000000000355 ) ;
#3512 = EDGE_CURVE ( 'NONE', #5827, #963, #1537, .T. ) ;
#3513 = EDGE_CURVE ( 'NONE', #1992, #1126, #4838, .T. ) ;
#3514 = LINE ( 'NONE', #6750, #3653 ) ;
#3515 = CARTESIAN_POINT ( 'NONE',  ( -4.499999999999999112, 0.000000000000000000, 0.000000000000000000 ) ) ;
#3516 = CARTESIAN_POINT ( 'NONE',  ( 35.26527825794081394, 5.999999999999992006, -32.32589056660236082 ) ) ;
#3517 = CARTESIAN_POINT ( 'NONE',  ( -31.25000000000031264, 2.999999999999995559, -31.24999999999967315 ) ) ;
#3518 = AXIS2_PLACEMENT_3D ( 'NONE', #2808, #3822, #5959 ) ;
#3519 = LINE ( 'NONE', #4662, #441 ) ;
#3520 = CARTESIAN_POINT ( 'NONE',  ( 22.53794224446396655, 11.00000000000000000, 12.68329260279625892 ) ) ;
#3521 = ORIENTED_EDGE ( 'NONE', *, *, #6176, .F. ) ;
#3522 = ORIENTED_EDGE ( 'NONE', *, *, #1267, .T. ) ;
#3523 = CARTESIAN_POINT ( 'NONE',  ( -4.000000000000000000, 0.5000000000000004441, 0.000000000000000000 ) ) ;
#3524 = VECTOR ( 'NONE', #4105, 1000.000000000000000 ) ;
#3525 = CIRCLE ( 'NONE', #3642, 10.50000000000000178 ) ;
#3526 = VERTEX_POINT ( 'NONE', #3227 ) ;
#3527 = CARTESIAN_POINT ( 'NONE',  ( 0.000000000000000000, 0.5000000000000004441, 0.000000000000000000 ) ) ;
#3528 = CARTESIAN_POINT ( 'NONE',  ( -13.43502884254442620, 0.000000000000000000, 11.03502884254437610 ) ) ;
#3529 = VECTOR ( 'NONE', #5811, 1000.000000000000000 ) ;
#3530 = DIRECTION ( 'NONE',  ( 0.000000000000000000, -1.000000000000000000, 0.000000000000000000 ) ) ;
#3531 = VECTOR ( 'NONE', #3416, 1000.000000000000114 ) ;
#3532 = DIRECTION ( 'NONE',  ( 0.7071067811865470176, 0.000000000000000000, -0.7071067811865479058 ) ) ;
#3533 = ORIENTED_EDGE ( 'NONE', *, *, #5590, .F. ) ;
#3534 = ORIENTED_EDGE ( 'NONE', *, *, #6840, .F. ) ;
#3535 = PRODUCT_DEFINITION ( 'æœ', '', #5535, #5679 ) ;
#3536 = ORIENTED_EDGE ( 'NONE', *, *, #3712, .F. ) ;
#3537 = CIRCLE ( 'NONE', #1595, 10.49999999999999112 ) ;
#3538 = CARTESIAN_POINT ( 'NONE',  ( -34.18938769134013000, 5.999999999999992895, -28.31061230865985934 ) ) ;
#3539 = CARTESIAN_POINT ( 'NONE',  ( 23.99959630279056455, 10.49833747561188879, 15.64982447813317812 ) ) ;
#3540 = CARTESIAN_POINT ( 'NONE',  ( 0.000000000000000000, 3.499999999999999556, 4.500000000000003553 ) ) ;
#3541 = CONICAL_SURFACE ( 'NONE', #4905, 10.50000000000000355, 0.7853981633974482790 ) ;
#3542 = AXIS2_PLACEMENT_3D ( 'NONE', #305, #4671, #6406 ) ;
#3543 = ADVANCED_FACE ( 'NONE', ( #3083 ), #503, .F. ) ;
#3544 = CIRCLE ( 'NONE', #3877, 4.499999999999999112 ) ;
#3545 = EDGE_LOOP ( 'NONE', ( #2542, #1653, #520, #2499 ) ) ;
#3546 = DIRECTION ( 'NONE',  ( 0.000000000000000000, -1.000000000000000000, 0.000000000000000000 ) ) ;
#3547 = ORIENTED_EDGE ( 'NONE', *, *, #2655, .F. ) ;
#3548 = AXIS2_PLACEMENT_3D ( 'NONE', #1966, #3004, #4070 ) ;
#3549 = CARTESIAN_POINT ( 'NONE',  ( 15.47731122237366108, 9.927079897466146718, -24.45559879876112319 ) ) ;
#3550 = VECTOR ( 'NONE', #2816, 1000.000000000000114 ) ;
#3551 = CARTESIAN_POINT ( 'NONE',  ( -24.79742673064451353, 10.39692620785910826, 15.26070336957535467 ) ) ;
#3552 = CARTESIAN_POINT ( 'NONE',  ( 24.50629134055941094, 10.18874678450002591, -16.36072403709252399 ) ) ;
#3553 = ADVANCED_FACE ( 'NONE', ( #1611 ), #4262, .F. ) ;
#3554 = DIRECTION ( 'NONE',  ( 0.000000000000000000, 1.000000000000000000, 0.000000000000000000 ) ) ;
#3555 = ORIENTED_EDGE ( 'NONE', *, *, #3215, .F. ) ;
#3556 = ORIENTED_EDGE ( 'NONE', *, *, #948, .T. ) ;
#3557 = CIRCLE ( 'NONE', #4816, 1.400000000000000133 ) ;
#3558 = FACE_OUTER_BOUND ( 'NONE', #5548, .T. ) ;
#3559 = DIRECTION ( 'NONE',  ( 0.5000000000000013323, -0.7071067811865455743, -0.5000000000000013323 ) ) ;
#3561 = FACE_OUTER_BOUND ( 'NONE', #5743, .T. ) ;
#3560 = AXIS2_PLACEMENT_3D ( 'NONE', #615, #6016, #7040 ) ;
#3562 = EDGE_CURVE ( 'NONE', #81, #2689, #3986, .T. ) ;
#3563 = EDGE_CURVE ( 'NONE', #1752, #6619, #912, .T. ) ;
#3564 = CARTESIAN_POINT ( 'NONE',  ( -13.43502884254442620, 2.000000000000000000, 13.43502884254437646 ) ) ;
#3565 = CARTESIAN_POINT ( 'NONE',  ( -35.64230484541326405, 5.499999999999991118, 26.85769515458673595 ) ) ;
#3566 = ORIENTED_EDGE ( 'NONE', *, *, #1862, .T. ) ;
#3567 = CARTESIAN_POINT ( 'NONE',  ( 28.31061230866049883, 2.999999999999993339, 34.18938769133949052 ) ) ;
#3568 = PERSON_AND_ORGANIZATION ( #3057, #274 ) ;
#3569 = EDGE_LOOP ( 'NONE', ( #480, #4724, #2296, #3677 ) ) ;
#3570 = CARTESIAN_POINT ( 'NONE',  ( 24.16949739484941517, 10.39692620785911004, -15.88863270537049388 ) ) ;
#3571 = CARTESIAN_POINT ( 'NONE',  ( -24.05011737402706373, 10.16765779326524211, 14.86271268622178354 ) ) ;
#3572 = EDGE_CURVE ( 'NONE', #405, #874, #455, .T. ) ;
#3573 = DIRECTION ( 'NONE',  ( 0.000000000000000000, 0.000000000000000000, 1.000000000000000000 ) ) ;
#3574 = DIRECTION ( 'NONE',  ( 0.000000000000000000, 0.000000000000000000, 1.000000000000000000 ) ) ;
#3575 = ORIENTED_EDGE ( 'NONE', *, *, #6337, .T. ) ;
#3576 = ADVANCED_FACE ( 'NONE', ( #4180 ), #2584, .F. ) ;
#3577 = CIRCLE ( 'NONE', #484, 1.399999999999998579 ) ;
#3578 = CARTESIAN_POINT ( 'NONE',  ( -15.47731122237377122, 9.927079897466152048, -24.45559879876122622 ) ) ;
#3579 = CARTESIAN_POINT ( 'NONE',  ( -23.31748749739035631, 10.46111306067479418, -13.39930592308245672 ) ) ;
#3580 = DIRECTION ( 'NONE',  ( -0.000000000000000000, -1.000000000000000000, -0.000000000000000000 ) ) ;
#3581 = ORIENTED_EDGE ( 'NONE', *, *, #4537, .T. ) ;
#3582 = CYLINDRICAL_SURFACE ( 'NONE', #6031, 2.400000000000003020 ) ;
#3583 = ORIENTED_EDGE ( 'NONE', *, *, #558, .F. ) ;
#3584 = ORIENTED_EDGE ( 'NONE', *, *, #1683, .F. ) ;
#3585 = EDGE_CURVE ( 'NONE', #2695, #884, #1573, .T. ) ;
#3586 = DIRECTION ( 'NONE',  ( -0.000000000000000000, 1.000000000000000000, -0.000000000000000000 ) ) ;
#3587 = CARTESIAN_POINT ( 'NONE',  ( 22.89618891610152573, 10.99999999999979750, 14.81868600646155798 ) ) ;
#3588 = CARTESIAN_POINT ( 'NONE',  ( -34.21036191661212911, 15.99999999999999645, 25.42575222578560812 ) ) ;
#3589 = DIRECTION ( 'NONE',  ( -1.000000000000000000, 0.000000000000000000, 9.358485233796484233E-16 ) ) ;
#3590 = VERTEX_POINT ( 'NONE', #2081 ) ;
#3591 = AXIS2_PLACEMENT_3D ( 'NONE', #5702, #693, #4018 ) ;
#3592 = VERTEX_POINT ( 'NONE', #1506 ) ;
#3593 = CARTESIAN_POINT ( 'NONE',  ( -25.77930561637879237, 5.999999999999996447, 33.85680852601872459 ) ) ;
#3594 = CARTESIAN_POINT ( 'NONE',  ( -30.17410943339864104, 2.999999999999993339, -27.23472174205819130 ) ) ;
#3595 = LINE ( 'NONE', #5238, #2541 ) ;
#3596 = CARTESIAN_POINT ( 'NONE',  ( 27.21124854517979941, 5.999999999999996447, -35.28875145482018638 ) ) ;
#3597 = CARTESIAN_POINT ( 'NONE',  ( 25.36991935209966798, 9.609991415435874984, 17.05671418206418366 ) ) ;
#3598 = DIRECTION ( 'NONE',  ( 0.000000000000000000, 0.000000000000000000, -1.000000000000000000 ) ) ;
#3599 = EDGE_LOOP ( 'NONE', ( #4288, #4757, #6660, #1177 ) ) ;
#3600 = VERTEX_POINT ( 'NONE', #3799 ) ;
#3601 = ORIENTED_EDGE ( 'NONE', *, *, #3678, .T. ) ;
#3602 = LINE ( 'NONE', #3058, #1475 ) ;
#3603 = DIRECTION ( 'NONE',  ( -0.000000000000000000, -1.000000000000000000, -0.000000000000000000 ) ) ;
#3604 = CARTESIAN_POINT ( 'NONE',  ( -31.25000000000031264, 5.499999999999991118, -31.24999999999967315 ) ) ;
#3605 = DIRECTION ( 'NONE',  ( 0.000000000000000000, 1.000000000000000000, 0.000000000000000000 ) ) ;
#3606 = ORIENTED_EDGE ( 'NONE', *, *, #2697, .T. ) ;
#3607 = EDGE_CURVE ( 'NONE', #5865, #3150, #967, .T. ) ;
#3608 = VERTEX_POINT ( 'NONE', #5436 ) ;
#3609 = CARTESIAN_POINT ( 'NONE',  ( -23.84735509086672778, 10.27046987466952466, 14.51631265395623238 ) ) ;
#3610 = CARTESIAN_POINT ( 'NONE',  ( 16.10544864618920613, 9.625746258708396397, -24.94254424602233300 ) ) ;
#3611 = DIRECTION ( 'NONE',  ( 0.000000000000000000, -1.000000000000000000, 0.000000000000000000 ) ) ;
#3612 = DIRECTION ( 'NONE',  ( 0.000000000000000000, -1.000000000000000000, 0.000000000000000000 ) ) ;
#3613 = ORIENTED_EDGE ( 'NONE', *, *, #285, .F. ) ;
#3614 = DIRECTION ( 'NONE',  ( 0.000000000000000000, 0.000000000000000000, -1.000000000000000000 ) ) ;
#3615 = EDGE_LOOP ( 'NONE', ( #249, #3356, #1820, #7004, #1608, #1014, #2580, #3534, #168, #5846, #5654 ) ) ;
#3616 = LINE ( 'NONE', #5763, #6149 ) ;
#3617 = CC_DESIGN_DATE_AND_TIME_ASSIGNMENT ( #981, #5848, ( #3535 ) ) ;
#3618 = FACE_OUTER_BOUND ( 'NONE', #1419, .T. ) ;
#3619 = LINE ( 'NONE', #5729, #3205 ) ;
#3620 = EDGE_CURVE ( 'NONE', #521, #5392, #4422, .T. ) ;
#3621 = LINE ( 'NONE', #5800, #694 ) ;
#3622 = EDGE_LOOP ( 'NONE', ( #1641, #5660, #2345, #6562 ) ) ;
#3623 = DIRECTION ( 'NONE',  ( 0.7071067811865474617, 0.000000000000000000, 0.7071067811865476838 ) ) ;
#3624 = DIRECTION ( 'NONE',  ( 0.7071067811865554553, 0.000000000000000000, 0.7071067811865395791 ) ) ;
#3625 = CARTESIAN_POINT ( 'NONE',  ( 24.37878265948581102, 9.976932887946786011, -15.36964531389264366 ) ) ;
#3626 = CARTESIAN_POINT ( 'NONE',  ( 4.898587196589412829E-16, 11.00099999999999945, 4.000000000000000000 ) ) ;
#3627 = EDGE_CURVE ( 'NONE', #3281, #6762, #2742, .T. ) ;
#3628 = LINE ( 'NONE', #335, #5035 ) ;
#3629 = VERTEX_POINT ( 'NONE', #6552 ) ;
#3630 = ORIENTED_EDGE ( 'NONE', *, *, #3118, .T. ) ;
#3631 = DATE_AND_TIME ( #4193, #2799 ) ;
#3632 = ORIENTED_EDGE ( 'NONE', *, *, #3500, .F. ) ;
#3633 = DIRECTION ( 'NONE',  ( -0.7071067811865544561, -0.000000000000000000, -0.7071067811865405783 ) ) ;
#3634 = CARTESIAN_POINT ( 'NONE',  ( -23.09750551213102909, 10.49999708650319619, 12.80874785523701576 ) ) ;
#3635 = CARTESIAN_POINT ( 'NONE',  ( -4.392304845413263159, 10.49999999999999467, 4.392304845413263159 ) ) ;
#3636 = ADVANCED_FACE ( 'NONE', ( #1099 ), #3661, .T. ) ;
#3637 = CARTESIAN_POINT ( 'NONE',  ( 7.857864376269049878, 0.5000000000000004441, 30.78460969082652454 ) ) ;
#3638 = ORIENTED_EDGE ( 'NONE', *, *, #6920, .F. ) ;
#3639 = EDGE_LOOP ( 'NONE', ( #3095, #5988, #309, #4870 ) ) ;
#3640 = AXIS2_PLACEMENT_3D ( 'NONE', #5501, #3291, #6493 ) ;
#3641 = DIRECTION ( 'NONE',  ( 0.000000000000000000, -1.000000000000000000, 0.000000000000000000 ) ) ;
#3642 = AXIS2_PLACEMENT_3D ( 'NONE', #6823, #328, #6224 ) ;
#3643 = LINE ( 'NONE', #3112, #4196 ) ;
#3644 = ADVANCED_FACE ( 'NONE', ( #4900 ), #1706, .T. ) ;
#3645 = DIRECTION ( 'NONE',  ( -0.000000000000000000, -1.000000000000000000, -0.000000000000000000 ) ) ;
#3646 = EDGE_CURVE ( 'NONE', #5801, #2394, #3292, .T. ) ;
#3647 = ORIENTED_EDGE ( 'NONE', *, *, #1390, .F. ) ;
#3648 = AXIS2_PLACEMENT_3D ( 'NONE', #1037, #1643, #6491 ) ;
#3649 = PLANE ( 'NONE',  #1253 ) ;
#3650 = ORIENTED_EDGE ( 'NONE', *, *, #3585, .T. ) ;
#3651 = AXIS2_PLACEMENT_3D ( 'NONE', #614, #1829, #5523 ) ;
#3652 = DIRECTION ( 'NONE',  ( -0.000000000000000000, 1.000000000000000000, 0.000000000000000000 ) ) ;
#3653 = VECTOR ( 'NONE', #6629, 1000.000000000000114 ) ;
#3654 = DIRECTION ( 'NONE',  ( 0.000000000000000000, 0.000000000000000000, 1.000000000000000000 ) ) ;
#3655 = VECTOR ( 'NONE', #510, 999.9999999999998863 ) ;
#3656 = PLANE ( 'NONE',  #106 ) ;
#3657 = ADVANCED_FACE ( 'NONE', ( #35 ), #2753, .T. ) ;
#3658 = CARTESIAN_POINT ( 'NONE',  ( -25.28452871064602192, 9.428623079782433081, 16.49284460686937948 ) ) ;
#3659 = ORIENTED_EDGE ( 'NONE', *, *, #3976, .T. ) ;
#3660 = CONICAL_SURFACE ( 'NONE', #4688, 10.49999999999999645, 0.7853981633974439491 ) ;
#3661 = CONICAL_SURFACE ( 'NONE', #565, 23.49999999999999645, 0.7853981633974447263 ) ;
#3662 = DIRECTION ( 'NONE',  ( 0.000000000000000000, 0.000000000000000000, -1.000000000000000000 ) ) ;
#3663 = EDGE_CURVE ( 'NONE', #1461, #2016, #6648, .T. ) ;
#3664 = DIRECTION ( 'NONE',  ( -0.000000000000000000, 1.000000000000000000, -0.000000000000000000 ) ) ;
#3665 = CARTESIAN_POINT ( 'NONE',  ( 23.99969311245497394, 10.49828946652045580, -15.64999344893128885 ) ) ;
#3666 = CARTESIAN_POINT ( 'NONE',  ( 12.68329260279617010, 11.00000000000000000, -22.53794224446394168 ) ) ;
#3667 = AXIS2_PLACEMENT_3D ( 'NONE', #6686, #1920, #5154 ) ;
#3668 = LINE ( 'NONE', #5844, #6731 ) ;
#3669 = VERTEX_POINT ( 'NONE', #6526 ) ;
#3670 = VERTEX_POINT ( 'NONE', #668 ) ;
#3671 = VERTEX_POINT ( 'NONE', #2783 ) ;
#3672 = CARTESIAN_POINT ( 'NONE',  ( -14.00000000000000000, 11.00000000000000000, 19.49358868961792624 ) ) ;
#3673 = DIRECTION ( 'NONE',  ( -0.000000000000000000, 1.000000000000000000, -0.000000000000000000 ) ) ;
#3674 = CARTESIAN_POINT ( 'NONE',  ( -25.42575222578550154, 5.499999999999998224, 34.21036191661201542 ) ) ;
#3675 = DIRECTION ( 'NONE',  ( -0.000000000000000000, -1.000000000000000000, -0.000000000000000000 ) ) ;
#3676 = VERTEX_POINT ( 'NONE', #5568 ) ;
#3677 = ORIENTED_EDGE ( 'NONE', *, *, #6075, .F. ) ;
#3678 = EDGE_CURVE ( 'NONE', #2016, #5700, #4568, .T. ) ;
#3679 = CARTESIAN_POINT ( 'NONE',  ( 14.81868600646190437, 10.99999999999959854, -22.89618891610186679 ) ) ;
#3680 = B_SPLINE_SURFACE_WITH_KNOTS ( 'NONE', 1, 3, ( 
 ( #6330, #3625, #2558, #5274, #298, #2411, #2520, #6869, #2480, #2977, #6826, #4159, #5804, #5173, #260, #371, #6900, #4591, #6754, #2662 ),
 ( #2125, #4188, #3665, #5305, #401, #4269, #1077, #6360, #433, #2723, #6501, #7001, #4769, #4336, #3697, #4231, #3269, #6930, #4910, #4301 ) ),
 .UNSPECIFIED., .F., .F., .F.,
 ( 2, 2 ),
 ( 4, 2, 2, 2, 2, 2, 2, 2, 2, 4 ),
 ( 0.000000000000000000, 1.000000000000000000 ),
 ( 0.000000000000000000, 0.0004362800355329969453, 0.0006544200532994954179, 0.0008725600710659938905, 0.001090700088832492363, 0.001308840106598990836, 0.001745120142131987781, 0.002181400177664984726, 0.002617680213197981672, 0.003490240284263975562 ),
 .UNSPECIFIED. ) ;
#3681 = DIRECTION ( 'NONE',  ( 0.7071067811865622277, -0.000000000000000000, 0.7071067811865329178 ) ) ;
#3682 = CARTESIAN_POINT ( 'NONE',  ( 25.29237568234322353, 9.766606852233525871, 17.21487277270327709 ) ) ;
#3683 = EDGE_LOOP ( 'NONE', ( #4980, #5036, #2414, #2218, #5533, #6427 ) ) ;
#3684 = CARTESIAN_POINT ( 'NONE',  ( 13.43502884254437468, 3.499999999999999556, 13.43502884254442620 ) ) ;
#3685 = VERTEX_POINT ( 'NONE', #1645 ) ;
#3686 = LINE ( 'NONE', #6452, #6693 ) ;
#3687 = AXIS2_PLACEMENT_3D ( 'NONE', #4309, #3673, #1590 ) ;
#3688 = CARTESIAN_POINT ( 'NONE',  ( 31.67099190880833604, 6.133227481747967502, 22.88638221798182570 ) ) ;
#3689 = CARTESIAN_POINT ( 'NONE',  ( 66.03389411600849712, 5.999999999999996447, 8.891420048911399476 ) ) ;
#3690 = CARTESIAN_POINT ( 'NONE',  ( -24.96786260214241437, 9.610803912381882697, 16.13542474432850682 ) ) ;
#3691 = ORIENTED_EDGE ( 'NONE', *, *, #313, .F. ) ;
#3692 = CIRCLE ( 'NONE', #489, 1.999999999999998224 ) ;
#3693 = EDGE_CURVE ( 'NONE', #4633, #6567, #3262, .T. ) ;
#3694 = EDGE_CURVE ( 'NONE', #3600, #1035, #2320, .T. ) ;
#3695 = LINE ( 'NONE', #3196, #6480 ) ;
#3696 = DIRECTION ( 'NONE',  ( 0.000000000000000000, 1.000000000000000000, 0.000000000000000000 ) ) ;
#3697 = CARTESIAN_POINT ( 'NONE',  ( 23.09958060217112319, 10.90324769041642128, -14.09452390936799837 ) ) ;
#3698 = FACE_OUTER_BOUND ( 'NONE', #2786, .T. ) ;
#3699 = AXIS2_PLACEMENT_3D ( 'NONE', #4207, #6383, #5893 ) ;
#3700 = CARTESIAN_POINT ( 'NONE',  ( 14.92893218813452094, 47.00822076650859316, 23.71354187896104904 ) ) ;
#3701 = ORIENTED_EDGE ( 'NONE', *, *, #3563, .F. ) ;
#3702 = EDGE_LOOP ( 'NONE', ( #5753, #6333, #6374, #4449, #5889 ) ) ;
#3703 = CARTESIAN_POINT ( 'NONE',  ( 28.31061230866049883, 5.999999999999992895, 34.18938769133949052 ) ) ;
#3704 = DIRECTION ( 'NONE',  ( 0.2010955364414922508, -0.7071067811865472397, -0.6779089800432716029 ) ) ;
#3705 = CARTESIAN_POINT ( 'NONE',  ( -34.18938769134013000, 2.999999999999993339, -28.31061230865985934 ) ) ;
#3706 = LINE ( 'NONE', #2022, #3780 ) ;
#3707 = VERTEX_POINT ( 'NONE', #3892 ) ;
#3708 = EDGE_CURVE ( 'NONE', #3327, #4664, #6720, .T. ) ;
#3709 = EDGE_CURVE ( 'NONE', #1845, #4523, #3830, .T. ) ;
#3710 = VERTEX_POINT ( 'NONE', #6063 ) ;
#3711 = DIRECTION ( 'NONE',  ( 0.7071067811865472397, 0.000000000000000000, 0.7071067811865479058 ) ) ;
#3712 = EDGE_CURVE ( 'NONE', #1934, #5769, #566, .T. ) ;
#3713 = EDGE_CURVE ( 'NONE', #1944, #60, #3860, .T. ) ;
#3714 = CARTESIAN_POINT ( 'NONE',  ( -13.43502884254437468, 2.000000000000000000, -13.43502884254442797 ) ) ;
#3715 = CARTESIAN_POINT ( 'NONE',  ( 13.20594730525429483, 10.47714960925472205, -23.24208390822521864 ) ) ;
#3716 = EDGE_LOOP ( 'NONE', ( #427, #2665, #4208, #6820 ) ) ;
#3717 = DIRECTION ( 'NONE',  ( -1.000000000000000000, 0.000000000000000000, 0.000000000000000000 ) ) ;
#3718 = EDGE_CURVE ( 'NONE', #5769, #1981, #5003, .T. ) ;
#3719 = ORIENTED_EDGE ( 'NONE', *, *, #4871, .F. ) ;
#3720 = ORIENTED_EDGE ( 'NONE', *, *, #3824, .T. ) ;
#3721 = CARTESIAN_POINT ( 'NONE',  ( -25.42575222578558325, 15.99999999999999645, -34.21036191661212911 ) ) ;
#3722 = B_SPLINE_CURVE_WITH_KNOTS ( 'NONE', 3,
 ( #6234, #3101, #805, #236, #1948, #6305, #3060, #4021, #271, #5248, #343, #2418 ),
 .UNSPECIFIED., .F., .F.,
 ( 4, 2, 2, 2, 2, 4 ),
 ( 0.000000000000000000, 0.2499999999999992228, 0.4999999999999984457, 0.6249999999999987788, 0.7499999999999992228, 1.000000000000000000 ),
 .UNSPECIFIED. ) ;
#3723 = CARTESIAN_POINT ( 'NONE',  ( 4.392304845413268488, 5.499999999999991118, -4.392304845413264935 ) ) ;
#3724 = LOCAL_TIME ( 19, 59, 38.00000000000000000, #867 ) ;
#3725 = DIRECTION ( 'NONE',  ( 0.2588190451025207950, 4.336808689941941315E-17, -0.9659258262890683122 ) ) ;
#3726 = CARTESIAN_POINT ( 'NONE',  ( 4.392304845413263159, 5.499999999999991118, 4.392304845413263159 ) ) ;
#3727 = EDGE_CURVE ( 'NONE', #1057, #2525, #137, .T. ) ;
#3728 = EDGE_LOOP ( 'NONE', ( #695, #702, #1718, #5381 ) ) ;
#3729 = CARTESIAN_POINT ( 'NONE',  ( 35.28875145481997322, 5.999999999999996447, -27.21124854517999836 ) ) ;
#3730 = CARTESIAN_POINT ( 'NONE',  ( 32.32589056660199134, 5.999999999999992006, 35.26527825794115500 ) ) ;
#3731 = CARTESIAN_POINT ( 'NONE',  ( -4.038751454819993647, 0.000000000000000000, -4.038751454819997200 ) ) ;
#3732 = CYLINDRICAL_SURFACE ( 'NONE', #4837, 6.211657082460492418 ) ;
#3733 = CARTESIAN_POINT ( 'NONE',  ( 23.00899376716094835, 11.00000000000000000, 6.825408839238029657 ) ) ;
#3734 = EDGE_CURVE ( 'NONE', #3393, #4162, #5899, .T. ) ;
#3735 = EDGE_CURVE ( 'NONE', #3423, #3930, #5711, .T. ) ;
#3736 = EDGE_LOOP ( 'NONE', ( #4108, #4884, #5845, #2099, #1805, #6206 ) ) ;
#3737 = VERTEX_POINT ( 'NONE', #5608 ) ;
#3738 = ORIENTED_EDGE ( 'NONE', *, *, #730, .F. ) ;
#3739 = CARTESIAN_POINT ( 'NONE',  ( -13.43502884254437468, 0.000000000000000000, -11.03502884254442939 ) ) ;
#3740 = FACE_OUTER_BOUND ( 'NONE', #3053, .T. ) ;
#3741 = CARTESIAN_POINT ( 'NONE',  ( -27.21124854518000902, 5.999999999999996447, -35.28875145481998032 ) ) ;
#3742 = PLANE ( 'NONE',  #353 ) ;
#3743 = ORIENTED_EDGE ( 'NONE', *, *, #3231, .F. ) ;
#3744 = ORIENTED_EDGE ( 'NONE', *, *, #2186, .T. ) ;
#3745 = CIRCLE ( 'NONE', #1676, 4.000000000000000000 ) ;
#3746 = DIRECTION ( 'NONE',  ( 0.000000000000000000, 0.000000000000000000, -1.000000000000000000 ) ) ;
#3747 = EDGE_CURVE ( 'NONE', #157, #1209, #5082, .T. ) ;
#3748 = CIRCLE ( 'NONE', #1340, 2.000000000000001776 ) ;
#3749 = B_SPLINE_CURVE_WITH_KNOTS ( 'NONE', 1,
 ( #462, #993 ),
 .UNSPECIFIED., .F., .F.,
 ( 2, 2 ),
 ( 0.000000000000000000, 1.000000000000000000 ),
 .UNSPECIFIED. ) ;
#3750 = DIRECTION ( 'NONE',  ( -0.000000000000000000, 1.000000000000000000, -0.000000000000000000 ) ) ;
#3751 = LINE ( 'NONE', #416, #6877 ) ;
#3752 = ORIENTED_EDGE ( 'NONE', *, *, #3336, .F. ) ;
#3753 = CARTESIAN_POINT ( 'NONE',  ( 0.000000000000000000, 0.000000000000000000, 20.28460969082652809 ) ) ;
#3754 = ORIENTED_EDGE ( 'NONE', *, *, #6620, .T. ) ;
#3755 = VECTOR ( 'NONE', #3817, 1000.000000000000000 ) ;
#3756 = ORIENTED_EDGE ( 'NONE', *, *, #5356, .T. ) ;
#3757 = FACE_OUTER_BOUND ( 'NONE', #1117, .T. ) ;
#3758 = CIRCLE ( 'NONE', #6800, 10.50000000000000000 ) ;
#3759 = CARTESIAN_POINT ( 'NONE',  ( -15.99031359528978946, 10.39692620785910826, 24.06781650492984070 ) ) ;
#3760 = DIRECTION ( 'NONE',  ( -0.2588190451025208505, 2.086548053801610149E-16, -0.9659258262890683122 ) ) ;
#3761 = AXIS2_PLACEMENT_3D ( 'NONE', #4898, #4795, #5932 ) ;
#3762 = AXIS2_PLACEMENT_3D ( 'NONE', #3087, #369, #2555 ) ;
#3763 = CARTESIAN_POINT ( 'NONE',  ( 0.000000000000000000, 11.00000000000000000, -23.49999999999999645 ) ) ;
#3764 = ORIENTED_EDGE ( 'NONE', *, *, #2332, .T. ) ;
#3765 = AXIS2_PLACEMENT_3D ( 'NONE', #909, #3024, #5214 ) ;
#3766 = PLANE ( 'NONE',  #4205 ) ;
#3767 = CONICAL_SURFACE ( 'NONE', #2509, 10.50000000000000178, 0.7853981633974472798 ) ;
#3768 = EDGE_CURVE ( 'NONE', #3592, #2875, #6845, .T. ) ;
#3769 = CARTESIAN_POINT ( 'NONE',  ( 0.000000000000000000, 0.000000000000000000, 20.28460969082652809 ) ) ;
#3770 = FACE_OUTER_BOUND ( 'NONE', #3848, .T. ) ;
#3771 = DIRECTION ( 'NONE',  ( 0.000000000000000000, -0.7071067811865474617, 0.7071067811865474617 ) ) ;
#3772 = CONICAL_SURFACE ( 'NONE', #3984, 6.211657082460492418, 0.7853981633974466137 ) ;
#3773 = CARTESIAN_POINT ( 'NONE',  ( 14.64084367198199210, 10.80331176109592661, -23.37922164031797223 ) ) ;
#3774 = ORIENTED_EDGE ( 'NONE', *, *, #7026, .F. ) ;
#3775 = ORIENTED_EDGE ( 'NONE', *, *, #2370, .T. ) ;
#3776 = CARTESIAN_POINT ( 'NONE',  ( -35.26527825794179449, 2.999999999999992450, -32.32589056660133764 ) ) ;
#3777 = EDGE_CURVE ( 'NONE', #5955, #5525, #6242, .T. ) ;
#3778 = DIRECTION ( 'NONE',  ( 0.000000000000000000, 0.000000000000000000, -1.000000000000000000 ) ) ;
#3779 = EDGE_CURVE ( 'NONE', #1566, #2572, #4454, .T. ) ;
#3781 = DIRECTION ( 'NONE',  ( -0.5000000000000021094, 0.7071067811865451302, 0.5000000000000015543 ) ) ;
#3780 = VECTOR ( 'NONE', #5853, 999.9999999999998863 ) ;
#3782 = CARTESIAN_POINT ( 'NONE',  ( -32.60998848836814545, 5.999999999999996447, -24.53248557872821678 ) ) ;
#3783 = AXIS2_PLACEMENT_3D ( 'NONE', #2923, #5117, #206 ) ;
#3784 = VECTOR ( 'NONE', #5749, 1000.000000000000000 ) ;
#3785 = ORIENTED_EDGE ( 'NONE', *, *, #5356, .F. ) ;
#3786 = CARTESIAN_POINT ( 'NONE',  ( -15.51583782337257844, 9.927079897466185798, 24.30044751419909943 ) ) ;
#3787 = EDGE_CURVE ( 'NONE', #4968, #6447, #2921, .T. ) ;
#3788 = CARTESIAN_POINT ( 'NONE',  ( -23.83173693054557418, 10.59325070406455715, 15.40414194631120459 ) ) ;
#3789 = PLANE ( 'NONE',  #5562 ) ;
#3790 = AXIS2_PLACEMENT_3D ( 'NONE', #5947, #5443, #5380 ) ;
#3791 = CARTESIAN_POINT ( 'NONE',  ( -13.21831257821683892, 0.9999999999999991118, 22.00292226904335990 ) ) ;
#3792 = ORIENTED_EDGE ( 'NONE', *, *, #6126, .F. ) ;
#3793 = DIRECTION ( 'NONE',  ( -0.9659258262890685343, -2.086548053801603740E-16, -0.2588190451025199623 ) ) ;
#3794 = EDGE_LOOP ( 'NONE', ( #2266, #3555, #140, #5795 ) ) ;
#3795 = EDGE_CURVE ( 'NONE', #6988, #2834, #113, .T. ) ;
#3796 = ORIENTED_EDGE ( 'NONE', *, *, #6716, .F. ) ;
#3797 = CARTESIAN_POINT ( 'NONE',  ( 0.000000000000000000, 11.00000000000000000, -23.99999999999999645 ) ) ;
#3798 = FACE_BOUND ( 'NONE', #3503, .T. ) ;
#3799 = CARTESIAN_POINT ( 'NONE',  ( 23.00899376716094835, 0.5000000000000004441, 6.825408839238029657 ) ) ;
#3800 = EDGE_CURVE ( 'NONE', #3707, #3213, #3324, .T. ) ;
#3801 = B_SPLINE_SURFACE_WITH_KNOTS ( 'NONE', 1, 3, ( 
 ( #6710, #5591, #5100, #1257, #119, #4556, #2338, #2873, #5554, #1724, #2304, #757, #6228, #186, #3970, #4446, #6605, #2832, #727, #3910 ),
 ( #3520, #1830, #4483, #690, #5062, #5659, #155, #6669, #2906, #4015, #1329, #2937, #228, #6633, #2373, #3939, #1184, #6196, #5175, #1214 ) ),
 .UNSPECIFIED., .F., .F., .F.,
 ( 2, 2 ),
 ( 4, 2, 2, 2, 2, 2, 2, 2, 2, 4 ),
 ( 0.000000000000000000, 1.000000000000000000 ),
 ( 0.000000000000000000, 0.0004361698583924790906, 0.0006542547875887185817, 0.0008723397167849581812, 0.001090424645981197781, 0.001308509575177437163, 0.001744679433569916362, 0.002180849291962395561, 0.002617019150354874327, 0.003489358867139832725 ),
 .UNSPECIFIED. ) ;
#3802 = LINE ( 'NONE', #3763, #2082 ) ;
#3803 = EDGE_LOOP ( 'NONE', ( #6810, #6220, #74, #6760 ) ) ;
#3804 = ADVANCED_FACE ( 'NONE', ( #5115 ), #1386, .T. ) ;
#3805 = CARTESIAN_POINT ( 'NONE',  ( -5.999999999999998224, 0.000000000000000000, 20.78460969082652454 ) ) ;
#3806 = CARTESIAN_POINT ( 'NONE',  ( 23.17041811170515331, 10.48892073537366976, 13.01027400095745001 ) ) ;
#3807 = EDGE_CURVE ( 'NONE', #2212, #852, #246, .T. ) ;
#3808 = DIRECTION ( 'NONE',  ( -0.000000000000000000, -1.000000000000000000, -0.000000000000000000 ) ) ;
#3809 = LINE ( 'NONE', #1078, #4372 ) ;
#3810 = CARTESIAN_POINT ( 'NONE',  ( 13.27007793922585144, 10.99999999999999645, -22.72736658113788621 ) ) ;
#3811 = ORIENTED_EDGE ( 'NONE', *, *, #6793, .F. ) ;
#3812 = EDGE_LOOP ( 'NONE', ( #3222, #6835, #834, #987 ) ) ;
#3813 = EDGE_CURVE ( 'NONE', #5260, #3213, #314, .T. ) ;
#3814 = CARTESIAN_POINT ( 'NONE',  ( -15.40414194633698486, 10.59325070405621361, -23.83173693056447107 ) ) ;
#3815 = VECTOR ( 'NONE', #3836, 1000.000000000000114 ) ;
#3816 = DIRECTION ( 'NONE',  ( 0.7071067811865472397, -0.000000000000000000, 0.7071067811865479058 ) ) ;
#3817 = DIRECTION ( 'NONE',  ( -0.7071067811865571207, -0.000000000000000000, -0.7071067811865379138 ) ) ;
#3818 = PLANE ( 'NONE',  #3560 ) ;
#3819 = ORIENTED_EDGE ( 'NONE', *, *, #2819, .F. ) ;
#3820 = ORIENTED_EDGE ( 'NONE', *, *, #3825, .F. ) ;
#3821 = CARTESIAN_POINT ( 'NONE',  ( -33.85680852601873880, 5.999999999999996447, -25.77930561637879592 ) ) ;
#3822 = DIRECTION ( 'NONE',  ( 0.000000000000000000, -1.000000000000000000, 0.000000000000000000 ) ) ;
#3823 = DIRECTION ( 'NONE',  ( -0.000000000000000000, -1.000000000000000000, -0.000000000000000000 ) ) ;
#3824 = EDGE_CURVE ( 'NONE', #1334, #3710, #2390, .T. ) ;
#3825 = EDGE_CURVE ( 'NONE', #2642, #2952, #6938, .T. ) ;
#3826 = ORIENTED_EDGE ( 'NONE', *, *, #4585, .T. ) ;
#3827 = VERTEX_POINT ( 'NONE', #771 ) ;
#3828 = LINE ( 'NONE', #3797, #4097 ) ;
#3829 = DIRECTION ( 'NONE',  ( 0.000000000000000000, -0.000000000000000000, -1.000000000000000000 ) ) ;
#3830 = LINE ( 'NONE', #2851, #6275 ) ;
#3831 = SECURITY_CLASSIFICATION ( '', '', #5778 ) ;
#3832 = LINE ( 'NONE', #5871, #363 ) ;
#3833 = ORIENTED_EDGE ( 'NONE', *, *, #1432, .F. ) ;
#3834 = APPROVAL ( #2451, 'æœª' ) ;
#3835 = DIRECTION ( 'NONE',  ( 0.000000000000000000, 0.000000000000000000, -1.000000000000000000 ) ) ;
#3836 = DIRECTION ( 'NONE',  ( 0.7071067811865474617, 0.000000000000000000, 0.7071067811865474617 ) ) ;
#3837 = CARTESIAN_POINT ( 'NONE',  ( -31.34211627712746306, 5.999999999999995559, -27.54768823258934418 ) ) ;
#3838 = CARTESIAN_POINT ( 'NONE',  ( 4.038751454819984765, 11.00000000000000000, 4.038751454819986542 ) ) ;
#3839 = LINE ( 'NONE', #5910, #3441 ) ;
#3840 = ORIENTED_EDGE ( 'NONE', *, *, #2841, .F. ) ;
#3841 = ORIENTED_EDGE ( 'NONE', *, *, #2062, .F. ) ;
#3842 = CARTESIAN_POINT ( 'NONE',  ( 31.24999999999977973, 47.00822076650859316, -29.15000000000020464 ) ) ;
#3843 = DIRECTION ( 'NONE',  ( 0.000000000000000000, 0.000000000000000000, 1.000000000000000000 ) ) ;
#3844 = CARTESIAN_POINT ( 'NONE',  ( -22.74206853540277962, 10.98491151223937834, -13.26211266319656801 ) ) ;
#3845 = EDGE_CURVE ( 'NONE', #310, #5786, #2957, .T. ) ;
#3846 = AXIS2_PLACEMENT_3D ( 'NONE', #2607, #5821, #5790 ) ;
#3847 = LINE ( 'NONE', #2173, #6164 ) ;
#3848 = EDGE_LOOP ( 'NONE', ( #3250, #2630, #1280, #1597, #5431, #148, #6784, #540 ) ) ;
#3849 = DIRECTION ( 'NONE',  ( 0.000000000000000000, -1.000000000000000000, 0.000000000000000000 ) ) ;
#3850 = DIRECTION ( 'NONE',  ( 0.000000000000000000, -1.000000000000000000, 0.000000000000000000 ) ) ;
#3851 = ORIENTED_EDGE ( 'NONE', *, *, #6908, .T. ) ;
#3852 = EDGE_CURVE ( 'NONE', #6334, #3943, #80, .T. ) ;
#3853 = DIRECTION ( 'NONE',  ( 0.000000000000000000, -1.000000000000000000, 0.000000000000000000 ) ) ;
#3854 = DIRECTION ( 'NONE',  ( 0.000000000000000000, 0.000000000000000000, 1.000000000000000000 ) ) ;
#3855 = ORIENTED_EDGE ( 'NONE', *, *, #1777, .F. ) ;
#3856 = VERTEX_POINT ( 'NONE', #1961 ) ;
#3857 = CARTESIAN_POINT ( 'NONE',  ( 34.21036191661202963, 5.500000000000011546, 25.42575222578552285 ) ) ;
#3858 = EDGE_CURVE ( 'NONE', #2065, #1550, #5641, .T. ) ;
#3859 = EDGE_CURVE ( 'NONE', #199, #5225, #4033, .T. ) ;
#3860 = LINE ( 'NONE', #6027, #5598 ) ;
#3861 = DIRECTION ( 'NONE',  ( 0.000000000000000000, 0.000000000000000000, -1.000000000000000000 ) ) ;
#3862 = VERTEX_POINT ( 'NONE', #4645 ) ;
#3863 = AXIS2_PLACEMENT_3D ( 'NONE', #2149, #3261, #597 ) ;
#3864 = CARTESIAN_POINT ( 'NONE',  ( -14.00000000000000000, 10.49999999999999467, 19.95618256608033292 ) ) ;
#3865 = CIRCLE ( 'NONE', #211, 1.999999999999998224 ) ;
#3866 = DIRECTION ( 'NONE',  ( 0.000000000000000000, 0.000000000000000000, 1.000000000000000000 ) ) ;
#3867 = FACE_OUTER_BOUND ( 'NONE', #4822, .T. ) ;
#3868 = DIRECTION ( 'NONE',  ( -0.7071067811865474617, 0.000000000000000000, 0.7071067811865476838 ) ) ;
#3869 = VERTEX_POINT ( 'NONE', #6210 ) ;
#3870 = ORIENTED_EDGE ( 'NONE', *, *, #2053, .F. ) ;
#3871 = ADVANCED_FACE ( 'NONE', ( #6280, #6851 ), #6131, .T. ) ;
#3872 = DIRECTION ( 'NONE',  ( 0.000000000000000000, -1.000000000000000000, 0.000000000000000000 ) ) ;
#3873 = DIRECTION ( 'NONE',  ( 0.9659258262890673130, 2.086548053801610149E-16, -0.2588190451025241812 ) ) ;
#3874 = CARTESIAN_POINT ( 'NONE',  ( 17.61061742362979388, 0.9999999999999991118, -17.61061742363051863 ) ) ;
#3875 = CIRCLE ( 'NONE', #4680, 10.00000000000000000 ) ;
#3876 = CIRCLE ( 'NONE', #787, 4.499999999999999112 ) ;
#3877 = AXIS2_PLACEMENT_3D ( 'NONE', #362, #5832, #1039 ) ;
#3878 = EDGE_CURVE ( 'NONE', #3465, #5125, #6600, .T. ) ;
#3879 = CARTESIAN_POINT ( 'NONE',  ( -34.18938769134013000, 5.999999999999992895, -28.31061230865985934 ) ) ;
#3880 = ORIENTED_EDGE ( 'NONE', *, *, #5873, .T. ) ;
#3881 = ORIENTED_EDGE ( 'NONE', *, *, #4094, .T. ) ;
#3882 = VECTOR ( 'NONE', #1310, 1000.000000000000114 ) ;
#3883 = DIRECTION ( 'NONE',  ( 0.5000000000000002220, 0.7071067811865472397, 0.5000000000000002220 ) ) ;
#3884 = DIRECTION ( 'NONE',  ( -0.000000000000000000, -1.000000000000000000, -0.000000000000000000 ) ) ;
#3885 = AXIS2_PLACEMENT_3D ( 'NONE', #1621, #6534, #3271 ) ;
#3886 = DIRECTION ( 'NONE',  ( -0.7071067811865373587, 0.000000000000000000, 0.7071067811865577868 ) ) ;
#3887 = ORIENTED_EDGE ( 'NONE', *, *, #1105, .T. ) ;
#3888 = ADVANCED_FACE ( 'NONE', ( #6380 ), #1995, .F. ) ;
#3889 = ORIENTED_EDGE ( 'NONE', *, *, #7020, .F. ) ;
#3890 = AXIS2_PLACEMENT_3D ( 'NONE', #6332, #2560, #6789 ) ;
#3891 = CARTESIAN_POINT ( 'NONE',  ( -31.25000000000031264, 0.000000000000000000, -31.24999999999967315 ) ) ;
#3892 = CARTESIAN_POINT ( 'NONE',  ( 33.85680852601876722, 5.999999999999996447, 25.77930561637878526 ) ) ;
#3893 = CONICAL_SURFACE ( 'NONE', #6174, 23.49999999999999289, 0.7853981633974482790 ) ;
#3894 = DIRECTION ( 'NONE',  ( -0.7071067811865544561, 0.000000000000000000, -0.7071067811865406894 ) ) ;
#3895 = EDGE_LOOP ( 'NONE', ( #5732, #3194, #4833, #93 ) ) ;
#3896 = CARTESIAN_POINT ( 'NONE',  ( -35.26527825794179449, 5.999999999999992006, -32.32589056660133764 ) ) ;
#3897 = CARTESIAN_POINT ( 'NONE',  ( 23.26596269565109765, 10.47246590716971681, 13.26849589601477852 ) ) ;
#3898 = CARTESIAN_POINT ( 'NONE',  ( 9.669329188920537277, 11.00000000000000000, -32.59607450347800039 ) ) ;
#3899 = CYLINDRICAL_SURFACE ( 'NONE', #5293, 1.399999999999998579 ) ;
#3900 = CARTESIAN_POINT ( 'NONE',  ( -24.52687016499189099, 9.880825477769688447, -15.57720526851598564 ) ) ;
#3901 = ORIENTED_EDGE ( 'NONE', *, *, #3572, .F. ) ;
#3902 = EDGE_LOOP ( 'NONE', ( #3203, #1530 ) ) ;
#3903 = VECTOR ( 'NONE', #5819, 1000.000000000000114 ) ;
#3904 = ADVANCED_FACE ( 'NONE', ( #1528 ), #4141, .F. ) ;
#3905 = EDGE_CURVE ( 'NONE', #3456, #728, #3070, .T. ) ;
#3906 = CARTESIAN_POINT ( 'NONE',  ( -31.25000000000031264, 2.999999999999995559, -31.24999999999967315 ) ) ;
#3907 = DIRECTION ( 'NONE',  ( -0.000000000000000000, 1.000000000000000000, -0.000000000000000000 ) ) ;
#3908 = DIRECTION ( 'NONE',  ( 0.000000000000000000, -0.000000000000000000, 1.000000000000000000 ) ) ;
#3909 = DIRECTION ( 'NONE',  ( -0.000000000000000000, -1.000000000000000000, -0.000000000000000000 ) ) ;
#3910 = CARTESIAN_POINT ( 'NONE',  ( 24.45559879876116227, 9.927079897466144942, 15.47731122237372503 ) ) ;
#3911 = EDGE_LOOP ( 'NONE', ( #6003, #5582 ) ) ;
#3912 = EDGE_LOOP ( 'NONE', ( #160, #3954, #6363, #3239 ) ) ;
#3913 = CARTESIAN_POINT ( 'NONE',  ( -35.64230484541325694, 0.5000000000000004441, 26.85769515458673595 ) ) ;
#3914 = ORIENTED_EDGE ( 'NONE', *, *, #2153, .F. ) ;
#3915 = PLANE ( 'NONE',  #1277 ) ;
#3916 = DIRECTION ( 'NONE',  ( -0.000000000000000000, 1.000000000000000000, -0.000000000000000000 ) ) ;
#3917 = FACE_OUTER_BOUND ( 'NONE', #6076, .T. ) ;
#3918 = VERTEX_POINT ( 'NONE', #7015 ) ;
#3919 = ORIENTED_EDGE ( 'NONE', *, *, #4250, .F. ) ;
#3920 = FACE_BOUND ( 'NONE', #960, .T. ) ;
#3921 = DIRECTION ( 'NONE',  ( 0.000000000000000000, 0.000000000000000000, 1.000000000000000000 ) ) ;
#3922 = ADVANCED_FACE ( 'NONE', ( #5291 ), #4788, .F. ) ;
#3923 = CARTESIAN_POINT ( 'NONE',  ( 15.51583782337266726, 9.927079897466134284, 24.30044751419919535 ) ) ;
#3924 = VERTEX_POINT ( 'NONE', #6948 ) ;
#3925 = LINE ( 'NONE', #3896, #2627 ) ;
#3926 = CARTESIAN_POINT ( 'NONE',  ( 24.95177196024922495, 9.620294530964246249, 16.11639530264850251 ) ) ;
#3927 = CARTESIAN_POINT ( 'NONE',  ( 31.43836089953903823, 6.603073792140891740, 23.36085798989907047 ) ) ;
#3928 = DIRECTION ( 'NONE',  ( 0.000000000000000000, 1.000000000000000000, 0.000000000000000000 ) ) ;
#3929 = CARTESIAN_POINT ( 'NONE',  ( 13.39930592308237678, 10.46111306067479241, -23.31748749739032434 ) ) ;
#3930 = VERTEX_POINT ( 'NONE', #958 ) ;
#3931 = ORIENTED_EDGE ( 'NONE', *, *, #3126, .T. ) ;
#3932 = DIRECTION ( 'NONE',  ( -0.000000000000000000, -1.000000000000000000, -0.000000000000000000 ) ) ;
#3933 = B_SPLINE_CURVE_WITH_KNOTS ( 'NONE', 1,
 ( #3570, #6875 ),
 .UNSPECIFIED., .F., .F.,
 ( 2, 2 ),
 ( 0.000000000000000000, 1.000000000000000000 ),
 .UNSPECIFIED. ) ;
#3934 = LINE ( 'NONE', #1686, #4247 ) ;
#3935 = CARTESIAN_POINT ( 'NONE',  ( -32.59607450347800750, 0.5000000000000004441, -9.669329188920540830 ) ) ;
#3936 = EDGE_CURVE ( 'NONE', #6133, #1671, #5256, .T. ) ;
#3937 = ADVANCED_FACE ( 'NONE', ( #6915 ), #5235, .F. ) ;
#3938 = DIRECTION ( 'NONE',  ( 0.000000000000000000, 0.000000000000000000, -1.000000000000000000 ) ) ;
#3939 = CARTESIAN_POINT ( 'NONE',  ( 23.52618251874222466, 10.74063078610299549, 14.90184112284098461 ) ) ;
#3940 = VERTEX_POINT ( 'NONE', #352 ) ;
#3941 = ORIENTED_EDGE ( 'NONE', *, *, #4376, .T. ) ;
#3942 = PERSON_AND_ORGANIZATION ( #3057, #274 ) ;
#3943 = VERTEX_POINT ( 'NONE', #2539 ) ;
#3944 = CARTESIAN_POINT ( 'NONE',  ( -31.25000000000000000, 2.999999999999995559, 31.24999999999999289 ) ) ;
#3945 = CARTESIAN_POINT ( 'NONE',  ( 32.32589056660199134, 2.999999999999992450, 35.26527825794115500 ) ) ;
#3946 = CARTESIAN_POINT ( 'NONE',  ( -27.23472174205808827, 2.999999999999993339, 30.17410943339873342 ) ) ;
#3947 = CARTESIAN_POINT ( 'NONE',  ( -13.43502884254437468, 2.000000000000000000, -13.43502884254442797 ) ) ;
#3948 = ORIENTED_EDGE ( 'NONE', *, *, #2712, .F. ) ;
#3949 = VERTEX_POINT ( 'NONE', #5394 ) ;
#3950 = EDGE_CURVE ( 'NONE', #5480, #2377, #3059, .T. ) ;
#3951 = CARTESIAN_POINT ( 'NONE',  ( -23.24123088133216442, 10.47731683714913231, -13.20370346429784369 ) ) ;
#3952 = CARTESIAN_POINT ( 'NONE',  ( -4.038751454819993647, 0.000000000000000000, -4.038751454819992759 ) ) ;
#3953 = CARTESIAN_POINT ( 'NONE',  ( -25.13445638042137276, 9.507832020022275898, 16.34987834646144833 ) ) ;
#3954 = ORIENTED_EDGE ( 'NONE', *, *, #5503, .F. ) ;
#3955 = CARTESIAN_POINT ( 'NONE',  ( 32.32589056660096816, 5.999999999999992006, -35.26527825794213555 ) ) ;
#3956 = AXIS2_PLACEMENT_3D ( 'NONE', #2068, #3750, #5892 ) ;
#3957 = CARTESIAN_POINT ( 'NONE',  ( -30.17410943339790919, 2.999999999999993339, 27.23472174205893737 ) ) ;
#3958 = CARTESIAN_POINT ( 'NONE',  ( 9.669329188920537277, 11.00000000000000000, -32.59607450347800039 ) ) ;
#3959 = FACE_OUTER_BOUND ( 'NONE', #6676, .T. ) ;
#3960 = CARTESIAN_POINT ( 'NONE',  ( 15.03906406754743230, 10.11226911345459101, -24.15580736210161916 ) ) ;
#3961 = EDGE_LOOP ( 'NONE', ( #167, #1782, #5384, #506 ) ) ;
#3962 = ORIENTED_EDGE ( 'NONE', *, *, #2894, .T. ) ;
#3963 = AXIS2_PLACEMENT_3D ( 'NONE', #6111, #6015, #2797 ) ;
#3964 = DIRECTION ( 'NONE',  ( 0.000000000000000000, 1.000000000000000000, -0.000000000000000000 ) ) ;
#3965 = EDGE_CURVE ( 'NONE', #1389, #6831, #333, .T. ) ;
#3966 = LINE ( 'NONE', #5129, #1224 ) ;
#3967 = DIRECTION ( 'NONE',  ( 3.119495077932164041E-16, 0.000000000000000000, 1.000000000000000000 ) ) ;
#3968 = DIRECTION ( 'NONE',  ( -0.000000000000000000, -1.000000000000000000, -0.000000000000000000 ) ) ;
#3969 = CARTESIAN_POINT ( 'NONE',  ( 4.000000000000000000, 2.500000000000017764, 0.000000000000000000 ) ) ;
#3970 = CARTESIAN_POINT ( 'NONE',  ( 23.75192124104854940, 10.31295388708991467, 14.33830428414279723 ) ) ;
#3971 = ORIENTED_EDGE ( 'NONE', *, *, #4747, .T. ) ;
#3972 = ORIENTED_EDGE ( 'NONE', *, *, #428, .F. ) ;
#3973 = LINE ( 'NONE', #5594, #2781 ) ;
#3974 = VERTEX_POINT ( 'NONE', #5322 ) ;
#3975 = DIRECTION ( 'NONE',  ( 0.000000000000000000, -1.000000000000000000, 0.000000000000000000 ) ) ;
#3976 = EDGE_CURVE ( 'NONE', #6185, #4557, #196, .T. ) ;
#3977 = VECTOR ( 'NONE', #4321, 1000.000000000000114 ) ;
#3978 = AXIS2_PLACEMENT_3D ( 'NONE', #4165, #869, #1446 ) ;
#3979 = CARTESIAN_POINT ( 'NONE',  ( 31.24999999999977973, 0.5000000000000004441, -31.25000000000020250 ) ) ;
#3980 = ORIENTED_EDGE ( 'NONE', *, *, #125, .F. ) ;
#3981 = AXIS2_PLACEMENT_3D ( 'NONE', #224, #6226, #6259 ) ;
#3982 = CARTESIAN_POINT ( 'NONE',  ( -23.51055144293148658, 10.40561812850590862, -13.84760456115539107 ) ) ;
#3983 = CARTESIAN_POINT ( 'NONE',  ( -35.26527825794104132, 5.999999999999992006, 32.32589056660211213 ) ) ;
#3984 = AXIS2_PLACEMENT_3D ( 'NONE', #5160, #1927, #5828 ) ;
#3985 = EDGE_LOOP ( 'NONE', ( #487, #4144, #2483, #3841 ) ) ;
#3986 = CIRCLE ( 'NONE', #6589, 2.000000000000001776 ) ;
#3987 = EDGE_CURVE ( 'NONE', #6513, #2384, #457, .T. ) ;
#3988 = EDGE_LOOP ( 'NONE', ( #5487, #2960, #229, #2544 ) ) ;
#3989 = DIRECTION ( 'NONE',  ( 0.000000000000000000, 0.000000000000000000, -1.000000000000000000 ) ) ;
#3990 = CARTESIAN_POINT ( 'NONE',  ( -23.75192124104854940, 10.31295388708991467, -14.33830428414279012 ) ) ;
#3991 = AXIS2_PLACEMENT_3D ( 'NONE', #775, #816, #926 ) ;
#3992 = VECTOR ( 'NONE', #2285, 1000.000000000000000 ) ;
#3993 = DIRECTION ( 'NONE',  ( 0.7071067811865466846, 0.000000000000000000, -0.7071067811865483499 ) ) ;
#3994 = ADVANCED_FACE ( 'NONE', ( #6445 ), #1337, .T. ) ;
#3995 = CARTESIAN_POINT ( 'NONE',  ( -13.43502884254442620, 2.000000000000000000, 13.43502884254437646 ) ) ;
#3996 = ORIENTED_EDGE ( 'NONE', *, *, #659, .T. ) ;
#3997 = VECTOR ( 'NONE', #5985, 1000.000000000000000 ) ;
#3998 = FACE_OUTER_BOUND ( 'NONE', #6863, .T. ) ;
#3999 = EDGE_CURVE ( 'NONE', #884, #3453, #3511, .T. ) ;
#4000 = CARTESIAN_POINT ( 'NONE',  ( 25.42575222578560101, 5.999999999999996447, 34.21036191661211490 ) ) ;
#4001 = VECTOR ( 'NONE', #1120, 1000.000000000000114 ) ;
#4002 = CARTESIAN_POINT ( 'NONE',  ( 32.59607450347800039, 0.000000000000000000, 9.669329188920537277 ) ) ;
#4003 = CIRCLE ( 'NONE', #583, 23.99999999999999645 ) ;
#4004 = DIRECTION ( 'NONE',  ( 0.9659258262890692004, 4.336808689941942548E-17, 0.2588190451025172978 ) ) ;
#4005 = CARTESIAN_POINT ( 'NONE',  ( -24.94254424594968711, 9.625746258750941919, -16.10544864610289650 ) ) ;
#4006 = ORIENTED_EDGE ( 'NONE', *, *, #3140, .F. ) ;
#4007 = ORIENTED_EDGE ( 'NONE', *, *, #3627, .F. ) ;
#4008 = VECTOR ( 'NONE', #3704, 1000.000000000000000 ) ;
#4009 = AXIS2_PLACEMENT_3D ( 'NONE', #2084, #5902, #1001 ) ;
#4010 = DIRECTION ( 'NONE',  ( 0.000000000000000000, 1.000000000000000000, 0.000000000000000000 ) ) ;
#4011 = DIRECTION ( 'NONE',  ( 0.000000000000000000, -1.000000000000000000, 0.000000000000000000 ) ) ;
#4012 = CARTESIAN_POINT ( 'NONE',  ( 13.43502884254437468, 2.000000000000000000, 14.83502884254442655 ) ) ;
#4013 = LINE ( 'NONE', #3484, #3082 ) ;
#4014 = AXIS2_PLACEMENT_3D ( 'NONE', #2368, #4552, #791 ) ;
#4015 = CARTESIAN_POINT ( 'NONE',  ( 22.97739872109281123, 10.93726233883431398, 13.82873704770517698 ) ) ;
#4016 = ORIENTED_EDGE ( 'NONE', *, *, #6398, .F. ) ;
#4017 = EDGE_LOOP ( 'NONE', ( #6550, #6160, #3811, #5054 ) ) ;
#4018 = DIRECTION ( 'NONE',  ( 0.000000000000000000, 0.000000000000000000, -1.000000000000000000 ) ) ;
#4019 = ORIENTED_EDGE ( 'NONE', *, *, #6734, .T. ) ;
#4020 = CARTESIAN_POINT ( 'NONE',  ( -25.52500669161252844, 9.296760541840562553, -16.74039700078601456 ) ) ;
#4021 = CARTESIAN_POINT ( 'NONE',  ( 23.52172655786845468, 10.74263815611499950, -14.89418594601437462 ) ) ;
#4022 = ORIENTED_EDGE ( 'NONE', *, *, #6653, .F. ) ;
#4023 = CONICAL_SURFACE ( 'NONE', #3460, 10.49999999999999822, 0.7853981633974466137 ) ;
#4024 = CARTESIAN_POINT ( 'NONE',  ( 13.43502884254442797, 3.499999999999999556, -13.43502884254437468 ) ) ;
#4025 = CARTESIAN_POINT ( 'NONE',  ( -17.09395039137927341, 0.000000000000000000, -25.17145330101926604 ) ) ;
#4026 = ORIENTED_EDGE ( 'NONE', *, *, #6343, .T. ) ;
#4027 = B_SPLINE_CURVE_WITH_KNOTS ( 'NONE', 3,
 ( #398, #3047, #4765, #6927 ),
 .UNSPECIFIED., .F., .F.,
 ( 4, 4 ),
 ( 0.000000000000000000, 1.000000000000000000 ),
 .UNSPECIFIED. ) ;
#4028 = EDGE_LOOP ( 'NONE', ( #5742, #2128, #1418, #5528 ) ) ;
#4029 = CARTESIAN_POINT ( 'NONE',  ( -66.03389411600863923, 5.999999999999996447, -8.891420048912072716 ) ) ;
#4030 = AXIS2_PLACEMENT_3D ( 'NONE', #69, #2253, #4472 ) ;
#4031 = CARTESIAN_POINT ( 'NONE',  ( -23.01690092346464667, 10.49999999999999467, -12.53977053546883802 ) ) ;
#4032 = VECTOR ( 'NONE', #4934, 1000.000000000000000 ) ;
#4033 = LINE ( 'NONE', #4687, #6391 ) ;
#4034 = EDGE_CURVE ( 'NONE', #111, #918, #3643, .T. ) ;
#4035 = ADVANCED_FACE ( 'NONE', ( #4753 ), #2029, .F. ) ;
#4036 = VERTEX_POINT ( 'NONE', #2776 ) ;
#4037 = CARTESIAN_POINT ( 'NONE',  ( 9.669329188920537277, 0.5000000000000004441, -32.59607450347800039 ) ) ;
#4038 = EDGE_LOOP ( 'NONE', ( #6644, #1073, #979, #1665 ) ) ;
#4039 = VECTOR ( 'NONE', #5709, 1000.000000000000000 ) ;
#4040 = CARTESIAN_POINT ( 'NONE',  ( -4.000000000000000000, 2.000000000000000000, 0.000000000000000000 ) ) ;
#4041 = CARTESIAN_POINT ( 'NONE',  ( -14.86271268622176045, 10.16765779326524211, -24.05011737402706373 ) ) ;
#4042 = LINE ( 'NONE', #6218, #344 ) ;
#4043 = CARTESIAN_POINT ( 'NONE',  ( -28.31061230866049883, 2.999999999999993339, -34.18938769133949052 ) ) ;
#4044 = ORIENTED_EDGE ( 'NONE', *, *, #4606, .T. ) ;
#4045 = ORIENTED_EDGE ( 'NONE', *, *, #589, .F. ) ;
#4046 = CARTESIAN_POINT ( 'NONE',  ( 31.25000000000010303, 5.499999999999991118, 31.24999999999988631 ) ) ;
#4047 = CARTESIAN_POINT ( 'NONE',  ( -16.80458515963051980, 9.977803428673867714, -24.88205480986000495 ) ) ;
#4048 = EDGE_CURVE ( 'NONE', #216, #3710, #4657, .T. ) ;
#4049 = CARTESIAN_POINT ( 'NONE',  ( 28.31061230866049883, 5.999999999999992895, 34.18938769133949052 ) ) ;
#4050 = DIRECTION ( 'NONE',  ( 0.000000000000000000, -1.000000000000000000, 0.000000000000000000 ) ) ;
#4051 = DIRECTION ( 'NONE',  ( 0.000000000000000000, 0.000000000000000000, -1.000000000000000000 ) ) ;
#4052 = CARTESIAN_POINT ( 'NONE',  ( -23.00730459930579030, 6.603073792140888187, 31.79191429013228287 ) ) ;
#4053 = ORIENTED_EDGE ( 'NONE', *, *, #5434, .F. ) ;
#4054 = EDGE_LOOP ( 'NONE', ( #2164, #6404, #2900, #3533 ) ) ;
#4055 = PLANE ( 'NONE',  #3591 ) ;
#4056 = ORIENTED_EDGE ( 'NONE', *, *, #4376, .F. ) ;
#4057 = DIRECTION ( 'NONE',  ( -0.7071067811865571207, 0.000000000000000000, -0.7071067811865379138 ) ) ;
#4058 = CARTESIAN_POINT ( 'NONE',  ( -23.98028928455007147, 10.20417924965539136, 14.74602843558288789 ) ) ;
#4059 = CARTESIAN_POINT ( 'NONE',  ( -16.22715371918028282, 9.564752401318910913, -25.04652052871497503 ) ) ;
#4060 = CARTESIAN_POINT ( 'NONE',  ( 15.28248557872779578, 0.000000000000000000, 23.35998848836777597 ) ) ;
#4061 = ORIENTED_EDGE ( 'NONE', *, *, #631, .T. ) ;
#4062 = VERTEX_POINT ( 'NONE', #4416 ) ;
#4063 = ADVANCED_FACE ( 'NONE', ( #7047 ), #6463, .F. ) ;
#4064 = CARTESIAN_POINT ( 'NONE',  ( -24.30405893058835787, 10.02542774068883702, 15.26491273214916333 ) ) ;
#4065 = CARTESIAN_POINT ( 'NONE',  ( -23.26620134244789639, 10.47241375513624639, -13.26910075935899336 ) ) ;
#4066 = CARTESIAN_POINT ( 'NONE',  ( 31.79191429013230419, 6.603073792140891740, 23.00730459930580096 ) ) ;
#4067 = ORIENTED_EDGE ( 'NONE', *, *, #1427, .T. ) ;
#4068 = DIRECTION ( 'NONE',  ( 0.7071067811865474617, 0.000000000000000000, 0.7071067811865476838 ) ) ;
#4069 = ORIENTED_EDGE ( 'NONE', *, *, #6813, .T. ) ;
#4070 = DIRECTION ( 'NONE',  ( 0.7071067811865474617, 0.000000000000000000, -0.7071067811865474617 ) ) ;
#4071 = ADVANCED_FACE ( 'NONE', ( #6518 ), #6612, .F. ) ;
#4072 = EDGE_CURVE ( 'NONE', #6921, #1334, #3745, .T. ) ;
#4073 = CARTESIAN_POINT ( 'NONE',  ( -15.27836856498660545, 10.63008015069789280, -23.75528870960730643 ) ) ;
#4074 = CARTESIAN_POINT ( 'NONE',  ( -31.25000000000000000, 0.000000000000000000, 29.14999999999999147 ) ) ;
#4075 = FACE_OUTER_BOUND ( 'NONE', #903, .T. ) ;
#4076 = VERTEX_POINT ( 'NONE', #523 ) ;
#4077 = ORIENTED_EDGE ( 'NONE', *, *, #4784, .F. ) ;
#4078 = ADVANCED_FACE ( 'NONE', ( #3391 ), #3789, .F. ) ;
#4079 = CARTESIAN_POINT ( 'NONE',  ( -13.43502884254442620, 11.00099999999999945, 13.43502884254437646 ) ) ;
#4080 = VECTOR ( 'NONE', #2118, 1000.000000000000000 ) ;
#4081 = DIRECTION ( 'NONE',  ( -0.2418447626479661439, -0.9396926207859105373, 0.2418447626479761636 ) ) ;
#4082 = DIRECTION ( 'NONE',  ( -0.4999999999999975020, -0.7071067811865475727, -0.5000000000000024425 ) ) ;
#4083 = CIRCLE ( 'NONE', #1003, 1.400000000000000133 ) ;
#4084 = CARTESIAN_POINT ( 'NONE',  ( -4.000000000000000000, 0.5000000000000004441, 0.000000000000000000 ) ) ;
#4085 = DIRECTION ( 'NONE',  ( -0.000000000000000000, -1.000000000000000000, -0.000000000000000000 ) ) ;
#4086 = EDGE_LOOP ( 'NONE', ( #527, #3097, #630, #6681 ) ) ;
#4087 = ORIENTED_EDGE ( 'NONE', *, *, #5957, .T. ) ;
#4088 = ADVANCED_FACE ( 'NONE', ( #2180 ), #4994, .T. ) ;
#4089 = COORDINATED_UNIVERSAL_TIME_OFFSET ( 8, 0, .AHEAD. ) ;
#4090 = AXIS2_PLACEMENT_3D ( 'NONE', #6551, #2715, #4970 ) ;
#4091 = CIRCLE ( 'NONE', #5572, 4.000000000000000000 ) ;
#4092 = ORIENTED_EDGE ( 'NONE', *, *, #5499, .T. ) ;
#4093 = PLANE ( 'NONE',  #663 ) ;
#4094 = EDGE_CURVE ( 'NONE', #5396, #5382, #57, .T. ) ;
#4095 = CARTESIAN_POINT ( 'NONE',  ( -23.74681683776413266, 10.31517468071290367, 14.32865197480645669 ) ) ;
#4096 = EDGE_CURVE ( 'NONE', #4182, #5630, #1636, .T. ) ;
#4097 = VECTOR ( 'NONE', #2613, 1000.000000000000000 ) ;
#4098 = CARTESIAN_POINT ( 'NONE',  ( -16.33949194437964891, 9.507684127875441149, -25.14532320239419860 ) ) ;
#4099 = LINE ( 'NONE', #6237, #6717 ) ;
#4100 = ORIENTED_EDGE ( 'NONE', *, *, #4261, .T. ) ;
#4101 = ORIENTED_EDGE ( 'NONE', *, *, #1085, .T. ) ;
#4102 = CONICAL_SURFACE ( 'NONE', #4437, 22.00000000000000000, 0.7853981633974482790 ) ;
#4103 = AXIS2_PLACEMENT_3D ( 'NONE', #604, #41, #3402 ) ;
#4104 = CARTESIAN_POINT ( 'NONE',  ( -23.68597397503005197, 10.34004226407919269, 14.20929924847186143 ) ) ;
#4105 = DIRECTION ( 'NONE',  ( 0.000000000000000000, 1.000000000000000000, 0.000000000000000000 ) ) ;
#4106 = CARTESIAN_POINT ( 'NONE',  ( -4.677124344467690875, 2.000000000000000000, 20.28460969082651033 ) ) ;
#4107 = AXIS2_PLACEMENT_3D ( 'NONE', #6995, #395, #2119 ) ;
#4108 = ORIENTED_EDGE ( 'NONE', *, *, #1821, .T. ) ;
#4109 = CARTESIAN_POINT ( 'NONE',  ( 25.42575222578559035, 5.499999999999990230, 34.21036191661212200 ) ) ;
#4110 = VERTEX_POINT ( 'NONE', #89 ) ;
#4111 = ORIENTED_EDGE ( 'NONE', *, *, #1997, .T. ) ;
#4112 = CARTESIAN_POINT ( 'NONE',  ( 4.677124344467690875, 2.000000000000000000, 20.28460969082651033 ) ) ;
#4113 = AXIS2_PLACEMENT_3D ( 'NONE', #3468, #5222, #203 ) ;
#4114 = CARTESIAN_POINT ( 'NONE',  ( -14.63121646203213722, 10.80544703232891379, -23.37395230240898059 ) ) ;
#4115 = DIRECTION ( 'NONE',  ( -0.7071067811865405783, 0.000000000000000000, 0.7071067811865544561 ) ) ;
#4116 = DIRECTION ( 'NONE',  ( 0.9659258262890656477, 0.000000000000000000, -0.2588190451025304539 ) ) ;
#4117 = ORIENTED_EDGE ( 'NONE', *, *, #5767, .F. ) ;
#4118 = ORIENTED_EDGE ( 'NONE', *, *, #4260, .T. ) ;
#4119 = DIRECTION ( 'NONE',  ( -0.6644630243886759935, -0.3420201433256629397, 0.6644630243886762155 ) ) ;
#4120 = CARTESIAN_POINT ( 'NONE',  ( 13.43502884254437468, 2.000000000000000000, 12.03502884254442584 ) ) ;
#4121 = PLANE ( 'NONE',  #2992 ) ;
#4123 = LINE ( 'NONE', #861, #1234 ) ;
#4122 = AXIS2_PLACEMENT_3D ( 'NONE', #5740, #6870, #374 ) ;
#4124 = DIRECTION ( 'NONE',  ( 0.000000000000000000, -1.000000000000000000, 0.000000000000000000 ) ) ;
#4125 = DIRECTION ( 'NONE',  ( -0.2010955364414916957, -0.7071067811865497932, -0.6779089800432690494 ) ) ;
#4126 = ADVANCED_FACE ( 'NONE', ( #3322 ), #2491, .T. ) ;
#4127 = EDGE_CURVE ( 'NONE', #1859, #45, #1732, .T. ) ;
#4128 = ORIENTED_EDGE ( 'NONE', *, *, #1690, .T. ) ;
#4129 = ORIENTED_EDGE ( 'NONE', *, *, #4829, .F. ) ;
#4130 = ORIENTED_EDGE ( 'NONE', *, *, #2530, .F. ) ;
#4131 = FACE_OUTER_BOUND ( 'NONE', #4504, .T. ) ;
#4132 = CARTESIAN_POINT ( 'NONE',  ( -22.97280600330195455, 10.93906763553111539, 13.82027990370518289 ) ) ;
#4133 = CARTESIAN_POINT ( 'NONE',  ( 25.52500669161253199, 9.296760541840628278, -16.74039700078600390 ) ) ;
#4134 = DIRECTION ( 'NONE',  ( 0.000000000000000000, 0.000000000000000000, 1.000000000000000000 ) ) ;
#4135 = ORIENTED_EDGE ( 'NONE', *, *, #4417, .T. ) ;
#4136 = EDGE_LOOP ( 'NONE', ( #2406, #2475, #3796, #3445 ) ) ;
#4137 = AXIS2_PLACEMENT_3D ( 'NONE', #2013, #3091, #6931 ) ;
#4138 = FACE_OUTER_BOUND ( 'NONE', #1534, .T. ) ;
#4139 = EDGE_CURVE ( 'NONE', #4484, #2033, #1912, .T. ) ;
#4140 = CARTESIAN_POINT ( 'NONE',  ( -23.52618251874223176, 10.74063078610299371, -14.90184112284097573 ) ) ;
#4141 = CYLINDRICAL_SURFACE ( 'NONE', #752, 4.000000000000000000 ) ;
#4142 = CARTESIAN_POINT ( 'NONE',  ( 24.50629134055930081, 10.18874678450000282, 16.36072403709245648 ) ) ;
#4143 = VECTOR ( 'NONE', #2228, 1000.000000000000000 ) ;
#4144 = ORIENTED_EDGE ( 'NONE', *, *, #3859, .F. ) ;
#4145 = CARTESIAN_POINT ( 'NONE',  ( 13.43502884254437468, 2.000000000000000000, 13.43502884254442620 ) ) ;
#4146 = VERTEX_POINT ( 'NONE', #2840 ) ;
#4147 = AXIS2_PLACEMENT_3D ( 'NONE', #4805, #3664, #4843 ) ;
#4148 = DIRECTION ( 'NONE',  ( 1.000000000000000000, 0.000000000000000000, -3.119495077932164041E-16 ) ) ;
#4149 = CIRCLE ( 'NONE', #5415, 10.49999999999999467 ) ;
#4150 = ADVANCED_FACE ( 'NONE', ( #6092 ), #5993, .F. ) ;
#4151 = DIRECTION ( 'NONE',  ( 0.6644630243886763266, 0.3420201433256629953, -0.6644630243886759935 ) ) ;
#4152 = DIRECTION ( 'NONE',  ( 0.5000000000000337508, -0.7071067811864962804, 0.5000000000000386358 ) ) ;
#4153 = FACE_OUTER_BOUND ( 'NONE', #6679, .T. ) ;
#4154 = ORIENTED_EDGE ( 'NONE', *, *, #1771, .T. ) ;
#4155 = DIRECTION ( 'NONE',  ( 0.7071067811865500152, 0.7071067811865451302, 0.000000000000000000 ) ) ;
#4156 = DIRECTION ( 'NONE',  ( 0.000000000000000000, 0.000000000000000000, 1.000000000000000000 ) ) ;
#4157 = EDGE_CURVE ( 'NONE', #3669, #3393, #1061, .T. ) ;
#4158 = DIRECTION ( 'NONE',  ( 0.000000000000000000, -0.7071067811865505703, -0.7071067811865444641 ) ) ;
#4159 = CARTESIAN_POINT ( 'NONE',  ( 23.74681683776416818, 10.31517468071289834, -14.32865197480651354 ) ) ;
#4160 = CARTESIAN_POINT ( 'NONE',  ( 14.00000000000000355, 3.499999999999999556, 19.49358868961792624 ) ) ;
#4161 = DIRECTION ( 'NONE',  ( 0.5000000000000108802, 0.7071067811865459074, 0.4999999999999913403 ) ) ;
#4162 = VERTEX_POINT ( 'NONE', #1091 ) ;
#4163 = VERTEX_POINT ( 'NONE', #5493 ) ;
#4164 = ORIENTED_EDGE ( 'NONE', *, *, #4889, .F. ) ;
#4165 = CARTESIAN_POINT ( 'NONE',  ( 32.60998848836815966, 5.999999999999996447, 24.53248557872818836 ) ) ;
#4166 = EDGE_CURVE ( 'NONE', #3456, #5444, #3285, .T. ) ;
#4167 = CARTESIAN_POINT ( 'NONE',  ( -23.87634168908732946, 10.56636513255350529, 15.46567752711453814 ) ) ;
#4168 = ADVANCED_FACE ( 'NONE', ( #27 ), #591, .F. ) ;
#4169 = LINE ( 'NONE', #3674, #5573 ) ;
#4170 = CARTESIAN_POINT ( 'NONE',  ( 5.510910596163094486E-16, 3.499999999999999556, -4.500000000000003553 ) ) ;
#4171 = ORIENTED_EDGE ( 'NONE', *, *, #1370, .F. ) ;
#4172 = ORIENTED_EDGE ( 'NONE', *, *, #5449, .T. ) ;
#4173 = CARTESIAN_POINT ( 'NONE',  ( -23.01690092346469285, 10.49999999999999467, 12.53977053546900144 ) ) ;
#4174 = CARTESIAN_POINT ( 'NONE',  ( 6.000000000000000000, 0.000000000000000000, 18.78460969082652099 ) ) ;
#4175 = ORIENTED_EDGE ( 'NONE', *, *, #2649, .T. ) ;
#4176 = LINE ( 'NONE', #6349, #1362 ) ;
#4177 = ORIENTED_EDGE ( 'NONE', *, *, #366, .F. ) ;
#4178 = CARTESIAN_POINT ( 'NONE',  ( -22.88638221798186478, 6.133227481747836940, -31.67099190880839998 ) ) ;
#4179 = DIRECTION ( 'NONE',  ( 0.7071067811865472397, 0.000000000000000000, 0.7071067811865479058 ) ) ;
#4180 = FACE_OUTER_BOUND ( 'NONE', #6774, .T. ) ;
#4181 = LINE ( 'NONE', #5833, #4932 ) ;
#4182 = VERTEX_POINT ( 'NONE', #2381 ) ;
#4183 = EDGE_CURVE ( 'NONE', #531, #2492, #1218, .T. ) ;
#4184 = B_SPLINE_CURVE_WITH_KNOTS ( 'NONE', 3,
 ( #2446, #332, #3597, #5843 ),
 .UNSPECIFIED., .F., .F.,
 ( 4, 4 ),
 ( 0.000000000000000000, 1.000000000000000000 ),
 .UNSPECIFIED. ) ;
#4185 = CARTESIAN_POINT ( 'NONE',  ( 1.705935241955687687, 23.31338798560319603, -10.49054493278222111 ) ) ;
#4186 = CARTESIAN_POINT ( 'NONE',  ( 27.23472174205883434, 2.999999999999993339, 30.17410943339800156 ) ) ;
#4187 = DIRECTION ( 'NONE',  ( 0.000000000000000000, -1.000000000000000000, 0.000000000000000000 ) ) ;
#4188 = CARTESIAN_POINT ( 'NONE',  ( 24.08374291834322634, 10.44940303994398612, -15.77048597119828166 ) ) ;
#4189 = CARTESIAN_POINT ( 'NONE',  ( -14.92893218813452805, 0.4999999999999978351, 23.71354187896104904 ) ) ;
#4190 = LINE ( 'NONE', #3565, #6722 ) ;
#4191 = ORIENTED_EDGE ( 'NONE', *, *, #3735, .T. ) ;
#4192 = EDGE_LOOP ( 'NONE', ( #6142, #647 ) ) ;
#4193 = CALENDAR_DATE ( 2026, 21, 5 ) ;
#4194 = EDGE_LOOP ( 'NONE', ( #5712, #6184, #3738, #6023 ) ) ;
#4195 = CYLINDRICAL_SURFACE ( 'NONE', #3765, 2.400000000000001243 ) ;
#4196 = VECTOR ( 'NONE', #2575, 1000.000000000000000 ) ;
#4197 = CARTESIAN_POINT ( 'NONE',  ( -31.25000000000031264, 0.000000000000000000, -31.24999999999967315 ) ) ;
#4198 = DIRECTION ( 'NONE',  ( -0.000000000000000000, -1.000000000000000000, -0.000000000000000000 ) ) ;
#4199 = CARTESIAN_POINT ( 'NONE',  ( -7.857864376269053430, 0.000000000000000000, 30.78460969082652454 ) ) ;
#4200 = ORIENTED_EDGE ( 'NONE', *, *, #2001, .T. ) ;
#4201 = ORIENTED_EDGE ( 'NONE', *, *, #6822, .F. ) ;
#4202 = ORIENTED_EDGE ( 'NONE', *, *, #896, .F. ) ;
#4203 = AXIS2_PLACEMENT_3D ( 'NONE', #5485, #1213, #6631 ) ;
#4204 = CARTESIAN_POINT ( 'NONE',  ( -15.88863270537044237, 10.39692620785910648, -24.16949739484938675 ) ) ;
#4205 = AXIS2_PLACEMENT_3D ( 'NONE', #4767, #5410, #2046 ) ;
#4206 = CARTESIAN_POINT ( 'NONE',  ( 13.43502884254437468, 2.000000000000000000, 13.43502884254442620 ) ) ;
#4207 = CARTESIAN_POINT ( 'NONE',  ( 31.25000000000010303, 0.5000000000000004441, 31.24999999999988631 ) ) ;
#4208 = ORIENTED_EDGE ( 'NONE', *, *, #2464, .F. ) ;
#4209 = CIRCLE ( 'NONE', #1119, 2.399999999999999467 ) ;
#4210 = CARTESIAN_POINT ( 'NONE',  ( 4.038751454819997200, 0.000000000000000000, -4.038751454819993647 ) ) ;
#4211 = EDGE_CURVE ( 'NONE', #682, #3317, #4083, .T. ) ;
#4212 = EDGE_CURVE ( 'NONE', #4162, #6017, #5933, .T. ) ;
#4213 = EDGE_LOOP ( 'NONE', ( #5663, #73, #4531, #5758 ) ) ;
#4214 = CONICAL_SURFACE ( 'NONE', #1121, 10.49999999999999822, 0.7853981633974466137 ) ;
#4215 = VERTEX_POINT ( 'NONE', #700 ) ;
#4216 = DIRECTION ( 'NONE',  ( 0.000000000000000000, 0.000000000000000000, 1.000000000000000000 ) ) ;
#4217 = AXIS2_PLACEMENT_3D ( 'NONE', #2610, #1034, #6419 ) ;
#4218 = AXIS2_PLACEMENT_3D ( 'NONE', #789, #2973, #5128 ) ;
#4219 = FACE_OUTER_BOUND ( 'NONE', #2950, .T. ) ;
#4220 = VECTOR ( 'NONE', #3236, 1000.000000000000227 ) ;
#4221 = DIRECTION ( 'NONE',  ( -0.000000000000000000, -1.000000000000000000, -0.000000000000000000 ) ) ;
#4222 = DIRECTION ( 'NONE',  ( 0.7071067811865403563, -0.000000000000000000, -0.7071067811865546782 ) ) ;
#4223 = ORIENTED_EDGE ( 'NONE', *, *, #6883, .F. ) ;
#4224 = VECTOR ( 'NONE', #3395, 1000.000000000000000 ) ;
#4225 = CIRCLE ( 'NONE', #4689, 10.00000000000000178 ) ;
#4226 = EDGE_CURVE ( 'NONE', #5557, #247, #5001, .T. ) ;
#4227 = CARTESIAN_POINT ( 'NONE',  ( 25.39486169068582910, 9.367099779312228591, -16.61025199985929035 ) ) ;
#4228 = FACE_OUTER_BOUND ( 'NONE', #4904, .T. ) ;
#4229 = CARTESIAN_POINT ( 'NONE',  ( -25.77930561637885987, 5.999999999999996447, -33.85680852601883828 ) ) ;
#4230 = EDGE_CURVE ( 'NONE', #5687, #6030, #2142, .T. ) ;
#4231 = CARTESIAN_POINT ( 'NONE',  ( 22.97280600330197942, 10.93906763553111894, -13.82027990370522730 ) ) ;
#4232 = EDGE_CURVE ( 'NONE', #2007, #2250, #6268, .T. ) ;
#4233 = DIRECTION ( 'NONE',  ( 0.000000000000000000, -1.000000000000000000, 0.000000000000000000 ) ) ;
#4234 = AXIS2_PLACEMENT_3D ( 'NONE', #6162, #1268, #5636 ) ;
#4235 = CYLINDRICAL_SURFACE ( 'NONE', #122, 10.00000000000000355 ) ;
#4236 = VERTEX_POINT ( 'NONE', #764 ) ;
#4237 = EDGE_LOOP ( 'NONE', ( #4988, #3206, #5310, #1561 ) ) ;
#4238 = ADVANCED_FACE ( 'NONE', ( #165 ), #5146, .T. ) ;
#4239 = VERTEX_POINT ( 'NONE', #807 ) ;
#4240 = DIRECTION ( 'NONE',  ( 0.9659258262890685343, -2.086548053801603740E-16, 0.2588190451025199623 ) ) ;
#4241 = DIRECTION ( 'NONE',  ( 0.5000000000000019984, 0.7071067811865450192, -0.5000000000000015543 ) ) ;
#4242 = EDGE_CURVE ( 'NONE', #1035, #3526, #3758, .T. ) ;
#4243 = CARTESIAN_POINT ( 'NONE',  ( -31.25000000000000000, 47.00822076650859316, 31.24999999999999289 ) ) ;
#4244 = VECTOR ( 'NONE', #1321, 1000.000000000000114 ) ;
#4245 = LINE ( 'NONE', #1951, #2857 ) ;
#4246 = ORIENTED_EDGE ( 'NONE', *, *, #1828, .T. ) ;
#4247 = VECTOR ( 'NONE', #3873, 1000.000000000000114 ) ;
#4248 = AXIS2_PLACEMENT_3D ( 'NONE', #505, #3229, #1100 ) ;
#4249 = CARTESIAN_POINT ( 'NONE',  ( 0.000000000000000000, 11.00000000000000000, 0.000000000000000000 ) ) ;
#4250 = EDGE_CURVE ( 'NONE', #6523, #3827, #272, .T. ) ;
#4251 = DIRECTION ( 'NONE',  ( 0.000000000000000000, -0.000000000000000000, -1.000000000000000000 ) ) ;
#4252 = DIRECTION ( 'NONE',  ( 0.000000000000000000, 0.000000000000000000, -1.000000000000000000 ) ) ;
#4253 = VERTEX_POINT ( 'NONE', #1223 ) ;
#4254 = LINE ( 'NONE', #390, #3977 ) ;
#4255 = EDGE_LOOP ( 'NONE', ( #904, #4830, #6747, #1892 ) ) ;
#4256 = ORIENTED_EDGE ( 'NONE', *, *, #750, .F. ) ;
#4257 = CARTESIAN_POINT ( 'NONE',  ( 12.58578643762690774, 10.49999999999999467, 21.37039612845343584 ) ) ;
#4258 = UNCERTAINTY_MEASURE_WITH_UNIT (LENGTH_MEASURE( 1.000000000000000082E-05 ), #1871, 'distance_accuracy_value', 'NONE');
#4259 = DIRECTION ( 'NONE',  ( -0.7071067811865477948, -5.318296972402554982E-15, 0.7071067811865472397 ) ) ;
#4260 = EDGE_CURVE ( 'NONE', #802, #6673, #5635, .T. ) ;
#4261 = EDGE_CURVE ( 'NONE', #810, #4413, #1487, .T. ) ;
#4262 = PLANE ( 'NONE',  #6271 ) ;
#4263 = CARTESIAN_POINT ( 'NONE',  ( -24.45559879876122622, 9.927079897466152048, 15.47731122237379431 ) ) ;
#4264 = ORIENTED_EDGE ( 'NONE', *, *, #1523, .T. ) ;
#4265 = CARTESIAN_POINT ( 'NONE',  ( -4.392304845413262271, 3.499999999999999556, 4.392304845413262271 ) ) ;
#4266 = FACE_OUTER_BOUND ( 'NONE', #4028, .T. ) ;
#4267 = CARTESIAN_POINT ( 'NONE',  ( 31.24999999999977973, 5.499999999999991118, -37.46165708246069670 ) ) ;
#4268 = AXIS2_PLACEMENT_3D ( 'NONE', #3864, #5440, #6070 ) ;
#4269 = CARTESIAN_POINT ( 'NONE',  ( 23.75528870960733840, 10.63008015069789103, -15.27836856498666229 ) ) ;
#4270 = B_SPLINE_CURVE_WITH_KNOTS ( 'NONE', 3,
 ( #574, #7003, #478, #1677, #3202, #6040, #2725, #3773, #2760, #4951, #3810, #2628 ),
 .UNSPECIFIED., .F., .F.,
 ( 4, 2, 2, 2, 2, 4 ),
 ( 0.000000000000000000, 0.1249999999999991396, 0.2499999999999993894, 0.3749999999999996114, 0.4999999999999998890, 1.000000000000000000 ),
 .UNSPECIFIED. ) ;
#4271 = DIRECTION ( 'NONE',  ( -0.6644630243886761045, -0.3420201433256628842, -0.6644630243886761045 ) ) ;
#4272 = CARTESIAN_POINT ( 'NONE',  ( 12.67435311487367500, 10.49999973780625595, -23.05722945904454591 ) ) ;
#4273 = EDGE_LOOP ( 'NONE', ( #1998, #6759 ) ) ;
#4274 = ORIENTED_EDGE ( 'NONE', *, *, #7020, .T. ) ;
#4275 = CIRCLE ( 'NONE', #3251, 10.00000000000000000 ) ;
#4276 = EDGE_CURVE ( 'NONE', #389, #111, #1346, .T. ) ;
#4277 = CARTESIAN_POINT ( 'NONE',  ( -13.82174477237560417, 10.94212249978331819, -22.97012256919516560 ) ) ;
#4278 = CARTESIAN_POINT ( 'NONE',  ( -31.25000000000000000, 5.499999999999991118, 31.24999999999999289 ) ) ;
#4279 = FACE_OUTER_BOUND ( 'NONE', #44, .T. ) ;
#4280 = CARTESIAN_POINT ( 'NONE',  ( -31.25000000000031264, 47.00822076650859316, -31.24999999999967315 ) ) ;
#4281 = ORIENTED_EDGE ( 'NONE', *, *, #4839, .T. ) ;
#4282 = ORIENTED_EDGE ( 'NONE', *, *, #6935, .F. ) ;
#4283 = B_SPLINE_CURVE_WITH_KNOTS ( 'NONE', 3,
 ( #1790, #5658, #2905, #1183, #6603, #5099, #6708, #3969 ),
 .UNSPECIFIED., .F., .F.,
 ( 4, 2, 2, 4 ),
 ( 0.000000000000000000, 0.001061075954399607604, 0.001591613931599411298, 0.002122151908799215208 ),
 .UNSPECIFIED. ) ;
#4284 = CARTESIAN_POINT ( 'NONE',  ( -22.97012256919386175, 10.94212249978374452, 13.82174477237154697 ) ) ;
#4285 = LOCAL_TIME ( 19, 59, 38.00000000000000000, #6636 ) ;
#4286 = DIRECTION ( 'NONE',  ( 0.000000000000000000, 1.000000000000000000, 0.000000000000000000 ) ) ;
#4287 = CARTESIAN_POINT ( 'NONE',  ( -14.00000000000000000, 11.00000000000000000, 19.49358868961792624 ) ) ;
#4288 = ORIENTED_EDGE ( 'NONE', *, *, #3036, .F. ) ;
#4289 = CARTESIAN_POINT ( 'NONE',  ( -30.17410943339790919, 6.124798468254549100, 27.23472174205893737 ) ) ;
#4290 = VERTEX_POINT ( 'NONE', #4676 ) ;
#4291 = EDGE_CURVE ( 'NONE', #1215, #3592, #1011, .T. ) ;
#4292 = VERTEX_POINT ( 'NONE', #6410 ) ;
#4293 = CARTESIAN_POINT ( 'NONE',  ( -24.53248557872832336, 5.999999999999996447, 32.60998848836826625 ) ) ;
#4294 = DIRECTION ( 'NONE',  ( -0.2588190451025309535, -4.336808689942094157E-17, -0.9659258262890656477 ) ) ;
#4295 = DIRECTION ( 'NONE',  ( -0.000000000000000000, -1.000000000000000000, -0.000000000000000000 ) ) ;
#4296 = CARTESIAN_POINT ( 'NONE',  ( 35.28875145481976716, 0.000000000000000000, -27.21124854518021507 ) ) ;
#4297 = ORIENTED_EDGE ( 'NONE', *, *, #2238, .F. ) ;
#4298 = EDGE_CURVE ( 'NONE', #4036, #884, #4169, .T. ) ;
#4299 = FACE_OUTER_BOUND ( 'NONE', #3117, .T. ) ;
#4300 = CARTESIAN_POINT ( 'NONE',  ( -27.70540201526610247, 5.999999999999994671, 31.93071212713146423 ) ) ;
#4301 = CARTESIAN_POINT ( 'NONE',  ( 22.53794224446404826, 11.00000000000000000, -12.68329260279646853 ) ) ;
#4302 = CARTESIAN_POINT ( 'NONE',  ( -31.25000000000000000, 5.999999999999996447, 31.24999999999999289 ) ) ;
#4303 = CARTESIAN_POINT ( 'NONE',  ( 35.64230484541324984, 0.5000000000000004441, -26.85769515458672885 ) ) ;
#4304 = EDGE_LOOP ( 'NONE', ( #4314, #6060, #3242, #4923, #6068, #2609, #3914, #1290, #5029, #6095, #1193 ) ) ;
#4305 = ORIENTED_EDGE ( 'NONE', *, *, #6734, .F. ) ;
#4306 = EDGE_CURVE ( 'NONE', #4751, #4419, #2496, .T. ) ;
#4307 = B_SPLINE_SURFACE_WITH_KNOTS ( 'NONE', 1, 3, ( 
 ( #4540, #3438, #5614, #1855, #6248, #1778, #4041, #1241, #1888, #5681, #6180, #5161, #5120, #319, #6215, #3506, #6694, #2968, #210, #713 ),
 ( #5765, #2895, #4650, #5087, #4696, #4073, #6286, #4579, #3474, #6742, #176, #4114, #1394, #6137, #854, #780, #2359, #3006, #1356, #252 ) ),
 .UNSPECIFIED., .F., .F., .F.,
 ( 2, 2 ),
 ( 4, 2, 2, 2, 2, 2, 2, 2, 2, 4 ),
 ( 0.000000000000000000, 1.000000000000000000 ),
 ( 0.000000000000000000, 0.0004362800355329990052, 0.0006544200532994984536, 0.0008725600710659980105, 0.001090700088832497350, 0.001308840106598996907, 0.001745120142131996021, 0.002181400177664994701, 0.002617680213197993815, 0.003490240284263992042 ),
 .UNSPECIFIED. ) ;
#4308 = CARTESIAN_POINT ( 'NONE',  ( 24.16949739484930504, 10.39692620785910471, 15.88863270537036598 ) ) ;
#4309 = CARTESIAN_POINT ( 'NONE',  ( -32.59607450347800750, 11.00000000000000000, 9.669329188920531948 ) ) ;
#4310 = CARTESIAN_POINT ( 'NONE',  ( -6.683212821753888200, 11.00000000000000000, -22.52963973034509237 ) ) ;
#4311 = EDGE_CURVE ( 'NONE', #5961, #6619, #3171, .T. ) ;
#4312 = CARTESIAN_POINT ( 'NONE',  ( 4.000000000000000000, 0.5000000000000004441, 0.000000000000000000 ) ) ;
#4313 = ORIENTED_EDGE ( 'NONE', *, *, #919, .T. ) ;
#4314 = ORIENTED_EDGE ( 'NONE', *, *, #1518, .T. ) ;
#4315 = AXIS2_PLACEMENT_3D ( 'NONE', #1122, #2273, #5456 ) ;
#4316 = DIRECTION ( 'NONE',  ( -0.000000000000000000, -1.000000000000000000, -0.000000000000000000 ) ) ;
#4317 = DIRECTION ( 'NONE',  ( 0.000000000000000000, 0.2492435693639528382, -0.9684408309910917945 ) ) ;
#4318 = VECTOR ( 'NONE', #4933, 1000.000000000000114 ) ;
#4319 = DIRECTION ( 'NONE',  ( 6.074326420274221356E-16, 0.000000000000000000, 1.000000000000000000 ) ) ;
#4320 = EDGE_LOOP ( 'NONE', ( #1835, #1607 ) ) ;
#4321 = DIRECTION ( 'NONE',  ( 0.4999999999999977240, 0.7071067811865489050, -0.5000000000000002220 ) ) ;
#4322 = ORIENTED_EDGE ( 'NONE', *, *, #5412, .F. ) ;
#4323 = ORIENTED_EDGE ( 'NONE', *, *, #2282, .T. ) ;
#4324 = PLANE ( 'NONE',  #3648 ) ;
#4325 = DIRECTION ( 'NONE',  ( 0.000000000000000000, -0.000000000000000000, -1.000000000000000000 ) ) ;
#4326 = DIRECTION ( 'NONE',  ( 0.000000000000000000, 0.000000000000000000, -1.000000000000000000 ) ) ;
#4327 = CIRCLE ( 'NONE', #6256, 5.711657082460491530 ) ;
#4328 = EDGE_CURVE ( 'NONE', #5948, #5863, #4714, .T. ) ;
#4329 = VECTOR ( 'NONE', #5553, 1000.000000000000000 ) ;
#4330 = DIRECTION ( 'NONE',  ( -0.000000000000000000, 1.000000000000000000, -0.000000000000000000 ) ) ;
#4331 = ORIENTED_EDGE ( 'NONE', *, *, #367, .F. ) ;
#4332 = VECTOR ( 'NONE', #294, 1000.000000000000114 ) ;
#4333 = DIRECTION ( 'NONE',  ( 0.000000000000000000, -1.000000000000000000, 0.000000000000000000 ) ) ;
#4334 = AXIS2_PLACEMENT_3D ( 'NONE', #6297, #6787, #1437 ) ;
#4335 = CARTESIAN_POINT ( 'NONE',  ( -9.669329188920521290, 11.00000000000000000, -32.59607450347801461 ) ) ;
#4336 = CARTESIAN_POINT ( 'NONE',  ( 23.16558846100322810, 10.88214943742721452, -14.23016958331677095 ) ) ;
#4337 = ADVANCED_FACE ( 'NONE', ( #6370 ), #4668, .T. ) ;
#4338 = DIRECTION ( 'NONE',  ( -0.4999999999999988898, 0.7071067811865491270, -0.4999999999999988898 ) ) ;
#4339 = VECTOR ( 'NONE', #5113, 1000.000000000000000 ) ;
#4340 = LINE ( 'NONE', #3733, #2535 ) ;
#4341 = EDGE_LOOP ( 'NONE', ( #5126, #980, #5016, #844, #3420, #1424 ) ) ;
#4342 = ORIENTED_EDGE ( 'NONE', *, *, #4260, .F. ) ;
#4343 = CONICAL_SURFACE ( 'NONE', #5370, 10.49999999999999822, 0.7853981633974466137 ) ;
#4344 = CARTESIAN_POINT ( 'NONE',  ( 23.01690092346471417, 10.49999999999999467, -12.53977053546903697 ) ) ;
#4345 = DIRECTION ( 'NONE',  ( -0.2588190451025199623, -4.336808689941948094E-17, 0.9659258262890685343 ) ) ;
#4346 = AXIS2_PLACEMENT_3D ( 'NONE', #172, #2356, #4535 ) ;
#4348 = CARTESIAN_POINT ( 'NONE',  ( 16.12370011531740843, 9.616654097075269192, -24.95793868433495888 ) ) ;
#4347 = CIRCLE ( 'NONE', #2641, 10.49999999999999467 ) ;
#4349 = ADVANCED_FACE ( 'NONE', ( #3139 ), #411, .F. ) ;
#4350 = CYLINDRICAL_SURFACE ( 'NONE', #6503, 6.211657082460492418 ) ;
#4351 = ORIENTED_EDGE ( 'NONE', *, *, #6685, .T. ) ;
#4352 = VECTOR ( 'NONE', #6152, 1000.000000000000114 ) ;
#4353 = EDGE_LOOP ( 'NONE', ( #2322, #4016, #758, #5452, #553 ) ) ;
#4354 = DIRECTION ( 'NONE',  ( -0.7071067811865472397, 0.000000000000000000, -0.7071067811865479058 ) ) ;
#4355 = CARTESIAN_POINT ( 'NONE',  ( -23.37426216357773612, 10.80532437398648860, 14.63178679839679752 ) ) ;
#4356 = AXIS2_PLACEMENT_3D ( 'NONE', #5492, #193, #4456 ) ;
#4357 = DIRECTION ( 'NONE',  ( -6.133173666733412736E-17, 1.000000000000000000, 6.133173666733579136E-17 ) ) ;
#4358 = CYLINDRICAL_SURFACE ( 'NONE', #839, 9.999999999999998224 ) ;
#4359 = CARTESIAN_POINT ( 'NONE',  ( -34.18938769134013000, 2.999999999999993339, -28.31061230865985934 ) ) ;
#4360 = VERTEX_POINT ( 'NONE', #2601 ) ;
#4361 = AXIS2_PLACEMENT_3D ( 'NONE', #5885, #983, #5346 ) ;
#4362 = CIRCLE ( 'NONE', #4248, 5.711657082460491530 ) ;
#4363 = VECTOR ( 'NONE', #3641, 1000.000000000000000 ) ;
#4364 = ORIENTED_EDGE ( 'NONE', *, *, #3513, .T. ) ;
#4365 = DIRECTION ( 'NONE',  ( 0.000000000000000000, -1.000000000000000000, 0.000000000000000000 ) ) ;
#4366 = VECTOR ( 'NONE', #723, 1000.000000000000000 ) ;
#4367 = DIRECTION ( 'NONE',  ( 0.000000000000000000, 0.000000000000000000, 1.000000000000000000 ) ) ;
#4368 = FACE_OUTER_BOUND ( 'NONE', #1493, .T. ) ;
#4369 = ORIENTED_EDGE ( 'NONE', *, *, #3852, .F. ) ;
#4370 = EDGE_CURVE ( 'NONE', #2245, #3827, #5726, .T. ) ;
#4371 = LINE ( 'NONE', #7027, #225 ) ;
#4372 = VECTOR ( 'NONE', #5879, 1000.000000000000000 ) ;
#4373 = CARTESIAN_POINT ( 'NONE',  ( 25.08312013275719465, 9.542869555985575403, 16.27155821112372891 ) ) ;
#4374 = CARTESIAN_POINT ( 'NONE',  ( -14.00000000000000000, 3.499999999999999556, 19.49358868961792624 ) ) ;
#4375 = LINE ( 'NONE', #7030, #5181 ) ;
#4376 = EDGE_CURVE ( 'NONE', #2526, #1954, #90, .T. ) ;
#4377 = CARTESIAN_POINT ( 'NONE',  ( -13.43502884254442620, 2.000000000000000000, 13.43502884254437646 ) ) ;
#4378 = ORIENTED_EDGE ( 'NONE', *, *, #953, .T. ) ;
#4379 = ORIENTED_EDGE ( 'NONE', *, *, #4370, .T. ) ;
#4380 = CARTESIAN_POINT ( 'NONE',  ( 7.857864376269049878, 0.5000000000000004441, 20.78460969082652454 ) ) ;
#4381 = EDGE_CURVE ( 'NONE', #3671, #4924, #2346, .T. ) ;
#4382 = AXIS2_PLACEMENT_3D ( 'NONE', #4335, #897, #6460 ) ;
#4383 = DIRECTION ( 'NONE',  ( -6.133173666733558182E-17, 1.000000000000000000, -6.133173666733433690E-17 ) ) ;
#4384 = DIRECTION ( 'NONE',  ( -0.7071067811865500152, 0.7071067811865451302, 0.000000000000000000 ) ) ;
#4385 = DIRECTION ( 'NONE',  ( 0.000000000000000000, 0.000000000000000000, 1.000000000000000000 ) ) ;
#4386 = ORIENTED_EDGE ( 'NONE', *, *, #3388, .T. ) ;
#4387 = ORIENTED_EDGE ( 'NONE', *, *, #5069, .F. ) ;
#4388 = CARTESIAN_POINT ( 'NONE',  ( 5.510910596163094486E-16, 3.499999999999999556, -4.500000000000003553 ) ) ;
#4389 = ADVANCED_FACE ( 'NONE', ( #447 ), #6339, .F. ) ;
#4390 = EDGE_CURVE ( 'NONE', #1845, #2129, #4091, .T. ) ;
#4391 = CYLINDRICAL_SURFACE ( 'NONE', #2994, 2.099999999999997868 ) ;
#4392 = DIRECTION ( 'NONE',  ( -0.000000000000000000, 1.000000000000000000, -0.000000000000000000 ) ) ;
#4393 = CARTESIAN_POINT ( 'NONE',  ( 32.59607450347801461, 11.00000000000000000, -9.669329188920526619 ) ) ;
#4394 = ORIENTED_EDGE ( 'NONE', *, *, #3475, .T. ) ;
#4395 = ORIENTED_EDGE ( 'NONE', *, *, #1203, .F. ) ;
#4396 = CARTESIAN_POINT ( 'NONE',  ( 27.39046728088465699, 6.041686331607858840, -30.75535969735268793 ) ) ;
#4397 = DIRECTION ( 'NONE',  ( 0.000000000000000000, 1.000000000000000000, -0.000000000000000000 ) ) ;
#4398 = CARTESIAN_POINT ( 'NONE',  ( -16.36072403709251333, 10.18874678450001348, -24.50629134055937186 ) ) ;
#4399 = VERTEX_POINT ( 'NONE', #4514 ) ;
#4400 = LINE ( 'NONE', #4265, #4796 ) ;
#4401 = ADVANCED_FACE ( 'NONE', ( #6663 ), #4782, .F. ) ;
#4402 = DIRECTION ( 'NONE',  ( 0.000000000000000000, 0.000000000000000000, 1.000000000000000000 ) ) ;
#4403 = DIRECTION ( 'NONE',  ( 0.000000000000000000, -1.000000000000000000, 0.000000000000000000 ) ) ;
#4404 = LINE ( 'NONE', #1243, #1284 ) ;
#4405 = DIRECTION ( 'NONE',  ( 0.000000000000000000, 0.000000000000000000, -1.000000000000000000 ) ) ;
#4406 = ORIENTED_EDGE ( 'NONE', *, *, #2561, .F. ) ;
#4407 = EDGE_LOOP ( 'NONE', ( #5176, #3260, #1186, #2466 ) ) ;
#4408 = CARTESIAN_POINT ( 'NONE',  ( 34.18938769134013000, 5.999999999999992895, 28.31061230865985934 ) ) ;
#4409 = CARTESIAN_POINT ( 'NONE',  ( -13.57186596881011909, 11.00000000000000000, 21.64936887845008684 ) ) ;
#4410 = DIRECTION ( 'NONE',  ( 0.4999999999999901745, 0.7071067811865510144, -0.5000000000000048850 ) ) ;
#4411 = CARTESIAN_POINT ( 'NONE',  ( 4.392304845413263159, 0.5000000000000004441, 4.392304845413264935 ) ) ;
#4412 = ORIENTED_EDGE ( 'NONE', *, *, #5866, .F. ) ;
#4413 = VERTEX_POINT ( 'NONE', #4627 ) ;
#4414 = CARTESIAN_POINT ( 'NONE',  ( 35.64230484541324984, 47.00822076650859316, 26.85769515458673951 ) ) ;
#4415 = CARTESIAN_POINT ( 'NONE',  ( -13.43502884254437468, 11.00099999999999945, -12.03502884254442584 ) ) ;
#4416 = CARTESIAN_POINT ( 'NONE',  ( -28.31061230865974210, 5.999999999999992895, 34.18938769134022948 ) ) ;
#4417 = EDGE_CURVE ( 'NONE', #4917, #569, #128, .T. ) ;
#4418 = DIRECTION ( 'NONE',  ( -0.7071067811865578978, 0.000000000000000000, -0.7071067811865371366 ) ) ;
#4419 = VERTEX_POINT ( 'NONE', #1786 ) ;
#4420 = ORIENTED_EDGE ( 'NONE', *, *, #1828, .F. ) ;
#4421 = CARTESIAN_POINT ( 'NONE',  ( 27.54768823258902799, 5.999999999999997335, -31.34211627712775439 ) ) ;
#4422 = LINE ( 'NONE', #1131, #2845 ) ;
#4423 = EDGE_CURVE ( 'NONE', #2972, #6389, #1250, .T. ) ;
#4424 = EDGE_CURVE ( 'NONE', #2357, #3204, #2605, .T. ) ;
#4425 = AXIS2_PLACEMENT_3D ( 'NONE', #6665, #3968, #6047 ) ;
#4426 = CARTESIAN_POINT ( 'NONE',  ( -24.77635493753264129, 9.718900474107062593, 15.92692201449005118 ) ) ;
#4427 = ORIENTED_EDGE ( 'NONE', *, *, #3192, .T. ) ;
#4428 = ORIENTED_EDGE ( 'NONE', *, *, #2938, .F. ) ;
#4429 = VECTOR ( 'NONE', #3849, 1000.000000000000000 ) ;
#4430 = CARTESIAN_POINT ( 'NONE',  ( 31.25000000000010303, 0.000000000000000000, 31.24999999999988631 ) ) ;
#4431 = DIRECTION ( 'NONE',  ( 0.000000000000000000, 1.000000000000000000, 0.000000000000000000 ) ) ;
#4432 = LINE ( 'NONE', #5650, #3246 ) ;
#4433 = CARTESIAN_POINT ( 'NONE',  ( -4.000000000000000000, 2.500000000000017764, 0.3593646749903288140 ) ) ;
#4434 = EDGE_LOOP ( 'NONE', ( #6252, #5334, #5787, #2239 ) ) ;
#4435 = CC_DESIGN_PERSON_AND_ORGANIZATION_ASSIGNMENT ( #3568, #3021, ( #5535 ) ) ;
#4436 = ORIENTED_EDGE ( 'NONE', *, *, #2025, .T. ) ;
#4437 = AXIS2_PLACEMENT_3D ( 'NONE', #6836, #1947, #1519 ) ;
#4438 = AXIS2_PLACEMENT_3D ( 'NONE', #3373, #2758, #3866 ) ;
#4439 = CARTESIAN_POINT ( 'NONE',  ( 12.00000000000000178, 10.49999999999999822, 19.49358868961792624 ) ) ;
#4440 = EDGE_CURVE ( 'NONE', #4485, #5687, #1895, .T. ) ;
#4441 = PLANE ( 'NONE',  #6408 ) ;
#4442 = CARTESIAN_POINT ( 'NONE',  ( 31.67099190880833604, 6.133227481747967502, 22.88638221798182570 ) ) ;
#4443 = AXIS2_PLACEMENT_3D ( 'NONE', #5226, #1884, #4068 ) ;
#4444 = CARTESIAN_POINT ( 'NONE',  ( -13.43502884254437468, 2.000000000000000000, -11.03502884254442939 ) ) ;
#4445 = VECTOR ( 'NONE', #4431, 1000.000000000000000 ) ;
#4446 = CARTESIAN_POINT ( 'NONE',  ( 23.88173002291244273, 10.25359924679783497, 14.57632177374187066 ) ) ;
#4447 = ORIENTED_EDGE ( 'NONE', *, *, #5449, .F. ) ;
#4448 = ADVANCED_FACE ( 'NONE', ( #3558 ), #5096, .F. ) ;
#4449 = ORIENTED_EDGE ( 'NONE', *, *, #3663, .F. ) ;
#4450 = EDGE_CURVE ( 'NONE', #407, #5827, #3966, .T. ) ;
#4451 = ORIENTED_EDGE ( 'NONE', *, *, #5647, .T. ) ;
#4452 = CONICAL_SURFACE ( 'NONE', #6837, 10.50000000000000000, 0.7853981633974482790 ) ;
#4453 = CARTESIAN_POINT ( 'NONE',  ( 35.26527825794081394, 2.999999999999992450, -32.32589056660236082 ) ) ;
#4454 = CIRCLE ( 'NONE', #1942, 10.00000000000000355 ) ;
#4455 = EDGE_CURVE ( 'NONE', #2377, #6322, #6146, .T. ) ;
#4456 = DIRECTION ( 'NONE',  ( 0.000000000000000000, -0.000000000000000000, 1.000000000000000000 ) ) ;
#4457 = DIRECTION ( 'NONE',  ( 6.133173666733369595E-17, 1.000000000000000000, -6.133173666733622277E-17 ) ) ;
#4458 = CIRCLE ( 'NONE', #2288, 10.50000000000000178 ) ;
#4459 = DIRECTION ( 'NONE',  ( 0.000000000000000000, 0.000000000000000000, 1.000000000000000000 ) ) ;
#4460 = EDGE_LOOP ( 'NONE', ( #1585, #6903, #1760, #3855 ) ) ;
#4461 = B_SPLINE_CURVE_WITH_KNOTS ( 'NONE', 1,
 ( #3411, #5095 ),
 .UNSPECIFIED., .F., .F.,
 ( 2, 2 ),
 ( 0.000000000000000000, 1.000000000000000000 ),
 .UNSPECIFIED. ) ;
#4462 = EDGE_LOOP ( 'NONE', ( #548, #1783, #6848, #5360 ) ) ;
#4463 = EDGE_CURVE ( 'NONE', #6998, #1208, #2933, .T. ) ;
#4464 = PLANE ( 'NONE',  #5459 ) ;
#4465 = CARTESIAN_POINT ( 'NONE',  ( -1.705935241955684134, 23.31338798560319603, -10.49054493278222289 ) ) ;
#4466 = VECTOR ( 'NONE', #254, 1000.000000000000114 ) ;
#4467 = CARTESIAN_POINT ( 'NONE',  ( -25.52500669161253199, 9.296760541840610514, 16.74039700078601101 ) ) ;
#4468 = ORIENTED_EDGE ( 'NONE', *, *, #3192, .F. ) ;
#4469 = DIRECTION ( 'NONE',  ( 6.133173666733369595E-17, 1.000000000000000000, -6.133173666733622277E-17 ) ) ;
#4470 = ADVANCED_FACE ( 'NONE', ( #859 ), #1864, .F. ) ;
#4471 = EDGE_CURVE ( 'NONE', #6505, #5225, #4549, .T. ) ;
#4472 = DIRECTION ( 'NONE',  ( 0.000000000000000000, 0.000000000000000000, -1.000000000000000000 ) ) ;
#4473 = CARTESIAN_POINT ( 'NONE',  ( -31.25000000000031264, 5.999999999999996447, -36.96165708246016379 ) ) ;
#4474 = CARTESIAN_POINT ( 'NONE',  ( -24.73122939985548996, 9.753006548836683720, -15.84581505314310768 ) ) ;
#4475 = ORIENTED_EDGE ( 'NONE', *, *, #5094, .F. ) ;
#4476 = ORIENTED_EDGE ( 'NONE', *, *, #5069, .T. ) ;
#4477 = AXIS2_PLACEMENT_3D ( 'NONE', #3679, #26, #5393 ) ;
#4478 = DIRECTION ( 'NONE',  ( 0.000000000000000000, 0.000000000000000000, 1.000000000000000000 ) ) ;
#4479 = LINE ( 'NONE', #612, #3340 ) ;
#4480 = FACE_OUTER_BOUND ( 'NONE', #2579, .T. ) ;
#4481 = DIRECTION ( 'NONE',  ( -0.000000000000000000, -1.000000000000000000, -0.000000000000000000 ) ) ;
#4482 = AXIS2_PLACEMENT_3D ( 'NONE', #2626, #2663, #573 ) ;
#4483 = CARTESIAN_POINT ( 'NONE',  ( 22.63524537880185505, 10.99719829297160700, 12.97448481098310680 ) ) ;
#4484 = VERTEX_POINT ( 'NONE', #4120 ) ;
#4485 = VERTEX_POINT ( 'NONE', #2409 ) ;
#4486 = EDGE_CURVE ( 'NONE', #5752, #5525, #3447, .T. ) ;
#4487 = PERSON_AND_ORGANIZATION_ROLE ( 'creator' ) ;
#4488 = ORIENTED_EDGE ( 'NONE', *, *, #3694, .T. ) ;
#4489 = CARTESIAN_POINT ( 'NONE',  ( -24.77635493753259865, 9.718900474107046605, -15.92692201448999967 ) ) ;
#4490 = EDGE_CURVE ( 'NONE', #5557, #4253, #1325, .T. ) ;
#4491 = CIRCLE ( 'NONE', #5061, 10.00000000000000355 ) ;
#4492 = CARTESIAN_POINT ( 'NONE',  ( -24.30360528073877902, 10.02337499319442671, 15.25976058621348841 ) ) ;
#4493 = EDGE_CURVE ( 'NONE', #2676, #2043, #5237, .T. ) ;
#4494 = CARTESIAN_POINT ( 'NONE',  ( -13.43502884254437468, 3.499999999999999556, -13.43502884254442797 ) ) ;
#4495 = FACE_OUTER_BOUND ( 'NONE', #4546, .T. ) ;
#4496 = ORIENTED_EDGE ( 'NONE', *, *, #6657, .F. ) ;
#4497 = ORIENTED_EDGE ( 'NONE', *, *, #3028, .T. ) ;
#4498 = CARTESIAN_POINT ( 'NONE',  ( -31.25000000000031264, 0.000000000000000000, -33.34999999999967457 ) ) ;
#4499 = CARTESIAN_POINT ( 'NONE',  ( 23.75705457766058970, 10.62977547578867643, 15.28249824386511158 ) ) ;
#4500 = CARTESIAN_POINT ( 'NONE',  ( 0.000000000000000000, 11.00000000000000000, 0.000000000000000000 ) ) ;
#4501 = DIRECTION ( 'NONE',  ( 0.000000000000000000, -1.000000000000000000, 0.000000000000000000 ) ) ;
#4502 = EDGE_CURVE ( 'NONE', #3204, #2007, #2750, .T. ) ;
#4503 = B_SPLINE_CURVE_WITH_KNOTS ( 'NONE', 3,
 ( #5580, #3900, #2363, #4474, #6697, #6659, #3375, #4005, #5053, #6183, #6073, #2257, #637, #3478 ),
 .UNSPECIFIED., .F., .F.,
 ( 4, 2, 1, 1, 1, 1, 2, 2, 4 ),
 ( 0.000000000000000000, 0.2500000000000141553, 0.3750000000000195399, 0.4375000000000185962, 0.4687500000000164868, 0.4843750000000154321, 0.4921875000000164868, 0.5000000000000175415, 1.000000000000000000 ),
 .UNSPECIFIED. ) ;
#4504 = EDGE_LOOP ( 'NONE', ( #6576, #766, #1247, #2803 ) ) ;
#4505 = CYLINDRICAL_SURFACE ( 'NONE', #1026, 1.400000000000001910 ) ;
#4506 = LINE ( 'NONE', #3299, #1167 ) ;
#4507 = DIRECTION ( 'NONE',  ( 0.7071067811865475727, 0.000000000000000000, -0.7071067811865475727 ) ) ;
#4508 = CARTESIAN_POINT ( 'NONE',  ( -23.01690092346469285, 10.49999999999999467, 12.53977053546900144 ) ) ;
#4509 = CARTESIAN_POINT ( 'NONE',  ( 15.88863270537030381, 10.39692620785910293, -24.16949739484926596 ) ) ;
#4510 = EDGE_CURVE ( 'NONE', #6811, #5769, #6691, .T. ) ;
#4511 = ORIENTED_EDGE ( 'NONE', *, *, #67, .T. ) ;
#4512 = ORIENTED_EDGE ( 'NONE', *, *, #1694, .F. ) ;
#4513 = DIRECTION ( 'NONE',  ( -0.4999999999999962252, -0.7071067811865527908, 0.4999999999999962252 ) ) ;
#4514 = CARTESIAN_POINT ( 'NONE',  ( 13.43502884254442797, 2.000000000000000000, -11.03502884254437255 ) ) ;
#4515 = CARTESIAN_POINT ( 'NONE',  ( 12.50000000000000711, 11.00000000000000000, 19.95618256608033647 ) ) ;
#4516 = FACE_OUTER_BOUND ( 'NONE', #3716, .T. ) ;
#4517 = CARTESIAN_POINT ( 'NONE',  ( 13.43502884254437468, 0.000000000000000000, 15.83502884254443188 ) ) ;
#4518 = FACE_OUTER_BOUND ( 'NONE', #5268, .T. ) ;
#4519 = EDGE_CURVE ( 'NONE', #5644, #389, #3525, .T. ) ;
#4520 = ORIENTED_EDGE ( 'NONE', *, *, #845, .T. ) ;
#4521 = ORIENTED_EDGE ( 'NONE', *, *, #1336, .F. ) ;
#4522 = PERSON_AND_ORGANIZATION ( #3057, #274 ) ;
#4523 = VERTEX_POINT ( 'NONE', #3515 ) ;
#4524 = DIRECTION ( 'NONE',  ( -0.000000000000000000, 1.000000000000000000, -0.000000000000000000 ) ) ;
#4525 = DIRECTION ( 'NONE',  ( -0.000000000000000000, -1.000000000000000000, -0.000000000000000000 ) ) ;
#4526 = EDGE_LOOP ( 'NONE', ( #691, #3430, #2683, #5148 ) ) ;
#4527 = CARTESIAN_POINT ( 'NONE',  ( -23.87497759219882454, 10.26770289654399271, -14.59403358001762818 ) ) ;
#4528 = CARTESIAN_POINT ( 'NONE',  ( -25.29237568234323419, 9.766606852233524094, -17.21487277270327354 ) ) ;
#4529 = ORIENTED_EDGE ( 'NONE', *, *, #6405, .F. ) ;
#4530 = VERTEX_POINT ( 'NONE', #2974 ) ;
#4531 = ORIENTED_EDGE ( 'NONE', *, *, #6307, .F. ) ;
#4532 = EDGE_CURVE ( 'NONE', #681, #6475, #3068, .T. ) ;
#4533 = CARTESIAN_POINT ( 'NONE',  ( -23.39769516497935342, 10.44039922189258363, -13.59293427058369197 ) ) ;
#4534 = DIRECTION ( 'NONE',  ( -0.7071067811865544561, 0.000000000000000000, -0.7071067811865406894 ) ) ;
#4535 = DIRECTION ( 'NONE',  ( 0.000000000000000000, 0.000000000000000000, -1.000000000000000000 ) ) ;
#4536 = ORIENTED_EDGE ( 'NONE', *, *, #8, .F. ) ;
#4537 = EDGE_CURVE ( 'NONE', #5769, #578, #6866, .T. ) ;
#4538 = AXIS2_PLACEMENT_3D ( 'NONE', #820, #2436, #2926 ) ;
#4539 = CARTESIAN_POINT ( 'NONE',  ( -34.21036191661200832, 15.99999999999999645, -25.42575222578551930 ) ) ;
#4540 = CARTESIAN_POINT ( 'NONE',  ( -15.47731122237377477, 9.927079897466152048, -24.45559879876122977 ) ) ;
#4541 = FACE_OUTER_BOUND ( 'NONE', #5857, .T. ) ;
#4542 = AXIS2_PLACEMENT_3D ( 'NONE', #3079, #5298, #5403 ) ;
#4543 = CARTESIAN_POINT ( 'NONE',  ( 33.85680852601887381, 15.99999999999999645, -25.77930561637890960 ) ) ;
#4544 = CARTESIAN_POINT ( 'NONE',  ( 13.46422704564842476, 10.45470154062120471, -23.34385189000639116 ) ) ;
#4545 = ORIENTED_EDGE ( 'NONE', *, *, #1796, .T. ) ;
#4546 = EDGE_LOOP ( 'NONE', ( #2835, #1984, #1678, #1118 ) ) ;
#4547 = CIRCLE ( 'NONE', #1222, 1.999999999999998224 ) ;
#4548 = CYLINDRICAL_SURFACE ( 'NONE', #6945, 2.100000000000000977 ) ;
#4549 = LINE ( 'NONE', #3048, #5921 ) ;
#4550 = VECTOR ( 'NONE', #2089, 1000.000000000000000 ) ;
#4551 = EDGE_CURVE ( 'NONE', #6168, #3327, #7041, .T. ) ;
#4552 = DIRECTION ( 'NONE',  ( 0.7071067811865450192, 0.7071067811865500152, -6.617448370451642960E-16 ) ) ;
#4553 = PLANE ( 'NONE',  #3963 ) ;
#4554 = CARTESIAN_POINT ( 'NONE',  ( 31.25000000000010303, 5.999999999999996447, 31.24999999999988631 ) ) ;
#4555 = AXIS2_PLACEMENT_3D ( 'NONE', #1189, #1873, #5179 ) ;
#4556 = CARTESIAN_POINT ( 'NONE',  ( 23.24123088133216797, 10.47731683714912876, 13.20370346429785258 ) ) ;
#4557 = VERTEX_POINT ( 'NONE', #6328 ) ;
#4558 = EDGE_LOOP ( 'NONE', ( #4959, #4773, #3889, #1042 ) ) ;
#4559 = ORIENTED_EDGE ( 'NONE', *, *, #5798, .T. ) ;
#4560 = CARTESIAN_POINT ( 'NONE',  ( 13.43502884254437468, 2.000000000000000000, 13.43502884254442620 ) ) ;
#4561 = AXIS2_PLACEMENT_3D ( 'NONE', #5781, #3633, #5247 ) ;
#4562 = EDGE_CURVE ( 'NONE', #5637, #391, #1488, .T. ) ;
#4563 = CYLINDRICAL_SURFACE ( 'NONE', #5619, 2.000000000000001776 ) ;
#4564 = EDGE_CURVE ( 'NONE', #2642, #2611, #891, .T. ) ;
#4565 = AXIS2_PLACEMENT_3D ( 'NONE', #1114, #5059, #5624 ) ;
#4566 = DIRECTION ( 'NONE',  ( 0.000000000000000000, 1.000000000000000000, 0.000000000000000000 ) ) ;
#4567 = CARTESIAN_POINT ( 'NONE',  ( 30.17410943339771734, 2.999999999999993339, -27.23472174205915053 ) ) ;
#4568 = CIRCLE ( 'NONE', #2514, 2.000000000000001776 ) ;
#4569 = ORIENTED_EDGE ( 'NONE', *, *, #4328, .F. ) ;
#4570 = CARTESIAN_POINT ( 'NONE',  ( 23.65448242816020041, 10.35272682757119078, -14.14695699025517861 ) ) ;
#4571 = DIRECTION ( 'NONE',  ( 0.7071067811865474617, 0.000000000000000000, -0.7071067811865474617 ) ) ;
#4572 = CARTESIAN_POINT ( 'NONE',  ( 16.74039700078600745, 9.296760541840543013, -25.52500669161252489 ) ) ;
#4573 = VECTOR ( 'NONE', #2533, 1000.000000000000000 ) ;
#4574 =( BOUNDED_CURVE ( )  B_SPLINE_CURVE ( 3, ( #5796, #5678, #887, #4112 ),
 .UNSPECIFIED., .F., .T. ) 
 B_SPLINE_CURVE_WITH_KNOTS ( ( 4, 4 ),
 ( 3.141592653589793116, 3.864326901403217995 ),
 .UNSPECIFIED. ) 
 CURVE ( )  GEOMETRIC_REPRESENTATION_ITEM ( )  RATIONAL_B_SPLINE_CURVE ( ( 1.000000000000000000, 0.9569428977956557780, 0.9569428977956557780, 1.000000000000000000 ) ) 
 REPRESENTATION_ITEM ( '' )  );
#4575 = ORIENTED_EDGE ( 'NONE', *, *, #4127, .T. ) ;
#4576 = DIRECTION ( 'NONE',  ( 0.4999999999999957256, 0.7071067811865536790, -0.4999999999999956146 ) ) ;
#4577 = ORIENTED_EDGE ( 'NONE', *, *, #4981, .F. ) ;
#4578 = CARTESIAN_POINT ( 'NONE',  ( 13.43502884254437468, 11.00099999999999945, 13.43502884254442620 ) ) ;
#4579 = CARTESIAN_POINT ( 'NONE',  ( -15.08744572881771084, 10.68860973647930734, -23.63708235450533124 ) ) ;
#4580 = CARTESIAN_POINT ( 'NONE',  ( 13.43502884254442797, 11.00099999999999945, -13.43502884254437468 ) ) ;
#4581 = CARTESIAN_POINT ( 'NONE',  ( 13.84760456116980443, 10.40561812850392442, -23.51055144293813370 ) ) ;
#4582 = DIRECTION ( 'NONE',  ( -7.930164461608259651E-15, 0.000000000000000000, 1.000000000000000000 ) ) ;
#4583 = ORIENTED_EDGE ( 'NONE', *, *, #4423, .T. ) ;
#4584 = ORIENTED_EDGE ( 'NONE', *, *, #6516, .T. ) ;
#4585 = EDGE_CURVE ( 'NONE', #4485, #6969, #6897, .T. ) ;
#4586 = CIRCLE ( 'NONE', #5497, 10.00000000000000178 ) ;
#4587 = VECTOR ( 'NONE', #823, 1000.000000000000000 ) ;
#4588 = CARTESIAN_POINT ( 'NONE',  ( 16.74039700078600745, 11.00000000000000000, -25.52500669161252489 ) ) ;
#4589 = CARTESIAN_POINT ( 'NONE',  ( -16.89855559142508667, 9.453375978638238308, -25.44746302185611597 ) ) ;
#4590 = FACE_BOUND ( 'NONE', #3328, .T. ) ;
#4591 = CARTESIAN_POINT ( 'NONE',  ( 23.18867347532268042, 10.48937734700867885, -13.07187148978635705 ) ) ;
#4592 = LINE ( 'NONE', #1256, #3531 ) ;
#4593 = DIRECTION ( 'NONE',  ( -0.000000000000000000, 1.000000000000000000, -0.000000000000000000 ) ) ;
#4594 = ORIENTED_EDGE ( 'NONE', *, *, #5290, .F. ) ;
#4595 = ORIENTED_EDGE ( 'NONE', *, *, #978, .F. ) ;
#4596 = CARTESIAN_POINT ( 'NONE',  ( -30.17410943339790919, 2.999999999999993339, 27.23472174205893737 ) ) ;
#4597 = AXIS2_PLACEMENT_3D ( 'NONE', #6788, #4705, #862 ) ;
#4598 = EDGE_CURVE ( 'NONE', #5786, #728, #1510, .T. ) ;
#4599 = VERTEX_POINT ( 'NONE', #4186 ) ;
#4600 = DIRECTION ( 'NONE',  ( -3.634658711570452471E-15, 0.000000000000000000, 1.000000000000000000 ) ) ;
#4601 = VECTOR ( 'NONE', #4525, 1000.000000000000000 ) ;
#4602 = CARTESIAN_POINT ( 'NONE',  ( -23.56288486309581032, 10.38804196555585513, 13.96121234555831059 ) ) ;
#4603 = AXIS2_PLACEMENT_3D ( 'NONE', #5945, #2759, #6533 ) ;
#4604 = CARTESIAN_POINT ( 'NONE',  ( -23.39767641558268352, 10.44099621365319308, -13.59471969584205020 ) ) ;
#4605 = CARTESIAN_POINT ( 'NONE',  ( 13.43502884254442797, 2.000000000000000000, -14.83502884254437504 ) ) ;
#4606 = EDGE_CURVE ( 'NONE', #6960, #5644, #5272, .T. ) ;
#4607 = EDGE_CURVE ( 'NONE', #5318, #278, #6357, .T. ) ;
#4608 = CONICAL_SURFACE ( 'NONE', #496, 10.49999999999999467, 0.7853981633974466137 ) ;
#4609 = ORIENTED_EDGE ( 'NONE', *, *, #5391, .F. ) ;
#4610 = LINE ( 'NONE', #1958, #368 ) ;
#4611 = VECTOR ( 'NONE', #5943, 1000.000000000000000 ) ;
#4612 = LINE ( 'NONE', #1847, #5127 ) ;
#4613 = VECTOR ( 'NONE', #1498, 999.9999999999998863 ) ;
#4614 = DIRECTION ( 'NONE',  ( 0.000000000000000000, 0.000000000000000000, -1.000000000000000000 ) ) ;
#4615 = ORIENTED_EDGE ( 'NONE', *, *, #6920, .T. ) ;
#4616 = FACE_OUTER_BOUND ( 'NONE', #6284, .T. ) ;
#4617 = ORIENTED_EDGE ( 'NONE', *, *, #2430, .T. ) ;
#4618 = FACE_OUTER_BOUND ( 'NONE', #4407, .T. ) ;
#4619 = DIRECTION ( 'NONE',  ( -6.133173666733412736E-17, 1.000000000000000000, 6.133173666733579136E-17 ) ) ;
#4620 = ADVANCED_FACE ( 'NONE', ( #4266 ), #6459, .F. ) ;
#4621 = DIRECTION ( 'NONE',  ( -0.000000000000000000, 1.000000000000000000, -0.000000000000000000 ) ) ;
#4622 = CYLINDRICAL_SURFACE ( 'NONE', #6856, 2.000000000000001776 ) ;
#4623 = ORIENTED_EDGE ( 'NONE', *, *, #575, .F. ) ;
#4624 = EDGE_CURVE ( 'NONE', #6886, #4599, #2010, .T. ) ;
#4625 = ORIENTED_EDGE ( 'NONE', *, *, #5918, .F. ) ;
#4626 = ADVANCED_FACE ( 'NONE', ( #5876 ), #5942, .T. ) ;
#4627 = CARTESIAN_POINT ( 'NONE',  ( 35.28875145481997322, 5.999999999999996447, 27.21124854518000902 ) ) ;
#4628 = CARTESIAN_POINT ( 'NONE',  ( -27.39046728088563043, 6.041686331607859728, -30.75535969735177844 ) ) ;
#4629 = CARTESIAN_POINT ( 'NONE',  ( 0.000000000000000000, 2.500000000000017764, 0.000000000000000000 ) ) ;
#4630 = CARTESIAN_POINT ( 'NONE',  ( -4.000000000000000000, 2.000000000000000000, 18.78460969082652099 ) ) ;
#4631 = DIRECTION ( 'NONE',  ( -1.982541115402064518E-15, 0.000000000000000000, 1.000000000000000000 ) ) ;
#4632 = VERTEX_POINT ( 'NONE', #1544 ) ;
#4633 = VERTEX_POINT ( 'NONE', #3729 ) ;
#4634 = CARTESIAN_POINT ( 'NONE',  ( 30.17410943339864104, 6.124798468254541106, 27.23472174205819130 ) ) ;
#4635 = ORIENTED_EDGE ( 'NONE', *, *, #4291, .F. ) ;
#4636 = CARTESIAN_POINT ( 'NONE',  ( -25.52500669161252134, 9.296760541840598080, -16.74039700078601811 ) ) ;
#4637 = CARTESIAN_POINT ( 'NONE',  ( -23.71555547890654481, 10.65016609817399384, 15.21511782243881683 ) ) ;
#4638 = CARTESIAN_POINT ( 'NONE',  ( -23.48193782371516747, 10.41501712426743786, -13.78482637473031147 ) ) ;
#4639 = ORIENTED_EDGE ( 'NONE', *, *, #5798, .F. ) ;
#4640 = VERTEX_POINT ( 'NONE', #5905 ) ;
#4641 = ORIENTED_EDGE ( 'NONE', *, *, #453, .T. ) ;
#4642 = CARTESIAN_POINT ( 'NONE',  ( -23.47722484770250162, 10.41764865855746258, 13.77783291010241840 ) ) ;
#4643 = CARTESIAN_POINT ( 'NONE',  ( 23.30909755230049285, 10.83085276596534285, 14.51050114932253088 ) ) ;
#4644 = EDGE_CURVE ( 'NONE', #6951, #3456, #3695, .T. ) ;
#4645 = CARTESIAN_POINT ( 'NONE',  ( 7.857864376269049878, 3.499999999999999556, 20.28460969082652454 ) ) ;
#4646 = ORIENTED_EDGE ( 'NONE', *, *, #620, .F. ) ;
#4647 = FACE_OUTER_BOUND ( 'NONE', #2342, .T. ) ;
#4648 = ORIENTED_EDGE ( 'NONE', *, *, #4298, .F. ) ;
#4649 = DIRECTION ( 'NONE',  ( 0.000000000000000000, -1.000000000000000000, 0.000000000000000000 ) ) ;
#4650 = CARTESIAN_POINT ( 'NONE',  ( -15.64999344893123023, 10.49828946652046291, -23.99969311245493486 ) ) ;
#4651 = ADVANCED_FACE ( 'NONE', ( #6999 ), #2618, .T. ) ;
#4652 = EDGE_CURVE ( 'NONE', #4917, #4863, #5839, .T. ) ;
#4653 = CARTESIAN_POINT ( 'NONE',  ( 23.01690092346464311, 10.49999999999999467, 12.53977053546884868 ) ) ;
#4654 = CARTESIAN_POINT ( 'NONE',  ( 0.000000000000000000, 0.5000000000000004441, 0.000000000000000000 ) ) ;
#4655 = ORIENTED_EDGE ( 'NONE', *, *, #1612, .F. ) ;
#4656 = ORIENTED_EDGE ( 'NONE', *, *, #495, .F. ) ;
#4657 = CIRCLE ( 'NONE', #4777, 4.500000000000003553 ) ;
#4658 = CARTESIAN_POINT ( 'NONE',  ( -17.21487277270326999, 9.766606852233563174, -25.29237568234325195 ) ) ;
#4659 = AXIS2_PLACEMENT_3D ( 'NONE', #469, #5935, #6352 ) ;
#4660 = FACE_BOUND ( 'NONE', #4801, .T. ) ;
#4661 = DIRECTION ( 'NONE',  ( 0.000000000000000000, 0.000000000000000000, 1.000000000000000000 ) ) ;
#4662 = CARTESIAN_POINT ( 'NONE',  ( -35.26527825794104132, 5.999999999999992006, 32.32589056660211213 ) ) ;
#4663 = FACE_BOUND ( 'NONE', #2537, .T. ) ;
#4664 = VERTEX_POINT ( 'NONE', #2589 ) ;
#4665 = ORIENTED_EDGE ( 'NONE', *, *, #3727, .F. ) ;
#4666 = PERSON_AND_ORGANIZATION ( #3057, #274 ) ;
#4667 = VECTOR ( 'NONE', #1021, 1000.000000000000114 ) ;
#4669 = EDGE_CURVE ( 'NONE', #4215, #4743, #3421, .T. ) ;
#4668 = CONICAL_SURFACE ( 'NONE', #657, 6.211657082460492418, 0.7853981633974439491 ) ;
#4670 = EDGE_LOOP ( 'NONE', ( #1955, #4569, #4387, #4061 ) ) ;
#4671 = DIRECTION ( 'NONE',  ( -0.000000000000000000, 1.000000000000000000, -0.000000000000000000 ) ) ;
#4672 = CARTESIAN_POINT ( 'NONE',  ( -31.25000000000000000, 0.5000000000000004441, 31.24999999999999289 ) ) ;
#4673 = B_SPLINE_CURVE_WITH_KNOTS ( 'NONE', 3,
 ( #6499, #169, #6730, #5038 ),
 .UNSPECIFIED., .F., .F.,
 ( 4, 4 ),
 ( 0.000000000000000000, 1.000000000000000000 ),
 .UNSPECIFIED. ) ;
#4674 = VECTOR ( 'NONE', #2804, 1000.000000000000114 ) ;
#4675 = ADVANCED_FACE ( 'NONE', ( #4299 ), #3766, .F. ) ;
#4676 = CARTESIAN_POINT ( 'NONE',  ( -13.43502884254437468, 2.000000000000000000, -11.03502884254442939 ) ) ;
#4677 = AXIS2_PLACEMENT_3D ( 'NONE', #2301, #4481, #725 ) ;
#4678 = DIRECTION ( 'NONE',  ( 0.000000000000000000, 1.000000000000000000, 0.000000000000000000 ) ) ;
#4679 = ORIENTED_EDGE ( 'NONE', *, *, #3747, .T. ) ;
#4680 = AXIS2_PLACEMENT_3D ( 'NONE', #418, #2032, #6918 ) ;
#4681 = EDGE_LOOP ( 'NONE', ( #3479, #651, #5498, #7033, #6982, #5118 ) ) ;
#4682 = AXIS2_PLACEMENT_3D ( 'NONE', #6013, #2669, #15 ) ;
#4683 = ADVANCED_FACE ( 'NONE', ( #4228, #118 ), #5134, .T. ) ;
#4684 = CIRCLE ( 'NONE', #1479, 23.99999999999999645 ) ;
#4685 = DIRECTION ( 'NONE',  ( 0.000000000000000000, 0.000000000000000000, 1.000000000000000000 ) ) ;
#4686 = CARTESIAN_POINT ( 'NONE',  ( 15.57720526894945579, 9.880825477568958348, -24.52687016530115827 ) ) ;
#4687 = CARTESIAN_POINT ( 'NONE',  ( -4.392304845413264935, 0.5000000000000004441, 4.392304845413261383 ) ) ;
#4688 = AXIS2_PLACEMENT_3D ( 'NONE', #4539, #4974, #2858 ) ;
#4689 = AXIS2_PLACEMENT_3D ( 'NONE', #2437, #4621, #6780 ) ;
#4690 = EDGE_LOOP ( 'NONE', ( #286, #1725, #3490, #5762 ) ) ;
#4691 = CARTESIAN_POINT ( 'NONE',  ( 13.43502884254437468, 3.499999999999999556, 14.83502884254442655 ) ) ;
#4692 = ORIENTED_EDGE ( 'NONE', *, *, #575, .T. ) ;
#4693 = EDGE_CURVE ( 'NONE', #1141, #1461, #4787, .T. ) ;
#4694 = B_SPLINE_CURVE_WITH_KNOTS ( 'NONE', 1,
 ( #1072, #2755 ),
 .UNSPECIFIED., .F., .F.,
 ( 2, 2 ),
 ( 0.000000000000000000, 1.000000000000000000 ),
 .UNSPECIFIED. ) ;
#4695 = CARTESIAN_POINT ( 'NONE',  ( 23.73359710330181471, 10.32042029897109892, -14.30235921537426158 ) ) ;
#4696 = CARTESIAN_POINT ( 'NONE',  ( -15.40364260314583511, 10.58818114465183946, -23.83567845717761102 ) ) ;
#4697 = LINE ( 'NONE', #822, #2277 ) ;
#4698 = DIRECTION ( 'NONE',  ( 0.000000000000000000, 0.7071067811865493491, 0.7071067811865456854 ) ) ;
#4699 = EDGE_LOOP ( 'NONE', ( #943, #4999, #2305, #1323 ) ) ;
#4700 = EDGE_CURVE ( 'NONE', #835, #6334, #4592, .T. ) ;
#4701 = EDGE_CURVE ( 'NONE', #6831, #2043, #3450, .T. ) ;
#4702 = DIRECTION ( 'NONE',  ( -0.000000000000000000, 1.000000000000000000, -0.000000000000000000 ) ) ;
#4703 = DIRECTION ( 'NONE',  ( -0.7071067811865476838, 0.000000000000000000, -0.7071067811865474617 ) ) ;
#4704 = LINE ( 'NONE', #3596, #1930 ) ;
#4705 = DIRECTION ( 'NONE',  ( 0.000000000000000000, 1.000000000000000000, 0.000000000000000000 ) ) ;
#4706 = DIRECTION ( 'NONE',  ( 0.000000000000000000, 0.000000000000000000, -1.000000000000000000 ) ) ;
#4707 = ORIENTED_EDGE ( 'NONE', *, *, #2083, .F. ) ;
#4708 = ORIENTED_EDGE ( 'NONE', *, *, #428, .T. ) ;
#4709 = AXIS2_PLACEMENT_3D ( 'NONE', #5387, #5850, #3778 ) ;
#4710 = ORIENTED_EDGE ( 'NONE', *, *, #1997, .F. ) ;
#4711 = CARTESIAN_POINT ( 'NONE',  ( -12.66508590360017728, 3.500000000000003109, 21.44969559442670004 ) ) ;
#4712 = PLANE ( 'NONE',  #2546 ) ;
#4713 = AXIS2_PLACEMENT_3D ( 'NONE', #456, #5425, #5891 ) ;
#4714 = LINE ( 'NONE', #3705, #2942 ) ;
#4715 = EDGE_CURVE ( 'NONE', #874, #6341, #2372, .T. ) ;
#4716 = CARTESIAN_POINT ( 'NONE',  ( 31.24999999999977973, 0.000000000000000000, -31.25000000000020250 ) ) ;
#4717 = ORIENTED_EDGE ( 'NONE', *, *, #644, .T. ) ;
#4718 = CIRCLE ( 'NONE', #5840, 6.211657082460492418 ) ;
#4719 = ORIENTED_EDGE ( 'NONE', *, *, #3563, .T. ) ;
#4720 = CARTESIAN_POINT ( 'NONE',  ( -23.39530582745379661, 10.44106201196220418, 13.58732343526450848 ) ) ;
#4721 = DIRECTION ( 'NONE',  ( 0.000000000000000000, 0.000000000000000000, 1.000000000000000000 ) ) ;
#4722 = LINE ( 'NONE', #4789, #1972 ) ;
#4723 = AXIS2_PLACEMENT_3D ( 'NONE', #6072, #42, #1780 ) ;
#4724 = ORIENTED_EDGE ( 'NONE', *, *, #6466, .T. ) ;
#4725 = PLANE ( 'NONE',  #5251 ) ;
#4726 = ORIENTED_EDGE ( 'NONE', *, *, #2516, .T. ) ;
#4727 = CIRCLE ( 'NONE', #4268, 2.000000000000001776 ) ;
#4728 = DIRECTION ( 'NONE',  ( 0.000000000000000000, -1.000000000000000000, 0.000000000000000000 ) ) ;
#4729 = AXIS2_PLACEMENT_3D ( 'NONE', #6613, #5995, #5495 ) ;
#4730 = VECTOR ( 'NONE', #3928, 1000.000000000000000 ) ;
#4731 = CARTESIAN_POINT ( 'NONE',  ( 7.857864376269049878, 3.499999999999999556, 20.28460969082652454 ) ) ;
#4732 = CARTESIAN_POINT ( 'NONE',  ( 25.77930561637874973, 5.999999999999996447, -33.85680852601870328 ) ) ;
#4733 = EDGE_CURVE ( 'NONE', #2031, #3303, #6025, .T. ) ;
#4734 = CARTESIAN_POINT ( 'NONE',  ( 34.21036191661215753, 5.500000000000058620, -25.42575222578562588 ) ) ;
#4735 = AXIS2_PLACEMENT_3D ( 'NONE', #3463, #2457, #3392 ) ;
#4736 = ORIENTED_EDGE ( 'NONE', *, *, #5170, .F. ) ;
#4737 = DIRECTION ( 'NONE',  ( 0.000000000000000000, 1.000000000000000000, 0.000000000000000000 ) ) ;
#4738 = FACE_OUTER_BOUND ( 'NONE', #2449, .T. ) ;
#4739 = CARTESIAN_POINT ( 'NONE',  ( -14.15591150561060374, 3.000000000000002665, 22.94052119643712118 ) ) ;
#4740 = EDGE_CURVE ( 'NONE', #1492, #3600, #5010, .T. ) ;
#4741 = DIRECTION ( 'NONE',  ( 0.000000000000000000, 0.000000000000000000, -1.000000000000000000 ) ) ;
#4742 = DIRECTION ( 'NONE',  ( 0.000000000000000000, 0.000000000000000000, -1.000000000000000000 ) ) ;
#4743 = VERTEX_POINT ( 'NONE', #226 ) ;
#4744 = ORIENTED_EDGE ( 'NONE', *, *, #173, .T. ) ;
#4745 = CARTESIAN_POINT ( 'NONE',  ( -22.52963973034508882, 0.000000000000000000, 6.683212821753896193 ) ) ;
#4746 = CYLINDRICAL_SURFACE ( 'NONE', #373, 1.400000000000000133 ) ;
#4747 = EDGE_CURVE ( 'NONE', #4253, #2394, #2412, .T. ) ;
#4748 = CARTESIAN_POINT ( 'NONE',  ( -27.70540201526610247, 5.999999999999994671, 31.93071212713146423 ) ) ;
#4749 = DIRECTION ( 'NONE',  ( 0.000000000000000000, 0.000000000000000000, 1.000000000000000000 ) ) ;
#4750 = ORIENTED_EDGE ( 'NONE', *, *, #366, .T. ) ;
#4751 = VERTEX_POINT ( 'NONE', #4517 ) ;
#4752 = CARTESIAN_POINT ( 'NONE',  ( -35.28875145481998743, 0.000000000000000000, 27.21124854518000546 ) ) ;
#4753 = FACE_OUTER_BOUND ( 'NONE', #2524, .T. ) ;
#4754 = CARTESIAN_POINT ( 'NONE',  ( 12.67685266925596643, 10.49999973293678046, -23.05797818565317314 ) ) ;
#4755 = ORIENTED_EDGE ( 'NONE', *, *, #4893, .T. ) ;
#4756 = LINE ( 'NONE', #1065, #2051 ) ;
#4757 = ORIENTED_EDGE ( 'NONE', *, *, #706, .F. ) ;
#4758 = ORIENTED_EDGE ( 'NONE', *, *, #3562, .T. ) ;
#4759 = CARTESIAN_POINT ( 'NONE',  ( -31.25000000000000000, 0.000000000000000000, 31.24999999999999289 ) ) ;
#4760 = LINE ( 'NONE', #2547, #542 ) ;
#4761 = DIRECTION ( 'NONE',  ( 0.000000000000000000, 0.000000000000000000, 1.000000000000000000 ) ) ;
#4762 = EDGE_CURVE ( 'NONE', #6735, #2033, #5060, .T. ) ;
#4763 = DIRECTION ( 'NONE',  ( 0.000000000000000000, 0.000000000000000000, 1.000000000000000000 ) ) ;
#4764 = ORIENTED_EDGE ( 'NONE', *, *, #6924, .F. ) ;
#4765 = CARTESIAN_POINT ( 'NONE',  ( -24.50649095222700424, 10.18862340032874947, -16.36100383706877537 ) ) ;
#4766 = EDGE_CURVE ( 'NONE', #1461, #1832, #4283, .T. ) ;
#4767 = CARTESIAN_POINT ( 'NONE',  ( 18.60521962117887895, 10.99999999999999645, -56.32009454374202306 ) ) ;
#4768 = DIRECTION ( 'NONE',  ( 0.000000000000000000, -1.000000000000000000, 0.000000000000000000 ) ) ;
#4769 = CARTESIAN_POINT ( 'NONE',  ( 23.30276535996401321, 10.83325323878219493, -14.49850143555076976 ) ) ;
#4770 = CARTESIAN_POINT ( 'NONE',  ( 25.52500669161253199, 47.00822076650859316, -16.74039700078600390 ) ) ;
#4771 = DIRECTION ( 'NONE',  ( -0.000000000000000000, -1.000000000000000000, -0.000000000000000000 ) ) ;
#4772 = ORIENTED_EDGE ( 'NONE', *, *, #3878, .T. ) ;
#4773 = ORIENTED_EDGE ( 'NONE', *, *, #504, .F. ) ;
#4774 = CIRCLE ( 'NONE', #4542, 10.49999999999999467 ) ;
#4775 = LINE ( 'NONE', #6936, #5361 ) ;
#4776 = EDGE_CURVE ( 'NONE', #4290, #624, #1867, .T. ) ;
#4777 = AXIS2_PLACEMENT_3D ( 'NONE', #1663, #2140, #5561 ) ;
#4778 = PLANE ( 'NONE',  #5962 ) ;
#4779 = DIRECTION ( 'NONE',  ( -0.7071067811865578978, 0.000000000000000000, -0.7071067811865371366 ) ) ;
#4780 = AXIS2_PLACEMENT_3D ( 'NONE', #4899, #7054, #5537 ) ;
#4781 = FACE_OUTER_BOUND ( 'NONE', #215, .T. ) ;
#4782 = CONICAL_SURFACE ( 'NONE', #2036, 10.50000000000000178, 0.7853981633974389531 ) ;
#4783 = ORIENTED_EDGE ( 'NONE', *, *, #516, .F. ) ;
#4784 = EDGE_CURVE ( 'NONE', #6447, #4413, #1016, .T. ) ;
#4785 = AXIS2_PLACEMENT_3D ( 'NONE', #3935, #613, #2766 ) ;
#4786 = CARTESIAN_POINT ( 'NONE',  ( -23.59860990978612705, 10.70745652395769731, 15.02485169028680723 ) ) ;
#4787 = CIRCLE ( 'NONE', #6824, 4.500000000000017764 ) ;
#4788 = CYLINDRICAL_SURFACE ( 'NONE', #1103, 2.399999999999999467 ) ;
#4789 = CARTESIAN_POINT ( 'NONE',  ( 13.43502884254442797, 2.000000000000000000, -15.83502884254437504 ) ) ;
#4790 = ORIENTED_EDGE ( 'NONE', *, *, #1383, .F. ) ;
#4791 = VECTOR ( 'NONE', #4354, 999.9999999999998863 ) ;
#4792 = LINE ( 'NONE', #4210, #6163 ) ;
#4793 = ORIENTED_EDGE ( 'NONE', *, *, #5521, .T. ) ;
#4794 = AXIS2_PLACEMENT_3D ( 'NONE', #3958, #5578, #5051 ) ;
#4795 = DIRECTION ( 'NONE',  ( 0.7071067811865475727, -0.000000000000000000, -0.7071067811865475727 ) ) ;
#4796 = VECTOR ( 'NONE', #5904, 1000.000000000000114 ) ;
#4797 = DIRECTION ( 'NONE',  ( -0.6644630243886758825, 0.3420201433256629397, -0.6644630243886764376 ) ) ;
#4798 = AXIS2_PLACEMENT_3D ( 'NONE', #4374, #2789, #6623 ) ;
#4799 = CARTESIAN_POINT ( 'NONE',  ( 4.000000000000000000, 0.5000000000000004441, 0.000000000000000000 ) ) ;
#4800 = CARTESIAN_POINT ( 'NONE',  ( -24.97736223234604225, 9.605211445035457984, 16.14661910894297492 ) ) ;
#4801 = EDGE_LOOP ( 'NONE', ( #638, #1702 ) ) ;
#4802 = CARTESIAN_POINT ( 'NONE',  ( 32.59607450347800039, 10.49999999999999467, 9.669329188920537277 ) ) ;
#4803 = CC_DESIGN_PERSON_AND_ORGANIZATION_ASSIGNMENT ( #159, #190, ( #6455 ) ) ;
#4804 = ADVANCED_FACE ( 'NONE', ( #645, #3485 ), #2831, .T. ) ;
#4805 = CARTESIAN_POINT ( 'NONE',  ( 32.59607450347801461, 11.00000000000000000, -9.669329188920526619 ) ) ;
#4806 = DIRECTION ( 'NONE',  ( -0.7071067811865474617, 0.000000000000000000, -0.7071067811865476838 ) ) ;
#4807 = DIRECTION ( 'NONE',  ( -0.000000000000000000, -1.000000000000000000, -0.000000000000000000 ) ) ;
#4808 = CONICAL_SURFACE ( 'NONE', #1709, 5.711657082460495083, 0.7853981633974457255 ) ;
#4809 = ADVANCED_FACE ( 'NONE', ( #6755 ), #1229, .F. ) ;
#4810 = LINE ( 'NONE', #4848, #1384 ) ;
#4811 = ORIENTED_EDGE ( 'NONE', *, *, #2819, .T. ) ;
#4812 = VERTEX_POINT ( 'NONE', #2798 ) ;
#4813 = CALENDAR_DATE ( 2026, 21, 5 ) ;
#4814 = ORIENTED_EDGE ( 'NONE', *, *, #237, .T. ) ;
#4815 = DIRECTION ( 'NONE',  ( 0.000000000000000000, -1.000000000000000000, 0.000000000000000000 ) ) ;
#4816 = AXIS2_PLACEMENT_3D ( 'NONE', #6910, #3027, #412 ) ;
#4817 = CARTESIAN_POINT ( 'NONE',  ( -15.04256164352853276, 10.11107969344462632, -24.15796538018428308 ) ) ;
#4818 = CARTESIAN_POINT ( 'NONE',  ( 16.27155821306902084, 9.542869555011447957, -25.08312013440419719 ) ) ;
#4819 = VECTOR ( 'NONE', #1145, 1000.000000000000114 ) ;
#4820 = ADVANCED_FACE ( 'NONE', ( #4985 ), #4214, .F. ) ;
#4821 = CARTESIAN_POINT ( 'NONE',  ( -31.25000000000031264, 2.999999999999995559, -29.14999999999967173 ) ) ;
#4822 = EDGE_LOOP ( 'NONE', ( #1128, #1300, #3304, #3065 ) ) ;
#4823 = CONICAL_SURFACE ( 'NONE', #1721, 6.211657082460492418, 0.7853981633974456145 ) ;
#4824 = ORIENTED_EDGE ( 'NONE', *, *, #1562, .T. ) ;
#4825 = CARTESIAN_POINT ( 'NONE',  ( 25.52500669161252489, 0.5000000000000004441, 16.74039700078600745 ) ) ;
#4826 = CARTESIAN_POINT ( 'NONE',  ( 23.00899376716094835, 0.5000000000000004441, -6.825408839238017222 ) ) ;
#4827 = EDGE_CURVE ( 'NONE', #4236, #5091, #3865, .T. ) ;
#4828 = FACE_OUTER_BOUND ( 'NONE', #1569, .T. ) ;
#4829 = EDGE_CURVE ( 'NONE', #5700, #2642, #1328, .T. ) ;
#4830 = ORIENTED_EDGE ( 'NONE', *, *, #977, .F. ) ;
#4831 = AXIS2_PLACEMENT_3D ( 'NONE', #6240, #1454, #4685 ) ;
#4832 = CARTESIAN_POINT ( 'NONE',  ( 27.70540201526686985, 5.999999999999994671, 31.93071212713079987 ) ) ;
#4833 = ORIENTED_EDGE ( 'NONE', *, *, #2370, .F. ) ;
#4834 = ORIENTED_EDGE ( 'NONE', *, *, #6231, .T. ) ;
#4835 = LINE ( 'NONE', #6955, #5576 ) ;
#4836 = DIRECTION ( 'NONE',  ( -1.734723475976805517E-15, 0.000000000000000000, 1.000000000000000000 ) ) ;
#4838 = LINE ( 'NONE', #6425, #5259 ) ;
#4837 = AXIS2_PLACEMENT_3D ( 'NONE', #7002, #5379, #477 ) ;
#4839 = EDGE_CURVE ( 'NONE', #5630, #60, #3519, .T. ) ;
#4840 = DIRECTION ( 'NONE',  ( -0.4999999999999986677, 0.7071067811865493491, -0.4999999999999986677 ) ) ;
#4841 = VERTEX_POINT ( 'NONE', #5240 ) ;
#4842 = CARTESIAN_POINT ( 'NONE',  ( 6.000000000000000000, 0.000000000000000000, 18.78460969082652099 ) ) ;
#4843 = DIRECTION ( 'NONE',  ( 0.000000000000000000, 0.000000000000000000, 1.000000000000000000 ) ) ;
#4844 = AXIS2_PLACEMENT_3D ( 'NONE', #4430, #6590, #633 ) ;
#4845 = CARTESIAN_POINT ( 'NONE',  ( 31.43836089953917678, 6.603073792140889076, -23.36085798989919837 ) ) ;
#4846 = DIRECTION ( 'NONE',  ( 0.000000000000000000, -1.000000000000000000, 0.000000000000000000 ) ) ;
#4847 = AXIS2_PLACEMENT_3D ( 'NONE', #6022, #1123, #1637 ) ;
#4848 = CARTESIAN_POINT ( 'NONE',  ( 12.83333333333333570, 3.499999999999999556, 17.86912296548309698 ) ) ;
#4849 = ORIENTED_EDGE ( 'NONE', *, *, #173, .F. ) ;
#4850 = ORIENTED_EDGE ( 'NONE', *, *, #3620, .T. ) ;
#4851 = ORIENTED_EDGE ( 'NONE', *, *, #3403, .F. ) ;
#4852 = LINE ( 'NONE', #2131, #5817 ) ;
#4853 = EDGE_CURVE ( 'NONE', #1057, #437, #4184, .T. ) ;
#4854 = DIRECTION ( 'NONE',  ( 0.000000000000000000, 0.000000000000000000, 1.000000000000000000 ) ) ;
#4855 = CARTESIAN_POINT ( 'NONE',  ( -22.82674879426532399, 10.97096184751183046, -13.47613044774992552 ) ) ;
#4856 = LINE ( 'NONE', #3782, #6396 ) ;
#4857 = ORIENTED_EDGE ( 'NONE', *, *, #4914, .F. ) ;
#4858 = CARTESIAN_POINT ( 'NONE',  ( -4.392304845413264935, 47.00822076650859316, -4.392304845413268488 ) ) ;
#4859 = CARTESIAN_POINT ( 'NONE',  ( -25.77930561637879237, 15.99999999999999645, 33.85680852601872459 ) ) ;
#4860 = DIRECTION ( 'NONE',  ( -0.6779089800432717139, 0.7071067811865474617, 0.2010955364414912794 ) ) ;
#4861 = ORIENTED_EDGE ( 'NONE', *, *, #806, .F. ) ;
#4862 = CARTESIAN_POINT ( 'NONE',  ( -30.75535969735168962, 6.041686331607861504, 27.39046728088573701 ) ) ;
#4863 = VERTEX_POINT ( 'NONE', #3666 ) ;
#4864 = EDGE_LOOP ( 'NONE', ( #3240, #4944, #3329, #5806, #6450, #7042, #6403 ) ) ;
#4865 = CARTESIAN_POINT ( 'NONE',  ( 12.00000000000000178, 10.49999999999999822, 19.49358868961792624 ) ) ;
#4866 = EDGE_CURVE ( 'NONE', #2611, #247, #372, .T. ) ;
#4867 = CARTESIAN_POINT ( 'NONE',  ( -4.392304845413264935, 0.5000000000000004441, -4.392304845413268488 ) ) ;
#4868 = LINE ( 'NONE', #6393, #2400 ) ;
#4869 = CARTESIAN_POINT ( 'NONE',  ( -24.97164385540648013, 9.608577256617202522, 16.13988293926464124 ) ) ;
#4870 = ORIENTED_EDGE ( 'NONE', *, *, #2272, .F. ) ;
#4871 = EDGE_CURVE ( 'NONE', #6998, #2572, #1941, .T. ) ;
#4872 = CARTESIAN_POINT ( 'NONE',  ( 31.24999999999977973, 0.000000000000000000, -29.15000000000020464 ) ) ;
#4873 = CYLINDRICAL_SURFACE ( 'NONE', #492, 2.100000000000000977 ) ;
#4874 = CARTESIAN_POINT ( 'NONE',  ( -27.21124854518001257, 5.999999999999996447, -35.28875145481998743 ) ) ;
#4875 = PLANE ( 'NONE',  #3241 ) ;
#4876 = CARTESIAN_POINT ( 'NONE',  ( -32.60998848836815256, 5.999999999999996447, -24.53248557872820967 ) ) ;
#4877 = ORIENTED_EDGE ( 'NONE', *, *, #4450, .T. ) ;
#4878 = EDGE_LOOP ( 'NONE', ( #4117, #2740, #2130, #5276 ) ) ;
#4879 = CARTESIAN_POINT ( 'NONE',  ( 24.45559879876116938, 9.927079897466144942, 15.47731122237373036 ) ) ;
#4880 = EDGE_CURVE ( 'NONE', #3930, #1291, #590, .T. ) ;
#4881 = FACE_OUTER_BOUND ( 'NONE', #5352, .T. ) ;
#4882 = CARTESIAN_POINT ( 'NONE',  ( -22.71481489878135207, 10.98854027673595368, -13.19041132088534063 ) ) ;
#4883 = CARTESIAN_POINT ( 'NONE',  ( 32.32589056660096816, 5.999999999999992006, -35.26527825794213555 ) ) ;
#4884 = ORIENTED_EDGE ( 'NONE', *, *, #3859, .T. ) ;
#4885 = EDGE_CURVE ( 'NONE', #247, #1845, #1898, .T. ) ;
#4886 = VERTEX_POINT ( 'NONE', #6260 ) ;
#4887 = CARTESIAN_POINT ( 'NONE',  ( -35.64230484541324273, 0.5000000000000004441, -26.85769515458674661 ) ) ;
#4888 = CARTESIAN_POINT ( 'NONE',  ( -22.73752811652702377, 10.98885594887173589, 13.26088090616547355 ) ) ;
#4889 = EDGE_CURVE ( 'NONE', #3150, #802, #821, .T. ) ;
#4890 = DIRECTION ( 'NONE',  ( -0.7071067811865404673, 0.000000000000000000, 0.7071067811865546782 ) ) ;
#4891 = DIRECTION ( 'NONE',  ( -0.9659258262890684232, 4.336808689942096006E-17, 0.2588190451025204619 ) ) ;
#4892 = CARTESIAN_POINT ( 'NONE',  ( 30.17410943339864104, 2.999999999999993339, 27.23472174205819130 ) ) ;
#4893 = EDGE_CURVE ( 'NONE', #37, #4886, #1511, .T. ) ;
#4894 = ORIENTED_EDGE ( 'NONE', *, *, #6298, .F. ) ;
#4895 = CONICAL_SURFACE ( 'NONE', #5569, 1.499999999999997780, 0.7853981633974509435 ) ;
#4896 = ORIENTED_EDGE ( 'NONE', *, *, #3409, .T. ) ;
#4897 = AXIS2_PLACEMENT_3D ( 'NONE', #1937, #221, #5203 ) ;
#4898 = CARTESIAN_POINT ( 'NONE',  ( 25.42575222578558680, 15.99999999999999645, 34.21036191661211490 ) ) ;
#4899 = CARTESIAN_POINT ( 'NONE',  ( -9.669329188920521290, 11.00000000000000000, -32.59607450347801461 ) ) ;
#4900 = FACE_OUTER_BOUND ( 'NONE', #4526, .T. ) ;
#4901 = VECTOR ( 'NONE', #6202, 1000.000000000000114 ) ;
#4902 = DIRECTION ( 'NONE',  ( -0.7071067811865462405, -0.7071067811865489050, 0.000000000000000000 ) ) ;
#4903 = EDGE_CURVE ( 'NONE', #6322, #7025, #3577, .T. ) ;
#4904 = EDGE_LOOP ( 'NONE', ( #3376, #4323, #2907, #2476, #2306, #6711 ) ) ;
#4905 = AXIS2_PLACEMENT_3D ( 'NONE', #2961, #6212, #5158 ) ;
#4906 = VECTOR ( 'NONE', #2018, 1000.000000000000000 ) ;
#4907 = CARTESIAN_POINT ( 'NONE',  ( -17.09395039137927341, 0.000000000000000000, -25.17145330101926604 ) ) ;
#4908 = CONICAL_SURFACE ( 'NONE', #5145, 4.000000000000000000, 0.7853981633974466137 ) ;
#4909 = CARTESIAN_POINT ( 'NONE',  ( 24.92116906377289354, 9.638404495913354353, 16.07998089867396985 ) ) ;
#4910 = CARTESIAN_POINT ( 'NONE',  ( 22.63223656266516315, 10.99999693316126148, -12.97537828865435827 ) ) ;
#4911 = CARTESIAN_POINT ( 'NONE',  ( -7.857864376269053430, 3.499999999999999556, 20.28460969082652809 ) ) ;
#4912 = VECTOR ( 'NONE', #5725, 1000.000000000000114 ) ;
#4913 = DIRECTION ( 'NONE',  ( -0.000000000000000000, -1.000000000000000000, -0.000000000000000000 ) ) ;
#4914 = EDGE_CURVE ( 'NONE', #1334, #4360, #1438, .T. ) ;
#4915 = ADVANCED_FACE ( 'NONE', ( #5738 ), #5306, .F. ) ;
#4916 = EDGE_LOOP ( 'NONE', ( #876, #6568, #4395, #2680 ) ) ;
#4917 = VERTEX_POINT ( 'NONE', #832 ) ;
#4918 = AXIS2_PLACEMENT_3D ( 'NONE', #145, #4403, #1242 ) ;
#4919 = DIRECTION ( 'NONE',  ( 0.000000000000000000, -1.000000000000000000, 0.000000000000000000 ) ) ;
#4920 = DIRECTION ( 'NONE',  ( 0.000000000000000000, -1.000000000000000000, 0.000000000000000000 ) ) ;
#4921 = DIRECTION ( 'NONE',  ( -0.4999999999999977796, 0.7071067811865472397, 0.5000000000000026645 ) ) ;
#4922 = CARTESIAN_POINT ( 'NONE',  ( 13.43502884254437468, 3.499999999999999556, 13.43502884254442620 ) ) ;
#4923 = ORIENTED_EDGE ( 'NONE', *, *, #2530, .T. ) ;
#4924 = VERTEX_POINT ( 'NONE', #3017 ) ;
#4925 = CIRCLE ( 'NONE', #4443, 9.499999999999994671 ) ;
#4926 = AXIS2_PLACEMENT_3D ( 'NONE', #7011, #3249, #3316 ) ;
#4927 = ORIENTED_EDGE ( 'NONE', *, *, #410, .T. ) ;
#4928 = CARTESIAN_POINT ( 'NONE',  ( -27.70540201526686985, 5.999999999999994671, -31.93071212713078566 ) ) ;
#4929 = FACE_OUTER_BOUND ( 'NONE', #5780, .T. ) ;
#4930 = VECTOR ( 'NONE', #126, 1000.000000000000000 ) ;
#4931 = EDGE_CURVE ( 'NONE', #526, #3399, #143, .T. ) ;
#4932 = VECTOR ( 'NONE', #4222, 1000.000000000000114 ) ;
#4933 = DIRECTION ( 'NONE',  ( -0.5000000000000019984, -0.7071067811865445751, -0.5000000000000019984 ) ) ;
#4934 = DIRECTION ( 'NONE',  ( -0.5000000000000031086, 0.7071067811865466846, -0.4999999999999981681 ) ) ;
#4935 = VERTEX_POINT ( 'NONE', #4189 ) ;
#4936 = AXIS2_PLACEMENT_3D ( 'NONE', #2765, #3907, #48 ) ;
#4937 = VECTOR ( 'NONE', #847, 1000.000000000000000 ) ;
#4938 = ORIENTED_EDGE ( 'NONE', *, *, #5723, .T. ) ;
#4939 = PLANE ( 'NONE',  #5688 ) ;
#4940 = FACE_BOUND ( 'NONE', #5760, .T. ) ;
#4941 = VECTOR ( 'NONE', #3559, 1000.000000000000114 ) ;
#4942 = DIRECTION ( 'NONE',  ( -1.000000000000000000, 0.000000000000000000, 0.000000000000000000 ) ) ;
#4943 = LINE ( 'NONE', #6456, #6736 ) ;
#4944 = ORIENTED_EDGE ( 'NONE', *, *, #2582, .T. ) ;
#4945 = AXIS2_PLACEMENT_3D ( 'NONE', #4197, #6368, #1484 ) ;
#4946 = DIRECTION ( 'NONE',  ( 0.000000000000000000, 0.000000000000000000, 1.000000000000000000 ) ) ;
#4947 = VECTOR ( 'NONE', #3771, 1000.000000000000114 ) ;
#4948 = CARTESIAN_POINT ( 'NONE',  ( 24.95793868430657270, 9.616654097091872799, 16.12370011528382818 ) ) ;
#4949 = CARTESIAN_POINT ( 'NONE',  ( 34.21036191661202963, 15.99999999999999645, 25.42575222578550509 ) ) ;
#4950 = CARTESIAN_POINT ( 'NONE',  ( 12.83333333333333570, 3.499999999999999556, 17.86912296548309698 ) ) ;
#4951 = CARTESIAN_POINT ( 'NONE',  ( 13.83631382381815200, 10.95473130647234150, -22.96349004040627051 ) ) ;
#4952 = ORIENTED_EDGE ( 'NONE', *, *, #5852, .T. ) ;
#4953 = EDGE_LOOP ( 'NONE', ( #3756, #801, #5642, #6243 ) ) ;
#4954 = DIRECTION ( 'NONE',  ( -0.3289899283371932603, -0.6644630243886489041, 0.6710100716628464301 ) ) ;
#4955 = VECTOR ( 'NONE', #973, 999.9999999999998863 ) ;
#4956 = FACE_OUTER_BOUND ( 'NONE', #5479, .T. ) ;
#4957 = CARTESIAN_POINT ( 'NONE',  ( -31.25000000000000000, 47.00822076650859316, 33.34999999999999432 ) ) ;
#4958 = DIRECTION ( 'NONE',  ( 0.7071067811865472397, 0.000000000000000000, 0.7071067811865479058 ) ) ;
#4959 = ORIENTED_EDGE ( 'NONE', *, *, #6033, .T. ) ;
#4960 = ORIENTED_EDGE ( 'NONE', *, *, #222, .F. ) ;
#4961 = CARTESIAN_POINT ( 'NONE',  ( -25.77930561637885987, 5.999999999999996447, -33.85680852601883828 ) ) ;
#4962 = EDGE_CURVE ( 'NONE', #4924, #4076, #2593, .T. ) ;
#4963 = DIRECTION ( 'NONE',  ( 0.000000000000000000, 0.000000000000000000, -1.000000000000000000 ) ) ;
#4964 = DIRECTION ( 'NONE',  ( 0.000000000000000000, 0.000000000000000000, -1.000000000000000000 ) ) ;
#4965 = DIRECTION ( 'NONE',  ( 0.000000000000000000, 0.000000000000000000, -1.000000000000000000 ) ) ;
#4966 = ORIENTED_EDGE ( 'NONE', *, *, #5696, .F. ) ;
#4967 = EDGE_CURVE ( 'NONE', #3204, #6998, #4375, .T. ) ;
#4968 = VERTEX_POINT ( 'NONE', #5339 ) ;
#4969 = EDGE_LOOP ( 'NONE', ( #5424, #1271, #3318, #4496 ) ) ;
#4970 = DIRECTION ( 'NONE',  ( 0.000000000000000000, 0.000000000000000000, -1.000000000000000000 ) ) ;
#4971 = DIRECTION ( 'NONE',  ( 0.7071067811865405783, 0.000000000000000000, -0.7071067811865544561 ) ) ;
#4972 = DIRECTION ( 'NONE',  ( -0.000000000000000000, 1.000000000000000000, -0.000000000000000000 ) ) ;
#4973 = ORIENTED_EDGE ( 'NONE', *, *, #2282, .F. ) ;
#4974 = DIRECTION ( 'NONE',  ( -0.7071067811865405783, -0.000000000000000000, 0.7071067811865544561 ) ) ;
#4975 = CARTESIAN_POINT ( 'NONE',  ( -23.01690092346469285, 10.49999999999999467, 12.53977053546900144 ) ) ;
#4976 = LINE ( 'NONE', #2255, #1357 ) ;
#4977 = LINE ( 'NONE', #6624, #4143 ) ;
#4978 = CARTESIAN_POINT ( 'NONE',  ( 15.47731122237366108, 9.927079897466144942, -24.45559879876112319 ) ) ;
#4979 = EDGE_LOOP ( 'NONE', ( #5210, #1133, #2652, #3273 ) ) ;
#4980 = ORIENTED_EDGE ( 'NONE', *, *, #6192, .T. ) ;
#4981 = EDGE_CURVE ( 'NONE', #2492, #3399, #6502, .T. ) ;
#4982 = CARTESIAN_POINT ( 'NONE',  ( -27.21124854518001612, 0.000000000000000000, 35.28875145481997322 ) ) ;
#4983 = LINE ( 'NONE', #2299, #5847 ) ;
#4984 = DIRECTION ( 'NONE',  ( -6.608470384673549052E-16, 0.000000000000000000, 1.000000000000000000 ) ) ;
#4985 = FACE_OUTER_BOUND ( 'NONE', #6596, .T. ) ;
#4986 = LINE ( 'NONE', #3486, #1826 ) ;
#4987 = EDGE_LOOP ( 'NONE', ( #6542, #3096, #4679, #5373, #6529 ) ) ;
#4988 = ORIENTED_EDGE ( 'NONE', *, *, #881, .T. ) ;
#4989 = ADVANCED_FACE ( 'NONE', ( #3698 ), #3732, .T. ) ;
#4990 = ORIENTED_EDGE ( 'NONE', *, *, #2955, .F. ) ;
#4991 = CARTESIAN_POINT ( 'NONE',  ( -28.31061230865974210, 2.999999999999993339, 34.18938769134022948 ) ) ;
#4992 =( BOUNDED_CURVE ( )  B_SPLINE_CURVE ( 3, ( #6532, #3837, #6008, #1106 ),
 .UNSPECIFIED., .F., .F. ) 
 B_SPLINE_CURVE_WITH_KNOTS ( ( 4, 4 ),
 ( 4.712388980384689674, 4.870540119000255963 ),
 .UNSPECIFIED. ) 
 CURVE ( )  GEOMETRIC_REPRESENTATION_ITEM ( )  RATIONAL_B_SPLINE_CURVE ( ( 1.000000000000000000, 0.9979167706456838483, 0.9979167706456838483, 1.000000000000000000 ) ) 
 REPRESENTATION_ITEM ( '' )  );
#4993 = CARTESIAN_POINT ( 'NONE',  ( -24.88205480981299900, 9.977803428698068799, 16.80458515958351740 ) ) ;
#4994 = PLANE ( 'NONE',  #4315 ) ;
#4995 = CARTESIAN_POINT ( 'NONE',  ( 30.17410943339771734, 6.124798468254548212, -27.23472174205915053 ) ) ;
#4996 = ADVANCED_FACE ( 'NONE', ( #435 ), #5620, .F. ) ;
#4997 = EDGE_CURVE ( 'NONE', #4360, #4632, #2548, .T. ) ;
#4998 = ORIENTED_EDGE ( 'NONE', *, *, #4212, .F. ) ;
#4999 = ORIENTED_EDGE ( 'NONE', *, *, #4776, .T. ) ;
#5000 = ORIENTED_EDGE ( 'NONE', *, *, #3475, .F. ) ;
#5001 = CIRCLE ( 'NONE', #1900, 2.000000000000001776 ) ;
#5002 = CARTESIAN_POINT ( 'NONE',  ( 27.23472174205787866, 6.124798468254541106, -30.17410943339892526 ) ) ;
#5003 = LINE ( 'NONE', #97, #3992 ) ;
#5004 = AXIS2_PLACEMENT_3D ( 'NONE', #5190, #2461, #1385 ) ;
#5005 = CARTESIAN_POINT ( 'NONE',  ( -16.74039700078600390, 9.296760541840601633, -25.52500669161254265 ) ) ;
#5006 = ORIENTED_EDGE ( 'NONE', *, *, #2408, .T. ) ;
#5007 = CARTESIAN_POINT ( 'NONE',  ( -13.43502884254437468, 11.00099999999999945, -13.43502884254442797 ) ) ;
#5008 = VECTOR ( 'NONE', #501, 1000.000000000000000 ) ;
#5009 = LINE ( 'NONE', #107, #1742 ) ;
#5011 = EDGE_CURVE ( 'NONE', #884, #2245, #5909, .T. ) ;
#5010 = CIRCLE ( 'NONE', #4677, 10.00000000000000000 ) ;
#5012 = CARTESIAN_POINT ( 'NONE',  ( 34.18938769133919209, 2.999999999999993339, -28.31061230866085765 ) ) ;
#5013 = DIRECTION ( 'NONE',  ( -0.000000000000000000, -1.000000000000000000, -0.000000000000000000 ) ) ;
#5014 = CARTESIAN_POINT ( 'NONE',  ( 15.26193872806387652, 10.02679810356355361, -24.30193980864762437 ) ) ;
#5015 = ORIENTED_EDGE ( 'NONE', *, *, #5193, .T. ) ;
#5016 = ORIENTED_EDGE ( 'NONE', *, *, #2072, .F. ) ;
#5017 = AXIS2_PLACEMENT_3D ( 'NONE', #4046, #3932, #2260 ) ;
#5018 = CIRCLE ( 'NONE', #781, 10.00000000000000000 ) ;
#5019 = ADVANCED_FACE ( 'NONE', ( #5977 ), #4023, .F. ) ;
#5020 = DIRECTION ( 'NONE',  ( -0.7071067811865470176, 0.000000000000000000, -0.7071067811865480168 ) ) ;
#5021 = LINE ( 'NONE', #1179, #4819 ) ;
#5022 = DIRECTION ( 'NONE',  ( 0.7071067811865329178, 0.000000000000000000, -0.7071067811865620056 ) ) ;
#5023 = VECTOR ( 'NONE', #4469, 1000.000000000000000 ) ;
#5024 = CARTESIAN_POINT ( 'NONE',  ( -13.43502884254437468, 2.000000000000000000, -13.43502884254442797 ) ) ;
#5025 = CIRCLE ( 'NONE', #6494, 10.50000000000000178 ) ;
#5026 = CARTESIAN_POINT ( 'NONE',  ( -30.17410943339864104, 6.124798468254541106, -27.23472174205819130 ) ) ;
#5027 = ORIENTED_EDGE ( 'NONE', *, *, #819, .T. ) ;
#5028 = ORIENTED_EDGE ( 'NONE', *, *, #164, .F. ) ;
#5029 = ORIENTED_EDGE ( 'NONE', *, *, #3747, .F. ) ;
#5030 = DIRECTION ( 'NONE',  ( 0.000000000000000000, 1.000000000000000000, 0.000000000000000000 ) ) ;
#5031 = AXIS2_PLACEMENT_3D ( 'NONE', #5570, #2855, #3894 ) ;
#5032 = CARTESIAN_POINT ( 'NONE',  ( -24.45559879876122622, 9.927079897466152048, 15.47731122237379431 ) ) ;
#5033 = CARTESIAN_POINT ( 'NONE',  ( 0.000000000000000000, 2.999999999999995559, 0.000000000000000000 ) ) ;
#5034 = DIRECTION ( 'NONE',  ( 2.643388153869421593E-15, 0.000000000000000000, 1.000000000000000000 ) ) ;
#5035 = VECTOR ( 'NONE', #4125, 1000.000000000000114 ) ;
#5036 = ORIENTED_EDGE ( 'NONE', *, *, #6217, .T. ) ;
#5037 = EDGE_LOOP ( 'NONE', ( #4274, #2703, #3165, #1272 ) ) ;
#5038 = CARTESIAN_POINT ( 'NONE',  ( 25.29237568234324129, 9.766606852233591596, -17.21487277270325222 ) ) ;
#5039 = CARTESIAN_POINT ( 'NONE',  ( -28.31061230865974210, 5.999999999999992895, 34.18938769134022948 ) ) ;
#5040 = EDGE_CURVE ( 'NONE', #5201, #2195, #2093, .T. ) ;
#5041 = EDGE_CURVE ( 'NONE', #1700, #2695, #2667, .T. ) ;
#5042 = CARTESIAN_POINT ( 'NONE',  ( 0.000000000000000000, 11.00000000000000000, 0.000000000000000000 ) ) ;
#5043 = CIRCLE ( 'NONE', #1957, 10.50000000000000355 ) ;
#5044 = CARTESIAN_POINT ( 'NONE',  ( -15.47731122237378720, 9.927079897466144942, -24.45559879876123688 ) ) ;
#5045 = ORIENTED_EDGE ( 'NONE', *, *, #6429, .T. ) ;
#5046 = CIRCLE ( 'NONE', #1952, 5.711657082460484425 ) ;
#5047 = DIRECTION ( 'NONE',  ( -0.000000000000000000, -0.000000000000000000, -1.000000000000000000 ) ) ;
#5048 = LINE ( 'NONE', #5577, #267 ) ;
#5049 = EDGE_CURVE ( 'NONE', #4935, #5966, #3809, .T. ) ;
#5050 = ADVANCED_FACE ( 'NONE', ( #3270 ), #2050, .F. ) ;
#5051 = DIRECTION ( 'NONE',  ( 0.000000000000000000, 0.000000000000000000, 1.000000000000000000 ) ) ;
#5052 = DIRECTION ( 'NONE',  ( 0.7071067811865614505, -0.000000000000000000, 0.7071067811865336949 ) ) ;
#5053 = CARTESIAN_POINT ( 'NONE',  ( -24.95177196026324395, 9.620294530956050139, -16.11639530266511500 ) ) ;
#5054 = ORIENTED_EDGE ( 'NONE', *, *, #3607, .F. ) ;
#5055 = EDGE_LOOP ( 'NONE', ( #5556, #4379, #3919, #577, #4814 ) ) ;
#5056 = EDGE_CURVE ( 'NONE', #3670, #5392, #1583, .T. ) ;
#5057 = CARTESIAN_POINT ( 'NONE',  ( 23.36085798989908113, 6.603073792140888187, -31.43836089953894941 ) ) ;
#5058 = DIRECTION ( 'NONE',  ( -0.000000000000000000, 1.000000000000000000, -0.000000000000000000 ) ) ;
#5059 = DIRECTION ( 'NONE',  ( 0.000000000000000000, 1.000000000000000000, 0.000000000000000000 ) ) ;
#5060 = LINE ( 'NONE', #2263, #1587 ) ;
#5061 = AXIS2_PLACEMENT_3D ( 'NONE', #4543, #5052, #2862 ) ;
#5062 = CARTESIAN_POINT ( 'NONE',  ( 22.74206853540276896, 10.98491151223938012, 13.26211266319658044 ) ) ;
#5063 = ORIENTED_EDGE ( 'NONE', *, *, #250, .T. ) ;
#5064 = ORIENTED_EDGE ( 'NONE', *, *, #3718, .F. ) ;
#5065 = CARTESIAN_POINT ( 'NONE',  ( 25.42575222578559035, 5.499999999999990230, 34.21036191661212200 ) ) ;
#5066 = VECTOR ( 'NONE', #5273, 1000.000000000000000 ) ;
#5067 = ADVANCED_FACE ( 'NONE', ( #975 ), #595, .T. ) ;
#5068 = EDGE_LOOP ( 'NONE', ( #6077, #1906, #6125, #3833 ) ) ;
#5069 = EDGE_CURVE ( 'NONE', #1550, #5948, #5442, .T. ) ;
#5070 = CARTESIAN_POINT ( 'NONE',  ( -25.29237568234323064, 9.766606852233524094, -17.21487277270327709 ) ) ;
#5071 = VECTOR ( 'NONE', #2949, 1000.000000000000000 ) ;
#5072 = CARTESIAN_POINT ( 'NONE',  ( -24.15717145430945934, 10.10877208741924171, 15.03491134025266973 ) ) ;
#5073 = ORIENTED_EDGE ( 'NONE', *, *, #3965, .F. ) ;
#5074 = CARTESIAN_POINT ( 'NONE',  ( -16.13467461456647101, 9.611178710162231908, -24.96722586725118731 ) ) ;
#5075 = CARTESIAN_POINT ( 'NONE',  ( -30.17410943339864104, 2.999999999999993339, -27.23472174205819130 ) ) ;
#5076 = AXIS2_PLACEMENT_3D ( 'NONE', #1801, #6643, #5034 ) ;
#5077 = ORIENTED_EDGE ( 'NONE', *, *, #3999, .F. ) ;
#5078 = EDGE_CURVE ( 'NONE', #4886, #6313, #1400, .T. ) ;
#5079 = ORIENTED_EDGE ( 'NONE', *, *, #285, .T. ) ;
#5080 = CARTESIAN_POINT ( 'NONE',  ( 23.09855146029779860, 10.49999704855047433, -12.81225290692241892 ) ) ;
#5081 = CARTESIAN_POINT ( 'NONE',  ( 14.00000000000000355, 10.49999999999999467, 19.49358868961792624 ) ) ;
#5082 = LINE ( 'NONE', #739, #2521 ) ;
#5083 = FACE_OUTER_BOUND ( 'NONE', #6335, .T. ) ;
#5084 = ORIENTED_EDGE ( 'NONE', *, *, #1669, .T. ) ;
#5085 = ADVANCED_FACE ( 'NONE', ( #6009 ), #5414, .F. ) ;
#5086 = DIRECTION ( 'NONE',  ( -0.000000000000000000, 1.000000000000000000, -0.000000000000000000 ) ) ;
#5087 = CARTESIAN_POINT ( 'NONE',  ( -15.46567752711452215, 10.56636513255350174, -23.87634168908733301 ) ) ;
#5088 = DIRECTION ( 'NONE',  ( -0.000000000000000000, -1.000000000000000000, -0.000000000000000000 ) ) ;
#5089 = FACE_OUTER_BOUND ( 'NONE', #5055, .T. ) ;
#5090 = CARTESIAN_POINT ( 'NONE',  ( 15.02988578641836348, 10.70603930782070101, -23.60162345765452585 ) ) ;
#5091 = VERTEX_POINT ( 'NONE', #4950 ) ;
#5092 = ORIENTED_EDGE ( 'NONE', *, *, #2094, .T. ) ;
#5093 = ADVANCED_FACE ( 'NONE', ( #1651 ), #4875, .T. ) ;
#5094 = EDGE_CURVE ( 'NONE', #6921, #2129, #4977, .T. ) ;
#5095 = CARTESIAN_POINT ( 'NONE',  ( -24.45559879876115517, 9.927079897466144942, -15.47731122237370727 ) ) ;
#5096 = CYLINDRICAL_SURFACE ( 'NONE', #5462, 1.399999999999998579 ) ;
#5097 = LINE ( 'NONE', #6225, #3451 ) ;
#5098 = DIRECTION ( 'NONE',  ( 0.000000000000000000, -1.000000000000000000, 0.000000000000000000 ) ) ;
#5099 = CARTESIAN_POINT ( 'NONE',  ( 4.000000000000000888, 2.487533089846709622, 0.3613725243560876321 ) ) ;
#5100 = CARTESIAN_POINT ( 'NONE',  ( 23.10032068610726697, 10.49733837832302719, 12.80784655891999080 ) ) ;
#5101 = ORIENTED_EDGE ( 'NONE', *, *, #1279, .F. ) ;
#5102 = ORIENTED_EDGE ( 'NONE', *, *, #2399, .T. ) ;
#5103 = DIRECTION ( 'NONE',  ( 0.000000000000000000, 0.000000000000000000, 1.000000000000000000 ) ) ;
#5104 = ORIENTED_EDGE ( 'NONE', *, *, #1294, .T. ) ;
#5105 = DIRECTION ( 'NONE',  ( 0.000000000000000000, 0.000000000000000000, 1.000000000000000000 ) ) ;
#5106 = FACE_OUTER_BOUND ( 'NONE', #5438, .T. ) ;
#5107 = ORIENTED_EDGE ( 'NONE', *, *, #187, .F. ) ;
#5108 = CARTESIAN_POINT ( 'NONE',  ( 12.00000000000000355, 0.5000000000000004441, 20.78460969082652454 ) ) ;
#5109 = CARTESIAN_POINT ( 'NONE',  ( 31.25000000000010303, 0.000000000000000000, 31.24999999999988631 ) ) ;
#5110 = VERTEX_POINT ( 'NONE', #71 ) ;
#5111 = VECTOR ( 'NONE', #3681, 999.9999999999998863 ) ;
#5112 = ORIENTED_EDGE ( 'NONE', *, *, #5715, .T. ) ;
#5113 = DIRECTION ( 'NONE',  ( -0.000000000000000000, 1.000000000000000000, -0.000000000000000000 ) ) ;
#5114 = LINE ( 'NONE', #5039, #655 ) ;
#5115 = FACE_OUTER_BOUND ( 'NONE', #392, .T. ) ;
#5116 = ORIENTED_EDGE ( 'NONE', *, *, #1066, .T. ) ;
#5117 = DIRECTION ( 'NONE',  ( -0.7071067811865483499, -8.673617379884035472E-17, -0.7071067811865467956 ) ) ;
#5118 = ORIENTED_EDGE ( 'NONE', *, *, #2302, .T. ) ;
#5119 = DIRECTION ( 'NONE',  ( -0.000000000000000000, 1.000000000000000000, -0.000000000000000000 ) ) ;
#5120 = CARTESIAN_POINT ( 'NONE',  ( -14.20711152027660162, 10.34159057684307115, -23.68387455850624690 ) ) ;
#5121 = CARTESIAN_POINT ( 'NONE',  ( 24.45559879876126885, 9.927079897466148495, -15.47731122237384049 ) ) ;
#5122 = EDGE_CURVE ( 'NONE', #4743, #3974, #4404, .T. ) ;
#5123 = CARTESIAN_POINT ( 'NONE',  ( 24.16949739484929793, 10.39692620785910293, 15.88863270537036598 ) ) ;
#5124 = CARTESIAN_POINT ( 'NONE',  ( -4.000000000000000000, 2.451086644630384281, 0.7102315340549270051 ) ) ;
#5125 = VERTEX_POINT ( 'NONE', #6104 ) ;
#5126 = ORIENTED_EDGE ( 'NONE', *, *, #4962, .T. ) ;
#5127 = VECTOR ( 'NONE', #5673, 1000.000000000000000 ) ;
#5128 = DIRECTION ( 'NONE',  ( 0.000000000000000000, 0.000000000000000000, 1.000000000000000000 ) ) ;
#5129 = CARTESIAN_POINT ( 'NONE',  ( 4.392304845413263159, 3.500000000000003109, 4.392304845413264935 ) ) ;
#5130 = FACE_OUTER_BOUND ( 'NONE', #3683, .T. ) ;
#5131 = DIRECTION ( 'NONE',  ( 0.7071067811865405783, 0.000000000000000000, -0.7071067811865544561 ) ) ;
#5132 = EDGE_CURVE ( 'NONE', #3364, #4162, #3127, .T. ) ;
#5133 = EDGE_CURVE ( 'NONE', #6514, #1934, #4432, .T. ) ;
#5134 = PLANE ( 'NONE',  #3651 ) ;
#5135 = VECTOR ( 'NONE', #4240, 1000.000000000000000 ) ;
#5136 = CARTESIAN_POINT ( 'NONE',  ( 32.32589056660199134, 2.999999999999992450, 35.26527825794115500 ) ) ;
#5137 = ORIENTED_EDGE ( 'NONE', *, *, #1244, .F. ) ;
#5138 = ORIENTED_EDGE ( 'NONE', *, *, #3267, .T. ) ;
#5139 = AXIS2_PLACEMENT_3D ( 'NONE', #688, #6565, #3908 ) ;
#5140 = FACE_OUTER_BOUND ( 'NONE', #1893, .T. ) ;
#5141 = ORIENTED_EDGE ( 'NONE', *, *, #6273, .T. ) ;
#5142 = CARTESIAN_POINT ( 'NONE',  ( -24.88229785559250828, 9.977678330415191255, -16.80482818566244418 ) ) ;
#5143 = VECTOR ( 'NONE', #4155, 1000.000000000000114 ) ;
#5144 = CARTESIAN_POINT ( 'NONE',  ( -23.63708235450533124, 10.68860973647931090, 15.08744572881772861 ) ) ;
#5145 = AXIS2_PLACEMENT_3D ( 'NONE', #49, #643, #77 ) ;
#5146 = CYLINDRICAL_SURFACE ( 'NONE', #1784, 6.211657082460492418 ) ;
#5147 = CARTESIAN_POINT ( 'NONE',  ( -13.43502884254437468, 2.000000000000000000, -15.83502884254442833 ) ) ;
#5148 = ORIENTED_EDGE ( 'NONE', *, *, #6620, .F. ) ;
#5149 = EDGE_LOOP ( 'NONE', ( #6221, #857, #2962, #5000 ) ) ;
#5150 = EDGE_CURVE ( 'NONE', #174, #2350, #1877, .T. ) ;
#5151 = CARTESIAN_POINT ( 'NONE',  ( 31.25000000000010303, 47.00822076650859316, 33.34999999999988773 ) ) ;
#5152 = CARTESIAN_POINT ( 'NONE',  ( 23.60132550904411985, 10.70618508443229544, 15.02940281882122697 ) ) ;
#5153 = AXIS2_PLACEMENT_3D ( 'NONE', #4500, #3580, #171 ) ;
#5154 = DIRECTION ( 'NONE',  ( 0.000000000000000000, 0.000000000000000000, 1.000000000000000000 ) ) ;
#5155 = AXIS2_PLACEMENT_3D ( 'NONE', #3637, #5815, #4134 ) ;
#5156 = ADVANCED_FACE ( 'NONE', ( #3959 ), #3899, .F. ) ;
#5157 = EDGE_LOOP ( 'NONE', ( #83, #6912, #673, #2738, #1101 ) ) ;
#5158 = DIRECTION ( 'NONE',  ( 0.000000000000000000, 0.000000000000000000, 1.000000000000000000 ) ) ;
#5159 = ORIENTED_EDGE ( 'NONE', *, *, #5510, .T. ) ;
#5160 = CARTESIAN_POINT ( 'NONE',  ( -31.25000000000000000, 5.499999999999991118, 31.24999999999999289 ) ) ;
#5161 = CARTESIAN_POINT ( 'NONE',  ( -14.32865197480643715, 10.31517468071290189, -23.74681683776414332 ) ) ;
#5162 = CARTESIAN_POINT ( 'NONE',  ( 12.63545191368702980, 10.83333333333333037, -22.69759513746416602 ) ) ;
#5163 = LINE ( 'NONE', #892, #4466 ) ;
#5164 = ORIENTED_EDGE ( 'NONE', *, *, #4967, .T. ) ;
#5165 = ORIENTED_EDGE ( 'NONE', *, *, #4226, .F. ) ;
#5166 = CIRCLE ( 'NONE', #933, 2.400000000000001243 ) ;
#5167 = AXIS2_PLACEMENT_3D ( 'NONE', #1932, #3589, #2006 ) ;
#5168 = AXIS2_PLACEMENT_3D ( 'NONE', #5788, #5672, #2460 ) ;
#5169 = CARTESIAN_POINT ( 'NONE',  ( -28.31061230865974210, 2.999999999999993339, 34.18938769134022948 ) ) ;
#5170 = EDGE_CURVE ( 'NONE', #391, #6671, #6559, .T. ) ;
#5171 = DIRECTION ( 'NONE',  ( 0.000000000000000000, 0.000000000000000000, -1.000000000000000000 ) ) ;
#5172 = LINE ( 'NONE', #184, #1270 ) ;
#5173 = CARTESIAN_POINT ( 'NONE',  ( 23.56288486309582808, 10.38804196555585690, -13.96121234555834256 ) ) ;
#5174 = AXIS2_PLACEMENT_3D ( 'NONE', #4858, #3711, #3175 ) ;
#5175 = CARTESIAN_POINT ( 'NONE',  ( 23.99795853263422529, 10.50189274059321320, 15.65229466374917777 ) ) ;
#5176 = ORIENTED_EDGE ( 'NONE', *, *, #1936, .F. ) ;
#5177 = ORIENTED_EDGE ( 'NONE', *, *, #5290, .T. ) ;
#5178 = EDGE_LOOP ( 'NONE', ( #6933, #5618, #4394, #3691 ) ) ;
#5179 = DIRECTION ( 'NONE',  ( 0.000000000000000000, 0.000000000000000000, 1.000000000000000000 ) ) ;
#5180 = CARTESIAN_POINT ( 'NONE',  ( -23.39363185903064490, 10.44211425375456059, 13.58519055872143610 ) ) ;
#5181 = VECTOR ( 'NONE', #4271, 1000.000000000000114 ) ;
#5182 = CARTESIAN_POINT ( 'NONE',  ( -23.34360786845094182, 10.45535840937857941, -13.46561823162185867 ) ) ;
#5183 = DIRECTION ( 'NONE',  ( 0.000000000000000000, 0.000000000000000000, 1.000000000000000000 ) ) ;
#5184 = ORIENTED_EDGE ( 'NONE', *, *, #1066, .F. ) ;
#5185 = ORIENTED_EDGE ( 'NONE', *, *, #640, .F. ) ;
#5186 = ADVANCED_FACE ( 'NONE', ( #3343 ), #1287, .F. ) ;
#5187 = EDGE_CURVE ( 'NONE', #2899, #37, #1675, .T. ) ;
#5188 = ORIENTED_EDGE ( 'NONE', *, *, #3305, .F. ) ;
#5189 = CARTESIAN_POINT ( 'NONE',  ( 17.21487277270326999, 9.766606852233502778, -25.29237568234322708 ) ) ;
#5190 = CARTESIAN_POINT ( 'NONE',  ( 0.000000000000000000, 0.000000000000000000, 0.000000000000000000 ) ) ;
#5191 = VECTOR ( 'NONE', #6761, 1000.000000000000114 ) ;
#5192 = DIRECTION ( 'NONE',  ( 0.7071067811865404673, 0.000000000000000000, -0.7071067811865546782 ) ) ;
#5193 = EDGE_CURVE ( 'NONE', #802, #4215, #3374, .T. ) ;
#5194 = ORIENTED_EDGE ( 'NONE', *, *, #6871, .F. ) ;
#5195 = LINE ( 'NONE', #4109, #686 ) ;
#5196 = ORIENTED_EDGE ( 'NONE', *, *, #5727, .F. ) ;
#5197 = CARTESIAN_POINT ( 'NONE',  ( 24.45559879876126175, 9.927079897466150271, -15.47731122237382273 ) ) ;
#5198 = LINE ( 'NONE', #3039, #3173 ) ;
#5199 = FACE_OUTER_BOUND ( 'NONE', #6395, .T. ) ;
#5200 = CARTESIAN_POINT ( 'NONE',  ( -15.51583782337257844, 9.927079897466185798, 24.30044751419909943 ) ) ;
#5201 = VERTEX_POINT ( 'NONE', #1206 ) ;
#5202 = ORIENTED_EDGE ( 'NONE', *, *, #2361, .T. ) ;
#5203 = DIRECTION ( 'NONE',  ( 0.2588190451025209060, 0.000000000000000000, 0.9659258262890683122 ) ) ;
#5204 = ADVANCED_FACE ( 'NONE', ( #3867 ), #6195, .T. ) ;
#5205 = CARTESIAN_POINT ( 'NONE',  ( 35.26527825794081394, 5.999999999999992006, -32.32589056660236082 ) ) ;
#5206 = PLANE ( 'NONE',  #2736 ) ;
#5207 = CARTESIAN_POINT ( 'NONE',  ( 0.000000000000000000, 2.000000000000000000, 20.28460969082651033 ) ) ;
#5208 = EDGE_CURVE ( 'NONE', #3943, #3000, #1817, .T. ) ;
#5209 = DIRECTION ( 'NONE',  ( 0.000000000000000000, 0.000000000000000000, -1.000000000000000000 ) ) ;
#5210 = ORIENTED_EDGE ( 'NONE', *, *, #3807, .T. ) ;
#5211 = DIRECTION ( 'NONE',  ( 0.9659258262890685343, -2.086548053801603740E-16, 0.2588190451025199623 ) ) ;
#5212 = PERSON_AND_ORGANIZATION ( #3057, #274 ) ;
#5213 = ORIENTED_EDGE ( 'NONE', *, *, #714, .F. ) ;
#5214 = DIRECTION ( 'NONE',  ( 0.000000000000000000, 0.000000000000000000, -1.000000000000000000 ) ) ;
#5215 = CARTESIAN_POINT ( 'NONE',  ( -22.91203910040459135, 10.95378856460093075, 13.68168154516088642 ) ) ;
#5216 = CARTESIAN_POINT ( 'NONE',  ( 35.64230484541324984, 5.499999999999993783, 26.85769515458674306 ) ) ;
#5217 = CARTESIAN_POINT ( 'NONE',  ( -12.00000000000000000, 10.49999999999999822, 19.49358868961792268 ) ) ;
#5218 = EDGE_LOOP ( 'NONE', ( #3583, #6436, #3419, #3659 ) ) ;
#5219 = ORIENTED_EDGE ( 'NONE', *, *, #1495, .T. ) ;
#5220 = CARTESIAN_POINT ( 'NONE',  ( -23.31483772267865007, 10.46172458998746535, 13.39267290985328174 ) ) ;
#5221 = CARTESIAN_POINT ( 'NONE',  ( -24.16949739484930504, 10.39692620785910471, -15.88863270537035888 ) ) ;
#5222 = DIRECTION ( 'NONE',  ( 0.000000000000000000, -1.000000000000000000, 0.000000000000000000 ) ) ;
#5223 = ADVANCED_FACE ( 'NONE', ( #5511 ), #4608, .F. ) ;
#5224 = EDGE_CURVE ( 'NONE', #3924, #1934, #3692, .T. ) ;
#5225 = VERTEX_POINT ( 'NONE', #716 ) ;
#5226 = CARTESIAN_POINT ( 'NONE',  ( 13.21831257821694372, 0.9999999999999991118, 22.00292226904347359 ) ) ;
#5227 = VERTEX_POINT ( 'NONE', #2790 ) ;
#5228 = CARTESIAN_POINT ( 'NONE',  ( -35.64230484541324273, 5.499999999999991118, -26.85769515458674661 ) ) ;
#5229 = CARTESIAN_POINT ( 'NONE',  ( 32.59607450347801461, 0.5000000000000004441, -9.669329188920526619 ) ) ;
#5230 = B_SPLINE_CURVE_WITH_KNOTS ( 'NONE', 1,
 ( #1354, #3549 ),
 .UNSPECIFIED., .F., .F.,
 ( 2, 2 ),
 ( 0.000000000000000000, 1.000000000000000000 ),
 .UNSPECIFIED. ) ;
#5231 = LINE ( 'NONE', #1816, #1701 ) ;
#5232 = CARTESIAN_POINT ( 'NONE',  ( -25.10331067441213904, 9.531833828810224674, 16.29215346198677850 ) ) ;
#5233 = VERTEX_POINT ( 'NONE', #679 ) ;
#5234 = VERTEX_POINT ( 'NONE', #4473 ) ;
#5235 = CONICAL_SURFACE ( 'NONE', #3956, 10.50000000000000355, 0.7853981633974482790 ) ;
#5236 = CARTESIAN_POINT ( 'NONE',  ( 12.00000000000000355, 10.49999999999999467, 19.95618256608033647 ) ) ;
#5237 = LINE ( 'NONE', #6295, #6134 ) ;
#5238 = CARTESIAN_POINT ( 'NONE',  ( 27.23472174205787866, 2.999999999999993339, -30.17410943339892526 ) ) ;
#5239 = CARTESIAN_POINT ( 'NONE',  ( -13.40296928237301621, 3.181818181818182545, 22.18757897319953898 ) ) ;
#5240 = CARTESIAN_POINT ( 'NONE',  ( -22.52963973034509237, 11.00000000000000000, 6.683212821753897082 ) ) ;
#5241 = DIRECTION ( 'NONE',  ( -0.000000000000000000, -1.000000000000000000, -0.000000000000000000 ) ) ;
#5242 = ORIENTED_EDGE ( 'NONE', *, *, #6516, .F. ) ;
#5243 = EDGE_LOOP ( 'NONE', ( #4764, #2651, #596, #6303 ) ) ;
#5244 = DATE_TIME_ROLE ( 'classification_date' ) ;
#5245 = VECTOR ( 'NONE', #829, 1000.000000000000114 ) ;
#5246 = ORIENTED_EDGE ( 'NONE', *, *, #4232, .F. ) ;
#5247 = DIRECTION ( 'NONE',  ( -0.7071067811865406894, 0.000000000000000000, 0.7071067811865544561 ) ) ;
#5248 = CARTESIAN_POINT ( 'NONE',  ( 23.83173693053435471, 10.59325070406952030, -15.40414194629586042 ) ) ;
#5249 = CIRCLE ( 'NONE', #440, 2.100000000000000977 ) ;
#5250 = DIRECTION ( 'NONE',  ( 0.000000000000000000, 1.000000000000000000, 0.000000000000000000 ) ) ;
#5251 = AXIS2_PLACEMENT_3D ( 'NONE', #6887, #4576, #1999 ) ;
#5252 = ORIENTED_EDGE ( 'NONE', *, *, #6299, .F. ) ;
#5253 = VECTOR ( 'NONE', #3353, 1000.000000000000000 ) ;
#5254 = EDGE_CURVE ( 'NONE', #1067, #1671, #4491, .T. ) ;
#5255 = DIRECTION ( 'NONE',  ( -0.7071067811865477948, 0.000000000000000000, 0.7071067811865473507 ) ) ;
#5256 = LINE ( 'NONE', #2110, #6235 ) ;
#5257 = AXIS2_PLACEMENT_3D ( 'NONE', #6621, #2892, #6654 ) ;
#5258 = CARTESIAN_POINT ( 'NONE',  ( 13.46561823163257365, 10.45535840937713168, -23.34360786845515889 ) ) ;
#5259 = VECTOR ( 'NONE', #6923, 1000.000000000000114 ) ;
#5260 = VERTEX_POINT ( 'NONE', #2897 ) ;
#5261 = DIRECTION ( 'NONE',  ( -0.000000000000000000, -1.000000000000000000, -0.000000000000000000 ) ) ;
#5262 = ORIENTED_EDGE ( 'NONE', *, *, #907, .T. ) ;
#5263 = CARTESIAN_POINT ( 'NONE',  ( -28.31061230866049883, 5.999999999999992895, -34.18938769133949052 ) ) ;
#5264 = VECTOR ( 'NONE', #6617, 1000.000000000000114 ) ;
#5265 = CARTESIAN_POINT ( 'NONE',  ( 17.21487277270326643, 9.766606852233504554, -25.29237568234323064 ) ) ;
#5266 = CARTESIAN_POINT ( 'NONE',  ( 13.43502884254437468, 2.000000000000000000, 13.43502884254442620 ) ) ;
#5267 = CARTESIAN_POINT ( 'NONE',  ( 6.825408839238029657, 10.49999999999999467, -23.00899376716094835 ) ) ;
#5268 = EDGE_LOOP ( 'NONE', ( #6536, #1870, #6853, #6067 ) ) ;
#5269 = AXIS2_PLACEMENT_3D ( 'NONE', #2413, #4593, #6758 ) ;
#5270 = B_SPLINE_CURVE_WITH_KNOTS ( 'NONE', 3,
 ( #6479, #2743, #4888, #4284, #6415, #7045, #4355, #1601, #4786, #3788, #5990, #1029 ),
 .UNSPECIFIED., .F., .F.,
 ( 4, 2, 2, 2, 2, 4 ),
 ( 0.000000000000000000, 0.2499999999999995559, 0.4999999999999991118, 0.6249999999999988898, 0.7499999999999986677, 1.000000000000000000 ),
 .UNSPECIFIED. ) ;
#5271 = ADVANCED_FACE ( 'NONE', ( #5089 ), #178, .F. ) ;
#5272 = LINE ( 'NONE', #429, #6366 ) ;
#5273 = DIRECTION ( 'NONE',  ( 0.6710100716628264461, 0.6644630243886837651, -0.3289899283371633953 ) ) ;
#5274 = CARTESIAN_POINT ( 'NONE',  ( 24.19345314765497079, 10.08804687592582638, -15.09154702603528619 ) ) ;
#5275 = CARTESIAN_POINT ( 'NONE',  ( 23.00899376716094835, 10.49999999999999467, 6.825408839238028769 ) ) ;
#5276 = ORIENTED_EDGE ( 'NONE', *, *, #6449, .F. ) ;
#5277 = ORIENTED_EDGE ( 'NONE', *, *, #6429, .F. ) ;
#5278 = EDGE_CURVE ( 'NONE', #1981, #6514, #3751, .T. ) ;
#5279 = ORIENTED_EDGE ( 'NONE', *, *, #6509, .T. ) ;
#5280 = LINE ( 'NONE', #379, #901 ) ;
#5281 = CARTESIAN_POINT ( 'NONE',  ( -23.84478856619421450, 10.27054136434617782, 14.50871724273042673 ) ) ;
#5282 = ADVANCED_FACE ( 'NONE', ( #882 ), #3284, .T. ) ;
#5283 = DIRECTION ( 'NONE',  ( 0.000000000000000000, 0.000000000000000000, 1.000000000000000000 ) ) ;
#5284 = CARTESIAN_POINT ( 'NONE',  ( 31.25000000000010303, 0.000000000000000000, 31.24999999999988631 ) ) ;
#5285 = ORIENTED_EDGE ( 'NONE', *, *, #2600, .F. ) ;
#5286 = CIRCLE ( 'NONE', #2982, 2.400000000000003020 ) ;
#5287 = VERTEX_POINT ( 'NONE', #5791 ) ;
#5288 = VECTOR ( 'NONE', #4233, 1000.000000000000000 ) ;
#5289 = CARTESIAN_POINT ( 'NONE',  ( -23.09855146029599737, 10.49999704855047256, 12.81225290691643970 ) ) ;
#5290 = EDGE_CURVE ( 'NONE', #1605, #2206, #1541, .T. ) ;
#5291 = FACE_OUTER_BOUND ( 'NONE', #4699, .T. ) ;
#5292 = CARTESIAN_POINT ( 'NONE',  ( 34.18938769133919209, 2.999999999999993339, -28.31061230866085765 ) ) ;
#5293 = AXIS2_PLACEMENT_3D ( 'NONE', #6658, #2362, #6593 ) ;
#5294 = ORIENTED_EDGE ( 'NONE', *, *, #2823, .F. ) ;
#5295 = CARTESIAN_POINT ( 'NONE',  ( -12.83333333333333215, 10.49999999999999467, 17.86912296548309698 ) ) ;
#5296 = ORIENTED_EDGE ( 'NONE', *, *, #3267, .F. ) ;
#5297 = DIRECTION ( 'NONE',  ( 0.000000000000000000, 0.000000000000000000, -1.000000000000000000 ) ) ;
#5298 = DIRECTION ( 'NONE',  ( -0.7071067811865473507, -0.000000000000000000, -0.7071067811865476838 ) ) ;
#5299 = CARTESIAN_POINT ( 'NONE',  ( 35.26527825794179449, 5.999999999999992006, 32.32589056660133764 ) ) ;
#5300 = DIRECTION ( 'NONE',  ( -0.000000000000000000, -1.000000000000000000, -0.000000000000000000 ) ) ;
#5301 = EDGE_CURVE ( 'NONE', #835, #3000, #3147, .T. ) ;
#5302 = ORIENTED_EDGE ( 'NONE', *, *, #3734, .T. ) ;
#5303 = CARTESIAN_POINT ( 'NONE',  ( 30.17410943339864104, 2.999999999999993339, 27.23472174205819130 ) ) ;
#5304 = CARTESIAN_POINT ( 'NONE',  ( -22.96349004046050268, 10.95473130644494653, -13.83631382398958110 ) ) ;
#5305 = CARTESIAN_POINT ( 'NONE',  ( 23.87634168908736143, 10.56636513255349996, -15.46567752711458077 ) ) ;
#5306 = PLANE ( 'NONE',  #4137 ) ;
#5307 = DIRECTION ( 'NONE',  ( 0.000000000000000000, 0.000000000000000000, -1.000000000000000000 ) ) ;
#5308 = ADVANCED_FACE ( 'NONE', ( #5323 ), #5750, .T. ) ;
#5309 = ORIENTED_EDGE ( 'NONE', *, *, #5224, .T. ) ;
#5310 = ORIENTED_EDGE ( 'NONE', *, *, #3694, .F. ) ;
#5311 =( BOUNDED_CURVE ( )  B_SPLINE_CURVE ( 3, ( #754, #4628, #1436, #2519 ),
 .UNSPECIFIED., .F., .T. ) 
 B_SPLINE_CURVE_WITH_KNOTS ( ( 4, 4 ),
 ( 4.554237841769119832, 4.712388980384688786 ),
 .UNSPECIFIED. ) 
 CURVE ( )  GEOMETRIC_REPRESENTATION_ITEM ( )  RATIONAL_B_SPLINE_CURVE ( ( 1.000000000000000000, 0.9979167706456838483, 0.9979167706456838483, 1.000000000000000000 ) ) 
 REPRESENTATION_ITEM ( '' )  );
#5312 = PERSON_AND_ORGANIZATION ( #3057, #274 ) ;
#5313 = FACE_OUTER_BOUND ( 'NONE', #4953, .T. ) ;
#5314 = LINE ( 'NONE', #482, #6507 ) ;
#5315 = B_SPLINE_CURVE_WITH_KNOTS ( 'NONE', 3,
 ( #6865, #4227, #1973, #5875, #971, #3157, #257, #6458, #2088, #3296, #2196, #5409, #532, #6004, #1102 ),
 .UNSPECIFIED., .F., .F.,
 ( 4, 2, 2, 1, 1, 1, 2, 2, 4 ),
 ( 0.000000000000000000, 0.2499999999999269473, 0.3749999999998889222, 0.4374999999998674394, 0.4687499999998591127, 0.4843749999998551714, 0.4921874999998588351, 0.4999999999998625544, 1.000000000000000000 ),
 .UNSPECIFIED. ) ;
#5316 = DIRECTION ( 'NONE',  ( 0.000000000000000000, -1.000000000000000000, 0.000000000000000000 ) ) ;
#5317 = DIRECTION ( 'NONE',  ( -0.000000000000000000, -1.000000000000000000, -0.000000000000000000 ) ) ;
#5318 = VERTEX_POINT ( 'NONE', #354 ) ;
#5319 = VERTEX_POINT ( 'NONE', #2540 ) ;
#5320 = DIRECTION ( 'NONE',  ( 0.7071067811865445751, 8.673617379884035472E-17, -0.7071067811865504593 ) ) ;
#5321 = EDGE_CURVE ( 'NONE', #6469, #6106, #4722, .T. ) ;
#5322 = CARTESIAN_POINT ( 'NONE',  ( 4.499999999999999112, 0.000000000000000000, 0.000000000000000000 ) ) ;
#5323 = FACE_OUTER_BOUND ( 'NONE', #5922, .T. ) ;
#5324 = ORIENTED_EDGE ( 'NONE', *, *, #6862, .F. ) ;
#5325 = LINE ( 'NONE', #6088, #3313 ) ;
#5326 = ORIENTED_EDGE ( 'NONE', *, *, #2729, .T. ) ;
#5327 = EDGE_CURVE ( 'NONE', #3073, #4290, #2773, .T. ) ;
#5328 = ORIENTED_EDGE ( 'NONE', *, *, #2632, .T. ) ;
#5329 = FACE_OUTER_BOUND ( 'NONE', #3728, .T. ) ;
#5330 = ADVANCED_FACE ( 'NONE', ( #4828 ), #719, .T. ) ;
#5331 = LINE ( 'NONE', #4731, #3404 ) ;
#5332 = CARTESIAN_POINT ( 'NONE',  ( -13.43502884254442620, 0.000000000000000000, 13.43502884254437646 ) ) ;
#5333 = LINE ( 'NONE', #6996, #2303 ) ;
#5334 = ORIENTED_EDGE ( 'NONE', *, *, #1703, .F. ) ;
#5335 = DIRECTION ( 'NONE',  ( -0.000000000000000000, 1.000000000000000000, -0.000000000000000000 ) ) ;
#5336 = EDGE_CURVE ( 'NONE', #5396, #241, #924, .T. ) ;
#5337 = CARTESIAN_POINT ( 'NONE',  ( 4.000000000000000000, 0.5000000000000004441, 0.000000000000000000 ) ) ;
#5338 = DIRECTION ( 'NONE',  ( 0.7071067811865621167, 0.000000000000000000, 0.7071067811865329178 ) ) ;
#5339 = CARTESIAN_POINT ( 'NONE',  ( 25.77930561637885987, 5.999999999999996447, 33.85680852601884538 ) ) ;
#5340 = FACE_OUTER_BOUND ( 'NONE', #2586, .T. ) ;
#5341 = ORIENTED_EDGE ( 'NONE', *, *, #3858, .F. ) ;
#5342 = LINE ( 'NONE', #3567, #6369 ) ;
#5343 = SHAPE_DEFINITION_REPRESENTATION ( #3042, #3307 ) ;
#5344 = CARTESIAN_POINT ( 'NONE',  ( -27.23472174205883434, 2.999999999999993339, -30.17410943339800156 ) ) ;
#5345 = ADVANCED_FACE ( 'NONE', ( #388 ), #5359, .F. ) ;
#5346 = DIRECTION ( 'NONE',  ( 0.000000000000000000, 0.000000000000000000, -1.000000000000000000 ) ) ;
#5347 = EDGE_CURVE ( 'NONE', #4812, #2502, #3245, .T. ) ;
#5348 = DIRECTION ( 'NONE',  ( -0.7071067811865472397, 0.000000000000000000, -0.7071067811865479058 ) ) ;
#5349 = CARTESIAN_POINT ( 'NONE',  ( 25.29237568234324129, 9.766606852233591596, -17.21487277270325222 ) ) ;
#5350 = VECTOR ( 'NONE', #5567, 999.9999999999998863 ) ;
#5351 = DIRECTION ( 'NONE',  ( 8.659560562354932858E-17, 0.7071067811865474617, -0.7071067811865474617 ) ) ;
#5352 = EDGE_LOOP ( 'NONE', ( #2711, #601, #6154, #749, #450, #1162 ) ) ;
#5353 = VECTOR ( 'NONE', #6751, 1000.000000000000114 ) ;
#5354 = ORIENTED_EDGE ( 'NONE', *, *, #1244, .T. ) ;
#5355 = VECTOR ( 'NONE', #7043, 1000.000000000000000 ) ;
#5356 = EDGE_CURVE ( 'NONE', #1050, #3930, #459, .T. ) ;
#5357 = CARTESIAN_POINT ( 'NONE',  ( -7.644600011261161399, 15.99999999999999645, 67.28071415365953101 ) ) ;
#5358 = CARTESIAN_POINT ( 'NONE',  ( 31.24999999999977973, 0.5000000000000004441, -31.25000000000020250 ) ) ;
#5359 = PLANE ( 'NONE',  #6312 ) ;
#5360 = ORIENTED_EDGE ( 'NONE', *, *, #5133, .T. ) ;
#5361 = VECTOR ( 'NONE', #4815, 1000.000000000000000 ) ;
#5362 = DIRECTION ( 'NONE',  ( 0.9659258262890673130, 2.086548053801610149E-16, -0.2588190451025241812 ) ) ;
#5363 = EDGE_LOOP ( 'NONE', ( #2778, #6917, #4966, #3106 ) ) ;
#5364 = AXIS2_PLACEMENT_3D ( 'NONE', #1714, #2202, #1205 ) ;
#5365 = ORIENTED_EDGE ( 'NONE', *, *, #5446, .T. ) ;
#5366 = CARTESIAN_POINT ( 'NONE',  ( -35.28875145482029296, 5.999999999999996447, -27.21124854517968927 ) ) ;
#5367 = ADVANCED_FACE ( 'NONE', ( #2403 ), #3221, .T. ) ;
#5368 = AXIS2_PLACEMENT_3D ( 'NONE', #2578, #2648, #5963 ) ;
#5369 = FACE_OUTER_BOUND ( 'NONE', #2666, .T. ) ;
#5370 = AXIS2_PLACEMENT_3D ( 'NONE', #4002, #2927, #5682 ) ;
#5371 = DIRECTION ( 'NONE',  ( -0.000000000000000000, -1.000000000000000000, -0.000000000000000000 ) ) ;
#5372 = DIRECTION ( 'NONE',  ( 0.000000000000000000, 0.000000000000000000, -1.000000000000000000 ) ) ;
#5373 = ORIENTED_EDGE ( 'NONE', *, *, #1560, .F. ) ;
#5374 = AXIS2_PLACEMENT_3D ( 'NONE', #4377, #1079, #6504 ) ;
#5375 = AXIS2_PLACEMENT_3D ( 'NONE', #1200, #4501, #3861 ) ;
#5376 = CARTESIAN_POINT ( 'NONE',  ( -31.25000000000031264, 5.499999999999991118, -31.24999999999967315 ) ) ;
#5377 = CARTESIAN_POINT ( 'NONE',  ( -12.83333333333333393, 10.49999999999999467, 17.86912296548310053 ) ) ;
#5378 = CARTESIAN_POINT ( 'NONE',  ( 67.28071415365950259, 15.99999999999999645, 7.644600011260339834 ) ) ;
#5379 = DIRECTION ( 'NONE',  ( 0.000000000000000000, -1.000000000000000000, 0.000000000000000000 ) ) ;
#5380 = DIRECTION ( 'NONE',  ( 0.000000000000000000, 0.000000000000000000, -1.000000000000000000 ) ) ;
#5381 = ORIENTED_EDGE ( 'NONE', *, *, #5715, .F. ) ;
#5382 = VERTEX_POINT ( 'NONE', #623 ) ;
#5383 = AXIS2_PLACEMENT_3D ( 'NONE', #4043, #3344, #396 ) ;
#5384 = ORIENTED_EDGE ( 'NONE', *, *, #4981, .T. ) ;
#5385 = CARTESIAN_POINT ( 'NONE',  ( -13.26088090616953785, 10.98885594887152273, -22.73752811652835248 ) ) ;
#5386 = VECTOR ( 'NONE', #1149, 999.9999999999998863 ) ;
#5387 = CARTESIAN_POINT ( 'NONE',  ( -32.59607450347800750, 11.00000000000000000, -9.669329188920540830 ) ) ;
#5388 = CARTESIAN_POINT ( 'NONE',  ( 10.49054493278223710, 23.31338798560312497, -1.705935241955707671 ) ) ;
#5389 = DIRECTION ( 'NONE',  ( -0.9659258262890655367, 2.086548053801610149E-16, 0.2588190451025308980 ) ) ;
#5390 = ORIENTED_EDGE ( 'NONE', *, *, #6653, .T. ) ;
#5391 = EDGE_CURVE ( 'NONE', #6801, #3377, #556, .T. ) ;
#5392 = VERTEX_POINT ( 'NONE', #1092 ) ;
#5393 = DIRECTION ( 'NONE',  ( -0.6644630243886764376, 0.3420201433256629953, 0.6644630243886758825 ) ) ;
#5394 = CARTESIAN_POINT ( 'NONE',  ( -16.74039700078600035, 0.4999999999999935052, -25.52500669161253910 ) ) ;
#5395 = CARTESIAN_POINT ( 'NONE',  ( 7.857864376269049878, 0.000000000000000000, 30.78460969082652454 ) ) ;
#5396 = VERTEX_POINT ( 'NONE', #2777 ) ;
#5397 = CIRCLE ( 'NONE', #138, 10.50000000000000711 ) ;
#5398 = DIRECTION ( 'NONE',  ( 0.000000000000000000, 0.000000000000000000, 1.000000000000000000 ) ) ;
#5399 = ADVANCED_FACE ( 'NONE', ( #5532 ), #2746, .T. ) ;
#5400 = ORIENTED_EDGE ( 'NONE', *, *, #2975, .T. ) ;
#5401 = ORIENTED_EDGE ( 'NONE', *, *, #3191, .F. ) ;
#5402 = FACE_OUTER_BOUND ( 'NONE', #3259, .T. ) ;
#5403 = DIRECTION ( 'NONE',  ( -0.7071067811865476838, 0.000000000000000000, 0.7071067811865473507 ) ) ;
#5405 = DIRECTION ( 'NONE',  ( -8.673617379884027583E-16, 0.000000000000000000, 1.000000000000000000 ) ) ;
#5404 = AXIS2_PLACEMENT_3D ( 'NONE', #3200, #1047, #9 ) ;
#5406 = CARTESIAN_POINT ( 'NONE',  ( -9.669329188920521290, 10.49999999999999467, -22.59607450347801461 ) ) ;
#5407 = ORIENTED_EDGE ( 'NONE', *, *, #5638, .F. ) ;
#5408 = CIRCLE ( 'NONE', #4735, 6.211657082460492418 ) ;
#5409 = CARTESIAN_POINT ( 'NONE',  ( 24.96722586730927063, 9.611178710128372771, -16.13467461463508457 ) ) ;
#5410 = DIRECTION ( 'NONE',  ( 0.2418447626479735824, -0.9396926207859105373, 0.2418447626479686974 ) ) ;
#5411 = CARTESIAN_POINT ( 'NONE',  ( -15.47731122237377122, 9.927079897466152048, -24.45559879876122622 ) ) ;
#5412 = EDGE_CURVE ( 'NONE', #405, #6230, #3323, .T. ) ;
#5413 = CARTESIAN_POINT ( 'NONE',  ( 7.857864376269049878, 0.000000000000000000, 30.78460969082652454 ) ) ;
#5414 = PLANE ( 'NONE',  #6306 ) ;
#5415 = AXIS2_PLACEMENT_3D ( 'NONE', #5395, #5457, #4459 ) ;
#5416 = CARTESIAN_POINT ( 'NONE',  ( -35.64230484541325694, 0.4999999999999994449, 26.85769515458673951 ) ) ;
#5417 = ORIENTED_EDGE ( 'NONE', *, *, #6398, .T. ) ;
#5418 = ORIENTED_EDGE ( 'NONE', *, *, #6187, .F. ) ;
#5419 = LINE ( 'NONE', #515, #6700 ) ;
#5420 = CYLINDRICAL_SURFACE ( 'NONE', #4709, 10.00000000000000000 ) ;
#5421 = CARTESIAN_POINT ( 'NONE',  ( -23.60162345765456848, 10.70603930782069924, -15.02988578641842921 ) ) ;
#5422 = CARTESIAN_POINT ( 'NONE',  ( -13.21831257821659200, 11.00000000000000000, 22.00292226904360504 ) ) ;
#5423 = ORIENTED_EDGE ( 'NONE', *, *, #4624, .F. ) ;
#5424 = ORIENTED_EDGE ( 'NONE', *, *, #4298, .T. ) ;
#5425 = DIRECTION ( 'NONE',  ( -0.000000000000000000, 1.000000000000000000, 0.000000000000000000 ) ) ;
#5426 = EDGE_CURVE ( 'NONE', #964, #6133, #3072, .T. ) ;
#5427 = DIRECTION ( 'NONE',  ( 0.000000000000000000, 0.000000000000000000, 1.000000000000000000 ) ) ;
#5428 = DIRECTION ( 'NONE',  ( 0.000000000000000000, 1.000000000000000000, 0.000000000000000000 ) ) ;
#5429 = DIRECTION ( 'NONE',  ( 0.000000000000000000, 1.000000000000000000, 0.000000000000000000 ) ) ;
#5430 = ORIENTED_EDGE ( 'NONE', *, *, #3298, .F. ) ;
#5431 = ORIENTED_EDGE ( 'NONE', *, *, #3936, .F. ) ;
#5432 = DIRECTION ( 'NONE',  ( -0.000000000000000000, 1.000000000000000000, -0.000000000000000000 ) ) ;
#5433 = LINE ( 'NONE', #1644, #2156 ) ;
#5434 = EDGE_CURVE ( 'NONE', #5525, #2220, #4149, .T. ) ;
#5435 = EDGE_CURVE ( 'NONE', #1302, #4812, #3132, .T. ) ;
#5436 = CARTESIAN_POINT ( 'NONE',  ( 6.000000000000000000, 2.500000000000000444, 20.78460969082652454 ) ) ;
#5437 = CARTESIAN_POINT ( 'NONE',  ( 35.64230484541324984, 5.499999999999991118, -26.85769515458672885 ) ) ;
#5438 = EDGE_LOOP ( 'NONE', ( #4583, #6435, #4641, #6541, #4476, #337 ) ) ;
#5439 = DIRECTION ( 'NONE',  ( -0.000000000000000000, 1.000000000000000000, -0.000000000000000000 ) ) ;
#5440 = DIRECTION ( 'NONE',  ( 0.000000000000000000, -1.000000000000000000, 0.000000000000000000 ) ) ;
#5441 = CARTESIAN_POINT ( 'NONE',  ( -6.000000000000000000, 0.000000000000000000, 18.78460969082652099 ) ) ;
#5442 = LINE ( 'NONE', #2724, #490 ) ;
#5443 = DIRECTION ( 'NONE',  ( -0.000000000000000000, 1.000000000000000000, -0.000000000000000000 ) ) ;
#5444 = VERTEX_POINT ( 'NONE', #3256 ) ;
#5445 = ORIENTED_EDGE ( 'NONE', *, *, #3046, .F. ) ;
#5446 = EDGE_CURVE ( 'NONE', #2350, #4146, #1168, .T. ) ;
#5447 = LINE ( 'NONE', #3776, #1355 ) ;
#5448 = CARTESIAN_POINT ( 'NONE',  ( -4.000000000000000000, 0.5000000000000004441, 0.000000000000000000 ) ) ;
#5449 = EDGE_CURVE ( 'NONE', #3377, #1736, #2274, .T. ) ;
#5450 = CARTESIAN_POINT ( 'NONE',  ( -22.88561414865475641, 10.95906637965769548, -13.61786076135926393 ) ) ;
#5451 = PLANE ( 'NONE',  #1497 ) ;
#5452 = ORIENTED_EDGE ( 'NONE', *, *, #4034, .F. ) ;
#5453 = ORIENTED_EDGE ( 'NONE', *, *, #953, .F. ) ;
#5454 = AXIS2_PLACEMENT_3D ( 'NONE', #2216, #1602, #2241 ) ;
#5455 = CYLINDRICAL_SURFACE ( 'NONE', #1729, 10.00000000000000355 ) ;
#5456 = DIRECTION ( 'NONE',  ( 0.7071067811865474617, 0.000000000000000000, 0.7071067811865474617 ) ) ;
#5457 = DIRECTION ( 'NONE',  ( 0.000000000000000000, 1.000000000000000000, 0.000000000000000000 ) ) ;
#5458 = ORIENTED_EDGE ( 'NONE', *, *, #4072, .T. ) ;
#5459 = AXIS2_PLACEMENT_3D ( 'NONE', #528, #6616, #3829 ) ;
#5460 = EDGE_CURVE ( 'NONE', #1176, #5287, #1638, .T. ) ;
#5461 = ORIENTED_EDGE ( 'NONE', *, *, #3779, .T. ) ;
#5462 = AXIS2_PLACEMENT_3D ( 'NONE', #4079, #258, #5171 ) ;
#5463 = CARTESIAN_POINT ( 'NONE',  ( -25.42575222578549088, 15.99999999999999645, 34.21036191661200832 ) ) ;
#5464 = CARTESIAN_POINT ( 'NONE',  ( 28.31061230866049883, 2.999999999999993339, 34.18938769133949052 ) ) ;
#5465 = DIRECTION ( 'NONE',  ( -0.7071067811865462405, -0.7071067811865489050, 0.000000000000000000 ) ) ;
#5466 = AXIS2_PLACEMENT_3D ( 'NONE', #32, #1503, #965 ) ;
#5467 = AXIS2_PLACEMENT_3D ( 'NONE', #5024, #6632, #756 ) ;
#5468 = DIRECTION ( 'NONE',  ( 0.5000000000000008882, 0.7071067811865462405, 0.5000000000000008882 ) ) ;
#5469 = ORIENTED_EDGE ( 'NONE', *, *, #1414, .T. ) ;
#5470 = ADVANCED_FACE ( 'NONE', ( #1062 ), #524, .F. ) ;
#5471 = CIRCLE ( 'NONE', #2735, 2.100000000000000977 ) ;
#5472 = CARTESIAN_POINT ( 'NONE',  ( 0.000000000000000000, 0.000000000000000000, 0.000000000000000000 ) ) ;
#5473 = VECTOR ( 'NONE', #2159, 1000.000000000000000 ) ;
#5474 = DIRECTION ( 'NONE',  ( 0.000000000000000000, 0.000000000000000000, -1.000000000000000000 ) ) ;
#5475 = FACE_OUTER_BOUND ( 'NONE', #2297, .T. ) ;
#5476 = CARTESIAN_POINT ( 'NONE',  ( -18.60521962117888606, 10.99999999999999645, 56.32009454374203017 ) ) ;
#5477 = VECTOR ( 'NONE', #208, 1000.000000000000000 ) ;
#5478 = CARTESIAN_POINT ( 'NONE',  ( 13.07238615605622556, 10.48566593662740942, -23.19266533504110228 ) ) ;
#5479 = EDGE_LOOP ( 'NONE', ( #618, #5252, #3383, #3638 ) ) ;
#5480 = VERTEX_POINT ( 'NONE', #2217 ) ;
#5481 = VECTOR ( 'NONE', #1773, 1000.000000000000000 ) ;
#5482 = ADVANCED_FACE ( 'NONE', ( #3917 ), #5632, .T. ) ;
#5483 = CARTESIAN_POINT ( 'NONE',  ( 13.43502884254442797, 3.499999999999999556, -14.83502884254437504 ) ) ;
#5484 = CARTESIAN_POINT ( 'NONE',  ( -13.45915509769181106, 10.45521721615882704, -23.34177589551754650 ) ) ;
#5485 = CARTESIAN_POINT ( 'NONE',  ( 13.43502884254442797, 2.000000000000000000, -13.43502884254437468 ) ) ;
#5486 = CARTESIAN_POINT ( 'NONE',  ( -34.18938769134013000, 2.999999999999993339, -28.31061230865985934 ) ) ;
#5487 = ORIENTED_EDGE ( 'NONE', *, *, #125, .T. ) ;
#5488 = AXIS2_PLACEMENT_3D ( 'NONE', #4206, #3611, #4251 ) ;
#5489 = ORIENTED_EDGE ( 'NONE', *, *, #2291, .F. ) ;
#5490 = CC_DESIGN_PERSON_AND_ORGANIZATION_ASSIGNMENT ( #5312, #377, ( #3831 ) ) ;
#5491 = ADVANCED_FACE ( 'NONE', ( #6483 ), #1603, .F. ) ;
#5492 = CARTESIAN_POINT ( 'NONE',  ( 1.839952100020067455E-16, 2.999999999999993339, 1.839952100020029984E-16 ) ) ;
#5493 = CARTESIAN_POINT ( 'NONE',  ( -13.43502884254437468, 0.000000000000000000, -15.83502884254442833 ) ) ;
#5494 = ADVANCED_FACE ( 'NONE', ( #2181 ), #4358, .F. ) ;
#5495 = DIRECTION ( 'NONE',  ( 0.000000000000000000, 0.000000000000000000, -1.000000000000000000 ) ) ;
#5496 = ORIENTED_EDGE ( 'NONE', *, *, #4871, .T. ) ;
#5497 = AXIS2_PLACEMENT_3D ( 'NONE', #3380, #580, #3843 ) ;
#5498 = ORIENTED_EDGE ( 'NONE', *, *, #5852, .F. ) ;
#5499 = EDGE_CURVE ( 'NONE', #6469, #4399, #6991, .T. ) ;
#5500 = ORIENTED_EDGE ( 'NONE', *, *, #2767, .F. ) ;
#5501 = CARTESIAN_POINT ( 'NONE',  ( 14.00000000000000355, 10.49999999999999467, 19.95618256608033647 ) ) ;
#5502 = DIRECTION ( 'NONE',  ( 0.000000000000000000, 0.000000000000000000, 1.000000000000000000 ) ) ;
#5503 = EDGE_CURVE ( 'NONE', #6567, #6418, #6575, .T. ) ;
#5504 = CARTESIAN_POINT ( 'NONE',  ( 30.17410943339771734, 2.999999999999993339, -27.23472174205915053 ) ) ;
#5505 = VERTEX_POINT ( 'NONE', #2916 ) ;
#5506 = ADVANCED_FACE ( 'NONE', ( #1306, #195 ), #1767, .T. ) ;
#5507 = CARTESIAN_POINT ( 'NONE',  ( 31.43836089953916968, 6.603073792140888187, -23.36085798989918771 ) ) ;
#5508 = CARTESIAN_POINT ( 'NONE',  ( 23.10157401104512331, 10.49722988339728680, 12.81163773687871021 ) ) ;
#5509 = FACE_OUTER_BOUND ( 'NONE', #2375, .T. ) ;
#5510 = EDGE_CURVE ( 'NONE', #1861, #1992, #2733, .T. ) ;
#5511 = FACE_OUTER_BOUND ( 'NONE', #3085, .T. ) ;
#5512 = CARTESIAN_POINT ( 'NONE',  ( 13.26211266319649518, 10.98491151223938012, -22.74206853540273343 ) ) ;
#5513 = ORIENTED_EDGE ( 'NONE', *, *, #4747, .F. ) ;
#5514 = VECTOR ( 'NONE', #5926, 1000.000000000000000 ) ;
#5515 = VERTEX_POINT ( 'NONE', #4567 ) ;
#5516 = VECTOR ( 'NONE', #1747, 1000.000000000000000 ) ;
#5517 = CARTESIAN_POINT ( 'NONE',  ( -14.49886287725493972, 10.83318750231760497, -23.30294937993840065 ) ) ;
#5518 = DIRECTION ( 'NONE',  ( 0.000000000000000000, -1.000000000000000000, 0.000000000000000000 ) ) ;
#5519 = AXIS2_PLACEMENT_3D ( 'NONE', #6417, #5823, #1565 ) ;
#5520 = FACE_OUTER_BOUND ( 'NONE', #3545, .T. ) ;
#5521 = EDGE_CURVE ( 'NONE', #4236, #2689, #6678, .T. ) ;
#5522 = ADVANCED_FACE ( 'NONE', ( #765 ), #5972, .T. ) ;
#5523 = DIRECTION ( 'NONE',  ( 0.000000000000000000, 0.000000000000000000, -1.000000000000000000 ) ) ;
#5524 = CARTESIAN_POINT ( 'NONE',  ( -7.857864376269053430, 0.5000000000000004441, 20.78460969082652454 ) ) ;
#5525 = VERTEX_POINT ( 'NONE', #4060 ) ;
#5526 = ORIENTED_EDGE ( 'NONE', *, *, #504, .T. ) ;
#5527 = CIRCLE ( 'NONE', #5076, 10.49999999999999467 ) ;
#5528 = ORIENTED_EDGE ( 'NONE', *, *, #1096, .T. ) ;
#5529 = CARTESIAN_POINT ( 'NONE',  ( -35.26527825794179449, 5.999999999999992006, -32.32589056660133764 ) ) ;
#5530 = CARTESIAN_POINT ( 'NONE',  ( 0.000000000000000000, 0.5000000000000004441, 0.000000000000000000 ) ) ;
#5531 = CARTESIAN_POINT ( 'NONE',  ( 13.43502884254437468, 2.000000000000000000, 13.43502884254442620 ) ) ;
#5532 = FACE_OUTER_BOUND ( 'NONE', #594, .T. ) ;
#5533 = ORIENTED_EDGE ( 'NONE', *, *, #4230, .T. ) ;
#5534 = ORIENTED_EDGE ( 'NONE', *, *, #4096, .T. ) ;
#5535 = PRODUCT_DEFINITION_FORMATION_WITH_SPECIFIED_SOURCE ( 'ä»', '', #6455, .NOT_KNOWN. ) ;
#5536 = ORIENTED_EDGE ( 'NONE', *, *, #3409, .F. ) ;
#5537 = DIRECTION ( 'NONE',  ( 0.000000000000000000, 0.000000000000000000, -1.000000000000000000 ) ) ;
#5538 = DIRECTION ( 'NONE',  ( -0.7071067811865474617, 0.000000000000000000, 0.7071067811865476838 ) ) ;
#5539 = CARTESIAN_POINT ( 'NONE',  ( -25.29237568234324840, 9.766606852233568503, 17.21487277270326999 ) ) ;
#5540 = ORIENTED_EDGE ( 'NONE', *, *, #4606, .F. ) ;
#5541 = DIRECTION ( 'NONE',  ( 0.000000000000000000, 0.000000000000000000, -1.000000000000000000 ) ) ;
#5542 = CC_DESIGN_APPROVAL ( #3180, ( #3831 ) ) ;
#5543 = FACE_OUTER_BOUND ( 'NONE', #5927, .T. ) ;
#5544 = DIRECTION ( 'NONE',  ( 0.7071067811865405783, -0.000000000000000000, -0.7071067811865544561 ) ) ;
#5545 = DIRECTION ( 'NONE',  ( 0.000000000000000000, 0.000000000000000000, -1.000000000000000000 ) ) ;
#5546 = CARTESIAN_POINT ( 'NONE',  ( 13.47613044774985269, 10.97096184751183046, -22.82674879426528136 ) ) ;
#5547 = EDGE_LOOP ( 'NONE', ( #6264, #3962, #2287, #3547 ) ) ;
#5548 = EDGE_LOOP ( 'NONE', ( #5894, #2440, #6888, #5184 ) ) ;
#5549 = CARTESIAN_POINT ( 'NONE',  ( 25.52500669161252489, 0.5000000000000008882, 16.74039700078600745 ) ) ;
#5550 = EDGE_CURVE ( 'NONE', #3174, #199, #5408, .T. ) ;
#5551 = CARTESIAN_POINT ( 'NONE',  ( -12.00000000000000000, 10.49999999999999822, 19.95618256608032937 ) ) ;
#5552 = DIRECTION ( 'NONE',  ( 0.000000000000000000, 0.000000000000000000, -1.000000000000000000 ) ) ;
#5553 = DIRECTION ( 'NONE',  ( -0.000000000000000000, -1.000000000000000000, -0.000000000000000000 ) ) ;
#5554 = CARTESIAN_POINT ( 'NONE',  ( 23.34385189000642313, 10.45470154062120471, 13.46422704564850648 ) ) ;
#5555 = EDGE_LOOP ( 'NONE', ( #2422, #513, #3495, #4793 ) ) ;
#5556 = ORIENTED_EDGE ( 'NONE', *, *, #2767, .T. ) ;
#5557 = VERTEX_POINT ( 'NONE', #1911 ) ;
#5558 = CARTESIAN_POINT ( 'NONE',  ( 25.17145330101926248, 0.000000000000000000, -17.09395039137928052 ) ) ;
#5559 = EDGE_CURVE ( 'NONE', #3073, #4163, #166, .T. ) ;
#5560 = DIRECTION ( 'NONE',  ( 0.7071067811865467956, 0.000000000000000000, -0.7071067811865483499 ) ) ;
#5561 = DIRECTION ( 'NONE',  ( 0.000000000000000000, 0.000000000000000000, 1.000000000000000000 ) ) ;
#5562 = AXIS2_PLACEMENT_3D ( 'NONE', #6545, #6056, #4317 ) ;
#5563 = EDGE_LOOP ( 'NONE', ( #3142, #825, #5810, #740 ) ) ;
#5564 = ADVANCED_FACE ( 'NONE', ( #4495 ), #2990, .F. ) ;
#5565 = ORIENTED_EDGE ( 'NONE', *, *, #3036, .T. ) ;
#5566 = DIRECTION ( 'NONE',  ( -0.000000000000000000, -1.000000000000000000, -0.000000000000000000 ) ) ;
#5567 = DIRECTION ( 'NONE',  ( -0.7071067811865479058, 0.000000000000000000, 0.7071067811865472397 ) ) ;
#5568 = CARTESIAN_POINT ( 'NONE',  ( -25.42575222578557970, 5.500000000000015099, -34.21036191661212200 ) ) ;
#5569 = AXIS2_PLACEMENT_3D ( 'NONE', #1657, #581, #5552 ) ;
#5570 = CARTESIAN_POINT ( 'NONE',  ( -25.77930561637886697, 15.99999999999999645, -33.85680852601883117 ) ) ;
#5571 = ORIENTED_EDGE ( 'NONE', *, *, #3290, .F. ) ;
#5572 = AXIS2_PLACEMENT_3D ( 'NONE', #913, #3103, #5283 ) ;
#5573 = VECTOR ( 'NONE', #6909, 1000.000000000000114 ) ;
#5574 = LINE ( 'NONE', #1283, #5710 ) ;
#5575 = EDGE_CURVE ( 'NONE', #1954, #2031, #2421, .T. ) ;
#5576 = VECTOR ( 'NONE', #2079, 1000.000000000000114 ) ;
#5577 = CARTESIAN_POINT ( 'NONE',  ( 27.23472174205883434, 2.999999999999993339, 30.17410943339800156 ) ) ;
#5578 = DIRECTION ( 'NONE',  ( -0.000000000000000000, 1.000000000000000000, -0.000000000000000000 ) ) ;
#5579 = DIRECTION ( 'NONE',  ( 0.000000000000000000, 0.000000000000000000, -1.000000000000000000 ) ) ;
#5580 = CARTESIAN_POINT ( 'NONE',  ( -24.45559879876115517, 9.927079897466144942, -15.47731122237370727 ) ) ;
#5581 = ORIENTED_EDGE ( 'NONE', *, *, #4537, .F. ) ;
#5582 = ORIENTED_EDGE ( 'NONE', *, *, #3504, .T. ) ;
#5583 = CIRCLE ( 'NONE', #3314, 10.50000000000000888 ) ;
#5584 = AXIS2_PLACEMENT_3D ( 'NONE', #3160, #2625, #4806 ) ;
#5585 = LINE ( 'NONE', #6223, #6829 ) ;
#5586 = CARTESIAN_POINT ( 'NONE',  ( -13.39267290984894387, 10.46172458998746890, -23.31483772267695187 ) ) ;
#5587 = PLANE ( 'NONE',  #5139 ) ;
#5588 = CARTESIAN_POINT ( 'NONE',  ( 0.000000000000000000, 2.000000000000000000, 0.000000000000000000 ) ) ;
#5589 = VECTOR ( 'NONE', #5502, 1000.000000000000000 ) ;
#5590 = EDGE_CURVE ( 'NONE', #407, #3670, #5527, .T. ) ;
#5591 = CARTESIAN_POINT ( 'NONE',  ( 23.05722945904457788, 10.49999973780625240, 12.67435311487376737 ) ) ;
#5592 = ORIENTED_EDGE ( 'NONE', *, *, #3779, .F. ) ;
#5593 = VERTEX_POINT ( 'NONE', #4605 ) ;
#5594 = CARTESIAN_POINT ( 'NONE',  ( -34.21036191661212911, 5.499999999999987566, 25.42575222578560812 ) ) ;
#5595 = ORIENTED_EDGE ( 'NONE', *, *, #1443, .T. ) ;
#5596 = CARTESIAN_POINT ( 'NONE',  ( -25.13445638042134078, 9.507832020022235042, -16.34987834646141991 ) ) ;
#5597 = CONICAL_SURFACE ( 'NONE', #4346, 1.499999999999994449, 0.7853981633974491672 ) ;
#5598 = VECTOR ( 'NONE', #2815, 1000.000000000000000 ) ;
#5599 = DIRECTION ( 'NONE',  ( -0.000000000000000000, 1.000000000000000000, -0.000000000000000000 ) ) ;
#5600 = ORIENTED_EDGE ( 'NONE', *, *, #3444, .F. ) ;
#5601 = DIRECTION ( 'NONE',  ( 0.000000000000000000, 0.000000000000000000, 1.000000000000000000 ) ) ;
#5602 = FACE_OUTER_BOUND ( 'NONE', #3037, .T. ) ;
#5603 = ORIENTED_EDGE ( 'NONE', *, *, #5831, .T. ) ;
#5604 = ORIENTED_EDGE ( 'NONE', *, *, #1777, .T. ) ;
#5605 = CIRCLE ( 'NONE', #2754, 23.99999999999999645 ) ;
#5606 = CARTESIAN_POINT ( 'NONE',  ( -30.17410943339790919, 2.999999999999993339, 27.23472174205893737 ) ) ;
#5607 = DIRECTION ( 'NONE',  ( -0.7071067811865474617, 0.000000000000000000, -0.7071067811865474617 ) ) ;
#5608 = CARTESIAN_POINT ( 'NONE',  ( -13.43502884254442620, 2.000000000000000000, 11.03502884254437610 ) ) ;
#5609 = EDGE_CURVE ( 'NONE', #2129, #336, #2882, .T. ) ;
#5610 = EDGE_CURVE ( 'NONE', #4290, #3073, #2852, .T. ) ;
#5611 = DIRECTION ( 'NONE',  ( -0.7071067811865477948, 0.000000000000000000, 0.7071067811865473507 ) ) ;
#5612 = EDGE_LOOP ( 'NONE', ( #6058, #4019, #6229, #3497, #4927, #5177, #2811 ) ) ;
#5613 = FACE_OUTER_BOUND ( 'NONE', #5149, .T. ) ;
#5614 = CARTESIAN_POINT ( 'NONE',  ( -15.25976058621346176, 10.02337499319442671, -24.30360528073876836 ) ) ;
#5615 = CARTESIAN_POINT ( 'NONE',  ( 9.669329188920537277, 0.000000000000000000, -32.59607450347800039 ) ) ;
#5616 = CARTESIAN_POINT ( 'NONE',  ( 13.97169643460857635, 10.38624788636948360, -23.56787413602706849 ) ) ;
#5617 = VERTEX_POINT ( 'NONE', #1876 ) ;
#5618 = ORIENTED_EDGE ( 'NONE', *, *, #5831, .F. ) ;
#5619 = AXIS2_PLACEMENT_3D ( 'NONE', #6675, #6121, #86 ) ;
#5620 = CONICAL_SURFACE ( 'NONE', #4482, 10.50000000000000711, 0.7853981633974524978 ) ;
#5621 = DIRECTION ( 'NONE',  ( 0.7071067811865479058, 0.000000000000000000, -0.7071067811865472397 ) ) ;
#5622 = CARTESIAN_POINT ( 'NONE',  ( 14.92893218813452272, 0.5000000000000004441, 23.71354187896104904 ) ) ;
#5623 = PLANE ( 'NONE',  #4014 ) ;
#5624 = DIRECTION ( 'NONE',  ( 0.000000000000000000, 0.000000000000000000, 1.000000000000000000 ) ) ;
#5625 = DIRECTION ( 'NONE',  ( 0.000000000000000000, 1.000000000000000000, 0.000000000000000000 ) ) ;
#5626 = DIRECTION ( 'NONE',  ( 0.7071067811865466846, 0.000000000000000000, -0.7071067811865483499 ) ) ;
#5627 = ORIENTED_EDGE ( 'NONE', *, *, #5327, .T. ) ;
#5628 = ORIENTED_EDGE ( 'NONE', *, *, #883, .T. ) ;
#5629 = EDGE_CURVE ( 'NONE', #6523, #1236, #4099, .T. ) ;
#5630 = VERTEX_POINT ( 'NONE', #3983 ) ;
#5631 = DIRECTION ( 'NONE',  ( -0.000000000000000000, -1.000000000000000000, -0.000000000000000000 ) ) ;
#5632 = CONICAL_SURFACE ( 'NONE', #6081, 9.499999999999994671, 0.7853981633974514986 ) ;
#5633 = ADVANCED_FACE ( 'NONE', ( #5602 ), #6846, .F. ) ;
#5634 = CARTESIAN_POINT ( 'NONE',  ( 12.00000000000000355, 0.000000000000000000, 20.78460969082652454 ) ) ;
#5635 = LINE ( 'NONE', #5108, #322 ) ;
#5636 = DIRECTION ( 'NONE',  ( 0.000000000000000000, 0.000000000000000000, 1.000000000000000000 ) ) ;
#5637 = VERTEX_POINT ( 'NONE', #4528 ) ;
#5638 = EDGE_CURVE ( 'NONE', #3710, #216, #234, .T. ) ;
#5639 = CARTESIAN_POINT ( 'NONE',  ( 23.19012293521083379, 10.48906100630049743, -13.07555722341310656 ) ) ;
#5640 = CARTESIAN_POINT ( 'NONE',  ( -24.30193980864767056, 10.02679810356355539, -15.26193872806393514 ) ) ;
#5641 = LINE ( 'NONE', #6733, #570 ) ;
#5642 = ORIENTED_EDGE ( 'NONE', *, *, #2186, .F. ) ;
#5643 = FACE_OUTER_BOUND ( 'NONE', #1812, .T. ) ;
#5644 = VERTEX_POINT ( 'NONE', #4025 ) ;
#5645 = FACE_OUTER_BOUND ( 'NONE', #2913, .T. ) ;
#5646 = EDGE_CURVE ( 'NONE', #3670, #3862, #6205, .T. ) ;
#5647 = EDGE_CURVE ( 'NONE', #278, #964, #3706, .T. ) ;
#5648 = LINE ( 'NONE', #3551, #5755 ) ;
#5649 = CARTESIAN_POINT ( 'NONE',  ( 25.29237568234324129, 9.766606852233589819, -17.21487277270325933 ) ) ;
#5650 = CARTESIAN_POINT ( 'NONE',  ( -12.00000000000000178, 3.499999999999999556, 18.43908891458577060 ) ) ;
#5651 = CONICAL_SURFACE ( 'NONE', #5697, 23.99999999999999645, 0.7853981633974447263 ) ;
#5652 = CARTESIAN_POINT ( 'NONE',  ( -4.000000000000000000, 2.500000000000017764, 0.000000000000000000 ) ) ;
#5653 = ORIENTED_EDGE ( 'NONE', *, *, #3562, .F. ) ;
#5654 = ORIENTED_EDGE ( 'NONE', *, *, #1910, .T. ) ;
#5655 = LINE ( 'NONE', #751, #5705 ) ;
#5656 = CARTESIAN_POINT ( 'NONE',  ( -16.74039700078600035, 9.296760541840601633, -25.52500669161253910 ) ) ;
#5657 = DIRECTION ( 'NONE',  ( -0.5000000000000011102, -0.7071067811865460184, 0.5000000000000011102 ) ) ;
#5658 = CARTESIAN_POINT ( 'NONE',  ( 4.000000000000000000, 2.149385353226136441, 1.735471382665104478 ) ) ;
#5659 = CARTESIAN_POINT ( 'NONE',  ( 22.79803280630464357, 10.97612298647277207, 13.40496628414648406 ) ) ;
#5660 = ORIENTED_EDGE ( 'NONE', *, *, #2302, .F. ) ;
#5661 = ORIENTED_EDGE ( 'NONE', *, *, #3713, .F. ) ;
#5662 = DIRECTION ( 'NONE',  ( 0.5000000000000081046, 0.7071067811865464625, 0.4999999999999932832 ) ) ;
#5663 = ORIENTED_EDGE ( 'NONE', *, *, #3040, .F. ) ;
#5664 = CARTESIAN_POINT ( 'NONE',  ( 7.857864376269049878, 3.499999999999999556, 30.78460969082652454 ) ) ;
#5665 = CARTESIAN_POINT ( 'NONE',  ( -13.43502884254437468, 3.499999999999999556, -13.43502884254442797 ) ) ;
#5666 = EDGE_CURVE ( 'NONE', #6673, #5752, #2522, .T. ) ;
#5667 = CARTESIAN_POINT ( 'NONE',  ( -16.13542474445226560, 9.610803912319873632, -24.96786260224731535 ) ) ;
#5668 = CARTESIAN_POINT ( 'NONE',  ( -25.52500669161253555, 9.296760541840601633, 16.74039700078601101 ) ) ;
#5669 = ORIENTED_EDGE ( 'NONE', *, *, #3795, .T. ) ;
#5670 = ORIENTED_EDGE ( 'NONE', *, *, #4306, .T. ) ;
#5671 = B_SPLINE_CURVE_WITH_KNOTS ( 'NONE', 3,
 ( #212, #5162, #855, #889 ),
 .UNSPECIFIED., .F., .F.,
 ( 4, 4 ),
 ( 0.000000000000000000, 1.000000000000000000 ),
 .UNSPECIFIED. ) ;
#5672 = DIRECTION ( 'NONE',  ( -0.000000000000000000, 1.000000000000000000, -0.000000000000000000 ) ) ;
#5673 = DIRECTION ( 'NONE',  ( 0.000000000000000000, -1.000000000000000000, 0.000000000000000000 ) ) ;
#5674 = B_SPLINE_CURVE_WITH_KNOTS ( 'NONE', 3,
 ( #654, #1797, #4993, #1190 ),
 .UNSPECIFIED., .F., .F.,
 ( 4, 4 ),
 ( 0.000000000000000000, 1.000000000000000000 ),
 .UNSPECIFIED. ) ;
#5675 = ORIENTED_EDGE ( 'NONE', *, *, #4997, .T. ) ;
#5676 = FACE_OUTER_BOUND ( 'NONE', #3151, .T. ) ;
#5677 = EDGE_LOOP ( 'NONE', ( #927, #2112, #4447, #4609 ) ) ;
#5678 = CARTESIAN_POINT ( 'NONE',  ( 5.507384900523395466, 2.499999999999998224, 20.78460969082652454 ) ) ;
#5679 = DESIGN_CONTEXT ( 'detailed design', #2348, 'design' ) ;
#5680 = AXIS2_PLACEMENT_3D ( 'NONE', #6573, #6482, #1697 ) ;
#5681 = CARTESIAN_POINT ( 'NONE',  ( -14.56840991715335498, 10.25481381325076136, -23.87806642762078724 ) ) ;
#5682 = DIRECTION ( 'NONE',  ( 0.000000000000000000, 0.000000000000000000, -1.000000000000000000 ) ) ;
#5683 = CIRCLE ( 'NONE', #3863, 10.49999999999998579 ) ;
#5684 = VECTOR ( 'NONE', #2707, 1000.000000000000114 ) ;
#5685 = DIRECTION ( 'NONE',  ( -0.6710100716628282225, 0.6644630243886825438, -0.3289899283371624517 ) ) ;
#5686 = ORIENTED_EDGE ( 'NONE', *, *, #3290, .T. ) ;
#5687 = VERTEX_POINT ( 'NONE', #1417 ) ;
#5688 = AXIS2_PLACEMENT_3D ( 'NONE', #4293, #6390, #2188 ) ;
#5689 = LINE ( 'NONE', #4588, #2507 ) ;
#5690 = DIRECTION ( 'NONE',  ( 0.000000000000000000, -0.7071067811865500152, -0.7071067811865451302 ) ) ;
#5691 = LINE ( 'NONE', #2903, #4941 ) ;
#5692 = DIRECTION ( 'NONE',  ( 0.7071067811865404673, 0.000000000000000000, -0.7071067811865546782 ) ) ;
#5693 = DIRECTION ( 'NONE',  ( 0.000000000000000000, 0.000000000000000000, -1.000000000000000000 ) ) ;
#5694 = VECTOR ( 'NONE', #587, 1000.000000000000000 ) ;
#5695 = DIRECTION ( 'NONE',  ( 0.7071067811865404673, 0.000000000000000000, -0.7071067811865546782 ) ) ;
#5696 = EDGE_CURVE ( 'NONE', #2552, #3707, #6310, .T. ) ;
#5697 = AXIS2_PLACEMENT_3D ( 'NONE', #1670, #4972, #2249 ) ;
#5698 = EDGE_CURVE ( 'NONE', #2394, #944, #4347, .T. ) ;
#5699 = ORIENTED_EDGE ( 'NONE', *, *, #6192, .F. ) ;
#5700 = VERTEX_POINT ( 'NONE', #1990 ) ;
#5701 = CIRCLE ( 'NONE', #4565, 10.50000000000000178 ) ;
#5702 = CARTESIAN_POINT ( 'NONE',  ( 8.891420048912197061, 5.999999999999996447, -66.03389411600851133 ) ) ;
#5703 = EDGE_LOOP ( 'NONE', ( #356, #473, #2629, #5939 ) ) ;
#5704 = DIRECTION ( 'NONE',  ( 0.6644630243886761045, -0.3420201433256629397, -0.6644630243886761045 ) ) ;
#5705 = VECTOR ( 'NONE', #2932, 1000.000000000000000 ) ;
#5706 = CARTESIAN_POINT ( 'NONE',  ( -14.92893218813452805, 0.4999999999999978351, 23.71354187896104904 ) ) ;
#5707 = VECTOR ( 'NONE', #2549, 1000.000000000000000 ) ;
#5708 = DIRECTION ( 'NONE',  ( 0.000000000000000000, 0.000000000000000000, -1.000000000000000000 ) ) ;
#5709 = DIRECTION ( 'NONE',  ( -0.000000000000000000, -1.000000000000000000, -0.000000000000000000 ) ) ;
#5710 = VECTOR ( 'NONE', #2324, 1000.000000000000000 ) ;
#5711 = CIRCLE ( 'NONE', #5153, 22.50000000000000355 ) ;
#5712 = ORIENTED_EDGE ( 'NONE', *, *, #4562, .T. ) ;
#5713 = ORIENTED_EDGE ( 'NONE', *, *, #2424, .F. ) ;
#5714 = LINE ( 'NONE', #812, #3903 ) ;
#5715 = EDGE_CURVE ( 'NONE', #5091, #3924, #1248, .T. ) ;
#5716 = CARTESIAN_POINT ( 'NONE',  ( -23.68911567906840077, 10.33944621435554012, -14.21738932063190042 ) ) ;
#5717 = DIRECTION ( 'NONE',  ( 6.133173666733369595E-17, 1.000000000000000000, -6.133173666733622277E-17 ) ) ;
#5718 = AXIS2_PLACEMENT_3D ( 'NONE', #1489, #6879, #985 ) ;
#5719 = EDGE_LOOP ( 'NONE', ( #1719, #1457, #3792, #2772 ) ) ;
#5720 = LINE ( 'NONE', #5826, #2837 ) ;
#5721 = ORIENTED_EDGE ( 'NONE', *, *, #2025, .F. ) ;
#5722 = EDGE_CURVE ( 'NONE', #2792, #4239, #3093, .T. ) ;
#5723 = EDGE_CURVE ( 'NONE', #3737, #1752, #5784, .T. ) ;
#5724 = AXIS2_PLACEMENT_3D ( 'NONE', #5805, #6932, #4742 ) ;
#5725 = DIRECTION ( 'NONE',  ( 0.7071067811865474617, 0.000000000000000000, -0.7071067811865474617 ) ) ;
#5726 =( BOUNDED_CURVE ( )  B_SPLINE_CURVE ( 3, ( #4748, #6841, #1949, #6878 ),
 .UNSPECIFIED., .F., .F. ) 
 B_SPLINE_CURVE_WITH_KNOTS ( ( 4, 4 ),
 ( 4.712388980384688786, 4.870540119000255075 ),
 .UNSPECIFIED. ) 
 CURVE ( )  GEOMETRIC_REPRESENTATION_ITEM ( )  RATIONAL_B_SPLINE_CURVE ( ( 1.000000000000000000, 0.9979167706456838483, 0.9979167706456838483, 1.000000000000000000 ) ) 
 REPRESENTATION_ITEM ( '' )  );
#5727 = EDGE_CURVE ( 'NONE', #1832, #5865, #5888, .T. ) ;
#5728 = CARTESIAN_POINT ( 'NONE',  ( -13.43502884254442620, 3.499999999999999556, 12.03502884254437788 ) ) ;
#5729 = CARTESIAN_POINT ( 'NONE',  ( 13.43502884254437468, 2.000000000000000000, 11.03502884254442407 ) ) ;
#5730 = CARTESIAN_POINT ( 'NONE',  ( -31.25000000000031264, 47.00822076650859316, -33.34999999999967457 ) ) ;
#5731 = EDGE_LOOP ( 'NONE', ( #868, #2980, #2231, #4202, #2995 ) ) ;
#5732 = ORIENTED_EDGE ( 'NONE', *, *, #4250, .T. ) ;
#5733 = CARTESIAN_POINT ( 'NONE',  ( 30.17410943339864104, 6.124798468254541106, 27.23472174205819130 ) ) ;
#5734 = CARTESIAN_POINT ( 'NONE',  ( -13.43502884254442620, 11.00099999999999945, 12.03502884254437788 ) ) ;
#5735 = ADVANCED_FACE ( 'NONE', ( #4781 ), #1491, .T. ) ;
#5736 = CARTESIAN_POINT ( 'NONE',  ( 35.64230484541324984, 47.00822076650859316, -26.85769515458672885 ) ) ;
#5737 = CARTESIAN_POINT ( 'NONE',  ( 9.669329188920537277, 10.49999999999999467, -32.59607450347800039 ) ) ;
#5738 = FACE_OUTER_BOUND ( 'NONE', #4987, .T. ) ;
#5739 = CIRCLE ( 'NONE', #2659, 2.400000000000003020 ) ;
#5740 = CARTESIAN_POINT ( 'NONE',  ( 1.839952100020023821E-16, 2.999999999999993339, -1.839952100020073618E-16 ) ) ;
#5741 = ORIENTED_EDGE ( 'NONE', *, *, #6298, .T. ) ;
#5742 = ORIENTED_EDGE ( 'NONE', *, *, #2041, .T. ) ;
#5743 = EDGE_LOOP ( 'NONE', ( #4313, #4710, #3469, #3224 ) ) ;
#5744 = LINE ( 'NONE', #408, #6577 ) ;
#5745 = EDGE_CURVE ( 'NONE', #6921, #216, #873, .T. ) ;
#5746 = CARTESIAN_POINT ( 'NONE',  ( -22.63223656266515604, 10.99999693316126148, 12.97537828865431919 ) ) ;
#5747 = ADVANCED_FACE ( 'NONE', ( #449 ), #4808, .T. ) ;
#5748 = CARTESIAN_POINT ( 'NONE',  ( -15.47731122237377122, 9.927079897466152048, -24.45559879876122622 ) ) ;
#5749 = DIRECTION ( 'NONE',  ( -0.000000000000000000, -1.000000000000000000, -0.000000000000000000 ) ) ;
#5750 = CONICAL_SURFACE ( 'NONE', #1521, 1.499999999999997780, 0.7853981633974482790 ) ;
#5751 = ORIENTED_EDGE ( 'NONE', *, *, #3005, .T. ) ;
#5752 = VERTEX_POINT ( 'NONE', #3063 ) ;
#5753 = ORIENTED_EDGE ( 'NONE', *, *, #5727, .T. ) ;
#5754 = DIRECTION ( 'NONE',  ( 0.000000000000000000, 1.000000000000000000, 0.000000000000000000 ) ) ;
#5755 = VECTOR ( 'NONE', #1815, 1000.000000000000000 ) ;
#5756 = CARTESIAN_POINT ( 'NONE',  ( -23.94873364086399548, 10.22073734243014087, -14.69342417708812754 ) ) ;
#5757 = CARTESIAN_POINT ( 'NONE',  ( -31.25000000000031264, 5.499999999999991118, -31.24999999999967315 ) ) ;
#5758 = ORIENTED_EDGE ( 'NONE', *, *, #2745, .T. ) ;
#5759 = DIRECTION ( 'NONE',  ( -0.000000000000000000, -1.000000000000000000, -0.000000000000000000 ) ) ;
#5760 = EDGE_LOOP ( 'NONE', ( #1068, #2940 ) ) ;
#5761 = EDGE_CURVE ( 'NONE', #6341, #6230, #2747, .T. ) ;
#5762 = ORIENTED_EDGE ( 'NONE', *, *, #4827, .F. ) ;
#5763 = CARTESIAN_POINT ( 'NONE',  ( 30.17410943339771734, 2.999999999999993339, -27.23472174205915053 ) ) ;
#5764 = EDGE_CURVE ( 'NONE', #2175, #6567, #6601, .T. ) ;
#5765 = CARTESIAN_POINT ( 'NONE',  ( -15.88863270537042816, 10.39692620785911004, -24.16949739484937254 ) ) ;
#5766 = CARTESIAN_POINT ( 'NONE',  ( -13.43502884254437468, 2.000000000000000000, -14.83502884254443011 ) ) ;
#5767 = EDGE_CURVE ( 'NONE', #3317, #682, #3557, .T. ) ;
#5768 = CARTESIAN_POINT ( 'NONE',  ( -25.39486169249067515, 9.367099778336756444, 16.61025200166414351 ) ) ;
#5769 = VERTEX_POINT ( 'NONE', #5217 ) ;
#5770 = VERTEX_POINT ( 'NONE', #4821 ) ;
#5771 = CARTESIAN_POINT ( 'NONE',  ( -15.88863270537044237, 10.39692620785910648, -24.16949739484938675 ) ) ;
#5772 = DIRECTION ( 'NONE',  ( 0.000000000000000000, 1.000000000000000000, 0.000000000000000000 ) ) ;
#5773 = DIRECTION ( 'NONE',  ( 0.7071067811865474617, -0.000000000000000000, 0.7071067811865474617 ) ) ;
#5774 = CARTESIAN_POINT ( 'NONE',  ( -31.79191429013230419, 6.603073792140893516, -23.00730459930580452 ) ) ;
#5775 = LINE ( 'NONE', #5275, #116 ) ;
#5776 = EDGE_LOOP ( 'NONE', ( #2771, #1360, #2562, #3881 ) ) ;
#5777 = ORIENTED_EDGE ( 'NONE', *, *, #3845, .F. ) ;
#5778 = SECURITY_CLASSIFICATION_LEVEL ( 'unclassified' ) ;
#5779 = EDGE_CURVE ( 'NONE', #3317, #3357, #308, .T. ) ;
#5780 = EDGE_LOOP ( 'NONE', ( #6114, #2027, #4369, #3366 ) ) ;
#5781 = CARTESIAN_POINT ( 'NONE',  ( -33.85680852601884538, 15.99999999999999645, 25.77930561637888118 ) ) ;
#5782 = CARTESIAN_POINT ( 'NONE',  ( -25.52500669161253555, 0.5000000000000004441, 16.74039700078601101 ) ) ;
#5783 = DIRECTION ( 'NONE',  ( -0.7071067811865474617, 0.000000000000000000, -0.7071067811865474617 ) ) ;
#5784 = LINE ( 'NONE', #3105, #4573 ) ;
#5785 = EDGE_CURVE ( 'NONE', #2377, #5480, #3100, .T. ) ;
#5786 = VERTEX_POINT ( 'NONE', #2063 ) ;
#5787 = ORIENTED_EDGE ( 'NONE', *, *, #2655, .T. ) ;
#5788 = CARTESIAN_POINT ( 'NONE',  ( -7.857864376269053430, 3.500000000000003109, 30.78460969082652454 ) ) ;
#5789 = CARTESIAN_POINT ( 'NONE',  ( 15.47731122237366108, 9.927079897466146718, -24.45559879876112319 ) ) ;
#5790 = DIRECTION ( 'NONE',  ( 0.000000000000000000, 0.000000000000000000, -1.000000000000000000 ) ) ;
#5791 = CARTESIAN_POINT ( 'NONE',  ( 35.28875145481976716, 0.000000000000000000, -27.21124854518021507 ) ) ;
#5792 = ORIENTED_EDGE ( 'NONE', *, *, #872, .F. ) ;
#5793 = CARTESIAN_POINT ( 'NONE',  ( 4.000000000000000000, 0.5000000000000004441, 18.78460969082652099 ) ) ;
#5794 = EDGE_CURVE ( 'NONE', #6313, #918, #4245, .T. ) ;
#5795 = ORIENTED_EDGE ( 'NONE', *, *, #936, .F. ) ;
#5796 = CARTESIAN_POINT ( 'NONE',  ( 6.000000000000000000, 2.500000000000000444, 20.78460969082652454 ) ) ;
#5797 = PLANE ( 'NONE',  #6688 ) ;
#5798 = EDGE_CURVE ( 'NONE', #5392, #5801, #347, .T. ) ;
#5799 = DIRECTION ( 'NONE',  ( -0.7071067811865544561, -0.000000000000000000, -0.7071067811865405783 ) ) ;
#5800 = CARTESIAN_POINT ( 'NONE',  ( -31.67099190880843551, 6.133227481747964838, 22.88638221798191452 ) ) ;
#5801 = VERTEX_POINT ( 'NONE', #5524 ) ;
#5802 = CARTESIAN_POINT ( 'NONE',  ( 28.31061230865950407, 5.999999999999992895, -34.18938769134042843 ) ) ;
#5803 = CARTESIAN_POINT ( 'NONE',  ( -24.16949739484930504, 10.39692620785910648, -15.88863270537035888 ) ) ;
#5804 = CARTESIAN_POINT ( 'NONE',  ( 23.68387455850627887, 10.34159057684307292, -14.20711152027664248 ) ) ;
#5805 = CARTESIAN_POINT ( 'NONE',  ( -6.000000000000000000, 2.000000000000000000, 18.78460969082652099 ) ) ;
#5806 = ORIENTED_EDGE ( 'NONE', *, *, #4232, .T. ) ;
#5807 = EDGE_LOOP ( 'NONE', ( #4615, #4264, #6634, #2704, #2846, #6699, #4708, #4191, #1844, #4111, #2211, #6904, #6086, #3575, #1903, #5883, #925, #5686, #1217, #1049, #5669, #317, #1879, #3394, #1925 ) ) ;
#5808 = AXIS2_PLACEMENT_3D ( 'NONE', #1038, #1504, #4151 ) ;
#5809 = VECTOR ( 'NONE', #937, 1000.000000000000114 ) ;
#5810 = ORIENTED_EDGE ( 'NONE', *, *, #3709, .F. ) ;
#5811 = DIRECTION ( 'NONE',  ( -0.9659258262890685343, -2.086548053801603740E-16, -0.2588190451025199623 ) ) ;
#5812 = CARTESIAN_POINT ( 'NONE',  ( -23.37395230240897703, 10.80544703232890846, 14.63121646203216919 ) ) ;
#5813 = CIRCLE ( 'NONE', #3761, 10.50000000000001243 ) ;
#5814 = DIRECTION ( 'NONE',  ( 0.000000000000000000, 0.000000000000000000, -1.000000000000000000 ) ) ;
#5815 = DIRECTION ( 'NONE',  ( -0.000000000000000000, -1.000000000000000000, -0.000000000000000000 ) ) ;
#5816 = EDGE_LOOP ( 'NONE', ( #6535, #6970, #4938, #4719 ) ) ;
#5817 = VECTOR ( 'NONE', #4954, 1000.000000000000114 ) ;
#5818 = AXIS2_PLACEMENT_3D ( 'NONE', #5878, #939, #3130 ) ;
#5819 = DIRECTION ( 'NONE',  ( 0.000000000000000000, 0.7071067811865474617, 0.7071067811865474617 ) ) ;
#5820 = ADVANCED_FACE ( 'NONE', ( #2236 ), #4350, .T. ) ;
#5821 = DIRECTION ( 'NONE',  ( -0.000000000000000000, -1.000000000000000000, -0.000000000000000000 ) ) ;
#5822 = VECTOR ( 'NONE', #5978, 999.9999999999998863 ) ;
#5823 = DIRECTION ( 'NONE',  ( -0.000000000000000000, -1.000000000000000000, -0.000000000000000000 ) ) ;
#5824 = VECTOR ( 'NONE', #3921, 1000.000000000000000 ) ;
#5825 = ORIENTED_EDGE ( 'NONE', *, *, #6384, .T. ) ;
#5826 = CARTESIAN_POINT ( 'NONE',  ( -4.392304845413264935, 5.499999999999991118, -4.392304845413268488 ) ) ;
#5827 = VERTEX_POINT ( 'NONE', #6540 ) ;
#5828 = DIRECTION ( 'NONE',  ( 0.000000000000000000, 0.000000000000000000, -1.000000000000000000 ) ) ;
#5829 = CIRCLE ( 'NONE', #466, 10.00000000000000178 ) ;
#5830 = DIRECTION ( 'NONE',  ( -6.133173666733558182E-17, 1.000000000000000000, -6.133173666733433690E-17 ) ) ;
#5831 = EDGE_CURVE ( 'NONE', #3471, #6735, #1716, .T. ) ;
#5832 = DIRECTION ( 'NONE',  ( 0.000000000000000000, 1.000000000000000000, 0.000000000000000000 ) ) ;
#5833 = CARTESIAN_POINT ( 'NONE',  ( -15.26070336957532270, 10.39692620785910648, -24.79742673064452063 ) ) ;
#5834 = CIRCLE ( 'NONE', #1124, 23.49999999999999289 ) ;
#5835 = ORIENTED_EDGE ( 'NONE', *, *, #1317, .F. ) ;
#5836 = VECTOR ( 'NONE', #799, 1000.000000000000000 ) ;
#5837 = EDGE_CURVE ( 'NONE', #1017, #5786, #1659, .T. ) ;
#5838 = LINE ( 'NONE', #828, #4332 ) ;
#5839 = LINE ( 'NONE', #474, #2503 ) ;
#5840 = AXIS2_PLACEMENT_3D ( 'NONE', #3979, #2807, #621 ) ;
#5841 = CARTESIAN_POINT ( 'NONE',  ( 15.47731122237366108, 9.927079897466146718, -24.45559879876112319 ) ) ;
#5842 = CYLINDRICAL_SURFACE ( 'NONE', #5818, 1.999999999999998224 ) ;
#5843 = CARTESIAN_POINT ( 'NONE',  ( 25.29237568234321643, 9.766606852233529423, 17.21487277270327709 ) ) ;
#5844 = CARTESIAN_POINT ( 'NONE',  ( 31.43836089953916968, 6.603073792140889964, -23.36085798989919127 ) ) ;
#5845 = ORIENTED_EDGE ( 'NONE', *, *, #2232, .T. ) ;
#5846 = ORIENTED_EDGE ( 'NONE', *, *, #3936, .T. ) ;
#5847 = VECTOR ( 'NONE', #4920, 1000.000000000000000 ) ;
#5848 = DATE_TIME_ROLE ( 'creation_date' ) ;
#5849 = CARTESIAN_POINT ( 'NONE',  ( 31.24999999999977973, 2.999999999999995559, -29.15000000000020464 ) ) ;
#5850 = DIRECTION ( 'NONE',  ( -0.000000000000000000, -1.000000000000000000, -0.000000000000000000 ) ) ;
#5851 = DIRECTION ( 'NONE',  ( -0.5000000000000074385, 0.7071067811865507924, 0.4999999999999878431 ) ) ;
#5852 = EDGE_CURVE ( 'NONE', #2875, #639, #6049, .T. ) ;
#5853 = DIRECTION ( 'NONE',  ( 0.7071067811865622277, 0.000000000000000000, 0.7071067811865329178 ) ) ;
#5854 = ORIENTED_EDGE ( 'NONE', *, *, #3360, .T. ) ;
#5855 = ORIENTED_EDGE ( 'NONE', *, *, #6019, .T. ) ;
#5856 = AXIS2_PLACEMENT_3D ( 'NONE', #4278, #1083, #7008 ) ;
#5857 = EDGE_LOOP ( 'NONE', ( #3287, #6783, #1088, #3887, #2000 ) ) ;
#5858 = PLANE ( 'NONE',  #6409 ) ;
#5859 = DIRECTION ( 'NONE',  ( 0.000000000000000000, 0.000000000000000000, 1.000000000000000000 ) ) ;
#5860 = CARTESIAN_POINT ( 'NONE',  ( 12.81163773687856633, 10.49722988339729568, -23.10157401104508779 ) ) ;
#5861 = AXIS2_PLACEMENT_3D ( 'NONE', #6696, #4004, #6182 ) ;
#5862 = AXIS2_PLACEMENT_3D ( 'NONE', #3440, #6038, #5545 ) ;
#5863 = VERTEX_POINT ( 'NONE', #3879 ) ;
#5864 = LINE ( 'NONE', #961, #2170 ) ;
#5865 = VERTEX_POINT ( 'NONE', #4312 ) ;
#5866 = EDGE_CURVE ( 'NONE', #2689, #1033, #3847, .T. ) ;
#5867 = ORIENTED_EDGE ( 'NONE', *, *, #320, .T. ) ;
#5868 = FACE_OUTER_BOUND ( 'NONE', #5703, .T. ) ;
#5869 = LINE ( 'NONE', #6324, #6250 ) ;
#5870 = DIRECTION ( 'NONE',  ( 0.000000000000000000, -1.000000000000000000, 0.000000000000000000 ) ) ;
#5871 = CARTESIAN_POINT ( 'NONE',  ( 13.43502884254442797, 11.00099999999999945, -14.83502884254437504 ) ) ;
#5872 = VERTEX_POINT ( 'NONE', #6512 ) ;
#5873 = EDGE_CURVE ( 'NONE', #6320, #6651, #2210, .T. ) ;
#5874 = ADVANCED_FACE ( 'NONE', ( #6474 ), #5451, .F. ) ;
#5875 = CARTESIAN_POINT ( 'NONE',  ( 25.14532319722277975, 9.507684130838431003, -16.33949193860304661 ) ) ;
#5876 = FACE_OUTER_BOUND ( 'NONE', #3443, .T. ) ;
#5877 = CARTESIAN_POINT ( 'NONE',  ( -22.72736658119376685, 10.99999999999999822, -13.27007793939893432 ) ) ;
#5878 = CARTESIAN_POINT ( 'NONE',  ( 14.00000000000000355, 3.499999999999999556, 19.49358868961792624 ) ) ;
#5879 = DIRECTION ( 'NONE',  ( 0.000000000000000000, 1.000000000000000000, 0.000000000000000000 ) ) ;
#5880 = CARTESIAN_POINT ( 'NONE',  ( 31.93071212713050144, 5.999999999999994671, -27.70540201526720381 ) ) ;
#5881 = ORIENTED_EDGE ( 'NONE', *, *, #6216, .F. ) ;
#5882 = ORIENTED_EDGE ( 'NONE', *, *, #6176, .T. ) ;
#5883 = ORIENTED_EDGE ( 'NONE', *, *, #2938, .T. ) ;
#5884 = CARTESIAN_POINT ( 'NONE',  ( 9.669329188920537277, 10.49999999999999467, -32.59607450347800039 ) ) ;
#5885 = CARTESIAN_POINT ( 'NONE',  ( 31.25000000000010303, 47.00822076650859316, 31.24999999999988631 ) ) ;
#5886 = DIRECTION ( 'NONE',  ( 2.664535259100375697E-15, 0.000000000000000000, 1.000000000000000000 ) ) ;
#5887 = EDGE_CURVE ( 'NONE', #586, #1566, #4856, .T. ) ;
#5888 = LINE ( 'NONE', #6373, #916 ) ;
#5889 = ORIENTED_EDGE ( 'NONE', *, *, #4766, .T. ) ;
#5890 = ORIENTED_EDGE ( 'NONE', *, *, #4072, .F. ) ;
#5891 = DIRECTION ( 'NONE',  ( 3.644595852164532616E-15, 0.000000000000000000, -1.000000000000000000 ) ) ;
#5892 = DIRECTION ( 'NONE',  ( 0.000000000000000000, 0.000000000000000000, 1.000000000000000000 ) ) ;
#5893 = DIRECTION ( 'NONE',  ( 0.000000000000000000, 0.000000000000000000, 1.000000000000000000 ) ) ;
#5894 = ORIENTED_EDGE ( 'NONE', *, *, #2598, .F. ) ;
#5895 = DIRECTION ( 'NONE',  ( -0.2588190451025208505, 2.086548053801610149E-16, -0.9659258262890683122 ) ) ;
#5896 = ORIENTED_EDGE ( 'NONE', *, *, #3429, .T. ) ;
#5897 = ORIENTED_EDGE ( 'NONE', *, *, #5011, .T. ) ;
#5898 = CARTESIAN_POINT ( 'NONE',  ( -4.499999999999999112, 0.000000000000000000, 0.000000000000000000 ) ) ;
#5899 = B_SPLINE_CURVE_WITH_KNOTS ( 'NONE', 3,
 ( #1738, #2429, #1882, #2889 ),
 .UNSPECIFIED., .F., .F.,
 ( 4, 4 ),
 ( 0.000000000000000000, 1.000000000000000000 ),
 .UNSPECIFIED. ) ;
#5900 = DIRECTION ( 'NONE',  ( 0.000000000000000000, -1.000000000000000000, 0.000000000000000000 ) ) ;
#5901 = DIRECTION ( 'NONE',  ( 0.000000000000000000, 0.000000000000000000, 1.000000000000000000 ) ) ;
#5902 = DIRECTION ( 'NONE',  ( 0.000000000000000000, -1.000000000000000000, 0.000000000000000000 ) ) ;
#5903 = ORIENTED_EDGE ( 'NONE', *, *, #3298, .T. ) ;
#5904 = DIRECTION ( 'NONE',  ( 0.7071067811865474617, -0.000000000000000000, 0.7071067811865474617 ) ) ;
#5905 = CARTESIAN_POINT ( 'NONE',  ( -24.16949739484930504, 10.39692620785910648, -15.88863270537035888 ) ) ;
#5906 = LINE ( 'NONE', #1512, #2317 ) ;
#5907 = CARTESIAN_POINT ( 'NONE',  ( -31.25000000000031264, 0.5000000000000004441, -37.46165708246016379 ) ) ;
#5908 = ADVANCED_FACE ( 'NONE', ( #3355 ), #3818, .F. ) ;
#5909 = LINE ( 'NONE', #2160, #2431 ) ;
#5910 = CARTESIAN_POINT ( 'NONE',  ( -25.52500669161253555, 47.00822076650859316, 16.74039700078601101 ) ) ;
#5911 = ORIENTED_EDGE ( 'NONE', *, *, #3512, .T. ) ;
#5912 = ORIENTED_EDGE ( 'NONE', *, *, #4866, .T. ) ;
#5913 = EDGE_LOOP ( 'NONE', ( #1741, #1902 ) ) ;
#5914 = B_SPLINE_CURVE_WITH_KNOTS ( 'NONE', 3,
 ( #2699, #2599, #3209, #6407 ),
 .UNSPECIFIED., .F., .F.,
 ( 4, 4 ),
 ( 0.000000000000000000, 0.003240370349203943769 ),
 .UNSPECIFIED. ) ;
#5915 = CARTESIAN_POINT ( 'NONE',  ( -14.89418594602813606, 10.74263815611194062, -23.52172655787329347 ) ) ;
#5916 = CARTESIAN_POINT ( 'NONE',  ( -4.392304845413264935, 0.5000000000000004441, 4.392304845413261383 ) ) ;
#5917 = CARTESIAN_POINT ( 'NONE',  ( -23.83432321474793270, 10.59186222469005756, -15.40808002119263342 ) ) ;
#5918 = EDGE_CURVE ( 'NONE', #5617, #3669, #2189, .T. ) ;
#5919 = ADVANCED_FACE ( 'NONE', ( #2701 ), #3742, .F. ) ;
#5920 = DIRECTION ( 'NONE',  ( 0.000000000000000000, 0.000000000000000000, -1.000000000000000000 ) ) ;
#5921 = VECTOR ( 'NONE', #295, 1000.000000000000000 ) ;
#5922 = EDGE_LOOP ( 'NONE', ( #3744, #3972, #5581, #2230 ) ) ;
#5923 = FACE_OUTER_BOUND ( 'NONE', #3895, .T. ) ;
#5924 = VECTOR ( 'NONE', #895, 1000.000000000000000 ) ;
#5925 = DIRECTION ( 'NONE',  ( 0.000000000000000000, 1.000000000000000000, 0.000000000000000000 ) ) ;
#5926 = DIRECTION ( 'NONE',  ( 0.2588190451025098593, -2.086548053801603740E-16, -0.9659258262890711988 ) ) ;
#5927 = EDGE_LOOP ( 'NONE', ( #5912, #2993, #3743, #5141, #304 ) ) ;
#5928 = CIRCLE ( 'NONE', #4682, 2.399999999999999467 ) ;
#5929 = DIRECTION ( 'NONE',  ( 0.2588190451025098593, -2.086548053801603740E-16, -0.9659258262890711988 ) ) ;
#5930 = ORIENTED_EDGE ( 'NONE', *, *, #952, .F. ) ;
#5931 = ORIENTED_EDGE ( 'NONE', *, *, #3003, .T. ) ;
#5932 = DIRECTION ( 'NONE',  ( 0.7071067811865474617, 0.000000000000000000, 0.7071067811865474617 ) ) ;
#5933 = B_SPLINE_CURVE_WITH_KNOTS ( 'NONE', 3,
 ( #2915, #3427, #1305, #6719, #1909, #1800, #3026, #5182, #4604, #4638, #3982, #6765, #2455, #4527, #1378, #1266 ),
 .UNSPECIFIED., .F., .F.,
 ( 4, 2, 2, 2, 2, 2, 2, 4 ),
 ( 0.000000000000000000, 0.1249999999999976685, 0.1874999999999970024, 0.2499999999999963363, 0.3749999999999940048, 0.4374999999999941713, 0.4999999999999943379, 1.000000000000000000 ),
 .UNSPECIFIED. ) ;
#5934 = AXIS2_PLACEMENT_3D ( 'NONE', #1462, #4649, #853 ) ;
#5935 = DIRECTION ( 'NONE',  ( -0.9659258262890694224, -4.336808689941948094E-17, -0.2588190451025165761 ) ) ;
#5936 = AXIS2_PLACEMENT_3D ( 'NONE', #5266, #4295, #4326 ) ;
#5937 = CARTESIAN_POINT ( 'NONE',  ( 13.43502884254437468, 3.499999999999999556, 12.03502884254442584 ) ) ;
#5938 = CARTESIAN_POINT ( 'NONE',  ( -24.96722586728057180, 9.611178710145093618, 16.13467461460120589 ) ) ;
#5939 = ORIENTED_EDGE ( 'NONE', *, *, #5254, .F. ) ;
#5940 = VECTOR ( 'NONE', #1348, 1000.000000000000114 ) ;
#5941 = EDGE_CURVE ( 'NONE', #1258, #12, #3330, .T. ) ;
#5942 = PLANE ( 'NONE',  #7046 ) ;
#5943 = DIRECTION ( 'NONE',  ( -1.000000000000000000, 0.000000000000000000, 0.000000000000000000 ) ) ;
#5944 = FACE_OUTER_BOUND ( 'NONE', #4681, .T. ) ;
#5945 = CARTESIAN_POINT ( 'NONE',  ( 31.24999999999977973, 5.499999999999991118, -31.25000000000020250 ) ) ;
#5946 = EDGE_CURVE ( 'NONE', #174, #1954, #79, .T. ) ;
#5947 = CARTESIAN_POINT ( 'NONE',  ( -13.43502884254437468, 2.000000000000000000, -13.43502884254442797 ) ) ;
#5948 = VERTEX_POINT ( 'NONE', #5486 ) ;
#5949 = ORIENTED_EDGE ( 'NONE', *, *, #5698, .T. ) ;
#5950 = LINE ( 'NONE', #7036, #2392 ) ;
#5951 = DIRECTION ( 'NONE',  ( -0.000000000000000000, -1.000000000000000000, -0.000000000000000000 ) ) ;
#5952 = CARTESIAN_POINT ( 'NONE',  ( 9.669329188920537277, 11.00000000000000000, -22.09607450347799684 ) ) ;
#5953 = DIRECTION ( 'NONE',  ( 0.000000000000000000, 0.000000000000000000, 1.000000000000000000 ) ) ;
#5954 = ORIENTED_EDGE ( 'NONE', *, *, #6772, .T. ) ;
#5955 = VERTEX_POINT ( 'NONE', #2673 ) ;
#5956 = ADVANCED_FACE ( 'NONE', ( #519 ), #1630, .F. ) ;
#5957 = EDGE_CURVE ( 'NONE', #2135, #4935, #50, .T. ) ;
#5958 = CARTESIAN_POINT ( 'NONE',  ( 31.24999999999977973, 47.00822076650859316, -31.25000000000020250 ) ) ;
#5959 = DIRECTION ( 'NONE',  ( 0.000000000000000000, 0.000000000000000000, -1.000000000000000000 ) ) ;
#5960 = CARTESIAN_POINT ( 'NONE',  ( 27.23472174205883434, 2.999999999999993339, 30.17410943339800156 ) ) ;
#5961 = VERTEX_POINT ( 'NONE', #2800 ) ;
#5962 = AXIS2_PLACEMENT_3D ( 'NONE', #5916, #4241, #3816 ) ;
#5963 = DIRECTION ( 'NONE',  ( 0.000000000000000000, 0.000000000000000000, 1.000000000000000000 ) ) ;
#5964 = EDGE_LOOP ( 'NONE', ( #6626, #2278, #7013, #3941 ) ) ;
#5965 = EDGE_CURVE ( 'NONE', #5970, #3076, #4986, .T. ) ;
#5966 = VERTEX_POINT ( 'NONE', #6084 ) ;
#5967 = DIRECTION ( 'NONE',  ( -0.4999999999999995559, -0.7071067811865446862, 0.5000000000000044409 ) ) ;
#5968 = DIRECTION ( 'NONE',  ( -0.000000000000000000, -1.000000000000000000, -0.000000000000000000 ) ) ;
#5969 = DIRECTION ( 'NONE',  ( -0.000000000000000000, -1.000000000000000000, -0.000000000000000000 ) ) ;
#5970 = VERTEX_POINT ( 'NONE', #3418 ) ;
#5971 = AXIS2_PLACEMENT_3D ( 'NONE', #2556, #6399, #6899 ) ;
#5972 = CONICAL_SURFACE ( 'NONE', #2566, 5.711657082460495083, 0.7853981633974457255 ) ;
#5973 = DIRECTION ( 'NONE',  ( -0.9659258262890655367, 2.086548053801610149E-16, 0.2588190451025308980 ) ) ;
#5974 = ADVANCED_FACE ( 'NONE', ( #646 ), #3801, .T. ) ;
#5975 = PLANE ( 'NONE',  #6880 ) ;
#5976 = LINE ( 'NONE', #3731, #6941 ) ;
#5977 = FACE_OUTER_BOUND ( 'NONE', #1614, .T. ) ;
#5978 = DIRECTION ( 'NONE',  ( -0.7071067811865477948, 0.000000000000000000, 0.7071067811865473507 ) ) ;
#5979 = ORIENTED_EDGE ( 'NONE', *, *, #533, .F. ) ;
#5980 = ORIENTED_EDGE ( 'NONE', *, *, #3709, .T. ) ;
#5981 = CARTESIAN_POINT ( 'NONE',  ( -22.52963973034509237, 11.00000000000000000, 6.683212821753897082 ) ) ;
#5982 = DIRECTION ( 'NONE',  ( 0.000000000000000000, 0.000000000000000000, -1.000000000000000000 ) ) ;
#5983 = CARTESIAN_POINT ( 'NONE',  ( -24.45559879876115872, 9.927079897466144942, -15.47731122237371437 ) ) ;
#5984 = EDGE_CURVE ( 'NONE', #1445, #3629, #1298, .T. ) ;
#5985 = DIRECTION ( 'NONE',  ( 0.000000000000000000, -1.000000000000000000, 0.000000000000000000 ) ) ;
#5986 = ORIENTED_EDGE ( 'NONE', *, *, #1336, .T. ) ;
#5987 = LOCAL_TIME ( 19, 59, 38.00000000000000000, #2017 ) ;
#5988 = ORIENTED_EDGE ( 'NONE', *, *, #2745, .F. ) ;
#5989 = LINE ( 'NONE', #6638, #3417 ) ;
#5990 = CARTESIAN_POINT ( 'NONE',  ( -23.99651941809877442, 10.50277959406428074, 15.65031525106397581 ) ) ;
#5991 = ORIENTED_EDGE ( 'NONE', *, *, #4903, .T. ) ;
#5992 = CC_DESIGN_APPROVAL ( #3311, ( #5535 ) ) ;
#5993 = CYLINDRICAL_SURFACE ( 'NONE', #3518, 10.00000000000000178 ) ;
#5994 = EDGE_CURVE ( 'NONE', #2991, #1734, #3452, .T. ) ;
#5995 = DIRECTION ( 'NONE',  ( 0.000000000000000000, -1.000000000000000000, 0.000000000000000000 ) ) ;
#5996 = B_SPLINE_SURFACE_WITH_KNOTS ( 'NONE', 1, 3, ( 
 ( #5032, #1221, #4492, #2879, #5072, #162, #3571, #4058, #3025, #2987, #5281, #4095, #6270, #4602, #840, #5180, #1304, #1415, #3634, #3492 ),
 ( #6203, #2568, #6838, #4167, #2454, #1338, #4637, #5144, #1986, #6338, #380, #5812, #1377, #1837, #870, #4132, #5215, #6764, #5746, #306 ) ),
 .UNSPECIFIED., .F., .F., .F.,
 ( 2, 2 ),
 ( 4, 2, 2, 2, 2, 2, 2, 2, 2, 4 ),
 ( 0.000000000000000000, 1.000000000000000000 ),
 ( 0.000000000000000000, 0.0004362800355329974874, 0.0006544200532994962852, 0.0008725600710659949747, 0.001090700088832493881, 0.001308840106598992570, 0.001745120142131989949, 0.002181400177664987762, 0.002617680213197985141, 0.003490240284263979899 ),
 .UNSPECIFIED. ) ;
#5997 = VERTEX_POINT ( 'NONE', #6113 ) ;
#5998 = EDGE_LOOP ( 'NONE', ( #499, #1921, #451, #1349, #5102, #5194, #3632, #2452, #6344, #6521 ) ) ;
#5999 = FACE_BOUND ( 'NONE', #2563, .T. ) ;
#6000 = CARTESIAN_POINT ( 'NONE',  ( 13.57186596881021501, 0.9999999999999991118, 21.64936887845019342 ) ) ;
#6001 = ADVANCED_FACE ( 'NONE', ( #4518 ), #1757, .T. ) ;
#6002 = CYLINDRICAL_SURFACE ( 'NONE', #3110, 10.00000000000000000 ) ;
#6003 = ORIENTED_EDGE ( 'NONE', *, *, #2463, .T. ) ;
#6004 = CARTESIAN_POINT ( 'NONE',  ( 24.59815489572888225, 9.834562384639449206, -15.67711804636879869 ) ) ;
#6005 = CARTESIAN_POINT ( 'NONE',  ( 23.01690092346471417, 10.49999999999999467, -12.53977053546903697 ) ) ;
#6006 = EDGE_CURVE ( 'NONE', #3357, #5593, #1139, .T. ) ;
#6007 = CARTESIAN_POINT ( 'NONE',  ( -4.038751454819986542, 11.00000000000000000, 4.038751454819986542 ) ) ;
#6008 = CARTESIAN_POINT ( 'NONE',  ( -30.75535969735240371, 6.041686331607857063, -27.39046728088496607 ) ) ;
#6009 = FACE_OUTER_BOUND ( 'NONE', #6943, .T. ) ;
#6010 = DIRECTION ( 'NONE',  ( 0.000000000000000000, 0.7071067811865474617, 0.7071067811865474617 ) ) ;
#6011 = ORIENTED_EDGE ( 'NONE', *, *, #2456, .T. ) ;
#6012 = ORIENTED_EDGE ( 'NONE', *, *, #5321, .F. ) ;
#6013 = CARTESIAN_POINT ( 'NONE',  ( -13.43502884254437468, 0.000000000000000000, -13.43502884254442797 ) ) ;
#6014 = LINE ( 'NONE', #4515, #6971 ) ;
#6015 = DIRECTION ( 'NONE',  ( -0.000000000000000000, 0.7071067811865475727, 0.7071067811865475727 ) ) ;
#6016 = DIRECTION ( 'NONE',  ( 0.5000000000000006661, -0.7071067811865463515, 0.5000000000000011102 ) ) ;
#6017 = VERTEX_POINT ( 'NONE', #1868 ) ;
#6018 = ORIENTED_EDGE ( 'NONE', *, *, #4564, .T. ) ;
#6019 = EDGE_CURVE ( 'NONE', #1126, #3453, #2979, .T. ) ;
#6020 = DIRECTION ( 'NONE',  ( -0.7071067811865474617, 0.000000000000000000, 0.7071067811865476838 ) ) ;
#6021 = DIRECTION ( 'NONE',  ( 0.000000000000000000, 0.000000000000000000, -1.000000000000000000 ) ) ;
#6022 = CARTESIAN_POINT ( 'NONE',  ( 13.43502884254442797, 2.000000000000000000, -13.43502884254437468 ) ) ;
#6023 = ORIENTED_EDGE ( 'NONE', *, *, #907, .F. ) ;
#6024 = EDGE_LOOP ( 'NONE', ( #2396, #4497 ) ) ;
#6025 = CIRCLE ( 'NONE', #2948, 1.499999999999994449 ) ;
#6026 = CYLINDRICAL_SURFACE ( 'NONE', #4780, 10.00000000000000178 ) ;
#6027 = CARTESIAN_POINT ( 'NONE',  ( -32.32589056660121685, 2.999999999999992450, 35.26527825794190818 ) ) ;
#6028 = AXIS2_PLACEMENT_3D ( 'NONE', #5884, #1376, #3136 ) ;
#6029 = FACE_OUTER_BOUND ( 'NONE', #6874, .T. ) ;
#6030 = VERTEX_POINT ( 'NONE', #2448 ) ;
#6031 = AXIS2_PLACEMENT_3D ( 'NONE', #4145, #5759, #3614 ) ;
#6032 = AXIS2_PLACEMENT_3D ( 'NONE', #327, #2588, #2045 ) ;
#6033 = EDGE_CURVE ( 'NONE', #4485, #1700, #4190, .T. ) ;
#6034 = ADVANCED_FACE ( 'NONE', ( #3094, #4663 ), #6402, .T. ) ;
#6035 = AXIS2_PLACEMENT_3D ( 'NONE', #5012, #2227, #6037 ) ;
#6036 = CARTESIAN_POINT ( 'NONE',  ( 24.45559879876116938, 9.927079897466144942, 15.47731122237373036 ) ) ;
#6037 = DIRECTION ( 'NONE',  ( 0.2588190451025098038, 0.000000000000000000, -0.9659258262890711988 ) ) ;
#6038 = DIRECTION ( 'NONE',  ( 0.000000000000000000, -1.000000000000000000, 0.000000000000000000 ) ) ;
#6039 = CIRCLE ( 'NONE', #6707, 5.711657082460491530 ) ;
#6040 = CARTESIAN_POINT ( 'NONE',  ( 15.02940281885868501, 10.70618508442200323, -23.60132550906163473 ) ) ;
#6041 = VERTEX_POINT ( 'NONE', #300 ) ;
#6042 = ORIENTED_EDGE ( 'NONE', *, *, #558, .T. ) ;
#6043 = AXIS2_PLACEMENT_3D ( 'NONE', #5332, #5870, #6353 ) ;
#6044 = DIRECTION ( 'NONE',  ( -6.133173666733558182E-17, 1.000000000000000000, -6.133173666733433690E-17 ) ) ;
#6045 = CARTESIAN_POINT ( 'NONE',  ( -12.53977053546896947, 10.49999999999999467, -23.01690092346469640 ) ) ;
#6046 = VECTOR ( 'NONE', #5717, 1000.000000000000000 ) ;
#6047 = DIRECTION ( 'NONE',  ( 0.000000000000000000, 0.000000000000000000, -1.000000000000000000 ) ) ;
#6048 = DIRECTION ( 'NONE',  ( 0.000000000000000000, 0.000000000000000000, 1.000000000000000000 ) ) ;
#6049 = LINE ( 'NONE', #6441, #3997 ) ;
#6050 = ORIENTED_EDGE ( 'NONE', *, *, #4853, .F. ) ;
#6051 = ADVANCED_FACE ( 'NONE', ( #833 ), #2482, .T. ) ;
#6052 = ADVANCED_FACE ( 'NONE', ( #3052 ), #1980, .T. ) ;
#6053 = ORIENTED_EDGE ( 'NONE', *, *, #1486, .F. ) ;
#6054 = LINE ( 'NONE', #4961, #2500 ) ;
#6055 = CARTESIAN_POINT ( 'NONE',  ( -31.25000000000000000, 2.999999999999995559, 31.24999999999999289 ) ) ;
#6056 = DIRECTION ( 'NONE',  ( 0.2418447626479678925, -0.9396926207859105373, -0.2418447626479744428 ) ) ;
#6057 = DIRECTION ( 'NONE',  ( 0.000000000000000000, 0.7071067811865451302, -0.7071067811865500152 ) ) ;
#6058 = ORIENTED_EDGE ( 'NONE', *, *, #819, .F. ) ;
#6059 = AXIS2_PLACEMENT_3D ( 'NONE', #1538, #4330, #5372 ) ;
#6060 = ORIENTED_EDGE ( 'NONE', *, *, #1157, .T. ) ;
#6061 = DIRECTION ( 'NONE',  ( -0.000000000000000000, -1.000000000000000000, -0.000000000000000000 ) ) ;
#6062 = AXIS2_PLACEMENT_3D ( 'NONE', #223, #4081, #6258 ) ;
#6063 = CARTESIAN_POINT ( 'NONE',  ( 0.000000000000000000, 3.499999999999999556, 4.500000000000003553 ) ) ;
#6064 = AXIS2_PLACEMENT_3D ( 'NONE', #6361, #1368, #3131 ) ;
#6065 = CARTESIAN_POINT ( 'NONE',  ( -15.92692201449004763, 9.718900474107055487, -24.77635493753266260 ) ) ;
#6066 = EDGE_CURVE ( 'NONE', #3393, #1309, #809, .T. ) ;
#6067 = ORIENTED_EDGE ( 'NONE', *, *, #576, .T. ) ;
#6068 = ORIENTED_EDGE ( 'NONE', *, *, #1443, .F. ) ;
#6069 = CARTESIAN_POINT ( 'NONE',  ( -34.18938769133939104, 2.999999999999993339, 28.31061230866061607 ) ) ;
#6070 = DIRECTION ( 'NONE',  ( -1.734723475976805517E-15, 0.000000000000000000, 1.000000000000000000 ) ) ;
#6071 = DIRECTION ( 'NONE',  ( -2.081668171172168513E-15, 0.000000000000000000, 1.000000000000000000 ) ) ;
#6072 = CARTESIAN_POINT ( 'NONE',  ( -8.891420048912204166, 5.999999999999996447, 66.03389411600851133 ) ) ;
#6073 = CARTESIAN_POINT ( 'NONE',  ( -24.96226854643125748, 9.614100602469148882, -16.12881948532297116 ) ) ;
#6074 = EDGE_CURVE ( 'NONE', #5227, #5752, #3018, .T. ) ;
#6075 = EDGE_CURVE ( 'NONE', #2834, #37, #3628, .T. ) ;
#6076 = EDGE_LOOP ( 'NONE', ( #5741, #4056, #2918, #6595 ) ) ;
#6077 = ORIENTED_EDGE ( 'NONE', *, *, #6862, .T. ) ;
#6078 = CARTESIAN_POINT ( 'NONE',  ( 31.24999999999977973, 47.00822076650859316, -33.35000000000020037 ) ) ;
#6079 = CIRCLE ( 'NONE', #4030, 2.400000000000003020 ) ;
#6080 = CARTESIAN_POINT ( 'NONE',  ( -32.32589056660121685, 2.999999999999992450, 35.26527825794190818 ) ) ;
#6081 = AXIS2_PLACEMENT_3D ( 'NONE', #3791, #4418, #3886 ) ;
#6082 = CC_DESIGN_APPROVAL ( #3834, ( #3535 ) ) ;
#6083 = CYLINDRICAL_SURFACE ( 'NONE', #4203, 2.400000000000001243 ) ;
#6084 = CARTESIAN_POINT ( 'NONE',  ( -14.92893218813452805, 3.000000000000002665, 23.71354187896104904 ) ) ;
#6085 = ADVANCED_FACE ( 'NONE', ( #6902 ), #2014, .F. ) ;
#6086 = ORIENTED_EDGE ( 'NONE', *, *, #3040, .T. ) ;
#6087 = VERTEX_POINT ( 'NONE', #6262 ) ;
#6088 = CARTESIAN_POINT ( 'NONE',  ( 34.18938769134013000, 5.999999999999992895, 28.31061230865985934 ) ) ;
#6089 = ORIENTED_EDGE ( 'NONE', *, *, #660, .T. ) ;
#6090 = DIRECTION ( 'NONE',  ( 0.7071067811865483499, -8.673617379884035472E-17, 0.7071067811865467956 ) ) ;
#6091 = ADVANCED_FACE ( 'NONE', ( #1515 ), #4235, .F. ) ;
#6092 = FACE_OUTER_BOUND ( 'NONE', #6484, .T. ) ;
#6093 = DIRECTION ( 'NONE',  ( -0.000000000000000000, -1.000000000000000000, -0.000000000000000000 ) ) ;
#6094 = EDGE_LOOP ( 'NONE', ( #3487, #1798, #5138, #6468, #6808, #6011 ) ) ;
#6095 = ORIENTED_EDGE ( 'NONE', *, *, #6522, .T. ) ;
#6096 = LINE ( 'NONE', #4867, #5350 ) ;
#6097 = DIRECTION ( 'NONE',  ( -0.5000000000000018874, -0.7071067811865451302, -0.5000000000000016653 ) ) ;
#6098 = CARTESIAN_POINT ( 'NONE',  ( 23.00899376716095190, 10.49999999999999467, -6.825408839238018111 ) ) ;
#6099 = EDGE_LOOP ( 'NONE', ( #1308, #886, #1792, #992, #5713 ) ) ;
#6100 = DIRECTION ( 'NONE',  ( -0.000000000000000000, 1.000000000000000000, -0.000000000000000000 ) ) ;
#6101 = ADVANCED_FACE ( 'NONE', ( #1369 ), #1943, .F. ) ;
#6102 = CARTESIAN_POINT ( 'NONE',  ( 23.59768457196579661, 10.37474006959032380, 14.03210653981943423 ) ) ;
#6103 = PLANE ( 'NONE',  #6035 ) ;
#6104 = CARTESIAN_POINT ( 'NONE',  ( 31.25000000000010303, 0.000000000000000000, 36.96165708246038406 ) ) ;
#6105 = CARTESIAN_POINT ( 'NONE',  ( 15.40808002119257480, 10.59186222469005578, -23.83432321474788296 ) ) ;
#6106 = VERTEX_POINT ( 'NONE', #1476 ) ;
#6107 = ORIENTED_EDGE ( 'NONE', *, *, #5957, .F. ) ;
#6108 = CARTESIAN_POINT ( 'NONE',  ( -32.59607450347800750, 0.000000000000000000, -9.669329188920540830 ) ) ;
#6109 = ADVANCED_FACE ( 'NONE', ( #6300 ), #4823, .T. ) ;
#6110 = DIRECTION ( 'NONE',  ( 0.000000000000000000, 0.000000000000000000, -1.000000000000000000 ) ) ;
#6111 = CARTESIAN_POINT ( 'NONE',  ( 12.00000000000000355, 2.999999999999999112, 20.78460969082652454 ) ) ;
#6112 = CARTESIAN_POINT ( 'NONE',  ( -14.00000000000000000, 11.00000000000000000, 19.95618256608033292 ) ) ;
#6113 = CARTESIAN_POINT ( 'NONE',  ( 26.85769515458673951, 0.5000000000000004441, -35.64230484541324984 ) ) ;
#6114 = ORIENTED_EDGE ( 'NONE', *, *, #5301, .T. ) ;
#6115 = ORIENTED_EDGE ( 'NONE', *, *, #5559, .T. ) ;
#6116 = CARTESIAN_POINT ( 'NONE',  ( -23.36085798989923745, 6.603073792140893516, -31.43836089953904533 ) ) ;
#6117 = ORIENTED_EDGE ( 'NONE', *, *, #3029, .F. ) ;
#6118 = DIRECTION ( 'NONE',  ( 3.644595852164532616E-15, 0.000000000000000000, 1.000000000000000000 ) ) ;
#6119 = AXIS2_PLACEMENT_3D ( 'NONE', #129, #6161, #6204 ) ;
#6120 = EDGE_CURVE ( 'NONE', #6168, #204, #5775, .T. ) ;
#6121 = DIRECTION ( 'NONE',  ( 0.000000000000000000, 1.000000000000000000, 0.000000000000000000 ) ) ;
#6122 = CARTESIAN_POINT ( 'NONE',  ( -16.14661910936547429, 9.605211444823568812, -24.97736223270504752 ) ) ;
#6123 = CARTESIAN_POINT ( 'NONE',  ( -1.839952100020010755E-16, 2.999999999999993339, 1.839952100020086683E-16 ) ) ;
#6124 = MANIFOLD_SOLID_BREP ( '\X2\501289d2\X0\1', #894 ) ;
#6125 = ORIENTED_EDGE ( 'NONE', *, *, #5150, .T. ) ;
#6126 = EDGE_CURVE ( 'NONE', #1067, #6412, #3668, .T. ) ;
#6127 = ORIENTED_EDGE ( 'NONE', *, *, #3950, .T. ) ;
#6128 = DIRECTION ( 'NONE',  ( 0.5000000000000009992, 0.7071067811865460184, -0.5000000000000009992 ) ) ;
#6129 = EDGE_CURVE ( 'NONE', #3501, #6951, #5046, .T. ) ;
#6130 = CARTESIAN_POINT ( 'NONE',  ( -27.21124854518001968, 5.999999999999996447, 35.28875145481996611 ) ) ;
#6131 = PLANE ( 'NONE',  #5488 ) ;
#6132 = CARTESIAN_POINT ( 'NONE',  ( -15.88863270537044237, 10.39692620785910648, -24.16949739484937254 ) ) ;
#6133 = VERTEX_POINT ( 'NONE', #5880 ) ;
#6134 = VECTOR ( 'NONE', #6703, 1000.000000000000000 ) ;
#6135 = CYLINDRICAL_SURFACE ( 'NONE', #6492, 1.400000000000000133 ) ;
#6136 = AXIS2_PLACEMENT_3D ( 'NONE', #4560, #4524, #3387 ) ;
#6137 = CARTESIAN_POINT ( 'NONE',  ( -14.23016958331670878, 10.88214943742720919, -23.16558846100321034 ) ) ;
#6138 = FACE_OUTER_BOUND ( 'NONE', #1803, .T. ) ;
#6139 = DIRECTION ( 'NONE',  ( 0.000000000000000000, -0.7071067811865474617, -0.7071067811865474617 ) ) ;
#6140 = CARTESIAN_POINT ( 'NONE',  ( 13.89834002202944596, 10.92894955146049796, -23.00881502783348154 ) ) ;
#6141 = VERTEX_POINT ( 'NONE', #404 ) ;
#6142 = ORIENTED_EDGE ( 'NONE', *, *, #5638, .T. ) ;
#6143 = VECTOR ( 'NONE', #1589, 1000.000000000000114 ) ;
#6144 = ADVANCED_FACE ( 'NONE', ( #2054 ), #3163, .F. ) ;
#6145 = FACE_OUTER_BOUND ( 'NONE', #4434, .T. ) ;
#6146 = LINE ( 'NONE', #5734, #3412 ) ;
#6147 = FACE_OUTER_BOUND ( 'NONE', #2604, .T. ) ;
#6148 = LINE ( 'NONE', #4957, #2040 ) ;
#6149 = VECTOR ( 'NONE', #1887, 1000.000000000000000 ) ;
#6150 = DIRECTION ( 'NONE',  ( 0.000000000000000000, 1.000000000000000000, 0.000000000000000000 ) ) ;
#6151 = AXIS2_PLACEMENT_3D ( 'NONE', #3588, #5799, #4115 ) ;
#6152 = DIRECTION ( 'NONE',  ( 0.7071067811865404673, 0.000000000000000000, -0.7071067811865546782 ) ) ;
#6153 = ORIENTED_EDGE ( 'NONE', *, *, #4455, .F. ) ;
#6154 = ORIENTED_EDGE ( 'NONE', *, *, #1294, .F. ) ;
#6155 = EDGE_CURVE ( 'NONE', #5091, #1050, #4810, .T. ) ;
#6156 = CARTESIAN_POINT ( 'NONE',  ( 24.88254118845800278, 9.977553084366128644, 16.80507149880413209 ) ) ;
#6157 = AXIS2_PLACEMENT_3D ( 'NONE', #5757, #849, #4614 ) ;
#6158 = AXIS2_PLACEMENT_3D ( 'NONE', #701, #1341, #5183 ) ;
#6159 = FACE_OUTER_BOUND ( 'NONE', #4558, .T. ) ;
#6160 = ORIENTED_EDGE ( 'NONE', *, *, #5122, .F. ) ;
#6161 = DIRECTION ( 'NONE',  ( 0.7071067811865476838, 0.000000000000000000, 0.7071067811865474617 ) ) ;
#6162 = CARTESIAN_POINT ( 'NONE',  ( 0.000000000000000000, 3.499999999999999556, 0.000000000000000000 ) ) ;
#6163 = VECTOR ( 'NONE', #1531, 999.9999999999998863 ) ;
#6164 = VECTOR ( 'NONE', #3212, 1000.000000000000000 ) ;
#6165 = EDGE_CURVE ( 'NONE', #5970, #4863, #4270, .T. ) ;
#6166 = ADVANCED_FACE ( 'NONE', ( #1140 ), #6290, .F. ) ;
#6167 = ORIENTED_EDGE ( 'NONE', *, *, #5745, .T. ) ;
#6168 = VERTEX_POINT ( 'NONE', #2127 ) ;
#6169 = ORIENTED_EDGE ( 'NONE', *, *, #5550, .F. ) ;
#6170 = CIRCLE ( 'NONE', #4945, 2.099999999999997868 ) ;
#6171 = PLANE ( 'NONE',  #6949 ) ;
#6172 = CARTESIAN_POINT ( 'NONE',  ( -24.15580736210165114, 10.11226911345459101, -15.03906406754748026 ) ) ;
#6173 = CARTESIAN_POINT ( 'NONE',  ( -5.507384900523395466, 2.499999999999998668, 20.78460969082652099 ) ) ;
#6174 = AXIS2_PLACEMENT_3D ( 'NONE', #6538, #1656, #2732 ) ;
#6175 = DIRECTION ( 'NONE',  ( 0.000000000000000000, 0.000000000000000000, -1.000000000000000000 ) ) ;
#6176 = EDGE_CURVE ( 'NONE', #3399, #526, #6857, .T. ) ;
#6177 = EDGE_LOOP ( 'NONE', ( #2924, #994, #3819, #5401 ) ) ;
#6178 = CARTESIAN_POINT ( 'NONE',  ( 4.000000000000000000, 2.000000000000000000, 18.78460969082652099 ) ) ;
#6179 = AXIS2_PLACEMENT_3D ( 'NONE', #2120, #1574, #3264 ) ;
#6180 = CARTESIAN_POINT ( 'NONE',  ( -14.50871724273040186, 10.27054136434617959, -23.84478856619421094 ) ) ;
#6181 = LINE ( 'NONE', #1286, #227 ) ;
#6182 = DIRECTION ( 'NONE',  ( 0.2588190451025172978, 0.000000000000000000, -0.9659258262890692004 ) ) ;
#6183 = CARTESIAN_POINT ( 'NONE',  ( -24.95793868431367102, 9.616654097087725006, -16.12370011529222680 ) ) ;
#6184 = ORIENTED_EDGE ( 'NONE', *, *, #6266, .F. ) ;
#6185 = VERTEX_POINT ( 'NONE', #4303 ) ;
#6186 = CIRCLE ( 'NONE', #6727, 2.099999999999997868 ) ;
#6187 = EDGE_CURVE ( 'NONE', #6168, #3600, #4340, .T. ) ;
#6188 = DIRECTION ( 'NONE',  ( 0.000000000000000000, -1.000000000000000000, 0.000000000000000000 ) ) ;
#6189 = CARTESIAN_POINT ( 'NONE',  ( -34.21036191661213621, 5.499999999999987566, 25.42575222578561167 ) ) ;
#6190 = DIRECTION ( 'NONE',  ( -0.7071067811865472397, 0.000000000000000000, -0.7071067811865479058 ) ) ;
#6191 = DIRECTION ( 'NONE',  ( -0.7071067811865544561, 0.000000000000000000, -0.7071067811865406894 ) ) ;
#6192 = EDGE_CURVE ( 'NONE', #1861, #1736, #3839, .T. ) ;
#6193 = DIRECTION ( 'NONE',  ( 1.214865284054845060E-15, 0.000000000000000000, -1.000000000000000000 ) ) ;
#6194 = AXIS2_PLACEMENT_3D ( 'NONE', #3523, #3489, #1374 ) ;
#6195 = CONICAL_SURFACE ( 'NONE', #5862, 1.499999999999994449, 0.7853981633974517207 ) ;
#6196 = CARTESIAN_POINT ( 'NONE',  ( 23.83432321474792204, 10.59186222469005756, 15.40808002119264231 ) ) ;
#6197 = ORIENTED_EDGE ( 'NONE', *, *, #6227, .T. ) ;
#6198 = ORIENTED_EDGE ( 'NONE', *, *, #5629, .T. ) ;
#6199 = APPROVAL_DATE_TIME ( #1833, #3834 ) ;
#6200 = VECTOR ( 'NONE', #1578, 1000.000000000000000 ) ;
#6201 = EDGE_LOOP ( 'NONE', ( #1915, #4717, #1151, #6832 ) ) ;
#6202 = DIRECTION ( 'NONE',  ( -0.7071067811865474617, 0.000000000000000000, 0.7071067811865474617 ) ) ;
#6203 = CARTESIAN_POINT ( 'NONE',  ( -24.16949739484937254, 10.39692620785911004, 15.88863270537044947 ) ) ;
#6204 = DIRECTION ( 'NONE',  ( -0.7071067811865473507, -9.912705577010350201E-16, 0.7071067811865476838 ) ) ;
#6205 = LINE ( 'NONE', #6274, #348 ) ;
#6206 = ORIENTED_EDGE ( 'NONE', *, *, #2026, .T. ) ;
#6207 = ORIENTED_EDGE ( 'NONE', *, *, #2986, .F. ) ;
#6208 = DIRECTION ( 'NONE',  ( 0.000000000000000000, 0.000000000000000000, -1.000000000000000000 ) ) ;
#6209 = CARTESIAN_POINT ( 'NONE',  ( -34.18938769133939104, 2.999999999999993339, 28.31061230866061607 ) ) ;
#6210 = CARTESIAN_POINT ( 'NONE',  ( -35.28875145481997322, 0.000000000000000000, -27.21124854518001968 ) ) ;
#6211 = EDGE_LOOP ( 'NONE', ( #2943, #5489, #1622, #1381 ) ) ;
#6212 = DIRECTION ( 'NONE',  ( -0.000000000000000000, 1.000000000000000000, -0.000000000000000000 ) ) ;
#6213 = EDGE_LOOP ( 'NONE', ( #4824, #550 ) ) ;
#6214 = DIRECTION ( 'NONE',  ( 0.000000000000000000, 0.000000000000000000, -1.000000000000000000 ) ) ;
#6215 = CARTESIAN_POINT ( 'NONE',  ( -13.83682726400669161, 10.40808530589559311, -23.50482151022670863 ) ) ;
#6216 = EDGE_CURVE ( 'NONE', #944, #698, #11, .T. ) ;
#6217 = EDGE_CURVE ( 'NONE', #1736, #6969, #1584, .T. ) ;
#6218 = CARTESIAN_POINT ( 'NONE',  ( -27.21124854518001612, 0.000000000000000000, 35.28875145481997322 ) ) ;
#6219 = CARTESIAN_POINT ( 'NONE',  ( 12.68329260279617010, 11.00000000000000000, -22.53794224446394168 ) ) ;
#6220 = ORIENTED_EDGE ( 'NONE', *, *, #4211, .F. ) ;
#6221 = ORIENTED_EDGE ( 'NONE', *, *, #6965, .F. ) ;
#6222 = ADVANCED_FACE ( 'NONE', ( #5340 ), #436, .F. ) ;
#6223 = CARTESIAN_POINT ( 'NONE',  ( 13.21831257821694194, 10.49999999999999289, 22.00292226904346649 ) ) ;
#6224 = DIRECTION ( 'NONE',  ( 0.000000000000000000, 0.000000000000000000, 1.000000000000000000 ) ) ;
#6225 = CARTESIAN_POINT ( 'NONE',  ( -4.392304845413264935, 5.499999999999991118, 4.392304845413261383 ) ) ;
#6226 = DIRECTION ( 'NONE',  ( -0.7071067811865446862, 0.7071067811865504593, 2.205816123483881891E-16 ) ) ;
#6227 = EDGE_CURVE ( 'NONE', #785, #2792, #7031, .T. ) ;
#6228 = CARTESIAN_POINT ( 'NONE',  ( 23.56787413602710046, 10.38624788636948360, 13.97169643460865807 ) ) ;
#6229 = ORIENTED_EDGE ( 'NONE', *, *, #5794, .F. ) ;
#6230 = VERTEX_POINT ( 'NONE', #512 ) ;
#6231 = EDGE_CURVE ( 'NONE', #5961, #3737, #2964, .T. ) ;
#6232 = ORIENTED_EDGE ( 'NONE', *, *, #2053, .T. ) ;
#6233 = CARTESIAN_POINT ( 'NONE',  ( 24.50649095226758689, 10.18862340030365843, 16.36100383712567918 ) ) ;
#6234 = CARTESIAN_POINT ( 'NONE',  ( 22.53794224446404471, 11.00000000000000000, -12.68329260279647031 ) ) ;
#6235 = VECTOR ( 'NONE', #415, 999.9999999999998863 ) ;
#6236 = CARTESIAN_POINT ( 'NONE',  ( -16.13988293950911768, 9.608577256494653440, -24.97164385561393729 ) ) ;
#6237 = CARTESIAN_POINT ( 'NONE',  ( -27.23472174205808827, 2.999999999999993339, 30.17410943339873342 ) ) ;
#6238 = VERTEX_POINT ( 'NONE', #2694 ) ;
#6239 = ORIENTED_EDGE ( 'NONE', *, *, #4048, .F. ) ;
#6240 = CARTESIAN_POINT ( 'NONE',  ( -31.25000000000031264, 0.5000000000000004441, -31.24999999999967315 ) ) ;
#6241 = CARTESIAN_POINT ( 'NONE',  ( -23.34385189000642313, 10.45470154062120471, -13.46422704564849404 ) ) ;
#6242 = LINE ( 'NONE', #3033, #460 ) ;
#6243 = ORIENTED_EDGE ( 'NONE', *, *, #276, .F. ) ;
#6244 = CARTESIAN_POINT ( 'NONE',  ( 25.40408431028854608, 9.359003117685626094, -16.61947461946201798 ) ) ;
#6245 = ORIENTED_EDGE ( 'NONE', *, *, #5941, .F. ) ;
#6246 = ADVANCED_FACE ( 'NONE', ( #2161 ), #2229, .F. ) ;
#6247 = FACE_OUTER_BOUND ( 'NONE', #5555, .T. ) ;
#6248 = CARTESIAN_POINT ( 'NONE',  ( -15.03491134025265197, 10.10877208741924349, -24.15717145430946289 ) ) ;
#6249 = LINE ( 'NONE', #999, #2060 ) ;
#6250 = VECTOR ( 'NONE', #998, 1000.000000000000114 ) ;
#6251 = CARTESIAN_POINT ( 'NONE',  ( 31.25000000000010303, 0.000000000000000000, 36.96165708246038406 ) ) ;
#6252 = ORIENTED_EDGE ( 'NONE', *, *, #2894, .F. ) ;
#6253 = ORIENTED_EDGE ( 'NONE', *, *, #5347, .F. ) ;
#6254 = ADVANCED_FACE ( 'NONE', ( #1652 ), #1444, .T. ) ;
#6255 = EDGE_CURVE ( 'NONE', #3214, #858, #2640, .T. ) ;
#6256 = AXIS2_PLACEMENT_3D ( 'NONE', #3491, #2378, #6118 ) ;
#6257 = DIRECTION ( 'NONE',  ( 0.7071067811865477948, 0.000000000000000000, -0.7071067811865473507 ) ) ;
#6258 = DIRECTION ( 'NONE',  ( 0.000000000000000000, -0.2492435693639545036, -0.9684408309910913504 ) ) ;
#6259 = DIRECTION ( 'NONE',  ( 3.119495077932164041E-16, -0.000000000000000000, 1.000000000000000000 ) ) ;
#6260 = CARTESIAN_POINT ( 'NONE',  ( 0.000000000000000000, 10.49999999999999467, -23.99999999999999645 ) ) ;
#6261 = VECTOR ( 'NONE', #1082, 1000.000000000000114 ) ;
#6262 = CARTESIAN_POINT ( 'NONE',  ( 32.32589056660096816, 2.999999999999992450, -35.26527825794213555 ) ) ;
#6263 = ORIENTED_EDGE ( 'NONE', *, *, #2238, .T. ) ;
#6264 = ORIENTED_EDGE ( 'NONE', *, *, #297, .F. ) ;
#6265 = FACE_OUTER_BOUND ( 'NONE', #4304, .T. ) ;
#6266 = EDGE_CURVE ( 'NONE', #6017, #391, #4503, .T. ) ;
#6267 = DIRECTION ( 'NONE',  ( 0.000000000000000000, 1.000000000000000000, 0.000000000000000000 ) ) ;
#6268 = B_SPLINE_CURVE_WITH_KNOTS ( 'NONE', 3,
 ( #1875, #6798, #1840, #4098, #735, #4059, #2947, #3493, #6122, #6236, #5667, #5074, #2312, #1339, #5748 ),
 .UNSPECIFIED., .F., .F.,
 ( 4, 2, 2, 1, 1, 1, 2, 2, 4 ),
 ( 0.000000000000000000, 0.2499999999999252265, 0.3749999999998873679, 0.4374999999998708811, 0.4687499999998567257, 0.4843749999998496758, 0.4921874999998487321, 0.4999999999998477884, 1.000000000000000000 ),
 .UNSPECIFIED. ) ;
#6269 = AXIS2_PLACEMENT_3D ( 'NONE', #105, #5086, #632 ) ;
#6270 = CARTESIAN_POINT ( 'NONE',  ( -23.68387455850625045, 10.34159057684307470, 14.20711152027661583 ) ) ;
#6271 = AXIS2_PLACEMENT_3D ( 'NONE', #4799, #2150, #4761 ) ;
#6272 = DIRECTION ( 'NONE',  ( -0.000000000000000000, -1.000000000000000000, -0.000000000000000000 ) ) ;
#6273 = EDGE_CURVE ( 'NONE', #4632, #1141, #2469, .T. ) ;
#6274 = CARTESIAN_POINT ( 'NONE',  ( 7.857864376269049878, 3.499999999999999556, 20.28460969082652454 ) ) ;
#6275 = VECTOR ( 'NONE', #5465, 999.9999999999998863 ) ;
#6276 = EDGE_LOOP ( 'NONE', ( #2114, #4427, #5699, #5045, #955, #5365 ) ) ;
#6277 = ORIENTED_EDGE ( 'NONE', *, *, #2988, .F. ) ;
#6278 = CARTESIAN_POINT ( 'NONE',  ( -30.17410943339864104, 6.124798468254541106, -27.23472174205819130 ) ) ;
#6279 = FACE_OUTER_BOUND ( 'NONE', #917, .T. ) ;
#6280 = FACE_OUTER_BOUND ( 'NONE', #6213, .T. ) ;
#6281 = EDGE_CURVE ( 'NONE', #2834, #5617, #4458, .T. ) ;
#6282 = ORIENTED_EDGE ( 'NONE', *, *, #2582, .F. ) ;
#6283 = DIRECTION ( 'NONE',  ( -0.7071067811865472397, 0.000000000000000000, -0.7071067811865479058 ) ) ;
#6284 = EDGE_LOOP ( 'NONE', ( #1185, #2971, #6847, #1575 ) ) ;
#6285 = PLANE ( 'NONE',  #3428 ) ;
#6286 = CARTESIAN_POINT ( 'NONE',  ( -15.21511782243879196, 10.65016609817399384, -23.71555547890654125 ) ) ;
#6287 = DIRECTION ( 'NONE',  ( -0.7071067811865621167, 0.000000000000000000, -0.7071067811865329178 ) ) ;
#6288 = ADVANCED_FACE ( 'NONE', ( #6746 ), #1858, .F. ) ;
#6289 = B_SPLINE_SURFACE_WITH_KNOTS ( 'NONE', 1, 3, ( 
 ( #4031, #136, #1772, #2353, #1311, #3951, #4065, #3579, #6241, #4533, #1275, #6684, #1807, #5716, #3990, #813, #5756, #6172, #5640, #5983 ),
 ( #6473, #2637, #312, #4882, #3844, #6977, #4855, #5450, #3032, #7038, #3069, #7010, #1054, #2497, #1591, #4140, #5421, #5917, #518, #5221 ) ),
 .UNSPECIFIED., .F., .F., .F.,
 ( 2, 2 ),
 ( 4, 2, 2, 2, 2, 2, 2, 2, 2, 4 ),
 ( 0.000000000000000000, 1.000000000000000000 ),
 ( 0.000000000000000000, 0.0004361698583924788195, 0.0006542547875887182564, 0.0008723397167849576391, 0.001090424645981197130, 0.001308509575177436513, 0.001744679433569915278, 0.002180849291962394260, 0.002617019150354873026, 0.003489358867139830556 ),
 .UNSPECIFIED. ) ;
#6290 = CONICAL_SURFACE ( 'NONE', #244, 10.49999999999999822, 0.7853981633974482790 ) ;
#6291 = CARTESIAN_POINT ( 'NONE',  ( -25.52500669161253555, 9.296760541840601633, 16.74039700078601101 ) ) ;
#6292 = ORIENTED_EDGE ( 'NONE', *, *, #5336, .T. ) ;
#6293 = ORIENTED_EDGE ( 'NONE', *, *, #4866, .F. ) ;
#6294 = VECTOR ( 'NONE', #426, 1000.000000000000114 ) ;
#6295 = CARTESIAN_POINT ( 'NONE',  ( 28.31061230866049883, 2.999999999999993339, 34.18938769133949052 ) ) ;
#6296 = CARTESIAN_POINT ( 'NONE',  ( 0.000000000000000000, 3.499999999999999556, 0.000000000000000000 ) ) ;
#6297 = CARTESIAN_POINT ( 'NONE',  ( 31.25000000000010303, 0.000000000000000000, 31.24999999999988631 ) ) ;
#6298 = EDGE_CURVE ( 'NONE', #1375, #1954, #1970, .T. ) ;
#6299 = EDGE_CURVE ( 'NONE', #4146, #3364, #5605, .T. ) ;
#6300 = FACE_OUTER_BOUND ( 'NONE', #4086, .T. ) ;
#6301 = ORIENTED_EDGE ( 'NONE', *, *, #3512, .F. ) ;
#6302 = ORIENTED_EDGE ( 'NONE', *, *, #2361, .F. ) ;
#6303 = ORIENTED_EDGE ( 'NONE', *, *, #1612, .T. ) ;
#6304 = CARTESIAN_POINT ( 'NONE',  ( -27.23472174205808827, 6.124798468254541106, 30.17410943339873342 ) ) ;
#6305 = CARTESIAN_POINT ( 'NONE',  ( 23.30294937993510729, 10.83318750231912908, -14.49886287724570622 ) ) ;
#6306 = AXIS2_PLACEMENT_3D ( 'NONE', #5476, #2693, #2203 ) ;
#6307 = EDGE_CURVE ( 'NONE', #3856, #6762, #5163, .T. ) ;
#6308 = EDGE_CURVE ( 'NONE', #4640, #2357, #4181, .T. ) ;
#6309 = DIRECTION ( 'NONE',  ( 0.4999999999999998335, -0.7071067811865479058, -0.4999999999999998335 ) ) ;
#6310 = LINE ( 'NONE', #1450, #6498 ) ;
#6311 = AXIS2_PLACEMENT_3D ( 'NONE', #7000, #2124, #2091 ) ;
#6312 = AXIS2_PLACEMENT_3D ( 'NONE', #6916, #1529, #213 ) ;
#6313 = VERTEX_POINT ( 'NONE', #5267 ) ;
#6314 = ORIENTED_EDGE ( 'NONE', *, *, #6299, .T. ) ;
#6315 = EDGE_CURVE ( 'NONE', #6133, #5382, #2970, .T. ) ;
#6316 = PLANE ( 'NONE',  #2199 ) ;
#6317 = FACE_OUTER_BOUND ( 'NONE', #1502, .T. ) ;
#6318 = DIRECTION ( 'NONE',  ( -0.000000000000000000, -1.000000000000000000, -0.000000000000000000 ) ) ;
#6319 = CARTESIAN_POINT ( 'NONE',  ( 24.45559879876116227, 9.927079897466141389, 15.47731122237372503 ) ) ;
#6320 = VERTEX_POINT ( 'NONE', #1396 ) ;
#6321 = LINE ( 'NONE', #2433, #669 ) ;
#6322 = VERTEX_POINT ( 'NONE', #1433 ) ;
#6323 = FACE_OUTER_BOUND ( 'NONE', #4213, .T. ) ;
#6324 = CARTESIAN_POINT ( 'NONE',  ( -25.42575222578559391, 5.999999999999996447, -34.21036191661210779 ) ) ;
#6325 = CYLINDRICAL_SURFACE ( 'NONE', #676, 1.400000000000000133 ) ;
#6326 = DIRECTION ( 'NONE',  ( 0.000000000000000000, 0.000000000000000000, 1.000000000000000000 ) ) ;
#6327 = ORIENTED_EDGE ( 'NONE', *, *, #5327, .F. ) ;
#6328 = CARTESIAN_POINT ( 'NONE',  ( 31.24999999999977973, 0.5000000000000004441, -37.46165708246069670 ) ) ;
#6329 = LINE ( 'NONE', #3769, #4611 ) ;
#6330 = CARTESIAN_POINT ( 'NONE',  ( 24.45559879876126175, 9.927079897466150271, -15.47731122237382273 ) ) ;
#6331 = DIRECTION ( 'NONE',  ( 0.7071067811865507924, 0.000000000000000000, 0.7071067811865441310 ) ) ;
#6332 = CARTESIAN_POINT ( 'NONE',  ( 0.000000000000000000, 11.00000000000000000, 0.000000000000000000 ) ) ;
#6333 = ORIENTED_EDGE ( 'NONE', *, *, #3607, .T. ) ;
#6334 = VERTEX_POINT ( 'NONE', #2511 ) ;
#6335 = EDGE_LOOP ( 'NONE', ( #2891, #3013, #3785, #1015 ) ) ;
#6336 = DIRECTION ( 'NONE',  ( 0.000000000000000000, 0.000000000000000000, 1.000000000000000000 ) ) ;
#6337 = EDGE_CURVE ( 'NONE', #4664, #204, #5043, .T. ) ;
#6338 = CARTESIAN_POINT ( 'NONE',  ( -23.52201589567359719, 10.74190927710603027, 14.89321382541075245 ) ) ;
#6339 = PLANE ( 'NONE',  #1918 ) ;
#6340 = DIRECTION ( 'NONE',  ( -0.5000000000000017764, 0.7071067811865450192, 0.5000000000000017764 ) ) ;
#6341 = VERTEX_POINT ( 'NONE', #2439 ) ;
#6342 = EDGE_CURVE ( 'NONE', #3869, #6960, #6728, .T. ) ;
#6343 = EDGE_CURVE ( 'NONE', #188, #2526, #784, .T. ) ;
#6344 = ORIENTED_EDGE ( 'NONE', *, *, #402, .F. ) ;
#6345 = DIRECTION ( 'NONE',  ( 0.9659258262890683122, 0.000000000000000000, 0.2588190451025207395 ) ) ;
#6346 = DIRECTION ( 'NONE',  ( 0.7071067811865544561, -0.000000000000000000, 0.7071067811865405783 ) ) ;
#6347 = CARTESIAN_POINT ( 'NONE',  ( 14.59403358002700912, 10.26770289654001189, -23.87497759220343951 ) ) ;
#6348 = ORIENTED_EDGE ( 'NONE', *, *, #453, .F. ) ;
#6349 = CARTESIAN_POINT ( 'NONE',  ( 35.64230484541336352, 0.5000000000000003331, 26.85769515458662937 ) ) ;
#6350 = ORIENTED_EDGE ( 'NONE', *, *, #6187, .T. ) ;
#6351 = CARTESIAN_POINT ( 'NONE',  ( 35.64230484541324984, 0.4999999999999977240, -26.85769515458672529 ) ) ;
#6352 = DIRECTION ( 'NONE',  ( -0.2588190451025165761, 0.000000000000000000, 0.9659258262890694224 ) ) ;
#6353 = DIRECTION ( 'NONE',  ( 0.000000000000000000, 0.000000000000000000, -1.000000000000000000 ) ) ;
#6354 = DIRECTION ( 'NONE',  ( 0.000000000000000000, -1.000000000000000000, 0.000000000000000000 ) ) ;
#6355 = EDGE_LOOP ( 'NONE', ( #5986, #2847, #4894, #5600 ) ) ;
#6356 = AXIS2_PLACEMENT_3D ( 'NONE', #4174, #5925, #493 ) ;
#6357 = LINE ( 'NONE', #6962, #5924 ) ;
#6358 = ADVANCED_FACE ( 'NONE', ( #4153 ), #4622, .T. ) ;
#6359 = CARTESIAN_POINT ( 'NONE',  ( -23.30909755228926272, 10.83085276597102364, -14.51050114928701440 ) ) ;
#6360 = CARTESIAN_POINT ( 'NONE',  ( 23.63708235450536321, 10.68860973647930734, -15.08744572881777835 ) ) ;
#6361 = CARTESIAN_POINT ( 'NONE',  ( 6.000000000000000000, 0.5000000000000004441, 18.78460969082652099 ) ) ;
#6362 = CARTESIAN_POINT ( 'NONE',  ( 4.000000000000000000, 2.000000000000000000, 0.000000000000000000 ) ) ;
#6363 = ORIENTED_EDGE ( 'NONE', *, *, #3693, .F. ) ;
#6364 = ORIENTED_EDGE ( 'NONE', *, *, #5133, .F. ) ;
#6365 = AXIS2_PLACEMENT_3D ( 'NONE', #3891, #4365, #1667 ) ;
#6366 = VECTOR ( 'NONE', #3623, 1000.000000000000000 ) ;
#6367 = DIRECTION ( 'NONE',  ( -0.7071067811865571207, 0.000000000000000000, -0.7071067811865379138 ) ) ;
#6368 = DIRECTION ( 'NONE',  ( 0.000000000000000000, -1.000000000000000000, 0.000000000000000000 ) ) ;
#6369 = VECTOR ( 'NONE', #5211, 1000.000000000000000 ) ;
#6370 = FACE_OUTER_BOUND ( 'NONE', #1024, .T. ) ;
#6371 = VECTOR ( 'NONE', #689, 999.9999999999998863 ) ;
#6372 = ADVANCED_FACE ( 'NONE', ( #4075 ), #357, .T. ) ;
#6373 = CARTESIAN_POINT ( 'NONE',  ( 4.000000000000000000, 2.000000000000000000, 0.000000000000000000 ) ) ;
#6374 = ORIENTED_EDGE ( 'NONE', *, *, #989, .T. ) ;
#6375 = EDGE_LOOP ( 'NONE', ( #6089, #3030, #1195, #1150 ) ) ;
#6376 = CIRCLE ( 'NONE', #3195, 2.100000000000000977 ) ;
#6377 = ORIENTED_EDGE ( 'NONE', *, *, #2853, .F. ) ;
#6378 = CONICAL_SURFACE ( 'NONE', #4794, 10.50000000000000178, 0.7853981633974482790 ) ;
#6379 = CARTESIAN_POINT ( 'NONE',  ( 16.74039700078601456, 9.296760541840543013, -25.52500669161251778 ) ) ;
#6380 = FACE_OUTER_BOUND ( 'NONE', #2387, .T. ) ;
#6381 = VECTOR ( 'NONE', #5973, 1000.000000000000114 ) ;
#6382 = EDGE_CURVE ( 'NONE', #5125, #4812, #2474, .T. ) ;
#6383 = DIRECTION ( 'NONE',  ( 0.000000000000000000, 1.000000000000000000, 0.000000000000000000 ) ) ;
#6384 = EDGE_CURVE ( 'NONE', #6030, #1126, #3621, .T. ) ;
#6385 = VECTOR ( 'NONE', #6287, 1000.000000000000114 ) ;
#6386 = ORIENTED_EDGE ( 'NONE', *, *, #2574, .T. ) ;
#6387 = CARTESIAN_POINT ( 'NONE',  ( -32.32589056660121685, 5.999999999999992006, 35.26527825794190818 ) ) ;
#6388 = ORIENTED_EDGE ( 'NONE', *, *, #5040, .F. ) ;
#6389 = VERTEX_POINT ( 'NONE', #856 ) ;
#6390 = DIRECTION ( 'NONE',  ( -0.4999999999999937828, -0.7071067811865561215, -0.4999999999999941158 ) ) ;
#6391 = VECTOR ( 'NONE', #2462, 1000.000000000000000 ) ;
#6392 = DIRECTION ( 'NONE',  ( -0.9659258262890655367, 0.000000000000000000, 0.2588190451025308980 ) ) ;
#6393 = CARTESIAN_POINT ( 'NONE',  ( 13.43502884254437468, 11.00099999999999945, 12.03502884254442584 ) ) ;
#6394 = CARTESIAN_POINT ( 'NONE',  ( -25.01968344858538273, 9.580385195162069323, 16.19615468920289558 ) ) ;
#6395 = EDGE_LOOP ( 'NONE', ( #2415, #2564, #6791, #5835 ) ) ;
#6396 = VECTOR ( 'NONE', #4958, 1000.000000000000000 ) ;
#6397 = DIRECTION ( 'NONE',  ( 0.000000000000000000, 0.000000000000000000, 1.000000000000000000 ) ) ;
#6398 = EDGE_CURVE ( 'NONE', #3590, #2899, #4003, .T. ) ;
#6399 = DIRECTION ( 'NONE',  ( -0.000000000000000000, -1.000000000000000000, -0.000000000000000000 ) ) ;
#6400 = CYLINDRICAL_SURFACE ( 'NONE', #671, 9.999999999999996447 ) ;
#6401 = CARTESIAN_POINT ( 'NONE',  ( 0.000000000000000000, 2.500000000000017764, 0.000000000000000000 ) ) ;
#6402 = PLANE ( 'NONE',  #4122 ) ;
#6403 = ORIENTED_EDGE ( 'NONE', *, *, #1936, .T. ) ;
#6404 = ORIENTED_EDGE ( 'NONE', *, *, #3429, .F. ) ;
#6405 = EDGE_CURVE ( 'NONE', #843, #1299, #1359, .T. ) ;
#6406 = DIRECTION ( 'NONE',  ( 0.000000000000000000, 0.000000000000000000, 1.000000000000000000 ) ) ;
#6407 = CARTESIAN_POINT ( 'NONE',  ( 14.92893218813452094, 3.000000000000002665, 23.71354187896104904 ) ) ;
#6408 = AXIS2_PLACEMENT_3D ( 'NONE', #6599, #3448, #1212 ) ;
#6409 = AXIS2_PLACEMENT_3D ( 'NONE', #957, #5320, #6947 ) ;
#6410 = CARTESIAN_POINT ( 'NONE',  ( -4.499999999999999112, 0.000000000000000000, 18.78460969082652099 ) ) ;
#6411 = DIRECTION ( 'NONE',  ( -0.000000000000000000, -1.000000000000000000, -0.000000000000000000 ) ) ;
#6412 = VERTEX_POINT ( 'NONE', #291 ) ;
#6413 = EDGE_LOOP ( 'NONE', ( #2056, #5565, #5328, #4529 ) ) ;
#6414 = AXIS2_PLACEMENT_3D ( 'NONE', #3684, #3385, #2681 ) ;
#6415 = CARTESIAN_POINT ( 'NONE',  ( -23.09663197159145298, 10.90672900967280512, 14.09528077382436884 ) ) ;
#6416 = DIRECTION ( 'NONE',  ( 0.000000000000000000, 0.000000000000000000, -1.000000000000000000 ) ) ;
#6417 = CARTESIAN_POINT ( 'NONE',  ( 31.25000000000010303, 5.499999999999991118, 31.24999999999988631 ) ) ;
#6418 = VERTEX_POINT ( 'NONE', #4734 ) ;
#6419 = DIRECTION ( 'NONE',  ( 0.000000000000000000, 0.000000000000000000, 1.000000000000000000 ) ) ;
#6420 = ORIENTED_EDGE ( 'NONE', *, *, #67, .F. ) ;
#6421 = AXIS2_PLACEMENT_3D ( 'NONE', #6964, #2226, #5474 ) ;
#6422 = CARTESIAN_POINT ( 'NONE',  ( 12.58578643762690774, 3.499999999999999556, 21.37039612845343584 ) ) ;
#6423 = ADVANCED_FACE ( 'NONE', ( #6894 ), #6818, .F. ) ;
#6424 = CARTESIAN_POINT ( 'NONE',  ( 32.32589056660096816, 2.999999999999992450, -35.26527825794213555 ) ) ;
#6425 = CARTESIAN_POINT ( 'NONE',  ( -31.43836089953914481, 6.603073792140888187, 23.36085798989916995 ) ) ;
#6426 = CARTESIAN_POINT ( 'NONE',  ( 13.43502884254442797, 2.000000000000000000, -15.83502884254437504 ) ) ;
#6427 = ORIENTED_EDGE ( 'NONE', *, *, #25, .T. ) ;
#6428 = CARTESIAN_POINT ( 'NONE',  ( -27.21124854518032521, 0.000000000000000000, -35.28875145481966058 ) ) ;
#6429 = EDGE_CURVE ( 'NONE', #1861, #2205, #2034, .T. ) ;
#6430 = CARTESIAN_POINT ( 'NONE',  ( -6.000000000000000000, 2.000000000000000000, 18.78460969082652099 ) ) ;
#6431 = CARTESIAN_POINT ( 'NONE',  ( 7.857864376269049878, 0.000000000000000000, 20.28460969082652809 ) ) ;
#6432 = CARTESIAN_POINT ( 'NONE',  ( -22.88638221798179373, 6.133227481747905330, 31.67099190880830761 ) ) ;
#6433 = CARTESIAN_POINT ( 'NONE',  ( 17.09395039137928407, 0.000000000000000000, -25.17145330101924827 ) ) ;
#6434 = CARTESIAN_POINT ( 'NONE',  ( 13.20370346429776731, 10.47731683714912876, -23.24123088133213599 ) ) ;
#6435 = ORIENTED_EDGE ( 'NONE', *, *, #534, .T. ) ;
#6436 = ORIENTED_EDGE ( 'NONE', *, *, #5764, .T. ) ;
#6437 = DATE_AND_TIME ( #945, #5987 ) ;
#6438 = CARTESIAN_POINT ( 'NONE',  ( -15.65031525108913790, 10.50277959405309147, -23.99651941811703892 ) ) ;
#6439 = CARTESIAN_POINT ( 'NONE',  ( -25.52500669161253555, 9.296760541840601633, 16.74039700078601101 ) ) ;
#6440 = CARTESIAN_POINT ( 'NONE',  ( 15.68204965595242051, 9.831525337849164714, -24.60443780471593556 ) ) ;
#6441 = CARTESIAN_POINT ( 'NONE',  ( -26.85769515458672529, 47.00822076650859316, -35.64230484541326405 ) ) ;
#6442 = ADVANCED_FACE ( 'NONE', ( #2619 ), #1646, .T. ) ;
#6443 = ORIENTED_EDGE ( 'NONE', *, *, #1007, .T. ) ;
#6444 = CARTESIAN_POINT ( 'NONE',  ( 13.43502884254437468, 2.000000000000000000, 13.43502884254442620 ) ) ;
#6445 = FACE_OUTER_BOUND ( 'NONE', #1110, .T. ) ;
#6446 = CARTESIAN_POINT ( 'NONE',  ( 25.52500669161252134, 9.296760541840564329, 16.74039700078601101 ) ) ;
#6447 = VERTEX_POINT ( 'NONE', #2688 ) ;
#6448 = CARTESIAN_POINT ( 'NONE',  ( -31.34211627712678450, 5.999999999999999112, 27.54768823259011867 ) ) ;
#6449 = EDGE_CURVE ( 'NONE', #682, #5593, #3832, .T. ) ;
#6450 = ORIENTED_EDGE ( 'NONE', *, *, #1905, .T. ) ;
#6451 = ORIENTED_EDGE ( 'NONE', *, *, #5761, .T. ) ;
#6452 = CARTESIAN_POINT ( 'NONE',  ( -33.85680852601873880, 5.999999999999996447, -25.77930561637879947 ) ) ;
#6453 = FACE_OUTER_BOUND ( 'NONE', #2864, .T. ) ;
#6454 = DIRECTION ( 'NONE',  ( 0.000000000000000000, -0.000000000000000000, -1.000000000000000000 ) ) ;
#6455 = PRODUCT ( '\X2\7535673a540e76d6ff0895427a7aff09\X0\', '\X2\7535673a540e76d6ff0895427a7aff09\X0\', '', ( #2983 ) ) ;
#6456 = CARTESIAN_POINT ( 'NONE',  ( 27.21124854518001257, 0.000000000000000000, -35.28875145481998032 ) ) ;
#6457 = ORIENTED_EDGE ( 'NONE', *, *, #2145, .T. ) ;
#6458 = CARTESIAN_POINT ( 'NONE',  ( 24.99103152743574086, 9.597177089535126271, -16.16267815114113304 ) ) ;
#6459 = PLANE ( 'NONE',  #3762 ) ;
#6460 = DIRECTION ( 'NONE',  ( 0.000000000000000000, 0.000000000000000000, 1.000000000000000000 ) ) ;
#6461 = DIRECTION ( 'NONE',  ( 0.000000000000000000, 0.000000000000000000, 1.000000000000000000 ) ) ;
#6462 = CARTESIAN_POINT ( 'NONE',  ( -4.392304845413264935, 47.00822076650859316, 4.392304845413261383 ) ) ;
#6463 = CONICAL_SURFACE ( 'NONE', #5680, 10.50000000000000178, 0.7853981633974482790 ) ;
#6464 = DIRECTION ( 'NONE',  ( 0.000000000000000000, -1.000000000000000000, 0.000000000000000000 ) ) ;
#6465 = EDGE_CURVE ( 'NONE', #6238, #6801, #4362, .T. ) ;
#6466 = EDGE_CURVE ( 'NONE', #6988, #4886, #3802, .T. ) ;
#6467 = EDGE_LOOP ( 'NONE', ( #2426, #1689, #2154, #6645, #1188 ) ) ;
#6468 = ORIENTED_EDGE ( 'NONE', *, *, #3727, .T. ) ;
#6469 = VERTEX_POINT ( 'NONE', #6426 ) ;
#6470 = AXIS2_PLACEMENT_3D ( 'NONE', #966, #1463, #3654 ) ;
#6471 = DIRECTION ( 'NONE',  ( 0.000000000000000000, 0.000000000000000000, -1.000000000000000000 ) ) ;
#6472 = DIRECTION ( 'NONE',  ( -0.000000000000000000, -1.000000000000000000, -0.000000000000000000 ) ) ;
#6473 = CARTESIAN_POINT ( 'NONE',  ( -22.53794224446397365, 11.00000000000000000, -12.68329260279625359 ) ) ;
#6474 = FACE_OUTER_BOUND ( 'NONE', #3358, .T. ) ;
#6475 = VERTEX_POINT ( 'NONE', #5406 ) ;
#6476 = ORIENTED_EDGE ( 'NONE', *, *, #883, .F. ) ;
#6477 = LINE ( 'NONE', #3253, #5694 ) ;
#6478 = CIRCLE ( 'NONE', #6136, 1.400000000000000133 ) ;
#6479 = CARTESIAN_POINT ( 'NONE',  ( -22.53794224446402339, 11.00000000000000000, 12.68329260279642590 ) ) ;
#6481 = ADVANCED_FACE ( 'NONE', ( #1 ), #6002, .F. ) ;
#6480 = VECTOR ( 'NONE', #1470, 999.9999999999998863 ) ;
#6482 = DIRECTION ( 'NONE',  ( -0.000000000000000000, -1.000000000000000000, -0.000000000000000000 ) ) ;
#6483 = FACE_OUTER_BOUND ( 'NONE', #1559, .T. ) ;
#6484 = EDGE_LOOP ( 'NONE', ( #4639, #5896, #2727, #3851 ) ) ;
#6485 = AXIS2_PLACEMENT_3D ( 'NONE', #2395, #3546, #355 ) ;
#6486 = VECTOR ( 'NONE', #6188, 1000.000000000000000 ) ;
#6487 = CARTESIAN_POINT ( 'NONE',  ( 27.21124854517979941, 5.999999999999996447, -35.28875145482018638 ) ) ;
#6488 = ORIENTED_EDGE ( 'NONE', *, *, #3126, .F. ) ;
#6489 = CIRCLE ( 'NONE', #338, 10.00000000000000355 ) ;
#6490 = ORIENTED_EDGE ( 'NONE', *, *, #795, .T. ) ;
#6491 = DIRECTION ( 'NONE',  ( 0.7071067811865477948, 0.000000000000000000, -0.7071067811865473507 ) ) ;
#6492 = AXIS2_PLACEMENT_3D ( 'NONE', #4578, #712, #5541 ) ;
#6493 = DIRECTION ( 'NONE',  ( -8.673617379884027583E-16, 0.000000000000000000, 1.000000000000000000 ) ) ;
#6494 = AXIS2_PLACEMENT_3D ( 'NONE', #3898, #7, #3439 ) ;
#6495 = DIRECTION ( 'NONE',  ( 0.7071067811865477948, 0.000000000000000000, -0.7071067811865473507 ) ) ;
#6496 = CARTESIAN_POINT ( 'NONE',  ( -25.17145330101925182, 0.000000000000000000, -17.09395039137928762 ) ) ;
#6497 = ORIENTED_EDGE ( 'NONE', *, *, #2430, .F. ) ;
#6498 = VECTOR ( 'NONE', #6340, 1000.000000000000000 ) ;
#6499 = CARTESIAN_POINT ( 'NONE',  ( 24.16949739484941517, 10.39692620785911004, -15.88863270537049388 ) ) ;
#6500 = LINE ( 'NONE', #1618, #5066 ) ;
#6501 = CARTESIAN_POINT ( 'NONE',  ( 23.48450521847398775, 10.75846459404884570, -14.82796759456446978 ) ) ;
#6502 = LINE ( 'NONE', #511, #709 ) ;
#6503 = AXIS2_PLACEMENT_3D ( 'NONE', #3278, #2134, #5920 ) ;
#6504 = DIRECTION ( 'NONE',  ( 0.000000000000000000, 0.000000000000000000, -1.000000000000000000 ) ) ;
#6505 = VERTEX_POINT ( 'NONE', #6496 ) ;
#6506 = EDGE_LOOP ( 'NONE', ( #4692, #4736, #1631, #4595 ) ) ;
#6507 = VECTOR ( 'NONE', #5951, 1000.000000000000000 ) ;
#6508 = CARTESIAN_POINT ( 'NONE',  ( -14.09528077379125577, 10.90672900967889447, -23.09663197157400916 ) ) ;
#6509 = EDGE_CURVE ( 'NONE', #3669, #681, #4694, .T. ) ;
#6510 = CARTESIAN_POINT ( 'NONE',  ( -14.30235921536706734, 10.32042029897412760, -23.73359710329808792 ) ) ;
#6511 = LINE ( 'NONE', #3741, #4667 ) ;
#6512 = CARTESIAN_POINT ( 'NONE',  ( 12.50000000000001066, 11.00000000000000000, 19.95618256608033647 ) ) ;
#6513 = VERTEX_POINT ( 'NONE', #7024 ) ;
#6514 = VERTEX_POINT ( 'NONE', #2194 ) ;
#6515 = LINE ( 'NONE', #1152, #551 ) ;
#6516 = EDGE_CURVE ( 'NONE', #1176, #5997, #4943, .T. ) ;
#6517 = LINE ( 'NONE', #2067, #934 ) ;
#6518 = FACE_OUTER_BOUND ( 'NONE', #3961, .T. ) ;
#6519 = DIRECTION ( 'NONE',  ( 0.000000000000000000, 0.000000000000000000, -1.000000000000000000 ) ) ;
#6520 = DIRECTION ( 'NONE',  ( 0.9659258262890683122, 0.000000000000000000, 0.2588190451025207395 ) ) ;
#6521 = ORIENTED_EDGE ( 'NONE', *, *, #4701, .F. ) ;
#6522 = EDGE_CURVE ( 'NONE', #157, #2185, #5333, .T. ) ;
#6523 = VERTEX_POINT ( 'NONE', #2224 ) ;
#6524 = FACE_OUTER_BOUND ( 'NONE', #2756, .T. ) ;
#6525 = B_SPLINE_CURVE_WITH_KNOTS ( 'NONE', 1,
 ( #4204, #3578 ),
 .UNSPECIFIED., .F., .F.,
 ( 2, 2 ),
 ( 0.000000000000000000, 1.000000000000000000 ),
 .UNSPECIFIED. ) ;
#6526 = CARTESIAN_POINT ( 'NONE',  ( -12.68329260279639037, 11.00000000000000000, -22.53794224446403049 ) ) ;
#6527 = EDGE_CURVE ( 'NONE', #5287, #6185, #2152, .T. ) ;
#6528 = CYLINDRICAL_SURFACE ( 'NONE', #3146, 10.00000000000000000 ) ;
#6529 = ORIENTED_EDGE ( 'NONE', *, *, #534, .F. ) ;
#6530 = CARTESIAN_POINT ( 'NONE',  ( 31.24999999999977973, 0.000000000000000000, -31.25000000000020250 ) ) ;
#6531 = CARTESIAN_POINT ( 'NONE',  ( 25.26468744398535904, 9.437454823195155384, 16.48007775315885226 ) ) ;
#6532 = CARTESIAN_POINT ( 'NONE',  ( -31.93071212713136120, 5.999999999999994671, -27.70540201526620905 ) ) ;
#6533 = DIRECTION ( 'NONE',  ( 0.000000000000000000, 0.000000000000000000, -1.000000000000000000 ) ) ;
#6534 = DIRECTION ( 'NONE',  ( 0.000000000000000000, 0.7071067811865573427, -0.7071067811865376918 ) ) ;
#6535 = ORIENTED_EDGE ( 'NONE', *, *, #4311, .F. ) ;
#6536 = ORIENTED_EDGE ( 'NONE', *, *, #6308, .F. ) ;
#6537 = CARTESIAN_POINT ( 'NONE',  ( -26.85769515458672529, 0.5000000000000004441, -35.64230484541326405 ) ) ;
#6538 = CARTESIAN_POINT ( 'NONE',  ( 0.000000000000000000, 11.00000000000000000, 0.000000000000000000 ) ) ;
#6539 = FACE_OUTER_BOUND ( 'NONE', #1666, .T. ) ;
#6540 = CARTESIAN_POINT ( 'NONE',  ( -12.58578643762690419, 3.500000000000003109, 21.37039612845342873 ) ) ;
#6541 = ORIENTED_EDGE ( 'NONE', *, *, #3858, .T. ) ;
#6542 = ORIENTED_EDGE ( 'NONE', *, *, #1956, .T. ) ;
#6543 = CARTESIAN_POINT ( 'NONE',  ( -9.669329188920521290, 11.00000000000000000, -22.09607450347801105 ) ) ;
#6544 = DIRECTION ( 'NONE',  ( -0.7071067811865404673, 0.000000000000000000, 0.7071067811865546782 ) ) ;
#6545 = CARTESIAN_POINT ( 'NONE',  ( -56.32009454374219359, 10.99999999999999645, -18.60521962117878303 ) ) ;
#6546 = CARTESIAN_POINT ( 'NONE',  ( 34.21036191661216463, 5.499999999999994671, -25.42575222578564009 ) ) ;
#6547 = EDGE_CURVE ( 'NONE', #5593, #3357, #20, .T. ) ;
#6548 = EDGE_CURVE ( 'NONE', #617, #3431, #132, .T. ) ;
#6549 = ORIENTED_EDGE ( 'NONE', *, *, #1220, .T. ) ;
#6550 = ORIENTED_EDGE ( 'NONE', *, *, #2243, .T. ) ;
#6551 = CARTESIAN_POINT ( 'NONE',  ( 31.25000000000010303, 0.000000000000000000, 31.24999999999988631 ) ) ;
#6552 = CARTESIAN_POINT ( 'NONE',  ( -27.23472174205883434, 6.124798468254546435, -30.17410943339800156 ) ) ;
#6553 = DIRECTION ( 'NONE',  ( 0.000000000000000000, -1.000000000000000000, 0.000000000000000000 ) ) ;
#6554 = ORIENTED_EDGE ( 'NONE', *, *, #3965, .T. ) ;
#6555 = CARTESIAN_POINT ( 'NONE',  ( -28.31061230866049883, 2.999999999999993339, -34.18938769133949052 ) ) ;
#6556 = CARTESIAN_POINT ( 'NONE',  ( 23.39767641558950118, 10.44099621365101527, 13.59471969585805518 ) ) ;
#6557 = ADVANCED_FACE ( 'NONE', ( #3193 ), #2657, .F. ) ;
#6558 = CARTESIAN_POINT ( 'NONE',  ( -12.50000000000000355, 11.00000000000000000, 19.95618256608032937 ) ) ;
#6559 = LINE ( 'NONE', #2822, #1979 ) ;
#6560 = DIRECTION ( 'NONE',  ( 0.4999999999999976130, -0.7071067811865513475, -0.4999999999999971689 ) ) ;
#6561 = EDGE_LOOP ( 'NONE', ( #397, #6690, #5107, #3143 ) ) ;
#6562 = ORIENTED_EDGE ( 'NONE', *, *, #4967, .F. ) ;
#6563 = LINE ( 'NONE', #4380, #6143 ) ;
#6564 = CARTESIAN_POINT ( 'NONE',  ( -27.23472174205883434, 2.999999999999993339, -30.17410943339800156 ) ) ;
#6565 = DIRECTION ( 'NONE',  ( 0.000000000000000000, 1.000000000000000000, 0.000000000000000000 ) ) ;
#6566 = DIRECTION ( 'NONE',  ( 0.6779089800432690494, -0.7071067811865497932, -0.2010955364414916957 ) ) ;
#6567 = VERTEX_POINT ( 'NONE', #5437 ) ;
#6568 = ORIENTED_EDGE ( 'NONE', *, *, #2806, .F. ) ;
#6569 = LINE ( 'NONE', #2177, #4791 ) ;
#6570 = LINE ( 'NONE', #1695, #2531 ) ;
#6571 = AXIS2_PLACEMENT_3D ( 'NONE', #1163, #3367, #4325 ) ;
#6572 = EDGE_CURVE ( 'NONE', #247, #4292, #530, .T. ) ;
#6573 = CARTESIAN_POINT ( 'NONE',  ( -9.669329188920521290, 0.000000000000000000, -32.59607450347801461 ) ) ;
#6574 = AXIS2_PLACEMENT_3D ( 'NONE', #5531, #3916, #3361 ) ;
#6575 = LINE ( 'NONE', #6546, #1743 ) ;
#6576 = ORIENTED_EDGE ( 'NONE', *, *, #5696, .T. ) ;
#6577 = VECTOR ( 'NONE', #2058, 1000.000000000000000 ) ;
#6578 = ORIENTED_EDGE ( 'NONE', *, *, #5187, .T. ) ;
#6579 = LINE ( 'NONE', #2782, #774 ) ;
#6580 = ADVANCED_FACE ( 'NONE', ( #4368 ), #6528, .F. ) ;
#6581 = ADVANCED_FACE ( 'NONE', ( #1235 ), #5651, .T. ) ;
#6582 = DIRECTION ( 'NONE',  ( 0.000000000000000000, -0.7071067811865500152, -0.7071067811865451302 ) ) ;
#6583 = CIRCLE ( 'NONE', #1022, 10.49999999999999822 ) ;
#6584 = CYLINDRICAL_SURFACE ( 'NONE', #5375, 6.211657082460492418 ) ;
#6585 = ORIENTED_EDGE ( 'NONE', *, *, #5610, .T. ) ;
#6586 = AXIS2_PLACEMENT_3D ( 'NONE', #1923, #3001, #6775 ) ;
#6587 = CIRCLE ( 'NONE', #3086, 5.711657082460484425 ) ;
#6588 = CARTESIAN_POINT ( 'NONE',  ( 12.00000000000000178, 10.49999999999999467, 19.95618256608033647 ) ) ;
#6589 = AXIS2_PLACEMENT_3D ( 'NONE', #2004, #5371, #5405 ) ;
#6590 = DIRECTION ( 'NONE',  ( -0.000000000000000000, -1.000000000000000000, -0.000000000000000000 ) ) ;
#6591 = ADVANCED_FACE ( 'NONE', ( #6029 ), #303, .T. ) ;
#6592 = CARTESIAN_POINT ( 'NONE',  ( 31.93071212713137541, 5.999999999999994671, 27.70540201526620905 ) ) ;
#6593 = DIRECTION ( 'NONE',  ( 0.000000000000000000, 0.000000000000000000, -1.000000000000000000 ) ) ;
#6594 = CARTESIAN_POINT ( 'NONE',  ( 14.10549575382839116, 10.90164142627111410, -23.10482164819714512 ) ) ;
#6595 = ORIENTED_EDGE ( 'NONE', *, *, #2447, .F. ) ;
#6596 = EDGE_LOOP ( 'NONE', ( #4172, #4468, #4322, #277 ) ) ;
#6597 = CARTESIAN_POINT ( 'NONE',  ( 31.25000000000010303, 2.999999999999995559, 29.14999999999988489 ) ) ;
#6598 = AXIS2_PLACEMENT_3D ( 'NONE', #2863, #1245, #2929 ) ;
#6599 = CARTESIAN_POINT ( 'NONE',  ( 10.49054493278222111, 23.31338798560319248, 1.705935241955692794 ) ) ;
#6600 = CIRCLE ( 'NONE', #1448, 5.711657082460495083 ) ;
#6602 = FACE_OUTER_BOUND ( 'NONE', #541, .T. ) ;
#6601 = CIRCLE ( 'NONE', #467, 6.211657082460492418 ) ;
#6603 = CARTESIAN_POINT ( 'NONE',  ( 4.000000000000000000, 2.440386610947251178, 0.7149547292386734254 ) ) ;
#6604 = ADVANCED_FACE ( 'NONE', ( #65 ), #6584, .T. ) ;
#6605 = CARTESIAN_POINT ( 'NONE',  ( 23.94873364086399192, 10.22073734243014087, 14.69342417708813286 ) ) ;
#6606 = ORIENTED_EDGE ( 'NONE', *, *, #1370, .T. ) ;
#6607 = ORIENTED_EDGE ( 'NONE', *, *, #1414, .F. ) ;
#6608 = VECTOR ( 'NONE', #5241, 1000.000000000000000 ) ;
#6609 = CARTESIAN_POINT ( 'NONE',  ( -4.000000000000000000, 0.5000000000000004441, 18.78460969082652099 ) ) ;
#6610 = FACE_OUTER_BOUND ( 'NONE', #4353, .T. ) ;
#6611 = VERTEX_POINT ( 'NONE', #672 ) ;
#6612 = CYLINDRICAL_SURFACE ( 'NONE', #6807, 1.400000000000001910 ) ;
#6613 = CARTESIAN_POINT ( 'NONE',  ( 31.24999999999977973, 47.00822076650859316, -31.25000000000020250 ) ) ;
#6614 = EDGE_LOOP ( 'NONE', ( #6911, #5101, #4536, #127 ) ) ;
#6615 = ORIENTED_EDGE ( 'NONE', *, *, #3976, .F. ) ;
#6616 = DIRECTION ( 'NONE',  ( 0.000000000000000000, -1.000000000000000000, 0.000000000000000000 ) ) ;
#6617 = DIRECTION ( 'NONE',  ( 0.6644630243886758825, -0.3420201433256629953, 0.6644630243886764376 ) ) ;
#6618 = CARTESIAN_POINT ( 'NONE',  ( -24.16949739484937254, 10.39692620785911359, 15.88863270537043526 ) ) ;
#6619 = VERTEX_POINT ( 'NONE', #629 ) ;
#6620 = EDGE_CURVE ( 'NONE', #464, #3940, #1707, .T. ) ;
#6621 = CARTESIAN_POINT ( 'NONE',  ( -4.392304845413263159, 47.00822076650859316, 4.392304845413263159 ) ) ;
#6622 = DIRECTION ( 'NONE',  ( 0.000000000000000000, -1.000000000000000000, 0.000000000000000000 ) ) ;
#6623 = DIRECTION ( 'NONE',  ( 0.000000000000000000, 0.000000000000000000, 1.000000000000000000 ) ) ;
#6624 = CARTESIAN_POINT ( 'NONE',  ( 0.000000000000000000, 11.00099999999999945, -4.000000000000000000 ) ) ;
#6625 = CARTESIAN_POINT ( 'NONE',  ( -9.669329188920521290, 11.00000000000000000, -32.59607450347801461 ) ) ;
#6626 = ORIENTED_EDGE ( 'NONE', *, *, #5946, .F. ) ;
#6627 = ORIENTED_EDGE ( 'NONE', *, *, #2062, .T. ) ;
#6628 = EDGE_CURVE ( 'NONE', #6998, #2185, #2283, .T. ) ;
#6629 = DIRECTION ( 'NONE',  ( -0.2010955364414936386, 0.7071067811865471286, -0.6779089800432713808 ) ) ;
#6630 = FACE_OUTER_BOUND ( 'NONE', #3124, .T. ) ;
#6631 = DIRECTION ( 'NONE',  ( 0.000000000000000000, 0.000000000000000000, -1.000000000000000000 ) ) ;
#6632 = DIRECTION ( 'NONE',  ( 0.000000000000000000, -1.000000000000000000, 0.000000000000000000 ) ) ;
#6633 = CARTESIAN_POINT ( 'NONE',  ( 23.30869734884277733, 10.83099601511110599, 14.50972193821231215 ) ) ;
#6634 = ORIENTED_EDGE ( 'NONE', *, *, #5946, .T. ) ;
#6635 = ORIENTED_EDGE ( 'NONE', *, *, #2272, .T. ) ;
#6636 = COORDINATED_UNIVERSAL_TIME_OFFSET ( 8, 0, .AHEAD. ) ;
#6637 = ORIENTED_EDGE ( 'NONE', *, *, #2005, .T. ) ;
#6638 = CARTESIAN_POINT ( 'NONE',  ( 28.31061230865950407, 2.999999999999993339, -34.18938769134042843 ) ) ;
#6639 = CC_DESIGN_PERSON_AND_ORGANIZATION_ASSIGNMENT ( #3942, #4487, ( #3535 ) ) ;
#6640 = DIRECTION ( 'NONE',  ( 0.000000000000000000, 0.000000000000000000, 1.000000000000000000 ) ) ;
#6641 = APPROVAL_PERSON_ORGANIZATION ( #4666, #3311, #906 ) ;
#6642 = DIRECTION ( 'NONE',  ( 0.9659258262890683122, -4.336808689942093541E-17, -0.2588190451025209060 ) ) ;
#6643 = DIRECTION ( 'NONE',  ( -0.000000000000000000, -1.000000000000000000, -0.000000000000000000 ) ) ;
#6644 = ORIENTED_EDGE ( 'NONE', *, *, #54, .F. ) ;
#6645 = ORIENTED_EDGE ( 'NONE', *, *, #250, .F. ) ;
#6646 = DIRECTION ( 'NONE',  ( -0.000000000000000000, -1.000000000000000000, -0.000000000000000000 ) ) ;
#6647 = CARTESIAN_POINT ( 'NONE',  ( 7.857864376269049878, 0.000000000000000000, 20.78460969082652454 ) ) ;
#6648 = LINE ( 'NONE', #3368, #5589 ) ;
#6649 = ADVANCED_FACE ( 'NONE', ( #5643 ), #1959, .T. ) ;
#6650 = DIRECTION ( 'NONE',  ( -0.000000000000000000, -1.000000000000000000, -0.000000000000000000 ) ) ;
#6651 = VERTEX_POINT ( 'NONE', #6098 ) ;
#6652 = B_SPLINE_CURVE_WITH_KNOTS ( 'NONE', 3,
 ( #1053, #3244, #4817, #517, #7037, #6510, #544, #2829, #2334, #6664, #3310, #16, #5484, #5586, #1722, #2869, #6045 ),
 .UNSPECIFIED., .F., .F.,
 ( 4, 2, 1, 1, 2, 2, 1, 2, 2, 4 ),
 ( 0.000000000000000000, 0.2499999999999983902, 0.3749999999999969469, 0.4374999999999970579, 0.4687499999999973355, 0.4999999999999975575, 0.6249999999999971134, 0.6874999999999974465, 0.7499999999999977796, 1.000000000000000000 ),
 .UNSPECIFIED. ) ;
#6653 = EDGE_CURVE ( 'NONE', #5110, #1302, #3435, .T. ) ;
#6654 = DIRECTION ( 'NONE',  ( 0.7071067811865474617, 0.000000000000000000, 0.7071067811865474617 ) ) ;
#6655 = CARTESIAN_POINT ( 'NONE',  ( 23.24208390822526482, 10.47714960925472738, 13.20594730525442451 ) ) ;
#6656 = LINE ( 'NONE', #1171, #4445 ) ;
#6657 = EDGE_CURVE ( 'NONE', #4036, #2939, #3335, .T. ) ;
#6658 = CARTESIAN_POINT ( 'NONE',  ( -13.43502884254442620, 11.00099999999999945, 13.43502884254437646 ) ) ;
#6659 = CARTESIAN_POINT ( 'NONE',  ( -24.87903970013454114, 9.663471125943445372, -16.02934729032950045 ) ) ;
#6660 = ORIENTED_EDGE ( 'NONE', *, *, #6405, .T. ) ;
#6661 = ORIENTED_EDGE ( 'NONE', *, *, #5609, .T. ) ;
#6662 = CARTESIAN_POINT ( 'NONE',  ( 26.85769515458673951, 5.499999999999991118, -35.64230484541324984 ) ) ;
#6663 = FACE_OUTER_BOUND ( 'NONE', #3794, .T. ) ;
#6664 = CARTESIAN_POINT ( 'NONE',  ( -13.96306011015490611, 10.38769366382753745, -23.56379401165008503 ) ) ;
#6665 = CARTESIAN_POINT ( 'NONE',  ( 0.000000000000000000, 11.00000000000000000, 0.000000000000000000 ) ) ;
#6666 = ADVANCED_FACE ( 'NONE', ( #710 ), #2890, .F. ) ;
#6667 = ADVANCED_FACE ( 'NONE', ( #5083 ), #5597, .T. ) ;
#6668 = CARTESIAN_POINT ( 'NONE',  ( 27.23472174205883434, 5.999999999999992895, 30.17410943339800156 ) ) ;
#6669 = CARTESIAN_POINT ( 'NONE',  ( 22.88561414865475996, 10.95906637965769370, 13.61786076135926749 ) ) ;
#6670 = ORIENTED_EDGE ( 'NONE', *, *, #3496, .F. ) ;
#6671 = VERTEX_POINT ( 'NONE', #6689 ) ;
#6672 = DIRECTION ( 'NONE',  ( -0.7071067811865475727, -0.000000000000000000, 0.7071067811865475727 ) ) ;
#6673 = VERTEX_POINT ( 'NONE', #1811 ) ;
#6674 = DIRECTION ( 'NONE',  ( -0.000000000000000000, -1.000000000000000000, -0.000000000000000000 ) ) ;
#6675 = CARTESIAN_POINT ( 'NONE',  ( 14.00000000000000355, 47.00822076650859316, 19.95618256608033647 ) ) ;
#6676 = EDGE_LOOP ( 'NONE', ( #3002, #123, #156, #6153 ) ) ;
#6677 = DIRECTION ( 'NONE',  ( -6.133173666733412736E-17, 1.000000000000000000, 6.133173666733579136E-17 ) ) ;
#6678 = LINE ( 'NONE', #1841, #5071 ) ;
#6679 = EDGE_LOOP ( 'NONE', ( #2612, #2910, #6301, #255 ) ) ;
#6680 = ORIENTED_EDGE ( 'NONE', *, *, #620, .T. ) ;
#6681 = ORIENTED_EDGE ( 'NONE', *, *, #3005, .F. ) ;
#6682 = VECTOR ( 'NONE', #4179, 999.9999999999998863 ) ;
#6683 = DIRECTION ( 'NONE',  ( 6.133173666733558182E-17, 1.000000000000000000, 6.133173666733433690E-17 ) ) ;
#6684 = CARTESIAN_POINT ( 'NONE',  ( -23.50942696143113508, 10.40655935495733253, -13.84689061848287572 ) ) ;
#6685 = EDGE_CURVE ( 'NONE', #3737, #5961, #1604, .T. ) ;
#6686 = CARTESIAN_POINT ( 'NONE',  ( 0.000000000000000000, 11.00000000000000000, 0.000000000000000000 ) ) ;
#6687 = ADVANCED_FACE ( 'NONE', ( #3470 ), #741, .F. ) ;
#6688 = AXIS2_PLACEMENT_3D ( 'NONE', #6424, #4294, #6392 ) ;
#6689 = CARTESIAN_POINT ( 'NONE',  ( -31.67099190880832182, 6.133227481747928422, -22.88638221798181860 ) ) ;
#6690 = ORIENTED_EDGE ( 'NONE', *, *, #64, .F. ) ;
#6691 = CIRCLE ( 'NONE', #3295, 1.999999999999998224 ) ;
#6692 = DIRECTION ( 'NONE',  ( 0.2588190451025208505, 2.086548053801610149E-16, 0.9659258262890683122 ) ) ;
#6693 = VECTOR ( 'NONE', #5967, 1000.000000000000000 ) ;
#6694 = CARTESIAN_POINT ( 'NONE',  ( -13.45793891395294573, 10.45609913637077248, -23.34050541011560753 ) ) ;
#6695 = DIRECTION ( 'NONE',  ( -0.000000000000000000, -1.000000000000000000, -0.000000000000000000 ) ) ;
#6696 = CARTESIAN_POINT ( 'NONE',  ( -28.31061230865974210, 2.999999999999993339, 34.18938769134022948 ) ) ;
#6697 = CARTESIAN_POINT ( 'NONE',  ( -24.79723621276036738, 9.712605009208779450, -15.92931973274900059 ) ) ;
#6698 = ORIENTED_EDGE ( 'NONE', *, *, #2417, .F. ) ;
#6699 = ORIENTED_EDGE ( 'NONE', *, *, #444, .T. ) ;
#6700 = VECTOR ( 'NONE', #3872, 1000.000000000000000 ) ;
#6701 = CIRCLE ( 'NONE', #905, 1.500000000000001332 ) ;
#6702 = DIRECTION ( 'NONE',  ( 0.000000000000000000, 0.000000000000000000, -1.000000000000000000 ) ) ;
#6703 = DIRECTION ( 'NONE',  ( 6.133173666733558182E-17, 1.000000000000000000, 6.133173666733433690E-17 ) ) ;
#6704 = CARTESIAN_POINT ( 'NONE',  ( 12.66508590360015596, 3.499999999999999556, 21.44969559442668228 ) ) ;
#6705 = DIRECTION ( 'NONE',  ( -0.7071067811865475727, -0.000000000000000000, 0.7071067811865475727 ) ) ;
#6706 = VECTOR ( 'NONE', #3868, 1000.000000000000000 ) ;
#6707 = AXIS2_PLACEMENT_3D ( 'NONE', #318, #3652, #6812 ) ;
#6708 = CARTESIAN_POINT ( 'NONE',  ( 4.000000000000000000, 2.500000000000017764, 0.1806768526630330163 ) ) ;
#6709 = AXIS2_PLACEMENT_3D ( 'NONE', #6000, #4971, #63 ) ;
#6710 = CARTESIAN_POINT ( 'NONE',  ( 23.01690092346464311, 10.49999999999999467, 12.53977053546884868 ) ) ;
#6711 = ORIENTED_EDGE ( 'NONE', *, *, #896, .T. ) ;
#6712 = ORIENTED_EDGE ( 'NONE', *, *, #2393, .T. ) ;
#6713 = CALENDAR_DATE ( 2026, 21, 5 ) ;
#6714 = ORIENTED_EDGE ( 'NONE', *, *, #2417, .T. ) ;
#6715 = CARTESIAN_POINT ( 'NONE',  ( 25.29237568234321643, 9.766606852233529423, 17.21487277270327709 ) ) ;
#6716 = EDGE_CURVE ( 'NONE', #7050, #4968, #5195, .T. ) ;
#6717 = VECTOR ( 'NONE', #2383, 1000.000000000000114 ) ;
#6718 = DIRECTION ( 'NONE',  ( 0.000000000000000000, 0.000000000000000000, 1.000000000000000000 ) ) ;
#6719 = CARTESIAN_POINT ( 'NONE',  ( -23.17041811170203758, 10.48892073537367864, -13.01027400094867659 ) ) ;
#6720 = B_SPLINE_CURVE_WITH_KNOTS ( 'NONE', 1,
 ( #7056, #2192 ),
 .UNSPECIFIED., .F., .F.,
 ( 2, 2 ),
 ( 0.000000000000000000, 1.000000000000000000 ),
 .UNSPECIFIED. ) ;
#6721 = DIRECTION ( 'NONE',  ( 0.000000000000000000, 1.000000000000000000, 0.000000000000000000 ) ) ;
#6722 = VECTOR ( 'NONE', #4161, 1000.000000000000114 ) ;
#6723 = EDGE_LOOP ( 'NONE', ( #2174, #6277, #3820, #4129 ) ) ;
#6724 = ADVANCED_FACE ( 'NONE', ( #5676 ), #3, .T. ) ;
#6725 = EDGE_CURVE ( 'NONE', #3501, #2175, #6737, .T. ) ;
#6726 = ORIENTED_EDGE ( 'NONE', *, *, #6906, .F. ) ;
#6727 = AXIS2_PLACEMENT_3D ( 'NONE', #6055, #3359, #1730 ) ;
#6728 = CIRCLE ( 'NONE', #1143, 5.711657082460498636 ) ;
#6729 = CIRCLE ( 'NONE', #2419, 2.099999999999997868 ) ;
#6730 = CARTESIAN_POINT ( 'NONE',  ( 24.88205480983923934, 9.977803428684566711, -16.80458515960978616 ) ) ;
#6731 = VECTOR ( 'NONE', #942, 1000.000000000000000 ) ;
#6732 = FACE_OUTER_BOUND ( 'NONE', #4341, .T. ) ;
#6733 = CARTESIAN_POINT ( 'NONE',  ( -32.32589056660199134, 2.999999999999992450, -35.26527825794115500 ) ) ;
#6734 = EDGE_CURVE ( 'NONE', #2195, #918, #5829, .T. ) ;
#6735 = VERTEX_POINT ( 'NONE', #4691 ) ;
#6736 = VECTOR ( 'NONE', #4840, 1000.000000000000114 ) ;
#6737 = LINE ( 'NONE', #3075, #3090 ) ;
#6738 = ORIENTED_EDGE ( 'NONE', *, *, #4914, .T. ) ;
#6739 = FACE_OUTER_BOUND ( 'NONE', #1481, .T. ) ;
#6740 = VECTOR ( 'NONE', #3483, 1000.000000000000000 ) ;
#6741 = ADVANCED_FACE ( 'NONE', ( #4616 ), #3541, .F. ) ;
#6742 = CARTESIAN_POINT ( 'NONE',  ( -14.89321382541073113, 10.74190927710602850, -23.52201589567359719 ) ) ;
#6743 = FACE_OUTER_BOUND ( 'NONE', #4237, .T. ) ;
#6744 = CARTESIAN_POINT ( 'NONE',  ( 24.77635493753259155, 9.718900474107044829, 15.92692201449000322 ) ) ;
#6745 = ADVANCED_FACE ( 'NONE', ( #4647 ), #3649, .F. ) ;
#6746 = FACE_OUTER_BOUND ( 'NONE', #2268, .T. ) ;
#6747 = ORIENTED_EDGE ( 'NONE', *, *, #3693, .T. ) ;
#6748 = ORIENTED_EDGE ( 'NONE', *, *, #3734, .F. ) ;
#6749 = CONICAL_SURFACE ( 'NONE', #3687, 10.50000000000000711, 0.7853981633974500554 ) ;
#6750 = CARTESIAN_POINT ( 'NONE',  ( -6.683212821753887312, 0.000000000000000000, -22.52963973034509237 ) ) ;
#6751 = DIRECTION ( 'NONE',  ( 0.7071067811865470176, 0.000000000000000000, -0.7071067811865479058 ) ) ;
#6752 = EDGE_CURVE ( 'NONE', #4413, #3707, #6321, .T. ) ;
#6753 = FACE_BOUND ( 'NONE', #4273, .T. ) ;
#6754 = CARTESIAN_POINT ( 'NONE',  ( 23.09750551213104330, 10.49999708650319619, -12.80874785523705306 ) ) ;
#6755 = FACE_OUTER_BOUND ( 'NONE', #2930, .T. ) ;
#6756 = AXIS2_PLACEMENT_3D ( 'NONE', #6950, #1996, #4252 ) ;
#6757 = ADVANCED_FACE ( 'NONE', ( #6809 ), #1964, .F. ) ;
#6758 = DIRECTION ( 'NONE',  ( 0.000000000000000000, 0.000000000000000000, -1.000000000000000000 ) ) ;
#6759 = ORIENTED_EDGE ( 'NONE', *, *, #5767, .T. ) ;
#6760 = ORIENTED_EDGE ( 'NONE', *, *, #6006, .F. ) ;
#6761 = DIRECTION ( 'NONE',  ( -0.9659258262890674240, 0.000000000000000000, 0.2588190451025237371 ) ) ;
#6762 = VERTEX_POINT ( 'NONE', #2501 ) ;
#6763 = DIRECTION ( 'NONE',  ( 0.000000000000000000, 0.000000000000000000, 1.000000000000000000 ) ) ;
#6764 = CARTESIAN_POINT ( 'NONE',  ( -22.73775256027087721, 10.98881826000889994, 13.26144774118721870 ) ) ;
#6765 = CARTESIAN_POINT ( 'NONE',  ( -23.56878248642367524, 10.38534153838363316, -13.97196944912984407 ) ) ;
#6766 = DIRECTION ( 'NONE',  ( 0.000000000000000000, -0.7071067811865487940, -0.7071067811865463515 ) ) ;
#6767 = EDGE_LOOP ( 'NONE', ( #1387, #1679, #4282, #5400 ) ) ;
#6768 = EDGE_LOOP ( 'NONE', ( #4130, #5461, #3719, #3045, #6913, #4707, #1971, #5430 ) ) ;
#6769 = DIRECTION ( 'NONE',  ( 6.133173666733558182E-17, 1.000000000000000000, 6.133173666733433690E-17 ) ) ;
#6770 = CARTESIAN_POINT ( 'NONE',  ( 22.72736658114745012, 10.99999999999999645, 13.27007793925553436 ) ) ;
#6771 = CARTESIAN_POINT ( 'NONE',  ( 33.85680852601876012, 15.99999999999999645, 25.77930561637878526 ) ) ;
#6772 = EDGE_CURVE ( 'NONE', #3940, #1859, #4925, .T. ) ;
#6773 = EDGE_CURVE ( 'NONE', #6412, #4924, #1388, .T. ) ;
#6774 = EDGE_LOOP ( 'NONE', ( #256, #1850, #6790, #4154 ) ) ;
#6775 = DIRECTION ( 'NONE',  ( 0.7071067811865507924, 0.000000000000000000, 0.7071067811865441310 ) ) ;
#6776 = ORIENTED_EDGE ( 'NONE', *, *, #1988, .T. ) ;
#6777 = B_SPLINE_CURVE_WITH_KNOTS ( 'NONE', 3,
 ( #5789, #4686, #6440, #2734, #1960, #6850, #446, #3610, #17, #4348, #878, #4818, #848, #3211 ),
 .UNSPECIFIED., .F., .F.,
 ( 4, 2, 1, 1, 1, 1, 2, 2, 4 ),
 ( 0.000000000000000000, 0.2499999999999625300, 0.3749999999999480971, 0.4374999999999393263, 0.4687499999999329425, 0.4843749999999297784, 0.4921874999999281686, 0.4999999999999266143, 1.000000000000000000 ),
 .UNSPECIFIED. ) ;
#6778 = CARTESIAN_POINT ( 'NONE',  ( 23.36085798989915219, 6.603073792140892628, 31.43836089953913060 ) ) ;
#6779 = DIRECTION ( 'NONE',  ( -0.7071067811865404673, -0.000000000000000000, 0.7071067811865546782 ) ) ;
#6780 = DIRECTION ( 'NONE',  ( 0.000000000000000000, 0.000000000000000000, 1.000000000000000000 ) ) ;
#6781 = ADVANCED_FACE ( 'NONE', ( #3035 ), #3582, .F. ) ;
#6782 = DIRECTION ( 'NONE',  ( 0.000000000000000000, 1.000000000000000000, 0.000000000000000000 ) ) ;
#6783 = ORIENTED_EDGE ( 'NONE', *, *, #4889, .T. ) ;
#6784 = ORIENTED_EDGE ( 'NONE', *, *, #5647, .F. ) ;
#6785 = CARTESIAN_POINT ( 'NONE',  ( -17.21487277270326999, 9.766606852233563174, -25.29237568234325195 ) ) ;
#6786 = CARTESIAN_POINT ( 'NONE',  ( -22.52963973034508882, 11.00000000000000000, -6.683212821753901522 ) ) ;
#6787 = DIRECTION ( 'NONE',  ( 0.000000000000000000, -1.000000000000000000, 0.000000000000000000 ) ) ;
#6788 = CARTESIAN_POINT ( 'NONE',  ( 14.00000000000000355, 11.00000000000000000, 19.49358868961792624 ) ) ;
#6789 = DIRECTION ( 'NONE',  ( 0.000000000000000000, 0.000000000000000000, -1.000000000000000000 ) ) ;
#6790 = ORIENTED_EDGE ( 'NONE', *, *, #3336, .T. ) ;
#6791 = ORIENTED_EDGE ( 'NONE', *, *, #4381, .F. ) ;
#6792 = PLANE ( 'NONE',  #6194 ) ;
#6793 = EDGE_CURVE ( 'NONE', #3150, #4743, #1314, .T. ) ;
#6794 = ORIENTED_EDGE ( 'NONE', *, *, #6908, .F. ) ;
#6795 = CARTESIAN_POINT ( 'NONE',  ( 27.23472174205787866, 6.124798468254541106, -30.17410943339892526 ) ) ;
#6796 = ADVANCED_FACE ( 'NONE', ( #851 ), #885, .F. ) ;
#6797 = DIRECTION ( 'NONE',  ( -0.5000000000000026645, -0.7071067811865436870, -0.5000000000000026645 ) ) ;
#6798 = CARTESIAN_POINT ( 'NONE',  ( -16.61025200351411968, 9.367099777336884259, -25.39486169434065133 ) ) ;
#6799 = DIRECTION ( 'NONE',  ( -1.000000000000000000, 0.000000000000000000, 1.047444401652940007E-14 ) ) ;
#6800 = AXIS2_PLACEMENT_3D ( 'NONE', #2989, #3462, #841 ) ;
#6801 = VERTEX_POINT ( 'NONE', #316 ) ;
#6802 = ORIENTED_EDGE ( 'NONE', *, *, #3777, .T. ) ;
#6803 = ADVANCED_FACE ( 'NONE', ( #2543 ), #4725, .T. ) ;
#6804 = CARTESIAN_POINT ( 'NONE',  ( -24.45559879876122622, 9.927079897466152048, 15.47731122237379431 ) ) ;
#6805 = FACE_BOUND ( 'NONE', #3902, .T. ) ;
#6806 = CARTESIAN_POINT ( 'NONE',  ( 32.32589056660199134, 5.999999999999992006, 35.26527825794115500 ) ) ;
#6807 = AXIS2_PLACEMENT_3D ( 'NONE', #2744, #3884, #4964 ) ;
#6808 = ORIENTED_EDGE ( 'NONE', *, *, #2590, .T. ) ;
#6809 = FACE_OUTER_BOUND ( 'NONE', #2024, .T. ) ;
#6810 = ORIENTED_EDGE ( 'NONE', *, *, #5779, .F. ) ;
#6811 = VERTEX_POINT ( 'NONE', #5295 ) ;
#6812 = DIRECTION ( 'NONE',  ( 0.000000000000000000, 0.000000000000000000, -1.000000000000000000 ) ) ;
#6813 = EDGE_CURVE ( 'NONE', #2502, #3465, #4176, .T. ) ;
#6814 = DIRECTION ( 'NONE',  ( 0.9659258262890656477, 0.000000000000000000, -0.2588190451025304539 ) ) ;
#6815 = FACE_OUTER_BOUND ( 'NONE', #4878, .T. ) ;
#6816 = VECTOR ( 'NONE', #5607, 1000.000000000000114 ) ;
#6817 = VECTOR ( 'NONE', #5690, 1000.000000000000114 ) ;
#6818 = PLANE ( 'NONE',  #5167 ) ;
#6819 = ORIENTED_EDGE ( 'NONE', *, *, #100, .T. ) ;
#6820 = ORIENTED_EDGE ( 'NONE', *, *, #5646, .F. ) ;
#6821 = CONICAL_SURFACE ( 'NONE', #5466, 10.50000000000001243, 0.7853981633974492782 ) ;
#6822 = EDGE_CURVE ( 'NONE', #5444, #759, #5720, .T. ) ;
#6823 = CARTESIAN_POINT ( 'NONE',  ( -9.669329188920521290, 0.000000000000000000, -32.59607450347801461 ) ) ;
#6824 = AXIS2_PLACEMENT_3D ( 'NONE', #5588, #6150, #1147 ) ;
#6825 = FACE_BOUND ( 'NONE', #1322, .T. ) ;
#6826 = CARTESIAN_POINT ( 'NONE',  ( 23.84478856619424647, 10.27054136434617782, -14.50871724273046226 ) ) ;
#6827 = DIRECTION ( 'NONE',  ( 0.000000000000000000, 0.000000000000000000, 1.000000000000000000 ) ) ;
#6828 = VECTOR ( 'NONE', #5895, 1000.000000000000114 ) ;
#6829 = VECTOR ( 'NONE', #2407, 1000.000000000000114 ) ;
#6830 = DIRECTION ( 'NONE',  ( -0.7071067811865544561, 0.000000000000000000, -0.7071067811865406894 ) ) ;
#6831 = VERTEX_POINT ( 'NONE', #4832 ) ;
#6832 = ORIENTED_EDGE ( 'NONE', *, *, #845, .F. ) ;
#6833 = AXIS2_PLACEMENT_3D ( 'NONE', #3517, #1296, #4661 ) ;
#6834 = CALENDAR_DATE ( 2026, 21, 5 ) ;
#6835 = ORIENTED_EDGE ( 'NONE', *, *, #1969, .T. ) ;
#6836 = CARTESIAN_POINT ( 'NONE',  ( 0.000000000000000000, 10.49999999999999467, 0.000000000000000000 ) ) ;
#6837 = AXIS2_PLACEMENT_3D ( 'NONE', #2289, #141, #6214 ) ;
#6838 = CARTESIAN_POINT ( 'NONE',  ( -23.99969311245494197, 10.49828946652046291, 15.64999344893125155 ) ) ;
#6839 = AXIS2_PLACEMENT_3D ( 'NONE', #2716, #1164, #3397 ) ;
#6840 = EDGE_CURVE ( 'NONE', #5382, #2096, #498, .T. ) ;
#6841 = CARTESIAN_POINT ( 'NONE',  ( -27.54768823258925536, 5.999999999999996447, 31.34211627712756609 ) ) ;
#6842 = DIRECTION ( 'NONE',  ( -0.000000000000000000, -1.000000000000000000, -0.000000000000000000 ) ) ;
#6843 = AXIS2_PLACEMENT_3D ( 'NONE', #5504, #3369, #102 ) ;
#6844 = ORIENTED_EDGE ( 'NONE', *, *, #4700, .T. ) ;
#6845 = CIRCLE ( 'NONE', #6157, 6.211657082460492418 ) ;
#6846 = CONICAL_SURFACE ( 'NONE', #6158, 10.50000000000000178, 0.7853981633974500554 ) ;
#6847 = ORIENTED_EDGE ( 'NONE', *, *, #3708, .F. ) ;
#6848 = ORIENTED_EDGE ( 'NONE', *, *, #5278, .T. ) ;
#6849 = CARTESIAN_POINT ( 'NONE',  ( 4.000000000000000000, 2.000000000000000000, 2.061552812808869373 ) ) ;
#6850 = CARTESIAN_POINT ( 'NONE',  ( 16.02934729064369179, 9.663471125789758531, -24.87903970039435109 ) ) ;
#6851 = FACE_BOUND ( 'NONE', #5913, .T. ) ;
#6852 = AXIS2_PLACEMENT_3D ( 'NONE', #21, #547, #5953 ) ;
#6853 = ORIENTED_EDGE ( 'NONE', *, *, #4157, .F. ) ;
#6854 = DIRECTION ( 'NONE',  ( -0.9659258262890674240, 0.000000000000000000, 0.2588190451025237371 ) ) ;
#6855 = ORIENTED_EDGE ( 'NONE', *, *, #4424, .T. ) ;
#6856 = AXIS2_PLACEMENT_3D ( 'NONE', #1466, #6782, #1891 ) ;
#6857 = CIRCLE ( 'NONE', #3790, 1.400000000000001910 ) ;
#6858 = CYLINDRICAL_SURFACE ( 'NONE', #1483, 10.00000000000000178 ) ;
#6859 = DIRECTION ( 'NONE',  ( -0.6710100716628329964, -0.6644630243886736620, 0.3289899283371708338 ) ) ;
#6860 = CARTESIAN_POINT ( 'NONE',  ( 23.00730459930577254, 6.603073792140888187, -31.79191429013224379 ) ) ;
#6861 = DIRECTION ( 'NONE',  ( 1.214865284054842891E-15, 0.000000000000000000, 1.000000000000000000 ) ) ;
#6862 = EDGE_CURVE ( 'NONE', #2205, #5233, #3749, .T. ) ;
#6863 = EDGE_LOOP ( 'NONE', ( #1872, #3337, #103, #5213 ) ) ;
#6864 = VECTOR ( 'NONE', #6345, 1000.000000000000114 ) ;
#6865 = CARTESIAN_POINT ( 'NONE',  ( 25.52500669161253199, 9.296760541840628278, -16.74039700078600390 ) ) ;
#6866 = LINE ( 'NONE', #1005, #5809 ) ;
#6867 = VECTOR ( 'NONE', #940, 1000.000000000000114 ) ;
#6868 = DIRECTION ( 'NONE',  ( 0.000000000000000000, 0.000000000000000000, 1.000000000000000000 ) ) ;
#6869 = CARTESIAN_POINT ( 'NONE',  ( 23.98028928455010345, 10.20417924965538603, -14.74602843558292165 ) ) ;
#6870 = DIRECTION ( 'NONE',  ( 0.000000000000000000, 1.000000000000000000, 0.000000000000000000 ) ) ;
#6871 = EDGE_CURVE ( 'NONE', #616, #1434, #5325, .T. ) ;
#6872 = EDGE_LOOP ( 'NONE', ( #5890, #6167, #5407, #1793 ) ) ;
#6873 = EDGE_LOOP ( 'NONE', ( #5595, #5903, #4861, #2810, #1759 ) ) ;
#6874 = EDGE_LOOP ( 'NONE', ( #5159, #2620, #5324, #5277 ) ) ;
#6875 = CARTESIAN_POINT ( 'NONE',  ( 24.45559879876126175, 9.927079897466150271, -15.47731122237382273 ) ) ;
#6876 = DIRECTION ( 'NONE',  ( 0.5000000000000021094, -0.7071067811865446862, -0.5000000000000019984 ) ) ;
#6877 = VECTOR ( 'NONE', #2576, 1000.000000000000000 ) ;
#6878 = CARTESIAN_POINT ( 'NONE',  ( -27.23472174205808827, 6.124798468254541106, 30.17410943339873342 ) ) ;
#6879 = DIRECTION ( 'NONE',  ( -0.000000000000000000, 1.000000000000000000, -0.000000000000000000 ) ) ;
#6880 = AXIS2_PLACEMENT_3D ( 'NONE', #1745, #1170, #4402 ) ;
#6881 = ORIENTED_EDGE ( 'NONE', *, *, #2841, .T. ) ;
#6882 = CARTESIAN_POINT ( 'NONE',  ( -23.34177589551470788, 10.45521721616009359, 13.45915509768488683 ) ) ;
#6883 = EDGE_CURVE ( 'NONE', #5752, #1302, #5864, .T. ) ;
#6884 = CARTESIAN_POINT ( 'NONE',  ( 27.39046728088561977, 6.041686331607859728, 30.75535969735177844 ) ) ;
#6885 = CARTESIAN_POINT ( 'NONE',  ( 13.78482637474609795, 10.41501712426527071, -23.48193782372229776 ) ) ;
#6886 = VERTEX_POINT ( 'NONE', #4892 ) ;
#6887 = CARTESIAN_POINT ( 'NONE',  ( 4.392304845413264935, 5.499999999999991118, -4.392304845413264047 ) ) ;
#6888 = ORIENTED_EDGE ( 'NONE', *, *, #4455, .T. ) ;
#6889 = EDGE_CURVE ( 'NONE', #45, #30, #4254, .T. ) ;
#6890 = CARTESIAN_POINT ( 'NONE',  ( 24.30405893059447564, 10.02542774068487930, -15.26491273215772182 ) ) ;
#6891 = EDGE_CURVE ( 'NONE', #3526, #3465, #4792, .T. ) ;
#6892 = CARTESIAN_POINT ( 'NONE',  ( -14.00000000000000000, 3.500000000000003109, 19.95618256608033292 ) ) ;
#6893 = DIRECTION ( 'NONE',  ( -0.9659258262890683122, 0.000000000000000000, -0.2588190451025207950 ) ) ;
#6894 = FACE_OUTER_BOUND ( 'NONE', #4462, .T. ) ;
#6895 = VERTEX_POINT ( 'NONE', #3149 ) ;
#6896 = FACE_OUTER_BOUND ( 'NONE', #2908, .T. ) ;
#6897 = LINE ( 'NONE', #6928, #4550 ) ;
#6898 = EDGE_CURVE ( 'NONE', #60, #4062, #3182, .T. ) ;
#6899 = DIRECTION ( 'NONE',  ( 0.000000000000000000, 0.000000000000000000, -1.000000000000000000 ) ) ;
#6900 = CARTESIAN_POINT ( 'NONE',  ( 23.34050541011563595, 10.45609913637077248, -13.45793891395300257 ) ) ;
#6901 = DIRECTION ( 'NONE',  ( -0.000000000000000000, 1.000000000000000000, -0.000000000000000000 ) ) ;
#6902 = FACE_OUTER_BOUND ( 'NONE', #5178, .T. ) ;
#6903 = ORIENTED_EDGE ( 'NONE', *, *, #5041, .F. ) ;
#6904 = ORIENTED_EDGE ( 'NONE', *, *, #2291, .T. ) ;
#6905 = LINE ( 'NONE', #1482, #3529 ) ;
#6906 = EDGE_CURVE ( 'NONE', #263, #2384, #921, .T. ) ;
#6907 = CARTESIAN_POINT ( 'NONE',  ( 13.43502884254437468, 0.000000000000000000, 13.43502884254442620 ) ) ;
#6908 = EDGE_CURVE ( 'NONE', #4935, #5801, #1825, .T. ) ;
#6909 = DIRECTION ( 'NONE',  ( -0.5000000000000072164, 0.7071067811865304753, -0.5000000000000169864 ) ) ;
#6910 = CARTESIAN_POINT ( 'NONE',  ( 13.43502884254442797, 3.499999999999999556, -13.43502884254437468 ) ) ;
#6911 = ORIENTED_EDGE ( 'NONE', *, *, #402, .T. ) ;
#6912 = ORIENTED_EDGE ( 'NONE', *, *, #4693, .F. ) ;
#6913 = ORIENTED_EDGE ( 'NONE', *, *, #6522, .F. ) ;
#6914 = CARTESIAN_POINT ( 'NONE',  ( 31.93071212713137541, 5.999999999999994671, 27.70540201526620905 ) ) ;
#6915 = FACE_OUTER_BOUND ( 'NONE', #87, .T. ) ;
#6916 = CARTESIAN_POINT ( 'NONE',  ( -22.89618891610151152, 10.99999999999979572, -14.81868600646155798 ) ) ;
#6917 = ORIENTED_EDGE ( 'NONE', *, *, #3800, .F. ) ;
#6918 = DIRECTION ( 'NONE',  ( 0.000000000000000000, 0.000000000000000000, 1.000000000000000000 ) ) ;
#6919 = ORIENTED_EDGE ( 'NONE', *, *, #5094, .T. ) ;
#6920 = EDGE_CURVE ( 'NONE', #1309, #4841, #5834, .T. ) ;
#6921 = VERTEX_POINT ( 'NONE', #525 ) ;
#6922 = CARTESIAN_POINT ( 'NONE',  ( 35.64230484541324984, 0.5000000000000004441, 26.85769515458673951 ) ) ;
#6923 = DIRECTION ( 'NONE',  ( -0.6644630243886761045, -0.3420201433256628842, 0.6644630243886762155 ) ) ;
#6924 = EDGE_CURVE ( 'NONE', #4399, #6611, #4756, .T. ) ;
#6925 = DIRECTION ( 'NONE',  ( 0.3289899283371693350, 0.6644630243886679999, 0.6710100716628392137 ) ) ;
#6926 = ORIENTED_EDGE ( 'NONE', *, *, #1157, .F. ) ;
#6927 = CARTESIAN_POINT ( 'NONE',  ( -24.16949739484930504, 10.39692620785910648, -15.88863270537035888 ) ) ;
#6928 = CARTESIAN_POINT ( 'NONE',  ( -35.64230484541325694, 47.00822076650859316, 26.85769515458673595 ) ) ;
#6929 = CARTESIAN_POINT ( 'NONE',  ( 31.25000000000010303, 47.00822076650859316, 31.24999999999988631 ) ) ;
#6930 = CARTESIAN_POINT ( 'NONE',  ( 22.73775256027089142, 10.98881826000890527, -13.26144774118726311 ) ) ;
#6931 = DIRECTION ( 'NONE',  ( -0.2588190451025204619, 0.000000000000000000, -0.9659258262890684232 ) ) ;
#6932 = DIRECTION ( 'NONE',  ( 0.000000000000000000, -1.000000000000000000, 0.000000000000000000 ) ) ;
#6933 = ORIENTED_EDGE ( 'NONE', *, *, #4762, .F. ) ;
#6934 = ORIENTED_EDGE ( 'NONE', *, *, #1683, .T. ) ;
#6935 = EDGE_CURVE ( 'NONE', #1734, #3019, #1187, .T. ) ;
#6936 = CARTESIAN_POINT ( 'NONE',  ( 31.24999999999977973, 47.00822076650859316, -37.46165708246069670 ) ) ;
#6937 = DIRECTION ( 'NONE',  ( 0.000000000000000000, 0.000000000000000000, -1.000000000000000000 ) ) ;
#6938 =( BOUNDED_CURVE ( )  B_SPLINE_CURVE ( 3, ( #4106, #814, #6173, #282 ),
 .UNSPECIFIED., .F., .T. ) 
 B_SPLINE_CURVE_WITH_KNOTS ( ( 4, 4 ),
 ( 2.418858405776368681, 3.141592653589792228 ),
 .UNSPECIFIED. ) 
 CURVE ( )  GEOMETRIC_REPRESENTATION_ITEM ( )  RATIONAL_B_SPLINE_CURVE ( ( 1.000000000000000000, 0.9569428977956558890, 0.9569428977956558890, 1.000000000000000000 ) ) 
 REPRESENTATION_ITEM ( '' )  );
#6939 = AXIS2_PLACEMENT_3D ( 'NONE', #3672, #6267, #6336 ) ;
#6940 = CARTESIAN_POINT ( 'NONE',  ( 25.36991935209967863, 9.609991415435933604, -17.05671418206417655 ) ) ;
#6941 = VECTOR ( 'NONE', #1473, 999.9999999999998863 ) ;
#6942 = CARTESIAN_POINT ( 'NONE',  ( 9.669329188920537277, 11.00000000000000000, -32.59607450347800039 ) ) ;
#6943 = EDGE_LOOP ( 'NONE', ( #1708, #1142, #325, #3510, #4750 ) ) ;
#6944 = ORIENTED_EDGE ( 'NONE', *, *, #1460, .F. ) ;
#6945 = AXIS2_PLACEMENT_3D ( 'NONE', #3446, #3378, #6702 ) ;
#6946 = AXIS2_PLACEMENT_3D ( 'NONE', #253, #2473, #177 ) ;
#6947 = DIRECTION ( 'NONE',  ( -0.7071067811865504593, 0.000000000000000000, -0.7071067811865445751 ) ) ;
#6948 = CARTESIAN_POINT ( 'NONE',  ( -12.83333333333333215, 3.499999999999999556, 17.86912296548309698 ) ) ;
#6949 = AXIS2_PLACEMENT_3D ( 'NONE', #4029, #4333, #6208 ) ;
#6950 = CARTESIAN_POINT ( 'NONE',  ( -13.43502884254437468, 2.000000000000000000, -13.43502884254442797 ) ) ;
#6951 = VERTEX_POINT ( 'NONE', #6487 ) ;
#6952 = DIRECTION ( 'NONE',  ( 0.000000000000000000, 0.7071067811865451302, -0.7071067811865500152 ) ) ;
#6953 = EDGE_CURVE ( 'NONE', #569, #6651, #3875, .T. ) ;
#6954 = EDGE_LOOP ( 'NONE', ( #4101, #5628, #2097, #5423 ) ) ;
#6955 = CARTESIAN_POINT ( 'NONE',  ( -25.40408431028854253, 9.359003117685606554, 16.61947461946201798 ) ) ;
#6956 = VECTOR ( 'NONE', #5351, 1000.000000000000114 ) ;
#6957 = LINE ( 'NONE', #3723, #6682 ) ;
#6958 = CARTESIAN_POINT ( 'NONE',  ( 35.28875145482009401, 0.000000000000000000, 27.21124854517990244 ) ) ;
#6959 = DIRECTION ( 'NONE',  ( 0.000000000000000000, -0.7071067811865500152, -0.7071067811865451302 ) ) ;
#6960 = VERTEX_POINT ( 'NONE', #1500 ) ;
#6961 = VECTOR ( 'NONE', #5389, 1000.000000000000114 ) ;
#6962 = CARTESIAN_POINT ( 'NONE',  ( 27.23472174205787866, 2.999999999999993339, -30.17410943339892526 ) ) ;
#6963 = VECTOR ( 'NONE', #5685, 999.9999999999998863 ) ;
#6964 = CARTESIAN_POINT ( 'NONE',  ( 9.669329188920537277, 11.00000000000000000, -32.59607450347800039 ) ) ;
#6965 = EDGE_CURVE ( 'NONE', #6735, #3471, #598, .T. ) ;
#6966 = LINE ( 'NONE', #6432, #3655 ) ;
#6967 = DIRECTION ( 'NONE',  ( 0.000000000000000000, 0.000000000000000000, -1.000000000000000000 ) ) ;
#6968 = CARTESIAN_POINT ( 'NONE',  ( 9.669329188920537277, 11.00000000000000000, -22.09607450347799684 ) ) ;
#6969 = VERTEX_POINT ( 'NONE', #3913 ) ;
#6970 = ORIENTED_EDGE ( 'NONE', *, *, #6685, .F. ) ;
#6971 = VECTOR ( 'NONE', #3967, 1000.000000000000000 ) ;
#6972 = COORDINATED_UNIVERSAL_TIME_OFFSET ( 8, 0, .AHEAD. ) ;
#6973 = ADVANCED_FACE ( 'NONE', ( #7049 ), #7018, .F. ) ;
#6974 = CARTESIAN_POINT ( 'NONE',  ( -31.25000000000000000, 2.999999999999995559, 29.14999999999999147 ) ) ;
#6975 = DIRECTION ( 'NONE',  ( 0.000000000000000000, -1.000000000000000000, 0.000000000000000000 ) ) ;
#6976 = CIRCLE ( 'NONE', #3349, 23.99999999999999645 ) ;
#6977 = CARTESIAN_POINT ( 'NONE',  ( -22.79803280630464712, 10.97612298647277385, -13.40496628414648050 ) ) ;
#6978 = EDGE_CURVE ( 'NONE', #6141, #2880, #2337, .T. ) ;
#6979 = CARTESIAN_POINT ( 'NONE',  ( 13.43502884254442797, 11.00099999999999945, -12.03502884254437433 ) ) ;
#6980 = ORIENTED_EDGE ( 'NONE', *, *, #5434, .T. ) ;
#6981 = EDGE_CURVE ( 'NONE', #1209, #3183, #2113, .T. ) ;
#6982 = ORIENTED_EDGE ( 'NONE', *, *, #64, .T. ) ;
#6983 = DIRECTION ( 'NONE',  ( 0.000000000000000000, 0.000000000000000000, 1.000000000000000000 ) ) ;
#6984 = EDGE_CURVE ( 'NONE', #5948, #2972, #2184, .T. ) ;
#6985 = DIRECTION ( 'NONE',  ( -0.6779089800432714918, -0.7071067811865473507, 0.2010955364414924729 ) ) ;
#6986 = CARTESIAN_POINT ( 'NONE',  ( 12.83333333333333748, 10.49999999999999467, 17.86912296548310053 ) ) ;
#6987 = VERTEX_POINT ( 'NONE', #4634 ) ;
#6988 = VERTEX_POINT ( 'NONE', #2941 ) ;
#6989 = ORIENTED_EDGE ( 'NONE', *, *, #5011, .F. ) ;
#6990 = CARTESIAN_POINT ( 'NONE',  ( 6.683212821753904187, 0.000000000000000000, -22.52963973034509593 ) ) ;
#6991 = CIRCLE ( 'NONE', #4847, 2.400000000000001243 ) ;
#6992 = DIRECTION ( 'NONE',  ( 0.7071067811865473507, 0.000000000000000000, 0.7071067811865476838 ) ) ;
#6993 = ADVANCED_FACE ( 'NONE', ( #3422 ), #6792, .F. ) ;
#6994 = EDGE_CURVE ( 'NONE', #2939, #2695, #1761, .T. ) ;
#6995 = CARTESIAN_POINT ( 'NONE',  ( 0.000000000000000000, 0.000000000000000000, 0.000000000000000000 ) ) ;
#6996 = CARTESIAN_POINT ( 'NONE',  ( -25.42575222578559391, 5.999999999999996447, -34.21036191661210779 ) ) ;
#6997 = VECTOR ( 'NONE', #2842, 999.9999999999998863 ) ;
#6998 = VERTEX_POINT ( 'NONE', #6116 ) ;
#6999 = FACE_OUTER_BOUND ( 'NONE', #438, .T. ) ;
#7000 = CARTESIAN_POINT ( 'NONE',  ( -31.25000000000000000, 0.5000000000000004441, 31.24999999999999289 ) ) ;
#7001 = CARTESIAN_POINT ( 'NONE',  ( 23.37395230240900545, 10.80544703232890846, -14.63121646203220649 ) ) ;
#7002 = CARTESIAN_POINT ( 'NONE',  ( -31.25000000000031264, 47.00822076650859316, -31.24999999999967315 ) ) ;
#7003 = CARTESIAN_POINT ( 'NONE',  ( 15.77019739016656175, 10.44953121754115699, -24.08353490183356271 ) ) ;
#7004 = ORIENTED_EDGE ( 'NONE', *, *, #3905, .T. ) ;
#7005 = ORIENTED_EDGE ( 'NONE', *, *, #2853, .T. ) ;
#7006 = ORIENTED_EDGE ( 'NONE', *, *, #2516, .F. ) ;
#7007 = CARTESIAN_POINT ( 'NONE',  ( -14.63178679842149243, 10.80532437398113288, -23.37426216359071773 ) ) ;
#7008 = DIRECTION ( 'NONE',  ( 0.000000000000000000, 0.000000000000000000, -1.000000000000000000 ) ) ;
#7009 = ADVANCED_FACE ( 'NONE', ( #5140 ), #2675, .F. ) ;
#7010 = CARTESIAN_POINT ( 'NONE',  ( -23.10482164819716999, 10.90164142627111410, -14.10549575382846399 ) ) ;
#7011 = CARTESIAN_POINT ( 'NONE',  ( 31.24999999999977973, 0.000000000000000000, -31.25000000000020250 ) ) ;
#7012 = ORIENTED_EDGE ( 'NONE', *, *, #6165, .F. ) ;
#7013 = ORIENTED_EDGE ( 'NONE', *, *, #2393, .F. ) ;
#7014 = DIRECTION ( 'NONE',  ( 0.000000000000000000, 1.000000000000000000, 0.000000000000000000 ) ) ;
#7015 = CARTESIAN_POINT ( 'NONE',  ( -33.85680852601884538, 5.999999999999996447, 25.77930561637888829 ) ) ;
#7016 = CARTESIAN_POINT ( 'NONE',  ( 31.25000000000010303, 0.5000000000000004441, 31.24999999999988631 ) ) ;
#7017 = ORIENTED_EDGE ( 'NONE', *, *, #611, .F. ) ;
#7018 = PLANE ( 'NONE',  #2999 ) ;
#7019 = ORIENTED_EDGE ( 'NONE', *, *, #1988, .F. ) ;
#7020 = EDGE_CURVE ( 'NONE', #5687, #3918, #3973, .T. ) ;
#7021 = ORIENTED_EDGE ( 'NONE', *, *, #6342, .F. ) ;
#7022 = DIRECTION ( 'NONE',  ( 0.000000000000000000, 1.000000000000000000, 0.000000000000000000 ) ) ;
#7023 = CARTESIAN_POINT ( 'NONE',  ( 31.24999999999977973, 5.999999999999996447, -36.96165708246068959 ) ) ;
#7024 = CARTESIAN_POINT ( 'NONE',  ( 23.00899376716095190, 0.5000000000000004441, -6.825408839238018111 ) ) ;
#7025 = VERTEX_POINT ( 'NONE', #649 ) ;
#7026 = EDGE_CURVE ( 'NONE', #1236, #1352, #760, .T. ) ;
#7027 = CARTESIAN_POINT ( 'NONE',  ( 32.32589056660199134, 2.999999999999992450, 35.26527825794115500 ) ) ;
#7028 = CARTESIAN_POINT ( 'NONE',  ( 16.74039700078600745, 0.5000000000000004441, -25.52500669161252489 ) ) ;
#7029 = DIRECTION ( 'NONE',  ( 0.000000000000000000, 1.000000000000000000, 0.000000000000000000 ) ) ;
#7030 = CARTESIAN_POINT ( 'NONE',  ( -23.36085798989924101, 6.603073792140888187, -31.43836089953904533 ) ) ;
#7031 = LINE ( 'NONE', #6968, #3201 ) ;
#7032 = ORIENTED_EDGE ( 'NONE', *, *, #25, .F. ) ;
#7033 = ORIENTED_EDGE ( 'NONE', *, *, #2331, .T. ) ;
#7034 = ADVANCED_FACE ( 'NONE', ( #6265 ), #4055, .F. ) ;
#7035 = VECTOR ( 'NONE', #4797, 1000.000000000000114 ) ;
#7036 = CARTESIAN_POINT ( 'NONE',  ( -35.26527825794104132, 2.999999999999992450, 32.32589056660211213 ) ) ;
#7037 = CARTESIAN_POINT ( 'NONE',  ( -14.51631265395616133, 10.27046987466952999, -23.84735509086669936 ) ) ;
#7038 = CARTESIAN_POINT ( 'NONE',  ( -22.97739872109280768, 10.93726233883431398, -13.82873704770517342 ) ) ;
#7039 = AXIS2_PLACEMENT_3D ( 'NONE', #3247, #545, #2169 ) ;
#7040 = DIRECTION ( 'NONE',  ( -0.7071067811865479058, 0.000000000000000000, 0.7071067811865472397 ) ) ;
#7041 = CIRCLE ( 'NONE', #2382, 10.00000000000000000 ) ;
#7042 = ORIENTED_EDGE ( 'NONE', *, *, #4532, .T. ) ;
#7043 = DIRECTION ( 'NONE',  ( -0.7071067811865557884, 0.000000000000000000, -0.7071067811865392461 ) ) ;
#7044 = AXIS2_PLACEMENT_3D ( 'NONE', #762, #4057, #1836 ) ;
#7045 = CARTESIAN_POINT ( 'NONE',  ( -23.30294937992966808, 10.83318750232065497, 14.49886287723841605 ) ) ;
#7046 = AXIS2_PLACEMENT_3D ( 'NONE', #972, #1043, #2518 ) ;
#7047 = FACE_OUTER_BOUND ( 'NONE', #279, .T. ) ;
#7048 = DIRECTION ( 'NONE',  ( 0.2588190451025204619, 0.000000000000000000, 0.9659258262890684232 ) ) ;
#7049 = FACE_OUTER_BOUND ( 'NONE', #2468, .T. ) ;
#7050 = VERTEX_POINT ( 'NONE', #5065 ) ;
#7051 = AXIS2_PLACEMENT_3D ( 'NONE', #5413, #7029, #6461 ) ;
#7052 = ORIENTED_EDGE ( 'NONE', *, *, #6813, .F. ) ;
#7053 = LINE ( 'NONE', #5898, #5008 ) ;
#7054 = DIRECTION ( 'NONE',  ( -0.000000000000000000, -1.000000000000000000, -0.000000000000000000 ) ) ;
#7055 = AXIS2_PLACEMENT_3D ( 'NONE', #2656, #4221, #5901 ) ;
#7056 = CARTESIAN_POINT ( 'NONE',  ( 23.01690092346464311, 10.49999999999999467, 12.53977053546884868 ) ) ;
ENDSEC;
END-ISO-10303-21;
