ISO-10303-21;
HEADER;
FILE_DESCRIPTION (( 'STEP AP203' ),
    '1' );
FILE_NAME ('µÚ¶þÖá×ª½Ó.STEP',
    '2026-05-30T16:06:19',
    ( 'Windows User' ),
    ( 'P R C' ),
    'SwSTEP 2.0',
    'SolidWorks 2024',
    '' );
FILE_SCHEMA (( 'CONFIG_CONTROL_DESIGN' ));
ENDSEC;

DATA;
#1 = ORIENTED_EDGE ( 'NONE', *, *, #1938, .F. ) ;
#2 = EDGE_LOOP ( 'NONE', ( #6114, #2438, #5893, #3258, #3047, #3479, #5528 ) ) ;
#3 = CARTESIAN_POINT ( 'NONE',  ( -1.734723475976807094E-15, 74.50000000000000000, -8.000000000000000000 ) ) ;
#4 = CARTESIAN_POINT ( 'NONE',  ( 11.50000000000000000, -0.0009999999999992653654, 14.50000000000000000 ) ) ;
#5 = DIRECTION ( 'NONE',  ( 0.000000000000000000, 1.000000000000000000, 0.000000000000000000 ) ) ;
#6 = FACE_OUTER_BOUND ( 'NONE', #1680, .T. ) ;
#7 = ORIENTED_EDGE ( 'NONE', *, *, #4824, .F. ) ;
#8 = AXIS2_PLACEMENT_3D ( 'NONE', #7055, #3170, #307 ) ;
#9 = EDGE_LOOP ( 'NONE', ( #2080, #6104, #372, #4827 ) ) ;
#10 = CARTESIAN_POINT ( 'NONE',  ( 15.99999999999999645, 77.00000000000000000, 12.49999999999998757 ) ) ;
#11 = ORIENTED_EDGE ( 'NONE', *, *, #2228, .F. ) ;
#12 = CARTESIAN_POINT ( 'NONE',  ( -0.6998420715340526455, 11.83128825517353455, -4.260933418815820772 ) ) ;
#13 = LINE ( 'NONE', #1251, #2417 ) ;
#14 = CARTESIAN_POINT ( 'NONE',  ( 4.175000000000000711, 37.69800180856846339, -4.500000000000000888 ) ) ;
#15 = ORIENTED_EDGE ( 'NONE', *, *, #7176, .F. ) ;
#16 = ORIENTED_EDGE ( 'NONE', *, *, #166, .F. ) ;
#17 = CARTESIAN_POINT ( 'NONE',  ( 12.00000000000000000, 74.49999999999998579, -10.88675134594812910 ) ) ;
#18 = ADVANCED_FACE ( 'NONE', ( #4351 ), #6645, .F. ) ;
#19 = EDGE_CURVE ( 'NONE', #5351, #1079, #2734, .T. ) ;
#20 = DIRECTION ( 'NONE',  ( 0.000000000000000000, 0.000000000000000000, 1.000000000000000000 ) ) ;
#21 = DIRECTION ( 'NONE',  ( 0.000000000000000000, 0.000000000000000000, 1.000000000000000000 ) ) ;
#22 = CARTESIAN_POINT ( 'NONE',  ( 9.799999999999998934, 77.00000000000000000, -9.443375672974058332 ) ) ;
#23 = DIRECTION ( 'NONE',  ( -0.000000000000000000, 0.000000000000000000, 1.000000000000000000 ) ) ;
#24 = ADVANCED_FACE ( 'NONE', ( #3147 ), #5371, .F. ) ;
#25 = CARTESIAN_POINT ( 'NONE',  ( 6.249999999999997335, 13.10399638286305368, -6.299999999999999822 ) ) ;
#26 = CARTESIAN_POINT ( 'NONE',  ( 6.123233995736766282E-16, 10.00000000000000178, -5.000000000000000000 ) ) ;
#27 = DIRECTION ( 'NONE',  ( -0.000000000000000000, 1.000000000000000000, -0.000000000000000000 ) ) ;
#28 = LINE ( 'NONE', #1132, #2906 ) ;
#29 = ADVANCED_FACE ( 'NONE', ( #7033 ), #1523, .T. ) ;
#30 = CARTESIAN_POINT ( 'NONE',  ( 1.695127366932481117, 12.66295883856619398, -3.500000000000001332 ) ) ;
#31 = CARTESIAN_POINT ( 'NONE',  ( 16.00000000000000000, 19.49999999999999645, 26.00100000000000477 ) ) ;
#32 = LINE ( 'NONE', #5421, #786 ) ;
#33 = CIRCLE ( 'NONE', #6571, 1.100000000000001199 ) ;
#34 = CARTESIAN_POINT ( 'NONE',  ( 3.570714214271423881, 13.00000000000000000, -4.500000000000001776 ) ) ;
#35 = VERTEX_POINT ( 'NONE', #5950 ) ;
#36 = VECTOR ( 'NONE', #5976, 1000.000000000000000 ) ;
#37 = ORIENTED_EDGE ( 'NONE', *, *, #3610, .F. ) ;
#38 = CARTESIAN_POINT ( 'NONE',  ( -11.50000000000000000, 10.20000000000000107, 14.50000000000000000 ) ) ;
#39 = VERTEX_POINT ( 'NONE', #951 ) ;
#40 = CARTESIAN_POINT ( 'NONE',  ( -1.086782799376170283, 11.54500706399485210, -3.852927608669301396 ) ) ;
#41 = FACE_BOUND ( 'NONE', #3435, .T. ) ;
#42 = CARTESIAN_POINT ( 'NONE',  ( 12.00000000000000000, 12.99999999999999822, -12.50000000000000355 ) ) ;
#43 = CIRCLE ( 'NONE', #4136, 2.000000000000000000 ) ;
#44 = ORIENTED_EDGE ( 'NONE', *, *, #473, .T. ) ;
#45 = DIRECTION ( 'NONE',  ( 0.000000000000000000, 1.000000000000000000, 0.000000000000000000 ) ) ;
#46 = AXIS2_PLACEMENT_3D ( 'NONE', #4719, #2484, #6798 ) ;
#47 = DIRECTION ( 'NONE',  ( -0.000000000000000000, 1.000000000000000000, -0.000000000000000000 ) ) ;
#48 = CARTESIAN_POINT ( 'NONE',  ( -2.500000000000002220, 66.00000000000000000, 18.49999999999999645 ) ) ;
#49 = VERTEX_POINT ( 'NONE', #393 ) ;
#50 = CARTESIAN_POINT ( 'NONE',  ( 14.99999999999999467, 20.49999999999999645, -10.50000000000000178 ) ) ;
#51 = FACE_BOUND ( 'NONE', #5148, .T. ) ;
#52 = ORIENTED_EDGE ( 'NONE', *, *, #6536, .T. ) ;
#53 = CIRCLE ( 'NONE', #6013, 2.500000000000000444 ) ;
#54 = ADVANCED_FACE ( 'NONE', ( #2625, #4863 ), #3770, .F. ) ;
#55 = CARTESIAN_POINT ( 'NONE',  ( 8.324999999999990408, 37.69800180856846339, -6.299999999999999822 ) ) ;
#56 = ORIENTED_EDGE ( 'NONE', *, *, #6822, .F. ) ;
#57 = DIRECTION ( 'NONE',  ( 1.000000000000000000, 0.000000000000000000, -3.717264591378872204E-16 ) ) ;
#58 = CARTESIAN_POINT ( 'NONE',  ( 4.175000000000000711, 35.30199819143152240, -6.299999999999999822 ) ) ;
#59 = VECTOR ( 'NONE', #5779, 1000.000000000000114 ) ;
#60 = DIRECTION ( 'NONE',  ( 0.000000000000000000, 0.000000000000000000, 1.000000000000000000 ) ) ;
#61 = CARTESIAN_POINT ( 'NONE',  ( -1.416972511782862210, 12.59237648578409186, -4.500000000000000888 ) ) ;
#62 = ORIENTED_EDGE ( 'NONE', *, *, #243, .T. ) ;
#63 = EDGE_CURVE ( 'NONE', #5860, #5073, #4486, .T. ) ;
#64 = EDGE_CURVE ( 'NONE', #7139, #4493, #4596, .T. ) ;
#65 = VECTOR ( 'NONE', #6455, 1000.000000000000000 ) ;
#66 = AXIS2_PLACEMENT_3D ( 'NONE', #1685, #486, #6624 ) ;
#67 = VERTEX_POINT ( 'NONE', #5018 ) ;
#68 = DIRECTION ( 'NONE',  ( 0.000000000000000000, 0.000000000000000000, -1.000000000000000000 ) ) ;
#69 = ORIENTED_EDGE ( 'NONE', *, *, #2610, .T. ) ;
#70 = AXIS2_PLACEMENT_3D ( 'NONE', #4833, #2637, #286 ) ;
#71 = CARTESIAN_POINT ( 'NONE',  ( 14.99999999999999645, 20.49999999999999645, -5.500000000000005329 ) ) ;
#72 = DIRECTION ( 'NONE',  ( 1.000000000000000000, -0.000000000000000000, 0.000000000000000000 ) ) ;
#73 = AXIS2_PLACEMENT_3D ( 'NONE', #6393, #1882, #6825 ) ;
#74 = DIRECTION ( 'NONE',  ( 1.334402673828313093E-16, 1.000000000000000000, -2.893524555870246131E-32 ) ) ;
#75 = EDGE_CURVE ( 'NONE', #2248, #4931, #1886, .T. ) ;
#76 = VERTEX_POINT ( 'NONE', #542 ) ;
#77 = CIRCLE ( 'NONE', #3242, 1.249999999999997558 ) ;
#78 = AXIS2_PLACEMENT_3D ( 'NONE', #5050, #546, #2195 ) ;
#79 = VERTEX_POINT ( 'NONE', #5692 ) ;
#80 = CARTESIAN_POINT ( 'NONE',  ( 13.99999999999999467, 20.49999999999999645, -11.50000000000000355 ) ) ;
#81 = EDGE_LOOP ( 'NONE', ( #2907, #2025, #6153 ) ) ;
#82 = CARTESIAN_POINT ( 'NONE',  ( 5.999999999999998224, 70.50000000000000000, 17.49999999999999645 ) ) ;
#83 = DIRECTION ( 'NONE',  ( -0.000000000000000000, 1.000000000000000000, -0.000000000000000000 ) ) ;
#84 = DIRECTION ( 'NONE',  ( 0.000000000000000000, 0.000000000000000000, 1.000000000000000000 ) ) ;
#85 = EDGE_CURVE ( 'NONE', #255, #6098, #4539, .T. ) ;
#86 = ORIENTED_EDGE ( 'NONE', *, *, #489, .T. ) ;
#87 = ORIENTED_EDGE ( 'NONE', *, *, #4138, .F. ) ;
#88 = VECTOR ( 'NONE', #3096, 1000.000000000000114 ) ;
#89 = DIRECTION ( 'NONE',  ( 0.000000000000000000, 0.000000000000000000, -1.000000000000000000 ) ) ;
#90 = CARTESIAN_POINT ( 'NONE',  ( 10.49999999999999645, 70.50000000000000000, 18.49999999999999645 ) ) ;
#91 = DIRECTION ( 'NONE',  ( 0.000000000000000000, 0.000000000000000000, -1.000000000000000000 ) ) ;
#92 = DIRECTION ( 'NONE',  ( 1.000000000000000000, 0.000000000000000000, 0.000000000000000000 ) ) ;
#93 = DIRECTION ( 'NONE',  ( 0.000000000000000000, 1.000000000000000000, 0.000000000000000000 ) ) ;
#94 = ORIENTED_EDGE ( 'NONE', *, *, #5281, .F. ) ;
#95 = AXIS2_PLACEMENT_3D ( 'NONE', #3566, #3642, #936 ) ;
#96 = FACE_BOUND ( 'NONE', #1912, .T. ) ;
#97 = FACE_OUTER_BOUND ( 'NONE', #3095, .T. ) ;
#98 = AXIS2_PLACEMENT_3D ( 'NONE', #5771, #5927, #2421 ) ;
#99 = DIRECTION ( 'NONE',  ( -0.8660254037844389297, 0.4999999999999995559, 0.000000000000000000 ) ) ;
#100 = LINE ( 'NONE', #1846, #4543 ) ;
#101 = VERTEX_POINT ( 'NONE', #6816 ) ;
#102 = EDGE_CURVE ( 'NONE', #2873, #1871, #4364, .T. ) ;
#103 = AXIS2_PLACEMENT_3D ( 'NONE', #5949, #3213, #355 ) ;
#104 = ORIENTED_EDGE ( 'NONE', *, *, #4495, .F. ) ;
#105 = DIRECTION ( 'NONE',  ( -2.168404344971008868E-16, 0.000000000000000000, -1.000000000000000000 ) ) ;
#106 = ORIENTED_EDGE ( 'NONE', *, *, #6893, .F. ) ;
#107 = EDGE_CURVE ( 'NONE', #7011, #4422, #3468, .T. ) ;
#108 = ADVANCED_FACE ( 'NONE', ( #3953 ), #6131, .T. ) ;
#109 = CARTESIAN_POINT ( 'NONE',  ( 0.6199632499669736063, 11.79265239825471312, -4.233894402298606252 ) ) ;
#110 = FACE_OUTER_BOUND ( 'NONE', #3186, .T. ) ;
#111 = ORIENTED_EDGE ( 'NONE', *, *, #3111, .T. ) ;
#112 = ORIENTED_EDGE ( 'NONE', *, *, #2343, .F. ) ;
#113 = CARTESIAN_POINT ( 'NONE',  ( 6.250000000000001776, 17.89600361713694809, -4.500000000000001776 ) ) ;
#114 = ADVANCED_FACE ( 'NONE', ( #5650 ), #2783, .F. ) ;
#115 = CARTESIAN_POINT ( 'NONE',  ( 1.040782309706419717, 11.05543538009706772, -3.865144723275985683 ) ) ;
#116 = CARTESIAN_POINT ( 'NONE',  ( -6.360621692292486529, 42.21736227737845581, -4.178218285510536312 ) ) ;
#117 = DIRECTION ( 'NONE',  ( 1.000000000000000000, 0.000000000000000000, -4.336808689942017243E-16 ) ) ;
#118 = ORIENTED_EDGE ( 'NONE', *, *, #3646, .T. ) ;
#119 = VERTEX_POINT ( 'NONE', #4052 ) ;
#120 = CARTESIAN_POINT ( 'NONE',  ( -1.734723475976807094E-15, 78.00000000000000000, -8.000000000000000000 ) ) ;
#121 = EDGE_CURVE ( 'NONE', #2551, #4716, #646, .T. ) ;
#122 = CARTESIAN_POINT ( 'NONE',  ( 0.000000000000000000, 12.00000000000000000, 0.000000000000000000 ) ) ;
#123 = DIRECTION ( 'NONE',  ( -0.000000000000000000, -1.000000000000000000, -0.000000000000000000 ) ) ;
#124 = EDGE_LOOP ( 'NONE', ( #3803, #1376, #6514, #5009 ) ) ;
#125 = CIRCLE ( 'NONE', #4218, 3.499999999999999556 ) ;
#126 = DIRECTION ( 'NONE',  ( 0.000000000000000000, 0.000000000000000000, 1.000000000000000000 ) ) ;
#127 = CARTESIAN_POINT ( 'NONE',  ( -12.00000000000000355, 35.00000000000000000, 8.499999999999996447 ) ) ;
#128 = ORIENTED_EDGE ( 'NONE', *, *, #5585, .T. ) ;
#129 = CARTESIAN_POINT ( 'NONE',  ( 11.50000000000000000, 10.20000000000000107, -16.10000000000000142 ) ) ;
#130 = CARTESIAN_POINT ( 'NONE',  ( 15.99999999999998224, 16.49999999999999289, -9.350000000000008527 ) ) ;
#131 = CARTESIAN_POINT ( 'NONE',  ( -6.000000000000008882, 46.55880831638479123, -3.499999999999998668 ) ) ;
#132 = CARTESIAN_POINT ( 'NONE',  ( -1.695127366932485113, 12.66295883856619575, -4.500000000000000000 ) ) ;
#133 = EDGE_LOOP ( 'NONE', ( #619, #7163 ) ) ;
#134 = VERTEX_POINT ( 'NONE', #6712 ) ;
#135 = CARTESIAN_POINT ( 'NONE',  ( -6.250000000000003553, 36.50000000000000711, -11.49999999999999822 ) ) ;
#136 = DIRECTION ( 'NONE',  ( 0.000000000000000000, -1.000000000000000000, 0.000000000000000000 ) ) ;
#137 = CARTESIAN_POINT ( 'NONE',  ( 16.00000000000000000, 72.50000000000000000, -11.50000000000000355 ) ) ;
#138 = CARTESIAN_POINT ( 'NONE',  ( 15.99999999999999645, 78.00000000000000000, 14.99999999999999645 ) ) ;
#139 = EDGE_CURVE ( 'NONE', #702, #4094, #33, .T. ) ;
#140 = ADVANCED_FACE ( 'NONE', ( #2229, #6204, #96, #1776, #5621, #4462, #1200, #6679, #2887 ), #5119, .F. ) ;
#141 = ADVANCED_FACE ( 'NONE', ( #5586 ), #2821, .F. ) ;
#142 = DIRECTION ( 'NONE',  ( 0.000000000000000000, 0.000000000000000000, -1.000000000000000000 ) ) ;
#143 = DIRECTION ( 'NONE',  ( -1.000000000000000000, -0.000000000000000000, -0.000000000000000000 ) ) ;
#144 = DIRECTION ( 'NONE',  ( -1.000000000000000000, -0.000000000000000000, -0.000000000000000000 ) ) ;
#145 = CARTESIAN_POINT ( 'NONE',  ( 0.000000000000000000, 10.49999999999997513, -26.00000000000000355 ) ) ;
#146 = AXIS2_PLACEMENT_3D ( 'NONE', #438, #1673, #2297 ) ;
#147 = EDGE_CURVE ( 'NONE', #2560, #3844, #850, .T. ) ;
#148 = EDGE_LOOP ( 'NONE', ( #3071, #6862, #7221, #4674 ) ) ;
#149 = DIRECTION ( 'NONE',  ( 0.000000000000000000, 0.000000000000000000, -1.000000000000000000 ) ) ;
#150 = LINE ( 'NONE', #6299, #3934 ) ;
#151 = CARTESIAN_POINT ( 'NONE',  ( -6.000000000000003553, 34.00000000000000000, 2.999999999999997780 ) ) ;
#152 = AXIS2_PLACEMENT_3D ( 'NONE', #637, #1084, #6777 ) ;
#153 = DIRECTION ( 'NONE',  ( -1.000000000000000000, 0.000000000000000000, -0.000000000000000000 ) ) ;
#154 = FACE_OUTER_BOUND ( 'NONE', #3078, .T. ) ;
#155 = VERTEX_POINT ( 'NONE', #5078 ) ;
#156 = ORIENTED_EDGE ( 'NONE', *, *, #4801, .T. ) ;
#157 = EDGE_CURVE ( 'NONE', #6539, #6121, #5316, .T. ) ;
#158 = VECTOR ( 'NONE', #3786, 1000.000000000000000 ) ;
#159 = CARTESIAN_POINT ( 'NONE',  ( 23.63762615825975644, 75.94337567297407077, 17.50000000000000000 ) ) ;
#160 = LINE ( 'NONE', #4464, #995 ) ;
#161 = CARTESIAN_POINT ( 'NONE',  ( 9.512218817557164030, 77.14757498718256556, 15.41426560535134804 ) ) ;
#162 = CARTESIAN_POINT ( 'NONE',  ( -1.325135988593393760E-15, 77.00000000000000000, -5.500000000000000888 ) ) ;
#163 = VERTEX_POINT ( 'NONE', #309 ) ;
#164 = VECTOR ( 'NONE', #6736, 1000.000000000000000 ) ;
#165 = ORIENTED_EDGE ( 'NONE', *, *, #6719, .T. ) ;
#166 = EDGE_CURVE ( 'NONE', #210, #484, #1908, .T. ) ;
#167 = ORIENTED_EDGE ( 'NONE', *, *, #1306, .T. ) ;
#168 = AXIS2_PLACEMENT_3D ( 'NONE', #6855, #237, #1331 ) ;
#169 = CARTESIAN_POINT ( 'NONE',  ( 2.309185455894697814, 12.83728466886235964, -4.500000000000000888 ) ) ;
#170 = CARTESIAN_POINT ( 'NONE',  ( -0.3013603986349708275, 12.07888987938780190, -4.500000000000000888 ) ) ;
#171 = DIRECTION ( 'NONE',  ( 1.000000000000000000, -0.000000000000000000, -0.000000000000000000 ) ) ;
#172 = CARTESIAN_POINT ( 'NONE',  ( -11.50000000000000000, 10.20000000000000107, -14.50000000000000000 ) ) ;
#173 = AXIS2_PLACEMENT_3D ( 'NONE', #2419, #1858, #1250 ) ;
#174 = VECTOR ( 'NONE', #7173, 1000.000000000000000 ) ;
#175 = CARTESIAN_POINT ( 'NONE',  ( -7.000000000000003553, 61.00000000000000000, 10.49999999999999822 ) ) ;
#176 = CIRCLE ( 'NONE', #3229, 1.000000000000000888 ) ;
#177 = AXIS2_PLACEMENT_3D ( 'NONE', #6762, #3926, #516 ) ;
#178 = DIRECTION ( 'NONE',  ( 0.000000000000000000, 1.000000000000000000, 0.000000000000000000 ) ) ;
#179 = PLANE ( 'NONE',  #6478 ) ;
#180 = PLANE ( 'NONE',  #4194 ) ;
#181 = VECTOR ( 'NONE', #753, 1000.000000000000000 ) ;
#182 = AXIS2_PLACEMENT_3D ( 'NONE', #5291, #280, #4242 ) ;
#183 = ORIENTED_EDGE ( 'NONE', *, *, #4104, .F. ) ;
#184 = EDGE_CURVE ( 'NONE', #1300, #4662, #4157, .T. ) ;
#185 = DIRECTION ( 'NONE',  ( 0.000000000000000000, 1.000000000000000000, 0.000000000000000000 ) ) ;
#186 = VERTEX_POINT ( 'NONE', #4632 ) ;
#187 = DIRECTION ( 'NONE',  ( -1.000000000000000000, 0.000000000000000000, 0.000000000000000000 ) ) ;
#188 = CIRCLE ( 'NONE', #2416, 3.500000000000000000 ) ;
#189 = DIRECTION ( 'NONE',  ( 1.000000000000000000, 0.000000000000000000, 0.000000000000000000 ) ) ;
#190 = VECTOR ( 'NONE', #5266, 1000.000000000000000 ) ;
#191 = EDGE_CURVE ( 'NONE', #3637, #5167, #3040, .T. ) ;
#192 = CARTESIAN_POINT ( 'NONE',  ( -5.000000000000007994, 40.91009708890392460, -4.499999999999999112 ) ) ;
#193 = EDGE_CURVE ( 'NONE', #3451, #1230, #4781, .T. ) ;
#194 = DIRECTION ( 'NONE',  ( 0.000000000000000000, 0.000000000000000000, 1.000000000000000000 ) ) ;
#195 = ORIENTED_EDGE ( 'NONE', *, *, #5490, .F. ) ;
#196 = LINE ( 'NONE', #1196, #2938 ) ;
#197 = VERTEX_POINT ( 'NONE', #6994 ) ;
#198 = VECTOR ( 'NONE', #5029, 1000.000000000000000 ) ;
#199 = CARTESIAN_POINT ( 'NONE',  ( -5.000000000000007994, 77.00000000000000000, -3.499999999999999112 ) ) ;
#200 = CARTESIAN_POINT ( 'NONE',  ( -11.00000000000000355, 59.75834261322605556, 9.499999999999998224 ) ) ;
#201 = CARTESIAN_POINT ( 'NONE',  ( -6.000000000000008882, 46.55880831638479123, -3.642166402552169835 ) ) ;
#202 = VERTEX_POINT ( 'NONE', #713 ) ;
#203 = EDGE_CURVE ( 'NONE', #1157, #1318, #2733, .T. ) ;
#204 = DIRECTION ( 'NONE',  ( 0.000000000000000000, 0.000000000000000000, 1.000000000000000000 ) ) ;
#205 = ORIENTED_EDGE ( 'NONE', *, *, #6929, .T. ) ;
#206 = VECTOR ( 'NONE', #861, 1000.000000000000000 ) ;
#207 = CIRCLE ( 'NONE', #923, 4.500000000000000888 ) ;
#208 = VERTEX_POINT ( 'NONE', #6418 ) ;
#209 = LINE ( 'NONE', #5760, #1585 ) ;
#210 = VERTEX_POINT ( 'NONE', #6305 ) ;
#211 = CARTESIAN_POINT ( 'NONE',  ( -1.681991678345613694, 12.10363211567076824, -4.499999999999938716 ) ) ;
#212 = ADVANCED_FACE ( 'NONE', ( #787 ), #1556, .T. ) ;
#213 = DIRECTION ( 'NONE',  ( 2.682704640602047442E-16, -0.5000000000000022204, 0.8660254037844373753 ) ) ;
#214 = CIRCLE ( 'NONE', #801, 1.099999999999997646 ) ;
#215 = AXIS2_PLACEMENT_3D ( 'NONE', #806, #1423, #5267 ) ;
#216 = CARTESIAN_POINT ( 'NONE',  ( -6.250000000000002665, 36.50000000000000711, -8.499999999999996447 ) ) ;
#217 = ORIENTED_EDGE ( 'NONE', *, *, #3429, .F. ) ;
#218 = CARTESIAN_POINT ( 'NONE',  ( -9.000000000000000000, 11.19999999999999929, 3.000000000000001332 ) ) ;
#219 = CARTESIAN_POINT ( 'NONE',  ( 7.350000000000004086, 72.00000000000000000, -11.50000000000000178 ) ) ;
#220 = DIRECTION ( 'NONE',  ( 1.000000000000000000, -0.000000000000000000, -3.717264591378872204E-16 ) ) ;
#221 = ORIENTED_EDGE ( 'NONE', *, *, #2712, .F. ) ;
#222 = EDGE_LOOP ( 'NONE', ( #901, #3390, #3433, #2602 ) ) ;
#223 = ORIENTED_EDGE ( 'NONE', *, *, #6379, .F. ) ;
#224 = CARTESIAN_POINT ( 'NONE',  ( 6.249999999999996447, 72.00000000000000000, -11.50000000000000178 ) ) ;
#225 = ORIENTED_EDGE ( 'NONE', *, *, #1168, .F. ) ;
#226 = DIRECTION ( 'NONE',  ( 0.000000000000000000, -1.000000000000000000, 0.000000000000000000 ) ) ;
#227 = FACE_OUTER_BOUND ( 'NONE', #5845, .T. ) ;
#228 = FACE_OUTER_BOUND ( 'NONE', #6806, .T. ) ;
#229 = FACE_OUTER_BOUND ( 'NONE', #3376, .T. ) ;
#230 = ORIENTED_EDGE ( 'NONE', *, *, #234, .T. ) ;
#231 = SPHERICAL_SURFACE ( 'NONE', #2763, 1.000000000000000000 ) ;
#232 = ORIENTED_EDGE ( 'NONE', *, *, #4227, .T. ) ;
#233 = EDGE_CURVE ( 'NONE', #5047, #6664, #3503, .T. ) ;
#234 = EDGE_CURVE ( 'NONE', #6035, #4958, #6566, .T. ) ;
#235 = CARTESIAN_POINT ( 'NONE',  ( 9.799999999999998934, 72.00000000000000000, -4.500000000000003553 ) ) ;
#236 = CIRCLE ( 'NONE', #5843, 1.000000000000000888 ) ;
#237 = DIRECTION ( 'NONE',  ( 0.000000000000000000, 0.000000000000000000, -1.000000000000000000 ) ) ;
#238 = CARTESIAN_POINT ( 'NONE',  ( -8.400000000000003908, 72.61658075373095755, 4.199999999999992184 ) ) ;
#239 = DIRECTION ( 'NONE',  ( 0.000000000000000000, 0.000000000000000000, -1.000000000000000000 ) ) ;
#240 = EDGE_LOOP ( 'NONE', ( #1115, #520, #2465, #852 ) ) ;
#241 = ORIENTED_EDGE ( 'NONE', *, *, #6168, .F. ) ;
#242 = PERSON_AND_ORGANIZATION ( #6001, #2885 ) ;
#243 = EDGE_CURVE ( 'NONE', #208, #6695, #2491, .T. ) ;
#244 = ORIENTED_EDGE ( 'NONE', *, *, #5566, .F. ) ;
#245 = ORIENTED_EDGE ( 'NONE', *, *, #4824, .T. ) ;
#246 = FACE_OUTER_BOUND ( 'NONE', #3538, .T. ) ;
#247 = DIRECTION ( 'NONE',  ( 1.000000000000000000, -0.000000000000000000, -0.000000000000000000 ) ) ;
#248 = CARTESIAN_POINT ( 'NONE',  ( -11.00000000000000355, 30.50000000000000355, 2.999999999999997780 ) ) ;
#249 = ORIENTED_EDGE ( 'NONE', *, *, #3452, .T. ) ;
#250 = ADVANCED_FACE ( 'NONE', ( #1405 ), #6918, .F. ) ;
#251 = DIRECTION ( 'NONE',  ( 0.000000000000000000, 0.000000000000000000, 1.000000000000000000 ) ) ;
#252 = DIRECTION ( 'NONE',  ( 1.000000000000000000, 0.000000000000000000, 0.000000000000000000 ) ) ;
#253 = DIRECTION ( 'NONE',  ( 1.000000000000000000, -0.000000000000000000, -3.717264591378872204E-16 ) ) ;
#254 = CARTESIAN_POINT ( 'NONE',  ( -8.500000000000003553, 60.00000000000000000, 18.49999999999999645 ) ) ;
#255 = VERTEX_POINT ( 'NONE', #3059 ) ;
#256 = VERTEX_POINT ( 'NONE', #5753 ) ;
#257 = CARTESIAN_POINT ( 'NONE',  ( -6.999999999999998224, 41.44119168361520167, -3.499999999999998224 ) ) ;
#258 = ORIENTED_EDGE ( 'NONE', *, *, #3248, .T. ) ;
#259 = CARTESIAN_POINT ( 'NONE',  ( 9.499999999999998224, 87.55248658727141731, 12.49999999999998934 ) ) ;
#260 = CARTESIAN_POINT ( 'NONE',  ( 0.000000000000000000, 0.000000000000000000, 0.000000000000000000 ) ) ;
#261 = CARTESIAN_POINT ( 'NONE',  ( -5.067599137047730018, 41.90793644331863987, -5.499907276196749351 ) ) ;
#262 = LINE ( 'NONE', #6633, #1040 ) ;
#263 = EDGE_LOOP ( 'NONE', ( #86, #5639, #1301, #7088 ) ) ;
#264 = CYLINDRICAL_SURFACE ( 'NONE', #8, 1.249999999999998446 ) ;
#265 = ORIENTED_EDGE ( 'NONE', *, *, #2351, .F. ) ;
#266 = DIRECTION ( 'NONE',  ( -0.000000000000000000, 0.8660254037844384856, 0.5000000000000004441 ) ) ;
#267 = CIRCLE ( 'NONE', #3791, 3.000000000000001332 ) ;
#268 = CARTESIAN_POINT ( 'NONE',  ( 10.49999999999999645, 77.00000000000000000, 12.49999999999998757 ) ) ;
#269 = LINE ( 'NONE', #859, #429 ) ;
#270 = DIRECTION ( 'NONE',  ( 1.000000000000000000, 0.000000000000000000, 0.000000000000000000 ) ) ;
#271 = ORIENTED_EDGE ( 'NONE', *, *, #601, .T. ) ;
#272 = PRODUCT_DEFINITION ( 'æœ', '', #3823, #1283 ) ;
#273 = EDGE_CURVE ( 'NONE', #2050, #5741, #2398, .T. ) ;
#274 = AXIS2_PLACEMENT_3D ( 'NONE', #6550, #2690, #7048 ) ;
#275 = DATE_AND_TIME ( #319, #3830 ) ;
#276 = ORIENTED_EDGE ( 'NONE', *, *, #3292, .F. ) ;
#277 = EDGE_LOOP ( 'NONE', ( #4086, #5658, #5261, #5001 ) ) ;
#278 = FACE_OUTER_BOUND ( 'NONE', #124, .T. ) ;
#279 = CIRCLE ( 'NONE', #46, 3.000000000000001332 ) ;
#280 = DIRECTION ( 'NONE',  ( -0.000000000000000000, 1.000000000000000000, -0.000000000000000000 ) ) ;
#281 = CARTESIAN_POINT ( 'NONE',  ( -11.00000000000000355, 74.50000000000000000, 17.49999999999999645 ) ) ;
#282 = EDGE_CURVE ( 'NONE', #491, #6156, #4839, .T. ) ;
#283 = EDGE_CURVE ( 'NONE', #7211, #7093, #1330, .T. ) ;
#284 = EDGE_LOOP ( 'NONE', ( #4210, #4219 ) ) ;
#285 = CIRCLE ( 'NONE', #5769, 24.49999999999998934 ) ;
#286 = DIRECTION ( 'NONE',  ( 0.000000000000000000, 0.000000000000000000, -1.000000000000000000 ) ) ;
#287 = CARTESIAN_POINT ( 'NONE',  ( -11.00000000000000355, 12.00000000000000000, -10.49999999999999822 ) ) ;
#288 = AXIS2_PLACEMENT_3D ( 'NONE', #287, #6938, #698 ) ;
#289 = FACE_OUTER_BOUND ( 'NONE', #6699, .T. ) ;
#290 = CARTESIAN_POINT ( 'NONE',  ( -6.253969901901505146, 45.84446318371385587, -4.500000000000000888 ) ) ;
#291 = EDGE_CURVE ( 'NONE', #35, #963, #6381, .T. ) ;
#292 = ORIENTED_EDGE ( 'NONE', *, *, #2486, .F. ) ;
#293 = VECTOR ( 'NONE', #7201, 1000.000000000000114 ) ;
#294 = VECTOR ( 'NONE', #247, 1000.000000000000000 ) ;
#295 = LINE ( 'NONE', #4923, #158 ) ;
#296 = VERTEX_POINT ( 'NONE', #3612 ) ;
#297 = CARTESIAN_POINT ( 'NONE',  ( -2.925329940443798016, 13.00000000000000000, -4.500000000000000000 ) ) ;
#298 = LINE ( 'NONE', #5354, #317 ) ;
#299 = ORIENTED_EDGE ( 'NONE', *, *, #4091, .T. ) ;
#300 = CC_DESIGN_APPROVAL ( #3099, ( #3823 ) ) ;
#301 = LINE ( 'NONE', #5355, #2888 ) ;
#302 = DIRECTION ( 'NONE',  ( -1.000000000000000000, 0.000000000000000000, 3.717264591378872697E-16 ) ) ;
#303 = EDGE_CURVE ( 'NONE', #5627, #2128, #267, .T. ) ;
#304 = VECTOR ( 'NONE', #2140, 1000.000000000000000 ) ;
#305 = VERTEX_POINT ( 'NONE', #6481 ) ;
#306 = AXIS2_PLACEMENT_3D ( 'NONE', #5748, #743, #4887 ) ;
#307 = DIRECTION ( 'NONE',  ( 0.000000000000000000, 0.000000000000000000, 1.000000000000000000 ) ) ;
#308 = VECTOR ( 'NONE', #1742, 1000.000000000000000 ) ;
#309 = CARTESIAN_POINT ( 'NONE',  ( -12.00000000000000355, 63.50000000000000000, 17.49999999999999645 ) ) ;
#310 = AXIS2_PLACEMENT_3D ( 'NONE', #1314, #1888, #6873 ) ;
#311 = ORIENTED_EDGE ( 'NONE', *, *, #6544, .F. ) ;
#312 = LINE ( 'NONE', #2545, #4386 ) ;
#313 = DIRECTION ( 'NONE',  ( 0.2796234976026412133, 0.9601097330974547317, 0.000000000000000000 ) ) ;
#314 = CARTESIAN_POINT ( 'NONE',  ( 0.000000000000000000, 12.00000000000000000, 0.000000000000000000 ) ) ;
#315 = ORIENTED_EDGE ( 'NONE', *, *, #3429, .T. ) ;
#316 = CARTESIAN_POINT ( 'NONE',  ( 10.49999999999999645, 74.50000000000000000, 14.99999999999999645 ) ) ;
#317 = VECTOR ( 'NONE', #6988, 1000.000000000000000 ) ;
#318 = ORIENTED_EDGE ( 'NONE', *, *, #4365, .T. ) ;
#319 = CALENDAR_DATE ( 2026, 31, 5 ) ;
#320 = ADVANCED_FACE ( 'NONE', ( #6559 ), #1550, .F. ) ;
#321 = ORIENTED_EDGE ( 'NONE', *, *, #2395, .T. ) ;
#322 = VECTOR ( 'NONE', #2403, 1000.000000000000000 ) ;
#323 = CYLINDRICAL_SURFACE ( 'NONE', #773, 2.500000000000000444 ) ;
#324 = DIRECTION ( 'NONE',  ( 0.000000000000000000, 1.000000000000000000, -0.000000000000000000 ) ) ;
#325 = CARTESIAN_POINT ( 'NONE',  ( 15.99999999999999645, 78.00000000000000000, 14.99999999999999645 ) ) ;
#326 = ORIENTED_EDGE ( 'NONE', *, *, #3224, .F. ) ;
#327 = AXIS2_PLACEMENT_3D ( 'NONE', #50, #3424, #6268 ) ;
#328 = EDGE_CURVE ( 'NONE', #101, #603, #3839, .T. ) ;
#329 = ADVANCED_FACE ( 'NONE', ( #3794 ), #3547, .T. ) ;
#330 = CARTESIAN_POINT ( 'NONE',  ( 8.324999999999990408, 37.69800180856846339, -6.299999999999999822 ) ) ;
#331 = ORIENTED_EDGE ( 'NONE', *, *, #4110, .T. ) ;
#332 = CARTESIAN_POINT ( 'NONE',  ( -5.868318987088882999, 41.27722057335427053, -4.011940324440215200 ) ) ;
#333 = AXIS2_PLACEMENT_3D ( 'NONE', #5885, #335, #3705 ) ;
#334 = DIRECTION ( 'NONE',  ( -1.000000000000000000, 0.000000000000000000, 2.168404344971008868E-16 ) ) ;
#335 = DIRECTION ( 'NONE',  ( 1.000000000000000000, 0.000000000000000000, -2.409338161078897701E-16 ) ) ;
#336 = VERTEX_POINT ( 'NONE', #6526 ) ;
#337 = VERTEX_POINT ( 'NONE', #4308 ) ;
#338 = AXIS2_PLACEMENT_3D ( 'NONE', #3863, #5525, #3894 ) ;
#339 = EDGE_CURVE ( 'NONE', #6926, #5233, #1052, .T. ) ;
#340 = CARTESIAN_POINT ( 'NONE',  ( 0.000000000000000000, 11.00000000000000000, 0.000000000000000000 ) ) ;
#341 = EDGE_LOOP ( 'NONE', ( #3044, #1001, #225, #2842 ) ) ;
#342 = CARTESIAN_POINT ( 'NONE',  ( 0.000000000000000000, 74.50000000000000000, 14.99999999999999645 ) ) ;
#343 = CARTESIAN_POINT ( 'NONE',  ( -2.500000000000002220, 67.00000000000000000, 18.49999999999999645 ) ) ;
#344 = ORIENTED_EDGE ( 'NONE', *, *, #2962, .F. ) ;
#345 = CARTESIAN_POINT ( 'NONE',  ( -5.101778046625145890, 41.90537673578359801, -4.495172748683163633 ) ) ;
#346 = LINE ( 'NONE', #2575, #457 ) ;
#347 = VERTEX_POINT ( 'NONE', #7177 ) ;
#348 = FACE_OUTER_BOUND ( 'NONE', #1098, .T. ) ;
#349 = ORIENTED_EDGE ( 'NONE', *, *, #942, .F. ) ;
#350 = EDGE_CURVE ( 'NONE', #383, #4435, #5899, .T. ) ;
#351 = DIRECTION ( 'NONE',  ( 0.000000000000000000, 0.000000000000000000, -1.000000000000000000 ) ) ;
#352 = LINE ( 'NONE', #976, #1338 ) ;
#353 = DIRECTION ( 'NONE',  ( 0.8660254037844387076, -0.4999999999999997780, 0.000000000000000000 ) ) ;
#354 = CARTESIAN_POINT ( 'NONE',  ( 0.000000000000000000, 12.00000000000000000, 0.000000000000000000 ) ) ;
#355 = DIRECTION ( 'NONE',  ( 0.000000000000000000, 0.000000000000000000, -1.000000000000000000 ) ) ;
#356 = VERTEX_POINT ( 'NONE', #423 ) ;
#357 = APPLICATION_PROTOCOL_DEFINITION ( 'international standard', 'config_control_design', 1994, #3041 ) ;
#358 = AXIS2_PLACEMENT_3D ( 'NONE', #899, #5939, #5826 ) ;
#359 = EDGE_LOOP ( 'NONE', ( #2258, #3310 ) ) ;
#360 = CARTESIAN_POINT ( 'NONE',  ( -6.000000000000008882, 35.00000000000000000, -4.499999999999999112 ) ) ;
#361 = CARTESIAN_POINT ( 'NONE',  ( 1.556765613439190288, 12.62266225036489864, -4.500000000000000888 ) ) ;
#362 = DIRECTION ( 'NONE',  ( 0.000000000000000000, 0.000000000000000000, 1.000000000000000000 ) ) ;
#363 = VECTOR ( 'NONE', #6338, 1000.000000000000000 ) ;
#364 = ORIENTED_EDGE ( 'NONE', *, *, #1455, .T. ) ;
#365 = DIRECTION ( 'NONE',  ( 0.000000000000000000, 0.000000000000000000, -1.000000000000000000 ) ) ;
#366 = ORIENTED_EDGE ( 'NONE', *, *, #4997, .T. ) ;
#367 = DIRECTION ( 'NONE',  ( 0.000000000000000000, 0.000000000000000000, 1.000000000000000000 ) ) ;
#368 = CARTESIAN_POINT ( 'NONE',  ( 16.00000000000000000, 61.00000000000000000, 17.49999999999999645 ) ) ;
#369 = DIRECTION ( 'NONE',  ( 0.000000000000000000, 0.000000000000000000, 1.000000000000000000 ) ) ;
#370 = EDGE_CURVE ( 'NONE', #3987, #4319, #6576, .T. ) ;
#371 = ADVANCED_FACE ( 'NONE', ( #7026 ), #2660, .F. ) ;
#372 = ORIENTED_EDGE ( 'NONE', *, *, #5556, .F. ) ;
#373 = LINE ( 'NONE', #2604, #1689 ) ;
#374 = ORIENTED_EDGE ( 'NONE', *, *, #5035, .F. ) ;
#375 = DIRECTION ( 'NONE',  ( 0.000000000000000000, 0.000000000000000000, 1.000000000000000000 ) ) ;
#376 = LINE ( 'NONE', #1507, #198 ) ;
#377 = VERTEX_POINT ( 'NONE', #5470 ) ;
#378 = VERTEX_POINT ( 'NONE', #6059 ) ;
#379 = FACE_OUTER_BOUND ( 'NONE', #6139, .T. ) ;
#380 = CARTESIAN_POINT ( 'NONE',  ( -12.00000000000000355, 78.00000000000000000, -1.500000000000001332 ) ) ;
#381 = CARTESIAN_POINT ( 'NONE',  ( 0.000000000000000000, 0.5000000000000004441, 0.000000000000000000 ) ) ;
#382 = ADVANCED_FACE ( 'NONE', ( #4968 ), #1587, .F. ) ;
#383 = VERTEX_POINT ( 'NONE', #498 ) ;
#384 = LINE ( 'NONE', #2061, #3666 ) ;
#385 = LINE ( 'NONE', #7063, #4728 ) ;
#386 = LINE ( 'NONE', #907, #3583 ) ;
#387 = AXIS2_PLACEMENT_3D ( 'NONE', #2030, #4278, #1485 ) ;
#388 = FACE_OUTER_BOUND ( 'NONE', #1539, .T. ) ;
#389 = EDGE_LOOP ( 'NONE', ( #1190, #7133, #3105, #747 ) ) ;
#390 = CARTESIAN_POINT ( 'NONE',  ( -6.000000000000002665, 70.50000000000000000, 12.49999999999999467 ) ) ;
#391 = EDGE_CURVE ( 'NONE', #832, #2559, #384, .T. ) ;
#392 = AXIS2_PLACEMENT_3D ( 'NONE', #5640, #3907, #3455 ) ;
#393 = CARTESIAN_POINT ( 'NONE',  ( 12.00000000000000000, 75.94337567297407077, 17.50000000000000000 ) ) ;
#394 = ORIENTED_EDGE ( 'NONE', *, *, #1436, .F. ) ;
#395 = CARTESIAN_POINT ( 'NONE',  ( -5.101778046625131680, 46.09462326421640199, -4.495172748683152975 ) ) ;
#396 = LINE ( 'NONE', #2628, #1126 ) ;
#397 = FACE_OUTER_BOUND ( 'NONE', #2321, .T. ) ;
#398 = DIRECTION ( 'NONE',  ( -1.000000000000000000, -0.000000000000000000, -0.000000000000000000 ) ) ;
#399 = EDGE_CURVE ( 'NONE', #6156, #2278, #5942, .T. ) ;
#400 = ORIENTED_EDGE ( 'NONE', *, *, #2971, .T. ) ;
#401 = VERTEX_POINT ( 'NONE', #4852 ) ;
#402 = AXIS2_PLACEMENT_3D ( 'NONE', #4221, #2008, #4336 ) ;
#403 = CARTESIAN_POINT ( 'NONE',  ( 4.174999999999997158, 14.30199819143152595, -6.299999999999999822 ) ) ;
#404 = FACE_OUTER_BOUND ( 'NONE', #6913, .T. ) ;
#405 = DIRECTION ( 'NONE',  ( -0.000000000000000000, 1.000000000000000000, -0.000000000000000000 ) ) ;
#406 = CARTESIAN_POINT ( 'NONE',  ( -11.00000000000000355, 30.50000000000000355, 2.999999999999997780 ) ) ;
#407 = AXIS2_PLACEMENT_3D ( 'NONE', #5588, #6239, #6206 ) ;
#408 = ORIENTED_EDGE ( 'NONE', *, *, #1619, .T. ) ;
#409 = ORIENTED_EDGE ( 'NONE', *, *, #3111, .F. ) ;
#410 = EDGE_CURVE ( 'NONE', #3154, #4037, #2965, .T. ) ;
#411 = DIRECTION ( 'NONE',  ( 0.000000000000000000, 0.4999999999999983347, 0.8660254037844397068 ) ) ;
#412 = CIRCLE ( 'NONE', #1000, 1.000000000000000000 ) ;
#413 = ORIENTED_EDGE ( 'NONE', *, *, #1312, .F. ) ;
#414 = DIRECTION ( 'NONE',  ( 0.000000000000000000, 0.000000000000000000, -1.000000000000000000 ) ) ;
#415 = DIRECTION ( 'NONE',  ( 0.000000000000000000, 0.000000000000000000, 1.000000000000000000 ) ) ;
#416 = DIRECTION ( 'NONE',  ( -2.682704640602058288E-16, 0.4999999999999998890, -0.8660254037844387076 ) ) ;
#417 = DIRECTION ( 'NONE',  ( 1.000000000000000000, 0.000000000000000000, 0.000000000000000000 ) ) ;
#418 = CARTESIAN_POINT ( 'NONE',  ( -0.2499999999999993616, 17.00000000000000000, -11.50000000000000000 ) ) ;
#419 = EDGE_LOOP ( 'NONE', ( #748, #4262, #3009, #1353, #5430, #3864, #6564, #165, #3931, #2806, #3900, #4950, #3162, #2980, #4372 ) ) ;
#420 = CIRCLE ( 'NONE', #6365, 1.000000000000000000 ) ;
#421 = AXIS2_PLACEMENT_3D ( 'NONE', #2431, #4223, #5718 ) ;
#422 = EDGE_LOOP ( 'NONE', ( #5268, #813, #232, #2520 ) ) ;
#423 = CARTESIAN_POINT ( 'NONE',  ( -7.350000000000000533, 44.00000000000000000, -4.500000000000000888 ) ) ;
#424 = AXIS2_PLACEMENT_3D ( 'NONE', #2485, #4211, #4763 ) ;
#425 = EDGE_CURVE ( 'NONE', #4838, #4319, #627, .T. ) ;
#426 = ORIENTED_EDGE ( 'NONE', *, *, #1856, .T. ) ;
#427 = EDGE_CURVE ( 'NONE', #4381, #2118, #1513, .T. ) ;
#428 = CARTESIAN_POINT ( 'NONE',  ( -12.00000000000000355, 30.50000000000000355, -1.500000000000002220 ) ) ;
#429 = VECTOR ( 'NONE', #5795, 1000.000000000000000 ) ;
#430 = DIRECTION ( 'NONE',  ( -1.000000000000000000, -0.000000000000000000, -0.000000000000000000 ) ) ;
#431 = VECTOR ( 'NONE', #2201, 1000.000000000000000 ) ;
#432 = CARTESIAN_POINT ( 'NONE',  ( -7.000000000000003553, 35.00000000000000000, 8.499999999999996447 ) ) ;
#433 = ORIENTED_EDGE ( 'NONE', *, *, #6899, .T. ) ;
#434 = FACE_BOUND ( 'NONE', #446, .T. ) ;
#435 = EDGE_LOOP ( 'NONE', ( #2614, #6906, #1987, #4772 ) ) ;
#436 = AXIS2_PLACEMENT_3D ( 'NONE', #6470, #2432, #3014 ) ;
#437 = VECTOR ( 'NONE', #1606, 1000.000000000000000 ) ;
#438 = CARTESIAN_POINT ( 'NONE',  ( 16.00000000000000000, 78.00000000000000000, -4.500000000000003553 ) ) ;
#439 = EDGE_CURVE ( 'NONE', #5860, #2953, #1477, .T. ) ;
#440 = CARTESIAN_POINT ( 'NONE',  ( -12.00000000000000355, 78.00000000000000000, -10.45000000000000107 ) ) ;
#441 = DIRECTION ( 'NONE',  ( 1.000000000000000000, -0.000000000000000000, 1.224646799147353207E-16 ) ) ;
#442 = PLANE ( 'NONE',  #7074 ) ;
#443 = CARTESIAN_POINT ( 'NONE',  ( 0.6526878091730307085, 11.79231348150986491, -4.231870991827506145 ) ) ;
#444 = CIRCLE ( 'NONE', #5118, 1.000000000000000000 ) ;
#445 = ORIENTED_EDGE ( 'NONE', *, *, #6632, .F. ) ;
#446 = EDGE_LOOP ( 'NONE', ( #2592, #2915 ) ) ;
#447 = ORIENTED_EDGE ( 'NONE', *, *, #1094, .F. ) ;
#448 = AXIS2_PLACEMENT_3D ( 'NONE', #547, #3918, #1716 ) ;
#449 = ORIENTED_EDGE ( 'NONE', *, *, #75, .T. ) ;
#450 = EDGE_CURVE ( 'NONE', #1802, #4420, #7160, .T. ) ;
#451 = DIRECTION ( 'NONE',  ( -0.2796234976026192309, 0.9601097330974611710, 0.000000000000000000 ) ) ;
#452 = PLANE ( 'NONE',  #2995 ) ;
#453 = CARTESIAN_POINT ( 'NONE',  ( -12.00000000000000355, 71.00000000000000000, 6.999999999999997335 ) ) ;
#454 = PLANE ( 'NONE',  #5364 ) ;
#455 = VECTOR ( 'NONE', #5311, 1000.000000000000000 ) ;
#456 = EDGE_LOOP ( 'NONE', ( #6044, #5709, #5085, #6810 ) ) ;
#457 = VECTOR ( 'NONE', #4811, 1000.000000000000000 ) ;
#458 = ORIENTED_EDGE ( 'NONE', *, *, #4912, .F. ) ;
#459 = DIRECTION ( 'NONE',  ( 3.717264591378872697E-16, -0.000000000000000000, 1.000000000000000000 ) ) ;
#460 = DIRECTION ( 'NONE',  ( 1.000000000000000000, -0.000000000000000000, -3.717264591378872204E-16 ) ) ;
#461 = CARTESIAN_POINT ( 'NONE',  ( 9.799999999999998934, 72.00000000000000000, -9.443375672974068991 ) ) ;
#462 = CARTESIAN_POINT ( 'NONE',  ( 6.249999999999992895, 38.89600361713693388, -6.299999999999999822 ) ) ;
#463 = CARTESIAN_POINT ( 'NONE',  ( 6.249999999999997335, 36.50000000000000711, -8.500000000000000000 ) ) ;
#464 = ORIENTED_EDGE ( 'NONE', *, *, #3962, .F. ) ;
#465 = CARTESIAN_POINT ( 'NONE',  ( -8.000000000000003553, 40.99999999999999289, -9.000000000000003553 ) ) ;
#466 = AXIS2_PLACEMENT_3D ( 'NONE', #3407, #2865, #6249 ) ;
#467 = CARTESIAN_POINT ( 'NONE',  ( -5.250000000000001776, 44.00000000000000000, -4.500000000000000888 ) ) ;
#468 = ORIENTED_EDGE ( 'NONE', *, *, #4566, .T. ) ;
#469 = CARTESIAN_POINT ( 'NONE',  ( -12.00000000000000355, 42.16619037896905553, -10.50000000000000000 ) ) ;
#470 = ORIENTED_EDGE ( 'NONE', *, *, #1632, .F. ) ;
#471 = CARTESIAN_POINT ( 'NONE',  ( -6.000000000000003553, 69.38341924626902824, 9.800000000000004263 ) ) ;
#472 = ORIENTED_EDGE ( 'NONE', *, *, #3298, .T. ) ;
#473 = EDGE_CURVE ( 'NONE', #39, #6014, #7105, .T. ) ;
#474 = EDGE_CURVE ( 'NONE', #2744, #2873, #513, .T. ) ;
#475 = ORIENTED_EDGE ( 'NONE', *, *, #3646, .F. ) ;
#476 = CARTESIAN_POINT ( 'NONE',  ( 3.184081677783118585E-15, 10.49999999999997513, 26.00000000000000355 ) ) ;
#477 = LINE ( 'NONE', #4980, #2522 ) ;
#478 = ORIENTED_EDGE ( 'NONE', *, *, #1057, .F. ) ;
#479 = DIRECTION ( 'NONE',  ( 0.000000000000000000, 0.000000000000000000, 1.000000000000000000 ) ) ;
#480 = LINE ( 'NONE', #5023, #5584 ) ;
#481 = ORIENTED_EDGE ( 'NONE', *, *, #2932, .F. ) ;
#482 = EDGE_CURVE ( 'NONE', #3324, #1958, #5995, .T. ) ;
#483 = ORIENTED_EDGE ( 'NONE', *, *, #1787, .T. ) ;
#484 = VERTEX_POINT ( 'NONE', #17 ) ;
#485 = DIRECTION ( 'NONE',  ( 1.000000000000000000, -0.000000000000000000, 0.000000000000000000 ) ) ;
#486 = DIRECTION ( 'NONE',  ( 0.000000000000000000, 1.000000000000000000, 0.000000000000000000 ) ) ;
#487 = VECTOR ( 'NONE', #1670, 1000.000000000000000 ) ;
#488 = CARTESIAN_POINT ( 'NONE',  ( -11.50000000000000000, 10.20000000000000107, 14.50000000000000000 ) ) ;
#489 = EDGE_CURVE ( 'NONE', #7031, #5869, #3419, .T. ) ;
#490 = EDGE_LOOP ( 'NONE', ( #4667, #374 ) ) ;
#491 = VERTEX_POINT ( 'NONE', #6195 ) ;
#492 = FACE_OUTER_BOUND ( 'NONE', #240, .T. ) ;
#493 = ORIENTED_EDGE ( 'NONE', *, *, #4762, .T. ) ;
#494 = CARTESIAN_POINT ( 'NONE',  ( 9.799999999999998934, 72.00000000000000000, -4.500000000000003553 ) ) ;
#495 = CARTESIAN_POINT ( 'NONE',  ( -11.00000000000000355, 74.50000000000000000, -10.49999999999999822 ) ) ;
#496 = FACE_OUTER_BOUND ( 'NONE', #3212, .T. ) ;
#497 = VERTEX_POINT ( 'NONE', #1221 ) ;
#498 = CARTESIAN_POINT ( 'NONE',  ( -6.000000000000002665, 61.00000000000000000, 11.49999999999999467 ) ) ;
#499 = DIRECTION ( 'NONE',  ( 1.000000000000000000, 0.000000000000000000, -3.717264591378872204E-16 ) ) ;
#500 = DIRECTION ( 'NONE',  ( -1.000000000000000000, 0.000000000000000000, 0.000000000000000000 ) ) ;
#501 = CARTESIAN_POINT ( 'NONE',  ( 8.324999999999990408, 35.30199819143152951, -4.500000000000000888 ) ) ;
#502 = CARTESIAN_POINT ( 'NONE',  ( 1.750000000000004219, 35.00000000000000000, -11.50000000000000000 ) ) ;
#503 = ORIENTED_EDGE ( 'NONE', *, *, #5381, .T. ) ;
#504 = LINE ( 'NONE', #3808, #3923 ) ;
#505 = CARTESIAN_POINT ( 'NONE',  ( -8.400000000000003908, 74.23316150746191511, 6.999999999999986677 ) ) ;
#506 = CC_DESIGN_PERSON_AND_ORGANIZATION_ASSIGNMENT ( #794, #3103, ( #4050 ) ) ;
#507 = EDGE_CURVE ( 'NONE', #1206, #3667, #4565, .T. ) ;
#508 = CARTESIAN_POINT ( 'NONE',  ( 12.99999999999999822, 20.49999999999999645, -5.500000000000005329 ) ) ;
#509 = CARTESIAN_POINT ( 'NONE',  ( -12.00000000000000355, 40.99999999999999289, -7.100000000000003197 ) ) ;
#510 = VECTOR ( 'NONE', #1986, 1000.000000000000000 ) ;
#511 = ORIENTED_EDGE ( 'NONE', *, *, #2515, .F. ) ;
#512 = CARTESIAN_POINT ( 'NONE',  ( -26.00100000000001188, 74.50000000000000000, 16.35000000000001208 ) ) ;
#513 = CIRCLE ( 'NONE', #5758, 24.50000000000000000 ) ;
#514 = EDGE_CURVE ( 'NONE', #5741, #210, #4531, .T. ) ;
#515 = ADVANCED_FACE ( 'NONE', ( #4453 ), #2254, .T. ) ;
#516 = DIRECTION ( 'NONE',  ( -1.000000000000000000, 0.000000000000000000, 4.336808689942017736E-16 ) ) ;
#517 = FACE_BOUND ( 'NONE', #5915, .T. ) ;
#518 = ORIENTED_EDGE ( 'NONE', *, *, #6657, .T. ) ;
#519 = VERTEX_POINT ( 'NONE', #4488 ) ;
#520 = ORIENTED_EDGE ( 'NONE', *, *, #5156, .T. ) ;
#521 = LINE ( 'NONE', #6663, #6130 ) ;
#522 = VERTEX_POINT ( 'NONE', #3357 ) ;
#523 = ADVANCED_FACE ( 'NONE', ( #2332 ), #2287, .T. ) ;
#524 = CARTESIAN_POINT ( 'NONE',  ( 1.212870647385590361, 11.84457485008477029, -4.222374903069929353 ) ) ;
#525 = CIRCLE ( 'NONE', #5544, 4.000000000000000000 ) ;
#526 = CARTESIAN_POINT ( 'NONE',  ( 16.00000000000000711, 71.50000000000000000, 26.00100000000000477 ) ) ;
#527 = CARTESIAN_POINT ( 'NONE',  ( -12.00000000000000355, 39.83380962103093026, -10.49999999999999822 ) ) ;
#528 = CARTESIAN_POINT ( 'NONE',  ( -12.00000000000000533, 60.12423471111421946, 8.499999999999994671 ) ) ;
#529 = VERTEX_POINT ( 'NONE', #1192 ) ;
#530 = ORIENTED_EDGE ( 'NONE', *, *, #1305, .F. ) ;
#531 = VERTEX_POINT ( 'NONE', #1666 ) ;
#532 = ADVANCED_FACE ( 'NONE', ( #4011 ), #1700, .F. ) ;
#533 = DIRECTION ( 'NONE',  ( -1.000000000000000000, -0.000000000000000000, -0.000000000000000000 ) ) ;
#534 = CARTESIAN_POINT ( 'NONE',  ( 8.324999999999990408, 35.30199819143152951, -6.299999999999999822 ) ) ;
#535 = EDGE_LOOP ( 'NONE', ( #6904, #5146, #6218, #241 ) ) ;
#536 = DIRECTION ( 'NONE',  ( 0.000000000000000000, 0.000000000000000000, -1.000000000000000000 ) ) ;
#537 = VECTOR ( 'NONE', #334, 1000.000000000000000 ) ;
#538 = CIRCLE ( 'NONE', #4391, 1.600000000000000755 ) ;
#539 = CARTESIAN_POINT ( 'NONE',  ( -11.50417371077063855, 61.07459537906994740, 9.730968625456979382 ) ) ;
#540 = AXIS2_PLACEMENT_3D ( 'NONE', #4706, #950, #7000 ) ;
#541 = AXIS2_PLACEMENT_3D ( 'NONE', #3655, #4207, #5290 ) ;
#542 = CARTESIAN_POINT ( 'NONE',  ( -6.350000000000004086, 44.00000000000000000, -11.49999999999999822 ) ) ;
#543 = AXIS2_PLACEMENT_3D ( 'NONE', #926, #5379, #7043 ) ;
#544 = CARTESIAN_POINT ( 'NONE',  ( -6.435483865835550432, 45.73338628235127601, -3.635826382241554633 ) ) ;
#545 = CYLINDRICAL_SURFACE ( 'NONE', #2775, 1.500000000000000444 ) ;
#546 = DIRECTION ( 'NONE',  ( 0.000000000000000000, 1.000000000000000000, 0.000000000000000000 ) ) ;
#547 = CARTESIAN_POINT ( 'NONE',  ( -12.00000000000000355, 61.04999999999999005, -8.699999999999997513 ) ) ;
#548 = EDGE_LOOP ( 'NONE', ( #5284, #5614, #5219, #5161 ) ) ;
#549 = AXIS2_PLACEMENT_3D ( 'NONE', #2736, #1605, #6611 ) ;
#550 = CIRCLE ( 'NONE', #4633, 1.249999999999998446 ) ;
#551 = EDGE_CURVE ( 'NONE', #401, #4161, #5293, .T. ) ;
#552 = ORIENTED_EDGE ( 'NONE', *, *, #6841, .F. ) ;
#553 = AXIS2_PLACEMENT_3D ( 'NONE', #6638, #2663, #2729 ) ;
#554 = CARTESIAN_POINT ( 'NONE',  ( -2.500000000000002665, 66.00000000000000000, 17.49999999999999645 ) ) ;
#555 = AXIS2_PLACEMENT_3D ( 'NONE', #368, #3780, #4799 ) ;
#556 = DIRECTION ( 'NONE',  ( 0.000000000000000000, 0.000000000000000000, 1.000000000000000000 ) ) ;
#557 = LINE ( 'NONE', #2797, #668 ) ;
#558 = EDGE_CURVE ( 'NONE', #1295, #2278, #3912, .T. ) ;
#559 = CARTESIAN_POINT ( 'NONE',  ( -1.186572966854488875, 11.03861036039897670, -3.831724832881956200 ) ) ;
#560 = ORIENTED_EDGE ( 'NONE', *, *, #6454, .T. ) ;
#561 = AXIS2_PLACEMENT_3D ( 'NONE', #6213, #2377, #4580 ) ;
#562 = EDGE_CURVE ( 'NONE', #3667, #4422, #2616, .T. ) ;
#563 = ADVANCED_FACE ( 'NONE', ( #2917 ), #2222, .F. ) ;
#564 = ORIENTED_EDGE ( 'NONE', *, *, #1532, .T. ) ;
#565 = LINE ( 'NONE', #2247, #6002 ) ;
#566 = ORIENTED_EDGE ( 'NONE', *, *, #7155, .T. ) ;
#567 = CARTESIAN_POINT ( 'NONE',  ( 0.1493769935090389356, 11.13397951216878745, -4.000006811740573376 ) ) ;
#568 = AXIS2_PLACEMENT_3D ( 'NONE', #2857, #6312, #6757 ) ;
#569 = ORIENTED_EDGE ( 'NONE', *, *, #5263, .T. ) ;
#570 = CARTESIAN_POINT ( 'NONE',  ( 16.00000000000000000, 74.50000000000000000, 13.64999999999998437 ) ) ;
#571 = DIRECTION ( 'NONE',  ( -0.000000000000000000, -1.000000000000000000, -0.000000000000000000 ) ) ;
#572 = VERTEX_POINT ( 'NONE', #4416 ) ;
#573 = EDGE_CURVE ( 'NONE', #4164, #5419, #5412, .T. ) ;
#574 = ORIENTED_EDGE ( 'NONE', *, *, #425, .F. ) ;
#575 = CIRCLE ( 'NONE', #4545, 1.000000000000000000 ) ;
#576 = CARTESIAN_POINT ( 'NONE',  ( 11.50000000000000000, 12.00000000000000000, -14.50000000000000000 ) ) ;
#577 = ORIENTED_EDGE ( 'NONE', *, *, #3452, .F. ) ;
#578 = CARTESIAN_POINT ( 'NONE',  ( -11.00000000000000355, 12.00000000000000000, -1.500000000000002220 ) ) ;
#579 = DIRECTION ( 'NONE',  ( 1.000000000000000000, -0.000000000000000000, 0.000000000000000000 ) ) ;
#580 = DIRECTION ( 'NONE',  ( 0.000000000000000000, 0.000000000000000000, -1.000000000000000000 ) ) ;
#581 = AXIS2_PLACEMENT_3D ( 'NONE', #4449, #6668, #3352 ) ;
#582 = CARTESIAN_POINT ( 'NONE',  ( -7.750000000000003553, 15.50000000000000000, -8.499999999999996447 ) ) ;
#583 = ADVANCED_FACE ( 'NONE', ( #5538 ), #985, .T. ) ;
#584 = AXIS2_PLACEMENT_3D ( 'NONE', #3273, #5961, #5493 ) ;
#585 = DIRECTION ( 'NONE',  ( 2.168404344971008868E-16, -0.000000000000000000, 1.000000000000000000 ) ) ;
#586 = DIRECTION ( 'NONE',  ( 1.000000000000000000, 0.000000000000000000, 0.000000000000000000 ) ) ;
#587 = CARTESIAN_POINT ( 'NONE',  ( -6.250000000000002665, 15.50000000000000000, -8.499999999999996447 ) ) ;
#588 = DIRECTION ( 'NONE',  ( 0.000000000000000000, 0.000000000000000000, 1.000000000000000000 ) ) ;
#589 = CARTESIAN_POINT ( 'NONE',  ( -11.50000000000000000, 10.20000000000000107, 16.10000000000000142 ) ) ;
#590 = ORIENTED_EDGE ( 'NONE', *, *, #5058, .F. ) ;
#591 = ORIENTED_EDGE ( 'NONE', *, *, #3521, .F. ) ;
#592 = EDGE_LOOP ( 'NONE', ( #3626, #6886, #6223, #6396, #5481 ) ) ;
#593 = CARTESIAN_POINT ( 'NONE',  ( -6.000000000000008882, 12.99999999999999822, -3.499999999999998668 ) ) ;
#594 = CARTESIAN_POINT ( 'NONE',  ( -4.750000000000002665, 36.50000000000000711, -11.49999999999999822 ) ) ;
#595 = CARTESIAN_POINT ( 'NONE',  ( -9.000000000000000000, 9.000000000000001776, 3.000000000000001332 ) ) ;
#596 = CARTESIAN_POINT ( 'NONE',  ( -0.1494659865336381843, 11.13397459621492658, -3.999999999999142464 ) ) ;
#597 = VECTOR ( 'NONE', #1707, 1000.000000000000000 ) ;
#598 = CARTESIAN_POINT ( 'NONE',  ( 4.174999999999997158, 16.69800180856847405, -6.299999999999999822 ) ) ;
#599 = CARTESIAN_POINT ( 'NONE',  ( -1.041158179079007651, 11.05538986019721825, -3.865040919869925595 ) ) ;
#600 = DIRECTION ( 'NONE',  ( 0.000000000000000000, 0.000000000000000000, 1.000000000000000000 ) ) ;
#601 = EDGE_CURVE ( 'NONE', #1318, #6474, #2771, .T. ) ;
#602 = CARTESIAN_POINT ( 'NONE',  ( 0.000000000000000000, 12.00000000000000000, -24.49999999999998934 ) ) ;
#603 = VERTEX_POINT ( 'NONE', #2973 ) ;
#604 = ORIENTED_EDGE ( 'NONE', *, *, #6677, .F. ) ;
#605 = VERTEX_POINT ( 'NONE', #2389 ) ;
#606 = CARTESIAN_POINT ( 'NONE',  ( 16.00000000000000000, 72.50000000000000000, -10.50000000000000178 ) ) ;
#607 = DIRECTION ( 'NONE',  ( 0.000000000000000000, 0.000000000000000000, 1.000000000000000000 ) ) ;
#608 = CARTESIAN_POINT ( 'NONE',  ( -6.435483870967741105, 45.73338627884130858, -3.499999999999998224 ) ) ;
#609 = EDGE_CURVE ( 'NONE', #6375, #6106, #4718, .T. ) ;
#610 = CARTESIAN_POINT ( 'NONE',  ( 0.000000000000000000, 0.000000000000000000, 0.000000000000000000 ) ) ;
#611 = CARTESIAN_POINT ( 'NONE',  ( 16.00000000000000000, 11.99999999999999645, -4.500000000000003553 ) ) ;
#612 = CARTESIAN_POINT ( 'NONE',  ( 4.175000000000000711, 37.69800180856846339, -6.299999999999999822 ) ) ;
#613 = CARTESIAN_POINT ( 'NONE',  ( 9.499999999999998224, 87.55248658727141731, 11.49999999999998757 ) ) ;
#614 = DIRECTION ( 'NONE',  ( -0.000000000000000000, -1.000000000000000000, -0.000000000000000000 ) ) ;
#615 = LINE ( 'NONE', #6029, #3119 ) ;
#616 = EDGE_CURVE ( 'NONE', #4037, #3154, #6348, .T. ) ;
#617 = CARTESIAN_POINT ( 'NONE',  ( -11.50000000000000000, 12.00000000000000000, -14.50000000000000000 ) ) ;
#618 = ORIENTED_EDGE ( 'NONE', *, *, #147, .T. ) ;
#619 = ORIENTED_EDGE ( 'NONE', *, *, #4997, .F. ) ;
#620 = CARTESIAN_POINT ( 'NONE',  ( 16.00000000000000000, 78.00000000000000000, -11.50000000000000355 ) ) ;
#621 = ORIENTED_EDGE ( 'NONE', *, *, #7176, .T. ) ;
#622 = DIRECTION ( 'NONE',  ( 2.409338161078897701E-16, -0.000000000000000000, 1.000000000000000000 ) ) ;
#623 = EDGE_CURVE ( 'NONE', #2743, #4881, #4145, .T. ) ;
#624 = CARTESIAN_POINT ( 'NONE',  ( 8.324999999999990408, 37.69800180856846339, -6.299999999999999822 ) ) ;
#625 = AXIS2_PLACEMENT_3D ( 'NONE', #6754, #1748, #2338 ) ;
#626 = DIRECTION ( 'NONE',  ( 1.000000000000000000, 0.000000000000000000, 0.000000000000000000 ) ) ;
#627 = CIRCLE ( 'NONE', #6341, 1.249999999999999334 ) ;
#628 = ORIENTED_EDGE ( 'NONE', *, *, #2318, .T. ) ;
#629 = DIRECTION ( 'NONE',  ( 2.409338161078897701E-16, -0.000000000000000000, 1.000000000000000000 ) ) ;
#630 = ORIENTED_EDGE ( 'NONE', *, *, #6503, .F. ) ;
#631 = CARTESIAN_POINT ( 'NONE',  ( 0.6309929854130275073, 11.53583237001905104, -3.953237528168026760 ) ) ;
#632 = CARTESIAN_POINT ( 'NONE',  ( -11.00000000000000355, 13.00000000000000178, -1.500000000000002220 ) ) ;
#633 = CARTESIAN_POINT ( 'NONE',  ( 23.63762615825975644, 73.05662432702591502, 12.49999999999998401 ) ) ;
#634 = CIRCLE ( 'NONE', #1563, 1.000000000000000000 ) ;
#635 = ORIENTED_EDGE ( 'NONE', *, *, #2486, .T. ) ;
#636 = ORIENTED_EDGE ( 'NONE', *, *, #3016, .T. ) ;
#637 = CARTESIAN_POINT ( 'NONE',  ( -7.000000000000003553, 41.44119168361520167, 8.499999999999996447 ) ) ;
#638 = CYLINDRICAL_SURFACE ( 'NONE', #2635, 1.600000000000000755 ) ;
#639 = DIRECTION ( 'NONE',  ( 1.000000000000000000, -0.000000000000000000, -0.000000000000000000 ) ) ;
#640 = FACE_BOUND ( 'NONE', #3087, .T. ) ;
#641 = CARTESIAN_POINT ( 'NONE',  ( 11.50000000000000000, 9.000000000000001776, -14.50000000000000000 ) ) ;
#642 = EDGE_LOOP ( 'NONE', ( #3426, #5785, #2840, #4796 ) ) ;
#643 = VECTOR ( 'NONE', #7224, 1000.000000000000000 ) ;
#644 = EDGE_CURVE ( 'NONE', #4327, #5437, #1288, .T. ) ;
#645 = EDGE_CURVE ( 'NONE', #6026, #1230, #6461, .T. ) ;
#646 = LINE ( 'NONE', #6175, #1310 ) ;
#647 = DIRECTION ( 'NONE',  ( -1.000000000000000000, 0.000000000000000000, 0.000000000000000000 ) ) ;
#648 = CARTESIAN_POINT ( 'NONE',  ( -5.868636332499273855, 46.72242518187926663, -4.011394077106237077 ) ) ;
#649 = CIRCLE ( 'NONE', #6142, 1.000000000000000000 ) ;
#650 = CARTESIAN_POINT ( 'NONE',  ( -6.253969901901505146, 45.84446318371385587, -4.500000000000000888 ) ) ;
#651 = AXIS2_PLACEMENT_3D ( 'NONE', #4835, #7089, #2083 ) ;
#652 = EDGE_CURVE ( 'NONE', #3180, #4363, #3332, .T. ) ;
#653 = CARTESIAN_POINT ( 'NONE',  ( -6.000000000000001776, 77.00000000000000000, 14.99999999999999645 ) ) ;
#654 = APPROVAL_PERSON_ORGANIZATION ( #4825, #3099, #6349 ) ;
#655 = CARTESIAN_POINT ( 'NONE',  ( -1.520634190106230355, 12.09876105161413484, -4.499999999999999112 ) ) ;
#656 = CARTESIAN_POINT ( 'NONE',  ( -11.50000000000000355, 61.04999999999999005, -9.949999999999997513 ) ) ;
#657 =( BOUNDED_SURFACE ( )  B_SPLINE_SURFACE ( 3, 2, ( 
 ( #6738, #4520, #2356 ),
 ( #1109, #6665, #2211 ),
 ( #1078, #6219, #5607 ),
 ( #1624, #3311, #5099 ),
 ( #524, #2760, #115 ),
 ( #6698, #5570, #2323 ),
 ( #1216, #631, #5002 ),
 ( #7212, #665, #4447 ),
 ( #1660, #1153, #567 ),
 ( #2249, #3901, #5064 ),
 ( #2837, #6115, #3411 ),
 ( #12, #3446, #1692 ),
 ( #3973, #1731, #3935 ),
 ( #3385, #40, #599 ),
 ( #2279, #6771, #6191 ),
 ( #5674, #1185, #2869 ),
 ( #1763, #4004, #3518 ),
 ( #5265, #6360, #6799 ) ),
 .UNSPECIFIED., .F., .F., .T. ) 
 B_SPLINE_SURFACE_WITH_KNOTS ( ( 4, 2, 2, 2, 2, 2, 2, 2, 4 ),
 ( 3, 3 ),
 ( 0.002203632511065748388, 0.002773198706534813450, 0.003342764902003878946, 0.003912331097472944441, 0.004481897292942009503, 0.005051463488411074565, 0.005621029683880139627, 0.006190595879349204689, 0.006760162074818270618 ),
 ( 0.2720837086241482128, 1.000000000000000000 ),
 .UNSPECIFIED. ) 
 GEOMETRIC_REPRESENTATION_ITEM ( )  RATIONAL_B_SPLINE_SURFACE ( (
 ( 0.8839825567394161698, 0.7867982543915401639, 1.000000000000000000),
 ( 0.8944288903123318590, 0.8059951655659356451, 1.000000000000000000),
 ( 0.9035265628760675849, 0.8227136832047539095, 1.000000000000000000),
 ( 0.9191730293693058940, 0.8514667213273928725, 1.000000000000000000),
 ( 0.9257233304718601730, 0.8635040114975345293, 1.000000000000000000),
 ( 0.9362905784430155531, 0.8829231234035558318, 1.000000000000000000),
 ( 0.9403138287594439149, 0.8903165287948102691, 1.000000000000000000),
 ( 0.9456191670970706120, 0.9000659885556576700, 1.000000000000000000),
 ( 0.9469326176527692596, 0.9024796769060930979, 1.000000000000000000),
 ( 0.9469304743709590078, 0.9024757382619510437, 1.000000000000000000),
 ( 0.9456148816321927608, 0.9000581132864997613, 1.000000000000000000),
 ( 0.9403016530738057543, 0.8902941539056632436, 1.000000000000000000),
 ( 0.9362748445647808282, 0.8828942097315203297, 1.000000000000000000),
 ( 0.9257070007342094176, 0.8634740028326768346, 1.000000000000000000),
 ( 0.9191576140354689173, 0.8514383930347602103, 1.000000000000000000),
 ( 0.9035161071423307710, 0.8226944690191825282, 1.000000000000000000),
 ( 0.8944224814290128167, 0.8059833881549480772, 1.000000000000000000),
 ( 0.8839825567397538997, 0.7867982543921608896, 1.000000000000000000) ) ) 
 REPRESENTATION_ITEM ( '' )  SURFACE ( )  );
#658 = CIRCLE ( 'NONE', #549, 1.600000000000002531 ) ;
#659 = AXIS2_PLACEMENT_3D ( 'NONE', #1417, #5840, #830 ) ;
#660 = CARTESIAN_POINT ( 'NONE',  ( -0.7477854329599173955, 11.08925311664836855, -3.932344669074860466 ) ) ;
#661 = EDGE_CURVE ( 'NONE', #5933, #5198, #5880, .T. ) ;
#662 = CIRCLE ( 'NONE', #310, 1.600000000000002531 ) ;
#663 = EDGE_LOOP ( 'NONE', ( #3196, #3916, #5804, #4710 ) ) ;
#664 = CARTESIAN_POINT ( 'NONE',  ( -11.91651513899116921, 40.89539294285157212, -10.90000000000000391 ) ) ;
#665 = CARTESIAN_POINT ( 'NONE',  ( 0.3171845083489803208, 11.53643902297069523, -3.990531080485276938 ) ) ;
#666 = FACE_OUTER_BOUND ( 'NONE', #3410, .T. ) ;
#667 = CARTESIAN_POINT ( 'NONE',  ( 23.63762615825975644, 75.94337567297404235, 12.49999999999998401 ) ) ;
#668 = VECTOR ( 'NONE', #5, 1000.000000000000000 ) ;
#669 = ORIENTED_EDGE ( 'NONE', *, *, #4451, .F. ) ;
#670 = ORIENTED_EDGE ( 'NONE', *, *, #474, .F. ) ;
#671 = VECTOR ( 'NONE', #3854, 1000.000000000000000 ) ;
#672 = DIRECTION ( 'NONE',  ( 0.000000000000000000, 0.000000000000000000, 1.000000000000000000 ) ) ;
#673 = DIRECTION ( 'NONE',  ( -1.000000000000000000, 0.000000000000000000, 0.000000000000000000 ) ) ;
#674 = FACE_OUTER_BOUND ( 'NONE', #4334, .T. ) ;
#675 = CARTESIAN_POINT ( 'NONE',  ( -11.50000000000000000, 10.20000000000000107, -14.50000000000000000 ) ) ;
#676 = DIRECTION ( 'NONE',  ( 0.000000000000000000, 0.000000000000000000, -1.000000000000000000 ) ) ;
#677 = ORIENTED_EDGE ( 'NONE', *, *, #6948, .T. ) ;
#678 = AXIS2_PLACEMENT_3D ( 'NONE', #4776, #2464, #4693 ) ;
#679 = CARTESIAN_POINT ( 'NONE',  ( 10.99999999999998579, 16.49999999999999289, -7.999999999999998224 ) ) ;
#680 = LINE ( 'NONE', #25, #4504 ) ;
#681 = AXIS2_PLACEMENT_3D ( 'NONE', #495, #571, #1081 ) ;
#682 = DIRECTION ( 'NONE',  ( 0.000000000000000000, 1.000000000000000000, -0.000000000000000000 ) ) ;
#683 = CARTESIAN_POINT ( 'NONE',  ( -2.250444528585243020, 11.87615595362127685, -3.922626811687223825 ) ) ;
#684 = ADVANCED_FACE ( 'NONE', ( #5170 ), #4039, .F. ) ;
#685 = EDGE_CURVE ( 'NONE', #4676, #5974, #5417, .T. ) ;
#686 = EDGE_LOOP ( 'NONE', ( #2494, #1443, #4603, #3290 ) ) ;
#687 = AXIS2_PLACEMENT_3D ( 'NONE', #6510, #4993, #999 ) ;
#688 = EDGE_LOOP ( 'NONE', ( #2996, #3577, #3542, #4452 ) ) ;
#689 = DIRECTION ( 'NONE',  ( -1.000000000000000000, -0.000000000000000000, 2.168404344971008868E-16 ) ) ;
#690 = CARTESIAN_POINT ( 'NONE',  ( -1.416972511321259010, 12.59237648973151380, -4.500000000000000888 ) ) ;
#691 = CYLINDRICAL_SURFACE ( 'NONE', #4644, 1.000000000000000000 ) ;
#692 = B_SPLINE_CURVE_WITH_KNOTS ( 'NONE', 3,
 ( #5030, #5060, #4581, #34 ),
 .UNSPECIFIED., .F., .F.,
 ( 4, 4 ),
 ( 2.168404344971008627E-19, 0.001905629231097035218 ),
 .UNSPECIFIED. ) ;
#693 = CARTESIAN_POINT ( 'NONE',  ( 0.000000000000000000, 10.00000000000000178, 0.000000000000000000 ) ) ;
#694 = EDGE_CURVE ( 'NONE', #3723, #775, #2739, .T. ) ;
#695 =( BOUNDED_SURFACE ( )  B_SPLINE_SURFACE ( 3, 2, ( 
 ( #5700, #1241, #5729 ),
 ( #5128, #2997, #5185 ),
 ( #169, #6761, #3510 ),
 ( #5157, #1304, #5224 ),
 ( #6896, #720, #1881 ),
 ( #3544, #4645, #1339 ) ),
 .UNSPECIFIED., .F., .F., .T. ) 
 B_SPLINE_SURFACE_WITH_KNOTS ( ( 4, 2, 4 ),
 ( 3, 3 ),
 ( -1.734723475976807094E-18, 0.0009528146155485170670, 0.001905629231097035869 ),
 ( 0.000000000000000000, 1.000000000000000000 ),
 .UNSPECIFIED. ) 
 GEOMETRIC_REPRESENTATION_ITEM ( )  RATIONAL_B_SPLINE_SURFACE ( (
 ( 1.000000000000000000, 0.8660254037844387076, 1.000000000000000000),
 ( 1.000000000000000000, 0.8436666433262551834, 1.000000000000000000),
 ( 1.000000000000000000, 0.8179530215798175297, 1.000000000000000000),
 ( 1.000000000000000000, 0.7639165371548747308, 1.000000000000000000),
 ( 1.000000000000000000, 0.7355907511754425920, 1.000000000000000000),
 ( 1.000000000000000000, 0.7071067811865475727, 1.000000000000000000) ) ) 
 REPRESENTATION_ITEM ( '' )  SURFACE ( )  );
#696 = DIRECTION ( 'NONE',  ( -1.000000000000000000, 0.000000000000000000, 0.000000000000000000 ) ) ;
#697 = VERTEX_POINT ( 'NONE', #1317 ) ;
#698 = DIRECTION ( 'NONE',  ( 0.000000000000000000, 0.000000000000000000, 1.000000000000000000 ) ) ;
#699 = DIRECTION ( 'NONE',  ( -2.168404344971008868E-16, -0.000000000000000000, -1.000000000000000000 ) ) ;
#700 = DIRECTION ( 'NONE',  ( 1.000000000000000000, 0.000000000000000000, 0.000000000000000000 ) ) ;
#701 = EDGE_CURVE ( 'NONE', #67, #6188, #7164, .T. ) ;
#702 = VERTEX_POINT ( 'NONE', #4589 ) ;
#703 = VERTEX_POINT ( 'NONE', #2427 ) ;
#704 = DIRECTION ( 'NONE',  ( -0.000000000000000000, 1.000000000000000000, -0.000000000000000000 ) ) ;
#705 = CARTESIAN_POINT ( 'NONE',  ( 13.00000000000000178, 70.50000000000000000, -10.50000000000000178 ) ) ;
#706 = DIRECTION ( 'NONE',  ( 0.000000000000000000, 0.000000000000000000, 1.000000000000000000 ) ) ;
#707 = VECTOR ( 'NONE', #4571, 1000.000000000000000 ) ;
#708 = DIRECTION ( 'NONE',  ( 0.000000000000000000, -0.000000000000000000, 1.000000000000000000 ) ) ;
#709 = ADVANCED_FACE ( 'NONE', ( #1394 ), #4658, .F. ) ;
#710 = CARTESIAN_POINT ( 'NONE',  ( -11.50000000000000000, -0.0009999999999992653654, -17.00000000000000000 ) ) ;
#711 = B_SPLINE_CURVE_WITH_KNOTS ( 'NONE', 3,
 ( #1480, #1990, #7028, #5282, #5946, #5831 ),
 .UNSPECIFIED., .F., .F.,
 ( 4, 2, 4 ),
 ( 0.000000000000000000, 0.0007227358884083480385, 0.001445471776816696077 ),
 .UNSPECIFIED. ) ;
#712 = ORIENTED_EDGE ( 'NONE', *, *, #4762, .F. ) ;
#713 = CARTESIAN_POINT ( 'NONE',  ( -8.400000000000002132, 72.61658075373094334, 9.800000000000006040 ) ) ;
#714 = FACE_OUTER_BOUND ( 'NONE', #6407, .T. ) ;
#715 = CARTESIAN_POINT ( 'NONE',  ( -5.968728770176283227, 46.60308776273285503, -3.778599264302469063 ) ) ;
#716 = CARTESIAN_POINT ( 'NONE',  ( 16.00000000000000000, 78.00000000000000000, 0.000000000000000000 ) ) ;
#717 = ORIENTED_EDGE ( 'NONE', *, *, #7218, .T. ) ;
#718 = CC_DESIGN_PERSON_AND_ORGANIZATION_ASSIGNMENT ( #3181, #5370, ( #1565 ) ) ;
#719 = VERTEX_POINT ( 'NONE', #1863 ) ;
#720 = CARTESIAN_POINT ( 'NONE',  ( 3.339324905812540045, 12.07763188216745576, -4.500000000000000000 ) ) ;
#721 = CARTESIAN_POINT ( 'NONE',  ( -0.9956951046477626743, 12.52110794092357438, -4.500000000000000888 ) ) ;
#722 = DIRECTION ( 'NONE',  ( 0.000000000000000000, -1.000000000000000000, 0.000000000000000000 ) ) ;
#723 = CARTESIAN_POINT ( 'NONE',  ( 15.00000000000000355, 70.50000000000000000, -5.500000000000005329 ) ) ;
#724 = ADVANCED_FACE ( 'NONE', ( #3496 ), #6263, .F. ) ;
#725 = B_SPLINE_CURVE_WITH_KNOTS ( 'NONE', 3,
 ( #4982, #2786, #7235, #2232, #4466, #1429, #2574, #192 ),
 .UNSPECIFIED., .F., .F.,
 ( 4, 2, 2, 4 ),
 ( 8.673617379884035472E-19, 0.0008827535918818768534, 0.001324130387822814196, 0.001765507183763751322 ),
 .UNSPECIFIED. ) ;
#726 = EDGE_CURVE ( 'NONE', #4294, #2359, #5761, .T. ) ;
#727 = EDGE_CURVE ( 'NONE', #2767, #3867, #634, .T. ) ;
#728 = CARTESIAN_POINT ( 'NONE',  ( -11.91651513899116921, 40.99999999999999289, -10.90000000000000391 ) ) ;
#729 = VERTEX_POINT ( 'NONE', #2493 ) ;
#730 = DIRECTION ( 'NONE',  ( 1.000000000000000000, 0.000000000000000000, -3.717264591378872697E-16 ) ) ;
#731 = CARTESIAN_POINT ( 'NONE',  ( -7.000000000000003553, 59.00000000000000000, 10.49999999999999822 ) ) ;
#732 = CARTESIAN_POINT ( 'NONE',  ( -5.250000000000006217, 44.00000000000000000, -11.49999999999999822 ) ) ;
#733 = VERTEX_POINT ( 'NONE', #1939 ) ;
#734 = AXIS2_PLACEMENT_3D ( 'NONE', #4826, #6535, #5406 ) ;
#735 = ORIENTED_EDGE ( 'NONE', *, *, #7066, .T. ) ;
#736 = EDGE_CURVE ( 'NONE', #1303, #1434, #3084, .T. ) ;
#737 = DIRECTION ( 'NONE',  ( 0.000000000000000000, 0.000000000000000000, 1.000000000000000000 ) ) ;
#738 = ORIENTED_EDGE ( 'NONE', *, *, #64, .F. ) ;
#739 = DIRECTION ( 'NONE',  ( 0.000000000000000000, 0.000000000000000000, -1.000000000000000000 ) ) ;
#740 = CARTESIAN_POINT ( 'NONE',  ( -11.50000000000000000, -0.0009999999999992653654, 14.50000000000000000 ) ) ;
#741 = ORIENTED_EDGE ( 'NONE', *, *, #3929, .F. ) ;
#742 = AXIS2_PLACEMENT_3D ( 'NONE', #5578, #6227, #5107 ) ;
#743 = DIRECTION ( 'NONE',  ( 1.000000000000000000, 0.000000000000000000, 0.000000000000000000 ) ) ;
#744 = FACE_OUTER_BOUND ( 'NONE', #5117, .T. ) ;
#745 = ORIENTED_EDGE ( 'NONE', *, *, #1641, .F. ) ;
#746 = DIRECTION ( 'NONE',  ( 0.000000000000000000, -1.000000000000000000, 0.000000000000000000 ) ) ;
#747 = ORIENTED_EDGE ( 'NONE', *, *, #328, .F. ) ;
#748 = ORIENTED_EDGE ( 'NONE', *, *, #439, .T. ) ;
#749 = VECTOR ( 'NONE', #411, 999.9999999999998863 ) ;
#750 = EDGE_CURVE ( 'NONE', #1958, #6310, #295, .T. ) ;
#751 = CARTESIAN_POINT ( 'NONE',  ( -0.2499999999999993616, 35.00000000000000000, -11.50000000000000000 ) ) ;
#752 = FACE_OUTER_BOUND ( 'NONE', #6785, .T. ) ;
#753 = DIRECTION ( 'NONE',  ( -0.000000000000000000, 0.000000000000000000, 1.000000000000000000 ) ) ;
#754 = DIRECTION ( 'NONE',  ( -1.000000000000000000, 0.000000000000000000, 2.409338161078897701E-16 ) ) ;
#755 = EDGE_LOOP ( 'NONE', ( #917, #195, #6942, #37 ) ) ;
#756 = AXIS2_PLACEMENT_3D ( 'NONE', #6189, #2322, #4002 ) ;
#757 = VERTEX_POINT ( 'NONE', #1002 ) ;
#758 = CIRCLE ( 'NONE', #2751, 1.350000000000005640 ) ;
#759 = CARTESIAN_POINT ( 'NONE',  ( -5.250000000000004441, 44.00000000000000000, -4.499999999999997335 ) ) ;
#760 = CARTESIAN_POINT ( 'NONE',  ( -8.500000000000003553, 60.00000000000000000, 17.49999999999999645 ) ) ;
#761 = DIRECTION ( 'NONE',  ( -2.168404344971008868E-16, -0.000000000000000000, -1.000000000000000000 ) ) ;
#762 = VECTOR ( 'NONE', #2157, 1000.000000000000000 ) ;
#763 = CIRCLE ( 'NONE', #3690, 1.350000000000002309 ) ;
#764 = VECTOR ( 'NONE', #2764, 1000.000000000000000 ) ;
#765 = CARTESIAN_POINT ( 'NONE',  ( 6.249999999999999112, 17.89600361713694809, -6.299999999999999822 ) ) ;
#766 = VECTOR ( 'NONE', #3649, 1000.000000000000000 ) ;
#767 = AXIS2_PLACEMENT_3D ( 'NONE', #6508, #3743, #3190 ) ;
#768 = FACE_OUTER_BOUND ( 'NONE', #2007, .T. ) ;
#769 = DIRECTION ( 'NONE',  ( 4.336808689942017736E-16, 2.965995990712292398E-16, 1.000000000000000000 ) ) ;
#770 = CARTESIAN_POINT ( 'NONE',  ( -7.000000000000008882, 78.00000000000000000, -3.499999999999998224 ) ) ;
#771 = VERTEX_POINT ( 'NONE', #4841 ) ;
#772 = ADVANCED_FACE ( 'NONE', ( #2127 ), #3709, .F. ) ;
#773 = AXIS2_PLACEMENT_3D ( 'NONE', #6498, #5257, #797 ) ;
#774 = AXIS2_PLACEMENT_3D ( 'NONE', #2856, #3852, #5081 ) ;
#775 = VERTEX_POINT ( 'NONE', #1504 ) ;
#776 = DIRECTION ( 'NONE',  ( -1.000000000000000000, 0.000000000000000000, 0.000000000000000000 ) ) ;
#777 = EDGE_LOOP ( 'NONE', ( #2706, #4337 ) ) ;
#778 = DIRECTION ( 'NONE',  ( 0.000000000000000000, 0.000000000000000000, 1.000000000000000000 ) ) ;
#779 = CIRCLE ( 'NONE', #4875, 3.000000000000001332 ) ;
#780 = DIRECTION ( 'NONE',  ( 0.000000000000000000, 0.000000000000000000, 1.000000000000000000 ) ) ;
#781 = DIRECTION ( 'NONE',  ( 1.000000000000000000, -0.000000000000000000, -0.000000000000000000 ) ) ;
#782 = CARTESIAN_POINT ( 'NONE',  ( 23.63762615825975644, 71.61324865405185847, 14.99999999999999467 ) ) ;
#783 = ORIENTED_EDGE ( 'NONE', *, *, #5126, .F. ) ;
#784 = EDGE_CURVE ( 'NONE', #1659, #6188, #4366, .T. ) ;
#785 = ORIENTED_EDGE ( 'NONE', *, *, #5426, .T. ) ;
#786 = VECTOR ( 'NONE', #6727, 1000.000000000000227 ) ;
#787 = FACE_OUTER_BOUND ( 'NONE', #2812, .T. ) ;
#788 = CARTESIAN_POINT ( 'NONE',  ( -12.00000000000000355, 63.50000000000000000, 10.49999999999999822 ) ) ;
#789 = LINE ( 'NONE', #6921, #4288 ) ;
#790 = CYLINDRICAL_SURFACE ( 'NONE', #3138, 1.600000000000002531 ) ;
#791 = VERTEX_POINT ( 'NONE', #967 ) ;
#792 = AXIS2_PLACEMENT_3D ( 'NONE', #6138, #2153, #6614 ) ;
#793 = EDGE_CURVE ( 'NONE', #890, #79, #3672, .T. ) ;
#794 = PERSON_AND_ORGANIZATION ( #6001, #2885 ) ;
#795 = AXIS2_PLACEMENT_3D ( 'NONE', #5618, #2849, #2393 ) ;
#796 = ORIENTED_EDGE ( 'NONE', *, *, #5352, .F. ) ;
#797 = DIRECTION ( 'NONE',  ( 0.000000000000000000, 0.000000000000000000, 1.000000000000000000 ) ) ;
#798 = EDGE_LOOP ( 'NONE', ( #6318, #1923 ) ) ;
#799 = CARTESIAN_POINT ( 'NONE',  ( 0.9955403149641064431, 12.52108419012030005, -4.500000000000000888 ) ) ;
#800 = FACE_OUTER_BOUND ( 'NONE', #4060, .T. ) ;
#801 = AXIS2_PLACEMENT_3D ( 'NONE', #732, #5038, #6740 ) ;
#802 = AXIS2_PLACEMENT_3D ( 'NONE', #5130, #2936, #6214 ) ;
#803 = DIRECTION ( 'NONE',  ( 0.000000000000000000, 0.000000000000000000, 1.000000000000000000 ) ) ;
#804 = FACE_OUTER_BOUND ( 'NONE', #5878, .T. ) ;
#805 = LINE ( 'NONE', #3075, #1478 ) ;
#806 = CARTESIAN_POINT ( 'NONE',  ( -10.00000000000000355, 61.04999999999999005, -8.699999999999997513 ) ) ;
#807 = EDGE_LOOP ( 'NONE', ( #2342, #5715, #552 ) ) ;
#808 = DIRECTION ( 'NONE',  ( 0.000000000000000000, 0.000000000000000000, -1.000000000000000000 ) ) ;
#809 = VERTEX_POINT ( 'NONE', #7013 ) ;
#810 = ADVANCED_FACE ( 'NONE', ( #7096 ), #4253, .F. ) ;
#811 = CARTESIAN_POINT ( 'NONE',  ( 10.49999999999999645, 70.50000000000000000, 11.49999999999998757 ) ) ;
#812 = CARTESIAN_POINT ( 'NONE',  ( -7.000000000000003553, 41.44119168361520167, 8.499999999999996447 ) ) ;
#813 = ORIENTED_EDGE ( 'NONE', *, *, #5821, .T. ) ;
#814 = CARTESIAN_POINT ( 'NONE',  ( -5.659906698958589999, 41.08878480346729134, -4.254097642912770816 ) ) ;
#815 = LINE ( 'NONE', #3053, #1377 ) ;
#816 = ORIENTED_EDGE ( 'NONE', *, *, #1633, .F. ) ;
#817 = CARTESIAN_POINT ( 'NONE',  ( 9.799999999999998934, 72.00000000000000000, -9.443375672974068991 ) ) ;
#818 = CARTESIAN_POINT ( 'NONE',  ( -6.000000000000004441, 67.76683849253808489, 7.000000000000003553 ) ) ;
#819 = EDGE_CURVE ( 'NONE', #5663, #4789, #2970, .T. ) ;
#820 = ADVANCED_FACE ( 'NONE', ( #6985 ), #6586, .F. ) ;
#821 = AXIS2_PLACEMENT_3D ( 'NONE', #4537, #93, #4048 ) ;
#822 = CARTESIAN_POINT ( 'NONE',  ( -11.78214740191006804, 61.91673417897457199, 9.991462043206302823 ) ) ;
#823 = CARTESIAN_POINT ( 'NONE',  ( -6.000000000000003553, 78.00000000000000000, 8.499999999999996447 ) ) ;
#824 = DIRECTION ( 'NONE',  ( 1.224646799147349509E-16, 0.000000000000000000, -1.000000000000000000 ) ) ;
#825 = ORIENTED_EDGE ( 'NONE', *, *, #4622, .T. ) ;
#826 = CALENDAR_DATE ( 2026, 31, 5 ) ;
#827 = ORIENTED_EDGE ( 'NONE', *, *, #6776, .F. ) ;
#828 = ADVANCED_FACE ( 'NONE', ( #1978 ), #7041, .T. ) ;
#829 = CARTESIAN_POINT ( 'NONE',  ( -4.750000000000002665, 36.50000000000000711, -8.499999999999996447 ) ) ;
#830 = DIRECTION ( 'NONE',  ( 4.336808689942017736E-16, 0.000000000000000000, 1.000000000000000000 ) ) ;
#831 = CARTESIAN_POINT ( 'NONE',  ( 0.3236191857630419388, 11.79542517458310336, -4.250124087183336563 ) ) ;
#832 = VERTEX_POINT ( 'NONE', #2570 ) ;
#833 = ORIENTED_EDGE ( 'NONE', *, *, #5651, .T. ) ;
#834 = EDGE_CURVE ( 'NONE', #3889, #3691, #1468, .T. ) ;
#835 = CARTESIAN_POINT ( 'NONE',  ( -5.123072423531278119, 46.09912364910795901, -4.491933932527583551 ) ) ;
#836 = VERTEX_POINT ( 'NONE', #6003 ) ;
#837 = CARTESIAN_POINT ( 'NONE',  ( 15.99999999999999289, 0.000000000000000000, -5.947623346206193160E-15 ) ) ;
#838 = CARTESIAN_POINT ( 'NONE',  ( 6.249999999999997335, 15.50000000000000000, -8.500000000000000000 ) ) ;
#839 = LINE ( 'NONE', #4141, #6978 ) ;
#840 = ORIENTED_EDGE ( 'NONE', *, *, #3151, .T. ) ;
#841 = ORIENTED_EDGE ( 'NONE', *, *, #3057, .F. ) ;
#842 = CARTESIAN_POINT ( 'NONE',  ( 0.000000000000000000, 10.00000000000000178, 0.000000000000000000 ) ) ;
#843 = EDGE_LOOP ( 'NONE', ( #5474, #2944 ) ) ;
#844 = DIRECTION ( 'NONE',  ( -1.000000000000000000, 0.000000000000000000, 0.000000000000000000 ) ) ;
#845 = DIRECTION ( 'NONE',  ( 0.000000000000000000, 0.000000000000000000, 1.000000000000000000 ) ) ;
#846 = ORIENTED_EDGE ( 'NONE', *, *, #4054, .T. ) ;
#847 = CARTESIAN_POINT ( 'NONE',  ( -5.320838904211639075, 40.92235581620077056, -4.449430791265039709 ) ) ;
#848 = CARTESIAN_POINT ( 'NONE',  ( 16.00000000000000000, 78.00000000000000000, -11.50000000000000355 ) ) ;
#849 = ORIENTED_EDGE ( 'NONE', *, *, #573, .T. ) ;
#850 = CIRCLE ( 'NONE', #4959, 5.000000000000000000 ) ;
#851 = DIRECTION ( 'NONE',  ( -0.000000000000000000, 1.000000000000000000, -0.000000000000000000 ) ) ;
#852 = ORIENTED_EDGE ( 'NONE', *, *, #1877, .T. ) ;
#853 = ORIENTED_EDGE ( 'NONE', *, *, #7137, .T. ) ;
#854 = CARTESIAN_POINT ( 'NONE',  ( -9.000000000000000000, 11.19999999999999929, 0.000000000000000000 ) ) ;
#855 = AXIS2_PLACEMENT_3D ( 'NONE', #2136, #1013, #4266 ) ;
#856 = VERTEX_POINT ( 'NONE', #1576 ) ;
#857 = CARTESIAN_POINT ( 'NONE',  ( 11.50000000000000000, -0.0009999999999992653654, 14.50000000000000000 ) ) ;
#858 = EDGE_CURVE ( 'NONE', #4752, #296, #373, .T. ) ;
#859 = CARTESIAN_POINT ( 'NONE',  ( 14.00000000000000355, 71.50000000000000000, -5.500000000000005329 ) ) ;
#860 = ORIENTED_EDGE ( 'NONE', *, *, #573, .F. ) ;
#861 = DIRECTION ( 'NONE',  ( 3.717264591378872697E-16, -0.000000000000000000, 1.000000000000000000 ) ) ;
#862 = VERTEX_POINT ( 'NONE', #7132 ) ;
#863 = CARTESIAN_POINT ( 'NONE',  ( -6.000000000000001776, 69.60980632887475394, 12.02327838437846808 ) ) ;
#864 = ORIENTED_EDGE ( 'NONE', *, *, #303, .F. ) ;
#865 = AXIS2_PLACEMENT_3D ( 'NONE', #5717, #5270, #776 ) ;
#866 = EDGE_CURVE ( 'NONE', #6926, #2313, #3555, .T. ) ;
#867 = EDGE_CURVE ( 'NONE', #39, #1493, #3827, .T. ) ;
#868 = EDGE_LOOP ( 'NONE', ( #2703, #6451, #2691, #4554 ) ) ;
#869 = ORIENTED_EDGE ( 'NONE', *, *, #5788, .F. ) ;
#870 = DIRECTION ( 'NONE',  ( 0.000000000000000000, 0.000000000000000000, 1.000000000000000000 ) ) ;
#871 = AXIS2_PLACEMENT_3D ( 'NONE', #6831, #4137, #6358 ) ;
#872 = DIRECTION ( 'NONE',  ( 1.000000000000000000, 0.000000000000000000, 0.000000000000000000 ) ) ;
#873 = DIRECTION ( 'NONE',  ( -1.000000000000000000, 0.000000000000000000, 0.000000000000000000 ) ) ;
#874 = ADVANCED_FACE ( 'NONE', ( #2049 ), #3668, .F. ) ;
#875 = VERTEX_POINT ( 'NONE', #2090 ) ;
#876 = ORIENTED_EDGE ( 'NONE', *, *, #6048, .F. ) ;
#877 = VECTOR ( 'NONE', #6637, 1000.000000000000000 ) ;
#878 = CARTESIAN_POINT ( 'NONE',  ( 0.000000000000000000, 0.5000000000000004441, 0.000000000000000000 ) ) ;
#879 = CARTESIAN_POINT ( 'NONE',  ( -6.000000000000007105, 41.44119168361519456, -3.642328611918970172 ) ) ;
#880 = CIRCLE ( 'NONE', #3347, 1.000000000000000888 ) ;
#881 = AXIS2_PLACEMENT_3D ( 'NONE', #5389, #459, #7051 ) ;
#882 = CARTESIAN_POINT ( 'NONE',  ( 12.00000000000000000, 12.99999999999999822, -11.50000000000000355 ) ) ;
#883 = CARTESIAN_POINT ( 'NONE',  ( 12.00000000000000000, 18.99999999999998934, -4.499999999999999112 ) ) ;
#884 = ADVANCED_FACE ( 'NONE', ( #1541 ), #1219, .T. ) ;
#885 = AXIS2_PLACEMENT_3D ( 'NONE', #2003, #2597, #6507 ) ;
#886 = ORIENTED_EDGE ( 'NONE', *, *, #1224, .F. ) ;
#887 = TOROIDAL_SURFACE ( 'NONE', #2987, 1.749999999999998446, 0.5000000000000000000 ) ;
#888 = AXIS2_PLACEMENT_3D ( 'NONE', #2682, #3158, #6977 ) ;
#889 = DIRECTION ( 'NONE',  ( 1.000000000000000000, 0.000000000000000000, 0.000000000000000000 ) ) ;
#890 = VERTEX_POINT ( 'NONE', #5350 ) ;
#891 = CARTESIAN_POINT ( 'NONE',  ( 9.799999999999998934, 13.99999999999999289, -9.443375672974061885 ) ) ;
#892 = DIRECTION ( 'NONE',  ( -0.000000000000000000, -1.000000000000000000, -0.000000000000000000 ) ) ;
#893 = APPROVAL_PERSON_ORGANIZATION ( #2587, #957, #1914 ) ;
#894 = CARTESIAN_POINT ( 'NONE',  ( -5.123072423531154662, 41.90087635089204099, -4.491933932527174989 ) ) ;
#895 = DIRECTION ( 'NONE',  ( -0.000000000000000000, -1.000000000000000000, -0.000000000000000000 ) ) ;
#896 = AXIS2_PLACEMENT_3D ( 'NONE', #1382, #3623, #4501 ) ;
#897 = VERTEX_POINT ( 'NONE', #2209 ) ;
#898 = AXIS2_PLACEMENT_3D ( 'NONE', #6178, #5517, #588 ) ;
#899 = CARTESIAN_POINT ( 'NONE',  ( -11.50000000000000355, 66.54999999999999716, -6.949999999999999289 ) ) ;
#900 = EDGE_LOOP ( 'NONE', ( #2037, #4924 ) ) ;
#901 = ORIENTED_EDGE ( 'NONE', *, *, #4750, .T. ) ;
#902 = AXIS2_PLACEMENT_3D ( 'NONE', #6845, #2816, #21 ) ;
#903 = CARTESIAN_POINT ( 'NONE',  ( -6.000000000000008882, 12.99999999999999822, -3.499999999999998668 ) ) ;
#904 = AXIS2_PLACEMENT_3D ( 'NONE', #3386, #3974, #2282 ) ;
#905 = ORIENTED_EDGE ( 'NONE', *, *, #558, .F. ) ;
#906 = CARTESIAN_POINT ( 'NONE',  ( -11.00000000000000355, 34.00000000000000000, 2.999999999999997780 ) ) ;
#907 = CARTESIAN_POINT ( 'NONE',  ( 12.00000000000000000, 74.49999999999998579, -10.88675134594812910 ) ) ;
#908 = DIRECTION ( 'NONE',  ( -1.000000000000000000, 0.000000000000000000, -0.000000000000000000 ) ) ;
#909 = ORIENTED_EDGE ( 'NONE', *, *, #2718, .F. ) ;
#910 = DIRECTION ( 'NONE',  ( -0.000000000000000000, 1.000000000000000000, -0.000000000000000000 ) ) ;
#911 = TOROIDAL_SURFACE ( 'NONE', #2659, 4.500000000000000888, 1.000000000000000000 ) ;
#912 = ORIENTED_EDGE ( 'NONE', *, *, #6513, .F. ) ;
#913 = APPLICATION_PROTOCOL_DEFINITION ( 'international standard', 'config_control_design', 1994, #1042 ) ;
#914 = ORIENTED_EDGE ( 'NONE', *, *, #701, .T. ) ;
#915 = AXIS2_PLACEMENT_3D ( 'NONE', #2507, #5252, #2583 ) ;
#916 = CARTESIAN_POINT ( 'NONE',  ( -11.00000000000000355, 63.50000000000000000, 17.49999999999999645 ) ) ;
#917 = ORIENTED_EDGE ( 'NONE', *, *, #1149, .F. ) ;
#918 = EDGE_CURVE ( 'NONE', #2699, #5912, #6113, .T. ) ;
#919 = ADVANCED_FACE ( 'NONE', ( #2277 ), #6157, .F. ) ;
#920 = CARTESIAN_POINT ( 'NONE',  ( -2.500000000000004441, 66.00000000000000000, 12.49999999999999289 ) ) ;
#921 = PLANE ( 'NONE',  #7086 ) ;
#922 = ORIENTED_EDGE ( 'NONE', *, *, #2964, .F. ) ;
#923 = AXIS2_PLACEMENT_3D ( 'NONE', #3910, #4937, #536 ) ;
#924 = CYLINDRICAL_SURFACE ( 'NONE', #70, 1.000000000000000000 ) ;
#925 = EDGE_CURVE ( 'NONE', #6347, #5627, #5095, .T. ) ;
#926 = CARTESIAN_POINT ( 'NONE',  ( -6.000000000000001776, 74.50000000000000000, 14.99999999999999645 ) ) ;
#927 = CARTESIAN_POINT ( 'NONE',  ( 3.061616997868383043E-15, 2.168404344971008868E-16, -25.00000000000000000 ) ) ;
#928 = DIRECTION ( 'NONE',  ( 0.000000000000000000, 1.000000000000000000, 0.000000000000000000 ) ) ;
#929 = CIRCLE ( 'NONE', #338, 1.600000000000002531 ) ;
#930 = CARTESIAN_POINT ( 'NONE',  ( -0.2499999999999993616, 35.00000000000000000, -8.500000000000000000 ) ) ;
#931 = ORIENTED_EDGE ( 'NONE', *, *, #6630, .F. ) ;
#932 = EDGE_CURVE ( 'NONE', #1701, #3308, #2835, .T. ) ;
#933 = DIRECTION ( 'NONE',  ( -1.000000000000000000, 0.000000000000000000, 0.000000000000000000 ) ) ;
#934 = CARTESIAN_POINT ( 'NONE',  ( 11.50000000000000000, 10.20000000000000107, 12.89999999999999858 ) ) ;
#935 = CARTESIAN_POINT ( 'NONE',  ( -7.000000000000000888, 41.44119168361520167, 8.499999999999996447 ) ) ;
#936 = DIRECTION ( 'NONE',  ( 0.000000000000000000, 0.000000000000000000, 1.000000000000000000 ) ) ;
#937 = CARTESIAN_POINT ( 'NONE',  ( -7.000000000000003553, 78.00000000000000000, 9.499999999999998224 ) ) ;
#938 = ORIENTED_EDGE ( 'NONE', *, *, #3112, .T. ) ;
#939 = ORIENTED_EDGE ( 'NONE', *, *, #623, .F. ) ;
#940 = ORIENTED_EDGE ( 'NONE', *, *, #6395, .T. ) ;
#941 = CARTESIAN_POINT ( 'NONE',  ( -12.00000000000000355, 78.00000000000000000, -10.49999999999999822 ) ) ;
#942 = EDGE_CURVE ( 'NONE', #2898, #697, #43, .T. ) ;
#943 = DIRECTION ( 'NONE',  ( 0.000000000000000000, 0.000000000000000000, 1.000000000000000000 ) ) ;
#944 = CARTESIAN_POINT ( 'NONE',  ( 16.00000000000000000, 61.00000000000000000, 18.49999999999999645 ) ) ;
#945 = ORIENTED_EDGE ( 'NONE', *, *, #6677, .T. ) ;
#946 = FACE_BOUND ( 'NONE', #1774, .T. ) ;
#947 = ORIENTED_EDGE ( 'NONE', *, *, #685, .T. ) ;
#948 = DIRECTION ( 'NONE',  ( 1.000000000000000000, -0.000000000000000000, -1.931325469920844706E-15 ) ) ;
#949 = ORIENTED_EDGE ( 'NONE', *, *, #1305, .T. ) ;
#950 = DIRECTION ( 'NONE',  ( 0.000000000000000000, 0.000000000000000000, 1.000000000000000000 ) ) ;
#951 = CARTESIAN_POINT ( 'NONE',  ( 4.175000000000000711, 37.69800180856846339, -6.299999999999999822 ) ) ;
#952 = DIRECTION ( 'NONE',  ( -1.000000000000000000, 0.000000000000000000, 0.000000000000000000 ) ) ;
#953 = LINE ( 'NONE', #2593, #2519 ) ;
#954 = CYLINDRICAL_SURFACE ( 'NONE', #1942, 1.500000000000000444 ) ;
#955 = VERTEX_POINT ( 'NONE', #5497 ) ;
#956 = VERTEX_POINT ( 'NONE', #5530 ) ;
#957 = APPROVAL ( #4204, 'æœª' ) ;
#958 = ORIENTED_EDGE ( 'NONE', *, *, #5426, .F. ) ;
#959 = CARTESIAN_POINT ( 'NONE',  ( 5.999999999999998224, 70.50000000000000000, 12.49999999999999112 ) ) ;
#960 = ORIENTED_EDGE ( 'NONE', *, *, #6103, .T. ) ;
#961 = FACE_OUTER_BOUND ( 'NONE', #6558, .T. ) ;
#962 = CARTESIAN_POINT ( 'NONE',  ( 4.175000000000000711, 35.30199819143152240, -6.299999999999999822 ) ) ;
#963 = VERTEX_POINT ( 'NONE', #1761 ) ;
#964 = EDGE_LOOP ( 'NONE', ( #4914, #4240, #5638, #7156 ) ) ;
#965 = EDGE_CURVE ( 'NONE', #1977, #572, #992, .T. ) ;
#966 = EDGE_CURVE ( 'NONE', #6014, #7031, #565, .T. ) ;
#967 = CARTESIAN_POINT ( 'NONE',  ( 9.799999999999998934, 13.99999999999999289, -9.443375672974061885 ) ) ;
#968 = ORIENTED_EDGE ( 'NONE', *, *, #1398, .F. ) ;
#969 = CARTESIAN_POINT ( 'NONE',  ( -6.000000000000008882, 78.00000000000000000, -4.499999999999999112 ) ) ;
#970 = CARTESIAN_POINT ( 'NONE',  ( -8.000000000000003553, 40.99999999999999289, -10.90000000000000391 ) ) ;
#971 = DIRECTION ( 'NONE',  ( 0.000000000000000000, 0.000000000000000000, 1.000000000000000000 ) ) ;
#972 = DIRECTION ( 'NONE',  ( 0.000000000000000000, 0.000000000000000000, -1.000000000000000000 ) ) ;
#973 = CARTESIAN_POINT ( 'NONE',  ( -2.500000000000002665, 67.00000000000000000, 17.49999999999999645 ) ) ;
#974 = EDGE_CURVE ( 'NONE', #6853, #6035, #6925, .T. ) ;
#975 = DIRECTION ( 'NONE',  ( -0.000000000000000000, -1.000000000000000000, 0.000000000000000000 ) ) ;
#976 = CARTESIAN_POINT ( 'NONE',  ( 9.499999999999998224, 70.50000000000000000, 18.49999999999998934 ) ) ;
#977 = CYLINDRICAL_SURFACE ( 'NONE', #1821, 1.099999999999999423 ) ;
#978 = ORIENTED_EDGE ( 'NONE', *, *, #184, .F. ) ;
#979 = B_SPLINE_CURVE_WITH_KNOTS ( 'NONE', 3,
 ( #131, #201, #715, #648, #6856, #5152, #5725, #5755, #1807, #1172 ),
 .UNSPECIFIED., .F., .F.,
 ( 4, 2, 2, 2, 4 ),
 ( 8.673617379884035472E-19, 0.0004197279882872202912, 0.0008394559765744397150, 0.001259183964861659193, 0.001678911953148878563 ),
 .UNSPECIFIED. ) ;
#980 = DIRECTION ( 'NONE',  ( 2.168404344971008868E-16, -0.000000000000000000, 1.000000000000000000 ) ) ;
#981 = ORIENTED_EDGE ( 'NONE', *, *, #6357, .T. ) ;
#982 = DIRECTION ( 'NONE',  ( 1.000000000000000000, 0.000000000000000000, -0.000000000000000000 ) ) ;
#983 = VERTEX_POINT ( 'NONE', #6081 ) ;
#984 = ADVANCED_FACE ( 'NONE', ( #492 ), #6582, .T. ) ;
#985 = TOROIDAL_SURFACE ( 'NONE', #5071, 2.500000000000000000, 1.000000000000000000 ) ;
#986 =( BOUNDED_SURFACE ( )  B_SPLINE_SURFACE ( 3, 2, ( 
 ( #6172, #1166, #5074 ),
 ( #2105, #6604, #4349 ),
 ( #6565, #1554, #3845 ),
 ( #1596, #3802, #5513 ),
 ( #539, #2732, #6020 ),
 ( #6642, #1638, #3878 ),
 ( #2780, #6094, #5209 ),
 ( #2951, #3986, #3020 ),
 ( #5115, #6201, #1294 ),
 ( #5687, #1261, #4119 ) ),
 .UNSPECIFIED., .F., .F., .F. ) 
 B_SPLINE_SURFACE_WITH_KNOTS ( ( 4, 2, 2, 2, 4 ),
 ( 3, 3 ),
 ( 0.000000000000000000, 0.001083466445518502458, 0.002166932891037004916, 0.003250399336555507591, 0.004333865782074009833 ),
 ( 0.000000000000000000, 1.000000000000000000 ),
 .UNSPECIFIED. ) 
 GEOMETRIC_REPRESENTATION_ITEM ( )  RATIONAL_B_SPLINE_SURFACE ( (
 ( 1.000000000000000000, 0.7071067811865469066, 1.000000000000000000),
 ( 1.000000000000000000, 0.7367961691482718400, 1.000000000000000000),
 ( 1.000000000000000000, 0.7690893574971353619, 1.000000000000000000),
 ( 1.000000000000000000, 0.8350059886565761591, 1.000000000000000000),
 ( 1.000000000000000000, 0.8677351021490028460, 1.000000000000000000),
 ( 1.000000000000000000, 0.9269753236433572186, 1.000000000000000000),
 ( 1.000000000000000000, 0.9532753917107746888, 1.000000000000000000),
 ( 1.000000000000000000, 0.9898221885743824222, 1.000000000000000000),
 ( 1.000000000000000000, 1.000117463757012048, 1.000000000000000000),
 ( 1.000000000000000000, 1.000000000000000000, 1.000000000000000000) ) ) 
 REPRESENTATION_ITEM ( '' )  SURFACE ( )  );
#987 = EDGE_LOOP ( 'NONE', ( #2424, #3268, #1894, #3063 ) ) ;
#988 = DIRECTION ( 'NONE',  ( 1.000000000000000000, -0.000000000000000000, -0.000000000000000000 ) ) ;
#989 = DIRECTION ( 'NONE',  ( 1.224646799147353454E-16, 0.000000000000000000, -1.000000000000000000 ) ) ;
#990 = CARTESIAN_POINT ( 'NONE',  ( -11.00000000000000355, 12.00000000000000000, -12.49999999999999822 ) ) ;
#991 = FACE_OUTER_BOUND ( 'NONE', #81, .T. ) ;
#992 = CIRCLE ( 'NONE', #5075, 2.500000000000000444 ) ;
#993 = ORIENTED_EDGE ( 'NONE', *, *, #3880, .F. ) ;
#994 = ORIENTED_EDGE ( 'NONE', *, *, #3541, .T. ) ;
#995 = VECTOR ( 'NONE', #1129, 1000.000000000000000 ) ;
#996 = CARTESIAN_POINT ( 'NONE',  ( -8.400000000000003908, 74.23316150746191511, 6.999999999999986677 ) ) ;
#997 = CYLINDRICAL_SURFACE ( 'NONE', #6485, 3.499999999999999556 ) ;
#998 = DIRECTION ( 'NONE',  ( -0.8660254037844379305, -0.5000000000000014433, 0.000000000000000000 ) ) ;
#999 = DIRECTION ( 'NONE',  ( 1.000000000000000000, 0.000000000000000000, 0.000000000000000000 ) ) ;
#1000 = AXIS2_PLACEMENT_3D ( 'NONE', #6062, #4818, #4971 ) ;
#1001 = ORIENTED_EDGE ( 'NONE', *, *, #2327, .T. ) ;
#1002 = CARTESIAN_POINT ( 'NONE',  ( 12.00000000000000355, 74.50000000000000000, 16.34999999999999787 ) ) ;
#1003 = VECTOR ( 'NONE', #178, 1000.000000000000000 ) ;
#1004 = ORIENTED_EDGE ( 'NONE', *, *, #1204, .T. ) ;
#1005 = CARTESIAN_POINT ( 'NONE',  ( 7.349999999999996980, 36.50000000000000711, -6.299999999999999822 ) ) ;
#1006 = EDGE_CURVE ( 'NONE', #3300, #3154, #5033, .T. ) ;
#1007 = DIRECTION ( 'NONE',  ( -1.000000000000000000, 0.000000000000000000, 0.000000000000000000 ) ) ;
#1008 = EDGE_CURVE ( 'NONE', #6188, #2248, #1335, .T. ) ;
#1009 = DIRECTION ( 'NONE',  ( -0.8660254037844389297, -0.4999999999999995004, 0.000000000000000000 ) ) ;
#1010 = CARTESIAN_POINT ( 'NONE',  ( -11.00000000000000355, 30.50000000000000355, -0.5000000000000022204 ) ) ;
#1011 = VECTOR ( 'NONE', #4604, 1000.000000000000000 ) ;
#1012 = AXIS2_PLACEMENT_3D ( 'NONE', #4646, #4170, #4579 ) ;
#1013 = DIRECTION ( 'NONE',  ( 1.000000000000000000, -0.000000000000000000, 0.000000000000000000 ) ) ;
#1014 = AXIS2_PLACEMENT_3D ( 'NONE', #3281, #5503, #1494 ) ;
#1015 = DIRECTION ( 'NONE',  ( -1.000000000000000000, 0.000000000000000000, 0.000000000000000000 ) ) ;
#1016 = DIRECTION ( 'NONE',  ( -0.000000000000000000, 0.000000000000000000, 1.000000000000000000 ) ) ;
#1017 = TOROIDAL_SURFACE ( 'NONE', #3826, 2.000000000000000000, 1.000000000000000000 ) ;
#1018 = EDGE_CURVE ( 'NONE', #529, #4468, #7167, .T. ) ;
#1019 = DIRECTION ( 'NONE',  ( 1.000000000000000000, -0.000000000000000000, 0.000000000000000000 ) ) ;
#1020 = VERTEX_POINT ( 'NONE', #1729 ) ;
#1021 = DIRECTION ( 'NONE',  ( 1.000000000000000000, -0.000000000000000000, -0.000000000000000000 ) ) ;
#1022 = CIRCLE ( 'NONE', #5221, 4.500000000000000888 ) ;
#1023 = VECTOR ( 'NONE', #416, 1000.000000000000000 ) ;
#1024 = ORIENTED_EDGE ( 'NONE', *, *, #5294, .T. ) ;
#1025 = CARTESIAN_POINT ( 'NONE',  ( -6.000000000000008882, 41.44119168361520167, -3.499999999999998668 ) ) ;
#1026 = CARTESIAN_POINT ( 'NONE',  ( 9.799999999999998934, 13.99999999999999289, -9.443375672974061885 ) ) ;
#1027 = EDGE_CURVE ( 'NONE', #5244, #4154, #1658, .T. ) ;
#1028 = CARTESIAN_POINT ( 'NONE',  ( 9.000000000000000000, 11.19999999999999929, 0.000000000000000000 ) ) ;
#1029 = AXIS2_PLACEMENT_3D ( 'NONE', #6248, #4065, #6286 ) ;
#1030 = VERTEX_POINT ( 'NONE', #3972 ) ;
#1031 = ORIENTED_EDGE ( 'NONE', *, *, #2031, .T. ) ;
#1032 = CIRCLE ( 'NONE', #6969, 4.500000000000000888 ) ;
#1033 = DIRECTION ( 'NONE',  ( 1.000000000000000000, 0.000000000000000000, 0.000000000000000000 ) ) ;
#1034 = CARTESIAN_POINT ( 'NONE',  ( -6.000000000000008882, 77.00000000000000000, -3.499999999999998668 ) ) ;
#1035 = PLANE ( 'NONE',  #1936 ) ;
#1036 = CARTESIAN_POINT ( 'NONE',  ( -9.000000000000000000, 9.000000000000001776, -3.000000000000001332 ) ) ;
#1037 = VECTOR ( 'NONE', #1087, 1000.000000000000000 ) ;
#1038 = ORIENTED_EDGE ( 'NONE', *, *, #2568, .T. ) ;
#1039 = EDGE_LOOP ( 'NONE', ( #4740, #796, #6289, #265 ) ) ;
#1040 = VECTOR ( 'NONE', #3754, 1000.000000000000000 ) ;
#1041 = DIRECTION ( 'NONE',  ( 0.000000000000000000, 0.000000000000000000, -1.000000000000000000 ) ) ;
#1042 = APPLICATION_CONTEXT ( 'configuration controlled 3d designs of mechanical parts and assemblies' ) ;
#1043 = ORIENTED_EDGE ( 'NONE', *, *, #4041, .F. ) ;
#1044 = DIRECTION ( 'NONE',  ( -1.000000000000000000, 0.000000000000000000, 0.000000000000000000 ) ) ;
#1045 = EDGE_LOOP ( 'NONE', ( #3728, #846, #5797, #1199 ) ) ;
#1046 = LINE ( 'NONE', #2693, #5113 ) ;
#1047 = CARTESIAN_POINT ( 'NONE',  ( -6.000000000000003553, 35.00000000000000000, 8.499999999999996447 ) ) ;
#1048 = ORIENTED_EDGE ( 'NONE', *, *, #7001, .T. ) ;
#1049 = VECTOR ( 'NONE', #6625, 1000.000000000000000 ) ;
#1050 = EDGE_CURVE ( 'NONE', #775, #3723, #3678, .T. ) ;
#1051 = ADVANCED_FACE ( 'NONE', ( #2867 ), #4960, .F. ) ;
#1052 = LINE ( 'NONE', #3720, #6118 ) ;
#1053 = DIRECTION ( 'NONE',  ( 1.000000000000000000, 0.000000000000000000, -1.931325469920844706E-15 ) ) ;
#1054 = DIRECTION ( 'NONE',  ( 0.000000000000000000, 0.000000000000000000, 1.000000000000000000 ) ) ;
#1055 = LINE ( 'NONE', #6563, #5020 ) ;
#1056 = LINE ( 'NONE', #5543, #7126 ) ;
#1057 = EDGE_CURVE ( 'NONE', #2423, #1020, #525, .T. ) ;
#1058 = B_SPLINE_CURVE_WITH_KNOTS ( 'NONE', 3,
 ( #2557, #3223, #5448, #2517, #1999, #443, #831, #6457, #1419, #1920, #4794, #4171, #5375, #3694 ),
 .UNSPECIFIED., .F., .F.,
 ( 4, 2, 2, 2, 2, 2, 4 ),
 ( 1.334053389915464843E-17, 0.0004895241832361060547, 0.0009790483664721988822, 0.001958096732944385188, 0.002937145099416571710, 0.003426669282652664104, 0.003916193465888756498 ),
 .UNSPECIFIED. ) ;
#1059 = EDGE_CURVE ( 'NONE', #719, #3796, #521, .T. ) ;
#1060 = EDGE_LOOP ( 'NONE', ( #5730, #3356, #1832, #4507 ) ) ;
#1061 = CARTESIAN_POINT ( 'NONE',  ( -5.609118888189470020, 46.94708641773395641, -4.295765289394875452 ) ) ;
#1062 = FACE_OUTER_BOUND ( 'NONE', #6122, .T. ) ;
#1063 = DIRECTION ( 'NONE',  ( 3.717264591378872697E-16, -0.000000000000000000, 1.000000000000000000 ) ) ;
#1064 = DIRECTION ( 'NONE',  ( 1.000000000000000000, 0.000000000000000000, 0.000000000000000000 ) ) ;
#1065 = VERTEX_POINT ( 'NONE', #113 ) ;
#1066 = VERTEX_POINT ( 'NONE', #3551 ) ;
#1067 = EDGE_CURVE ( 'NONE', #1871, #3299, #4030, .T. ) ;
#1068 = VERTEX_POINT ( 'NONE', #5191 ) ;
#1069 = DIRECTION ( 'NONE',  ( 0.000000000000000000, 0.000000000000000000, 1.000000000000000000 ) ) ;
#1070 = LINE ( 'NONE', #31, #6833 ) ;
#1071 = VECTOR ( 'NONE', #910, 1000.000000000000000 ) ;
#1072 = B_SPLINE_CURVE_WITH_KNOTS ( 'NONE', 3,
 ( #2891, #2956, #5181, #4575, #6790, #5623, #1750, #161, #2401, #4022 ),
 .UNSPECIFIED., .F., .F.,
 ( 4, 2, 2, 2, 4 ),
 ( 0.000000000000000000, 0.0007230353799383338513, 0.001446070759876667703, 0.002169106139815001662, 0.002892141519753339742 ),
 .UNSPECIFIED. ) ;
#1073 = DIRECTION ( 'NONE',  ( 0.000000000000000000, -1.000000000000000000, 0.000000000000000000 ) ) ;
#1074 = ORIENTED_EDGE ( 'NONE', *, *, #5249, .T. ) ;
#1075 = ADVANCED_FACE ( 'NONE', ( #5708 ), #5164, .F. ) ;
#1076 = DIRECTION ( 'NONE',  ( 0.000000000000000000, 1.000000000000000000, 0.000000000000000000 ) ) ;
#1077 = ORIENTED_EDGE ( 'NONE', *, *, #3333, .F. ) ;
#1078 = CARTESIAN_POINT ( 'NONE',  ( 1.699882846517698498, 11.87705509718487740, -4.172258928540603762 ) ) ;
#1079 = VERTEX_POINT ( 'NONE', #2908 ) ;
#1080 = CARTESIAN_POINT ( 'NONE',  ( -6.350000000000003197, 44.00000000000000000, -8.499999999999996447 ) ) ;
#1081 = DIRECTION ( 'NONE',  ( 0.000000000000000000, 0.000000000000000000, -1.000000000000000000 ) ) ;
#1082 = DIRECTION ( 'NONE',  ( 0.000000000000000000, -1.000000000000000000, 0.000000000000000000 ) ) ;
#1083 = ORIENTED_EDGE ( 'NONE', *, *, #5163, .F. ) ;
#1084 = DIRECTION ( 'NONE',  ( 0.000000000000000000, 0.000000000000000000, 1.000000000000000000 ) ) ;
#1085 = CARTESIAN_POINT ( 'NONE',  ( 15.99999999999999645, 60.00000000000000000, 11.49999999999998579 ) ) ;
#1086 = CARTESIAN_POINT ( 'NONE',  ( -6.000000000000007994, 30.50000000000000355, -1.500000000000002665 ) ) ;
#1087 = DIRECTION ( 'NONE',  ( 1.000000000000000000, -0.000000000000000000, -3.717264591378872204E-16 ) ) ;
#1088 = LINE ( 'NONE', #22, #6670 ) ;
#1089 = CARTESIAN_POINT ( 'NONE',  ( -12.00000000000000355, 40.99999999999999289, -9.000000000000003553 ) ) ;
#1090 = DIRECTION ( 'NONE',  ( 0.000000000000000000, -0.000000000000000000, 1.000000000000000000 ) ) ;
#1091 = CARTESIAN_POINT ( 'NONE',  ( 9.499999999999998224, 71.61324865405185847, 14.99999999999999467 ) ) ;
#1092 = DIRECTION ( 'NONE',  ( 1.000000000000000000, 0.000000000000000000, -0.000000000000000000 ) ) ;
#1093 = DIRECTION ( 'NONE',  ( -1.000000000000000000, 0.000000000000000000, 3.717264591378870725E-16 ) ) ;
#1094 = EDGE_CURVE ( 'NONE', #2128, #5627, #279, .T. ) ;
#1095 = EDGE_CURVE ( 'NONE', #3769, #3216, #6928, .T. ) ;
#1096 = CLOSED_SHELL ( 'NONE', ( #6813, #6448, #884, #3989, #1884, #1598, #1609, #5519, #1075, #810, #4587, #4312, #563, #5051, #4582, #5999, #6462, #5330, #2810, #1775, #5603, #3979, #3833, #2386, #4324, #3204, #1051, #4583, #3466, #4234, #5008, #3259, #1730, #2687, #3422, #371, #724, #6768, #6111, #5162, #3269, #320, #2039, #4097, #1994, #5285, #4668, #3156, #3805, #6405, #1393, #4577, #3065, #4357, #5526, #4075, #6905, #6315, #5661, #2561, #6060, #6584, #2268, #1418, #5642, #5017, #5140, #5277, #54, #140, #5879, #18, #114, #532, #2860, #5612, #6651, #820, #684, #5896, #2711, #5477, #4955, #3842, #6578, #4333, #1356, #2305, #141, #3389, #4647, #2742, #3742, #2261, #4061, #6316, #1279, #2608, #919, #6031, #5520, #2782, #1271, #1140, #6854, #2120, #4943, #2370, #5920, #2853, #2658, #6797, #2071, #1319, #5286, #3733, #5535, #6892, #2578, #6290, #1489, #2482, #1198, #2177, #1950, #2159, #1272, #4724, #4831, #250, #24, #5697, #6057, #709, #1679, #1915, #3058, #2680, #3163, #6187, #1285, #5112, #2260, #6327, #1757, #2669, #2020, #1343, #3530, #1159, #3291, #7119, #3123, #6232, #5435, #4874, #3897, #4496, #4682, #3072, #6731, #1758, #4900, #4325, #828, #5731, #6274, #5362, #515, #6424, #6186, #6096, #984, #2929, #1370, #3549, #6600, #2021, #1400, #3706, #2215, #4548, #6488, #6982, #5841, #583, #4000, #5690, #108, #2188, #3413, #5706, #5131, #5155, #212, #5196, #29, #6022, #2275, #1879, #3438, #4675, #7057, #5333, #1233, #7157, #1903, #3698, #523, #6803, #2846, #7020, #7085, #2121, #329, #4624, #6842, #3638, #6314, #4853, #3475, #3558, #2567, #5220, #382, #4954, #3750, #4264, #772, #4007, #874, #4431, #5956 ) ) ;
#1097 = ORIENTED_EDGE ( 'NONE', *, *, #1549, .F. ) ;
#1098 = EDGE_LOOP ( 'NONE', ( #3701, #2931, #833, #1906, #2125 ) ) ;
#1099 = B_SPLINE_CURVE_WITH_KNOTS ( 'NONE', 3,
 ( #5238, #297, #2495, #3639 ),
 .UNSPECIFIED., .F., .F.,
 ( 4, 4 ),
 ( 4.336808689942017736E-19, 0.001905629231097033917 ),
 .UNSPECIFIED. ) ;
#1100 = DIRECTION ( 'NONE',  ( 0.000000000000000000, -1.000000000000000000, 0.000000000000000000 ) ) ;
#1101 = AXIS2_PLACEMENT_3D ( 'NONE', #751, #4121, #4698 ) ;
#1102 = DIRECTION ( 'NONE',  ( -1.000000000000000000, 0.000000000000000000, 0.000000000000000000 ) ) ;
#1103 = CARTESIAN_POINT ( 'NONE',  ( -11.50000000000000355, 66.54999999999999716, -7.450000000000000178 ) ) ;
#1104 = CYLINDRICAL_SURFACE ( 'NONE', #3620, 1.600000000000002531 ) ;
#1105 = EDGE_CURVE ( 'NONE', #4642, #2795, #4609, .T. ) ;
#1106 = VERTEX_POINT ( 'NONE', #3003 ) ;
#1107 = AXIS2_PLACEMENT_3D ( 'NONE', #3601, #4618, #4076 ) ;
#1108 = ORIENTED_EDGE ( 'NONE', *, *, #1628, .T. ) ;
#1109 = CARTESIAN_POINT ( 'NONE',  ( 1.856289132379884910, 11.89382617796237263, -4.154515903225983742 ) ) ;
#1110 = AXIS2_PLACEMENT_3D ( 'NONE', #1691, #7210, #3932 ) ;
#1111 = DIRECTION ( 'NONE',  ( 0.000000000000000000, 0.000000000000000000, -1.000000000000000000 ) ) ;
#1112 = DIRECTION ( 'NONE',  ( -0.000000000000000000, -0.000000000000000000, -1.000000000000000000 ) ) ;
#1113 = EDGE_CURVE ( 'NONE', #4422, #3667, #2390, .T. ) ;
#1114 = CARTESIAN_POINT ( 'NONE',  ( -12.00000000000000355, 59.75834261322605556, 8.499999999999996447 ) ) ;
#1115 = ORIENTED_EDGE ( 'NONE', *, *, #3687, .T. ) ;
#1116 = VERTEX_POINT ( 'NONE', #3038 ) ;
#1117 = CIRCLE ( 'NONE', #6135, 2.500000000000000444 ) ;
#1118 = DIRECTION ( 'NONE',  ( 0.8660254037844390407, -0.4999999999999992228, 0.000000000000000000 ) ) ;
#1119 = DIRECTION ( 'NONE',  ( -1.000000000000000000, 0.000000000000000000, -0.000000000000000000 ) ) ;
#1120 = CARTESIAN_POINT ( 'NONE',  ( 12.00000000000000000, 16.49999999999999289, -8.000000000000000000 ) ) ;
#1121 = CARTESIAN_POINT ( 'NONE',  ( -7.000000000000003553, 78.00000000000000000, 9.499999999999998224 ) ) ;
#1122 = AXIS2_PLACEMENT_3D ( 'NONE', #453, #1497, #1537 ) ;
#1123 = AXIS2_PLACEMENT_3D ( 'NONE', #5171, #1833, #4660 ) ;
#1124 = CARTESIAN_POINT ( 'NONE',  ( 9.000000000000000000, 11.19999999999999929, 3.000000000000001332 ) ) ;
#1125 = VECTOR ( 'NONE', #2057, 1000.000000000000000 ) ;
#1126 = VECTOR ( 'NONE', #3731, 1000.000000000000000 ) ;
#1127 = CARTESIAN_POINT ( 'NONE',  ( 12.00000000000000000, 78.00000000000000000, -11.50000000000000355 ) ) ;
#1128 = CIRCLE ( 'NONE', #767, 1.600000000000002531 ) ;
#1129 = DIRECTION ( 'NONE',  ( 0.000000000000000000, -1.000000000000000000, 0.000000000000000000 ) ) ;
#1130 = CARTESIAN_POINT ( 'NONE',  ( 8.324999999999995737, 16.69800180856847760, -6.299999999999999822 ) ) ;
#1131 = PLANE ( 'NONE',  #5214 ) ;
#1132 = CARTESIAN_POINT ( 'NONE',  ( -4.150000000000007461, 44.00000000000000000, -8.499999999999996447 ) ) ;
#1133 = CC_DESIGN_SECURITY_CLASSIFICATION ( #4050, ( #3823 ) ) ;
#1134 = ORIENTED_EDGE ( 'NONE', *, *, #2718, .T. ) ;
#1135 = AXIS2_PLACEMENT_3D ( 'NONE', #4819, #4743, #5251 ) ;
#1136 = CIRCLE ( 'NONE', #659, 2.000000000000000000 ) ;
#1137 = ORIENTED_EDGE ( 'NONE', *, *, #3939, .F. ) ;
#1138 = VERTEX_POINT ( 'NONE', #6871 ) ;
#1139 = EDGE_CURVE ( 'NONE', #983, #4435, #1795, .T. ) ;
#1140 = ADVANCED_FACE ( 'NONE', ( #4068, #1928 ), #6900, .F. ) ;
#1141 = VECTOR ( 'NONE', #639, 1000.000000000000000 ) ;
#1142 = CYLINDRICAL_SURFACE ( 'NONE', #6150, 1.000000000000000888 ) ;
#1143 = ORIENTED_EDGE ( 'NONE', *, *, #6687, .F. ) ;
#1144 = TOROIDAL_SURFACE ( 'NONE', #4757, 4.500000000000000888, 1.000000000000000000 ) ;
#1145 = DIRECTION ( 'NONE',  ( 1.000000000000000000, -0.000000000000000000, -3.717264591378872204E-16 ) ) ;
#1146 = LINE ( 'NONE', #4845, #1826 ) ;
#1147 = CARTESIAN_POINT ( 'NONE',  ( 5.149999999999989697, 72.00000000000000000, -4.500000000000000888 ) ) ;
#1148 = AXIS2_PLACEMENT_3D ( 'NONE', #4511, #7204, #415 ) ;
#1149 = EDGE_CURVE ( 'NONE', #5025, #4896, #4508, .T. ) ;
#1150 = ORIENTED_EDGE ( 'NONE', *, *, #1149, .T. ) ;
#1151 = DIRECTION ( 'NONE',  ( 0.000000000000000000, 0.000000000000000000, 1.000000000000000000 ) ) ;
#1152 = ORIENTED_EDGE ( 'NONE', *, *, #3459, .F. ) ;
#1153 = CARTESIAN_POINT ( 'NONE',  ( 0.1580718162287804984, 11.53726276907047321, -4.000007604745550616 ) ) ;
#1154 = AXIS2_PLACEMENT_3D ( 'NONE', #2547, #5283, #6421 ) ;
#1155 = CARTESIAN_POINT ( 'NONE',  ( -6.000000000000008882, 42.03849547540669818, -3.499999999999998668 ) ) ;
#1156 = LINE ( 'NONE', #2839, #1385 ) ;
#1157 = VERTEX_POINT ( 'NONE', #3592 ) ;
#1158 = VECTOR ( 'NONE', #2185, 1000.000000000000000 ) ;
#1159 = ADVANCED_FACE ( 'NONE', ( #2418 ), #4651, .T. ) ;
#1160 = DIRECTION ( 'NONE',  ( 0.000000000000000000, 0.000000000000000000, 1.000000000000000000 ) ) ;
#1161 = VERTEX_POINT ( 'NONE', #5809 ) ;
#1162 = DIRECTION ( 'NONE',  ( 1.000000000000000000, 0.000000000000000000, 0.000000000000000000 ) ) ;
#1163 = CARTESIAN_POINT ( 'NONE',  ( 3.153465507804434798E-15, 0.000000000000000000, -25.50000000000000355 ) ) ;
#1164 = DIRECTION ( 'NONE',  ( -0.000000000000000000, -1.000000000000000000, -0.000000000000000000 ) ) ;
#1165 = AXIS2_PLACEMENT_3D ( 'NONE', #6162, #2912, #700 ) ;
#1166 = CARTESIAN_POINT ( 'NONE',  ( -12.00000000000000355, 59.75834261322604846, 9.500000000000000000 ) ) ;
#1167 = ORIENTED_EDGE ( 'NONE', *, *, #6194, .T. ) ;
#1168 = EDGE_CURVE ( 'NONE', #3942, #1161, #5190, .T. ) ;
#1169 = TOROIDAL_SURFACE ( 'NONE', #5243, 25.00000000000000000, 0.5000000000000000000 ) ;
#1170 = DIRECTION ( 'NONE',  ( 0.000000000000000000, 1.000000000000000000, 0.000000000000000000 ) ) ;
#1171 = DIRECTION ( 'NONE',  ( 0.8660254037844385966, 0.4999999999999999445, 0.000000000000000000 ) ) ;
#1172 = CARTESIAN_POINT ( 'NONE',  ( -5.000000000000007994, 47.08990291109606829, -4.499999999999999112 ) ) ;
#1173 = ORIENTED_EDGE ( 'NONE', *, *, #1809, .F. ) ;
#1174 = CARTESIAN_POINT ( 'NONE',  ( -11.50000000000000000, 10.20000000000000107, 12.89999999999999858 ) ) ;
#1175 = DIRECTION ( 'NONE',  ( 1.000000000000000000, -0.000000000000000000, -1.931325469920844706E-15 ) ) ;
#1176 = DIRECTION ( 'NONE',  ( 2.168404344971009115E-16, 0.000000000000000000, 1.000000000000000000 ) ) ;
#1177 = CARTESIAN_POINT ( 'NONE',  ( 11.50000000000000000, 10.20000000000000107, 14.50000000000000000 ) ) ;
#1178 = DIRECTION ( 'NONE',  ( -0.000000000000000000, -0.000000000000000000, 1.000000000000000000 ) ) ;
#1179 =( BOUNDED_SURFACE ( )  B_SPLINE_SURFACE ( 3, 2, ( 
 ( #4542, #6890, #1810 ),
 ( #5082, #3995, #1299 ),
 ( #5796, #6208, #1333 ),
 ( #1237, #3579, #1203 ),
 ( #3472, #5695, #683 ),
 ( #2928, #5153, #4600 ) ),
 .UNSPECIFIED., .F., .F., .T. ) 
 B_SPLINE_SURFACE_WITH_KNOTS ( ( 4, 2, 4 ),
 ( 3, 3 ),
 ( 4.336808689942017736E-19, 0.0009528146155485635793, 0.001905629231097126725 ),
 ( 0.000000000000000000, 1.000000000000000000 ),
 .UNSPECIFIED. ) 
 GEOMETRIC_REPRESENTATION_ITEM ( )  RATIONAL_B_SPLINE_SURFACE ( (
 ( 1.000000000000000000, 0.7071067811865476838, 1.000000000000000000),
 ( 1.000000000000000000, 0.7355907511754707917, 1.000000000000000000),
 ( 1.000000000000000000, 0.7639165371548420902, 1.000000000000000000),
 ( 1.000000000000000000, 0.8179530215798579418, 1.000000000000000000),
 ( 1.000000000000000000, 0.8436666433262318687, 1.000000000000000000),
 ( 1.000000000000000000, 0.8660254037844495878, 1.000000000000000000) ) ) 
 REPRESENTATION_ITEM ( '' )  SURFACE ( )  );
#1180 = DIRECTION ( 'NONE',  ( 0.000000000000000000, 0.000000000000000000, 1.000000000000000000 ) ) ;
#1181 = VECTOR ( 'NONE', #3364, 1000.000000000000000 ) ;
#1182 = VERTEX_POINT ( 'NONE', #5671 ) ;
#1183 = CARTESIAN_POINT ( 'NONE',  ( -9.000000000000000000, -0.0009999999999992653654, -3.000000000000001332 ) ) ;
#1184 = ORIENTED_EDGE ( 'NONE', *, *, #6786, .F. ) ;
#1185 = CARTESIAN_POINT ( 'NONE',  ( -1.502397405627931448, 11.58820993045006631, -3.710195222967908713 ) ) ;
#1186 = DIRECTION ( 'NONE',  ( 0.000000000000000000, 0.000000000000000000, -1.000000000000000000 ) ) ;
#1187 = CARTESIAN_POINT ( 'NONE',  ( -8.500000000000003553, 63.50000000000000000, 17.49999999999999645 ) ) ;
#1188 = EDGE_CURVE ( 'NONE', #5487, #5860, #5376, .T. ) ;
#1189 = EDGE_CURVE ( 'NONE', #2892, #1065, #4031, .T. ) ;
#1190 = ORIENTED_EDGE ( 'NONE', *, *, #3292, .T. ) ;
#1191 = ORIENTED_EDGE ( 'NONE', *, *, #1357, .F. ) ;
#1192 = CARTESIAN_POINT ( 'NONE',  ( 13.99999999999999645, 20.49999999999999645, -5.500000000000005329 ) ) ;
#1193 = DIRECTION ( 'NONE',  ( 0.000000000000000000, 0.000000000000000000, 1.000000000000000000 ) ) ;
#1194 = CARTESIAN_POINT ( 'NONE',  ( -11.00000000000000355, 12.99999999999999822, -10.49999999999999822 ) ) ;
#1195 = DIRECTION ( 'NONE',  ( 0.000000000000000000, 1.000000000000000000, 0.000000000000000000 ) ) ;
#1196 = CARTESIAN_POINT ( 'NONE',  ( -8.400000000000002132, 72.61658075373094334, 9.800000000000006040 ) ) ;
#1197 = EDGE_LOOP ( 'NONE', ( #3131, #5410, #2089, #1358 ) ) ;
#1198 = ADVANCED_FACE ( 'NONE', ( #1249 ), #3487, .F. ) ;
#1199 = ORIENTED_EDGE ( 'NONE', *, *, #2940, .T. ) ;
#1200 = FACE_BOUND ( 'NONE', #777, .T. ) ;
#1201 = PLANE ( 'NONE',  #3217 ) ;
#1202 = FACE_OUTER_BOUND ( 'NONE', #3761, .T. ) ;
#1203 = CARTESIAN_POINT ( 'NONE',  ( -2.538895844612852226, 11.91864233076788615, -3.836634320680972099 ) ) ;
#1204 = EDGE_CURVE ( 'NONE', #7121, #955, #1604, .T. ) ;
#1205 = ORIENTED_EDGE ( 'NONE', *, *, #5177, .F. ) ;
#1206 = VERTEX_POINT ( 'NONE', #4426 ) ;
#1207 = DIRECTION ( 'NONE',  ( -2.168404344971008868E-16, 0.000000000000000000, -1.000000000000000000 ) ) ;
#1208 = CARTESIAN_POINT ( 'NONE',  ( 9.499999999999998224, 87.55248658727141731, 12.49999999999998934 ) ) ;
#1209 = CARTESIAN_POINT ( 'NONE',  ( 9.499999999999998224, 75.94337567297404235, 12.49999999999998401 ) ) ;
#1210 = CARTESIAN_POINT ( 'NONE',  ( -8.432683563776143187E-16, 12.00000000000000000, -3.500000000000000444 ) ) ;
#1211 = EDGE_LOOP ( 'NONE', ( #3700, #7199, #6431, #44 ) ) ;
#1212 = VECTOR ( 'NONE', #1118, 1000.000000000000114 ) ;
#1213 = VERTEX_POINT ( 'NONE', #6027 ) ;
#1214 = DIRECTION ( 'NONE',  ( 0.000000000000000000, 1.000000000000000000, 0.000000000000000000 ) ) ;
#1215 = EDGE_LOOP ( 'NONE', ( #1316, #5322 ) ) ;
#1216 = CARTESIAN_POINT ( 'NONE',  ( 0.6992243685298223932, 11.83128031249176892, -4.260967382282016658 ) ) ;
#1217 = FACE_BOUND ( 'NONE', #6210, .T. ) ;
#1218 = CARTESIAN_POINT ( 'NONE',  ( -8.500000000000003553, 63.50000000000000000, 10.49999999999999822 ) ) ;
#1219 = TOROIDAL_SURFACE ( 'NONE', #2497, 5.000000000000000000, 1.000000000000000000 ) ;
#1220 = EDGE_LOOP ( 'NONE', ( #2221, #5991, #447, #6542 ) ) ;
#1221 = CARTESIAN_POINT ( 'NONE',  ( -11.00000000000000355, 63.50000000000000000, 18.49999999999999645 ) ) ;
#1222 = AXIS2_PLACEMENT_3D ( 'NONE', #613, #586, #5121 ) ;
#1223 = EDGE_CURVE ( 'NONE', #3225, #2126, #5482, .T. ) ;
#1224 = EDGE_CURVE ( 'NONE', #7139, #7039, #504, .T. ) ;
#1225 = DIRECTION ( 'NONE',  ( 0.000000000000000000, 1.000000000000000000, 0.000000000000000000 ) ) ;
#1226 = DIRECTION ( 'NONE',  ( 0.000000000000000000, 0.000000000000000000, -1.000000000000000000 ) ) ;
#1227 = DIRECTION ( 'NONE',  ( 0.000000000000000000, 0.000000000000000000, 1.000000000000000000 ) ) ;
#1228 = LINE ( 'NONE', #2981, #707 ) ;
#1229 = ORIENTED_EDGE ( 'NONE', *, *, #4558, .F. ) ;
#1230 = VERTEX_POINT ( 'NONE', #476 ) ;
#1231 = VECTOR ( 'NONE', #6888, 1000.000000000000227 ) ;
#1232 = DIRECTION ( 'NONE',  ( 0.000000000000000000, 0.000000000000000000, 1.000000000000000000 ) ) ;
#1233 = ADVANCED_FACE ( 'NONE', ( #2193 ), #1955, .T. ) ;
#1234 = CARTESIAN_POINT ( 'NONE',  ( -11.50000000000000000, 9.000000000000001776, -12.00000000000000000 ) ) ;
#1235 = CARTESIAN_POINT ( 'NONE',  ( -11.50000000000000000, 10.20000000000000107, -16.10000000000000142 ) ) ;
#1236 = AXIS2_PLACEMENT_3D ( 'NONE', #1897, #3497, #844 ) ;
#1237 = CARTESIAN_POINT ( 'NONE',  ( -2.309185455894640082, 12.83728466886234543, -4.500000000000000000 ) ) ;
#1238 = TOROIDAL_SURFACE ( 'NONE', #541, 3.099999999999998312, 1.000000000000000000 ) ;
#1239 = VECTOR ( 'NONE', #5456, 1000.000000000000000 ) ;
#1240 = EDGE_CURVE ( 'NONE', #3252, #4009, #680, .T. ) ;
#1241 = CARTESIAN_POINT ( 'NONE',  ( 1.856568068545099814, 12.10863922571079776, -4.500000000000000000 ) ) ;
#1242 = CARTESIAN_POINT ( 'NONE',  ( -1.207526343678423597, 12.09115362672063476, -4.499999999999999112 ) ) ;
#1243 = FACE_OUTER_BOUND ( 'NONE', #3348, .T. ) ;
#1244 = VECTOR ( 'NONE', #6240, 1000.000000000000000 ) ;
#1245 = CIRCLE ( 'NONE', #774, 1.500000000000000444 ) ;
#1246 = CARTESIAN_POINT ( 'NONE',  ( -11.00000000000000355, 78.00000000000000000, 14.99999999999999645 ) ) ;
#1247 = AXIS2_PLACEMENT_3D ( 'NONE', #812, #4256, #6879 ) ;
#1248 = AXIS2_PLACEMENT_3D ( 'NONE', #632, #3491, #4005 ) ;
#1249 = FACE_OUTER_BOUND ( 'NONE', #3665, .T. ) ;
#1250 = DIRECTION ( 'NONE',  ( -1.000000000000000000, 0.000000000000000000, 0.000000000000000000 ) ) ;
#1251 = CARTESIAN_POINT ( 'NONE',  ( 4.898587196589412829E-16, -0.0009999999999992653654, -4.000000000000000000 ) ) ;
#1252 = CARTESIAN_POINT ( 'NONE',  ( 11.50000000000000000, 10.20000000000000107, 14.50000000000000000 ) ) ;
#1253 = VECTOR ( 'NONE', #2935, 1000.000000000000000 ) ;
#1254 = ORIENTED_EDGE ( 'NONE', *, *, #3831, .T. ) ;
#1255 = EDGE_LOOP ( 'NONE', ( #6744, #3756, #2740, #621 ) ) ;
#1256 = AXIS2_PLACEMENT_3D ( 'NONE', #281, #3150, #5917 ) ;
#1257 = DIRECTION ( 'NONE',  ( 1.000000000000000000, 0.000000000000000000, 0.000000000000000000 ) ) ;
#1258 = CARTESIAN_POINT ( 'NONE',  ( -8.000000000000003553, 71.00000000000000000, 6.999999999999997335 ) ) ;
#1259 = CARTESIAN_POINT ( 'NONE',  ( 4.174999999999997158, 16.69800180856847405, -4.500000000000000888 ) ) ;
#1260 = PLANE ( 'NONE',  #795 ) ;
#1261 = CARTESIAN_POINT ( 'NONE',  ( -12.00000000000000355, 63.50000000000000000, 10.49999999999999822 ) ) ;
#1262 = ORIENTED_EDGE ( 'NONE', *, *, #450, .F. ) ;
#1263 = AXIS2_PLACEMENT_3D ( 'NONE', #6675, #1019, #580 ) ;
#1264 = CARTESIAN_POINT ( 'NONE',  ( -11.50000000000000000, 9.000000000000001776, -14.50000000000000000 ) ) ;
#1265 = ORIENTED_EDGE ( 'NONE', *, *, #7158, .F. ) ;
#1266 = CARTESIAN_POINT ( 'NONE',  ( 0.000000000000000000, 30.50000000000000355, 2.999999999999997780 ) ) ;
#1267 = CIRCLE ( 'NONE', #3495, 3.499999999999999556 ) ;
#1268 = DIRECTION ( 'NONE',  ( 0.000000000000000000, 0.000000000000000000, 1.000000000000000000 ) ) ;
#1269 = ORIENTED_EDGE ( 'NONE', *, *, #2138, .F. ) ;
#1270 = CARTESIAN_POINT ( 'NONE',  ( 1.695127366932482005, 12.66295883856619575, -4.500000000000000888 ) ) ;
#1271 = ADVANCED_FACE ( 'NONE', ( #2854 ), #3914, .T. ) ;
#1272 = ADVANCED_FACE ( 'NONE', ( #714 ), #5724, .F. ) ;
#1273 = TOROIDAL_SURFACE ( 'NONE', #7230, 25.00000000000000000, 0.5000000000000000000 ) ;
#1274 = CARTESIAN_POINT ( 'NONE',  ( -2.500000000000004441, 67.00000000000000000, 12.49999999999999289 ) ) ;
#1275 = EDGE_LOOP ( 'NONE', ( #2093, #5713, #3509, #6236 ) ) ;
#1276 = CARTESIAN_POINT ( 'NONE',  ( -1.556690454741193941, 12.62264036126467381, -4.500000000000000000 ) ) ;
#1277 = DIRECTION ( 'NONE',  ( 0.000000000000000000, 0.8660254037844387076, -0.4999999999999997224 ) ) ;
#1278 = CARTESIAN_POINT ( 'NONE',  ( -6.000000000000002665, 67.67157287525381548, 11.49999999999999467 ) ) ;
#1279 = ADVANCED_FACE ( 'NONE', ( #97 ), #2263, .F. ) ;
#1280 = DIRECTION ( 'NONE',  ( 1.000000000000000000, -0.000000000000000000, -0.000000000000000000 ) ) ;
#1281 = DIRECTION ( 'NONE',  ( 1.000000000000000000, 0.000000000000000000, -2.409338161078897701E-16 ) ) ;
#1282 = DIRECTION ( 'NONE',  ( -1.000000000000000000, 0.000000000000000000, 3.717264591378872697E-16 ) ) ;
#1283 = DESIGN_CONTEXT ( 'detailed design', #1042, 'design' ) ;
#1284 = DIRECTION ( 'NONE',  ( -1.000000000000000000, 0.000000000000000000, 2.168404344971008868E-16 ) ) ;
#1285 = ADVANCED_FACE ( 'NONE', ( #2339 ), #1777, .F. ) ;
#1286 = CIRCLE ( 'NONE', #5380, 1.600000000000002531 ) ;
#1287 = EDGE_LOOP ( 'NONE', ( #1697, #2858, #5384, #244 ) ) ;
#1288 = LINE ( 'NONE', #3048, #2028 ) ;
#1289 = ORIENTED_EDGE ( 'NONE', *, *, #482, .T. ) ;
#1290 = CARTESIAN_POINT ( 'NONE',  ( -0.2499999999999993616, 17.00000000000000000, -8.500000000000000000 ) ) ;
#1291 = DIRECTION ( 'NONE',  ( 1.000000000000000000, -0.000000000000000000, -0.000000000000000000 ) ) ;
#1292 = PLANE ( 'NONE',  #306 ) ;
#1293 = DIRECTION ( 'NONE',  ( 0.000000000000000000, 0.000000000000000000, 1.000000000000000000 ) ) ;
#1294 = CARTESIAN_POINT ( 'NONE',  ( -12.00000000000000355, 63.22994165191692417, 10.25845305178550326 ) ) ;
#1295 = VERTEX_POINT ( 'NONE', #130 ) ;
#1296 = DIRECTION ( 'NONE',  ( -1.000000000000000000, 0.000000000000000000, 0.000000000000000000 ) ) ;
#1297 = CARTESIAN_POINT ( 'NONE',  ( 11.50000000000000000, -0.0009999999999992653654, 11.99999999999999822 ) ) ;
#1298 = CARTESIAN_POINT ( 'NONE',  ( 8.324999999999997513, 14.30199819143152595, -6.299999999999999822 ) ) ;
#1299 = CARTESIAN_POINT ( 'NONE',  ( -3.330362413931004184, 12.00000000000000000, -3.580638837075550196 ) ) ;
#1300 = VERTEX_POINT ( 'NONE', #6789 ) ;
#1301 = ORIENTED_EDGE ( 'NONE', *, *, #3358, .F. ) ;
#1302 = EDGE_CURVE ( 'NONE', #5663, #4881, #6589, .T. ) ;
#1303 = VERTEX_POINT ( 'NONE', #4540 ) ;
#1304 = CARTESIAN_POINT ( 'NONE',  ( 3.069891021979596513, 12.12478552691129963, -4.499999999999572786 ) ) ;
#1305 = EDGE_CURVE ( 'NONE', #2633, #1116, #6821, .T. ) ;
#1306 = EDGE_CURVE ( 'NONE', #2337, #1574, #6711, .T. ) ;
#1307 = CARTESIAN_POINT ( 'NONE',  ( -1.695127366932485335, 12.66295883856619575, -4.500000000000000000 ) ) ;
#1308 = CARTESIAN_POINT ( 'NONE',  ( 8.324999999999997513, 14.30199819143152595, -6.299999999999999822 ) ) ;
#1309 = CARTESIAN_POINT ( 'NONE',  ( -11.97578425587682460, 40.18702350060747364, -10.72990384455696855 ) ) ;
#1310 = VECTOR ( 'NONE', #1710, 999.9999999999998863 ) ;
#1311 = B_SPLINE_CURVE_WITH_KNOTS ( 'NONE', 3,
 ( #6963, #1441, #4123, #6343, #4160, #4199 ),
 .UNSPECIFIED., .F., .F.,
 ( 4, 2, 4 ),
 ( 1.131109212868049222E-17, 0.0008582655494710428670, 0.001716531098942074458 ),
 .UNSPECIFIED. ) ;
#1312 = EDGE_CURVE ( 'NONE', #4735, #6347, #2274, .T. ) ;
#1313 = LINE ( 'NONE', #1887, #1003 ) ;
#1314 = CARTESIAN_POINT ( 'NONE',  ( -11.50000000000000000, 12.00000000000000000, 14.50000000000000000 ) ) ;
#1315 = CARTESIAN_POINT ( 'NONE',  ( -6.435483870967746434, 45.73338627884130858, -3.672352991352366480 ) ) ;
#1316 = ORIENTED_EDGE ( 'NONE', *, *, #1573, .F. ) ;
#1317 = CARTESIAN_POINT ( 'NONE',  ( 14.99999999999999645, 18.49999999999999645, -4.500000000000003553 ) ) ;
#1318 = VERTEX_POINT ( 'NONE', #1234 ) ;
#1319 = ADVANCED_FACE ( 'NONE', ( #2822 ), #1201, .F. ) ;
#1320 = LINE ( 'NONE', #5746, #59 ) ;
#1321 = DIRECTION ( 'NONE',  ( 1.000000000000000000, 0.000000000000000000, 0.000000000000000000 ) ) ;
#1322 = VERTEX_POINT ( 'NONE', #3428 ) ;
#1323 = VECTOR ( 'NONE', #2756, 1000.000000000000000 ) ;
#1324 = CARTESIAN_POINT ( 'NONE',  ( -6.363380789682572924, 42.21899098717489096, -4.156897585916771831 ) ) ;
#1325 = LINE ( 'NONE', #5242, #1738 ) ;
#1326 = ORIENTED_EDGE ( 'NONE', *, *, #5975, .F. ) ;
#1327 = DIRECTION ( 'NONE',  ( 1.000000000000000000, -0.000000000000000000, -0.000000000000000000 ) ) ;
#1328 = ORIENTED_EDGE ( 'NONE', *, *, #2588, .T. ) ;
#1329 = ORIENTED_EDGE ( 'NONE', *, *, #3647, .F. ) ;
#1330 = LINE ( 'NONE', #3573, #5877 ) ;
#1331 = DIRECTION ( 'NONE',  ( -1.000000000000000000, 0.000000000000000000, 0.000000000000000000 ) ) ;
#1332 = CARTESIAN_POINT ( 'NONE',  ( 0.000000000000000000, 81.29646455628167701, -24.50000000000000000 ) ) ;
#1333 = CARTESIAN_POINT ( 'NONE',  ( -3.078806904455622107, 11.98036015998850701, -3.665676980170541999 ) ) ;
#1334 = ORIENTED_EDGE ( 'NONE', *, *, #1139, .T. ) ;
#1335 = CIRCLE ( 'NONE', #1110, 1.000000000000000000 ) ;
#1336 = COORDINATED_UNIVERSAL_TIME_OFFSET ( 8, 0, .AHEAD. ) ;
#1337 = ORIENTED_EDGE ( 'NONE', *, *, #1189, .T. ) ;
#1338 = VECTOR ( 'NONE', #3208, 1000.000000000000000 ) ;
#1339 = CARTESIAN_POINT ( 'NONE',  ( 3.570714214271424325, 12.00000000000000000, -3.500000000000000888 ) ) ;
#1340 = CARTESIAN_POINT ( 'NONE',  ( -1.856568068545103145, 12.10863922571079421, -4.499999999999999112 ) ) ;
#1341 = CARTESIAN_POINT ( 'NONE',  ( -7.000000000000003553, 35.00000000000000000, 8.499999999999996447 ) ) ;
#1342 = AXIS2_PLACEMENT_3D ( 'NONE', #4619, #5819, #1361 ) ;
#1343 = ADVANCED_FACE ( 'NONE', ( #4598 ), #5652, .F. ) ;
#1344 = VECTOR ( 'NONE', #5881, 1000.000000000000227 ) ;
#1345 = DIRECTION ( 'NONE',  ( 0.000000000000000000, 0.000000000000000000, 1.000000000000000000 ) ) ;
#1346 = CIRCLE ( 'NONE', #1590, 1.000000000000000000 ) ;
#1347 = VECTOR ( 'NONE', #136, 1000.000000000000000 ) ;
#1348 = DIRECTION ( 'NONE',  ( -1.000000000000000000, 0.000000000000000000, 3.717264591378872204E-16 ) ) ;
#1349 = CARTESIAN_POINT ( 'NONE',  ( 6.249999999999997335, 13.10399638286305368, -6.299999999999999822 ) ) ;
#1350 = CARTESIAN_POINT ( 'NONE',  ( -12.00000000000000355, 34.00000000000000000, 8.499999999999996447 ) ) ;
#1351 = ORIENTED_EDGE ( 'NONE', *, *, #2031, .F. ) ;
#1352 = EDGE_LOOP ( 'NONE', ( #2668, #4245, #968, #5569 ) ) ;
#1353 = ORIENTED_EDGE ( 'NONE', *, *, #5424, .T. ) ;
#1354 = AXIS2_PLACEMENT_3D ( 'NONE', #1120, #430, #3909 ) ;
#1355 = VECTOR ( 'NONE', #4623, 1000.000000000000000 ) ;
#1356 = ADVANCED_FACE ( 'NONE', ( #2890 ), #6818, .F. ) ;
#1357 = EDGE_CURVE ( 'NONE', #7093, #4485, #160, .T. ) ;
#1358 = ORIENTED_EDGE ( 'NONE', *, *, #6221, .F. ) ;
#1359 = DIRECTION ( 'NONE',  ( -0.000000000000000000, -1.000000000000000000, -0.000000000000000000 ) ) ;
#1360 = EDGE_LOOP ( 'NONE', ( #3335, #5396, #5742, #3602, #677 ) ) ;
#1361 = DIRECTION ( 'NONE',  ( 3.854941057726237111E-16, 0.000000000000000000, 1.000000000000000000 ) ) ;
#1362 = AXIS2_PLACEMENT_3D ( 'NONE', #4551, #5090, #4302 ) ;
#1363 = CARTESIAN_POINT ( 'NONE',  ( 0.000000000000000000, 12.00000000000000000, 0.000000000000000000 ) ) ;
#1364 = ORIENTED_EDGE ( 'NONE', *, *, #1540, .F. ) ;
#1365 = CARTESIAN_POINT ( 'NONE',  ( -5.124158441280044052, 40.89721552404493110, -4.494513373336620710 ) ) ;
#1366 = DIRECTION ( 'NONE',  ( 0.000000000000000000, -1.000000000000000000, 0.000000000000000000 ) ) ;
#1367 = VERTEX_POINT ( 'NONE', #3368 ) ;
#1368 = DIRECTION ( 'NONE',  ( -0.000000000000000000, -1.000000000000000000, -0.000000000000000000 ) ) ;
#1369 = ORIENTED_EDGE ( 'NONE', *, *, #4758, .F. ) ;
#1370 = ADVANCED_FACE ( 'NONE', ( #4500 ), #6714, .F. ) ;
#1371 = AXIS2_PLACEMENT_3D ( 'NONE', #5868, #908, #7030 ) ;
#1372 = ORIENTED_EDGE ( 'NONE', *, *, #5447, .T. ) ;
#1373 = PLANE ( 'NONE',  #2286 ) ;
#1374 = CARTESIAN_POINT ( 'NONE',  ( 16.00000000000000000, 61.00000000000000000, 18.49999999999998934 ) ) ;
#1375 = DIRECTION ( 'NONE',  ( 1.000000000000000000, -0.000000000000000000, -2.409338161078897701E-16 ) ) ;
#1376 = ORIENTED_EDGE ( 'NONE', *, *, #2350, .T. ) ;
#1377 = VECTOR ( 'NONE', #5275, 1000.000000000000000 ) ;
#1379 = EDGE_CURVE ( 'NONE', #4420, #6331, #4725, .T. ) ;
#1378 = COORDINATED_UNIVERSAL_TIME_OFFSET ( 8, 0, .AHEAD. ) ;
#1380 = AXIS2_PLACEMENT_3D ( 'NONE', #6054, #6522, #972 ) ;
#1381 = EDGE_LOOP ( 'NONE', ( #3257, #6329, #1173, #4477 ) ) ;
#1382 = CARTESIAN_POINT ( 'NONE',  ( -11.50000000000000000, -0.0009999999999992653654, 14.50000000000000000 ) ) ;
#1383 = PLANE ( 'NONE',  #4167 ) ;
#1384 = FACE_OUTER_BOUND ( 'NONE', #2492, .T. ) ;
#1385 = VECTOR ( 'NONE', #220, 1000.000000000000000 ) ;
#1386 = ORIENTED_EDGE ( 'NONE', *, *, #5773, .T. ) ;
#1387 = VERTEX_POINT ( 'NONE', #906 ) ;
#1388 = CARTESIAN_POINT ( 'NONE',  ( -5.426773083273184639, 46.09443988243390322, -5.438251275725086487 ) ) ;
#1389 = DIRECTION ( 'NONE',  ( -0.4358898943540675530, 0.000000000000000000, -0.9000000000000000222 ) ) ;
#1390 = CYLINDRICAL_SURFACE ( 'NONE', #6846, 1.100000000000001199 ) ;
#1391 = DIRECTION ( 'NONE',  ( 1.000000000000000000, 0.000000000000000000, -3.854941057726237111E-16 ) ) ;
#1392 = EDGE_LOOP ( 'NONE', ( #5183, #4951, #5716, #4746, #118, #3382, #249, #4229 ) ) ;
#1393 = ADVANCED_FACE ( 'NONE', ( #752 ), #4232, .F. ) ;
#1394 = FACE_OUTER_BOUND ( 'NONE', #4572, .T. ) ;
#1395 = EDGE_LOOP ( 'NONE', ( #5705, #6780, #5529, #6597 ) ) ;
#1396 = DIRECTION ( 'NONE',  ( -0.000000000000000000, 1.000000000000000000, 0.000000000000000000 ) ) ;
#1397 = DIRECTION ( 'NONE',  ( 0.000000000000000000, 0.000000000000000000, 1.000000000000000000 ) ) ;
#1398 = EDGE_CURVE ( 'NONE', #2813, #6487, #6242, .T. ) ;
#1399 = CARTESIAN_POINT ( 'NONE',  ( -6.000000000000008882, 41.96878102719970371, -3.499999999999998668 ) ) ;
#1400 = ADVANCED_FACE ( 'NONE', ( #3574 ), #5306, .T. ) ;
#1401 = FACE_OUTER_BOUND ( 'NONE', #1255, .T. ) ;
#1402 = ORIENTED_EDGE ( 'NONE', *, *, #3541, .F. ) ;
#1403 = CARTESIAN_POINT ( 'NONE',  ( 10.49999999999999822, 77.00000000000000000, 12.49999999999998934 ) ) ;
#1404 = ORIENTED_EDGE ( 'NONE', *, *, #3101, .T. ) ;
#1405 = FACE_OUTER_BOUND ( 'NONE', #1045, .T. ) ;
#1406 = CIRCLE ( 'NONE', #2828, 3.499999999999999556 ) ;
#1407 = FACE_BOUND ( 'NONE', #2409, .T. ) ;
#1408 = DIRECTION ( 'NONE',  ( -1.000000000000000000, 0.000000000000000000, 0.000000000000000000 ) ) ;
#1409 = EDGE_CURVE ( 'NONE', #1839, #2284, #5250, .T. ) ;
#1410 = FACE_BOUND ( 'NONE', #6750, .T. ) ;
#1411 = ORIENTED_EDGE ( 'NONE', *, *, #2963, .T. ) ;
#1412 = CARTESIAN_POINT ( 'NONE',  ( -6.000000000000004441, 70.05565993572382411, 12.26249143273873443 ) ) ;
#1413 = DATE_TIME_ROLE ( 'creation_date' ) ;
#1414 = VERTEX_POINT ( 'NONE', #5901 ) ;
#1415 = ORIENTED_EDGE ( 'NONE', *, *, #1511, .T. ) ;
#1416 = LINE ( 'NONE', #360, #65 ) ;
#1417 = CARTESIAN_POINT ( 'NONE',  ( -6.000000000000003553, 59.00000000000000000, 10.49999999999999822 ) ) ;
#1418 = ADVANCED_FACE ( 'NONE', ( #1407, #4122 ), #2442, .F. ) ;
#1419 = CARTESIAN_POINT ( 'NONE',  ( -0.6551631485172517699, 11.79231096597410833, -4.231616245812545252 ) ) ;
#1420 = ORIENTED_EDGE ( 'NONE', *, *, #6937, .T. ) ;
#1421 = CARTESIAN_POINT ( 'NONE',  ( -5.629576423912597605, 41.06311236915428253, -4.286354783755157882 ) ) ;
#1422 = DIRECTION ( 'NONE',  ( 0.000000000000000000, 0.000000000000000000, 1.000000000000000000 ) ) ;
#1423 = DIRECTION ( 'NONE',  ( -1.000000000000000000, 0.000000000000000000, 0.000000000000000000 ) ) ;
#1424 = EDGE_LOOP ( 'NONE', ( #816, #5460, #2772, #6574, #4018, #7104, #6262 ) ) ;
#1425 = DIRECTION ( 'NONE',  ( -2.168404344971008868E-16, -0.000000000000000000, -1.000000000000000000 ) ) ;
#1426 = ORIENTED_EDGE ( 'NONE', *, *, #5823, .F. ) ;
#1427 = FACE_OUTER_BOUND ( 'NONE', #6839, .T. ) ;
#1428 = DIRECTION ( 'NONE',  ( -0.000000000000000000, -1.000000000000000000, -0.000000000000000000 ) ) ;
#1429 = CARTESIAN_POINT ( 'NONE',  ( -5.215064144722893147, 41.11399593608230418, -4.499999999999999112 ) ) ;
#1430 = LINE ( 'NONE', #3674, #3611 ) ;
#1431 = ORIENTED_EDGE ( 'NONE', *, *, #6544, .T. ) ;
#1432 = VECTOR ( 'NONE', #1951, 1000.000000000000114 ) ;
#1433 = DIRECTION ( 'NONE',  ( 0.000000000000000000, 0.8660254037844382635, -0.5000000000000006661 ) ) ;
#1434 = VERTEX_POINT ( 'NONE', #5317 ) ;
#1435 = EDGE_CURVE ( 'NONE', #836, #875, #6920, .T. ) ;
#1436 = EDGE_CURVE ( 'NONE', #519, #4399, #2509, .T. ) ;
#1437 = DIRECTION ( 'NONE',  ( -3.717264591378872697E-16, 0.000000000000000000, -1.000000000000000000 ) ) ;
#1438 = VECTOR ( 'NONE', #5178, 1000.000000000000000 ) ;
#1439 = EDGE_LOOP ( 'NONE', ( #1465, #7071, #4850, #3245 ) ) ;
#1440 = DIRECTION ( 'NONE',  ( 0.000000000000000000, 0.000000000000000000, -1.000000000000000000 ) ) ;
#1441 = CARTESIAN_POINT ( 'NONE',  ( -2.213020198876503031, 11.87081679884225061, -3.931873447193649174 ) ) ;
#1442 = FACE_OUTER_BOUND ( 'NONE', #2752, .T. ) ;
#1443 = ORIENTED_EDGE ( 'NONE', *, *, #1223, .F. ) ;
#1444 = FACE_OUTER_BOUND ( 'NONE', #6345, .T. ) ;
#1445 = AXIS2_PLACEMENT_3D ( 'NONE', #930, #2532, #5418 ) ;
#1446 = EDGE_CURVE ( 'NONE', #1574, #775, #5363, .T. ) ;
#1447 = ORIENTED_EDGE ( 'NONE', *, *, #5620, .F. ) ;
#1448 = DIRECTION ( 'NONE',  ( 0.000000000000000000, 1.000000000000000000, 0.000000000000000000 ) ) ;
#1449 = AXIS2_PLACEMENT_3D ( 'NONE', #6292, #5264, #2453 ) ;
#1450 = CARTESIAN_POINT ( 'NONE',  ( 1.937288419351407942, 11.83147941928309699, -4.000000000000000888 ) ) ;
#1451 = FACE_OUTER_BOUND ( 'NONE', #2328, .T. ) ;
#1452 = EDGE_LOOP ( 'NONE', ( #1952, #4602, #1137, #3301 ) ) ;
#1453 = AXIS2_PLACEMENT_3D ( 'NONE', #2728, #7106, #1015 ) ;
#1454 = EDGE_LOOP ( 'NONE', ( #3083, #3877 ) ) ;
#1455 = EDGE_CURVE ( 'NONE', #3135, #1106, #758, .T. ) ;
#1456 = VERTEX_POINT ( 'NONE', #5215 ) ;
#1457 = CARTESIAN_POINT ( 'NONE',  ( -8.500000000000003553, 63.50000000000000000, 18.49999999999999645 ) ) ;
#1458 = AXIS2_PLACEMENT_3D ( 'NONE', #5457, #2044, #1569 ) ;
#1459 = CIRCLE ( 'NONE', #288, 2.000000000000000000 ) ;
#1460 = DIRECTION ( 'NONE',  ( 0.000000000000000000, 0.000000000000000000, 1.000000000000000000 ) ) ;
#1461 = DIRECTION ( 'NONE',  ( 0.000000000000000000, -0.4999999999999982792, -0.8660254037844395958 ) ) ;
#1462 = ORIENTED_EDGE ( 'NONE', *, *, #1499, .T. ) ;
#1463 = VECTOR ( 'NONE', #3244, 1000.000000000000000 ) ;
#1464 = EDGE_CURVE ( 'NONE', #771, #1456, #2146, .T. ) ;
#1465 = ORIENTED_EDGE ( 'NONE', *, *, #2327, .F. ) ;
#1466 = VECTOR ( 'NONE', #485, 1000.000000000000000 ) ;
#1467 = CIRCLE ( 'NONE', #5451, 0.5000000000000004441 ) ;
#1468 = LINE ( 'NONE', #6049, #749 ) ;
#1469 = ORIENTED_EDGE ( 'NONE', *, *, #5823, .T. ) ;
#1470 = CYLINDRICAL_SURFACE ( 'NONE', #2168, 3.499999999999999556 ) ;
#1471 = LINE ( 'NONE', #2462, #4533 ) ;
#1472 = PLANE ( 'NONE',  #2308 ) ;
#1473 = CIRCLE ( 'NONE', #4641, 1.350000000000004086 ) ;
#1474 = LINE ( 'NONE', #4849, #1125 ) ;
#1475 = ORIENTED_EDGE ( 'NONE', *, *, #4714, .F. ) ;
#1476 = CIRCLE ( 'NONE', #3002, 3.499999999999999556 ) ;
#1477 = LINE ( 'NONE', #941, #6230 ) ;
#1478 = VECTOR ( 'NONE', #699, 1000.000000000000000 ) ;
#1479 = CARTESIAN_POINT ( 'NONE',  ( 16.00000000000000000, 72.50000000000000000, -4.500000000000003553 ) ) ;
#1480 = CARTESIAN_POINT ( 'NONE',  ( 9.499999999999998224, 74.50000000000000000, 17.50000000000000000 ) ) ;
#1481 = CARTESIAN_POINT ( 'NONE',  ( -2.250000000000002665, 35.00000000000000000, -8.500000000000000000 ) ) ;
#1482 = ORIENTED_EDGE ( 'NONE', *, *, #2112, .T. ) ;
#1483 = LINE ( 'NONE', #4237, #3272 ) ;
#1484 = PERSON_AND_ORGANIZATION ( #6001, #2885 ) ;
#1485 = DIRECTION ( 'NONE',  ( 0.000000000000000000, 0.000000000000000000, 1.000000000000000000 ) ) ;
#1486 = CARTESIAN_POINT ( 'NONE',  ( 1.580516402354420702, 11.80428822535537492, -4.095082573145578664 ) ) ;
#1487 = CYLINDRICAL_SURFACE ( 'NONE', #3719, 1.100000000000001199 ) ;
#1488 = EDGE_CURVE ( 'NONE', #897, #3097, #312, .T. ) ;
#1489 = ADVANCED_FACE ( 'NONE', ( #1843 ), #1373, .F. ) ;
#1490 = EDGE_LOOP ( 'NONE', ( #221, #7144, #5494, #326 ) ) ;
#1491 = ORIENTED_EDGE ( 'NONE', *, *, #1018, .F. ) ;
#1492 = AXIS2_PLACEMENT_3D ( 'NONE', #4015, #4570, #5646 ) ;
#1493 = VERTEX_POINT ( 'NONE', #4090 ) ;
#1494 = DIRECTION ( 'NONE',  ( 0.000000000000000000, 0.000000000000000000, 1.000000000000000000 ) ) ;
#1495 = CARTESIAN_POINT ( 'NONE',  ( -5.277492907341483352, 40.91195565146718849, -4.463305911509271695 ) ) ;
#1496 = AXIS2_PLACEMENT_3D ( 'NONE', #4305, #2216, #6591 ) ;
#1497 = DIRECTION ( 'NONE',  ( -1.000000000000000000, 0.000000000000000000, 0.000000000000000000 ) ) ;
#1498 = DIRECTION ( 'NONE',  ( -1.000000000000000000, 0.000000000000000000, 0.000000000000000000 ) ) ;
#1499 = EDGE_CURVE ( 'NONE', #3896, #6034, #1989, .T. ) ;
#1500 = ORIENTED_EDGE ( 'NONE', *, *, #6168, .T. ) ;
#1501 = ORIENTED_EDGE ( 'NONE', *, *, #7094, .T. ) ;
#1502 = VERTEX_POINT ( 'NONE', #3763 ) ;
#1503 = AXIS2_PLACEMENT_3D ( 'NONE', #4723, #6941, #1391 ) ;
#1504 = CARTESIAN_POINT ( 'NONE',  ( 11.50000000000000000, 10.20000000000000107, 11.99999999999999822 ) ) ;
#1505 = ORIENTED_EDGE ( 'NONE', *, *, #2754, .T. ) ;
#1506 = DIRECTION ( 'NONE',  ( -1.000000000000000000, 0.000000000000000000, 3.717264591378872697E-16 ) ) ;
#1507 = CARTESIAN_POINT ( 'NONE',  ( -7.000000000000007994, 0.000000000000000000, -0.5000000000000022204 ) ) ;
#1508 = ORIENTED_EDGE ( 'NONE', *, *, #645, .F. ) ;
#1509 = DIRECTION ( 'NONE',  ( 1.000000000000000000, -0.000000000000000000, -3.717264591378872204E-16 ) ) ;
#1510 = CARTESIAN_POINT ( 'NONE',  ( 3.000384657911015469E-15, 9.000000000000007105, 24.50000000000000000 ) ) ;
#1511 = EDGE_CURVE ( 'NONE', #1030, #337, #385, .T. ) ;
#1512 = ORIENTED_EDGE ( 'NONE', *, *, #1224, .T. ) ;
#1513 = LINE ( 'NONE', #4816, #36 ) ;
#1514 = ORIENTED_EDGE ( 'NONE', *, *, #5077, .T. ) ;
#1515 = CARTESIAN_POINT ( 'NONE',  ( 13.00000000000000355, 70.50000000000000000, -11.50000000000000355 ) ) ;
#1516 = DIRECTION ( 'NONE',  ( 0.000000000000000000, 0.000000000000000000, 1.000000000000000000 ) ) ;
#1517 = ORIENTED_EDGE ( 'NONE', *, *, #1841, .T. ) ;
#1518 = PLANE ( 'NONE',  #7092 ) ;
#1519 = EDGE_LOOP ( 'NONE', ( #2661, #1781, #6480, #5347 ) ) ;
#1520 = DIRECTION ( 'NONE',  ( -0.000000000000000000, -1.000000000000000000, 0.000000000000000000 ) ) ;
#1521 = ORIENTED_EDGE ( 'NONE', *, *, #3305, .T. ) ;
#1522 = CIRCLE ( 'NONE', #3402, 3.000000000000001332 ) ;
#1523 = CYLINDRICAL_SURFACE ( 'NONE', #387, 1.000000000000000888 ) ;
#1524 = ORIENTED_EDGE ( 'NONE', *, *, #1357, .T. ) ;
#1525 = CARTESIAN_POINT ( 'NONE',  ( -5.758614560379799130, 46.03891793855413539, -5.236504612438641182 ) ) ;
#1526 = DIRECTION ( 'NONE',  ( -3.717264591378872697E-16, 0.000000000000000000, -1.000000000000000000 ) ) ;
#1527 = CARTESIAN_POINT ( 'NONE',  ( -8.400000000000003908, 69.38341924626904245, 4.199999999999992184 ) ) ;
#1528 = CARTESIAN_POINT ( 'NONE',  ( 0.000000000000000000, 12.00000000000000000, 0.000000000000000000 ) ) ;
#1529 = ORIENTED_EDGE ( 'NONE', *, *, #5938, .T. ) ;
#1530 = VERTEX_POINT ( 'NONE', #1479 ) ;
#1531 = ORIENTED_EDGE ( 'NONE', *, *, #6540, .T. ) ;
#1532 = EDGE_CURVE ( 'NONE', #5963, #3277, #2281, .T. ) ;
#1533 = ORIENTED_EDGE ( 'NONE', *, *, #233, .F. ) ;
#1534 = DIRECTION ( 'NONE',  ( 2.682704640602047442E-16, -0.5000000000000022204, 0.8660254037844373753 ) ) ;
#1535 = ORIENTED_EDGE ( 'NONE', *, *, #1549, .T. ) ;
#1536 = DIRECTION ( 'NONE',  ( -1.000000000000000000, 0.000000000000000000, 0.000000000000000000 ) ) ;
#1537 = DIRECTION ( 'NONE',  ( 0.000000000000000000, 0.000000000000000000, 1.000000000000000000 ) ) ;
#1538 = CARTESIAN_POINT ( 'NONE',  ( 12.00000000000000000, 13.99999999999999289, -4.499999999999999112 ) ) ;
#1539 = EDGE_LOOP ( 'NONE', ( #1558, #3944 ) ) ;
#1540 = EDGE_CURVE ( 'NONE', #4629, #2118, #1571, .T. ) ;
#1541 = FACE_OUTER_BOUND ( 'NONE', #3922, .T. ) ;
#1542 = VERTEX_POINT ( 'NONE', #1515 ) ;
#1543 = DIRECTION ( 'NONE',  ( -1.334402673828313093E-16, -1.000000000000000000, 2.893524555870246131E-32 ) ) ;
#1544 = VERTEX_POINT ( 'NONE', #3721 ) ;
#1545 = LINE ( 'NONE', #4369, #1023 ) ;
#1546 = PLANE ( 'NONE',  #1380 ) ;
#1547 = ORIENTED_EDGE ( 'NONE', *, *, #974, .T. ) ;
#1548 = EDGE_LOOP ( 'NONE', ( #7022, #5598, #4697, #3488 ) ) ;
#1549 = EDGE_CURVE ( 'NONE', #4269, #7139, #1551, .T. ) ;
#1550 = CYLINDRICAL_SURFACE ( 'NONE', #3077, 1.099999999999999423 ) ;
#1551 = LINE ( 'NONE', #2063, #4272 ) ;
#1552 = FACE_OUTER_BOUND ( 'NONE', #6468, .T. ) ;
#1553 = ORIENTED_EDGE ( 'NONE', *, *, #3465, .F. ) ;
#1554 = CARTESIAN_POINT ( 'NONE',  ( -12.00000000000000178, 60.26715492053138234, 9.376342631924771354 ) ) ;
#1555 = EDGE_LOOP ( 'NONE', ( #3533, #6515, #1152, #104 ) ) ;
#1556 = TOROIDAL_SURFACE ( 'NONE', #5645, 2.000000000000000000, 1.000000000000000000 ) ;
#1557 = ORIENTED_EDGE ( 'NONE', *, *, #5332, .F. ) ;
#1558 = ORIENTED_EDGE ( 'NONE', *, *, #1094, .T. ) ;
#1559 = CARTESIAN_POINT ( 'NONE',  ( -5.208452287166295491, 46.12191633617020159, -4.485453663657003709 ) ) ;
#1560 = CARTESIAN_POINT ( 'NONE',  ( 1.186555444029198769, 11.03861342304555748, -3.831737370731748804 ) ) ;
#1561 = CARTESIAN_POINT ( 'NONE',  ( -8.400000000000003908, 71.00000000000000000, 5.399999999999996803 ) ) ;
#1562 = DIRECTION ( 'NONE',  ( 0.000000000000000000, 1.000000000000000000, 0.000000000000000000 ) ) ;
#1563 = AXIS2_PLACEMENT_3D ( 'NONE', #257, #5854, #3011 ) ;
#1564 = VERTEX_POINT ( 'NONE', #428 ) ;
#1565 = PRODUCT ( '\X2\7b2c4e8c8f748f6c63a5\X0\', '\X2\7b2c4e8c8f748f6c63a5\X0\', '', ( #2510 ) ) ;
#1566 = AXIS2_PLACEMENT_3D ( 'NONE', #1712, #3954, #5280 ) ;
#1567 = CYLINDRICAL_SURFACE ( 'NONE', #5902, 1.000000000000000888 ) ;
#1568 = DIRECTION ( 'NONE',  ( 0.000000000000000000, 1.000000000000000000, 0.000000000000000000 ) ) ;
#1569 = DIRECTION ( 'NONE',  ( 0.000000000000000000, 0.000000000000000000, 1.000000000000000000 ) ) ;
#1570 = DIRECTION ( 'NONE',  ( 0.000000000000000000, 1.000000000000000000, 0.000000000000000000 ) ) ;
#1571 = CIRCLE ( 'NONE', #5431, 1.350000000000002309 ) ;
#1572 = ORIENTED_EDGE ( 'NONE', *, *, #4801, .F. ) ;
#1573 = EDGE_CURVE ( 'NONE', #4285, #3884, #4981, .T. ) ;
#1574 = VERTEX_POINT ( 'NONE', #6561 ) ;
#1575 = ORIENTED_EDGE ( 'NONE', *, *, #5810, .F. ) ;
#1576 = CARTESIAN_POINT ( 'NONE',  ( -6.000000000000000000, 70.50000000000000000, 17.49999999999999645 ) ) ;
#1577 = CIRCLE ( 'NONE', #2640, 3.499999999999999556 ) ;
#1578 = EDGE_LOOP ( 'NONE', ( #1074, #4095, #3415, #6046 ) ) ;
#1579 = FACE_OUTER_BOUND ( 'NONE', #1039, .T. ) ;
#1580 = DIRECTION ( 'NONE',  ( 0.000000000000000000, 0.000000000000000000, 1.000000000000000000 ) ) ;
#1581 = LINE ( 'NONE', #3834, #2683 ) ;
#1582 = CARTESIAN_POINT ( 'NONE',  ( 16.00000000000000000, 60.00000000000000000, 18.49999999999998934 ) ) ;
#1583 = EDGE_CURVE ( 'NONE', #2791, #3135, #4267, .T. ) ;
#1584 = EDGE_CURVE ( 'NONE', #2898, #4642, #3797, .T. ) ;
#1585 = VECTOR ( 'NONE', #689, 1000.000000000000000 ) ;
#1586 = CIRCLE ( 'NONE', #2768, 1.350000000000004086 ) ;
#1587 = CYLINDRICAL_SURFACE ( 'NONE', #1684, 1.000000000000000000 ) ;
#1588 = AXIS2_PLACEMENT_3D ( 'NONE', #959, #3660, #4246 ) ;
#1589 = DIRECTION ( 'NONE',  ( -0.000000000000000000, 1.000000000000000000, -0.000000000000000000 ) ) ;
#1590 = AXIS2_PLACEMENT_3D ( 'NONE', #5653, #6819, #1268 ) ;
#1591 = DIRECTION ( 'NONE',  ( 1.000000000000000000, 0.000000000000000000, 0.000000000000000000 ) ) ;
#1592 = ORIENTED_EDGE ( 'NONE', *, *, #3920, .T. ) ;
#1593 = AXIS2_PLACEMENT_3D ( 'NONE', #2723, #4339, #4928 ) ;
#1594 = DIRECTION ( 'NONE',  ( 1.000000000000000000, -0.000000000000000000, -2.168404344971008868E-16 ) ) ;
#1595 = EDGE_LOOP ( 'NONE', ( #4206, #5940, #4528, #2819 ) ) ;
#1596 = CARTESIAN_POINT ( 'NONE',  ( -11.39229750223784166, 60.79056456756948990, 9.650524218425706735 ) ) ;
#1597 = VERTEX_POINT ( 'NONE', #5433 ) ;
#1598 = ADVANCED_FACE ( 'NONE', ( #2697 ), #2617, .F. ) ;
#1599 = EDGE_LOOP ( 'NONE', ( #3629, #2068, #2790, #3089 ) ) ;
#1600 = AXIS2_PLACEMENT_3D ( 'NONE', #1194, #2334, #3393 ) ;
#1601 = ORIENTED_EDGE ( 'NONE', *, *, #6583, .F. ) ;
#1602 = ORIENTED_EDGE ( 'NONE', *, *, #1790, .F. ) ;
#1603 = ORIENTED_EDGE ( 'NONE', *, *, #6805, .F. ) ;
#1604 = LINE ( 'NONE', #3328, #2156 ) ;
#1605 = DIRECTION ( 'NONE',  ( 0.000000000000000000, 1.000000000000000000, 0.000000000000000000 ) ) ;
#1606 = DIRECTION ( 'NONE',  ( 0.000000000000000000, 1.000000000000000000, 0.000000000000000000 ) ) ;
#1607 = FACE_BOUND ( 'NONE', #1395, .T. ) ;
#1608 = VECTOR ( 'NONE', #761, 1000.000000000000000 ) ;
#1609 = ADVANCED_FACE ( 'NONE', ( #4935 ), #7141, .F. ) ;
#1610 = VERTEX_POINT ( 'NONE', #3175 ) ;
#1611 = ORIENTED_EDGE ( 'NONE', *, *, #1619, .F. ) ;
#1612 = DIRECTION ( 'NONE',  ( -1.000000000000000000, 0.000000000000000000, -0.000000000000000000 ) ) ;
#1613 = DIRECTION ( 'NONE',  ( 0.000000000000000000, 0.000000000000000000, 1.000000000000000000 ) ) ;
#1614 = DIRECTION ( 'NONE',  ( -1.000000000000000000, -0.000000000000000000, -0.000000000000000000 ) ) ;
#1615 = CIRCLE ( 'NONE', #4070, 0.5000000000000004441 ) ;
#1616 = ORIENTED_EDGE ( 'NONE', *, *, #2475, .T. ) ;
#1617 = ORIENTED_EDGE ( 'NONE', *, *, #4549, .T. ) ;
#1618 = B_SPLINE_CURVE_WITH_KNOTS ( 'NONE', 3,
 ( #3630, #5710, #6834, #3074, #5299, #2941 ),
 .UNSPECIFIED., .F., .F.,
 ( 4, 2, 4 ),
 ( 0.000000000000000000, 0.0008582655494710336513, 0.001716531098942067303 ),
 .UNSPECIFIED. ) ;
#1619 = EDGE_CURVE ( 'NONE', #5233, #5829, #412, .T. ) ;
#1620 = ORIENTED_EDGE ( 'NONE', *, *, #6281, .T. ) ;
#1621 = VECTOR ( 'NONE', #6874, 1000.000000000000000 ) ;
#1622 = DIRECTION ( 'NONE',  ( 0.000000000000000000, 0.000000000000000000, 1.000000000000000000 ) ) ;
#1623 = ORIENTED_EDGE ( 'NONE', *, *, #1095, .T. ) ;
#1624 = CARTESIAN_POINT ( 'NONE',  ( 1.378534743265380724, 11.85254389112343176, -4.206110975269534258 ) ) ;
#1625 = DIRECTION ( 'NONE',  ( 3.219245568722483850E-16, -0.5000000000000004441, 0.8660254037844384856 ) ) ;
#1626 = FACE_OUTER_BOUND ( 'NONE', #1275, .T. ) ;
#1627 = LINE ( 'NONE', #4967, #5103 ) ;
#1628 = EDGE_CURVE ( 'NONE', #5818, #4814, #352, .T. ) ;
#1629 = AXIS2_PLACEMENT_3D ( 'NONE', #2685, #4918, #6043 ) ;
#1630 = ORIENTED_EDGE ( 'NONE', *, *, #1840, .F. ) ;
#1631 = DIRECTION ( 'NONE',  ( 1.000000000000000000, 0.000000000000000000, 0.000000000000000000 ) ) ;
#1632 = EDGE_CURVE ( 'NONE', #1106, #3135, #4860, .T. ) ;
#1633 = EDGE_CURVE ( 'NONE', #956, #5244, #2100, .T. ) ;
#1634 = CARTESIAN_POINT ( 'NONE',  ( 16.00000000000000000, 74.50000000000000000, 14.99999999999999112 ) ) ;
#1635 = DIRECTION ( 'NONE',  ( 0.000000000000000000, 0.000000000000000000, -1.000000000000000000 ) ) ;
#1636 = CARTESIAN_POINT ( 'NONE',  ( -11.92050301278581159, 41.21059272384826500, -10.89117681431376639 ) ) ;
#1637 = EDGE_LOOP ( 'NONE', ( #2091, #5404, #3898, #6649 ) ) ;
#1638 = CARTESIAN_POINT ( 'NONE',  ( -12.00000000000030553, 61.85744038636290298, 9.669337569283646516 ) ) ;
#1639 = VERTEX_POINT ( 'NONE', #3840 ) ;
#1640 = ORIENTED_EDGE ( 'NONE', *, *, #6203, .T. ) ;
#1641 = EDGE_CURVE ( 'NONE', #703, #1068, #6528, .T. ) ;
#1642 = CARTESIAN_POINT ( 'NONE',  ( -6.000000000000008882, 46.55880831638478412, -3.499999999999998668 ) ) ;
#1643 = DIRECTION ( 'NONE',  ( -0.000000000000000000, -0.000000000000000000, 1.000000000000000000 ) ) ;
#1644 = CARTESIAN_POINT ( 'NONE',  ( -6.435483870967741105, 42.26661372115868431, -3.499999999999998224 ) ) ;
#1645 = CYLINDRICAL_SURFACE ( 'NONE', #5124, 1.350000000000000533 ) ;
#1646 = VERTEX_POINT ( 'NONE', #4418 ) ;
#1647 = ORIENTED_EDGE ( 'NONE', *, *, #3775, .T. ) ;
#1648 = EDGE_LOOP ( 'NONE', ( #2868, #1746, #7181, #1602, #5500 ) ) ;
#1649 = VERTEX_POINT ( 'NONE', #6090 ) ;
#1650 = EDGE_CURVE ( 'NONE', #2284, #1646, #4855, .T. ) ;
#1651 = DIRECTION ( 'NONE',  ( -0.000000000000000000, 0.000000000000000000, 1.000000000000000000 ) ) ;
#1652 = DIRECTION ( 'NONE',  ( 3.717264591378872697E-16, -0.000000000000000000, 1.000000000000000000 ) ) ;
#1653 = VECTOR ( 'NONE', #3425, 1000.000000000000000 ) ;
#1654 = CARTESIAN_POINT ( 'NONE',  ( 13.00000000000000533, 70.50000000000000000, -4.500000000000003553 ) ) ;
#1655 = CYLINDRICAL_SURFACE ( 'NONE', #584, 1.000000000000000888 ) ;
#1656 = ORIENTED_EDGE ( 'NONE', *, *, #4463, .F. ) ;
#1657 = ORIENTED_EDGE ( 'NONE', *, *, #1837, .T. ) ;
#1658 = LINE ( 'NONE', #4445, #5655 ) ;
#1659 = VERTEX_POINT ( 'NONE', #2022 ) ;
#1660 = CARTESIAN_POINT ( 'NONE',  ( 0.1747825294241511507, 11.82771829275114150, -4.279781569572133293 ) ) ;
#1661 = ORIENTED_EDGE ( 'NONE', *, *, #3647, .T. ) ;
#1662 = CARTESIAN_POINT ( 'NONE',  ( -6.435483870967741105, 42.26661372115868431, 26.00100000000000477 ) ) ;
#1663 = CARTESIAN_POINT ( 'NONE',  ( -11.50000000000000000, 10.20000000000000107, -12.89999999999999858 ) ) ;
#1664 = CARTESIAN_POINT ( 'NONE',  ( -12.00000000000000533, 61.49251030373493876, 8.961937254333015801 ) ) ;
#1665 = EDGE_LOOP ( 'NONE', ( #7185, #1369, #886, #3029 ) ) ;
#1666 = CARTESIAN_POINT ( 'NONE',  ( -11.00000000000000355, 74.50000000000000000, 18.49999999999999645 ) ) ;
#1667 = DIRECTION ( 'NONE',  ( -1.000000000000000000, 0.000000000000000000, 0.000000000000000000 ) ) ;
#1668 = CARTESIAN_POINT ( 'NONE',  ( 6.249999999999997335, 36.50000000000000711, -8.500000000000000000 ) ) ;
#1669 = FACE_OUTER_BOUND ( 'NONE', #6490, .T. ) ;
#1670 = DIRECTION ( 'NONE',  ( -1.000000000000000000, 0.000000000000000000, 0.000000000000000000 ) ) ;
#1671 = EDGE_CURVE ( 'NONE', #4716, #3889, #6483, .T. ) ;
#1672 = EDGE_CURVE ( 'NONE', #6226, #2813, #1117, .T. ) ;
#1673 = DIRECTION ( 'NONE',  ( -1.000000000000000000, 0.000000000000000000, 0.000000000000000000 ) ) ;
#1674 = DIRECTION ( 'NONE',  ( -1.000000000000000000, 0.000000000000000000, 0.000000000000000000 ) ) ;
#1675 = DIRECTION ( 'NONE',  ( -1.000000000000000000, 0.000000000000000000, 0.000000000000000000 ) ) ;
#1676 = DIRECTION ( 'NONE',  ( -0.000000000000000000, -1.000000000000000000, -0.000000000000000000 ) ) ;
#1677 = DIRECTION ( 'NONE',  ( 0.000000000000000000, 1.000000000000000000, 0.000000000000000000 ) ) ;
#1678 = AXIS2_PLACEMENT_3D ( 'NONE', #1403, #4261, #6955 ) ;
#1679 = ADVANCED_FACE ( 'NONE', ( #2333 ), #4042, .F. ) ;
#1680 = EDGE_LOOP ( 'NONE', ( #670, #7147, #2500, #3182 ) ) ;
#1681 = VERTEX_POINT ( 'NONE', #4567 ) ;
#1682 = EDGE_LOOP ( 'NONE', ( #6646, #3127, #2829, #4481 ) ) ;
#1683 = DIRECTION ( 'NONE',  ( 1.000000000000000000, 0.000000000000000000, 0.000000000000000000 ) ) ;
#1684 = AXIS2_PLACEMENT_3D ( 'NONE', #903, #5506, #3206 ) ;
#1685 = CARTESIAN_POINT ( 'NONE',  ( 11.50000000000000000, 10.20000000000000107, -14.50000000000000000 ) ) ;
#1686 = FACE_OUTER_BOUND ( 'NONE', #5787, .T. ) ;
#1687 = CARTESIAN_POINT ( 'NONE',  ( -0.5979559409970036654, 11.10534399588509480, -3.957914126085628759 ) ) ;
#1688 = EDGE_CURVE ( 'NONE', #7211, #4311, #3684, .T. ) ;
#1689 = VECTOR ( 'NONE', #2647, 1000.000000000000000 ) ;
#1690 = EDGE_LOOP ( 'NONE', ( #1426, #5608, #7047, #3171, #1229 ) ) ;
#1691 = CARTESIAN_POINT ( 'NONE',  ( -7.000000000000008882, 77.00000000000000000, -3.499999999999998224 ) ) ;
#1692 = CARTESIAN_POINT ( 'NONE',  ( -0.5985018640006617430, 11.10529360036229107, -3.957835111779239412 ) ) ;
#1693 = AXIS2_PLACEMENT_3D ( 'NONE', #2955, #1674, #2300 ) ;
#1694 = CARTESIAN_POINT ( 'NONE',  ( 12.00000000000000355, 74.50000000000000000, 14.99999999999999289 ) ) ;
#1695 = DIRECTION ( 'NONE',  ( -0.000000000000000000, -0.000000000000000000, 1.000000000000000000 ) ) ;
#1696 = EDGE_CURVE ( 'NONE', #497, #4898, #53, .T. ) ;
#1697 = ORIENTED_EDGE ( 'NONE', *, *, #2428, .T. ) ;
#1698 = ORIENTED_EDGE ( 'NONE', *, *, #7018, .T. ) ;
#1699 = AXIS2_PLACEMENT_3D ( 'NONE', #6778, #2364, #1193 ) ;
#1700 = CYLINDRICAL_SURFACE ( 'NONE', #392, 1.350000000000002309 ) ;
#1701 = VERTEX_POINT ( 'NONE', #5540 ) ;
#1702 = DIRECTION ( 'NONE',  ( 0.000000000000000000, 0.000000000000000000, -1.000000000000000000 ) ) ;
#1703 = DIRECTION ( 'NONE',  ( -0.000000000000000000, -1.000000000000000000, -0.000000000000000000 ) ) ;
#1704 = DIRECTION ( 'NONE',  ( -0.000000000000000000, 1.000000000000000000, -0.000000000000000000 ) ) ;
#1705 = CIRCLE ( 'NONE', #4518, 1.099999999999997646 ) ;
#1706 = AXIS2_PLACEMENT_3D ( 'NONE', #705, #1396, #4730 ) ;
#1707 = DIRECTION ( 'NONE',  ( 0.000000000000000000, 0.000000000000000000, -1.000000000000000000 ) ) ;
#1708 = AXIS2_PLACEMENT_3D ( 'NONE', #4289, #6463, #4329 ) ;
#1709 = VECTOR ( 'NONE', #3681, 1000.000000000000000 ) ;
#1710 = DIRECTION ( 'NONE',  ( -3.219245568722488287E-16, -0.4999999999999983347, -0.8660254037844397068 ) ) ;
#1711 = VECTOR ( 'NONE', #6726, 1000.000000000000000 ) ;
#1712 = CARTESIAN_POINT ( 'NONE',  ( 15.00000000000001066, 70.50000000000000000, 26.00100000000000477 ) ) ;
#1713 = FACE_OUTER_BOUND ( 'NONE', #2841, .T. ) ;
#1714 = CC_DESIGN_PERSON_AND_ORGANIZATION_ASSIGNMENT ( #5836, #2029, ( #3823 ) ) ;
#1715 = CARTESIAN_POINT ( 'NONE',  ( 6.249999999999997335, 36.50000000000000711, -11.50000000000000000 ) ) ;
#1716 = DIRECTION ( 'NONE',  ( 0.000000000000000000, 0.000000000000000000, -1.000000000000000000 ) ) ;
#1717 = CIRCLE ( 'NONE', #6164, 3.000000000000001332 ) ;
#1718 = CIRCLE ( 'NONE', #5792, 1.099999999999999423 ) ;
#1719 = ORIENTED_EDGE ( 'NONE', *, *, #399, .F. ) ;
#1720 = CIRCLE ( 'NONE', #7200, 26.00000000000000355 ) ;
#1721 = DIRECTION ( 'NONE',  ( -1.000000000000000000, 0.000000000000000000, 0.000000000000000000 ) ) ;
#1722 = EDGE_CURVE ( 'NONE', #5098, #4676, #5144, .T. ) ;
#1723 = EDGE_CURVE ( 'NONE', #6011, #3451, #285, .T. ) ;
#1724 = LINE ( 'NONE', #4393, #431 ) ;
#1725 = CARTESIAN_POINT ( 'NONE',  ( 6.249999999999992895, 38.89600361713693388, -6.299999999999999822 ) ) ;
#1726 = DIRECTION ( 'NONE',  ( -1.000000000000000000, 0.000000000000000000, 0.000000000000000000 ) ) ;
#1727 = ORIENTED_EDGE ( 'NONE', *, *, #399, .T. ) ;
#1728 = ORIENTED_EDGE ( 'NONE', *, *, #1409, .F. ) ;
#1729 = CARTESIAN_POINT ( 'NONE',  ( 0.000000000000000000, 11.00000000000000000, 4.000000000000000000 ) ) ;
#1730 = ADVANCED_FACE ( 'NONE', ( #6125 ), #638, .F. ) ;
#1731 = CARTESIAN_POINT ( 'NONE',  ( -0.7882824500980436522, 11.53619854224309016, -3.924685176755402960 ) ) ;
#1732 = AXIS2_PLACEMENT_3D ( 'NONE', #3765, #3650, #5834 ) ;
#1733 = CARTESIAN_POINT ( 'NONE',  ( -11.50000000000000000, -0.0009999999999992653654, 17.00000000000000000 ) ) ;
#1734 = FACE_OUTER_BOUND ( 'NONE', #3607, .T. ) ;
#1735 = ADVANCED_BREP_SHAPE_REPRESENTATION ( '\X2\7b2c4e8c8f748f6c63a5\X0\', ( #3534, #540 ), #6830 ) ;
#1736 = ORIENTED_EDGE ( 'NONE', *, *, #2725, .T. ) ;
#1737 = EDGE_LOOP ( 'NONE', ( #905, #1043 ) ) ;
#1738 = VECTOR ( 'NONE', #4192, 1000.000000000000000 ) ;
#1739 = DIRECTION ( 'NONE',  ( -0.000000000000000000, 0.000000000000000000, 1.000000000000000000 ) ) ;
#1740 = EDGE_CURVE ( 'NONE', #7121, #1138, #3908, .T. ) ;
#1741 = CARTESIAN_POINT ( 'NONE',  ( -11.50000000000000000, 10.20000000000000107, -17.00000000000000000 ) ) ;
#1742 = DIRECTION ( 'NONE',  ( 0.000000000000000000, -1.000000000000000000, 0.000000000000000000 ) ) ;
#1743 = CARTESIAN_POINT ( 'NONE',  ( -8.500000000000003553, 63.50000000000000000, 17.49999999999999645 ) ) ;
#1744 = AXIS2_PLACEMENT_3D ( 'NONE', #1252, #2872, #84 ) ;
#1745 = CARTESIAN_POINT ( 'NONE',  ( 15.99999999999999289, 19.49999999999999645, -10.50000000000000178 ) ) ;
#1746 = ORIENTED_EDGE ( 'NONE', *, *, #1828, .F. ) ;
#1747 = AXIS2_PLACEMENT_3D ( 'NONE', #6796, #1180, #626 ) ;
#1748 = DIRECTION ( 'NONE',  ( 1.000000000000000000, 0.000000000000000000, 0.000000000000000000 ) ) ;
#1749 = DIRECTION ( 'NONE',  ( -0.000000000000000000, -1.000000000000000000, -0.000000000000000000 ) ) ;
#1750 = CARTESIAN_POINT ( 'NONE',  ( 9.498371462428270462, 76.90672471322626791, 15.83143051686047187 ) ) ;
#1751 = FACE_BOUND ( 'NONE', #4271, .T. ) ;
#1752 = EDGE_LOOP ( 'NONE', ( #5512, #6814, #4073, #2777 ) ) ;
#1753 = DIRECTION ( 'NONE',  ( 0.000000000000000000, 0.000000000000000000, -1.000000000000000000 ) ) ;
#1754 = FACE_OUTER_BOUND ( 'NONE', #4516, .T. ) ;
#1755 = DIRECTION ( 'NONE',  ( -0.000000000000000000, 1.000000000000000000, -0.000000000000000000 ) ) ;
#1756 = LINE ( 'NONE', #138, #5601 ) ;
#1757 = ADVANCED_FACE ( 'NONE', ( #4590 ), #5681, .F. ) ;
#1758 = ADVANCED_FACE ( 'NONE', ( #3392 ), #5193, .F. ) ;
#1759 = CIRCLE ( 'NONE', #4681, 1.600000000000002531 ) ;
#1760 = ORIENTED_EDGE ( 'NONE', *, *, #2345, .T. ) ;
#1761 = CARTESIAN_POINT ( 'NONE',  ( 4.174999999999997158, 16.69800180856847405, -4.500000000000000888 ) ) ;
#1762 = ORIENTED_EDGE ( 'NONE', *, *, #4243, .T. ) ;
#1763 = CARTESIAN_POINT ( 'NONE',  ( -1.856379528669940271, 11.89383988481368526, -4.154506695965684671 ) ) ;
#1764 = DIRECTION ( 'NONE',  ( 0.000000000000000000, 0.5000000000000022204, 0.8660254037844372643 ) ) ;
#1765 = FACE_OUTER_BOUND ( 'NONE', #6304, .T. ) ;
#1766 = EDGE_CURVE ( 'NONE', #2813, #5663, #6169, .T. ) ;
#1767 = ORIENTED_EDGE ( 'NONE', *, *, #2610, .F. ) ;
#1768 = DIRECTION ( 'NONE',  ( -0.000000000000000000, -1.000000000000000000, -0.000000000000000000 ) ) ;
#1769 = CARTESIAN_POINT ( 'NONE',  ( -8.500000000000003553, 63.50000000000000000, 18.49999999999999645 ) ) ;
#1770 = CARTESIAN_POINT ( 'NONE',  ( 13.99999999999999467, 20.49999999999999645, -10.50000000000000178 ) ) ;
#1771 = CARTESIAN_POINT ( 'NONE',  ( 0.000000000000000000, 0.000000000000000000, -0.5000000000000022204 ) ) ;
#1772 = FACE_OUTER_BOUND ( 'NONE', #2677, .T. ) ;
#1773 = EDGE_LOOP ( 'NONE', ( #6532, #4922 ) ) ;
#1774 = EDGE_LOOP ( 'NONE', ( #3710, #3883, #3522, #945, #2949, #2137, #1254, #5606, #6693, #2366, #1896, #1514 ) ) ;
#1775 = ADVANCED_FACE ( 'NONE', ( #5069 ), #3946, .F. ) ;
#1776 = FACE_BOUND ( 'NONE', #5596, .T. ) ;
#1777 = PLANE ( 'NONE',  #2629 ) ;
#1778 = LINE ( 'NONE', #5216, #1244 ) ;
#1779 = CARTESIAN_POINT ( 'NONE',  ( 0.000000000000000000, 9.000000000000007105, -24.50000000000000000 ) ) ;
#1780 = CARTESIAN_POINT ( 'NONE',  ( -6.000000000000002665, 60.00000000000000000, 11.49999999999999467 ) ) ;
#1781 = ORIENTED_EDGE ( 'NONE', *, *, #1671, .T. ) ;
#1782 = CARTESIAN_POINT ( 'NONE',  ( 1.252159918582605114, 11.79479127249728876, -4.156666986985047885 ) ) ;
#1783 = CARTESIAN_POINT ( 'NONE',  ( -11.00000000000000355, 78.00000000000000000, -7.999999999999998224 ) ) ;
#1784 = CARTESIAN_POINT ( 'NONE',  ( -11.50000000000000000, 10.20000000000000107, -12.00000000000000000 ) ) ;
#1785 = AXIS2_PLACEMENT_3D ( 'NONE', #3247, #6596, #2018 ) ;
#1786 = CARTESIAN_POINT ( 'NONE',  ( -12.00000000000000355, 39.83380962103093026, -10.49999999999999822 ) ) ;
#1787 = EDGE_CURVE ( 'NONE', #1610, #836, #2774, .T. ) ;
#1788 = PLANE ( 'NONE',  #5898 ) ;
#1789 = DIRECTION ( 'NONE',  ( 1.000000000000000000, -0.000000000000000000, -3.717264591378872204E-16 ) ) ;
#1790 = EDGE_CURVE ( 'NONE', #1367, #4806, #2223, .T. ) ;
#1791 = PLANE ( 'NONE',  #6758 ) ;
#1792 = ORIENTED_EDGE ( 'NONE', *, *, #2770, .T. ) ;
#1793 = VERTEX_POINT ( 'NONE', #1741 ) ;
#1794 = DIRECTION ( 'NONE',  ( 0.000000000000000000, -0.000000000000000000, -1.000000000000000000 ) ) ;
#1795 = CIRCLE ( 'NONE', #4851, 1.000000000000000000 ) ;
#1796 = DIRECTION ( 'NONE',  ( 0.000000000000000000, 0.8660254037844385966, 0.5000000000000001110 ) ) ;
#1797 = CARTESIAN_POINT ( 'NONE',  ( 9.799999999999998934, 13.99999999999999289, -9.443375672974061885 ) ) ;
#1798 = EDGE_CURVE ( 'NONE', #4499, #4485, #4033, .T. ) ;
#1799 = EDGE_CURVE ( 'NONE', #4499, #2115, #1803, .T. ) ;
#1800 = CYLINDRICAL_SURFACE ( 'NONE', #3968, 24.50000000000000000 ) ;
#1801 = LINE ( 'NONE', #4666, #363 ) ;
#1802 = VERTEX_POINT ( 'NONE', #6706 ) ;
#1803 = CIRCLE ( 'NONE', #6716, 2.000000000000000000 ) ;
#1804 = DIRECTION ( 'NONE',  ( -2.569960705150824215E-15, 0.000000000000000000, -1.000000000000000000 ) ) ;
#1805 = CARTESIAN_POINT ( 'NONE',  ( -5.250000000000001776, 44.00000000000000000, 26.00100000000000477 ) ) ;
#1806 = VECTOR ( 'NONE', #6547, 1000.000000000000000 ) ;
#1807 = CARTESIAN_POINT ( 'NONE',  ( -5.140167092030904605, 47.11258438298433049, -4.499999999999999112 ) ) ;
#1808 = VECTOR ( 'NONE', #5768, 1000.000000000000000 ) ;
#1809 = EDGE_CURVE ( 'NONE', #697, #4662, #6823, .T. ) ;
#1810 = CARTESIAN_POINT ( 'NONE',  ( -3.570714214271425213, 12.00000000000000000, -3.499999999999999556 ) ) ;
#1811 = AXIS2_PLACEMENT_3D ( 'NONE', #3904, #6119, #5574 ) ;
#1812 = AXIS2_PLACEMENT_3D ( 'NONE', #6108, #2832, #3861 ) ;
#1813 = ORIENTED_EDGE ( 'NONE', *, *, #2820, .F. ) ;
#1814 = CARTESIAN_POINT ( 'NONE',  ( 1.750000000000004219, 35.00000000000000000, -8.500000000000000000 ) ) ;
#1815 = FACE_OUTER_BOUND ( 'NONE', #1773, .T. ) ;
#1816 = EDGE_CURVE ( 'NONE', #2118, #4629, #763, .T. ) ;
#1817 = LINE ( 'NONE', #3481, #5924 ) ;
#1818 = CIRCLE ( 'NONE', #5910, 1.000000000000000888 ) ;
#1819 = CIRCLE ( 'NONE', #3949, 1.000000000000000000 ) ;
#1820 = CARTESIAN_POINT ( 'NONE',  ( -2.297766898550480966E-11, 11.13397459621556074, -4.000000000000000000 ) ) ;
#1821 = AXIS2_PLACEMENT_3D ( 'NONE', #1668, #2698, #500 ) ;
#1822 = DIRECTION ( 'NONE',  ( -2.168404344971008868E-16, -0.000000000000000000, -1.000000000000000000 ) ) ;
#1823 = CARTESIAN_POINT ( 'NONE',  ( -5.000000000000007994, 12.99999999999999822, -4.499999999999999112 ) ) ;
#1824 = DIRECTION ( 'NONE',  ( -0.000000000000000000, 1.000000000000000000, -0.000000000000000000 ) ) ;
#1825 = DIRECTION ( 'NONE',  ( 0.000000000000000000, 1.000000000000000000, 0.000000000000000000 ) ) ;
#1826 = VECTOR ( 'NONE', #2650, 1000.000000000000000 ) ;
#1827 = ORIENTED_EDGE ( 'NONE', *, *, #6221, .T. ) ;
#1828 = EDGE_CURVE ( 'NONE', #4814, #3691, #3562, .T. ) ;
#1829 = VERTEX_POINT ( 'NONE', #811 ) ;
#1830 = AXIS2_PLACEMENT_3D ( 'NONE', #162, #5123, #4673 ) ;
#1831 = DIRECTION ( 'NONE',  ( -1.000000000000000000, 0.000000000000000000, 2.168404344971008868E-16 ) ) ;
#1832 = ORIENTED_EDGE ( 'NONE', *, *, #5447, .F. ) ;
#1833 = DIRECTION ( 'NONE',  ( 1.000000000000000000, -2.391107543908238811E-30, -3.097720492815719770E-16 ) ) ;
#1834 = CARTESIAN_POINT ( 'NONE',  ( -8.500000000000003553, 63.50000000000000000, 9.499999999999998224 ) ) ;
#1835 = DIRECTION ( 'NONE',  ( 0.000000000000000000, -1.000000000000000000, 0.000000000000000000 ) ) ;
#1836 = LINE ( 'NONE', #3458, #6861 ) ;
#1837 = EDGE_CURVE ( 'NONE', #49, #2551, #150, .T. ) ;
#1838 = CARTESIAN_POINT ( 'NONE',  ( -11.50000000000000000, 9.000000000000001776, -14.50000000000000000 ) ) ;
#1839 = VERTEX_POINT ( 'NONE', #2391 ) ;
#1840 = EDGE_CURVE ( 'NONE', #2313, #4311, #2293, .T. ) ;
#1841 = EDGE_CURVE ( 'NONE', #6173, #4832, #3013, .T. ) ;
#1842 = DIRECTION ( 'NONE',  ( -1.000000000000000000, -0.000000000000000000, -0.000000000000000000 ) ) ;
#1843 = FACE_OUTER_BOUND ( 'NONE', #4569, .T. ) ;
#1844 = AXIS2_PLACEMENT_3D ( 'NONE', #6222, #5139, #2358 ) ;
#1845 = CARTESIAN_POINT ( 'NONE',  ( 8.324999999999995737, 16.69800180856847760, -6.299999999999999822 ) ) ;
#1846 = CARTESIAN_POINT ( 'NONE',  ( -11.00000000000000355, 78.00000000000000000, 0.000000000000000000 ) ) ;
#1847 = EDGE_LOOP ( 'NONE', ( #3776, #7191, #2914, #6205, #3531, #6859, #4111, #1996 ) ) ;
#1848 = EDGE_LOOP ( 'NONE', ( #7168, #6916 ) ) ;
#1849 = AXIS2_PLACEMENT_3D ( 'NONE', #693, #2243, #6827 ) ;
#1850 = EDGE_CURVE ( 'NONE', #862, #2192, #1099, .T. ) ;
#1851 = ORIENTED_EDGE ( 'NONE', *, *, #4067, .T. ) ;
#1852 = ORIENTED_EDGE ( 'NONE', *, *, #6322, .F. ) ;
#1853 = CARTESIAN_POINT ( 'NONE',  ( -11.50000000000000355, 61.04999999999999005, -8.699999999999997513 ) ) ;
#1854 = LINE ( 'NONE', #2998, #294 ) ;
#1855 = LINE ( 'NONE', #1209, #5577 ) ;
#1856 = EDGE_CURVE ( 'NONE', #4144, #5818, #6909, .T. ) ;
#1857 = CARTESIAN_POINT ( 'NONE',  ( -7.000000000000007994, 0.000000000000000000, -1.500000000000002220 ) ) ;
#1858 = DIRECTION ( 'NONE',  ( -2.172046186845915644E-16, -2.465190328815661892E-32, -1.000000000000000000 ) ) ;
#1859 = LINE ( 'NONE', #3042, #3104 ) ;
#1860 = CARTESIAN_POINT ( 'NONE',  ( 4.174999999999997158, 14.30199819143152595, -4.500000000000000888 ) ) ;
#1861 = AXIS2_PLACEMENT_3D ( 'NONE', #3652, #5323, #982 ) ;
#1862 = ORIENTED_EDGE ( 'NONE', *, *, #4091, .F. ) ;
#1863 = CARTESIAN_POINT ( 'NONE',  ( 9.799999999999998934, 18.99999999999998934, -4.499999999999999112 ) ) ;
#1864 = ORIENTED_EDGE ( 'NONE', *, *, #6678, .T. ) ;
#1865 = DIRECTION ( 'NONE',  ( 0.000000000000000000, 0.000000000000000000, 1.000000000000000000 ) ) ;
#1866 = FACE_OUTER_BOUND ( 'NONE', #2952, .T. ) ;
#1867 = CARTESIAN_POINT ( 'NONE',  ( -5.999999993475895188, 41.96878102461896276, -3.592425433516908573 ) ) ;
#1868 = CARTESIAN_POINT ( 'NONE',  ( -7.000000000000001776, 74.50000000000000000, 14.99999999999999645 ) ) ;
#1869 = ORIENTED_EDGE ( 'NONE', *, *, #4041, .T. ) ;
#1870 = LINE ( 'NONE', #2368, #3996 ) ;
#1871 = VERTEX_POINT ( 'NONE', #4773 ) ;
#1872 = CARTESIAN_POINT ( 'NONE',  ( 15.99999999999999645, 78.00000000000000000, 11.49999999999998579 ) ) ;
#1873 = CARTESIAN_POINT ( 'NONE',  ( -7.000000000000003553, 59.00000000000000000, 8.499999999999996447 ) ) ;
#1874 = LINE ( 'NONE', #5319, #5450 ) ;
#1875 = CARTESIAN_POINT ( 'NONE',  ( 1.556717628980005763, 12.62264822229585448, -4.500000000000001776 ) ) ;
#1876 = ORIENTED_EDGE ( 'NONE', *, *, #2984, .F. ) ;
#1877 = EDGE_CURVE ( 'NONE', #1649, #1542, #6479, .T. ) ;
#1878 = APPROVAL_STATUS ( 'not_yet_approved' ) ;
#1879 = ADVANCED_FACE ( 'NONE', ( #6411 ), #4279, .T. ) ;
#1880 = EDGE_LOOP ( 'NONE', ( #6518, #1661, #4659, #6850 ) ) ;
#1881 = CARTESIAN_POINT ( 'NONE',  ( 3.330362413931057475, 12.00000000000000000, -3.580638837075464487 ) ) ;
#1882 = DIRECTION ( 'NONE',  ( 0.000000000000000000, 1.000000000000000000, 0.000000000000000000 ) ) ;
#1883 = DIRECTION ( 'NONE',  ( -3.219245568722488780E-16, 0.4999999999999977240, -0.8660254037844398178 ) ) ;
#1884 = ADVANCED_FACE ( 'NONE', ( #6987 ), #5200, .T. ) ;
#1885 = CARTESIAN_POINT ( 'NONE',  ( 16.00000000000000000, 72.50000000000000000, -10.50000000000000178 ) ) ;
#1886 = CIRCLE ( 'NONE', #4247, 0.9999999999999995559 ) ;
#1887 = CARTESIAN_POINT ( 'NONE',  ( -11.50000000000000000, 10.20000000000000107, -16.10000000000000142 ) ) ;
#1888 = DIRECTION ( 'NONE',  ( 0.000000000000000000, 1.000000000000000000, 0.000000000000000000 ) ) ;
#1889 = DIRECTION ( 'NONE',  ( -0.000000000000000000, -1.000000000000000000, -0.000000000000000000 ) ) ;
#1890 = EDGE_CURVE ( 'NONE', #3277, #5963, #6251, .T. ) ;
#1891 = VERTEX_POINT ( 'NONE', #6332 ) ;
#1892 = ORIENTED_EDGE ( 'NONE', *, *, #6379, .T. ) ;
#1893 = VECTOR ( 'NONE', #2844, 1000.000000000000000 ) ;
#1894 = ORIENTED_EDGE ( 'NONE', *, *, #1302, .F. ) ;
#1895 = CARTESIAN_POINT ( 'NONE',  ( 11.50000000000000000, 10.20000000000000107, 14.50000000000000000 ) ) ;
#1896 = ORIENTED_EDGE ( 'NONE', *, *, #2213, .T. ) ;
#1897 = CARTESIAN_POINT ( 'NONE',  ( -6.250000000000003553, 15.50000000000000000, -11.49999999999999822 ) ) ;
#1898 = DIRECTION ( 'NONE',  ( 0.000000000000000000, 0.000000000000000000, -1.000000000000000000 ) ) ;
#1899 = ORIENTED_EDGE ( 'NONE', *, *, #5496, .F. ) ;
#1900 = AXIS2_PLACEMENT_3D ( 'NONE', #2459, #6876, #3636 ) ;
#1901 = CARTESIAN_POINT ( 'NONE',  ( -5.974712302650726947, 42.02788647678185896, -5.008195285276142883 ) ) ;
#1902 = CARTESIAN_POINT ( 'NONE',  ( 12.00000000000000000, 72.00000000000000000, -4.500000000000003553 ) ) ;
#1903 = ADVANCED_FACE ( 'NONE', ( #3081 ), #4148, .T. ) ;
#1904 = ORIENTED_EDGE ( 'NONE', *, *, #5077, .F. ) ;
#1905 = DIRECTION ( 'NONE',  ( 0.000000000000000000, 0.000000000000000000, 1.000000000000000000 ) ) ;
#1906 = ORIENTED_EDGE ( 'NONE', *, *, #4558, .T. ) ;
#1907 = VECTOR ( 'NONE', #3771, 1000.000000000000000 ) ;
#1908 = LINE ( 'NONE', #5213, #510 ) ;
#1909 = DIRECTION ( 'NONE',  ( 0.000000000000000000, 0.000000000000000000, 1.000000000000000000 ) ) ;
#1910 = DIRECTION ( 'NONE',  ( 1.000000000000000000, -0.000000000000000000, -1.931325469920844706E-15 ) ) ;
#1911 = DIRECTION ( 'NONE',  ( 0.000000000000000000, 1.000000000000000000, 0.000000000000000000 ) ) ;
#1912 = EDGE_LOOP ( 'NONE', ( #5150, #2207 ) ) ;
#1913 = VECTOR ( 'NONE', #5866, 999.9999999999998863 ) ;
#1914 = APPROVAL_ROLE ( '' ) ;
#1915 = ADVANCED_FACE ( 'NONE', ( #6843, #2947 ), #6369, .T. ) ;
#1916 = ORIENTED_EDGE ( 'NONE', *, *, #4802, .F. ) ;
#1917 = VECTOR ( 'NONE', #4963, 1000.000000000000000 ) ;
#1918 = DIRECTION ( 'NONE',  ( 0.000000000000000000, 1.000000000000000000, 0.000000000000000000 ) ) ;
#1919 = CARTESIAN_POINT ( 'NONE',  ( -1.748699467804732066, 11.81153533338853201, -4.058171604046761693 ) ) ;
#1920 = CARTESIAN_POINT ( 'NONE',  ( -1.139244113541047598, 11.79388107705617550, -4.173372777035869952 ) ) ;
#1921 = AXIS2_PLACEMENT_3D ( 'NONE', #5914, #1918, #6970 ) ;
#1922 = AXIS2_PLACEMENT_3D ( 'NONE', #5446, #6569, #4208 ) ;
#1923 = ORIENTED_EDGE ( 'NONE', *, *, #3173, .T. ) ;
#1924 = ORIENTED_EDGE ( 'NONE', *, *, #2000, .T. ) ;
#1925 = VECTOR ( 'NONE', #1930, 1000.000000000000000 ) ;
#1926 = EDGE_CURVE ( 'NONE', #897, #3977, #3106, .T. ) ;
#1927 = EDGE_CURVE ( 'NONE', #2644, #6968, #5443, .T. ) ;
#1928 = FACE_BOUND ( 'NONE', #6895, .T. ) ;
#1929 = VECTOR ( 'NONE', #6309, 1000.000000000000000 ) ;
#1930 = DIRECTION ( 'NONE',  ( -0.000000000000000000, -1.000000000000000000, -0.000000000000000000 ) ) ;
#1931 = CIRCLE ( 'NONE', #5105, 1.000000000000000888 ) ;
#1932 = FACE_OUTER_BOUND ( 'NONE', #1197, .T. ) ;
#1933 = CARTESIAN_POINT ( 'NONE',  ( -7.000000000000008882, 46.55880831638478412, -3.499999999999998224 ) ) ;
#1934 = DIRECTION ( 'NONE',  ( 1.858632295689429200E-16, -0.8660254037844395958, 0.4999999999999982792 ) ) ;
#1935 = CIRCLE ( 'NONE', #1354, 1.350000000000000533 ) ;
#1936 = AXIS2_PLACEMENT_3D ( 'NONE', #2641, #2564, #998 ) ;
#1937 = EDGE_LOOP ( 'NONE', ( #947, #1572, #2540, #4726 ) ) ;
#1938 = EDGE_CURVE ( 'NONE', #4299, #4544, #1320, .T. ) ;
#1939 = CARTESIAN_POINT ( 'NONE',  ( -11.50000000000000000, 12.00000000000000000, -12.89999999999999858 ) ) ;
#1940 = ORIENTED_EDGE ( 'NONE', *, *, #5469, .T. ) ;
#1941 = DIRECTION ( 'NONE',  ( 0.000000000000000000, 0.000000000000000000, -1.000000000000000000 ) ) ;
#1942 = AXIS2_PLACEMENT_3D ( 'NONE', #3185, #4209, #873 ) ;
#1943 = CYLINDRICAL_SURFACE ( 'NONE', #4301, 2.500000000000000444 ) ;
#1944 = CARTESIAN_POINT ( 'NONE',  ( -5.988024155627583056, 41.96394968403630799, -3.683169831119813775 ) ) ;
#1945 = DIRECTION ( 'NONE',  ( 0.000000000000000000, 0.000000000000000000, 1.000000000000000000 ) ) ;
#1946 = EDGE_LOOP ( 'NONE', ( #4188, #3806 ) ) ;
#1947 = EDGE_CURVE ( 'NONE', #3718, #1659, #4155, .T. ) ;
#1948 = DIRECTION ( 'NONE',  ( 0.000000000000000000, 0.000000000000000000, 1.000000000000000000 ) ) ;
#1949 = AXIS2_PLACEMENT_3D ( 'NONE', #7236, #1562, #3812 ) ;
#1950 = ADVANCED_FACE ( 'NONE', ( #6588 ), #4338, .F. ) ;
#1951 = DIRECTION ( 'NONE',  ( 8.659560562354892183E-17, -0.7071067811865507924, 0.7071067811865441310 ) ) ;
#1952 = ORIENTED_EDGE ( 'NONE', *, *, #5833, .T. ) ;
#1953 = EDGE_LOOP ( 'NONE', ( #4843, #470 ) ) ;
#1954 = CARTESIAN_POINT ( 'NONE',  ( 11.99999999999999822, 77.38675134594814153, 15.00000000000001243 ) ) ;
#1955 =( BOUNDED_SURFACE ( )  B_SPLINE_SURFACE ( 3, 2, ( 
 ( #5546, #3849, #1642 ),
 ( #544, #2672, #3295 ),
 ( #3219, #5019, #4866 ),
 ( #6567, #2150, #6070 ),
 ( #2784, #4907, #2627 ),
 ( #7233, #2735, #7114 ),
 ( #4944, #5515, #2230 ),
 ( #3073, #2109, #2707 ),
 ( #4384, #7148, #1061 ),
 ( #1525, #6399, #7189 ),
 ( #3260, #6610, #3885 ),
 ( #4352, #1559, #6099 ),
 ( #1388, #2074, #3627 ),
 ( #5846, #835, #7078 ),
 ( #5297, #395, #4320 ),
 ( #6537, #5986, #6277 ) ),
 .UNSPECIFIED., .F., .F., .F. ) 
 B_SPLINE_SURFACE_WITH_KNOTS ( ( 4, 2, 2, 2, 2, 2, 2, 4 ),
 ( 3, 3 ),
 ( 0.006566299055668843934, 0.006967791393473971376, 0.007369283731279099685, 0.008172268406889355435, 0.008573760744694482877, 0.008975253082499610319, 0.009376745420304737760, 0.009778237758109866937 ),
 ( 0.000000000000000000, 1.000000000000000000 ),
 .UNSPECIFIED. ) 
 GEOMETRIC_REPRESENTATION_ITEM ( )  RATIONAL_B_SPLINE_SURFACE ( (
 ( 1.000000000000000000, 0.8844535400551745141, 1.000000000000000000),
 ( 1.000000000000000000, 0.8844495690727660620, 1.000000000000000000),
 ( 1.000000000000000000, 0.8820988732283900902, 1.000000000000000000),
 ( 1.000000000000000000, 0.8731843138383648117, 1.000000000000000000),
 ( 1.000000000000000000, 0.8665113079901087811, 1.000000000000000000),
 ( 1.000000000000000000, 0.8419076503946578693, 1.000000000000000000),
 ( 1.000000000000000000, 0.8188490915760839872, 1.000000000000000000),
 ( 1.000000000000000000, 0.7831590001527143352, 1.000000000000000000),
 ( 1.000000000000000000, 0.7709089032741377467, 1.000000000000000000),
 ( 1.000000000000000000, 0.7481808310210106283, 1.000000000000000000),
 ( 1.000000000000000000, 0.7377523773492983272, 1.000000000000000000),
 ( 1.000000000000000000, 0.7205154425587404488, 1.000000000000000000),
 ( 1.000000000000000000, 0.7137061235429044137, 1.000000000000000000),
 ( 1.000000000000000000, 0.7061091050554615389, 1.000000000000000000),
 ( 1.000000000000000000, 0.7051816850030530048, 1.000000000000000000),
 ( 1.000000000000000000, 0.7074024206503256584, 1.000000000000000000) ) ) 
 REPRESENTATION_ITEM ( '' )  SURFACE ( )  );
#1956 = CARTESIAN_POINT ( 'NONE',  ( 9.499999999999998224, 73.05662432702591502, 12.49999999999998401 ) ) ;
#1957 = CARTESIAN_POINT ( 'NONE',  ( 11.50000000000000000, 10.20000000000000107, 14.50000000000000000 ) ) ;
#1958 = VERTEX_POINT ( 'NONE', #1005 ) ;
#1959 = AXIS2_PLACEMENT_3D ( 'NONE', #6127, #2731, #4378 ) ;
#1960 = CARTESIAN_POINT ( 'NONE',  ( 15.00000000000000355, 70.50000000000000000, -5.500000000000005329 ) ) ;
#1961 = SHAPE_DEFINITION_REPRESENTATION ( #2280, #1735 ) ;
#1962 = CIRCLE ( 'NONE', #4555, 1.000000000000000000 ) ;
#1963 = ORIENTED_EDGE ( 'NONE', *, *, #2072, .T. ) ;
#1964 = CARTESIAN_POINT ( 'NONE',  ( -5.000000000000007994, 77.00000000000000000, -5.499999999999999112 ) ) ;
#1965 = EDGE_LOOP ( 'NONE', ( #6140, #4873, #6653 ) ) ;
#1966 = CARTESIAN_POINT ( 'NONE',  ( 1.748797143154492417, 11.81154566303624875, -4.058141475494744022 ) ) ;
#1967 = DIRECTION ( 'NONE',  ( 0.000000000000000000, 0.000000000000000000, -1.000000000000000000 ) ) ;
#1968 = VECTOR ( 'NONE', #4273, 1000.000000000000000 ) ;
#1969 = ORIENTED_EDGE ( 'NONE', *, *, #6357, .F. ) ;
#1970 = CARTESIAN_POINT ( 'NONE',  ( 16.00000000000000000, 18.49999999999999645, -5.500000000000005329 ) ) ;
#1971 = CARTESIAN_POINT ( 'NONE',  ( -5.343663159326302647, 40.92853398806013843, -4.441423480163824600 ) ) ;
#1972 = DIRECTION ( 'NONE',  ( 0.5645161290322593395, -0.8254220375434820900, 0.000000000000000000 ) ) ;
#1973 = CYLINDRICAL_SURFACE ( 'NONE', #6868, 1.000000000000000888 ) ;
#1974 = EDGE_LOOP ( 'NONE', ( #1326, #4812 ) ) ;
#1975 = EDGE_CURVE ( 'NONE', #6804, #2504, #7015, .T. ) ;
#1976 = EDGE_CURVE ( 'NONE', #1542, #378, #3239, .T. ) ;
#1977 = VERTEX_POINT ( 'NONE', #2010 ) ;
#1978 = FACE_OUTER_BOUND ( 'NONE', #2596, .T. ) ;
#1979 = ORIENTED_EDGE ( 'NONE', *, *, #5037, .T. ) ;
#1980 = FACE_OUTER_BOUND ( 'NONE', #686, .T. ) ;
#1981 = CARTESIAN_POINT ( 'NONE',  ( -5.500405984328654796, 40.99016876058182390, -4.368252305843729033 ) ) ;
#1982 = FACE_OUTER_BOUND ( 'NONE', #1519, .T. ) ;
#1983 = ORIENTED_EDGE ( 'NONE', *, *, #6863, .F. ) ;
#1984 = DIRECTION ( 'NONE',  ( 0.000000000000000000, 0.000000000000000000, 1.000000000000000000 ) ) ;
#1985 = EDGE_CURVE ( 'NONE', #4759, #5487, #6519, .T. ) ;
#1986 = DIRECTION ( 'NONE',  ( 0.000000000000000000, 0.8660254037844382635, -0.5000000000000006661 ) ) ;
#1987 = ORIENTED_EDGE ( 'NONE', *, *, #4734, .T. ) ;
#1988 = AXIS2_PLACEMENT_3D ( 'NONE', #6812, #2436, #6883 ) ;
#1989 = LINE ( 'NONE', #3536, #1231 ) ;
#1990 = CARTESIAN_POINT ( 'NONE',  ( 9.499999999999996447, 74.74126182077836233, 17.50000000000000355 ) ) ;
#1991 = CARTESIAN_POINT ( 'NONE',  ( -11.00000000000000355, 74.50000000000000000, -11.49999999999999822 ) ) ;
#1992 = ORIENTED_EDGE ( 'NONE', *, *, #4636, .T. ) ;
#1993 = FACE_OUTER_BOUND ( 'NONE', #3102, .T. ) ;
#1994 = ADVANCED_FACE ( 'NONE', ( #3751, #2130 ), #7169, .F. ) ;
#1995 = COORDINATED_UNIVERSAL_TIME_OFFSET ( 8, 0, .AHEAD. ) ;
#1996 = ORIENTED_EDGE ( 'NONE', *, *, #3396, .T. ) ;
#1997 = FACE_OUTER_BOUND ( 'NONE', #5394, .T. ) ;
#1998 = DIRECTION ( 'NONE',  ( -0.000000000000000000, 3.154042683594192162E-16, 1.000000000000000000 ) ) ;
#1999 = CARTESIAN_POINT ( 'NONE',  ( 1.139035848520318916, 11.79387515290001254, -4.173419279526356718 ) ) ;
#2000 = EDGE_CURVE ( 'NONE', #2162, #3567, #5553, .T. ) ;
#2001 = ORIENTED_EDGE ( 'NONE', *, *, #2525, .F. ) ;
#2002 = ORIENTED_EDGE ( 'NONE', *, *, #7166, .T. ) ;
#2003 = CARTESIAN_POINT ( 'NONE',  ( -13.00000000000000355, 13.00000000000000178, -1.500000000000001332 ) ) ;
#2004 = CARTESIAN_POINT ( 'NONE',  ( 11.50000000000000000, -0.0009999999999992653654, -17.00000000000000000 ) ) ;
#2005 = DIRECTION ( 'NONE',  ( 0.8660254037844390407, -0.4999999999999992228, 0.000000000000000000 ) ) ;
#2006 = DIRECTION ( 'NONE',  ( -1.000000000000000000, 0.000000000000000000, 0.000000000000000000 ) ) ;
#2007 = EDGE_LOOP ( 'NONE', ( #1048, #1521, #3354, #6313, #1547, #230, #5312 ) ) ;
#2008 = DIRECTION ( 'NONE',  ( -1.000000000000000000, 0.000000000000000000, -0.000000000000000000 ) ) ;
#2009 = ORIENTED_EDGE ( 'NONE', *, *, #350, .F. ) ;
#2010 = CARTESIAN_POINT ( 'NONE',  ( -11.50000000000000000, 10.20000000000000107, 12.00000000000000000 ) ) ;
#2011 = DIRECTION ( 'NONE',  ( 3.717264591378872697E-16, 0.000000000000000000, 1.000000000000000000 ) ) ;
#2012 = CARTESIAN_POINT ( 'NONE',  ( -6.000000000000008882, 77.00000000000000000, -4.499999999999999112 ) ) ;
#2013 = DIRECTION ( 'NONE',  ( 0.000000000000000000, 1.000000000000000000, 0.000000000000000000 ) ) ;
#2014 = ORIENTED_EDGE ( 'NONE', *, *, #2387, .F. ) ;
#2015 = DIRECTION ( 'NONE',  ( 0.000000000000000000, 0.000000000000000000, 1.000000000000000000 ) ) ;
#2016 = ORIENTED_EDGE ( 'NONE', *, *, #1008, .T. ) ;
#2017 = EDGE_CURVE ( 'NONE', #1066, #3274, #3278, .T. ) ;
#2018 = DIRECTION ( 'NONE',  ( 0.000000000000000000, 0.000000000000000000, -1.000000000000000000 ) ) ;
#2019 = VECTOR ( 'NONE', #5791, 1000.000000000000000 ) ;
#2020 = ADVANCED_FACE ( 'NONE', ( #2170 ), #1470, .T. ) ;
#2021 = ADVANCED_FACE ( 'NONE', ( #1579 ), #2051, .T. ) ;
#2022 = CARTESIAN_POINT ( 'NONE',  ( -7.000000000000001776, 78.00000000000000000, 14.99999999999999645 ) ) ;
#2023 = CARTESIAN_POINT ( 'NONE',  ( -8.000000000000003553, 40.99999999999999289, -7.100000000000003197 ) ) ;
#2024 = DIRECTION ( 'NONE',  ( 0.000000000000000000, 1.000000000000000000, 0.000000000000000000 ) ) ;
#2025 = ORIENTED_EDGE ( 'NONE', *, *, #4454, .F. ) ;
#2026 = CARTESIAN_POINT ( 'NONE',  ( 12.00000000000000000, 13.99999999999999289, -9.443375672974061885 ) ) ;
#2027 = ORIENTED_EDGE ( 'NONE', *, *, #5833, .F. ) ;
#2028 = VECTOR ( 'NONE', #5201, 1000.000000000000000 ) ;
#2029 = PERSON_AND_ORGANIZATION_ROLE ( 'creator' ) ;
#2030 = CARTESIAN_POINT ( 'NONE',  ( 0.000000000000000000, 61.00000000000000000, 17.49999999999999645 ) ) ;
#2031 = EDGE_CURVE ( 'NONE', #1659, #3599, #649, .T. ) ;
#2032 = CARTESIAN_POINT ( 'NONE',  ( -5.000000000000008882, 12.99999999999999822, -4.499999999999999112 ) ) ;
#2033 = AXIS2_PLACEMENT_3D ( 'NONE', #5736, #3445, #803 ) ;
#2034 = CYLINDRICAL_SURFACE ( 'NONE', #5678, 3.499999999999999556 ) ;
#2035 = CARTESIAN_POINT ( 'NONE',  ( 3.570714214271424325, 12.00000000000000000, -3.500000000000001332 ) ) ;
#2036 = ORIENTED_EDGE ( 'NONE', *, *, #3249, .F. ) ;
#2037 = ORIENTED_EDGE ( 'NONE', *, *, #282, .F. ) ;
#2038 = AXIS2_PLACEMENT_3D ( 'NONE', #6673, #3981, #5579 ) ;
#2039 = ADVANCED_FACE ( 'NONE', ( #4884 ), #7098, .F. ) ;
#2040 = CARTESIAN_POINT ( 'NONE',  ( -7.000000000000007994, 30.50000000000000355, -0.5000000000000022204 ) ) ;
#2041 = LINE ( 'NONE', #2526, #4395 ) ;
#2042 = VECTOR ( 'NONE', #405, 1000.000000000000000 ) ;
#2043 = AXIS2_PLACEMENT_3D ( 'NONE', #5889, #5968, #375 ) ;
#2044 = DIRECTION ( 'NONE',  ( 0.000000000000000000, 1.000000000000000000, 0.000000000000000000 ) ) ;
#2045 = DIRECTION ( 'NONE',  ( 0.000000000000000000, 0.000000000000000000, -1.000000000000000000 ) ) ;
#2046 = ORIENTED_EDGE ( 'NONE', *, *, #3358, .T. ) ;
#2047 = CIRCLE ( 'NONE', #3460, 3.099999999999997868 ) ;
#2048 = VECTOR ( 'NONE', #6464, 1000.000000000000000 ) ;
#2049 = FACE_OUTER_BOUND ( 'NONE', #6512, .T. ) ;
#2050 = VERTEX_POINT ( 'NONE', #494 ) ;
#2051 = CYLINDRICAL_SURFACE ( 'NONE', #5776, 1.000000000000000000 ) ;
#2052 = DIRECTION ( 'NONE',  ( -0.9000000000000002442, 0.000000000000000000, -0.4358898943540670534 ) ) ;
#2053 = DIRECTION ( 'NONE',  ( -1.000000000000000000, -0.000000000000000000, 3.717264591378872697E-16 ) ) ;
#2054 = CARTESIAN_POINT ( 'NONE',  ( 9.499999999999998224, 70.50000000000000000, 12.49999999999998934 ) ) ;
#2055 = TOROIDAL_SURFACE ( 'NONE', #6154, 5.000000000000000000, 1.000000000000000000 ) ;
#2056 = AXIS2_PLACEMENT_3D ( 'NONE', #6137, #1676, #60 ) ;
#2057 = DIRECTION ( 'NONE',  ( 1.000000000000000000, -0.000000000000000000, -3.717264591378872204E-16 ) ) ;
#2058 = ORIENTED_EDGE ( 'NONE', *, *, #507, .T. ) ;
#2059 = VERTEX_POINT ( 'NONE', #3128 ) ;
#2060 = AXIS2_PLACEMENT_3D ( 'NONE', #5719, #4079, #6197 ) ;
#2061 = CARTESIAN_POINT ( 'NONE',  ( 9.000000000000000000, -0.0009999999999992653654, -3.000000000000001332 ) ) ;
#2062 = ORIENTED_EDGE ( 'NONE', *, *, #4341, .T. ) ;
#2063 = CARTESIAN_POINT ( 'NONE',  ( 8.324999999999990408, 35.30199819143152951, -6.299999999999999822 ) ) ;
#2064 = DIRECTION ( 'NONE',  ( 0.000000000000000000, 0.000000000000000000, 1.000000000000000000 ) ) ;
#2065 = FACE_OUTER_BOUND ( 'NONE', #5240, .T. ) ;
#2066 = EDGE_LOOP ( 'NONE', ( #408, #245, #4902 ) ) ;
#2067 = CARTESIAN_POINT ( 'NONE',  ( 4.174999999999997158, 14.30199819143152595, -6.299999999999999822 ) ) ;
#2068 = ORIENTED_EDGE ( 'NONE', *, *, #726, .F. ) ;
#2069 = CIRCLE ( 'NONE', #561, 0.9999999999999991118 ) ;
#2070 = VERTEX_POINT ( 'NONE', #4406 ) ;
#2071 = ADVANCED_FACE ( 'NONE', ( #1427 ), #3670, .F. ) ;
#2072 = EDGE_CURVE ( 'NONE', #6804, #4564, #6361, .T. ) ;
#2073 = DIRECTION ( 'NONE',  ( 0.000000000000000000, 0.000000000000000000, -1.000000000000000000 ) ) ;
#2074 = CARTESIAN_POINT ( 'NONE',  ( -5.176290218929177733, 46.11286544975849466, -4.487194355168782955 ) ) ;
#2075 = CIRCLE ( 'NONE', #448, 1.749999999999998002 ) ;
#2076 = DIRECTION ( 'NONE',  ( 0.000000000000000000, -0.000000000000000000, 1.000000000000000000 ) ) ;
#2077 = DIRECTION ( 'NONE',  ( -4.336808689942013792E-16, 0.000000000000000000, -1.000000000000000000 ) ) ;
#2078 = FACE_OUTER_BOUND ( 'NONE', #3824, .T. ) ;
#2079 = EDGE_CURVE ( 'NONE', #5912, #3274, #538, .T. ) ;
#2080 = ORIENTED_EDGE ( 'NONE', *, *, #793, .F. ) ;
#2081 = VECTOR ( 'NONE', #6335, 1000.000000000000000 ) ;
#2082 = DIRECTION ( 'NONE',  ( 0.000000000000000000, 0.000000000000000000, 1.000000000000000000 ) ) ;
#2083 = DIRECTION ( 'NONE',  ( 0.8660254037844390407, -0.4999999999999992228, 0.000000000000000000 ) ) ;
#2084 = CIRCLE ( 'NONE', #1496, 1.000000000000000000 ) ;
#2085 = DIRECTION ( 'NONE',  ( 0.000000000000000000, -1.000000000000000000, 0.000000000000000000 ) ) ;
#2086 = CARTESIAN_POINT ( 'NONE',  ( -11.00000000000000355, 0.000000000000000000, -1.500000000000002220 ) ) ;
#2087 = ORIENTED_EDGE ( 'NONE', *, *, #4506, .F. ) ;
#2088 = EDGE_CURVE ( 'NONE', #3718, #531, #3166, .T. ) ;
#2089 = ORIENTED_EDGE ( 'NONE', *, *, #3338, .F. ) ;
#2090 = CARTESIAN_POINT ( 'NONE',  ( 11.99999999999999822, 77.38675134594814153, 15.00000000000000888 ) ) ;
#2091 = ORIENTED_EDGE ( 'NONE', *, *, #2897, .T. ) ;
#2092 = DIRECTION ( 'NONE',  ( 1.000000000000000000, 0.000000000000000000, 0.000000000000000000 ) ) ;
#2093 = ORIENTED_EDGE ( 'NONE', *, *, #1488, .F. ) ;
#2094 = CARTESIAN_POINT ( 'NONE',  ( 14.99999999999999645, 20.49999999999999645, -5.500000000000005329 ) ) ;
#2095 = DIRECTION ( 'NONE',  ( 0.000000000000000000, 0.000000000000000000, 1.000000000000000000 ) ) ;
#2096 = FACE_OUTER_BOUND ( 'NONE', #1690, .T. ) ;
#2097 = ORIENTED_EDGE ( 'NONE', *, *, #3016, .F. ) ;
#2098 = DIRECTION ( 'NONE',  ( 0.000000000000000000, 0.000000000000000000, 1.000000000000000000 ) ) ;
#2099 = ORIENTED_EDGE ( 'NONE', *, *, #6475, .T. ) ;
#2100 = LINE ( 'NONE', #6598, #3343 ) ;
#2101 = CARTESIAN_POINT ( 'NONE',  ( -6.250000000000002665, 15.50000000000000000, -8.500000000000000000 ) ) ;
#2102 = EDGE_LOOP ( 'NONE', ( #3374, #5053, #1143, #2329 ) ) ;
#2103 = LINE ( 'NONE', #4492, #1037 ) ;
#2104 = ORIENTED_EDGE ( 'NONE', *, *, #3507, .T. ) ;
#2105 = CARTESIAN_POINT ( 'NONE',  ( -11.08416520345910428, 59.99678003579153085, 9.499999999999998224 ) ) ;
#2106 = ORIENTED_EDGE ( 'NONE', *, *, #3057, .T. ) ;
#2107 = AXIS2_PLACEMENT_3D ( 'NONE', #641, #3501, #6269 ) ;
#2108 = ORIENTED_EDGE ( 'NONE', *, *, #1816, .F. ) ;
#2109 = CARTESIAN_POINT ( 'NONE',  ( -5.498416442383589953, 46.14652281310841886, -4.395508723579348853 ) ) ;
#2110 = CARTESIAN_POINT ( 'NONE',  ( -6.000000000000002665, 70.50000000000000000, 11.49999999999999467 ) ) ;
#2111 = CC_DESIGN_DATE_AND_TIME_ASSIGNMENT ( #3030, #3582, ( #4050 ) ) ;
#2112 = EDGE_CURVE ( 'NONE', #5084, #4814, #1577, .T. ) ;
#2113 = CARTESIAN_POINT ( 'NONE',  ( 4.174999999999997158, 14.30199819143152595, -6.299999999999999822 ) ) ;
#2114 = CYLINDRICAL_SURFACE ( 'NONE', #1949, 1.000000000000000000 ) ;
#2115 = VERTEX_POINT ( 'NONE', #6160 ) ;
#2116 = ORIENTED_EDGE ( 'NONE', *, *, #750, .T. ) ;
#2117 = ORIENTED_EDGE ( 'NONE', *, *, #1139, .F. ) ;
#2118 = VERTEX_POINT ( 'NONE', #5634 ) ;
#2119 = CARTESIAN_POINT ( 'NONE',  ( -10.00000000000000355, 61.04999999999999005, -9.949999999999997513 ) ) ;
#2120 = ADVANCED_FACE ( 'NONE', ( #5034 ), #6083, .F. ) ;
#2121 = ADVANCED_FACE ( 'NONE', ( #2909 ), #657, .T. ) ;
#2122 = CARTESIAN_POINT ( 'NONE',  ( -5.139729124888992473, 40.89707130968447757, -4.492691474946416186 ) ) ;
#2123 = CARTESIAN_POINT ( 'NONE',  ( -6.000000000000007994, 12.99999999999999822, -1.500000000000002665 ) ) ;
#2124 = CARTESIAN_POINT ( 'NONE',  ( 0.000000000000000000, 0.5000000000000004441, 0.000000000000000000 ) ) ;
#2125 = ORIENTED_EDGE ( 'NONE', *, *, #3880, .T. ) ;
#2126 = VERTEX_POINT ( 'NONE', #3004 ) ;
#2127 = FACE_OUTER_BOUND ( 'NONE', #6460, .T. ) ;
#2128 = VERTEX_POINT ( 'NONE', #218 ) ;
#2129 = EDGE_CURVE ( 'NONE', #6422, #4037, #4652, .T. ) ;
#2130 = FACE_OUTER_BOUND ( 'NONE', #6961, .T. ) ;
#2131 = DIRECTION ( 'NONE',  ( 0.000000000000000000, 0.000000000000000000, 1.000000000000000000 ) ) ;
#2132 = FACE_OUTER_BOUND ( 'NONE', #419, .T. ) ;
#2133 = CARTESIAN_POINT ( 'NONE',  ( -12.00000000000000533, 63.23081030938330827, 10.25923000077165348 ) ) ;
#2134 = ORIENTED_EDGE ( 'NONE', *, *, #4212, .T. ) ;
#2135 = ORIENTED_EDGE ( 'NONE', *, *, #7060, .F. ) ;
#2136 = CARTESIAN_POINT ( 'NONE',  ( -11.50000000000000355, 66.54999999999999716, -8.699999999999999289 ) ) ;
#2137 = ORIENTED_EDGE ( 'NONE', *, *, #5237, .T. ) ;
#2138 = EDGE_CURVE ( 'NONE', #4074, #2059, #1313, .T. ) ;
#2139 = DIRECTION ( 'NONE',  ( -2.569960705150821059E-15, 0.000000000000000000, -1.000000000000000000 ) ) ;
#2140 = DIRECTION ( 'NONE',  ( -0.000000000000000000, 1.000000000000000000, -0.000000000000000000 ) ) ;
#2141 = VERTEX_POINT ( 'NONE', #4139 ) ;
#2142 = CARTESIAN_POINT ( 'NONE',  ( 16.00000000000000000, 71.50000000000000000, -10.50000000000000178 ) ) ;
#2143 = ORIENTED_EDGE ( 'NONE', *, *, #3396, .F. ) ;
#2144 = CARTESIAN_POINT ( 'NONE',  ( 16.00000000000000000, 19.49999999999999645, 26.00100000000000477 ) ) ;
#2145 = EDGE_LOOP ( 'NONE', ( #7232, #2882, #7220, #4200, #5324, #2353, #4109, #3658, #6436, #3282 ) ) ;
#2146 = B_SPLINE_CURVE_WITH_KNOTS ( 'NONE', 3,
 ( #788, #3140, #4158, #2399, #822, #3024, #5830, #4634, #6419, #200 ),
 .UNSPECIFIED., .F., .F.,
 ( 4, 2, 2, 2, 4 ),
 ( -1.203018394396080675E-05, 0.001000383851535545723, 0.002012797887015071834, 0.003025211922494598377, 0.004037625957974124921 ),
 .UNSPECIFIED. ) ;
#2147 = AXIS2_PLACEMENT_3D ( 'NONE', #3945, #2875, #6123 ) ;
#2148 = EDGE_LOOP ( 'NONE', ( #994, #6209, #276, #2924 ) ) ;
#2149 = ORIENTED_EDGE ( 'NONE', *, *, #6583, .T. ) ;
#2150 = CARTESIAN_POINT ( 'NONE',  ( -5.943186393473849805, 46.05269252426514726, -3.856144401284458567 ) ) ;
#2151 = DIRECTION ( 'NONE',  ( -0.000000000000000000, -1.000000000000000000, -0.000000000000000000 ) ) ;
#2152 = CYLINDRICAL_SURFACE ( 'NONE', #898, 1.899999999999999689 ) ;
#2153 = DIRECTION ( 'NONE',  ( -1.000000000000000000, -0.000000000000000000, -0.000000000000000000 ) ) ;
#2154 = ORIENTED_EDGE ( 'NONE', *, *, #6095, .F. ) ;
#2155 = ORIENTED_EDGE ( 'NONE', *, *, #3035, .T. ) ;
#2156 = VECTOR ( 'NONE', #988, 1000.000000000000000 ) ;
#2157 = DIRECTION ( 'NONE',  ( -1.000000000000000000, -0.000000000000000000, -0.000000000000000000 ) ) ;
#2158 = CARTESIAN_POINT ( 'NONE',  ( -7.000000000000000000, 60.00000000000000000, 18.49999999999999289 ) ) ;
#2159 = ADVANCED_FACE ( 'NONE', ( #2967, #768 ), #1788, .F. ) ;
#2160 = FACE_OUTER_BOUND ( 'NONE', #5923, .T. ) ;
#2161 = AXIS2_PLACEMENT_3D ( 'NONE', #5977, #4376, #4894 ) ;
#2162 = VERTEX_POINT ( 'NONE', #4684 ) ;
#2163 = EDGE_CURVE ( 'NONE', #603, #79, #4032, .T. ) ;
#2164 = EDGE_CURVE ( 'NONE', #5684, #76, #5668, .T. ) ;
#2165 = VERTEX_POINT ( 'NONE', #4106 ) ;
#2166 = CARTESIAN_POINT ( 'NONE',  ( 9.000000000000000000, -0.0009999999999992653654, 0.000000000000000000 ) ) ;
#2167 = AXIS2_PLACEMENT_3D ( 'NONE', #5770, #4765, #3594 ) ;
#2168 = AXIS2_PLACEMENT_3D ( 'NONE', #342, #4368, #414 ) ;
#2169 = ORIENTED_EDGE ( 'NONE', *, *, #1850, .F. ) ;
#2170 = FACE_OUTER_BOUND ( 'NONE', #2212, .T. ) ;
#2171 = CARTESIAN_POINT ( 'NONE',  ( -12.00000000000000355, 40.99999999999999289, -9.000000000000003553 ) ) ;
#2172 = DIRECTION ( 'NONE',  ( 0.000000000000000000, 0.000000000000000000, 1.000000000000000000 ) ) ;
#2173 = DIRECTION ( 'NONE',  ( 0.000000000000000000, 1.000000000000000000, 0.000000000000000000 ) ) ;
#2174 = EDGE_LOOP ( 'NONE', ( #1617, #5793, #5429, #4470 ) ) ;
#2175 = VECTOR ( 'NONE', #4100, 1000.000000000000000 ) ;
#2176 = CIRCLE ( 'NONE', #4162, 1.000000000000000888 ) ;
#2177 = ADVANCED_FACE ( 'NONE', ( #6324 ), #3552, .T. ) ;
#2178 = DIRECTION ( 'NONE',  ( -2.569960705150821059E-15, 0.000000000000000000, -1.000000000000000000 ) ) ;
#2179 = AXIS2_PLACEMENT_3D ( 'NONE', #3644, #1368, #1948 ) ;
#2180 = DIRECTION ( 'NONE',  ( 0.000000000000000000, 1.000000000000000000, 0.000000000000000000 ) ) ;
#2181 = VECTOR ( 'NONE', #1643, 1000.000000000000000 ) ;
#2182 = DIRECTION ( 'NONE',  ( -3.717264591378872697E-16, 0.000000000000000000, -1.000000000000000000 ) ) ;
#2183 = ORIENTED_EDGE ( 'NONE', *, *, #6513, .T. ) ;
#2184 = AXIS2_PLACEMENT_3D ( 'NONE', #935, #4304, #5970 ) ;
#2185 = DIRECTION ( 'NONE',  ( 0.000000000000000000, 1.000000000000000000, 0.000000000000000000 ) ) ;
#2186 = VERTEX_POINT ( 'NONE', #5811 ) ;
#2187 = DIRECTION ( 'NONE',  ( -0.000000000000000000, -0.000000000000000000, 1.000000000000000000 ) ) ;
#2188 = ADVANCED_FACE ( 'NONE', ( #804 ), #3454, .T. ) ;
#2189 = AXIS2_PLACEMENT_3D ( 'NONE', #6063, #1635, #3286 ) ;
#2190 = CIRCLE ( 'NONE', #7182, 0.9999999999999993339 ) ;
#2191 = EDGE_LOOP ( 'NONE', ( #167, #3205, #6572, #3924 ) ) ;
#2192 = VERTEX_POINT ( 'NONE', #6256 ) ;
#2193 = FACE_OUTER_BOUND ( 'NONE', #535, .T. ) ;
#2194 = CARTESIAN_POINT ( 'NONE',  ( 0.000000000000000000, 10.00000000000000178, 0.000000000000000000 ) ) ;
#2195 = DIRECTION ( 'NONE',  ( 0.000000000000000000, 0.000000000000000000, 1.000000000000000000 ) ) ;
#2196 = PLANE ( 'NONE',  #2426 ) ;
#2197 = EDGE_LOOP ( 'NONE', ( #2369, #2688, #6234, #258 ) ) ;
#2198 = ORIENTED_EDGE ( 'NONE', *, *, #2897, .F. ) ;
#2199 = CIRCLE ( 'NONE', #6280, 3.000000000000001332 ) ;
#2200 = FACE_OUTER_BOUND ( 'NONE', #4315, .T. ) ;
#2201 = DIRECTION ( 'NONE',  ( 0.000000000000000000, 0.000000000000000000, -1.000000000000000000 ) ) ;
#2202 = DIRECTION ( 'NONE',  ( -0.4358898943540669979, 0.000000000000000000, 0.9000000000000002442 ) ) ;
#2203 = LINE ( 'NONE', #1538, #3736 ) ;
#2204 = VECTOR ( 'NONE', #6811, 1000.000000000000000 ) ;
#2205 = ORIENTED_EDGE ( 'NONE', *, *, #2387, .T. ) ;
#2206 = ORIENTED_EDGE ( 'NONE', *, *, #4205, .T. ) ;
#2207 = ORIENTED_EDGE ( 'NONE', *, *, #3598, .F. ) ;
#2208 = CIRCLE ( 'NONE', #3614, 1.000000000000000000 ) ;
#2209 = CARTESIAN_POINT ( 'NONE',  ( 1.750000000000002442, 17.00000000000000000, -8.500000000000000000 ) ) ;
#2210 = VERTEX_POINT ( 'NONE', #3489 ) ;
#2211 = CARTESIAN_POINT ( 'NONE',  ( 1.606627703445817401, 11.00000001640816727, -3.666319133420974374 ) ) ;
#2212 = EDGE_LOOP ( 'NONE', ( #6050, #2149, #445, #1876 ) ) ;
#2213 = EDGE_CURVE ( 'NONE', #2636, #2671, #1459, .T. ) ;
#2214 = DIRECTION ( 'NONE',  ( 1.000000000000000000, 0.000000000000000000, -3.252606517456513302E-16 ) ) ;
#2215 = ADVANCED_FACE ( 'NONE', ( #1932 ), #4038, .T. ) ;
#2216 = DIRECTION ( 'NONE',  ( 1.000000000000000000, 0.000000000000000000, -4.336808689942017243E-16 ) ) ;
#2217 = CARTESIAN_POINT ( 'NONE',  ( -12.00000000000000533, 62.39923351108042482, 9.558298453403887507 ) ) ;
#2218 = ORIENTED_EDGE ( 'NONE', *, *, #3249, .T. ) ;
#2219 = ORIENTED_EDGE ( 'NONE', *, *, #410, .F. ) ;
#2220 = VECTOR ( 'NONE', #5667, 1000.000000000000000 ) ;
#2221 = ORIENTED_EDGE ( 'NONE', *, *, #1312, .T. ) ;
#2222 = CYLINDRICAL_SURFACE ( 'NONE', #2267, 1.350000000000002309 ) ;
#2223 = LINE ( 'NONE', #90, #3098 ) ;
#2224 = DIRECTION ( 'NONE',  ( -0.000000000000000000, 1.000000000000000000, -0.000000000000000000 ) ) ;
#2225 = EDGE_CURVE ( 'NONE', #3345, #2423, #2758, .T. ) ;
#2226 = CARTESIAN_POINT ( 'NONE',  ( -7.000000000000003553, 35.00000000000000000, 9.499999999999998224 ) ) ;
#2227 = FACE_OUTER_BOUND ( 'NONE', #4699, .T. ) ;
#2228 = EDGE_CURVE ( 'NONE', #4984, #2721, #1618, .T. ) ;
#2229 = FACE_BOUND ( 'NONE', #1974, .T. ) ;
#2230 = CARTESIAN_POINT ( 'NONE',  ( -5.796708277493194394, 46.80070181143565122, -4.117912895222201719 ) ) ;
#2231 = DIRECTION ( 'NONE',  ( 0.000000000000000000, 0.000000000000000000, -1.000000000000000000 ) ) ;
#2232 = CARTESIAN_POINT ( 'NONE',  ( -5.498258369566494608, 41.45702920309352635, -4.499999999999998224 ) ) ;
#2233 = EDGE_CURVE ( 'NONE', #3180, #2165, #1467, .T. ) ;
#2234 = FACE_OUTER_BOUND ( 'NONE', #6524, .T. ) ;
#2235 = ORIENTED_EDGE ( 'NONE', *, *, #2225, .T. ) ;
#2236 = ORIENTED_EDGE ( 'NONE', *, *, #2088, .T. ) ;
#2237 = VERTEX_POINT ( 'NONE', #1823 ) ;
#2238 = ORIENTED_EDGE ( 'NONE', *, *, #6048, .T. ) ;
#2239 = CARTESIAN_POINT ( 'NONE',  ( -11.00000000000000355, 77.00000000000000000, 0.000000000000000000 ) ) ;
#2240 = PLANE ( 'NONE',  #6376 ) ;
#2241 = EDGE_CURVE ( 'NONE', #305, #2644, #4069, .T. ) ;
#2242 = CARTESIAN_POINT ( 'NONE',  ( 12.00000000000000000, 71.61324865405185847, 14.99999999999999467 ) ) ;
#2243 = DIRECTION ( 'NONE',  ( -0.000000000000000000, -1.000000000000000000, -0.000000000000000000 ) ) ;
#2244 = EDGE_LOOP ( 'NONE', ( #4926, #112, #1351, #5778 ) ) ;
#2245 = ORIENTED_EDGE ( 'NONE', *, *, #736, .T. ) ;
#2246 =( BOUNDED_SURFACE ( )  B_SPLINE_SURFACE ( 3, 2, ( 
 ( #1307, #1340, #6246 ),
 ( #1276, #211, #1919 ),
 ( #690, #655, #3587 ),
 ( #5733, #1242, #6865 ),
 ( #721, #2959, #5187 ),
 ( #3545, #5805, #2347 ),
 ( #6320, #170, #5762 ),
 ( #2934, #2901, #5225 ),
 ( #2450, #4679, #109 ),
 ( #799, #3034, #5258 ),
 ( #5158, #6794, #1782 ),
 ( #4027, #3480, #1486 ),
 ( #361, #5952, #1966 ),
 ( #3734, #5408, #1450 ) ),
 .UNSPECIFIED., .F., .F., .T. ) 
 B_SPLINE_SURFACE_WITH_KNOTS ( ( 4, 2, 2, 2, 2, 2, 4 ),
 ( 3, 3 ),
 ( 1.860761978528246985E-16, 0.0004267028912151847619, 0.0008534057824301834747, 0.001706811564860180900, 0.002560217347290178434, 0.002986920238505177093, 0.003413623129720175751 ),
 ( 0.000000000000000000, 1.000000000000000000 ),
 .UNSPECIFIED. ) 
 GEOMETRIC_REPRESENTATION_ITEM ( )  RATIONAL_B_SPLINE_SURFACE ( (
 ( 1.000000000000000000, 0.8660254037844384856, 1.000000000000000000),
 ( 1.000000000000000000, 0.8825826387499838832, 1.000000000000000000),
 ( 1.000000000000000000, 0.8930965811291597944, 1.000000000000000000),
 ( 1.000000000000000000, 0.9101652745216948226, 1.000000000000000000),
 ( 1.000000000000000000, 0.9164467271392128245, 1.000000000000000000),
 ( 1.000000000000000000, 0.9311352700866665222, 1.000000000000000000),
 ( 1.000000000000000000, 0.9354060502325219906, 1.000000000000000000),
 ( 1.000000000000000000, 0.9354226203846370824, 1.000000000000000000),
 ( 1.000000000000000000, 0.9311515503510610081, 1.000000000000000000),
 ( 1.000000000000000000, 0.9164541884338492927, 1.000000000000000000),
 ( 1.000000000000000000, 0.9101683325100574651, 1.000000000000000000),
 ( 1.000000000000000000, 0.8930924806089503010, 1.000000000000000000),
 ( 1.000000000000000000, 0.8825747060152365764, 1.000000000000000000),
 ( 1.000000000000000000, 0.8660254037844389297, 1.000000000000000000) ) ) 
 REPRESENTATION_ITEM ( '' )  SURFACE ( )  );
#2247 = CARTESIAN_POINT ( 'NONE',  ( 4.175000000000000711, 37.69800180856846339, -4.500000000000000888 ) ) ;
#2248 = VERTEX_POINT ( 'NONE', #1034 ) ;
#2249 = CARTESIAN_POINT ( 'NONE',  ( -0.1752095190311948325, 11.82771921265711157, -4.279775375737671084 ) ) ;
#2250 = CARTESIAN_POINT ( 'NONE',  ( -6.420648878708282048, 42.25619410590429226, -3.842442499819014756 ) ) ;
#2251 = DIRECTION ( 'NONE',  ( -0.8660254037844389297, -0.4999999999999995004, 0.000000000000000000 ) ) ;
#2252 = ORIENTED_EDGE ( 'NONE', *, *, #5478, .F. ) ;
#2253 = EDGE_LOOP ( 'NONE', ( #1963, #1864, #1767 ) ) ;
#2254 = CYLINDRICAL_SURFACE ( 'NONE', #6458, 1.000000000000000888 ) ;
#2255 = DIRECTION ( 'NONE',  ( 0.000000000000000000, 0.000000000000000000, -1.000000000000000000 ) ) ;
#2256 = CARTESIAN_POINT ( 'NONE',  ( 9.000000000000000000, 11.19999999999999929, 0.000000000000000000 ) ) ;
#2257 = LINE ( 'NONE', #6017, #4770 ) ;
#2258 = ORIENTED_EDGE ( 'NONE', *, *, #5210, .F. ) ;
#2259 = FACE_OUTER_BOUND ( 'NONE', #6129, .T. ) ;
#2260 = ADVANCED_FACE ( 'NONE', ( #961 ), #997, .T. ) ;
#2261 = ADVANCED_FACE ( 'NONE', ( #3662, #4878 ), #452, .T. ) ;
#2262 = CARTESIAN_POINT ( 'NONE',  ( 0.000000000000000000, 9.000000000000001776, 0.000000000000000000 ) ) ;
#2263 = PLANE ( 'NONE',  #5764 ) ;
#2264 = DIRECTION ( 'NONE',  ( 0.000000000000000000, 1.000000000000000000, 0.000000000000000000 ) ) ;
#2265 = CARTESIAN_POINT ( 'NONE',  ( 1.937288419351400837, 11.83147941928308455, -3.999999999999984457 ) ) ;
#2266 = CARTESIAN_POINT ( 'NONE',  ( -6.000000000000008882, 77.00000000000000000, -4.499999999999999112 ) ) ;
#2267 = AXIS2_PLACEMENT_3D ( 'NONE', #6167, #5068, #2178 ) ;
#2268 = ADVANCED_FACE ( 'NONE', ( #4798 ), #6577, .F. ) ;
#2269 = DIRECTION ( 'NONE',  ( 0.9601097330974610600, 0.2796234976026194530, 1.526022504174754895E-15 ) ) ;
#2270 = AXIS2_PLACEMENT_3D ( 'NONE', #598, #3384, #4556 ) ;
#2271 = LINE ( 'NONE', #1208, #2646 ) ;
#2272 = DIRECTION ( 'NONE',  ( 0.000000000000000000, -1.000000000000000000, -0.000000000000000000 ) ) ;
#2273 = DIRECTION ( 'NONE',  ( 0.000000000000000000, 0.000000000000000000, 1.000000000000000000 ) ) ;
#2274 = CIRCLE ( 'NONE', #6352, 3.000000000000001332 ) ;
#2275 = ADVANCED_FACE ( 'NONE', ( #404 ), #4248, .T. ) ;
#2276 = ORIENTED_EDGE ( 'NONE', *, *, #2845, .F. ) ;
#2277 = FACE_OUTER_BOUND ( 'NONE', #3991, .T. ) ;
#2278 = VERTEX_POINT ( 'NONE', #2638 ) ;
#2279 = CARTESIAN_POINT ( 'NONE',  ( -1.378884211237326074, 11.85256539578110413, -4.206075391195208901 ) ) ;
#2280 = PRODUCT_DEFINITION_SHAPE ( 'NONE', 'NONE',  #272 ) ;
#2281 = CIRCLE ( 'NONE', #1453, 1.500000000000001332 ) ;
#2282 = DIRECTION ( 'NONE',  ( 0.000000000000000000, -0.000000000000000000, 1.000000000000000000 ) ) ;
#2283 = CARTESIAN_POINT ( 'NONE',  ( -6.000000000000008882, 12.99999999999999822, -3.499999999999998668 ) ) ;
#2284 = VERTEX_POINT ( 'NONE', #3228 ) ;
#2285 = EDGE_LOOP ( 'NONE', ( #981, #5348, #3054, #3015 ) ) ;
#2286 = AXIS2_PLACEMENT_3D ( 'NONE', #3060, #4783, #6995 ) ;
#2287 = SPHERICAL_SURFACE ( 'NONE', #152, 1.000000000000000000 ) ;
#2288 = CARTESIAN_POINT ( 'NONE',  ( 11.99999999999999822, 75.94337567297404235, 12.49999999999998401 ) ) ;
#2289 = DIRECTION ( 'NONE',  ( 0.000000000000000000, 0.000000000000000000, -1.000000000000000000 ) ) ;
#2290 = EDGE_CURVE ( 'NONE', #4420, #6853, #3816, .T. ) ;
#2291 = CARTESIAN_POINT ( 'NONE',  ( -1.325135988593393760E-15, 78.00000000000000000, -5.500000000000000888 ) ) ;
#2292 = VECTOR ( 'NONE', #1100, 1000.000000000000000 ) ;
#2293 = CIRCLE ( 'NONE', #1342, 4.500000000000000888 ) ;
#2294 = CARTESIAN_POINT ( 'NONE',  ( -11.50000000000000000, 12.00000000000000000, 16.10000000000000142 ) ) ;
#2295 = VECTOR ( 'NONE', #1534, 1000.000000000000000 ) ;
#2296 = VECTOR ( 'NONE', #3141, 1000.000000000000000 ) ;
#2297 = DIRECTION ( 'NONE',  ( 0.000000000000000000, 0.000000000000000000, 1.000000000000000000 ) ) ;
#2298 = ORIENTED_EDGE ( 'NONE', *, *, #4962, .T. ) ;
#2299 = CIRCLE ( 'NONE', #73, 1.000000000000000888 ) ;
#2300 = DIRECTION ( 'NONE',  ( 0.000000000000000000, 0.000000000000000000, 1.000000000000000000 ) ) ;
#2301 = DIRECTION ( 'NONE',  ( -0.000000000000000000, -0.000000000000000000, 1.000000000000000000 ) ) ;
#2302 = EDGE_CURVE ( 'NONE', #2162, #1977, #2041, .T. ) ;
#2303 = LINE ( 'NONE', #4947, #1355 ) ;
#2304 = FACE_BOUND ( 'NONE', #5056, .T. ) ;
#2305 = ADVANCED_FACE ( 'NONE', ( #3703 ), #6041, .F. ) ;
#2306 = EDGE_CURVE ( 'NONE', #2237, #862, #3271, .T. ) ;
#2307 = AXIS2_PLACEMENT_3D ( 'NONE', #467, #1054, #7179 ) ;
#2308 = AXIS2_PLACEMENT_3D ( 'NONE', #526, #3869, #2131 ) ;
#2309 = ORIENTED_EDGE ( 'NONE', *, *, #5037, .F. ) ;
#2310 = ORIENTED_EDGE ( 'NONE', *, *, #3349, .T. ) ;
#2311 = VECTOR ( 'NONE', #3070, 1000.000000000000000 ) ;
#2312 = CARTESIAN_POINT ( 'NONE',  ( 0.000000000000000000, 9.000000000000007105, 0.000000000000000000 ) ) ;
#2313 = VERTEX_POINT ( 'NONE', #4764 ) ;
#2314 = ORIENTED_EDGE ( 'NONE', *, *, #6120, .F. ) ;
#2315 = CARTESIAN_POINT ( 'NONE',  ( -5.000000000000007994, 45.96150452459330182, -4.499999999999999112 ) ) ;
#2316 = CARTESIAN_POINT ( 'NONE',  ( -5.000000000000008882, 12.00000000000000000, -3.499999999999999112 ) ) ;
#2317 = FACE_OUTER_BOUND ( 'NONE', #1439, .T. ) ;
#2318 = EDGE_CURVE ( 'NONE', #2467, #1322, #4284, .T. ) ;
#2319 = VECTOR ( 'NONE', #3028, 1000.000000000000000 ) ;
#2320 = EDGE_CURVE ( 'NONE', #2070, #3867, #3442, .T. ) ;
#2321 = EDGE_LOOP ( 'NONE', ( #7077, #6215, #5913, #1024 ) ) ;
#2322 = DIRECTION ( 'NONE',  ( -0.000000000000000000, -1.000000000000000000, -0.000000000000000000 ) ) ;
#2323 = CARTESIAN_POINT ( 'NONE',  ( 0.7479125644694131214, 11.08923988069062183, -3.932327344458343976 ) ) ;
#2324 = AXIS2_PLACEMENT_3D ( 'NONE', #6200, #194, #2367 ) ;
#2325 = CARTESIAN_POINT ( 'NONE',  ( -6.315549469700090235, 42.18905552958319305, -4.342551088371721768 ) ) ;
#2326 = DIRECTION ( 'NONE',  ( -0.000000000000000000, -0.000000000000000000, 1.000000000000000000 ) ) ;
#2327 = EDGE_CURVE ( 'NONE', #3884, #1161, #7125, .T. ) ;
#2328 = EDGE_LOOP ( 'NONE', ( #2001, #2087, #2977, #3067 ) ) ;
#2329 = ORIENTED_EDGE ( 'NONE', *, *, #2490, .T. ) ;
#2330 = ORIENTED_EDGE ( 'NONE', *, *, #1583, .F. ) ;
#2331 = CIRCLE ( 'NONE', #98, 1.000000000000000000 ) ;
#2332 = FACE_OUTER_BOUND ( 'NONE', #807, .T. ) ;
#2333 = FACE_OUTER_BOUND ( 'NONE', #3294, .T. ) ;
#2334 = DIRECTION ( 'NONE',  ( 0.000000000000000000, 1.000000000000000000, 0.000000000000000000 ) ) ;
#2335 = DIRECTION ( 'NONE',  ( 0.000000000000000000, 0.000000000000000000, -1.000000000000000000 ) ) ;
#2336 = CARTESIAN_POINT ( 'NONE',  ( -7.000000000000003553, 41.44119168361520167, 8.499999999999996447 ) ) ;
#2337 = VERTEX_POINT ( 'NONE', #5925 ) ;
#2338 = DIRECTION ( 'NONE',  ( 0.000000000000000000, 0.000000000000000000, -1.000000000000000000 ) ) ;
#2339 = FACE_OUTER_BOUND ( 'NONE', #6505, .T. ) ;
#2340 = CARTESIAN_POINT ( 'NONE',  ( 5.149999999999987921, 72.00000000000000000, -11.50000000000000178 ) ) ;
#2341 = LINE ( 'NONE', #716, #322 ) ;
#2342 = ORIENTED_EDGE ( 'NONE', *, *, #2964, .T. ) ;
#2343 = EDGE_CURVE ( 'NONE', #3599, #197, #7067, .T. ) ;
#2344 = EDGE_LOOP ( 'NONE', ( #481, #6039, #5403, #6378 ) ) ;
#2345 = EDGE_CURVE ( 'NONE', #4074, #5855, #1128, .T. ) ;
#2346 = FACE_OUTER_BOUND ( 'NONE', #2396, .T. ) ;
#2347 = CARTESIAN_POINT ( 'NONE',  ( -0.6206155262328015842, 11.79265048820330364, -4.233833995606110179 ) ) ;
#2348 = CARTESIAN_POINT ( 'NONE',  ( -7.000000000000003553, 78.00000000000000000, 8.499999999999996447 ) ) ;
#2349 = DIRECTION ( 'NONE',  ( 0.000000000000000000, 1.000000000000000000, 0.000000000000000000 ) ) ;
#2350 = EDGE_CURVE ( 'NONE', #4564, #1387, #3378, .T. ) ;
#2351 = EDGE_CURVE ( 'NONE', #5522, #4161, #4956, .T. ) ;
#2352 = AXIS2_PLACEMENT_3D ( 'NONE', #1838, #5147, #2921 ) ;
#2353 = ORIENTED_EDGE ( 'NONE', *, *, #3610, .T. ) ;
#2354 = CARTESIAN_POINT ( 'NONE',  ( -11.92039629671839052, 40.79164512238398288, -10.89142104403839895 ) ) ;
#2355 = ORIENTED_EDGE ( 'NONE', *, *, #645, .T. ) ;
#2356 = CARTESIAN_POINT ( 'NONE',  ( 1.743559577420800588, 11.00000000000000178, -3.599999999997805844 ) ) ;
#2357 = DIRECTION ( 'NONE',  ( -1.000000000000000000, 0.000000000000000000, 0.000000000000000000 ) ) ;
#2358 = DIRECTION ( 'NONE',  ( 0.000000000000000000, 0.000000000000000000, 1.000000000000000000 ) ) ;
#2359 = VERTEX_POINT ( 'NONE', #5599 ) ;
#2360 = VERTEX_POINT ( 'NONE', #3892 ) ;
#2361 = VERTEX_POINT ( 'NONE', #594 ) ;
#2362 = EDGE_CURVE ( 'NONE', #401, #4642, #3943, .T. ) ;
#2363 = CARTESIAN_POINT ( 'NONE',  ( -0.2499999999999993616, 35.00000000000000000, -8.500000000000000000 ) ) ;
#2364 = DIRECTION ( 'NONE',  ( -0.000000000000000000, 1.000000000000000000, 0.000000000000000000 ) ) ;
#2365 = DIRECTION ( 'NONE',  ( 0.000000000000000000, 0.000000000000000000, 1.000000000000000000 ) ) ;
#2366 = ORIENTED_EDGE ( 'NONE', *, *, #5332, .T. ) ;
#2367 = DIRECTION ( 'NONE',  ( 1.000000000000000000, 0.000000000000000000, -0.000000000000000000 ) ) ;
#2368 = CARTESIAN_POINT ( 'NONE',  ( 6.249999999999992895, 38.89600361713693388, -4.500000000000000888 ) ) ;
#2369 = ORIENTED_EDGE ( 'NONE', *, *, #233, .T. ) ;
#2370 = ADVANCED_FACE ( 'NONE', ( #1754 ), #2240, .F. ) ;
#2371 = DIRECTION ( 'NONE',  ( 0.000000000000000000, 0.000000000000000000, 1.000000000000000000 ) ) ;
#2372 = DIRECTION ( 'NONE',  ( 0.000000000000000000, 0.000000000000000000, -1.000000000000000000 ) ) ;
#2373 = DIRECTION ( 'NONE',  ( 0.000000000000000000, 0.000000000000000000, 1.000000000000000000 ) ) ;
#2374 = FACE_BOUND ( 'NONE', #843, .T. ) ;
#2375 = LINE ( 'NONE', #1780, #1011 ) ;
#2376 = DIRECTION ( 'NONE',  ( 0.000000000000000000, 0.000000000000000000, -1.000000000000000000 ) ) ;
#2377 = DIRECTION ( 'NONE',  ( 0.000000000000000000, -0.000000000000000000, 1.000000000000000000 ) ) ;
#2378 = DIRECTION ( 'NONE',  ( 1.334402673828313093E-16, 1.000000000000000000, -2.893524555870246131E-32 ) ) ;
#2379 = VECTOR ( 'NONE', #2469, 1000.000000000000000 ) ;
#2380 = ORIENTED_EDGE ( 'NONE', *, *, #5490, .T. ) ;
#2381 = DIRECTION ( 'NONE',  ( -0.000000000000000000, 1.000000000000000000, -0.000000000000000000 ) ) ;
#2382 = DIRECTION ( 'NONE',  ( -1.000000000000000000, 0.000000000000000000, 0.000000000000000000 ) ) ;
#2383 = CYLINDRICAL_SURFACE ( 'NONE', #6250, 1.350000000000004086 ) ;
#2384 = PLANE ( 'NONE',  #3971 ) ;
#2385 = VECTOR ( 'NONE', #1831, 1000.000000000000000 ) ;
#2386 = ADVANCED_FACE ( 'NONE', ( #3437 ), #6078, .F. ) ;
#2387 = EDGE_CURVE ( 'NONE', #983, #1646, #7161, .T. ) ;
#2388 = ORIENTED_EDGE ( 'NONE', *, *, #1113, .F. ) ;
#2389 = CARTESIAN_POINT ( 'NONE',  ( 6.249999999999997335, 13.10399638286305368, -4.500000000000000888 ) ) ;
#2390 = CIRCLE ( 'NONE', #3336, 1.600000000000002531 ) ;
#2391 = CARTESIAN_POINT ( 'NONE',  ( 16.00000000000000000, 60.00000000000000000, 17.49999999999999645 ) ) ;
#2392 = DIRECTION ( 'NONE',  ( 1.000000000000000000, -0.000000000000000000, -0.000000000000000000 ) ) ;
#2393 = DIRECTION ( 'NONE',  ( 2.220446049250313081E-16, 0.000000000000000000, 1.000000000000000000 ) ) ;
#2394 = LINE ( 'NONE', #710, #6429 ) ;
#2395 = EDGE_CURVE ( 'NONE', #6331, #6034, #2271, .T. ) ;
#2396 = EDGE_LOOP ( 'NONE', ( #4439, #590, #4677, #574 ) ) ;
#2397 = AXIS2_PLACEMENT_3D ( 'NONE', #465, #3285, #943 ) ;
#2398 = LINE ( 'NONE', #235, #2379 ) ;
#2399 = CARTESIAN_POINT ( 'NONE',  ( -11.86220280449295750, 62.22793080662270881, 10.09231159909410280 ) ) ;
#2400 = CIRCLE ( 'NONE', #1122, 1.600000000000000755 ) ;
#2401 = CARTESIAN_POINT ( 'NONE',  ( 9.527894601423085419, 77.26771702574924916, 15.20617349042890964 ) ) ;
#2402 = AXIS2_PLACEMENT_3D ( 'NONE', #6005, #3788, #2722 ) ;
#2403 = DIRECTION ( 'NONE',  ( 0.000000000000000000, 0.000000000000000000, -1.000000000000000000 ) ) ;
#2404 = ORIENTED_EDGE ( 'NONE', *, *, #5641, .F. ) ;
#2405 = EDGE_CURVE ( 'NONE', #1300, #5351, #6729, .T. ) ;
#2406 = VECTOR ( 'NONE', #2562, 1000.000000000000000 ) ;
#2407 = VECTOR ( 'NONE', #5628, 1000.000000000000000 ) ;
#2408 = CIRCLE ( 'NONE', #3584, 1.000000000000000888 ) ;
#2409 = EDGE_LOOP ( 'NONE', ( #1531, #1760 ) ) ;
#2410 = LINE ( 'NONE', #620, #2407 ) ;
#2411 = CARTESIAN_POINT ( 'NONE',  ( -7.350000000000000533, 44.00000000000000000, 26.00100000000000477 ) ) ;
#2412 = DIRECTION ( 'NONE',  ( 0.000000000000000000, 0.000000000000000000, -1.000000000000000000 ) ) ;
#2413 = AXIS2_PLACEMENT_3D ( 'NONE', #26, #441, #989 ) ;
#2414 = CIRCLE ( 'NONE', #4999, 1.899999999999999689 ) ;
#2415 = FACE_OUTER_BOUND ( 'NONE', #5024, .T. ) ;
#2416 = AXIS2_PLACEMENT_3D ( 'NONE', #6599, #1016, #1591 ) ;
#2417 = VECTOR ( 'NONE', #83, 1000.000000000000000 ) ;
#2418 = FACE_OUTER_BOUND ( 'NONE', #6661, .T. ) ;
#2419 = CARTESIAN_POINT ( 'NONE',  ( -5.250000000000006217, 44.00000000000000000, -11.49999999999999822 ) ) ;
#2420 = FACE_OUTER_BOUND ( 'NONE', #2197, .T. ) ;
#2421 = DIRECTION ( 'NONE',  ( 0.000000000000000000, 0.000000000000000000, 1.000000000000000000 ) ) ;
#2422 = CIRCLE ( 'NONE', #1029, 1.600000000000002531 ) ;
#2423 = VERTEX_POINT ( 'NONE', #3405 ) ;
#2424 = ORIENTED_EDGE ( 'NONE', *, *, #1398, .T. ) ;
#2425 = EDGE_CURVE ( 'NONE', #4662, #529, #2176, .T. ) ;
#2426 = AXIS2_PLACEMENT_3D ( 'NONE', #1028, #1677, #6102 ) ;
#2427 = CARTESIAN_POINT ( 'NONE',  ( 11.50000000000000000, 10.20000000000000107, 16.10000000000000142 ) ) ;
#2428 = EDGE_CURVE ( 'NONE', #2542, #4898, #2408, .T. ) ;
#2429 = ORIENTED_EDGE ( 'NONE', *, *, #3686, .T. ) ;
#2430 = EDGE_CURVE ( 'NONE', #7011, #1206, #6255, .T. ) ;
#2431 = CARTESIAN_POINT ( 'NONE',  ( -7.000000000000003553, 46.55880831638479123, 8.499999999999996447 ) ) ;
#2432 = DIRECTION ( 'NONE',  ( 0.000000000000000000, 1.000000000000000000, 0.000000000000000000 ) ) ;
#2433 = CARTESIAN_POINT ( 'NONE',  ( -5.946781061171489746, 41.37089145364782183, -3.828448793396667327 ) ) ;
#2434 = CARTESIAN_POINT ( 'NONE',  ( -12.00000000000000355, 35.00000000000000000, 9.499999999999998224 ) ) ;
#2435 = ORIENTED_EDGE ( 'NONE', *, *, #3597, .F. ) ;
#2436 = DIRECTION ( 'NONE',  ( 0.000000000000000000, 0.5000000000000002220, -0.8660254037844385966 ) ) ;
#2437 = ORIENTED_EDGE ( 'NONE', *, *, #2940, .F. ) ;
#2438 = ORIENTED_EDGE ( 'NONE', *, *, #5611, .T. ) ;
#2439 = DIRECTION ( 'NONE',  ( -0.000000000000000000, -1.000000000000000000, -0.000000000000000000 ) ) ;
#2440 = ORIENTED_EDGE ( 'NONE', *, *, #5928, .T. ) ;
#2441 = EDGE_CURVE ( 'NONE', #3324, #522, #1724, .T. ) ;
#2442 = PLANE ( 'NONE',  #4612 ) ;
#2443 = DIRECTION ( 'NONE',  ( 1.000000000000000000, 0.000000000000000000, -1.931325469920844706E-15 ) ) ;
#2444 = CARTESIAN_POINT ( 'NONE',  ( 4.898587196589412829E-16, 10.00000000000000178, -4.000000000000000000 ) ) ;
#2445 = EDGE_LOOP ( 'NONE', ( #5116, #3964, #511, #7112, #3708, #4795 ) ) ;
#2446 = VECTOR ( 'NONE', #2903, 1000.000000000000000 ) ;
#2447 = ORIENTED_EDGE ( 'NONE', *, *, #370, .F. ) ;
#2448 = EDGE_CURVE ( 'NONE', #2791, #757, #1586, .T. ) ;
#2449 = CARTESIAN_POINT ( 'NONE',  ( 11.50000000000000000, 12.00000000000000000, -12.89999999999999858 ) ) ;
#2450 = CARTESIAN_POINT ( 'NONE',  ( 0.5711552005529568765, 12.47263622865255783, -4.500000000000000888 ) ) ;
#2451 = CARTESIAN_POINT ( 'NONE',  ( 11.99999999999999289, 0.000000000000000000, -4.460717509654643884E-15 ) ) ;
#2452 = EDGE_CURVE ( 'NONE', #336, #4120, #1070, .T. ) ;
#2453 = DIRECTION ( 'NONE',  ( 0.000000000000000000, 0.000000000000000000, -1.000000000000000000 ) ) ;
#2454 = DIRECTION ( 'NONE',  ( 3.717264591378872204E-16, 0.000000000000000000, 1.000000000000000000 ) ) ;
#2455 = DIRECTION ( 'NONE',  ( 0.000000000000000000, 0.000000000000000000, 1.000000000000000000 ) ) ;
#2456 = CARTESIAN_POINT ( 'NONE',  ( 9.799999999999998934, 77.00000000000000000, -9.443375672974058332 ) ) ;
#2457 = CIRCLE ( 'NONE', #4458, 1.000000000000000000 ) ;
#2458 = ORIENTED_EDGE ( 'NONE', *, *, #562, .F. ) ;
#2459 = CARTESIAN_POINT ( 'NONE',  ( 23.63762615825975644, 75.94337567297404235, 12.49999999999998401 ) ) ;
#2460 = ORIENTED_EDGE ( 'NONE', *, *, #2441, .F. ) ;
#2461 = DIRECTION ( 'NONE',  ( 0.000000000000000000, 0.000000000000000000, 1.000000000000000000 ) ) ;
#2462 = CARTESIAN_POINT ( 'NONE',  ( 12.00000000000000000, 77.00000000000000000, -9.443375672974058332 ) ) ;
#2463 = CARTESIAN_POINT ( 'NONE',  ( -5.515330128096358919, 41.91514425969835855, -5.398861580115674741 ) ) ;
#2464 = DIRECTION ( 'NONE',  ( -3.717264591378872697E-16, 0.000000000000000000, -1.000000000000000000 ) ) ;
#2465 = ORIENTED_EDGE ( 'NONE', *, *, #6447, .F. ) ;
#2466 = DIRECTION ( 'NONE',  ( 0.000000000000000000, 1.000000000000000000, 0.000000000000000000 ) ) ;
#2467 = VERTEX_POINT ( 'NONE', #6182 ) ;
#2468 = ORIENTED_EDGE ( 'NONE', *, *, #7217, .F. ) ;
#2469 = DIRECTION ( 'NONE',  ( 1.000000000000000000, -0.000000000000000000, -0.000000000000000000 ) ) ;
#2470 = DIRECTION ( 'NONE',  ( -3.717264591378871711E-16, 0.000000000000000000, -1.000000000000000000 ) ) ;
#2471 =( BOUNDED_CURVE ( )  B_SPLINE_CURVE ( 3, ( #5378, #6400, #5454, #5340 ),
 .UNSPECIFIED., .F., .T. ) 
 B_SPLINE_CURVE_WITH_KNOTS ( ( 4, 4 ),
 ( 4.315282783927724353, 4.712388980384690562 ),
 .UNSPECIFIED. ) 
 CURVE ( )  GEOMETRIC_REPRESENTATION_ITEM ( )  RATIONAL_B_SPLINE_CURVE ( ( 1.000000000000000000, 0.9869020045673219110, 0.9869020045673219110, 1.000000000000000000 ) ) 
 REPRESENTATION_ITEM ( '' )  );
#2472 = DIRECTION ( 'NONE',  ( 1.000000000000000000, -0.000000000000000000, -3.717264591378872204E-16 ) ) ;
#2473 = LINE ( 'NONE', #5367, #2319 ) ;
#2474 = ORIENTED_EDGE ( 'NONE', *, *, #4705, .F. ) ;
#2475 = EDGE_CURVE ( 'NONE', #4752, #703, #6945, .T. ) ;
#2476 = EDGE_CURVE ( 'NONE', #3300, #6422, #5904, .T. ) ;
#2477 = CALENDAR_DATE ( 2026, 31, 5 ) ;
#2478 = EDGE_LOOP ( 'NONE', ( #217, #6021, #6934, #364 ) ) ;
#2479 = PLANE ( 'NONE',  #3575 ) ;
#2480 = FACE_BOUND ( 'NONE', #3344, .T. ) ;
#2481 = LINE ( 'NONE', #1308, #1253 ) ;
#2482 = ADVANCED_FACE ( 'NONE', ( #2863 ), #4990, .T. ) ;
#2483 = ORIENTED_EDGE ( 'NONE', *, *, #4205, .F. ) ;
#2484 = DIRECTION ( 'NONE',  ( -0.000000000000000000, -1.000000000000000000, -0.000000000000000000 ) ) ;
#2485 = CARTESIAN_POINT ( 'NONE',  ( -11.50000000000000000, 12.00000000000000000, 14.50000000000000000 ) ) ;
#2486 = EDGE_CURVE ( 'NONE', #4931, #3637, #5089, .T. ) ;
#2487 = DIRECTION ( 'NONE',  ( 1.000000000000000000, 0.000000000000000000, 0.000000000000000000 ) ) ;
#2488 = DIRECTION ( 'NONE',  ( 0.000000000000000000, 0.000000000000000000, -1.000000000000000000 ) ) ;
#2489 = CYLINDRICAL_SURFACE ( 'NONE', #333, 1.000000000000000000 ) ;
#2490 = EDGE_CURVE ( 'NONE', #3796, #2141, #1854, .T. ) ;
#2491 = CIRCLE ( 'NONE', #1101, 2.000000000000003553 ) ;
#2492 = EDGE_LOOP ( 'NONE', ( #949, #7025, #3747, #6346 ) ) ;
#2493 = CARTESIAN_POINT ( 'NONE',  ( 15.00000000000000178, 72.50000000000000000, -11.50000000000000355 ) ) ;
#2494 = ORIENTED_EDGE ( 'NONE', *, *, #5556, .T. ) ;
#2495 = CARTESIAN_POINT ( 'NONE',  ( -2.308414776582860206, 12.84157339126824660, -4.500000000000000000 ) ) ;
#2496 = DIRECTION ( 'NONE',  ( 0.000000000000000000, 0.000000000000000000, 1.000000000000000000 ) ) ;
#2497 = AXIS2_PLACEMENT_3D ( 'NONE', #340, #4805, #1151 ) ;
#2498 = CARTESIAN_POINT ( 'NONE',  ( -6.390397231929306976, 42.23649352030167847, -4.028575701917890939 ) ) ;
#2499 = FACE_OUTER_BOUND ( 'NONE', #5222, .T. ) ;
#2500 = ORIENTED_EDGE ( 'NONE', *, *, #1067, .F. ) ;
#2501 = CARTESIAN_POINT ( 'NONE',  ( -7.000000000000006217, 34.00000000000000000, 2.999999999999997780 ) ) ;
#2502 = AXIS2_PLACEMENT_3D ( 'NONE', #2166, #4404, #1622 ) ;
#2503 = DIRECTION ( 'NONE',  ( -0.000000000000000000, -0.000000000000000000, 1.000000000000000000 ) ) ;
#2504 = VERTEX_POINT ( 'NONE', #4711 ) ;
#2505 = DIRECTION ( 'NONE',  ( 0.000000000000000000, 1.000000000000000000, 0.000000000000000000 ) ) ;
#2506 = LINE ( 'NONE', #6449, #2296 ) ;
#2507 = CARTESIAN_POINT ( 'NONE',  ( -5.000000000000007994, 78.00000000000000000, -3.499999999999999112 ) ) ;
#2508 = ORIENTED_EDGE ( 'NONE', *, *, #4156, .F. ) ;
#2509 = CIRCLE ( 'NONE', #6933, 1.000000000000000888 ) ;
#2510 = MECHANICAL_CONTEXT ( 'NONE', #3041, 'mechanical' ) ;
#2511 = ORIENTED_EDGE ( 'NONE', *, *, #2302, .F. ) ;
#2512 = AXIS2_PLACEMENT_3D ( 'NONE', #5229, #6901, #2487 ) ;
#2513 = CARTESIAN_POINT ( 'NONE',  ( -7.000000000000003553, 41.44119168361520167, 9.499999999999998224 ) ) ;
#2514 = EDGE_CURVE ( 'NONE', #6671, #356, #6353, .T. ) ;
#2515 = EDGE_CURVE ( 'NONE', #4921, #119, #4627, .T. ) ;
#2516 = FACE_OUTER_BOUND ( 'NONE', #1682, .T. ) ;
#2517 = CARTESIAN_POINT ( 'NONE',  ( 1.300332333018596076, 11.79562089821699544, -4.148717048725003131 ) ) ;
#2518 = AXIS2_PLACEMENT_3D ( 'NONE', #2032, #4753, #952 ) ;
#2519 = VECTOR ( 'NONE', #2675, 1000.000000000000000 ) ;
#2520 = ORIENTED_EDGE ( 'NONE', *, *, #2963, .F. ) ;
#2521 = CIRCLE ( 'NONE', #6371, 1.000000000000000000 ) ;
#2522 = VECTOR ( 'NONE', #2708, 1000.000000000000000 ) ;
#2523 = DIRECTION ( 'NONE',  ( -1.000000000000000000, 0.000000000000000000, 0.000000000000000000 ) ) ;
#2524 = VECTOR ( 'NONE', #2053, 1000.000000000000000 ) ;
#2525 = EDGE_CURVE ( 'NONE', #3699, #2361, #6897, .T. ) ;
#2526 = CARTESIAN_POINT ( 'NONE',  ( -11.50000000000000000, -0.0009999999999992653654, 12.00000000000000000 ) ) ;
#2527 = DIRECTION ( 'NONE',  ( -1.858632295689435856E-16, -0.8660254037844387076, -0.4999999999999999445 ) ) ;
#2528 = CARTESIAN_POINT ( 'NONE',  ( -6.315549469700090235, 45.81094447041679274, -4.342551088371720880 ) ) ;
#2529 = VECTOR ( 'NONE', #2392, 1000.000000000000000 ) ;
#2530 = AXIS2_PLACEMENT_3D ( 'NONE', #5003, #7214, #2214 ) ;
#2531 = ORIENTED_EDGE ( 'NONE', *, *, #4213, .F. ) ;
#2532 = DIRECTION ( 'NONE',  ( 0.000000000000000000, 0.000000000000000000, -1.000000000000000000 ) ) ;
#2533 = ORIENTED_EDGE ( 'NONE', *, *, #867, .T. ) ;
#2534 = EDGE_CURVE ( 'NONE', #3718, #197, #2299, .T. ) ;
#2535 = DIRECTION ( 'NONE',  ( -2.569960705150821059E-15, 0.000000000000000000, -1.000000000000000000 ) ) ;
#2536 = VECTOR ( 'NONE', #3752, 1000.000000000000000 ) ;
#2537 = CARTESIAN_POINT ( 'NONE',  ( -6.000000000000004441, 74.23316150746191511, 6.999999999999985789 ) ) ;
#2538 = CARTESIAN_POINT ( 'NONE',  ( -5.909364864539679907, 41.93525456380353233, -3.939724173090233705 ) ) ;
#2539 = CARTESIAN_POINT ( 'NONE',  ( -11.50000000000000000, 10.20000000000000107, 14.50000000000000000 ) ) ;
#2540 = ORIENTED_EDGE ( 'NONE', *, *, #6560, .F. ) ;
#2541 = CARTESIAN_POINT ( 'NONE',  ( 0.000000000000000000, -0.0009999999999992653654, 0.000000000000000000 ) ) ;
#2542 = VERTEX_POINT ( 'NONE', #760 ) ;
#2543 = AXIS2_PLACEMENT_3D ( 'NONE', #6683, #1064, #5592 ) ;
#2544 = CARTESIAN_POINT ( 'NONE',  ( -6.253969901901505146, 45.84446318371385587, -4.500000000000000888 ) ) ;
#2545 = CARTESIAN_POINT ( 'NONE',  ( 1.750000000000002442, 17.00000000000000000, -8.500000000000000000 ) ) ;
#2546 = LINE ( 'NONE', #2023, #5784 ) ;
#2547 = CARTESIAN_POINT ( 'NONE',  ( -7.000000000000003553, 70.50000000000000000, 17.49999999999999645 ) ) ;
#2548 = ORIENTED_EDGE ( 'NONE', *, *, #5928, .F. ) ;
#2549 = AXIS2_PLACEMENT_3D ( 'NONE', #3363, #5582, #5473 ) ;
#2550 = DIRECTION ( 'NONE',  ( 1.000000000000000000, 0.000000000000000000, 0.000000000000000000 ) ) ;
#2551 = VERTEX_POINT ( 'NONE', #4606 ) ;
#2552 = CIRCLE ( 'NONE', #581, 1.000000000000000888 ) ;
#2553 = ORIENTED_EDGE ( 'NONE', *, *, #4996, .T. ) ;
#2554 = FACE_OUTER_BOUND ( 'NONE', #2626, .T. ) ;
#2555 = ORIENTED_EDGE ( 'NONE', *, *, #3151, .F. ) ;
#2556 = FACE_OUTER_BOUND ( 'NONE', #6415, .T. ) ;
#2557 = CARTESIAN_POINT ( 'NONE',  ( 1.937288419351400837, 11.83147941928308455, -3.999999999999984457 ) ) ;
#2558 = AXIS2_PLACEMENT_3D ( 'NONE', #6452, #7032, #3727 ) ;
#2559 = VERTEX_POINT ( 'NONE', #4133 ) ;
#2560 = VERTEX_POINT ( 'NONE', #3512 ) ;
#2561 = ADVANCED_FACE ( 'NONE', ( #2480, #1815 ), #1383, .F. ) ;
#2562 = DIRECTION ( 'NONE',  ( -0.000000000000000000, -0.000000000000000000, 1.000000000000000000 ) ) ;
#2563 = DIRECTION ( 'NONE',  ( -0.000000000000000000, 0.000000000000000000, 1.000000000000000000 ) ) ;
#2564 = DIRECTION ( 'NONE',  ( -0.5000000000000014433, 0.8660254037844379305, 0.000000000000000000 ) ) ;
#2565 = DIRECTION ( 'NONE',  ( 1.000000000000000000, 0.000000000000000000, 0.000000000000000000 ) ) ;
#2566 = EDGE_LOOP ( 'NONE', ( #6735, #3203, #5120, #669 ) ) ;
#2567 = ADVANCED_FACE ( 'NONE', ( #5129 ), #2246, .F. ) ;
#2568 = EDGE_CURVE ( 'NONE', #6671, #1639, #3818, .T. ) ;
#2569 = ORIENTED_EDGE ( 'NONE', *, *, #3799, .T. ) ;
#2570 = CARTESIAN_POINT ( 'NONE',  ( 9.000000000000000000, 9.000000000000001776, -3.000000000000001332 ) ) ;
#2571 = ORIENTED_EDGE ( 'NONE', *, *, #3465, .T. ) ;
#2572 = DIRECTION ( 'NONE',  ( 0.000000000000000000, 0.000000000000000000, 1.000000000000000000 ) ) ;
#2573 = FACE_OUTER_BOUND ( 'NONE', #6328, .T. ) ;
#2574 = CARTESIAN_POINT ( 'NONE',  ( -5.112245391202516309, 41.00521235545473075, -4.499999999999999112 ) ) ;
#2575 = CARTESIAN_POINT ( 'NONE',  ( 23.63762615825975644, 73.05662432702591502, 17.50000000000000000 ) ) ;
#2576 = ORIENTED_EDGE ( 'NONE', *, *, #3018, .T. ) ;
#2577 = CARTESIAN_POINT ( 'NONE',  ( 15.99999999999999645, 76.99999999999998579, 11.49999999999998579 ) ) ;
#2578 = ADVANCED_FACE ( 'NONE', ( #5988 ), #2630, .F. ) ;
#2579 = DIRECTION ( 'NONE',  ( -1.000000000000000000, 0.000000000000000000, -0.000000000000000000 ) ) ;
#2580 = AXIS2_PLACEMENT_3D ( 'NONE', #3145, #3514, #5735 ) ;
#2581 = DIRECTION ( 'NONE',  ( 1.334402673828313093E-16, 1.000000000000000000, -3.215027284300271837E-32 ) ) ;
#2582 = CYLINDRICAL_SURFACE ( 'NONE', #1135, 1.099999999999997646 ) ;
#2583 = DIRECTION ( 'NONE',  ( 0.000000000000000000, 0.000000000000000000, 1.000000000000000000 ) ) ;
#2584 = DIRECTION ( 'NONE',  ( -4.336808689942017243E-16, -0.000000000000000000, -1.000000000000000000 ) ) ;
#2585 = ORIENTED_EDGE ( 'NONE', *, *, #1067, .T. ) ;
#2586 = ORIENTED_EDGE ( 'NONE', *, *, #121, .F. ) ;
#2588 = EDGE_CURVE ( 'NONE', #2186, #6173, #3693, .T. ) ;
#2587 = PERSON_AND_ORGANIZATION ( #6001, #2885 ) ;
#2589 = CARTESIAN_POINT ( 'NONE',  ( 12.00000000000000000, 18.49999999999999645, -11.50000000000000355 ) ) ;
#2590 = ORIENTED_EDGE ( 'NONE', *, *, #5788, .T. ) ;
#2591 = DIRECTION ( 'NONE',  ( 0.5000000000000004441, -0.8660254037844384856, 0.000000000000000000 ) ) ;
#2592 = ORIENTED_EDGE ( 'NONE', *, *, #5478, .T. ) ;
#2593 = CARTESIAN_POINT ( 'NONE',  ( -6.000000000000003553, 78.00000000000000000, 8.499999999999996447 ) ) ;
#2594 = DIRECTION ( 'NONE',  ( 0.000000000000000000, 1.000000000000000000, -0.000000000000000000 ) ) ;
#2595 = ORIENTED_EDGE ( 'NONE', *, *, #2670, .T. ) ;
#2596 = EDGE_LOOP ( 'NONE', ( #5895, #2595, #2117, #472 ) ) ;
#2597 = DIRECTION ( 'NONE',  ( -0.000000000000000000, 0.000000000000000000, 1.000000000000000000 ) ) ;
#2598 = EDGE_CURVE ( 'NONE', #4399, #3216, #953, .T. ) ;
#2599 = CARTESIAN_POINT ( 'NONE',  ( 15.99999999999999645, 77.00000000000000000, 11.49999999999998579 ) ) ;
#2600 = CARTESIAN_POINT ( 'NONE',  ( 10.49999999999999645, 70.50000000000000000, 17.49999999999999645 ) ) ;
#2601 = DIRECTION ( 'NONE',  ( 1.000000000000000000, 7.240070355359794589E-16, 0.000000000000000000 ) ) ;
#2602 = ORIENTED_EDGE ( 'NONE', *, *, #6076, .T. ) ;
#2603 = VERTEX_POINT ( 'NONE', #4909 ) ;
#2604 = CARTESIAN_POINT ( 'NONE',  ( 11.50000000000000000, 10.20000000000000107, 12.89999999999999858 ) ) ;
#2605 = ORIENTED_EDGE ( 'NONE', *, *, #6417, .F. ) ;
#2606 = DIRECTION ( 'NONE',  ( -1.000000000000000000, 0.000000000000000000, 2.409338161078897701E-16 ) ) ;
#2607 = CARTESIAN_POINT ( 'NONE',  ( 16.00000000000000000, 12.99999999999999822, -11.50000000000000355 ) ) ;
#2608 = ADVANCED_FACE ( 'NONE', ( #2556 ), #5334, .F. ) ;
#2609 = DIRECTION ( 'NONE',  ( -2.409338161078897701E-16, 0.000000000000000000, -1.000000000000000000 ) ) ;
#2610 = EDGE_CURVE ( 'NONE', #6804, #4327, #3461, .T. ) ;
#2611 = CYLINDRICAL_SURFACE ( 'NONE', #678, 1.000000000000000000 ) ;
#2612 = VECTOR ( 'NONE', #2814, 1000.000000000000000 ) ;
#2613 = CARTESIAN_POINT ( 'NONE',  ( -9.000000000000000000, 9.000000000000001776, 0.000000000000000000 ) ) ;
#2614 = ORIENTED_EDGE ( 'NONE', *, *, #4769, .T. ) ;
#2615 = DIRECTION ( 'NONE',  ( 3.717264591378872697E-16, 0.000000000000000000, 1.000000000000000000 ) ) ;
#2616 = CIRCLE ( 'NONE', #4491, 1.600000000000002531 ) ;
#2617 = CYLINDRICAL_SURFACE ( 'NONE', #2397, 1.899999999999999689 ) ;
#2618 = CARTESIAN_POINT ( 'NONE',  ( -6.000000000000008882, 46.55880831638479123, -3.500000000000000000 ) ) ;
#2619 = EDGE_LOOP ( 'NONE', ( #3740, #4994, #6792, #4252 ) ) ;
#2620 = EDGE_CURVE ( 'NONE', #5207, #5906, #6155, .T. ) ;
#2621 = CARTESIAN_POINT ( 'NONE',  ( -5.000000000000007105, 12.00000000000000000, 1.858632295689438765E-15 ) ) ;
#2622 = CARTESIAN_POINT ( 'NONE',  ( -12.00000000000000355, 78.00000000000000000, -10.49999999999999822 ) ) ;
#2623 = VERTEX_POINT ( 'NONE', #3149 ) ;
#2624 = AXIS2_PLACEMENT_3D ( 'NONE', #6808, #1794, #1257 ) ;
#2625 = FACE_BOUND ( 'NONE', #1737, .T. ) ;
#2626 = EDGE_LOOP ( 'NONE', ( #3717, #3194, #3856, #518 ) ) ;
#2627 = CARTESIAN_POINT ( 'NONE',  ( -5.946781061171507510, 46.62910854635217106, -3.828448793396621141 ) ) ;
#2628 = CARTESIAN_POINT ( 'NONE',  ( 9.499999999999998224, 73.05662432702591502, 17.50000000000000000 ) ) ;
#2629 = AXIS2_PLACEMENT_3D ( 'NONE', #4574, #5180, #57 ) ;
#2630 = PLANE ( 'NONE',  #6025 ) ;
#2631 = EDGE_CURVE ( 'NONE', #6723, #3633, #1931, .T. ) ;
#2632 = CARTESIAN_POINT ( 'NONE',  ( 6.249999999999997335, 15.50000000000000000, -8.500000000000000000 ) ) ;
#2633 = VERTEX_POINT ( 'NONE', #6972 ) ;
#2634 = EDGE_LOOP ( 'NONE', ( #1269, #7014, #1592, #7072 ) ) ;
#2635 = AXIS2_PLACEMENT_3D ( 'NONE', #1258, #533, #20 ) ;
#2636 = VERTEX_POINT ( 'NONE', #5374 ) ;
#2637 = DIRECTION ( 'NONE',  ( 0.000000000000000000, -1.000000000000000000, 0.000000000000000000 ) ) ;
#2638 = CARTESIAN_POINT ( 'NONE',  ( 15.99999999999998934, 16.49999999999999289, -6.650000000000008349 ) ) ;
#2639 = CIRCLE ( 'NONE', #4862, 1.500000000000001332 ) ;
#2640 = AXIS2_PLACEMENT_3D ( 'NONE', #82, #2805, #3350 ) ;
#2641 = CARTESIAN_POINT ( 'NONE',  ( 6.249999999999992895, 38.89600361713693388, -6.299999999999999822 ) ) ;
#2642 = FACE_OUTER_BOUND ( 'NONE', #3669, .T. ) ;
#2643 = ORIENTED_EDGE ( 'NONE', *, *, #3485, .F. ) ;
#2644 = VERTEX_POINT ( 'NONE', #5875 ) ;
#2645 = VECTOR ( 'NONE', #353, 1000.000000000000227 ) ;
#2646 = VECTOR ( 'NONE', #6689, 1000.000000000000000 ) ;
#2647 = DIRECTION ( 'NONE',  ( 0.000000000000000000, 1.000000000000000000, 0.000000000000000000 ) ) ;
#2648 = EDGE_LOOP ( 'NONE', ( #6143, #1813, #4443, #3233 ) ) ;
#2649 = CARTESIAN_POINT ( 'NONE',  ( 16.00000000000000000, 72.50000000000000000, -5.500000000000005329 ) ) ;
#2650 = DIRECTION ( 'NONE',  ( 0.000000000000000000, 1.000000000000000000, 0.000000000000000000 ) ) ;
#2651 = ORIENTED_EDGE ( 'NONE', *, *, #7075, .F. ) ;
#2652 = DIRECTION ( 'NONE',  ( 0.000000000000000000, 0.000000000000000000, 1.000000000000000000 ) ) ;
#2653 = CARTESIAN_POINT ( 'NONE',  ( 10.49999999999999645, 77.00000000000000000, 11.49999999999998757 ) ) ;
#2654 = CIRCLE ( 'NONE', #5453, 1.099999999999999423 ) ;
#2655 = VECTOR ( 'NONE', #3887, 1000.000000000000000 ) ;
#2656 = LINE ( 'NONE', #7101, #3581 ) ;
#2657 = ORIENTED_EDGE ( 'NONE', *, *, #3572, .T. ) ;
#2658 = ADVANCED_FACE ( 'NONE', ( #397 ), #4754, .F. ) ;
#2659 = AXIS2_PLACEMENT_3D ( 'NONE', #248, #5665, #2412 ) ;
#2660 = CYLINDRICAL_SURFACE ( 'NONE', #1785, 1.350000000000004086 ) ;
#2661 = ORIENTED_EDGE ( 'NONE', *, *, #121, .T. ) ;
#2662 = DIRECTION ( 'NONE',  ( 0.000000000000000000, 0.000000000000000000, 1.000000000000000000 ) ) ;
#2663 = DIRECTION ( 'NONE',  ( 0.000000000000000000, 1.000000000000000000, 0.000000000000000000 ) ) ;
#2664 = DIRECTION ( 'NONE',  ( -0.000000000000000000, 1.000000000000000000, 0.000000000000000000 ) ) ;
#2665 = ORIENTED_EDGE ( 'NONE', *, *, #2913, .F. ) ;
#2666 = PLANE ( 'NONE',  #2580 ) ;
#2667 = AXIS2_PLACEMENT_3D ( 'NONE', #5059, #2052, #2202 ) ;
#2668 = ORIENTED_EDGE ( 'NONE', *, *, #4970, .T. ) ;
#2669 = ADVANCED_FACE ( 'NONE', ( #2516 ), #2034, .T. ) ;
#2670 = EDGE_CURVE ( 'NONE', #4399, #4435, #1136, .T. ) ;
#2671 = VERTEX_POINT ( 'NONE', #990 ) ;
#2672 = CARTESIAN_POINT ( 'NONE',  ( -5.999999993474953719, 46.03121897538291307, -3.592425433516923672 ) ) ;
#2673 = VECTOR ( 'NONE', #4314, 1000.000000000000000 ) ;
#2674 = FACE_OUTER_BOUND ( 'NONE', #4350, .T. ) ;
#2675 = DIRECTION ( 'NONE',  ( 0.000000000000000000, -1.000000000000000000, 0.000000000000000000 ) ) ;
#2676 = LINE ( 'NONE', #5842, #2311 ) ;
#2677 = EDGE_LOOP ( 'NONE', ( #4382, #5357, #1851, #3777, #6917, #128, #3746, #1431, #5495, #6082, #5581 ) ) ;
#2678 = EDGE_LOOP ( 'NONE', ( #3787, #1134 ) ) ;
#2679 = AXIS2_PLACEMENT_3D ( 'NONE', #6443, #1366, #4151 ) ;
#2680 = ADVANCED_FACE ( 'NONE', ( #7080 ), #6541, .F. ) ;
#2681 = DIRECTION ( 'NONE',  ( 0.000000000000000000, 0.000000000000000000, 1.000000000000000000 ) ) ;
#2682 = CARTESIAN_POINT ( 'NONE',  ( -5.250000000000004441, 44.00000000000000000, -4.499999999999997335 ) ) ;
#2683 = VECTOR ( 'NONE', #1112, 1000.000000000000000 ) ;
#2684 = DIRECTION ( 'NONE',  ( 0.000000000000000000, 0.000000000000000000, 1.000000000000000000 ) ) ;
#2685 = CARTESIAN_POINT ( 'NONE',  ( -13.00000000000000533, 13.00000000000000178, -10.49999999999999822 ) ) ;
#2686 = ORIENTED_EDGE ( 'NONE', *, *, #3193, .T. ) ;
#2687 = ADVANCED_FACE ( 'NONE', ( #3656 ), #442, .F. ) ;
#2688 = ORIENTED_EDGE ( 'NONE', *, *, #6981, .F. ) ;
#2689 = AXIS2_PLACEMENT_3D ( 'NONE', #5998, #3820, #2717 ) ;
#2690 = DIRECTION ( 'NONE',  ( 4.336808689942017243E-16, 0.000000000000000000, 1.000000000000000000 ) ) ;
#2691 = ORIENTED_EDGE ( 'NONE', *, *, #1105, .F. ) ;
#2692 = CARTESIAN_POINT ( 'NONE',  ( -7.000000000000001776, 74.50000000000000000, 14.99999999999999645 ) ) ;
#2693 = CARTESIAN_POINT ( 'NONE',  ( 9.799999999999998934, 18.99999999999998934, -9.443375672974063662 ) ) ;
#2694 = CARTESIAN_POINT ( 'NONE',  ( 0.000000000000000000, 11.00000000000000000, 5.000000000000000000 ) ) ;
#2695 = CARTESIAN_POINT ( 'NONE',  ( 0.000000000000000000, 10.00000000000000178, 0.000000000000000000 ) ) ;
#2696 = DIRECTION ( 'NONE',  ( -0.000000000000000000, 1.000000000000000000, -3.154042683594192162E-16 ) ) ;
#2697 = FACE_OUTER_BOUND ( 'NONE', #592, .T. ) ;
#2698 = DIRECTION ( 'NONE',  ( 0.000000000000000000, 0.000000000000000000, -1.000000000000000000 ) ) ;
#2699 = VERTEX_POINT ( 'NONE', #1561 ) ;
#2700 = CARTESIAN_POINT ( 'NONE',  ( -11.91651513899116921, 40.99999999999999289, -10.90000000000000391 ) ) ;
#2701 = ORIENTED_EDGE ( 'NONE', *, *, #4313, .F. ) ;
#2702 = DIRECTION ( 'NONE',  ( 0.000000000000000000, -0.000000000000000000, -1.000000000000000000 ) ) ;
#2703 = ORIENTED_EDGE ( 'NONE', *, *, #2705, .T. ) ;
#2704 = CIRCLE ( 'NONE', #1678, 1.000000000000000888 ) ;
#2705 = EDGE_CURVE ( 'NONE', #2898, #529, #1819, .T. ) ;
#2706 = ORIENTED_EDGE ( 'NONE', *, *, #4358, .T. ) ;
#2707 = CARTESIAN_POINT ( 'NONE',  ( -5.659906698958589999, 46.91121519653270866, -4.254097642912770816 ) ) ;
#2708 = DIRECTION ( 'NONE',  ( 0.000000000000000000, 1.000000000000000000, 0.000000000000000000 ) ) ;
#2709 = CARTESIAN_POINT ( 'NONE',  ( -0.2499999999999993616, 17.00000000000000000, -8.500000000000000000 ) ) ;
#2710 = FACE_OUTER_BOUND ( 'NONE', #3617, .T. ) ;
#2711 = ADVANCED_FACE ( 'NONE', ( #7150 ), #1131, .F. ) ;
#2712 = EDGE_CURVE ( 'NONE', #3699, #3609, #1245, .T. ) ;
#2713 = EDGE_LOOP ( 'NONE', ( #4036, #4906, #3008, #2135 ) ) ;
#2714 = ORIENTED_EDGE ( 'NONE', *, *, #6643, .F. ) ;
#2715 = FACE_OUTER_BOUND ( 'NONE', #5604, .T. ) ;
#2716 = CARTESIAN_POINT ( 'NONE',  ( 16.00000000000000000, 71.50000000000000000, -5.500000000000005329 ) ) ;
#2717 = DIRECTION ( 'NONE',  ( -1.000000000000000000, 0.000000000000000000, 0.000000000000000000 ) ) ;
#2718 = EDGE_CURVE ( 'NONE', #1793, #6474, #4290, .T. ) ;
#2719 = ORIENTED_EDGE ( 'NONE', *, *, #7029, .F. ) ;
#2720 = CARTESIAN_POINT ( 'NONE',  ( 15.00000000000000178, 70.50000000000000000, -10.50000000000000178 ) ) ;
#2721 = VERTEX_POINT ( 'NONE', #2265 ) ;
#2722 = DIRECTION ( 'NONE',  ( 0.000000000000000000, 0.000000000000000000, 1.000000000000000000 ) ) ;
#2723 = CARTESIAN_POINT ( 'NONE',  ( -8.400000000000003908, 71.00000000000000000, 6.999999999999997335 ) ) ;
#2724 = DIRECTION ( 'NONE',  ( 0.000000000000000000, 0.000000000000000000, 1.000000000000000000 ) ) ;
#2725 = EDGE_CURVE ( 'NONE', #955, #255, #6717, .T. ) ;
#2726 = CARTESIAN_POINT ( 'NONE',  ( -12.00000000000000355, 63.50000000000000000, 10.49999999999999822 ) ) ;
#2727 = CARTESIAN_POINT ( 'NONE',  ( 10.99999999999998934, 16.49999999999999289, -6.649999999999997691 ) ) ;
#2728 = CARTESIAN_POINT ( 'NONE',  ( -6.250000000000003553, 15.50000000000000000, -11.49999999999999822 ) ) ;
#2729 = DIRECTION ( 'NONE',  ( 0.000000000000000000, 0.000000000000000000, 1.000000000000000000 ) ) ;
#2730 = ORIENTED_EDGE ( 'NONE', *, *, #2476, .T. ) ;
#2731 = DIRECTION ( 'NONE',  ( -2.168404344971008868E-16, -0.000000000000000000, -1.000000000000000000 ) ) ;
#2732 = CARTESIAN_POINT ( 'NONE',  ( -11.99999999999968381, 61.20486998338696338, 9.463590035268143907 ) ) ;
#2733 = CIRCLE ( 'NONE', #4251, 2.500000000000000444 ) ;
#2734 = LINE ( 'NONE', #2589, #3321 ) ;
#2735 = CARTESIAN_POINT ( 'NONE',  ( -5.784975291113125806, 46.10304344915058294, -4.165537975811097304 ) ) ;
#2736 = CARTESIAN_POINT ( 'NONE',  ( -11.50000000000000000, 10.20000000000000107, 14.50000000000000000 ) ) ;
#2737 = DIRECTION ( 'NONE',  ( 0.000000000000000000, 0.000000000000000000, -1.000000000000000000 ) ) ;
#2738 = DIRECTION ( 'NONE',  ( 0.000000000000000000, 0.000000000000000000, 1.000000000000000000 ) ) ;
#2739 = CIRCLE ( 'NONE', #4969, 2.500000000000000444 ) ;
#2740 = ORIENTED_EDGE ( 'NONE', *, *, #5086, .T. ) ;
#2741 = ORIENTED_EDGE ( 'NONE', *, *, #3853, .T. ) ;
#2742 = ADVANCED_FACE ( 'NONE', ( #6613 ), #3370, .F. ) ;
#2743 = VERTEX_POINT ( 'NONE', #3263 ) ;
#2744 = VERTEX_POINT ( 'NONE', #3296 ) ;
#2745 = AXIS2_PLACEMENT_3D ( 'NONE', #5622, #5048, #647 ) ;
#2746 = EDGE_CURVE ( 'NONE', #522, #6310, #1718, .T. ) ;
#2747 = EDGE_CURVE ( 'NONE', #6098, #2141, #5548, .T. ) ;
#2748 = DIRECTION ( 'NONE',  ( 0.000000000000000000, 0.000000000000000000, 1.000000000000000000 ) ) ;
#2749 = DIRECTION ( 'NONE',  ( 0.000000000000000000, 0.000000000000000000, 1.000000000000000000 ) ) ;
#2750 = CARTESIAN_POINT ( 'NONE',  ( -10.00000000000000355, 61.04999999999999005, -8.699999999999997513 ) ) ;
#2751 = AXIS2_PLACEMENT_3D ( 'NONE', #6342, #4197, #1440 ) ;
#2752 = EDGE_LOOP ( 'NONE', ( #3493, #569 ) ) ;
#2753 = ORIENTED_EDGE ( 'NONE', *, *, #2475, .F. ) ;
#2754 = EDGE_CURVE ( 'NONE', #791, #7121, #3917, .T. ) ;
#2755 = ORIENTED_EDGE ( 'NONE', *, *, #1798, .T. ) ;
#2756 = DIRECTION ( 'NONE',  ( -1.000000000000000000, -0.000000000000000000, -0.000000000000000000 ) ) ;
#2757 = VECTOR ( 'NONE', #5635, 1000.000000000000000 ) ;
#2758 = CIRCLE ( 'NONE', #5208, 0.9999999999999997780 ) ;
#2759 = EDGE_LOOP ( 'NONE', ( #4961, #3108, #3441, #1500, #3021 ) ) ;
#2760 = CARTESIAN_POINT ( 'NONE',  ( 1.086406546829903119, 11.54498704854916902, -3.853036683982159705 ) ) ;
#2761 = FACE_OUTER_BOUND ( 'NONE', #6594, .T. ) ;
#2762 = CYLINDRICAL_SURFACE ( 'NONE', #5704, 0.9999999999999991118 ) ;
#2763 = AXIS2_PLACEMENT_3D ( 'NONE', #5861, #2466, #6915 ) ;
#2764 = DIRECTION ( 'NONE',  ( -0.000000000000000000, -1.000000000000000000, -0.000000000000000000 ) ) ;
#2765 = ORIENTED_EDGE ( 'NONE', *, *, #5765, .F. ) ;
#2766 = CIRCLE ( 'NONE', #6023, 24.50000000000000000 ) ;
#2767 = VERTEX_POINT ( 'NONE', #1644 ) ;
#2768 = AXIS2_PLACEMENT_3D ( 'NONE', #6148, #1145, #556 ) ;
#2769 = EDGE_LOOP ( 'NONE', ( #2590, #3689 ) ) ;
#2770 = EDGE_CURVE ( 'NONE', #5906, #2873, #2303, .T. ) ;
#2771 = LINE ( 'NONE', #5817, #5296 ) ;
#2772 = ORIENTED_EDGE ( 'NONE', *, *, #439, .F. ) ;
#2773 = ORIENTED_EDGE ( 'NONE', *, *, #3507, .F. ) ;
#2774 = LINE ( 'NONE', #2288, #643 ) ;
#2775 = AXIS2_PLACEMENT_3D ( 'NONE', #587, #4428, #3220 ) ;
#2776 = FACE_OUTER_BOUND ( 'NONE', #341, .T. ) ;
#2777 = ORIENTED_EDGE ( 'NONE', *, *, #3173, .F. ) ;
#2778 = CIRCLE ( 'NONE', #6838, 3.499999999999999556 ) ;
#2779 = CARTESIAN_POINT ( 'NONE',  ( -8.349999999999999645, 44.00000000000000000, 8.499999999999996447 ) ) ;
#2780 = CARTESIAN_POINT ( 'NONE',  ( -11.81680010814599591, 62.03162908422938671, 10.02914922685734034 ) ) ;
#2781 = CIRCLE ( 'NONE', #5006, 1.600000000000000755 ) ;
#2782 = ADVANCED_FACE ( 'NONE', ( #6101 ), #2152, .F. ) ;
#2783 = CYLINDRICAL_SURFACE ( 'NONE', #4707, 1.350000000000000533 ) ;
#2784 = CARTESIAN_POINT ( 'NONE',  ( -6.363380789682615557, 45.78100901282508062, -4.156897585916714988 ) ) ;
#2785 = CARTESIAN_POINT ( 'NONE',  ( 9.799999999999998934, 77.00000000000000000, -4.500000000000003553 ) ) ;
#2786 = CARTESIAN_POINT ( 'NONE',  ( -5.991479289315937429, 42.01265910699136441, -4.500000000000002665 ) ) ;
#2787 = CARTESIAN_POINT ( 'NONE',  ( 5.999999999999998224, 67.00000000000000000, 17.49999999999999645 ) ) ;
#2788 = AXIS2_PLACEMENT_3D ( 'NONE', #1363, #2976, #4190 ) ;
#2789 = ORIENTED_EDGE ( 'NONE', *, *, #5385, .T. ) ;
#2790 = ORIENTED_EDGE ( 'NONE', *, *, #6639, .T. ) ;
#2791 = VERTEX_POINT ( 'NONE', #3330 ) ;
#2792 = VERTEX_POINT ( 'NONE', #2824 ) ;
#2793 = AXIS2_PLACEMENT_3D ( 'NONE', #1528, #3774, #1967 ) ;
#2794 = CYLINDRICAL_SURFACE ( 'NONE', #6944, 1.000000000000000000 ) ;
#2795 = VERTEX_POINT ( 'NONE', #4387 ) ;
#2796 = CARTESIAN_POINT ( 'NONE',  ( -11.00000000000000355, 34.00000000000000000, -0.5000000000000022204 ) ) ;
#2797 = CARTESIAN_POINT ( 'NONE',  ( -6.000000000000005329, 69.38341924626904245, 4.199999999999991296 ) ) ;
#2798 = LINE ( 'NONE', #6691, #3031 ) ;
#2799 = VECTOR ( 'NONE', #4848, 1000.000000000000000 ) ;
#2800 = ORIENTED_EDGE ( 'NONE', *, *, #2568, .F. ) ;
#2801 = EDGE_LOOP ( 'NONE', ( #2827, #3895, #2036, #3431 ) ) ;
#2802 = ORIENTED_EDGE ( 'NONE', *, *, #2826, .T. ) ;
#2803 = TOROIDAL_SURFACE ( 'NONE', #7103, 2.500000000000000000, 1.000000000000000000 ) ;
#2804 = DIRECTION ( 'NONE',  ( 0.000000000000000000, 0.000000000000000000, 1.000000000000000000 ) ) ;
#2805 = DIRECTION ( 'NONE',  ( -0.000000000000000000, 0.000000000000000000, 1.000000000000000000 ) ) ;
#2806 = ORIENTED_EDGE ( 'NONE', *, *, #1672, .T. ) ;
#2807 = CARTESIAN_POINT ( 'NONE',  ( -7.000000000000003553, 46.55880831638479123, 8.499999999999996447 ) ) ;
#2808 = FACE_OUTER_BOUND ( 'NONE', #1360, .T. ) ;
#2809 = EDGE_CURVE ( 'NONE', #6752, #7002, #3811, .T. ) ;
#2810 = ADVANCED_FACE ( 'NONE', ( #5624 ), #6072, .F. ) ;
#2811 = AXIS2_PLACEMENT_3D ( 'NONE', #488, #1570, #3160 ) ;
#2812 = EDGE_LOOP ( 'NONE', ( #2016, #449, #5440, #914 ) ) ;
#2813 = VERTEX_POINT ( 'NONE', #5022 ) ;
#2814 = DIRECTION ( 'NONE',  ( 0.000000000000000000, 0.000000000000000000, -1.000000000000000000 ) ) ;
#2815 = CARTESIAN_POINT ( 'NONE',  ( 5.999999999999998224, 70.50000000000000000, 11.49999999999998757 ) ) ;
#2816 = DIRECTION ( 'NONE',  ( -1.000000000000000000, 0.000000000000000000, 0.000000000000000000 ) ) ;
#2817 = CARTESIAN_POINT ( 'NONE',  ( 14.99999999999999467, 20.49999999999999645, -10.50000000000000178 ) ) ;
#2818 = DIRECTION ( 'NONE',  ( -1.000000000000000000, 0.000000000000000000, 0.000000000000000000 ) ) ;
#2819 = ORIENTED_EDGE ( 'NONE', *, *, #6159, .F. ) ;
#2820 = EDGE_CURVE ( 'NONE', #3867, #5463, #615, .T. ) ;
#2821 = PLANE ( 'NONE',  #6225 ) ;
#2822 = FACE_OUTER_BOUND ( 'NONE', #2102, .T. ) ;
#2823 = DIRECTION ( 'NONE',  ( -0.8660254037844389297, 0.4999999999999995559, 0.000000000000000000 ) ) ;
#2824 = CARTESIAN_POINT ( 'NONE',  ( -12.00000000000000355, 35.00000000000000000, 2.999999999999997780 ) ) ;
#2825 = CARTESIAN_POINT ( 'NONE',  ( -3.570714214271425657, 12.00000000000000000, -3.499999999999999556 ) ) ;
#2826 = EDGE_CURVE ( 'NONE', #5269, #2070, #725, .T. ) ;
#2827 = ORIENTED_EDGE ( 'NONE', *, *, #2163, .T. ) ;
#2828 = AXIS2_PLACEMENT_3D ( 'NONE', #316, #2550, #5439 ) ;
#2829 = ORIENTED_EDGE ( 'NONE', *, *, #5800, .F. ) ;
#2830 = ORIENTED_EDGE ( 'NONE', *, *, #2993, .F. ) ;
#2831 = CARTESIAN_POINT ( 'NONE',  ( -11.00000000000000355, 59.75834261322605556, 8.499999999999996447 ) ) ;
#2832 = DIRECTION ( 'NONE',  ( -1.000000000000000000, 0.000000000000000000, 0.000000000000000000 ) ) ;
#2833 = DIRECTION ( 'NONE',  ( -0.000000000000000000, -1.000000000000000000, 3.154042683594192162E-16 ) ) ;
#2834 = CARTESIAN_POINT ( 'NONE',  ( 13.00000000000000355, 71.50000000000000000, -10.50000000000000178 ) ) ;
#2835 = LINE ( 'NONE', #5605, #3207 ) ;
#2836 = ORIENTED_EDGE ( 'NONE', *, *, #4669, .F. ) ;
#2837 = CARTESIAN_POINT ( 'NONE',  ( -0.3507200032956480085, 11.82818782050068052, -4.275903265833220779 ) ) ;
#2838 = PLANE ( 'NONE',  #6141 ) ;
#2839 = CARTESIAN_POINT ( 'NONE',  ( -8.400000000000002132, 69.38341924626902824, 9.800000000000006040 ) ) ;
#2840 = ORIENTED_EDGE ( 'NONE', *, *, #5094, .F. ) ;
#2841 = EDGE_LOOP ( 'NONE', ( #2975, #7207, #4872, #5594 ) ) ;
#2842 = ORIENTED_EDGE ( 'NONE', *, *, #6767, .F. ) ;
#2843 = EDGE_CURVE ( 'NONE', #531, #497, #301, .T. ) ;
#2844 = DIRECTION ( 'NONE',  ( -0.000000000000000000, -0.000000000000000000, 1.000000000000000000 ) ) ;
#2845 = EDGE_CURVE ( 'NONE', #5498, #210, #5782, .T. ) ;
#2846 = ADVANCED_FACE ( 'NONE', ( #228 ), #3985, .T. ) ;
#2847 = DIRECTION ( 'NONE',  ( -0.000000000000000000, -0.000000000000000000, -1.000000000000000000 ) ) ;
#2848 = CARTESIAN_POINT ( 'NONE',  ( -11.00000000000000355, 74.50000000000000000, 14.99999999999999645 ) ) ;
#2849 = DIRECTION ( 'NONE',  ( -1.000000000000000000, 1.334402673828313093E-16, 2.220446049250313081E-16 ) ) ;
#2850 = CARTESIAN_POINT ( 'NONE',  ( 0.000000000000000000, 12.00000000000000000, 0.000000000000000000 ) ) ;
#2851 = DIRECTION ( 'NONE',  ( 0.000000000000000000, 0.000000000000000000, 1.000000000000000000 ) ) ;
#2852 = AXIS2_PLACEMENT_3D ( 'NONE', #1089, #6238, #2371 ) ;
#2853 = ADVANCED_FACE ( 'NONE', ( #5310, #6301 ), #1292, .F. ) ;
#2854 = FACE_OUTER_BOUND ( 'NONE', #2904, .T. ) ;
#2855 = DIRECTION ( 'NONE',  ( 0.000000000000000000, 0.000000000000000000, -1.000000000000000000 ) ) ;
#2856 = CARTESIAN_POINT ( 'NONE',  ( -6.250000000000002665, 36.50000000000000711, -8.499999999999996447 ) ) ;
#2857 = CARTESIAN_POINT ( 'NONE',  ( -0.2499999999999993616, 17.00000000000000000, -8.500000000000000000 ) ) ;
#2858 = ORIENTED_EDGE ( 'NONE', *, *, #1696, .F. ) ;
#2859 = VECTOR ( 'NONE', #5828, 1000.000000000000000 ) ;
#2860 = ADVANCED_FACE ( 'NONE', ( #379 ), #1472, .F. ) ;
#2861 = DIRECTION ( 'NONE',  ( 0.000000000000000000, 0.000000000000000000, -1.000000000000000000 ) ) ;
#2862 = AXIS2_PLACEMENT_3D ( 'NONE', #6946, #6330, #4187 ) ;
#2863 = FACE_OUTER_BOUND ( 'NONE', #4400, .T. ) ;
#2864 = DIRECTION ( 'NONE',  ( 0.000000000000000000, 0.000000000000000000, -1.000000000000000000 ) ) ;
#2865 = DIRECTION ( 'NONE',  ( 3.717264591378872697E-16, -0.000000000000000000, 1.000000000000000000 ) ) ;
#2866 = VECTOR ( 'NONE', #6253, 1000.000000000000000 ) ;
#2867 = FACE_OUTER_BOUND ( 'NONE', #4417, .T. ) ;
#2868 = ORIENTED_EDGE ( 'NONE', *, *, #3793, .F. ) ;
#2869 = CARTESIAN_POINT ( 'NONE',  ( -1.467682985867892587, 11.01004332224406390, -3.724025575374505070 ) ) ;
#2870 = VECTOR ( 'NONE', #2847, 1000.000000000000000 ) ;
#2871 = DIRECTION ( 'NONE',  ( -1.858632295689445223E-16, 0.8660254037844373753, -0.5000000000000023315 ) ) ;
#2872 = DIRECTION ( 'NONE',  ( 0.000000000000000000, 1.000000000000000000, 0.000000000000000000 ) ) ;
#2873 = VERTEX_POINT ( 'NONE', #3314 ) ;
#2874 = AXIS2_PLACEMENT_3D ( 'NONE', #2692, #1506, #4300 ) ;
#2875 = DIRECTION ( 'NONE',  ( 1.000000000000000000, -0.000000000000000000, -0.000000000000000000 ) ) ;
#2876 = CARTESIAN_POINT ( 'NONE',  ( 14.99999999999999645, 18.49999999999999645, -5.500000000000004441 ) ) ;
#2877 = CYLINDRICAL_SURFACE ( 'NONE', #6265, 26.00000000000000355 ) ;
#2878 = CARTESIAN_POINT ( 'NONE',  ( 8.324999999999997513, 14.30199819143152595, -4.500000000000000888 ) ) ;
#2879 = AXIS2_PLACEMENT_3D ( 'NONE', #3, #6724, #1176 ) ;
#2880 = VECTOR ( 'NONE', #4829, 1000.000000000000227 ) ;
#2881 = CARTESIAN_POINT ( 'NONE',  ( -6.000000000000008882, 78.00000000000000000, -4.499999999999999112 ) ) ;
#2882 = ORIENTED_EDGE ( 'NONE', *, *, #3333, .T. ) ;
#2883 = EDGE_LOOP ( 'NONE', ( #2143, #5168, #5801, #56 ) ) ;
#2884 = EDGE_CURVE ( 'NONE', #1564, #7093, #6382, .T. ) ;
#2885 = ORGANIZATION ( 'æœª', 'æœª', '' ) ;
#2886 = VECTOR ( 'NONE', #2264, 1000.000000000000000 ) ;
#2887 = FACE_OUTER_BOUND ( 'NONE', #2145, .T. ) ;
#2888 = VECTOR ( 'NONE', #1835, 1000.000000000000000 ) ;
#2889 = ORIENTED_EDGE ( 'NONE', *, *, #2425, .F. ) ;
#2890 = FACE_OUTER_BOUND ( 'NONE', #5246, .T. ) ;
#2891 = CARTESIAN_POINT ( 'NONE',  ( 9.577815963916471276, 75.94337567297407077, 17.50000000000000000 ) ) ;
#2892 = VERTEX_POINT ( 'NONE', #3168 ) ;
#2893 = EDGE_CURVE ( 'NONE', #119, #6056, #4964, .T. ) ;
#2894 = CARTESIAN_POINT ( 'NONE',  ( -0.5717464078438541097, 12.47269158247589615, -4.500000000000001776 ) ) ;
#2895 = ORIENTED_EDGE ( 'NONE', *, *, #4243, .F. ) ;
#2896 = EDGE_CURVE ( 'NONE', #3308, #1414, #1545, .T. ) ;
#2897 = EDGE_CURVE ( 'NONE', #6035, #1802, #6053, .T. ) ;
#2898 = VERTEX_POINT ( 'NONE', #7171 ) ;
#2899 = AXIS2_PLACEMENT_3D ( 'NONE', #260, #892, #2496 ) ;
#2900 = CARTESIAN_POINT ( 'NONE',  ( -5.250000000000001776, 44.00000000000000000, 9.499999999999998224 ) ) ;
#2901 = CARTESIAN_POINT ( 'NONE',  ( 0.2997031940801617722, 12.07888168941609486, -4.500000000000000000 ) ) ;
#2902 = FACE_BOUND ( 'NONE', #284, .T. ) ;
#2903 = DIRECTION ( 'NONE',  ( -2.220446049250313081E-16, -0.000000000000000000, -1.000000000000000000 ) ) ;
#2904 = EDGE_LOOP ( 'NONE', ( #2134, #400 ) ) ;
#2905 = EDGE_CURVE ( 'NONE', #1138, #719, #1046, .T. ) ;
#2906 = VECTOR ( 'NONE', #7118, 1000.000000000000000 ) ;
#2907 = ORIENTED_EDGE ( 'NONE', *, *, #5094, .T. ) ;
#2908 = CARTESIAN_POINT ( 'NONE',  ( 16.00000000000000000, 18.49999999999999645, -11.50000000000000355 ) ) ;
#2909 = FACE_OUTER_BOUND ( 'NONE', #5954, .T. ) ;
#2910 = AXIS2_PLACEMENT_3D ( 'NONE', #6373, #3169, #4733 ) ;
#2911 = LINE ( 'NONE', #5138, #5337 ) ;
#2912 = DIRECTION ( 'NONE',  ( -2.168404344971008868E-16, 0.000000000000000000, -1.000000000000000000 ) ) ;
#2913 = EDGE_CURVE ( 'NONE', #202, #6641, #5391, .T. ) ;
#2914 = ORIENTED_EDGE ( 'NONE', *, *, #3762, .T. ) ;
#2915 = ORIENTED_EDGE ( 'NONE', *, *, #2430, .T. ) ;
#2916 = VECTOR ( 'NONE', #1009, 1000.000000000000000 ) ;
#2917 = FACE_OUTER_BOUND ( 'NONE', #1548, .T. ) ;
#2918 = CARTESIAN_POINT ( 'NONE',  ( -12.00000000000000355, 77.00000000000000000, 9.499999999999998224 ) ) ;
#2919 = CARTESIAN_POINT ( 'NONE',  ( -11.50000000000000355, 66.54999999999999716, -8.699999999999999289 ) ) ;
#2920 = CYLINDRICAL_SURFACE ( 'NONE', #1492, 1.500000000000000444 ) ;
#2921 = DIRECTION ( 'NONE',  ( 0.000000000000000000, 0.000000000000000000, 1.000000000000000000 ) ) ;
#2922 = ORIENTED_EDGE ( 'NONE', *, *, #3793, .T. ) ;
#2923 = CARTESIAN_POINT ( 'NONE',  ( -5.000000000000007994, 77.00000000000000000, -3.499999999999999112 ) ) ;
#2924 = ORIENTED_EDGE ( 'NONE', *, *, #6194, .F. ) ;
#2925 = DIRECTION ( 'NONE',  ( 0.000000000000000000, 0.000000000000000000, 1.000000000000000000 ) ) ;
#2926 = CARTESIAN_POINT ( 'NONE',  ( 15.99999999999998579, 16.49999999999999289, -8.000000000000008882 ) ) ;
#2927 = VERTEX_POINT ( 'NONE', #6084 ) ;
#2928 = CARTESIAN_POINT ( 'NONE',  ( -1.695127366932337454, 12.66295883856615312, -4.500000000000000000 ) ) ;
#2929 = ADVANCED_FACE ( 'NONE', ( #5501 ), #1017, .T. ) ;
#2930 = CARTESIAN_POINT ( 'NONE',  ( -8.500000000000003553, 59.00000000000000000, 9.499999999999998224 ) ) ;
#2931 = ORIENTED_EDGE ( 'NONE', *, *, #6417, .T. ) ;
#2932 = EDGE_CURVE ( 'NONE', #2699, #1066, #4749, .T. ) ;
#2933 = EDGE_CURVE ( 'NONE', #5073, #4976, #2414, .T. ) ;
#2934 = CARTESIAN_POINT ( 'NONE',  ( 0.2856149799446859316, 12.45682086746457351, -4.500000000000000888 ) ) ;
#2935 = DIRECTION ( 'NONE',  ( -7.240070355359794589E-16, 1.000000000000000000, 0.000000000000000000 ) ) ;
#2936 = DIRECTION ( 'NONE',  ( -0.000000000000000000, 1.000000000000000000, -0.000000000000000000 ) ) ;
#2937 = ORIENTED_EDGE ( 'NONE', *, *, #273, .T. ) ;
#2938 = VECTOR ( 'NONE', #746, 1000.000000000000000 ) ;
#2939 = DIRECTION ( 'NONE',  ( 0.000000000000000000, -1.000000000000000000, 0.000000000000000000 ) ) ;
#2940 = EDGE_CURVE ( 'NONE', #875, #49, #7053, .T. ) ;
#2941 = CARTESIAN_POINT ( 'NONE',  ( 1.937288419351400837, 11.83147941928308455, -3.999999999999984457 ) ) ;
#2942 = DIRECTION ( 'NONE',  ( -1.000000000000000000, 0.000000000000000000, 0.000000000000000000 ) ) ;
#2943 = ORIENTED_EDGE ( 'NONE', *, *, #282, .T. ) ;
#2944 = ORIENTED_EDGE ( 'NONE', *, *, #2318, .F. ) ;
#2945 = DIRECTION ( 'NONE',  ( 0.000000000000000000, 0.000000000000000000, 1.000000000000000000 ) ) ;
#2946 = EDGE_CURVE ( 'NONE', #1322, #76, #6554, .T. ) ;
#2947 = FACE_BOUND ( 'NONE', #6317, .T. ) ;
#2948 = CARTESIAN_POINT ( 'NONE',  ( -6.000000000000003553, 61.00000000000000000, 10.49999999999999822 ) ) ;
#2949 = ORIENTED_EDGE ( 'NONE', *, *, #1722, .T. ) ;
#2950 = FACE_BOUND ( 'NONE', #3760, .T. ) ;
#2951 = CARTESIAN_POINT ( 'NONE',  ( -11.95882809836404270, 62.74468793973370140, 10.25841988692991258 ) ) ;
#2952 = EDGE_LOOP ( 'NONE', ( #3045, #5886, #1508, #3218 ) ) ;
#2953 = VERTEX_POINT ( 'NONE', #4847 ) ;
#2954 = DIRECTION ( 'NONE',  ( 2.220446049250313081E-16, -0.000000000000000000, 1.000000000000000000 ) ) ;
#2955 = CARTESIAN_POINT ( 'NONE',  ( -8.000000000000003553, 40.99999999999999289, -9.000000000000003553 ) ) ;
#2956 = CARTESIAN_POINT ( 'NONE',  ( 9.527708501002212671, 76.06285373781415160, 17.29305792130697483 ) ) ;
#2957 = CARTESIAN_POINT ( 'NONE',  ( -1.556639348148668001, 12.62262542369344409, -4.500000000000000000 ) ) ;
#2958 = CARTESIAN_POINT ( 'NONE',  ( -11.50000000000000000, 9.000000000000001776, 17.00000000000000000 ) ) ;
#2959 = CARTESIAN_POINT ( 'NONE',  ( -1.054433837393451867, 12.08812092417630168, -4.500000000000001776 ) ) ;
#2960 = LINE ( 'NONE', #4607, #6272 ) ;
#2961 = DIRECTION ( 'NONE',  ( -1.000000000000000000, 0.000000000000000000, 0.000000000000000000 ) ) ;
#2962 = EDGE_CURVE ( 'NONE', #6641, #6620, #4258, .T. ) ;
#2963 = EDGE_CURVE ( 'NONE', #4094, #702, #5328, .T. ) ;
#2964 = EDGE_CURVE ( 'NONE', #1639, #3749, #3362, .T. ) ;
#2965 = CIRCLE ( 'NONE', #6702, 1.100000000000008082 ) ;
#2966 = CARTESIAN_POINT ( 'NONE',  ( -7.000000000000003553, 46.55880831638479123, 8.499999999999996447 ) ) ;
#2967 = FACE_BOUND ( 'NONE', #1953, .T. ) ;
#2968 = DIRECTION ( 'NONE',  ( -0.8254220375434826451, -0.5645161290322588954, 0.000000000000000000 ) ) ;
#2969 = DIRECTION ( 'NONE',  ( -1.000000000000000000, 0.000000000000000000, -0.000000000000000000 ) ) ;
#2970 = CIRCLE ( 'NONE', #402, 2.500000000000000444 ) ;
#2971 = EDGE_CURVE ( 'NONE', #4759, #2210, #4053, .T. ) ;
#2972 = EDGE_LOOP ( 'NONE', ( #2511, #1924, #636, #6000 ) ) ;
#2973 = CARTESIAN_POINT ( 'NONE',  ( -10.00000000000000355, 66.54999999999999716, -7.450000000000000178 ) ) ;
#2974 = AXIS2_PLACEMENT_3D ( 'NONE', #216, #1822, #4683 ) ;
#2975 = ORIENTED_EDGE ( 'NONE', *, *, #2770, .F. ) ;
#2976 = DIRECTION ( 'NONE',  ( 0.000000000000000000, -1.000000000000000000, 0.000000000000000000 ) ) ;
#2977 = ORIENTED_EDGE ( 'NONE', *, *, #3224, .T. ) ;
#2978 = CARTESIAN_POINT ( 'NONE',  ( -5.255475371116268057, 40.90820779156941001, -4.469125638418199209 ) ) ;
#2979 = FACE_OUTER_BOUND ( 'NONE', #4857, .T. ) ;
#2980 = ORIENTED_EDGE ( 'NONE', *, *, #2933, .F. ) ;
#2981 = CARTESIAN_POINT ( 'NONE',  ( 15.99999999999999645, 66.00000000000000000, 11.49999999999998579 ) ) ;
#2982 = ORIENTED_EDGE ( 'NONE', *, *, #652, .T. ) ;
#2983 = VECTOR ( 'NONE', #4012, 1000.000000000000000 ) ;
#2984 = EDGE_CURVE ( 'NONE', #4958, #4143, #2778, .T. ) ;
#2985 = CARTESIAN_POINT ( 'NONE',  ( -5.000000000000007994, 47.08990291109606829, -4.499999999999999112 ) ) ;
#2986 = DIRECTION ( 'NONE',  ( 0.000000000000000000, -0.000000000000000000, 1.000000000000000000 ) ) ;
#2987 = AXIS2_PLACEMENT_3D ( 'NONE', #1853, #6793, #4129 ) ;
#2988 = CARTESIAN_POINT ( 'NONE',  ( 6.249999999999999112, 17.89600361713694809, -6.299999999999999822 ) ) ;
#2989 = AXIS2_PLACEMENT_3D ( 'NONE', #969, #4255, #3197 ) ;
#2990 = CARTESIAN_POINT ( 'NONE',  ( -1.136530025041971426, 12.54136422462209843, -4.500000000000000000 ) ) ;
#2991 = VERTEX_POINT ( 'NONE', #3199 ) ;
#2992 = TOROIDAL_SURFACE ( 'NONE', #1014, 5.000000000000000000, 1.000000000000000000 ) ;
#2993 = EDGE_CURVE ( 'NONE', #2767, #5269, #6666, .T. ) ;
#2994 = CIRCLE ( 'NONE', #6721, 3.099999999999997868 ) ;
#2995 = AXIS2_PLACEMENT_3D ( 'NONE', #6545, #2563, #5413 ) ;
#2996 = ORIENTED_EDGE ( 'NONE', *, *, #4595, .F. ) ;
#2997 = CARTESIAN_POINT ( 'NONE',  ( 2.184090476119947777, 12.14040615476781149, -4.500000000000568434 ) ) ;
#2998 = CARTESIAN_POINT ( 'NONE',  ( 9.799999999999998934, 13.99999999999999289, -4.499999999999999112 ) ) ;
#2999 = CARTESIAN_POINT ( 'NONE',  ( -4.750000000000002665, 15.50000000000000000, -8.499999999999996447 ) ) ;
#3000 = AXIS2_PLACEMENT_3D ( 'NONE', #1845, #4092, #99 ) ;
#3001 = AXIS2_PLACEMENT_3D ( 'NONE', #1527, #3773, #3222 ) ;
#3002 = AXIS2_PLACEMENT_3D ( 'NONE', #2848, #579, #5042 ) ;
#3003 = CARTESIAN_POINT ( 'NONE',  ( 16.00000000000000000, 74.50000000000000000, 16.34999999999999787 ) ) ;
#3004 = CARTESIAN_POINT ( 'NONE',  ( -12.00000000000000355, 66.54999999999999716, -10.44999999999999751 ) ) ;
#3005 = CYLINDRICAL_SURFACE ( 'NONE', #6502, 3.000000000000001332 ) ;
#3006 = FACE_OUTER_BOUND ( 'NONE', #1392, .T. ) ;
#3007 = CIRCLE ( 'NONE', #2667, 1.000000000000000000 ) ;
#3008 = ORIENTED_EDGE ( 'NONE', *, *, #6593, .F. ) ;
#3009 = ORIENTED_EDGE ( 'NONE', *, *, #5698, .T. ) ;
#3010 = CIRCLE ( 'NONE', #2543, 0.9999999999999995559 ) ;
#3011 = DIRECTION ( 'NONE',  ( -1.000000000000000000, 0.000000000000000000, 4.336808689942017736E-16 ) ) ;
#3012 = ORIENTED_EDGE ( 'NONE', *, *, #7155, .F. ) ;
#3013 = LINE ( 'NONE', #6878, #4738 ) ;
#3014 = DIRECTION ( 'NONE',  ( 0.000000000000000000, 0.000000000000000000, 1.000000000000000000 ) ) ;
#3015 = ORIENTED_EDGE ( 'NONE', *, *, #1018, .T. ) ;
#3016 = EDGE_CURVE ( 'NONE', #3567, #572, #6700, .T. ) ;
#3017 = CARTESIAN_POINT ( 'NONE',  ( -5.442843025387111844, 40.96335571327259828, -4.399025297043346328 ) ) ;
#3018 = EDGE_CURVE ( 'NONE', #603, #1030, #550, .T. ) ;
#3019 = ORIENTED_EDGE ( 'NONE', *, *, #2946, .T. ) ;
#3020 = CARTESIAN_POINT ( 'NONE',  ( -12.00000000000000355, 62.95982419965115184, 10.01683977064307562 ) ) ;
#3021 = ORIENTED_EDGE ( 'NONE', *, *, #5657, .T. ) ;
#3022 = CIRCLE ( 'NONE', #6397, 3.499999999999999556 ) ;
#3023 = CARTESIAN_POINT ( 'NONE',  ( 4.174999999999997158, 14.30199819143152595, -6.299999999999999822 ) ) ;
#3024 = CARTESIAN_POINT ( 'NONE',  ( -11.58722088589061983, 61.30153567229362466, 9.798666577443631454 ) ) ;
#3025 = VECTOR ( 'NONE', #7136, 1000.000000000000114 ) ;
#3026 = LINE ( 'NONE', #238, #6617 ) ;
#3027 = EDGE_CURVE ( 'NONE', #757, #2791, #1473, .T. ) ;
#3028 = DIRECTION ( 'NONE',  ( -0.000000000000000000, -0.000000000000000000, -1.000000000000000000 ) ) ;
#3029 = ORIENTED_EDGE ( 'NONE', *, *, #64, .T. ) ;
#3030 = DATE_AND_TIME ( #826, #4621 ) ;
#3031 = VECTOR ( 'NONE', #74, 1000.000000000000000 ) ;
#3032 = ORIENTED_EDGE ( 'NONE', *, *, #4138, .T. ) ;
#3033 = DIRECTION ( 'NONE',  ( -0.000000000000000000, 1.000000000000000000, 0.000000000000000000 ) ) ;
#3034 = CARTESIAN_POINT ( 'NONE',  ( 1.054266687635964095, 12.08811741666462680, -4.499999999999939604 ) ) ;
#3035 = EDGE_CURVE ( 'NONE', #4269, #1597, #3412, .T. ) ;
#3036 = CARTESIAN_POINT ( 'NONE',  ( -8.400000000000003908, 72.61658075373095755, 4.199999999999992184 ) ) ;
#3037 = ORIENTED_EDGE ( 'NONE', *, *, #3215, .F. ) ;
#3038 = CARTESIAN_POINT ( 'NONE',  ( 7.349999999999998757, 15.50000000000000000, -6.299999999999999822 ) ) ;
#3039 = ORIENTED_EDGE ( 'NONE', *, *, #3784, .T. ) ;
#3040 = B_SPLINE_CURVE_WITH_KNOTS ( 'NONE', 3,
 ( #2985, #5279, #4670, #6959, #5723, #6275, #4196, #2544 ),
 .UNSPECIFIED., .F., .F.,
 ( 4, 2, 2, 4 ),
 ( -6.365830365406154874E-06, 0.0004374699063610394526, 0.0008813056430874850440, 0.001768977116540390322 ),
 .UNSPECIFIED. ) ;
#3041 = APPLICATION_CONTEXT ( 'configuration controlled 3d designs of mechanical parts and assemblies' ) ;
#3042 = CARTESIAN_POINT ( 'NONE',  ( -8.400000000000003908, 67.76683849253808489, 7.000000000000004441 ) ) ;
#3043 = LINE ( 'NONE', #6363, #1621 ) ;
#3044 = ORIENTED_EDGE ( 'NONE', *, *, #1573, .T. ) ;
#3045 = ORIENTED_EDGE ( 'NONE', *, *, #5263, .F. ) ;
#3046 = VECTOR ( 'NONE', #3289, 1000.000000000000000 ) ;
#3047 = ORIENTED_EDGE ( 'NONE', *, *, #5197, .T. ) ;
#3048 = CARTESIAN_POINT ( 'NONE',  ( -6.000000000000003553, 35.00000000000000000, 9.499999999999998224 ) ) ;
#3049 = EDGE_LOOP ( 'NONE', ( #5637, #2483, #464, #5727 ) ) ;
#3050 = DIRECTION ( 'NONE',  ( 0.000000000000000000, 0.000000000000000000, 1.000000000000000000 ) ) ;
#3051 = DIRECTION ( 'NONE',  ( 0.000000000000000000, 0.000000000000000000, -1.000000000000000000 ) ) ;
#3052 = CARTESIAN_POINT ( 'NONE',  ( -5.784975291113245710, 41.89695655084941706, -4.165537975810968518 ) ) ;
#3053 = CARTESIAN_POINT ( 'NONE',  ( -6.000000000000008882, 18.49999999999999645, -4.499999999999999112 ) ) ;
#3054 = ORIENTED_EDGE ( 'NONE', *, *, #4176, .T. ) ;
#3055 = DIRECTION ( 'NONE',  ( 0.000000000000000000, 0.000000000000000000, 1.000000000000000000 ) ) ;
#3056 = EDGE_CURVE ( 'NONE', #5974, #3867, #6772, .T. ) ;
#3057 = EDGE_CURVE ( 'NONE', #1681, #4485, #5685, .T. ) ;
#3058 = ADVANCED_FACE ( 'NONE', ( #5571 ), #2838, .F. ) ;
#3059 = CARTESIAN_POINT ( 'NONE',  ( 12.00000000000000000, 18.99999999999998934, -9.443375672974063662 ) ) ;
#3060 = CARTESIAN_POINT ( 'NONE',  ( -10.00000000000000355, 66.54999999999999716, -9.949999999999997513 ) ) ;
#3061 = DIRECTION ( 'NONE',  ( 0.000000000000000000, 0.8660254037844390407, 0.4999999999999992228 ) ) ;
#3062 = CARTESIAN_POINT ( 'NONE',  ( -6.253969901901504258, 42.15553681628613703, -4.500000000000000888 ) ) ;
#3063 = ORIENTED_EDGE ( 'NONE', *, *, #1766, .F. ) ;
#3064 = PERSON_AND_ORGANIZATION_ROLE ( 'design_supplier' ) ;
#3065 = ADVANCED_FACE ( 'NONE', ( #6220, #1217, #6800, #4560, #6116, #41, #3448, #5675 ), #6739, .F. ) ;
#3066 = ORIENTED_EDGE ( 'NONE', *, *, #4296, .T. ) ;
#3067 = ORIENTED_EDGE ( 'NONE', *, *, #3339, .T. ) ;
#3068 = CARTESIAN_POINT ( 'NONE',  ( 6.249999999999992895, 34.10399638286305901, -6.299999999999999822 ) ) ;
#3069 = CARTESIAN_POINT ( 'NONE',  ( 9.499999999999998224, 87.55248658727141731, 11.49999999999998757 ) ) ;
#3070 = DIRECTION ( 'NONE',  ( -2.220446049250313081E-16, 0.000000000000000000, -1.000000000000000000 ) ) ;
#3071 = ORIENTED_EDGE ( 'NONE', *, *, #166, .T. ) ;
#3072 = ADVANCED_FACE ( 'NONE', ( #666 ), #4034, .T. ) ;
#3073 = CARTESIAN_POINT ( 'NONE',  ( -5.974712302650726947, 45.97211352321813393, -5.008195285276142883 ) ) ;
#3074 = CARTESIAN_POINT ( 'NONE',  ( 2.485276911687107848, 11.91125273735820045, -3.852764626752896326 ) ) ;
#3075 = CARTESIAN_POINT ( 'NONE',  ( -7.750000000000003553, 36.50000000000000711, -8.499999999999996447 ) ) ;
#3076 = DIRECTION ( 'NONE',  ( 0.000000000000000000, 0.000000000000000000, -1.000000000000000000 ) ) ;
#3077 = AXIS2_PLACEMENT_3D ( 'NONE', #463, #3283, #6446 ) ;
#3078 = EDGE_LOOP ( 'NONE', ( #1736, #4787, #7195, #1004 ) ) ;
#3079 = DIRECTION ( 'NONE',  ( -1.000000000000000000, 0.000000000000000000, 0.000000000000000000 ) ) ;
#3080 = ORIENTED_EDGE ( 'NONE', *, *, #7094, .F. ) ;
#3081 = FACE_OUTER_BOUND ( 'NONE', #3254, .T. ) ;
#3082 = CYLINDRICAL_SURFACE ( 'NONE', #5790, 0.9999999999999991118 ) ;
#3083 = ORIENTED_EDGE ( 'NONE', *, *, #3349, .F. ) ;
#3084 = CIRCLE ( 'NONE', #2624, 4.500000000000000888 ) ;
#3085 = CARTESIAN_POINT ( 'NONE',  ( -4.990370791630470038, 40.91171570204180341, -4.499953638098374675 ) ) ;
#3086 = LINE ( 'NONE', #848, #4553 ) ;
#3087 = EDGE_LOOP ( 'NONE', ( #530, #5565 ) ) ;
#3088 = DIRECTION ( 'NONE',  ( 0.000000000000000000, -1.000000000000000000, 0.000000000000000000 ) ) ;
#3089 = ORIENTED_EDGE ( 'NONE', *, *, #1890, .T. ) ;
#3090 = AXIS2_PLACEMENT_3D ( 'NONE', #857, #4701, #1909 ) ;
#3091 = DIRECTION ( 'NONE',  ( -0.000000000000000000, -1.000000000000000000, -0.000000000000000000 ) ) ;
#3092 = ORIENTED_EDGE ( 'NONE', *, *, #6336, .F. ) ;
#3093 = DIRECTION ( 'NONE',  ( 0.000000000000000000, 1.000000000000000000, 0.000000000000000000 ) ) ;
#3094 = LINE ( 'NONE', #6674, #304 ) ;
#3095 = EDGE_LOOP ( 'NONE', ( #3137, #876, #3476, #566 ) ) ;
#3096 = DIRECTION ( 'NONE',  ( -0.8660254037844384856, 0.5000000000000003331, 0.000000000000000000 ) ) ;
#3097 = VERTEX_POINT ( 'NONE', #3902 ) ;
#3098 = VECTOR ( 'NONE', #6747, 1000.000000000000000 ) ;
#3099 = APPROVAL ( #1878, 'æœª' ) ;
#3100 = LINE ( 'NONE', #6287, #6067 ) ;
#3101 = EDGE_CURVE ( 'NONE', #6011, #6026, #2911, .T. ) ;
#3102 = EDGE_LOOP ( 'NONE', ( #6573, #4125 ) ) ;
#3103 = PERSON_AND_ORGANIZATION_ROLE ( 'classification_officer' ) ;
#3104 = VECTOR ( 'NONE', #4722, 1000.000000000000000 ) ;
#3105 = ORIENTED_EDGE ( 'NONE', *, *, #2163, .F. ) ;
#3106 = CIRCLE ( 'NONE', #4519, 2.000000000000001776 ) ;
#3107 = CARTESIAN_POINT ( 'NONE',  ( -7.000000000000000888, 74.50000000000000000, 18.49999999999999645 ) ) ;
#3108 = ORIENTED_EDGE ( 'NONE', *, *, #2514, .T. ) ;
#3109 = DIRECTION ( 'NONE',  ( 0.000000000000000000, 0.000000000000000000, -1.000000000000000000 ) ) ;
#3110 = CARTESIAN_POINT ( 'NONE',  ( 9.000000000000000000, 9.000000000000001776, 0.000000000000000000 ) ) ;
#3111 = EDGE_CURVE ( 'NONE', #134, #186, #880, .T. ) ;
#3112 = EDGE_CURVE ( 'NONE', #5198, #1544, #13, .T. ) ;
#3113 = AXIS2_PLACEMENT_3D ( 'NONE', #1964, #4169, #7003 ) ;
#3114 = AXIS2_PLACEMENT_3D ( 'NONE', #4, #6212, #1613 ) ;
#3115 = EDGE_LOOP ( 'NONE', ( #2686, #2701, #1553, #3766 ) ) ;
#3116 = LOCAL_TIME ( 0, 6, 19.00000000000000000, #6494 ) ;
#3117 = VECTOR ( 'NONE', #3722, 1000.000000000000000 ) ;
#3118 = LINE ( 'NONE', #5411, #2406 ) ;
#3119 = VECTOR ( 'NONE', #1063, 1000.000000000000000 ) ;
#3120 = DIRECTION ( 'NONE',  ( 0.000000000000000000, 1.000000000000000000, 0.000000000000000000 ) ) ;
#3121 = DIRECTION ( 'NONE',  ( -2.168404344971008868E-16, 0.000000000000000000, -1.000000000000000000 ) ) ;
#3122 = LINE ( 'NONE', #254, #6291 ) ;
#3123 = ADVANCED_FACE ( 'NONE', ( #2761 ), #6667, .T. ) ;
#3124 = AXIS2_PLACEMENT_3D ( 'NONE', #2101, #6266, #4490 ) ;
#3125 = AXIS2_PLACEMENT_3D ( 'NONE', #6465, #2085, #4361 ) ;
#3126 = ORIENTED_EDGE ( 'NONE', *, *, #6759, .F. ) ;
#3127 = ORIENTED_EDGE ( 'NONE', *, *, #1947, .T. ) ;
#3128 = CARTESIAN_POINT ( 'NONE',  ( -11.50000000000000000, 12.00000000000000000, -16.10000000000000142 ) ) ;
#3129 = AXIS2_PLACEMENT_3D ( 'NONE', #5702, #5259, #6826 ) ;
#3130 = DIRECTION ( 'NONE',  ( 0.000000000000000000, 0.000000000000000000, 1.000000000000000000 ) ) ;
#3131 = ORIENTED_EDGE ( 'NONE', *, *, #3929, .T. ) ;
#3132 = CARTESIAN_POINT ( 'NONE',  ( -5.057675823418571248, 40.89997945078255981, -4.500601762322051336 ) ) ;
#3133 = DIRECTION ( 'NONE',  ( 0.000000000000000000, -0.8660254037844397068, 0.4999999999999983347 ) ) ;
#3134 = EDGE_CURVE ( 'NONE', #1639, #2767, #4448, .T. ) ;
#3135 = VERTEX_POINT ( 'NONE', #570 ) ;
#3136 = DIRECTION ( 'NONE',  ( 0.8660254037844384856, 0.5000000000000003331, 0.000000000000000000 ) ) ;
#3137 = ORIENTED_EDGE ( 'NONE', *, *, #6493, .T. ) ;
#3138 = AXIS2_PLACEMENT_3D ( 'NONE', #1957, #2024, #5321 ) ;
#3139 = CARTESIAN_POINT ( 'NONE',  ( 6.249999999999996447, 72.00000000000000000, -11.50000000000000178 ) ) ;
#3140 = CARTESIAN_POINT ( 'NONE',  ( -12.00000000000000355, 63.17853161857414790, 10.39731064803208227 ) ) ;
#3141 = DIRECTION ( 'NONE',  ( 0.000000000000000000, 0.000000000000000000, -1.000000000000000000 ) ) ;
#3142 = CARTESIAN_POINT ( 'NONE',  ( 8.324999999999990408, 37.69800180856846339, -4.500000000000000888 ) ) ;
#3143 = ORIENTED_EDGE ( 'NONE', *, *, #4287, .T. ) ;
#3144 = VECTOR ( 'NONE', #1704, 1000.000000000000000 ) ;
#3145 = CARTESIAN_POINT ( 'NONE',  ( 11.50000000000000000, 10.20000000000000107, -14.50000000000000000 ) ) ;
#3146 = AXIS2_PLACEMENT_3D ( 'NONE', #6404, #7010, #4108 ) ;
#3147 = FACE_OUTER_BOUND ( 'NONE', #5531, .T. ) ;
#3148 = DIRECTION ( 'NONE',  ( -1.000000000000000000, 0.000000000000000000, 3.717264591378872697E-16 ) ) ;
#3149 = CARTESIAN_POINT ( 'NONE',  ( 9.577815963916471276, 77.38675134594814153, 15.00000000000000888 ) ) ;
#3150 = DIRECTION ( 'NONE',  ( 0.000000000000000000, 1.000000000000000000, -0.000000000000000000 ) ) ;
#3151 = EDGE_CURVE ( 'NONE', #2991, #3769, #2190, .T. ) ;
#3152 = VECTOR ( 'NONE', #7162, 1000.000000000000000 ) ;
#3153 = ORIENTED_EDGE ( 'NONE', *, *, #3215, .T. ) ;
#3154 = VERTEX_POINT ( 'NONE', #219 ) ;
#3155 = EDGE_CURVE ( 'NONE', #1066, #2699, #2781, .T. ) ;
#3156 = ADVANCED_FACE ( 'NONE', ( #3663 ), #3005, .F. ) ;
#3157 = CARTESIAN_POINT ( 'NONE',  ( 9.799999999999998934, 16.49999999999999289, -10.88675134594812555 ) ) ;
#3158 = DIRECTION ( 'NONE',  ( 2.409338161078897701E-16, -0.000000000000000000, 1.000000000000000000 ) ) ;
#3159 = CARTESIAN_POINT ( 'NONE',  ( 8.324999999999995737, 16.69800180856847760, -6.299999999999999822 ) ) ;
#3160 = DIRECTION ( 'NONE',  ( 0.000000000000000000, -0.000000000000000000, 1.000000000000000000 ) ) ;
#3161 = ORIENTED_EDGE ( 'NONE', *, *, #4067, .F. ) ;
#3162 = ORIENTED_EDGE ( 'NONE', *, *, #6552, .T. ) ;
#3163 = ADVANCED_FACE ( 'NONE', ( #2420 ), #179, .F. ) ;
#3164 = DIRECTION ( 'NONE',  ( -1.000000000000000000, 0.000000000000000000, 3.717264591378872697E-16 ) ) ;
#3165 = EDGE_LOOP ( 'NONE', ( #4239, #5373, #1979, #5039, #2245, #331, #2236, #5093, #4274, #3622, #6224 ) ) ;
#3166 = LINE ( 'NONE', #4559, #3226 ) ;
#3167 = CARTESIAN_POINT ( 'NONE',  ( 0.000000000000000000, 78.00000000000000000, 0.000000000000000000 ) ) ;
#3168 = CARTESIAN_POINT ( 'NONE',  ( 6.249999999999999112, 17.89600361713694809, -6.299999999999999822 ) ) ;
#3169 = DIRECTION ( 'NONE',  ( -0.000000000000000000, 0.000000000000000000, 1.000000000000000000 ) ) ;
#3170 = DIRECTION ( 'NONE',  ( -1.000000000000000000, -0.000000000000000000, -0.000000000000000000 ) ) ;
#3171 = ORIENTED_EDGE ( 'NONE', *, *, #4636, .F. ) ;
#3172 = CIRCLE ( 'NONE', #4103, 24.50000000000000000 ) ;
#3173 = EDGE_CURVE ( 'NONE', #6310, #522, #6623, .T. ) ;
#3174 = CARTESIAN_POINT ( 'NONE',  ( 10.49999999999999645, 77.00000000000000000, 12.49999999999998934 ) ) ;
#3175 = CARTESIAN_POINT ( 'NONE',  ( 11.99999999999999822, 73.05662432702591502, 12.49999999999998401 ) ) ;
#3176 = CARTESIAN_POINT ( 'NONE',  ( 4.174999999999997158, 14.30199819143152595, -4.500000000000000888 ) ) ;
#3177 = FACE_BOUND ( 'NONE', #5772, .T. ) ;
#3178 = ORIENTED_EDGE ( 'NONE', *, *, #184, .T. ) ;
#3179 = LINE ( 'NONE', #5402, #1968 ) ;
#3180 = VERTEX_POINT ( 'NONE', #6902 ) ;
#3181 = PERSON_AND_ORGANIZATION ( #6001, #2885 ) ;
#3182 = ORIENTED_EDGE ( 'NONE', *, *, #102, .F. ) ;
#3183 = CARTESIAN_POINT ( 'NONE',  ( -6.250000000000002665, 15.50000000000000000, -8.499999999999996447 ) ) ;
#3184 = DIRECTION ( 'NONE',  ( 0.000000000000000000, 0.000000000000000000, 1.000000000000000000 ) ) ;
#3185 = CARTESIAN_POINT ( 'NONE',  ( -6.250000000000002665, 36.50000000000000711, -8.499999999999996447 ) ) ;
#3186 = EDGE_LOOP ( 'NONE', ( #5127, #7187, #6685, #3527 ) ) ;
#3187 = EDGE_LOOP ( 'NONE', ( #2657, #2099, #4665, #1827, #6383, #5835, #2836, #6198, #1620 ) ) ;
#3188 = ORIENTED_EDGE ( 'NONE', *, *, #6993, .F. ) ;
#3189 = DIRECTION ( 'NONE',  ( 1.000000000000000000, -0.000000000000000000, 0.000000000000000000 ) ) ;
#3190 = DIRECTION ( 'NONE',  ( 0.000000000000000000, 0.000000000000000000, 1.000000000000000000 ) ) ;
#3191 = CARTESIAN_POINT ( 'NONE',  ( -8.400000000000003908, 67.76683849253808489, 7.000000000000004441 ) ) ;
#3192 = CYLINDRICAL_SURFACE ( 'NONE', #7107, 1.249999999999998446 ) ;
#3193 = EDGE_CURVE ( 'NONE', #4397, #4588, #6960, .T. ) ;
#3194 = ORIENTED_EDGE ( 'NONE', *, *, #3035, .F. ) ;
#3195 = CARTESIAN_POINT ( 'NONE',  ( 6.250000000000003553, 72.00000000000000000, 26.00100000000001188 ) ) ;
#3196 = ORIENTED_EDGE ( 'NONE', *, *, #4563, .T. ) ;
#3197 = DIRECTION ( 'NONE',  ( 3.717264591378872697E-16, 0.000000000000000000, 1.000000000000000000 ) ) ;
#3198 = LINE ( 'NONE', #3406, #6506 ) ;
#3199 = CARTESIAN_POINT ( 'NONE',  ( -6.435483870967743769, 45.73338627884130858, 8.499999999999996447 ) ) ;
#3200 = DIRECTION ( 'NONE',  ( -1.000000000000000000, 0.000000000000000000, 0.000000000000000000 ) ) ;
#3201 = AXIS2_PLACEMENT_3D ( 'NONE', #6636, #1631, #3318 ) ;
#3202 = DIRECTION ( 'NONE',  ( 0.000000000000000000, 0.000000000000000000, 1.000000000000000000 ) ) ;
#3203 = ORIENTED_EDGE ( 'NONE', *, *, #4514, .T. ) ;
#3204 = ADVANCED_FACE ( 'NONE', ( #5813 ), #4215, .F. ) ;
#3205 = ORIENTED_EDGE ( 'NONE', *, *, #1446, .T. ) ;
#3206 = DIRECTION ( 'NONE',  ( 0.000000000000000000, 0.000000000000000000, -1.000000000000000000 ) ) ;
#3207 = VECTOR ( 'NONE', #5063, 1000.000000000000227 ) ;
#3208 = DIRECTION ( 'NONE',  ( -0.000000000000000000, 0.000000000000000000, 1.000000000000000000 ) ) ;
#3209 = DIRECTION ( 'NONE',  ( -0.000000000000000000, -1.000000000000000000, -0.000000000000000000 ) ) ;
#3210 = ORIENTED_EDGE ( 'NONE', *, *, #4265, .F. ) ;
#3211 = DIRECTION ( 'NONE',  ( 0.000000000000000000, 0.000000000000000000, -1.000000000000000000 ) ) ;
#3212 = EDGE_LOOP ( 'NONE', ( #6190, #6957, #960, #5930 ) ) ;
#3213 = DIRECTION ( 'NONE',  ( 1.000000000000000000, 0.000000000000000000, -3.717264591378872697E-16 ) ) ;
#3214 = ORIENTED_EDGE ( 'NONE', *, *, #7012, .T. ) ;
#3215 = EDGE_CURVE ( 'NONE', #7002, #6817, #662, .T. ) ;
#3216 = VERTEX_POINT ( 'NONE', #4685 ) ;
#3217 = AXIS2_PLACEMENT_3D ( 'NONE', #3470, #5693, #2372 ) ;
#3218 = ORIENTED_EDGE ( 'NONE', *, *, #3101, .F. ) ;
#3219 = CARTESIAN_POINT ( 'NONE',  ( -6.426214193675555464, 45.73982215215410463, -3.768596619436618500 ) ) ;
#3220 = DIRECTION ( 'NONE',  ( -1.000000000000000000, 0.000000000000000000, 0.000000000000000000 ) ) ;
#3221 = AXIS2_PLACEMENT_3D ( 'NONE', #4456, #5643, #3420 ) ;
#3222 = DIRECTION ( 'NONE',  ( -1.000000000000000000, 0.000000000000000000, 3.717264591378872204E-16 ) ) ;
#3223 = CARTESIAN_POINT ( 'NONE',  ( 1.779946910230486345, 11.81483990851157273, -4.048533149369018425 ) ) ;
#3224 = EDGE_CURVE ( 'NONE', #3609, #6527, #805, .T. ) ;
#3225 = VERTEX_POINT ( 'NONE', #6979 ) ;
#3226 = VECTOR ( 'NONE', #5532, 1000.000000000000000 ) ;
#3227 = CARTESIAN_POINT ( 'NONE',  ( -6.000000000000002665, 67.67157287525381548, 11.49999999999999467 ) ) ;
#3228 = CARTESIAN_POINT ( 'NONE',  ( 15.99999999999999645, 60.00000000000000000, 11.49999999999998579 ) ) ;
#3229 = AXIS2_PLACEMENT_3D ( 'NONE', #2831, #5055, #2748 ) ;
#3230 = AXIS2_PLACEMENT_3D ( 'NONE', #4078, #3525, #1865 ) ;
#3231 = DIRECTION ( 'NONE',  ( 1.000000000000000000, -0.000000000000000000, -0.000000000000000000 ) ) ;
#3232 = DIRECTION ( 'NONE',  ( 0.000000000000000000, 0.000000000000000000, 1.000000000000000000 ) ) ;
#3233 = ORIENTED_EDGE ( 'NONE', *, *, #3134, .F. ) ;
#3234 = ORIENTED_EDGE ( 'NONE', *, *, #1306, .F. ) ;
#3235 = AXIS2_PLACEMENT_3D ( 'NONE', #5467, #3792, #6009 ) ;
#3236 = AXIS2_PLACEMENT_3D ( 'NONE', #3183, #4867, #5874 ) ;
#3237 = CARTESIAN_POINT ( 'NONE',  ( 0.000000000000000000, 13.00000000000000178, 0.4999999999999978351 ) ) ;
#3238 = ORIENTED_EDGE ( 'NONE', *, *, #5352, .T. ) ;
#3239 = LINE ( 'NONE', #4925, #5315 ) ;
#3240 = DIRECTION ( 'NONE',  ( 0.000000000000000000, 0.000000000000000000, 1.000000000000000000 ) ) ;
#3241 = CARTESIAN_POINT ( 'NONE',  ( 0.000000000000000000, 10.00000000000000178, 4.000000000000000000 ) ) ;
#3242 = AXIS2_PLACEMENT_3D ( 'NONE', #2919, #6170, #2289 ) ;
#3243 = VECTOR ( 'NONE', #3832, 1000.000000000000000 ) ;
#3244 = DIRECTION ( 'NONE',  ( 2.220446049250313081E-16, -0.000000000000000000, 1.000000000000000000 ) ) ;
#3245 = ORIENTED_EDGE ( 'NONE', *, *, #5807, .F. ) ;
#3246 = AXIS2_PLACEMENT_3D ( 'NONE', #6898, #1755, #4648 ) ;
#3247 = CARTESIAN_POINT ( 'NONE',  ( -26.00100000000001188, 74.50000000000000000, 15.00000000000000711 ) ) ;
#3248 = EDGE_CURVE ( 'NONE', #3308, #5047, #1859, .T. ) ;
#3249 = EDGE_CURVE ( 'NONE', #1030, #256, #4140, .T. ) ;
#3250 = DIRECTION ( 'NONE',  ( 0.000000000000000000, 1.000000000000000000, 0.000000000000000000 ) ) ;
#3251 = CARTESIAN_POINT ( 'NONE',  ( -6.000000000000005329, 72.61658075373095755, 4.199999999999991296 ) ) ;
#3252 = VERTEX_POINT ( 'NONE', #1349 ) ;
#3253 = CYLINDRICAL_SURFACE ( 'NONE', #1959, 1.100000000000007194 ) ;
#3254 = EDGE_LOOP ( 'NONE', ( #2571, #3758, #2555 ) ) ;
#3255 = CARTESIAN_POINT ( 'NONE',  ( -2.500000000000004885, 66.00000000000000000, 11.49999999999999289 ) ) ;
#3256 = AXIS2_PLACEMENT_3D ( 'NONE', #2817, #980, #5436 ) ;
#3257 = ORIENTED_EDGE ( 'NONE', *, *, #7237, .F. ) ;
#3258 = ORIENTED_EDGE ( 'NONE', *, *, #623, .T. ) ;
#3259 = ADVANCED_FACE ( 'NONE', ( #6325 ), #2383, .F. ) ;
#3260 = CARTESIAN_POINT ( 'NONE',  ( -5.680626034585810835, 46.05708161070026563, -5.298050596501101772 ) ) ;
#3261 = AXIS2_PLACEMENT_3D ( 'NONE', #2539, #895, #5356 ) ;
#3262 = CARTESIAN_POINT ( 'NONE',  ( 0.2989225942456621432, 11.12770483856967907, -3.991648778714721679 ) ) ;
#3263 = CARTESIAN_POINT ( 'NONE',  ( 16.00000000000000000, 78.00000000000000000, -8.000000000000003553 ) ) ;
#3264 = PLANE ( 'NONE',  #3484 ) ;
#3265 = ORIENTED_EDGE ( 'NONE', *, *, #5921, .T. ) ;
#3266 = ORIENTED_EDGE ( 'NONE', *, *, #3459, .T. ) ;
#3267 = AXIS2_PLACEMENT_3D ( 'NONE', #42, #1284, #5676 ) ;
#3268 = ORIENTED_EDGE ( 'NONE', *, *, #5197, .F. ) ;
#3269 = ADVANCED_FACE ( 'NONE', ( #4181 ), #1390, .F. ) ;
#3270 = LINE ( 'NONE', #5491, #1466 ) ;
#3271 = LINE ( 'NONE', #3779, #1239 ) ;
#3272 = VECTOR ( 'NONE', #7070, 1000.000000000000000 ) ;
#3273 = CARTESIAN_POINT ( 'NONE',  ( 15.99999999999999289, 18.49999999999999645, -10.50000000000000178 ) ) ;
#3274 = VERTEX_POINT ( 'NONE', #5849 ) ;
#3275 = ORIENTED_EDGE ( 'NONE', *, *, #6475, .F. ) ;
#3276 = CARTESIAN_POINT ( 'NONE',  ( -8.000000000000003553, 71.00000000000000000, 5.399999999999996803 ) ) ;
#3277 = VERTEX_POINT ( 'NONE', #5300 ) ;
#3278 = LINE ( 'NONE', #4844, #4864 ) ;
#3279 = CARTESIAN_POINT ( 'NONE',  ( 4.646580739223587839E-15, 78.00000000000000000, 12.49999999999999289 ) ) ;
#3280 = LINE ( 'NONE', #6117, #5360 ) ;
#3281 = CARTESIAN_POINT ( 'NONE',  ( 0.000000000000000000, 11.00000000000000000, 0.000000000000000000 ) ) ;
#3282 = ORIENTED_EDGE ( 'NONE', *, *, #19, .T. ) ;
#3283 = DIRECTION ( 'NONE',  ( 0.000000000000000000, 0.000000000000000000, -1.000000000000000000 ) ) ;
#3284 = ORIENTED_EDGE ( 'NONE', *, *, #4184, .F. ) ;
#3285 = DIRECTION ( 'NONE',  ( -1.000000000000000000, -0.000000000000000000, -0.000000000000000000 ) ) ;
#3286 = DIRECTION ( 'NONE',  ( -1.000000000000000000, 0.000000000000000000, 0.000000000000000000 ) ) ;
#3287 = CARTESIAN_POINT ( 'NONE',  ( -6.000000000000003553, 41.44119168361520167, 8.499999999999996447 ) ) ;
#3288 = ORIENTED_EDGE ( 'NONE', *, *, #7229, .T. ) ;
#3289 = DIRECTION ( 'NONE',  ( -2.168404344971008868E-16, -0.000000000000000000, -1.000000000000000000 ) ) ;
#3290 = ORIENTED_EDGE ( 'NONE', *, *, #5386, .F. ) ;
#3291 = ADVANCED_FACE ( 'NONE', ( #289 ), #1144, .T. ) ;
#3292 = EDGE_CURVE ( 'NONE', #101, #4319, #3519, .T. ) ;
#3293 = AXIS2_PLACEMENT_3D ( 'NONE', #2881, #6849, #4084 ) ;
#3294 = EDGE_LOOP ( 'NONE', ( #3739, #853, #1462, #4479, #4717 ) ) ;
#3295 = CARTESIAN_POINT ( 'NONE',  ( -6.000000000000008882, 46.55880832157552618, -3.567913191103834425 ) ) ;
#3296 = CARTESIAN_POINT ( 'NONE',  ( 0.000000000000000000, 0.5000000000000004441, -24.50000000000000000 ) ) ;
#3297 = CARTESIAN_POINT ( 'NONE',  ( 10.99999999999998579, 16.49999999999999289, -7.999999999999998224 ) ) ;
#3298 = EDGE_CURVE ( 'NONE', #983, #519, #5897, .T. ) ;
#3299 = VERTEX_POINT ( 'NONE', #927 ) ;
#3300 = VERTEX_POINT ( 'NONE', #5343 ) ;
#3301 = ORIENTED_EDGE ( 'NONE', *, *, #3317, .T. ) ;
#3302 = DIRECTION ( 'NONE',  ( 1.000000000000000000, 0.000000000000000000, -2.409338161078897701E-16 ) ) ;
#3303 = DIRECTION ( 'NONE',  ( 0.000000000000000000, 0.000000000000000000, 1.000000000000000000 ) ) ;
#3304 = CARTESIAN_POINT ( 'NONE',  ( 7.349999999999996980, 36.50000000000000711, -11.50000000000000000 ) ) ;
#3305 = EDGE_CURVE ( 'NONE', #4128, #1839, #4277, .T. ) ;
#3306 = ORIENTED_EDGE ( 'NONE', *, *, #4734, .F. ) ;
#3307 = ORIENTED_EDGE ( 'NONE', *, *, #2476, .F. ) ;
#3308 = VERTEX_POINT ( 'NONE', #3191 ) ;
#3309 = DIRECTION ( 'NONE',  ( 0.000000000000000000, 0.000000000000000000, 1.000000000000000000 ) ) ;
#3310 = ORIENTED_EDGE ( 'NONE', *, *, #1926, .F. ) ;
#3311 = CARTESIAN_POINT ( 'NONE',  ( 1.230658645560822162, 11.55372908487354700, -3.808898352777765783 ) ) ;
#3312 = EDGE_LOOP ( 'NONE', ( #3879, #4099, #409, #5827 ) ) ;
#3313 = ORIENTED_EDGE ( 'NONE', *, *, #5872, .T. ) ;
#3314 = CARTESIAN_POINT ( 'NONE',  ( 3.000384657911015469E-15, 0.5000000000000004441, 24.50000000000000000 ) ) ;
#3315 = DIRECTION ( 'NONE',  ( -0.8660254037844389297, 0.4999999999999995559, 0.000000000000000000 ) ) ;
#3316 = CARTESIAN_POINT ( 'NONE',  ( -11.50000000000000000, 12.00000000000000000, 12.89999999999999858 ) ) ;
#3317 = EDGE_CURVE ( 'NONE', #1213, #4168, #6509, .T. ) ;
#3318 = DIRECTION ( 'NONE',  ( 0.000000000000000000, 0.000000000000000000, -1.000000000000000000 ) ) ;
#3319 = DIRECTION ( 'NONE',  ( -1.000000000000000000, -0.000000000000000000, 3.717264591378872697E-16 ) ) ;
#3320 = FACE_OUTER_BOUND ( 'NONE', #6158, .T. ) ;
#3321 = VECTOR ( 'NONE', #6097, 1000.000000000000000 ) ;
#3322 = CARTESIAN_POINT ( 'NONE',  ( -11.91651513899116743, 41.10449104336830572, -10.90000000000000391 ) ) ;
#3323 = CARTESIAN_POINT ( 'NONE',  ( -6.000000000000005329, 69.38341924626904245, 4.199999999999991296 ) ) ;
#3324 = VERTEX_POINT ( 'NONE', #5382 ) ;
#3325 = VECTOR ( 'NONE', #2696, 1000.000000000000000 ) ;
#3326 = CARTESIAN_POINT ( 'NONE',  ( 6.249999999999997335, 15.50000000000000000, -11.50000000000000000 ) ) ;
#3327 = EDGE_CURVE ( 'NONE', #4806, #4814, #5573, .T. ) ;
#3328 = CARTESIAN_POINT ( 'NONE',  ( 9.799999999999998934, 16.49999999999999289, -10.88675134594812555 ) ) ;
#3329 = CARTESIAN_POINT ( 'NONE',  ( -2.297766898550480966E-11, 11.13397459621556074, -4.000000000000000000 ) ) ;
#3330 = CARTESIAN_POINT ( 'NONE',  ( 12.00000000000000355, 74.50000000000000000, 13.64999999999998792 ) ) ;
#3331 = CARTESIAN_POINT ( 'NONE',  ( 15.99999999999999289, 19.49999999999999645, -5.500000000000005329 ) ) ;
#3332 = CIRCLE ( 'NONE', #1107, 25.50000000000000355 ) ;
#3333 = EDGE_CURVE ( 'NONE', #4737, #956, #7044, .T. ) ;
#3334 = EDGE_LOOP ( 'NONE', ( #5304, #6947, #564, #5728 ) ) ;
#3335 = ORIENTED_EDGE ( 'NONE', *, *, #6273, .F. ) ;
#3336 = AXIS2_PLACEMENT_3D ( 'NONE', #6323, #6935, #4610 ) ;
#3337 = FACE_OUTER_BOUND ( 'NONE', #4356, .T. ) ;
#3338 = EDGE_CURVE ( 'NONE', #1829, #5818, #4616, .T. ) ;
#3339 = EDGE_CURVE ( 'NONE', #6527, #2361, #5552, .T. ) ;
#3340 = DIRECTION ( 'NONE',  ( -1.000000000000000000, 0.000000000000000000, 0.000000000000000000 ) ) ;
#3341 = CARTESIAN_POINT ( 'NONE',  ( 15.99999999999998224, 74.50000000000000000, -9.350000000000006750 ) ) ;
#3342 = CARTESIAN_POINT ( 'NONE',  ( 11.50000000000000000, 10.20000000000000107, -14.50000000000000000 ) ) ;
#3343 = VECTOR ( 'NONE', #1589, 1000.000000000000000 ) ;
#3344 = EDGE_LOOP ( 'NONE', ( #7213, #1616 ) ) ;
#3345 = VERTEX_POINT ( 'NONE', #4292 ) ;
#3346 = DIRECTION ( 'NONE',  ( -1.000000000000000000, 0.000000000000000000, 4.336808689942017736E-16 ) ) ;
#3347 = AXIS2_PLACEMENT_3D ( 'NONE', #4521, #2357, #4585 ) ;
#3348 = EDGE_LOOP ( 'NONE', ( #4913, #1852, #5613, #6075 ) ) ;
#3349 = EDGE_CURVE ( 'NONE', #3274, #5912, #2400, .T. ) ;
#3350 = DIRECTION ( 'NONE',  ( 1.000000000000000000, 0.000000000000000000, 0.000000000000000000 ) ) ;
#3351 = DIRECTION ( 'NONE',  ( -0.000000000000000000, 1.000000000000000000, -0.000000000000000000 ) ) ;
#3352 = DIRECTION ( 'NONE',  ( 1.000000000000000000, 0.000000000000000000, 0.000000000000000000 ) ) ;
#3353 = CARTESIAN_POINT ( 'NONE',  ( -12.00000000000000533, 60.48096731157898631, 8.568140544564569083 ) ) ;
#3354 = ORIENTED_EDGE ( 'NONE', *, *, #1409, .T. ) ;
#3355 = AXIS2_PLACEMENT_3D ( 'NONE', #916, #1448, #5803 ) ;
#3356 = ORIENTED_EDGE ( 'NONE', *, *, #4454, .T. ) ;
#3357 = CARTESIAN_POINT ( 'NONE',  ( 5.149999999999998579, 36.50000000000000711, -11.50000000000000000 ) ) ;
#3358 = EDGE_CURVE ( 'NONE', #1493, #347, #5960, .T. ) ;
#3359 = CARTESIAN_POINT ( 'NONE',  ( 9.799999999999998934, 16.49999999999999289, -10.88675134594812555 ) ) ;
#3360 = AXIS2_PLACEMENT_3D ( 'NONE', #6715, #4599, #3399 ) ;
#3361 = CARTESIAN_POINT ( 'NONE',  ( -12.00000000000000178, 59.00000000000000000, 10.49999999999999822 ) ) ;
#3362 = CIRCLE ( 'NONE', #2184, 0.9999999999999993339 ) ;
#3363 = CARTESIAN_POINT ( 'NONE',  ( 11.50000000000000000, 10.20000000000000107, -14.50000000000000000 ) ) ;
#3364 = DIRECTION ( 'NONE',  ( 0.000000000000000000, 0.000000000000000000, -1.000000000000000000 ) ) ;
#3365 = TOROIDAL_SURFACE ( 'NONE', #553, 2.000000000000000000, 1.000000000000000000 ) ;
#3366 = AXIS2_PLACEMENT_3D ( 'NONE', #6294, #5230, #1422 ) ;
#3367 = DIRECTION ( 'NONE',  ( 1.000000000000000000, 0.000000000000000000, -2.168404344971008868E-16 ) ) ;
#3368 = CARTESIAN_POINT ( 'NONE',  ( 10.49999999999999645, 74.50000000000000000, 18.49999999999999645 ) ) ;
#3369 = CARTESIAN_POINT ( 'NONE',  ( -12.00000000000000355, 35.00000000000000000, 8.499999999999996447 ) ) ;
#3370 = PLANE ( 'NONE',  #4877 ) ;
#3371 = CARTESIAN_POINT ( 'NONE',  ( 16.00000000000000000, 71.50000000000000000, -10.50000000000000178 ) ) ;
#3372 = VECTOR ( 'NONE', #4830, 1000.000000000000000 ) ;
#3373 = ORIENTED_EDGE ( 'NONE', *, *, #784, .F. ) ;
#3374 = ORIENTED_EDGE ( 'NONE', *, *, #6231, .T. ) ;
#3375 = CIRCLE ( 'NONE', #6860, 0.5000000000000004441 ) ;
#3376 = EDGE_LOOP ( 'NONE', ( #6684, #2014, #1334, #2009 ) ) ;
#3377 = CARTESIAN_POINT ( 'NONE',  ( 8.324999999999997513, 14.30199819143152595, -4.500000000000000888 ) ) ;
#3378 = LINE ( 'NONE', #2796, #1711 ) ;
#3379 = FACE_OUTER_BOUND ( 'NONE', #5088, .T. ) ;
#3380 = CIRCLE ( 'NONE', #2679, 0.5000000000000004441 ) ;
#3381 = EDGE_CURVE ( 'NONE', #4735, #2128, #5997, .T. ) ;
#3382 = ORIENTED_EDGE ( 'NONE', *, *, #4373, .T. ) ;
#3383 = VECTOR ( 'NONE', #3449, 1000.000000000000000 ) ;
#3384 = DIRECTION ( 'NONE',  ( -1.000000000000000000, 0.000000000000000000, -0.000000000000000000 ) ) ;
#3385 = CARTESIAN_POINT ( 'NONE',  ( -1.213302727746583320, 11.84459393469095190, -4.222334354619905916 ) ) ;
#3386 = CARTESIAN_POINT ( 'NONE',  ( 0.000000000000000000, 9.000000000000001776, 0.000000000000000000 ) ) ;
#3387 = DIRECTION ( 'NONE',  ( -4.336808689942017736E-16, 0.000000000000000000, -1.000000000000000000 ) ) ;
#3388 = CIRCLE ( 'NONE', #4326, 0.9999999999999991118 ) ;
#3389 = ADVANCED_FACE ( 'NONE', ( #3819 ), #1035, .F. ) ;
#3390 = ORIENTED_EDGE ( 'NONE', *, *, #3248, .F. ) ;
#3391 = CARTESIAN_POINT ( 'NONE',  ( 4.175000000000000711, 35.30199819143152240, -4.500000000000000888 ) ) ;
#3392 = FACE_OUTER_BOUND ( 'NONE', #3312, .T. ) ;
#3393 = DIRECTION ( 'NONE',  ( 0.000000000000000000, 0.000000000000000000, 1.000000000000000000 ) ) ;
#3394 = DIRECTION ( 'NONE',  ( 0.000000000000000000, 0.000000000000000000, -1.000000000000000000 ) ) ;
#3395 = DIRECTION ( 'NONE',  ( 0.000000000000000000, 0.000000000000000000, -1.000000000000000000 ) ) ;
#3396 = EDGE_CURVE ( 'NONE', #1079, #4120, #6040, .T. ) ;
#3397 = DIRECTION ( 'NONE',  ( 0.000000000000000000, 0.000000000000000000, -1.000000000000000000 ) ) ;
#3398 = DIRECTION ( 'NONE',  ( 0.8660254037844385966, 0.5000000000000000000, 0.000000000000000000 ) ) ;
#3399 = DIRECTION ( 'NONE',  ( 0.000000000000000000, 0.000000000000000000, 1.000000000000000000 ) ) ;
#3400 = DIRECTION ( 'NONE',  ( 0.000000000000000000, 0.8660254037844387076, -0.4999999999999997224 ) ) ;
#3401 = DIRECTION ( 'NONE',  ( 1.858632295689444484E-16, 0.8660254037844373753, 0.5000000000000022204 ) ) ;
#3402 = AXIS2_PLACEMENT_3D ( 'NONE', #2613, #4813, #2015 ) ;
#3403 = ORIENTED_EDGE ( 'NONE', *, *, #5872, .F. ) ;
#3404 = FACE_OUTER_BOUND ( 'NONE', #4809, .T. ) ;
#3405 = CARTESIAN_POINT ( 'NONE',  ( -1.743559577416269324, 11.00000000000000000, -3.600000000000000089 ) ) ;
#3406 = CARTESIAN_POINT ( 'NONE',  ( -6.000000000000004441, 74.23316150746191511, 6.999999999999985789 ) ) ;
#3407 = CARTESIAN_POINT ( 'NONE',  ( -2.500000000000004885, 70.50000000000000000, 11.49999999999999289 ) ) ;
#3408 = ORIENTED_EDGE ( 'NONE', *, *, #4412, .F. ) ;
#3409 = DIRECTION ( 'NONE',  ( -0.000000000000000000, -1.000000000000000000, -0.000000000000000000 ) ) ;
#3410 = EDGE_LOOP ( 'NONE', ( #2643, #4643, #69, #577 ) ) ;
#3411 = CARTESIAN_POINT ( 'NONE',  ( -0.2993175752396700084, 11.12768686353192216, -3.991625263272780000 ) ) ;
#3412 = LINE ( 'NONE', #6192, #4410 ) ;
#3413 = ADVANCED_FACE ( 'NONE', ( #7127 ), #7090, .T. ) ;
#3414 = CARTESIAN_POINT ( 'NONE',  ( 9.499999999999998224, 75.94337567297404235, 12.49999999999998401 ) ) ;
#3415 = ORIENTED_EDGE ( 'NONE', *, *, #2534, .F. ) ;
#3416 = EDGE_LOOP ( 'NONE', ( #6453, #2569 ) ) ;
#3417 = ORIENTED_EDGE ( 'NONE', *, *, #6069, .F. ) ;
#3418 = VERTEX_POINT ( 'NONE', #2123 ) ;
#3419 = LINE ( 'NONE', #3391, #1212 ) ;
#3420 = DIRECTION ( 'NONE',  ( 0.000000000000000000, 0.5000000000000028866, 0.8660254037844369313 ) ) ;
#3421 = LINE ( 'NONE', #1797, #1141 ) ;
#3422 = ADVANCED_FACE ( 'NONE', ( #5926 ), #6042, .F. ) ;
#3423 = EDGE_CURVE ( 'NONE', #4164, #4499, #3704, .T. ) ;
#3424 = DIRECTION ( 'NONE',  ( -2.168404344971008868E-16, 0.000000000000000000, -1.000000000000000000 ) ) ;
#3425 = DIRECTION ( 'NONE',  ( -1.000000000000000000, 0.000000000000000000, 2.168404344971008868E-16 ) ) ;
#3426 = ORIENTED_EDGE ( 'NONE', *, *, #5863, .T. ) ;
#3427 = DIRECTION ( 'NONE',  ( -1.000000000000000000, 0.000000000000000000, 0.000000000000000000 ) ) ;
#3428 = CARTESIAN_POINT ( 'NONE',  ( -6.350000000000002309, 44.00000000000000000, -4.499999999999997335 ) ) ;
#3429 = EDGE_CURVE ( 'NONE', #757, #1106, #5597, .T. ) ;
#3430 = CARTESIAN_POINT ( 'NONE',  ( 0.5711552003120738963, 12.47263623055915538, -4.500000000000000888 ) ) ;
#3431 = ORIENTED_EDGE ( 'NONE', *, *, #3018, .F. ) ;
#3432 = AXIS2_PLACEMENT_3D ( 'NONE', #3174, #5397, #4893 ) ;
#3433 = ORIENTED_EDGE ( 'NONE', *, *, #932, .F. ) ;
#3434 = DIRECTION ( 'NONE',  ( 1.000000000000000000, 0.000000000000000000, 0.000000000000000000 ) ) ;
#3435 = EDGE_LOOP ( 'NONE', ( #3126, #6390 ) ) ;
#3436 = AXIS2_PLACEMENT_3D ( 'NONE', #2720, #4517, #6627 ) ;
#3437 = FACE_OUTER_BOUND ( 'NONE', #2191, .T. ) ;
#3438 = ADVANCED_FACE ( 'NONE', ( #4953 ), #1142, .T. ) ;
#3439 = CARTESIAN_POINT ( 'NONE',  ( 9.799999999999998934, 77.00000000000000000, -4.500000000000003553 ) ) ;
#3440 = DIRECTION ( 'NONE',  ( 1.000000000000000000, -0.000000000000000000, -0.000000000000000000 ) ) ;
#3441 = ORIENTED_EDGE ( 'NONE', *, *, #4296, .F. ) ;
#3442 = B_SPLINE_CURVE_WITH_KNOTS ( 'NONE', 3,
 ( #5996, #4214, #2122, #1495, #1971, #6433, #1421, #4916, #332, #5883, #879, #7008 ),
 .UNSPECIFIED., .F., .F.,
 ( 4, 2, 2, 2, 2, 4 ),
 ( 0.000000000000000000, 0.0002098302604892535552, 0.0004196605209785071104, 0.0008393210419570086914, 0.001258981562935510218, 0.001678642083914011745 ),
 .UNSPECIFIED. ) ;
#3443 = AXIS2_PLACEMENT_3D ( 'NONE', #268, #2505, #6308 ) ;
#3444 = ORIENTED_EDGE ( 'NONE', *, *, #2933, .T. ) ;
#3445 = DIRECTION ( 'NONE',  ( -0.000000000000000000, -1.000000000000000000, -0.000000000000000000 ) ) ;
#3446 = CARTESIAN_POINT ( 'NONE',  ( -0.6315473110005802582, 11.53583282493347717, -3.953152043278629790 ) ) ;
#3447 = VECTOR ( 'NONE', #2581, 1000.000000000000000 ) ;
#3448 = FACE_BOUND ( 'NONE', #133, .T. ) ;
#3449 = DIRECTION ( 'NONE',  ( 0.000000000000000000, 0.8660254037844382635, -0.5000000000000006661 ) ) ;
#3450 = ORIENTED_EDGE ( 'NONE', *, *, #3508, .F. ) ;
#3451 = VERTEX_POINT ( 'NONE', #3860 ) ;
#3452 = EDGE_CURVE ( 'NONE', #1456, #4327, #6077, .T. ) ;
#3453 = ORIENTED_EDGE ( 'NONE', *, *, #5058, .T. ) ;
#3454 = TOROIDAL_SURFACE ( 'NONE', #4617, 4.500000000000000888, 1.000000000000000000 ) ;
#3455 = DIRECTION ( 'NONE',  ( -2.569960705150821059E-15, 0.000000000000000000, -1.000000000000000000 ) ) ;
#3456 = CARTESIAN_POINT ( 'NONE',  ( -12.00000000000000355, 74.50000000000000000, 14.99999999999999645 ) ) ;
#3457 = CARTESIAN_POINT ( 'NONE',  ( -6.000000000000003553, 59.00000000000000000, 8.499999999999996447 ) ) ;
#3458 = CARTESIAN_POINT ( 'NONE',  ( -6.000000000000008882, 77.00000000000000000, -4.499999999999999112 ) ) ;
#3459 = EDGE_CURVE ( 'NONE', #1303, #6943, #4046, .T. ) ;
#3460 = AXIS2_PLACEMENT_3D ( 'NONE', #6038, #4987, #6181 ) ;
#3461 = CIRCLE ( 'NONE', #182, 1.000000000000000000 ) ;
#3462 = DIRECTION ( 'NONE',  ( 0.000000000000000000, 0.000000000000000000, 1.000000000000000000 ) ) ;
#3463 = VERTEX_POINT ( 'NONE', #3377 ) ;
#3464 = CIRCLE ( 'NONE', #1811, 1.100000000000007194 ) ;
#3465 = EDGE_CURVE ( 'NONE', #2991, #3216, #420, .T. ) ;
#3466 = ADVANCED_FACE ( 'NONE', ( #2200 ), #6688, .F. ) ;
#3467 = AXIS2_PLACEMENT_3D ( 'NONE', #6420, #1408, #5867 ) ;
#3468 = LINE ( 'NONE', #129, #5179 ) ;
#3469 = VECTOR ( 'NONE', #3789, 1000.000000000000000 ) ;
#3470 = CARTESIAN_POINT ( 'NONE',  ( 9.799999999999998934, 13.99999999999999289, -4.499999999999999112 ) ) ;
#3471 = CYLINDRICAL_SURFACE ( 'NONE', #3941, 24.50000000000000000 ) ;
#3472 = CARTESIAN_POINT ( 'NONE',  ( -2.001798365830167903, 12.75227408265098106, -4.500000000000000000 ) ) ;
#3473 = AXIS2_PLACEMENT_3D ( 'NONE', #3982, #706, #6229 ) ;
#3474 = AXIS2_PLACEMENT_3D ( 'NONE', #1933, #769, #3553 ) ;
#3475 = ADVANCED_FACE ( 'NONE', ( #3404 ), #2794, .F. ) ;
#3476 = ORIENTED_EDGE ( 'NONE', *, *, #1240, .F. ) ;
#3477 = AXIS2_PLACEMENT_3D ( 'NONE', #6949, #5890, #1321 ) ;
#3478 = CARTESIAN_POINT ( 'NONE',  ( -5.000000000000007994, 47.08990291109606829, -4.499999999999999112 ) ) ;
#3479 = ORIENTED_EDGE ( 'NONE', *, *, #5800, .T. ) ;
#3480 = CARTESIAN_POINT ( 'NONE',  ( 1.520709067666789371, 12.09876289898816104, -4.500000000000000888 ) ) ;
#3481 = CARTESIAN_POINT ( 'NONE',  ( -6.000000000000008882, 12.99999999999999822, -4.499999999999999112 ) ) ;
#3482 = FACE_OUTER_BOUND ( 'NONE', #3813, .T. ) ;
#3483 = ORIENTED_EDGE ( 'NONE', *, *, #3939, .T. ) ;
#3484 = AXIS2_PLACEMENT_3D ( 'NONE', #7193, #3401, #6030 ) ;
#3485 = EDGE_CURVE ( 'NONE', #2504, #1456, #176, .T. ) ;
#3486 = B_SPLINE_CURVE_WITH_KNOTS ( 'NONE', 3,
 ( #1114, #528, #3353, #6055, #1664, #5007, #2217, #6592, #2133, #2726 ),
 .UNSPECIFIED., .F., .F.,
 ( 4, 2, 2, 2, 4 ),
 ( 0.000000000000000000, 0.001083466445518502458, 0.002166932891037004916, 0.003250399336555507591, 0.004333865782074009833 ),
 .UNSPECIFIED. ) ;
#3487 = PLANE ( 'NONE',  #7046 ) ;
#3488 = ORIENTED_EDGE ( 'NONE', *, *, #4183, .F. ) ;
#3489 = CARTESIAN_POINT ( 'NONE',  ( -8.000000000000003553, 40.99999999999999289, -7.100000000000003197 ) ) ;
#3490 = AXIS2_PLACEMENT_3D ( 'NONE', #1771, #3394, #153 ) ;
#3491 = DIRECTION ( 'NONE',  ( 0.000000000000000000, 1.000000000000000000, 0.000000000000000000 ) ) ;
#3492 = DIRECTION ( 'NONE',  ( 0.000000000000000000, 0.000000000000000000, 1.000000000000000000 ) ) ;
#3493 = ORIENTED_EDGE ( 'NONE', *, *, #1723, .T. ) ;
#3494 = ORIENTED_EDGE ( 'NONE', *, *, #4147, .T. ) ;
#3495 = AXIS2_PLACEMENT_3D ( 'NONE', #1218, #1695, #6258 ) ;
#3496 = FACE_OUTER_BOUND ( 'NONE', #2174, .T. ) ;
#3497 = DIRECTION ( 'NONE',  ( -2.172046186845915644E-16, -2.465190328815661892E-32, -1.000000000000000000 ) ) ;
#3498 = CARTESIAN_POINT ( 'NONE',  ( 10.49999999999999645, 77.00000000000000000, 11.49999999999998757 ) ) ;
#3499 = DIRECTION ( 'NONE',  ( 0.000000000000000000, 0.000000000000000000, -1.000000000000000000 ) ) ;
#3500 = CIRCLE ( 'NONE', #1747, 2.000000000000003553 ) ;
#3501 = DIRECTION ( 'NONE',  ( -0.000000000000000000, -1.000000000000000000, -0.000000000000000000 ) ) ;
#3502 = EDGE_LOOP ( 'NONE', ( #4890, #1420, #5832, #864 ) ) ;
#3503 = LINE ( 'NONE', #818, #2859 ) ;
#3504 = DIRECTION ( 'NONE',  ( -1.000000000000000000, 0.000000000000000000, 0.000000000000000000 ) ) ;
#3505 = DIRECTION ( 'NONE',  ( -2.569960705150824215E-15, 0.000000000000000000, -1.000000000000000000 ) ) ;
#3506 = DIRECTION ( 'NONE',  ( 4.956352788505163268E-16, 0.000000000000000000, 1.000000000000000000 ) ) ;
#3507 = EDGE_CURVE ( 'NONE', #2721, #2927, #4742, .T. ) ;
#3508 = EDGE_CURVE ( 'NONE', #5648, #3769, #2047, .T. ) ;
#3509 = ORIENTED_EDGE ( 'NONE', *, *, #4184, .T. ) ;
#3510 = CARTESIAN_POINT ( 'NONE',  ( 2.538895844613018316, 11.91864233076793411, -3.836634320681019172 ) ) ;
#3511 = VERTEX_POINT ( 'NONE', #5523 ) ;
#3512 = CARTESIAN_POINT ( 'NONE',  ( 6.123233995736766282E-16, 9.000000000000001776, -5.000000000000000000 ) ) ;
#3513 = DIRECTION ( 'NONE',  ( -1.000000000000000000, 0.000000000000000000, 3.717264591378872204E-16 ) ) ;
#3514 = DIRECTION ( 'NONE',  ( 0.000000000000000000, 1.000000000000000000, 0.000000000000000000 ) ) ;
#3515 = EDGE_CURVE ( 'NONE', #5869, #1597, #6655, .T. ) ;
#3516 = AXIS2_PLACEMENT_3D ( 'NONE', #2144, #3911, #2702 ) ;
#3517 = DIRECTION ( 'NONE',  ( 0.000000000000000000, 0.000000000000000000, 1.000000000000000000 ) ) ;
#3518 = CARTESIAN_POINT ( 'NONE',  ( -1.606711889935974469, 11.00000001638967007, -3.666278360042654505 ) ) ;
#3519 = LINE ( 'NONE', #5739, #6828 ) ;
#3520 = LINE ( 'NONE', #667, #5234 ) ;
#3521 = EDGE_CURVE ( 'NONE', #4311, #3418, #4509, .T. ) ;
#3522 = ORIENTED_EDGE ( 'NONE', *, *, #6975, .T. ) ;
#3523 = DIRECTION ( 'NONE',  ( 0.000000000000000000, 0.000000000000000000, 1.000000000000000000 ) ) ;
#3524 = ORIENTED_EDGE ( 'NONE', *, *, #1688, .T. ) ;
#3525 = DIRECTION ( 'NONE',  ( -1.000000000000000000, 0.000000000000000000, 0.000000000000000000 ) ) ;
#3526 = FACE_OUTER_BOUND ( 'NONE', #4891, .T. ) ;
#3527 = ORIENTED_EDGE ( 'NONE', *, *, #507, .F. ) ;
#3528 = CARTESIAN_POINT ( 'NONE',  ( -6.000000000000008882, 41.44119167842447382, -3.567913191103843751 ) ) ;
#3529 = FACE_OUTER_BOUND ( 'NONE', #2634, .T. ) ;
#3530 = ADVANCED_FACE ( 'NONE', ( #3337 ), #4915, .T. ) ;
#3531 = ORIENTED_EDGE ( 'NONE', *, *, #6694, .T. ) ;
#3532 = CYLINDRICAL_SURFACE ( 'NONE', #4343, 0.9999999999999991118 ) ;
#3533 = ORIENTED_EDGE ( 'NONE', *, *, #6241, .T. ) ;
#3534 = MANIFOLD_SOLID_BREP ( '\X2\570689d2\X0\6', #1096 ) ;
#3535 = CARTESIAN_POINT ( 'NONE',  ( 4.174999999999997158, 16.69800180856847405, -6.299999999999999822 ) ) ;
#3536 = CARTESIAN_POINT ( 'NONE',  ( 9.499999999999998224, 77.38675134594814153, 15.00000000000000888 ) ) ;
#3537 = DIRECTION ( 'NONE',  ( 0.000000000000000000, 0.000000000000000000, 1.000000000000000000 ) ) ;
#3538 = EDGE_LOOP ( 'NONE', ( #958, #2468, #840, #3450 ) ) ;
#3539 = CARTESIAN_POINT ( 'NONE',  ( 0.2856149799113399390, 12.45682086718002246, -4.500000000000001776 ) ) ;
#3540 = ORIENTED_EDGE ( 'NONE', *, *, #4451, .T. ) ;
#3541 = EDGE_CURVE ( 'NONE', #337, #4838, #7123, .T. ) ;
#3542 = ORIENTED_EDGE ( 'NONE', *, *, #7129, .F. ) ;
#3543 = CC_DESIGN_PERSON_AND_ORGANIZATION_ASSIGNMENT ( #3729, #3064, ( #3823 ) ) ;
#3544 = CARTESIAN_POINT ( 'NONE',  ( 3.570714214271423881, 13.00000000000000000, -4.500000000000000888 ) ) ;
#3545 = CARTESIAN_POINT ( 'NONE',  ( -0.5717464080677117089, 12.47269158055967431, -4.500000000000000888 ) ) ;
#3546 = CARTESIAN_POINT ( 'NONE',  ( 10.49999999999999822, 70.50000000000000000, 18.49999999999999645 ) ) ;
#3547 = TOROIDAL_SURFACE ( 'NONE', #855, 1.749999999999998446, 0.5000000000000000000 ) ;
#3548 = VECTOR ( 'NONE', #4771, 1000.000000000000000 ) ;
#3549 = ADVANCED_FACE ( 'NONE', ( #6575 ), #1567, .T. ) ;
#3550 = EDGE_CURVE ( 'NONE', #4485, #5419, #3270, .T. ) ;
#3551 = CARTESIAN_POINT ( 'NONE',  ( -8.400000000000003908, 71.00000000000000000, 8.599999999999997868 ) ) ;
#3552 = PLANE ( 'NONE',  #2512 ) ;
#3553 = DIRECTION ( 'NONE',  ( 1.000000000000000000, 0.000000000000000000, -4.336808689942017736E-16 ) ) ;
#3554 = PLANE ( 'NONE',  #5026 ) ;
#3555 = CIRCLE ( 'NONE', #274, 1.000000000000000000 ) ;
#3556 = EDGE_LOOP ( 'NONE', ( #4222, #4328 ) ) ;
#3557 = EDGE_LOOP ( 'NONE', ( #6444, #2276, #6350, #2937 ) ) ;
#3558 = ADVANCED_FACE ( 'NONE', ( #2715 ), #695, .F. ) ;
#3559 = DIRECTION ( 'NONE',  ( 1.000000000000000000, 0.000000000000000000, 0.000000000000000000 ) ) ;
#3560 = AXIS2_PLACEMENT_3D ( 'NONE', #1857, #1214, #3517 ) ;
#3561 = EDGE_LOOP ( 'NONE', ( #2753, #6608, #2183, #745 ) ) ;
#3562 = LINE ( 'NONE', #6440, #3814 ) ;
#3563 = CARTESIAN_POINT ( 'NONE',  ( -9.000000000000000000, -0.0009999999999992653654, 0.000000000000000000 ) ) ;
#3564 = ORIENTED_EDGE ( 'NONE', *, *, #1798, .F. ) ;
#3565 = CARTESIAN_POINT ( 'NONE',  ( -5.609118888189470020, 41.05291358226603649, -4.295765289394875452 ) ) ;
#3566 = CARTESIAN_POINT ( 'NONE',  ( -11.50000000000000000, 10.20000000000000107, 14.50000000000000000 ) ) ;
#3567 = VERTEX_POINT ( 'NONE', #2958 ) ;
#3568 = DIRECTION ( 'NONE',  ( -1.000000000000000000, 0.000000000000000000, 0.000000000000000000 ) ) ;
#3569 = ORIENTED_EDGE ( 'NONE', *, *, #2588, .F. ) ;
#3570 = ORIENTED_EDGE ( 'NONE', *, *, #5169, .F. ) ;
#3571 = VECTOR ( 'NONE', #2180, 1000.000000000000000 ) ;
#3572 = EDGE_CURVE ( 'NONE', #383, #7146, #2375, .T. ) ;
#3573 = CARTESIAN_POINT ( 'NONE',  ( -12.00000000000000355, 30.50000000000000355, -0.5000000000000022204 ) ) ;
#3574 = FACE_OUTER_BOUND ( 'NONE', #5669, .T. ) ;
#3575 = AXIS2_PLACEMENT_3D ( 'NONE', #3068, #2591, #7034 ) ;
#3576 = LINE ( 'NONE', #944, #766 ) ;
#3577 = ORIENTED_EDGE ( 'NONE', *, *, #5256, .T. ) ;
#3578 = AXIS2_PLACEMENT_3D ( 'NONE', #4114, #4189, #1941 ) ;
#3579 = CARTESIAN_POINT ( 'NONE',  ( -2.492047109351640533, 12.15440877116106400, -4.500000000000000888 ) ) ;
#3580 = ORIENTED_EDGE ( 'NONE', *, *, #3732, .T. ) ;
#3581 = VECTOR ( 'NONE', #4371, 1000.000000000000000 ) ;
#3582 = DATE_TIME_ROLE ( 'classification_date' ) ;
#3583 = VECTOR ( 'NONE', #3061, 1000.000000000000227 ) ;
#3584 = AXIS2_PLACEMENT_3D ( 'NONE', #5057, #5629, #3303 ) ;
#3585 = ORIENTED_EDGE ( 'NONE', *, *, #3775, .F. ) ;
#3586 = CARTESIAN_POINT ( 'NONE',  ( 16.00000000000000000, 78.00000000000000000, -4.500000000000003553 ) ) ;
#3587 = CARTESIAN_POINT ( 'NONE',  ( -1.580439177945627938, 11.80428584638606360, -4.095097343982032179 ) ) ;
#3588 = DIRECTION ( 'NONE',  ( 0.000000000000000000, -1.000000000000000000, 0.000000000000000000 ) ) ;
#3589 = VECTOR ( 'NONE', #2011, 1000.000000000000000 ) ;
#3590 = ORIENTED_EDGE ( 'NONE', *, *, #1828, .T. ) ;
#3591 = CIRCLE ( 'NONE', #2899, 25.50000000000000355 ) ;
#3592 = CARTESIAN_POINT ( 'NONE',  ( -11.50000000000000000, 9.000000000000001776, -17.00000000000000000 ) ) ;
#3593 = CARTESIAN_POINT ( 'NONE',  ( -10.00000000000000355, 66.54999999999999716, -7.450000000000000178 ) ) ;
#3594 = DIRECTION ( 'NONE',  ( 1.000000000000000000, 0.000000000000000000, 0.000000000000000000 ) ) ;
#3595 = CARTESIAN_POINT ( 'NONE',  ( -6.420648878708280272, 45.74380589409570774, -3.842442499819014312 ) ) ;
#3596 = CONICAL_SURFACE ( 'NONE', #2793, 24.49999999999998934, 0.7853981633974437271 ) ;
#3597 = EDGE_CURVE ( 'NONE', #4154, #4896, #2410, .T. ) ;
#3598 = EDGE_CURVE ( 'NONE', #2361, #6527, #2639, .T. ) ;
#3599 = VERTEX_POINT ( 'NONE', #653 ) ;
#3600 = AXIS2_PLACEMENT_3D ( 'NONE', #6791, #5217, #3506 ) ;
#3601 = CARTESIAN_POINT ( 'NONE',  ( 0.000000000000000000, 0.000000000000000000, 0.000000000000000000 ) ) ;
#3602 = ORIENTED_EDGE ( 'NONE', *, *, #3881, .F. ) ;
#3603 = DIRECTION ( 'NONE',  ( -0.000000000000000000, 1.000000000000000000, -0.000000000000000000 ) ) ;
#3604 = DIRECTION ( 'NONE',  ( -2.168404344971008868E-16, 0.000000000000000000, -1.000000000000000000 ) ) ;
#3605 = CARTESIAN_POINT ( 'NONE',  ( -5.077147714271231571, 41.90710393097933917, -4.500789269909629020 ) ) ;
#3606 = DIRECTION ( 'NONE',  ( 0.000000000000000000, -1.000000000000000000, 0.000000000000000000 ) ) ;
#3607 = EDGE_LOOP ( 'NONE', ( #4425, #4348, #6024, #6626 ) ) ;
#3608 = CARTESIAN_POINT ( 'NONE',  ( 0.000000000000000000, 0.5000000000000004441, 0.000000000000000000 ) ) ;
#3609 = VERTEX_POINT ( 'NONE', #6864 ) ;
#3610 = EDGE_CURVE ( 'NONE', #4896, #729, #209, .T. ) ;
#3611 = VECTOR ( 'NONE', #6912, 1000.000000000000000 ) ;
#3612 = CARTESIAN_POINT ( 'NONE',  ( 11.50000000000000000, 12.00000000000000000, 12.89999999999999858 ) ) ;
#3613 = CARTESIAN_POINT ( 'NONE',  ( -2.500000000000004441, 70.50000000000000000, 12.49999999999999289 ) ) ;
#3614 = AXIS2_PLACEMENT_3D ( 'NONE', #2694, #5971, #2095 ) ;
#3615 = LINE ( 'NONE', #1332, #1709 ) ;
#3616 = FACE_OUTER_BOUND ( 'NONE', #1060, .T. ) ;
#3617 = EDGE_LOOP ( 'NONE', ( #1031, #6477, #6410, #3373 ) ) ;
#3618 = EDGE_CURVE ( 'NONE', #1322, #2467, #1705, .T. ) ;
#3619 = DATE_AND_TIME ( #2477, #5677 ) ;
#3620 = AXIS2_PLACEMENT_3D ( 'NONE', #3342, #2349, #4475 ) ;
#3621 = ORIENTED_EDGE ( 'NONE', *, *, #4566, .F. ) ;
#3622 = ORIENTED_EDGE ( 'NONE', *, *, #4096, .T. ) ;
#3623 = DIRECTION ( 'NONE',  ( -0.000000000000000000, 1.000000000000000000, -0.000000000000000000 ) ) ;
#3624 = DIRECTION ( 'NONE',  ( 0.8660254037844387076, -0.4999999999999997780, 0.000000000000000000 ) ) ;
#3625 = CARTESIAN_POINT ( 'NONE',  ( 23.63762615825975644, 75.94337567297407077, 17.50000000000000000 ) ) ;
#3626 = ORIENTED_EDGE ( 'NONE', *, *, #2971, .F. ) ;
#3627 = CARTESIAN_POINT ( 'NONE',  ( -5.255475371116268057, 47.09179220843058289, -4.469125638418199209 ) ) ;
#3628 =( LENGTH_UNIT ( ) NAMED_UNIT ( * ) SI_UNIT ( .MILLI., .METRE. ) );
#3629 = ORIENTED_EDGE ( 'NONE', *, *, #4854, .F. ) ;
#3630 = CARTESIAN_POINT ( 'NONE',  ( 3.570714214271424325, 12.00000000000000000, -3.500000000000001332 ) ) ;
#3631 = DIRECTION ( 'NONE',  ( 0.000000000000000000, 0.000000000000000000, -1.000000000000000000 ) ) ;
#3632 = CARTESIAN_POINT ( 'NONE',  ( 12.00000000000000000, 16.49999999999999289, -6.649999999999999467 ) ) ;
#3633 = VERTEX_POINT ( 'NONE', #1274 ) ;
#3634 = AXIS2_PLACEMENT_3D ( 'NONE', #6676, #7228, #3395 ) ;
#3635 = ORIENTED_EDGE ( 'NONE', *, *, #3521, .T. ) ;
#3636 = DIRECTION ( 'NONE',  ( -1.000000000000000000, 0.000000000000000000, -0.000000000000000000 ) ) ;
#3637 = VERTEX_POINT ( 'NONE', #3478 ) ;
#3638 = ADVANCED_FACE ( 'NONE', ( #2346 ), #887, .T. ) ;
#3639 = CARTESIAN_POINT ( 'NONE',  ( -1.695127366932485113, 12.66295883856619575, -4.500000000000000000 ) ) ;
#3640 = CARTESIAN_POINT ( 'NONE',  ( 10.49999999999999645, 87.55248658727141731, 12.49999999999998934 ) ) ;
#3641 = CARTESIAN_POINT ( 'NONE',  ( -6.435483865835550432, 42.26661371764871689, -3.635826382241552857 ) ) ;
#3642 = DIRECTION ( 'NONE',  ( 0.000000000000000000, 1.000000000000000000, 0.000000000000000000 ) ) ;
#3643 = ORIENTED_EDGE ( 'NONE', *, *, #4040, .F. ) ;
#3644 = CARTESIAN_POINT ( 'NONE',  ( 0.000000000000000000, 12.00000000000000000, 0.000000000000000000 ) ) ;
#3645 = CARTESIAN_POINT ( 'NONE',  ( 12.00000000000000000, 16.49999999999999289, -8.000000000000000000 ) ) ;
#3646 = EDGE_CURVE ( 'NONE', #519, #186, #3997, .T. ) ;
#3647 = EDGE_CURVE ( 'NONE', #6375, #6695, #6351, .T. ) ;
#3648 = CARTESIAN_POINT ( 'NONE',  ( 16.00000000000000000, 60.00000000000000000, 18.49999999999998934 ) ) ;
#3649 = DIRECTION ( 'NONE',  ( 1.000000000000000000, -0.000000000000000000, 0.000000000000000000 ) ) ;
#3650 = DIRECTION ( 'NONE',  ( 0.000000000000000000, 1.000000000000000000, 0.000000000000000000 ) ) ;
#3651 = ORIENTED_EDGE ( 'NONE', *, *, #1809, .T. ) ;
#3652 = CARTESIAN_POINT ( 'NONE',  ( -6.250000000000002665, 36.50000000000000711, -8.500000000000000000 ) ) ;
#3653 = ORIENTED_EDGE ( 'NONE', *, *, #4595, .T. ) ;
#3654 = EDGE_CURVE ( 'NONE', #5233, #5437, #4394, .T. ) ;
#3655 = CARTESIAN_POINT ( 'NONE',  ( -5.250000000000001776, 44.00000000000000000, 8.499999999999996447 ) ) ;
#3656 = FACE_OUTER_BOUND ( 'NONE', #4476, .T. ) ;
#3657 = CARTESIAN_POINT ( 'NONE',  ( 15.99999999999999645, 67.00000000000000000, 12.49999999999998757 ) ) ;
#3658 = ORIENTED_EDGE ( 'NONE', *, *, #1976, .T. ) ;
#3659 = EDGE_CURVE ( 'NONE', #3749, #5648, #2994, .T. ) ;
#3660 = DIRECTION ( 'NONE',  ( -3.717264591378872697E-16, 0.000000000000000000, -1.000000000000000000 ) ) ;
#3661 = VECTOR ( 'NONE', #2503, 1000.000000000000000 ) ;
#3662 = FACE_BOUND ( 'NONE', #3556, .T. ) ;
#3663 = FACE_OUTER_BOUND ( 'NONE', #2566, .T. ) ;
#3664 = CARTESIAN_POINT ( 'NONE',  ( 9.000000000000000000, 9.000000000000001776, 3.000000000000001332 ) ) ;
#3665 = EDGE_LOOP ( 'NONE', ( #1728, #825, #1640, #1698, #2205, #4932 ) ) ;
#3666 = VECTOR ( 'NONE', #3759, 1000.000000000000000 ) ;
#3667 = VERTEX_POINT ( 'NONE', #2449 ) ;
#3668 = CYLINDRICAL_SURFACE ( 'NONE', #4497, 1.000000000000000888 ) ;
#3669 = EDGE_LOOP ( 'NONE', ( #2719, #6298, #6692, #3585 ) ) ;
#3670 = PLANE ( 'NONE',  #6019 ) ;
#3671 = CARTESIAN_POINT ( 'NONE',  ( -11.00000000000000355, 12.00000000000000000, 0.4999999999999978351 ) ) ;
#3672 = CIRCLE ( 'NONE', #6705, 0.5000000000000004441 ) ;
#3673 = CARTESIAN_POINT ( 'NONE',  ( -5.176290218929286979, 41.88713455024149823, -4.487194355169187965 ) ) ;
#3674 = CARTESIAN_POINT ( 'NONE',  ( 7.349999999999998757, 15.50000000000000000, -8.500000000000000000 ) ) ;
#3675 = ORIENTED_EDGE ( 'NONE', *, *, #7158, .T. ) ;
#3676 = LINE ( 'NONE', #5393, #6546 ) ;
#3677 = EDGE_LOOP ( 'NONE', ( #4985, #7084, #3403, #2206 ) ) ;
#3678 = CIRCLE ( 'NONE', #756, 2.500000000000000444 ) ;
#3679 = CARTESIAN_POINT ( 'NONE',  ( -10.00000000000000355, 66.54999999999999716, -7.450000000000000178 ) ) ;
#3680 = DIRECTION ( 'NONE',  ( 0.000000000000000000, 1.000000000000000000, 0.000000000000000000 ) ) ;
#3681 = DIRECTION ( 'NONE',  ( -0.000000000000000000, -1.000000000000000000, -0.000000000000000000 ) ) ;
#3682 = FACE_BOUND ( 'NONE', #490, .T. ) ;
#3683 = ORIENTED_EDGE ( 'NONE', *, *, #1059, .T. ) ;
#3684 = CIRCLE ( 'NONE', #1699, 1.000000000000000000 ) ;
#3685 = DIRECTION ( 'NONE',  ( -1.000000000000000000, 0.000000000000000000, 2.409338161078897701E-16 ) ) ;
#3686 = EDGE_CURVE ( 'NONE', #5906, #5207, #2766, .T. ) ;
#3687 = EDGE_CURVE ( 'NONE', #1542, #729, #7064, .T. ) ;
#3688 = AXIS2_PLACEMENT_3D ( 'NONE', #2600, #4836, #4249 ) ;
#3689 = ORIENTED_EDGE ( 'NONE', *, *, #965, .T. ) ;
#3690 = AXIS2_PLACEMENT_3D ( 'NONE', #5203, #5272, #2535 ) ;
#3691 = VERTEX_POINT ( 'NONE', #5662 ) ;
#3692 = CYLINDRICAL_SURFACE ( 'NONE', #2518, 1.000000000000000000 ) ;
#3693 = LINE ( 'NONE', #5916, #2880 ) ;
#3694 = CARTESIAN_POINT ( 'NONE',  ( -1.937288419351409052, 11.83147941928309521, -3.999999999999996447 ) ) ;
#3695 = LOCAL_TIME ( 0, 6, 19.00000000000000000, #5287 ) ;
#3696 = AXIS2_PLACEMENT_3D ( 'NONE', #3925, #7159, #4392 ) ;
#3697 = VECTOR ( 'NONE', #2376, 1000.000000000000000 ) ;
#3698 = ADVANCED_FACE ( 'NONE', ( #246 ), #1238, .T. ) ;
#3699 = VERTEX_POINT ( 'NONE', #829 ) ;
#3700 = ORIENTED_EDGE ( 'NONE', *, *, #966, .T. ) ;
#3701 = ORIENTED_EDGE ( 'NONE', *, *, #3112, .F. ) ;
#3702 = VECTOR ( 'NONE', #3351, 1000.000000000000000 ) ;
#3703 = FACE_OUTER_BOUND ( 'NONE', #263, .T. ) ;
#3704 = LINE ( 'NONE', #6144, #4059 ) ;
#3705 = DIRECTION ( 'NONE',  ( 0.000000000000000000, 0.000000000000000000, -1.000000000000000000 ) ) ;
#3706 = ADVANCED_FACE ( 'NONE', ( #4828 ), #5838, .T. ) ;
#3707 = AXIS2_PLACEMENT_3D ( 'NONE', #731, #5884, #2684 ) ;
#3708 = ORIENTED_EDGE ( 'NONE', *, *, #3783, .T. ) ;
#3709 = CYLINDRICAL_SURFACE ( 'NONE', #5649, 1.000000000000000000 ) ;
#3710 = ORIENTED_EDGE ( 'NONE', *, *, #6694, .F. ) ;
#3711 = DIRECTION ( 'NONE',  ( 0.000000000000000000, 0.8660254037844387076, -0.4999999999999997224 ) ) ;
#3712 = CIRCLE ( 'NONE', #3246, 1.000000000000000888 ) ;
#3713 = FACE_OUTER_BOUND ( 'NONE', #2253, .T. ) ;
#3714 = DIRECTION ( 'NONE',  ( -1.000000000000000000, 0.000000000000000000, 2.409338161078897701E-16 ) ) ;
#3715 = CYLINDRICAL_SURFACE ( 'NONE', #6974, 1.600000000000002531 ) ;
#3716 = DIRECTION ( 'NONE',  ( 0.000000000000000000, 1.000000000000000000, 0.000000000000000000 ) ) ;
#3717 = ORIENTED_EDGE ( 'NONE', *, *, #3515, .T. ) ;
#3718 = VERTEX_POINT ( 'NONE', #3107 ) ;
#3719 = AXIS2_PLACEMENT_3D ( 'NONE', #2632, #6973, #7081 ) ;
#3720 = CARTESIAN_POINT ( 'NONE',  ( -7.000000000000007105, 34.00000000000000000, -0.5000000000000039968 ) ) ;
#3721 = CARTESIAN_POINT ( 'NONE',  ( -2.297766898550480966E-11, 11.13397459621556074, -4.000000000000000000 ) ) ;
#3722 = DIRECTION ( 'NONE',  ( 0.000000000000000000, -1.000000000000000000, 0.000000000000000000 ) ) ;
#3723 = VERTEX_POINT ( 'NONE', #6426 ) ;
#3724 = DIRECTION ( 'NONE',  ( 0.000000000000000000, 1.000000000000000000, 0.000000000000000000 ) ) ;
#3725 = ORIENTED_EDGE ( 'NONE', *, *, #1006, .T. ) ;
#3726 = TOROIDAL_SURFACE ( 'NONE', #2910, 4.500000000000000888, 1.000000000000000000 ) ;
#3727 = DIRECTION ( 'NONE',  ( 0.000000000000000000, 0.000000000000000000, 1.000000000000000000 ) ) ;
#3728 = ORIENTED_EDGE ( 'NONE', *, *, #4920, .T. ) ;
#3729 = PERSON_AND_ORGANIZATION ( #6001, #2885 ) ;
#3730 = ORIENTED_EDGE ( 'NONE', *, *, #7018, .F. ) ;
#3731 = DIRECTION ( 'NONE',  ( 0.000000000000000000, 1.000000000000000000, 0.000000000000000000 ) ) ;
#3732 = EDGE_CURVE ( 'NONE', #5829, #2313, #1416, .T. ) ;
#3733 = ADVANCED_FACE ( 'NONE', ( #278 ), #6392, .F. ) ;
#3734 = CARTESIAN_POINT ( 'NONE',  ( 1.695127366932481339, 12.66295883856619398, -4.500000000000000888 ) ) ;
#3735 = FACE_OUTER_BOUND ( 'NONE', #663, .T. ) ;
#3736 = VECTOR ( 'NONE', #4957, 1000.000000000000000 ) ;
#3737 = ORIENTED_EDGE ( 'NONE', *, *, #6869, .T. ) ;
#3738 = ORIENTED_EDGE ( 'NONE', *, *, #2452, .T. ) ;
#3739 = ORIENTED_EDGE ( 'NONE', *, *, #6492, .T. ) ;
#3740 = ORIENTED_EDGE ( 'NONE', *, *, #6805, .T. ) ;
#3741 = LINE ( 'NONE', #996, #2295 ) ;
#3742 = ADVANCED_FACE ( 'NONE', ( #2554 ), #2479, .F. ) ;
#3743 = DIRECTION ( 'NONE',  ( 0.000000000000000000, 1.000000000000000000, 0.000000000000000000 ) ) ;
#3744 = DIRECTION ( 'NONE',  ( -1.000000000000000000, 0.000000000000000000, 0.000000000000000000 ) ) ;
#3745 = CARTESIAN_POINT ( 'NONE',  ( 9.499999999999998224, 77.00000000000000000, 11.49999999999998757 ) ) ;
#3746 = ORIENTED_EDGE ( 'NONE', *, *, #3872, .T. ) ;
#3747 = ORIENTED_EDGE ( 'NONE', *, *, #139, .F. ) ;
#3748 = CARTESIAN_POINT ( 'NONE',  ( -7.000000000000007105, 78.00000000000000000, 2.602085213965213403E-15 ) ) ;
#3749 = VERTEX_POINT ( 'NONE', #2513 ) ;
#3750 = ADVANCED_FACE ( 'NONE', ( #5407 ), #3692, .F. ) ;
#3751 = FACE_BOUND ( 'NONE', #6737, .T. ) ;
#3752 = DIRECTION ( 'NONE',  ( 0.000000000000000000, 1.000000000000000000, -3.154042683594192162E-16 ) ) ;
#3753 = DIRECTION ( 'NONE',  ( 0.000000000000000000, 0.000000000000000000, 1.000000000000000000 ) ) ;
#3754 = DIRECTION ( 'NONE',  ( 1.000000000000000000, -0.000000000000000000, -0.000000000000000000 ) ) ;
#3755 = DIRECTION ( 'NONE',  ( 0.000000000000000000, 1.000000000000000000, 0.000000000000000000 ) ) ;
#3756 = ORIENTED_EDGE ( 'NONE', *, *, #6869, .F. ) ;
#3757 = AXIS2_PLACEMENT_3D ( 'NONE', #2850, #5619, #6128 ) ;
#3758 = ORIENTED_EDGE ( 'NONE', *, *, #1095, .F. ) ;
#3759 = DIRECTION ( 'NONE',  ( -0.000000000000000000, 1.000000000000000000, -0.000000000000000000 ) ) ;
#3760 = EDGE_LOOP ( 'NONE', ( #2585, #1647 ) ) ;
#3761 = EDGE_LOOP ( 'NONE', ( #2755, #841, #1265, #6271 ) ) ;
#3762 = EDGE_CURVE ( 'NONE', #155, #2644, #5951, .T. ) ;
#3763 = CARTESIAN_POINT ( 'NONE',  ( 16.00000000000000000, 12.00000000000000000, -12.50000000000000355 ) ) ;
#3764 = FACE_OUTER_BOUND ( 'NONE', #3416, .T. ) ;
#3765 = CARTESIAN_POINT ( 'NONE',  ( -9.000000000000000000, 11.19999999999999929, 0.000000000000000000 ) ) ;
#3766 = ORIENTED_EDGE ( 'NONE', *, *, #5657, .F. ) ;
#3767 = PLANE ( 'NONE',  #1861 ) ;
#3768 = ORIENTED_EDGE ( 'NONE', *, *, #2350, .F. ) ;
#3769 = VERTEX_POINT ( 'NONE', #4280 ) ;
#3770 = PLANE ( 'NONE',  #146 ) ;
#3771 = DIRECTION ( 'NONE',  ( 0.000000000000000000, 1.000000000000000000, -3.154042683594192162E-16 ) ) ;
#3772 = DIRECTION ( 'NONE',  ( 1.000000000000000000, -0.000000000000000000, -0.000000000000000000 ) ) ;
#3773 = DIRECTION ( 'NONE',  ( -3.717264591378872204E-16, 0.000000000000000000, -1.000000000000000000 ) ) ;
#3774 = DIRECTION ( 'NONE',  ( 0.000000000000000000, -1.000000000000000000, 0.000000000000000000 ) ) ;
#3775 = EDGE_CURVE ( 'NONE', #3299, #1871, #5441, .T. ) ;
#3776 = ORIENTED_EDGE ( 'NONE', *, *, #2452, .F. ) ;
#3777 = ORIENTED_EDGE ( 'NONE', *, *, #5626, .T. ) ;
#3778 = DIRECTION ( 'NONE',  ( 0.000000000000000000, 0.000000000000000000, 1.000000000000000000 ) ) ;
#3779 = CARTESIAN_POINT ( 'NONE',  ( -6.000000000000008882, 12.99999999999999822, -4.499999999999999112 ) ) ;
#3780 = DIRECTION ( 'NONE',  ( 1.000000000000000000, -0.000000000000000000, -3.717264591378872204E-16 ) ) ;
#3781 = LINE ( 'NONE', #3745, #3152 ) ;
#3782 = ORIENTED_EDGE ( 'NONE', *, *, #2017, .T. ) ;
#3783 = EDGE_CURVE ( 'NONE', #67, #4931, #6254, .T. ) ;
#3784 = EDGE_CURVE ( 'NONE', #163, #497, #7186, .T. ) ;
#3785 = ORIENTED_EDGE ( 'NONE', *, *, #2946, .F. ) ;
#3786 = DIRECTION ( 'NONE',  ( 0.000000000000000000, 0.000000000000000000, -1.000000000000000000 ) ) ;
#3787 = ORIENTED_EDGE ( 'NONE', *, *, #5641, .T. ) ;
#3788 = DIRECTION ( 'NONE',  ( -0.000000000000000000, -1.000000000000000000, -0.000000000000000000 ) ) ;
#3789 = DIRECTION ( 'NONE',  ( -2.168404344971008868E-16, -0.000000000000000000, -1.000000000000000000 ) ) ;
#3790 = LINE ( 'NONE', #6008, #2916 ) ;
#3791 = AXIS2_PLACEMENT_3D ( 'NONE', #854, #3091, #2098 ) ;
#3792 = DIRECTION ( 'NONE',  ( 1.000000000000000000, -0.000000000000000000, 1.224646799147353207E-16 ) ) ;
#3793 = EDGE_CURVE ( 'NONE', #3691, #377, #396, .T. ) ;
#3794 = FACE_OUTER_BOUND ( 'NONE', #9, .T. ) ;
#3795 = AXIS2_PLACEMENT_3D ( 'NONE', #10, #6769, #2804 ) ;
#3796 = VERTEX_POINT ( 'NONE', #4321 ) ;
#3797 = LINE ( 'NONE', #6015, #3447 ) ;
#3798 = CARTESIAN_POINT ( 'NONE',  ( 0.000000000000000000, 10.49999999999997513, 0.000000000000000000 ) ) ;
#3799 = EDGE_CURVE ( 'NONE', #2359, #4294, #3933, .T. ) ;
#3800 = SPHERICAL_SURFACE ( 'NONE', #3850, 1.000000000000000000 ) ;
#3801 = EDGE_LOOP ( 'NONE', ( #3234, #2895 ) ) ;
#3802 = CARTESIAN_POINT ( 'NONE',  ( -12.00000000000000178, 60.88268000475264330, 9.402811540962627390 ) ) ;
#3803 = ORIENTED_EDGE ( 'NONE', *, *, #6159, .T. ) ;
#3804 = AXIS2_PLACEMENT_3D ( 'NONE', #1805, #4055, #3504 ) ;
#3805 = ADVANCED_FACE ( 'NONE', ( #5331 ), #323, .F. ) ;
#3806 = ORIENTED_EDGE ( 'NONE', *, *, #609, .F. ) ;
#3807 = ORIENTED_EDGE ( 'NONE', *, *, #652, .F. ) ;
#3808 = CARTESIAN_POINT ( 'NONE',  ( 8.324999999999990408, 37.69800180856846339, -6.299999999999999822 ) ) ;
#3809 = CYLINDRICAL_SURFACE ( 'NONE', #5104, 1.000000000000000888 ) ;
#3810 = AXIS2_PLACEMENT_3D ( 'NONE', #2815, #2255, #673 ) ;
#3811 = LINE ( 'NONE', #1174, #437 ) ;
#3812 = DIRECTION ( 'NONE',  ( 0.000000000000000000, 0.000000000000000000, 1.000000000000000000 ) ) ;
#3813 = EDGE_LOOP ( 'NONE', ( #5346, #4379, #1262, #2198 ) ) ;
#3814 = VECTOR ( 'NONE', #3603, 1000.000000000000000 ) ;
#3815 = DIRECTION ( 'NONE',  ( -1.334402673828313093E-16, -1.000000000000000000, 3.215027284300271837E-32 ) ) ;
#3816 = LINE ( 'NONE', #2599, #4047 ) ;
#3817 = VECTOR ( 'NONE', #5558, 1000.000000000000000 ) ;
#3818 = CIRCLE ( 'NONE', #1922, 2.099999999999998757 ) ;
#3819 = FACE_OUTER_BOUND ( 'NONE', #2619, .T. ) ;
#3820 = DIRECTION ( 'NONE',  ( -3.717264591378872697E-16, 0.000000000000000000, -1.000000000000000000 ) ) ;
#3821 = ORIENTED_EDGE ( 'NONE', *, *, #6439, .F. ) ;
#3822 = ORIENTED_EDGE ( 'NONE', *, *, #2241, .F. ) ;
#3823 = PRODUCT_DEFINITION_FORMATION_WITH_SPECIFIED_SOURCE ( 'ä»', '', #1565, .NOT_KNOWN. ) ;
#3824 = EDGE_LOOP ( 'NONE', ( #3970, #5752, #1404, #7152 ) ) ;
#3825 = CIRCLE ( 'NONE', #6032, 1.350000000000000533 ) ;
#3826 = AXIS2_PLACEMENT_3D ( 'NONE', #2094, #2609, #3714 ) ;
#3827 = LINE ( 'NONE', #6437, #3548 ) ;
#3828 = ORIENTED_EDGE ( 'NONE', *, *, #966, .F. ) ;
#3829 = DIRECTION ( 'NONE',  ( 0.000000000000000000, 0.000000000000000000, 1.000000000000000000 ) ) ;
#3830 = LOCAL_TIME ( 0, 6, 19.00000000000000000, #1995 ) ;
#3831 = EDGE_CURVE ( 'NONE', #5452, #4164, #5212, .T. ) ;
#3832 = DIRECTION ( 'NONE',  ( -1.000000000000000000, -0.000000000000000000, 2.409338161078897701E-16 ) ) ;
#3833 = ADVANCED_FACE ( 'NONE', ( #1997 ), #6927, .F. ) ;
#3834 = CARTESIAN_POINT ( 'NONE',  ( 5.999999999999998224, 67.00000000000000000, 11.49999999999998757 ) ) ;
#3835 = TOROIDAL_SURFACE ( 'NONE', #1600, 2.000000000000000000, 1.000000000000000000 ) ;
#3836 = AXIS2_PLACEMENT_3D ( 'NONE', #5036, #6257, #1186 ) ;
#3837 = CYLINDRICAL_SURFACE ( 'NONE', #6145, 1.000000000000000888 ) ;
#3838 = AXIS2_PLACEMENT_3D ( 'NONE', #624, #6149, #3966 ) ;
#3839 = LINE ( 'NONE', #3679, #3325 ) ;
#3840 = CARTESIAN_POINT ( 'NONE',  ( -6.435483870967741105, 42.26661372115868431, 8.499999999999996447 ) ) ;
#3841 = LINE ( 'NONE', #4346, #5327 ) ;
#3842 = ADVANCED_FACE ( 'NONE', ( #5590 ), #545, .F. ) ;
#3843 = LINE ( 'NONE', #3876, #4186 ) ;
#3844 = VERTEX_POINT ( 'NONE', #6681 ) ;
#3845 = CARTESIAN_POINT ( 'NONE',  ( -12.00000000000000355, 60.48096730839297663, 8.568140550717542325 ) ) ;
#3846 = VECTOR ( 'NONE', #6652, 1000.000000000000000 ) ;
#3847 = DIRECTION ( 'NONE',  ( 0.000000000000000000, -1.000000000000000000, -0.000000000000000000 ) ) ;
#3848 = VERTEX_POINT ( 'NONE', #505 ) ;
#3849 = CARTESIAN_POINT ( 'NONE',  ( -6.000000000000008882, 46.03121897280029629, -3.499999999999998668 ) ) ;
#3850 = AXIS2_PLACEMENT_3D ( 'NONE', #432, #2664, #7109 ) ;
#3851 = CARTESIAN_POINT ( 'NONE',  ( 10.49999999999999645, 78.00000000000000000, 0.000000000000000000 ) ) ;
#3852 = DIRECTION ( 'NONE',  ( -2.168404344971008868E-16, 0.000000000000000000, -1.000000000000000000 ) ) ;
#3853 = EDGE_CURVE ( 'NONE', #6752, #4505, #658, .T. ) ;
#3854 = DIRECTION ( 'NONE',  ( 0.000000000000000000, 1.000000000000000000, 0.000000000000000000 ) ) ;
#3855 = ORIENTED_EDGE ( 'NONE', *, *, #2362, .F. ) ;
#3856 = ORIENTED_EDGE ( 'NONE', *, *, #6929, .F. ) ;
#3857 = ORIENTED_EDGE ( 'NONE', *, *, #5698, .F. ) ;
#3858 = CIRCLE ( 'NONE', #4779, 1.350000000000002309 ) ;
#3859 = ORIENTED_EDGE ( 'NONE', *, *, #2072, .F. ) ;
#3860 = CARTESIAN_POINT ( 'NONE',  ( 3.092233167847066041E-15, 12.00000000000000000, 24.49999999999998934 ) ) ;
#3861 = DIRECTION ( 'NONE',  ( 0.000000000000000000, 0.000000000000000000, 1.000000000000000000 ) ) ;
#3862 = AXIS2_PLACEMENT_3D ( 'NONE', #406, #4880, #2045 ) ;
#3863 = CARTESIAN_POINT ( 'NONE',  ( -11.50000000000000000, 12.00000000000000000, -14.50000000000000000 ) ) ;
#3864 = ORIENTED_EDGE ( 'NONE', *, *, #1975, .T. ) ;
#3865 = ORIENTED_EDGE ( 'NONE', *, *, #4563, .F. ) ;
#3866 = CARTESIAN_POINT ( 'NONE',  ( 0.000000000000000000, 11.00000000000000000, 0.000000000000000000 ) ) ;
#3867 = VERTEX_POINT ( 'NONE', #1025 ) ;
#3868 = DIRECTION ( 'NONE',  ( 0.000000000000000000, -1.000000000000000000, -0.000000000000000000 ) ) ;
#3869 = DIRECTION ( 'NONE',  ( 0.000000000000000000, 1.000000000000000000, -0.000000000000000000 ) ) ;
#3870 = CYLINDRICAL_SURFACE ( 'NONE', #4657, 2.000000000000001776 ) ;
#3871 = FACE_OUTER_BOUND ( 'NONE', #1424, .T. ) ;
#3872 = EDGE_CURVE ( 'NONE', #856, #5964, #3886, .T. ) ;
#3873 = CARTESIAN_POINT ( 'NONE',  ( 0.000000000000000000, 0.5000000000000004441, 0.000000000000000000 ) ) ;
#3874 = DIRECTION ( 'NONE',  ( -0.000000000000000000, -1.000000000000000000, -0.000000000000000000 ) ) ;
#3875 = DIRECTION ( 'NONE',  ( -3.717264591378872697E-16, 0.000000000000000000, -1.000000000000000000 ) ) ;
#3876 = CARTESIAN_POINT ( 'NONE',  ( -11.50000000000000355, 66.54999999999999716, -9.949999999999997513 ) ) ;
#3877 = ORIENTED_EDGE ( 'NONE', *, *, #2079, .F. ) ;
#3878 = CARTESIAN_POINT ( 'NONE',  ( -12.00000000000000355, 62.10695873310807968, 9.340189107778938293 ) ) ;
#3879 = ORIENTED_EDGE ( 'NONE', *, *, #1464, .T. ) ;
#3880 = EDGE_CURVE ( 'NONE', #2360, #1544, #6660, .T. ) ;
#3881 = EDGE_CURVE ( 'NONE', #1802, #809, #4353, .T. ) ;
#3882 = CIRCLE ( 'NONE', #3757, 5.000000000000000000 ) ;
#3883 = ORIENTED_EDGE ( 'NONE', *, *, #6356, .T. ) ;
#3884 = VERTEX_POINT ( 'NONE', #6134 ) ;
#3885 = CARTESIAN_POINT ( 'NONE',  ( -5.442843025387111844, 47.03664428672739461, -4.399025297043346328 ) ) ;
#3886 = LINE ( 'NONE', #2110, #4998 ) ;
#3887 = DIRECTION ( 'NONE',  ( 0.000000000000000000, -1.000000000000000000, 0.000000000000000000 ) ) ;
#3888 = LINE ( 'NONE', #2266, #6753 ) ;
#3889 = VERTEX_POINT ( 'NONE', #1091 ) ;
#3890 = EDGE_CURVE ( 'NONE', #4832, #6056, #4465, .T. ) ;
#3891 = CARTESIAN_POINT ( 'NONE',  ( -6.999999999999998224, 46.55880831638479123, 8.499999999999996447 ) ) ;
#3892 = CARTESIAN_POINT ( 'NONE',  ( 1.743559577416267992, 11.00000000000000000, -3.600000000000001421 ) ) ;
#3893 = CARTESIAN_POINT ( 'NONE',  ( 14.99999999999999645, 19.49999999999999645, -5.500000000000005329 ) ) ;
#3894 = DIRECTION ( 'NONE',  ( 0.000000000000000000, 0.000000000000000000, 1.000000000000000000 ) ) ;
#3895 = ORIENTED_EDGE ( 'NONE', *, *, #4413, .T. ) ;
#3896 = VERTEX_POINT ( 'NONE', #6568 ) ;
#3897 = ADVANCED_FACE ( 'NONE', ( #5987 ), #3809, .T. ) ;
#3898 = ORIENTED_EDGE ( 'NONE', *, *, #6366, .T. ) ;
#3899 = DIRECTION ( 'NONE',  ( 0.000000000000000000, 0.000000000000000000, 1.000000000000000000 ) ) ;
#3900 = ORIENTED_EDGE ( 'NONE', *, *, #1766, .T. ) ;
#3901 = CARTESIAN_POINT ( 'NONE',  ( -0.1584583148573787126, 11.53726179220526404, -3.999992385946407492 ) ) ;
#3902 = CARTESIAN_POINT ( 'NONE',  ( 1.750000000000002442, 17.00000000000000000, -11.50000000000000000 ) ) ;
#3903 = CARTESIAN_POINT ( 'NONE',  ( -8.400000000000003908, 72.61658075373095755, 4.199999999999992184 ) ) ;
#3904 = CARTESIAN_POINT ( 'NONE',  ( 6.249999999999996447, 72.00000000000000000, -4.500000000000000888 ) ) ;
#3905 = EDGE_LOOP ( 'NONE', ( #2943, #1727, #1869, #630 ) ) ;
#3906 = ORIENTED_EDGE ( 'NONE', *, *, #3550, .T. ) ;
#3907 = DIRECTION ( 'NONE',  ( 1.000000000000000000, -0.000000000000000000, -1.931325469920844706E-15 ) ) ;
#3908 = LINE ( 'NONE', #3359, #5087 ) ;
#3909 = DIRECTION ( 'NONE',  ( 0.000000000000000000, 0.000000000000000000, -1.000000000000000000 ) ) ;
#3910 = CARTESIAN_POINT ( 'NONE',  ( -12.00000000000000355, 30.50000000000000355, 2.999999999999997780 ) ) ;
#3911 = DIRECTION ( 'NONE',  ( 0.000000000000000000, -1.000000000000000000, 0.000000000000000000 ) ) ;
#3912 = CIRCLE ( 'NONE', #742, 1.350000000000000533 ) ;
#3913 = DIRECTION ( 'NONE',  ( 0.000000000000000000, 0.000000000000000000, 1.000000000000000000 ) ) ;
#3914 = PLANE ( 'NONE',  #1693 ) ;
#3915 = DIRECTION ( 'NONE',  ( 0.000000000000000000, 0.000000000000000000, 1.000000000000000000 ) ) ;
#3916 = ORIENTED_EDGE ( 'NONE', *, *, #3890, .F. ) ;
#3917 = LINE ( 'NONE', #1026, #6734 ) ;
#3918 = DIRECTION ( 'NONE',  ( 1.000000000000000000, -0.000000000000000000, 0.000000000000000000 ) ) ;
#3919 = AXIS2_PLACEMENT_3D ( 'NONE', #5387, #3164, #6467 ) ;
#3920 = EDGE_CURVE ( 'NONE', #5855, #733, #7149, .T. ) ;
#3921 = ORIENTED_EDGE ( 'NONE', *, *, #3155, .F. ) ;
#3922 = EDGE_LOOP ( 'NONE', ( #604, #1469, #478, #4432, #4744 ) ) ;
#3923 = VECTOR ( 'NONE', #6647, 1000.000000000000114 ) ;
#3924 = ORIENTED_EDGE ( 'NONE', *, *, #6247, .F. ) ;
#3925 = CARTESIAN_POINT ( 'NONE',  ( -5.250000000000005329, 44.00000000000000000, -8.499999999999996447 ) ) ;
#3926 = DIRECTION ( 'NONE',  ( 2.409338161078897701E-16, -0.000000000000000000, 1.000000000000000000 ) ) ;
#3927 = FACE_OUTER_BOUND ( 'NONE', #3502, .T. ) ;
#3928 = LINE ( 'NONE', #3967, #2446 ) ;
#3929 = EDGE_CURVE ( 'NONE', #4687, #4940, #1818, .T. ) ;
#3930 = VECTOR ( 'NONE', #2470, 1000.000000000000000 ) ;
#3931 = ORIENTED_EDGE ( 'NONE', *, *, #4213, .T. ) ;
#3932 = DIRECTION ( 'NONE',  ( -1.000000000000000000, 0.000000000000000000, 4.336808689942017736E-16 ) ) ;
#3933 = CIRCLE ( 'NONE', #3236, 1.500000000000000444 ) ;
#3934 = VECTOR ( 'NONE', #226, 1000.000000000000000 ) ;
#3935 = CARTESIAN_POINT ( 'NONE',  ( -0.7484251011157132538, 11.08918284979259283, -3.932227299400686604 ) ) ;
#3936 = DIRECTION ( 'NONE',  ( -0.000000000000000000, -0.000000000000000000, 1.000000000000000000 ) ) ;
#3937 = UNCERTAINTY_MEASURE_WITH_UNIT (LENGTH_MEASURE( 1.000000000000000082E-05 ), #3628, 'distance_accuracy_value', 'NONE');
#3938 = CARTESIAN_POINT ( 'NONE',  ( -6.000000000000002665, 70.50000000000000000, 12.49999999999999467 ) ) ;
#3939 = EDGE_CURVE ( 'NONE', #1213, #2892, #5483, .T. ) ;
#3940 = AXIS2_PLACEMENT_3D ( 'NONE', #7042, #6936, #2082 ) ;
#3941 = AXIS2_PLACEMENT_3D ( 'NONE', #3955, #614, #2855 ) ;
#3942 = VERTEX_POINT ( 'NONE', #5049 ) ;
#3943 = CIRCLE ( 'NONE', #177, 2.000000000000000000 ) ;
#3944 = ORIENTED_EDGE ( 'NONE', *, *, #303, .T. ) ;
#3945 = CARTESIAN_POINT ( 'NONE',  ( 15.00000000000000355, 72.50000000000000000, -5.500000000000004441 ) ) ;
#3946 = CYLINDRICAL_SURFACE ( 'NONE', #7175, 4.000000000000000000 ) ;
#3947 = AXIS2_PLACEMENT_3D ( 'NONE', #4541, #6756, #313 ) ;
#3948 = CARTESIAN_POINT ( 'NONE',  ( 8.324999999999990408, 37.69800180856846339, -4.500000000000000888 ) ) ;
#3949 = AXIS2_PLACEMENT_3D ( 'NONE', #508, #27, #2737 ) ;
#3950 = DIRECTION ( 'NONE',  ( -0.000000000000000000, -1.000000000000000000, -0.000000000000000000 ) ) ;
#3951 = CARTESIAN_POINT ( 'NONE',  ( 6.249999999999992895, 34.10399638286305901, -6.299999999999999822 ) ) ;
#3952 = AXIS2_PLACEMENT_3D ( 'NONE', #5820, #3604, #5204 ) ;
#3953 = FACE_OUTER_BOUND ( 'NONE', #1555, .T. ) ;
#3954 = DIRECTION ( 'NONE',  ( 2.220446049250313081E-16, 0.000000000000000000, 1.000000000000000000 ) ) ;
#3955 = CARTESIAN_POINT ( 'NONE',  ( 0.000000000000000000, 81.29646455628167701, 0.000000000000000000 ) ) ;
#3956 = ORIENTED_EDGE ( 'NONE', *, *, #1511, .F. ) ;
#3957 = DIRECTION ( 'NONE',  ( 1.000000000000000000, 0.000000000000000000, 0.000000000000000000 ) ) ;
#3958 = DIRECTION ( 'NONE',  ( 0.000000000000000000, -1.000000000000000000, 0.000000000000000000 ) ) ;
#3959 = CONICAL_SURFACE ( 'NONE', #2788, 24.49999999999998934, 0.7853981633974437271 ) ;
#3960 = ORIENTED_EDGE ( 'NONE', *, *, #2129, .F. ) ;
#3961 = CIRCLE ( 'NONE', #4424, 1.600000000000002531 ) ;
#3962 = EDGE_CURVE ( 'NONE', #1414, #4777, #477, .T. ) ;
#3963 = DIRECTION ( 'NONE',  ( 0.000000000000000000, 0.000000000000000000, -1.000000000000000000 ) ) ;
#3964 = ORIENTED_EDGE ( 'NONE', *, *, #2893, .F. ) ;
#3965 = DIRECTION ( 'NONE',  ( -1.000000000000000000, 0.000000000000000000, 0.000000000000000000 ) ) ;
#3966 = DIRECTION ( 'NONE',  ( -0.8660254037844383745, 0.5000000000000003331, 0.000000000000000000 ) ) ;
#3967 = CARTESIAN_POINT ( 'NONE',  ( 16.00000000000000711, 71.50000000000000000, 26.00100000000000477 ) ) ;
#3968 = AXIS2_PLACEMENT_3D ( 'NONE', #6171, #1164, #2335 ) ;
#3969 = EDGE_CURVE ( 'NONE', #5198, #2560, #4402, .T. ) ;
#3970 = ORIENTED_EDGE ( 'NONE', *, *, #193, .F. ) ;
#3971 = AXIS2_PLACEMENT_3D ( 'NONE', #4561, #4614, #2251 ) ;
#3972 = CARTESIAN_POINT ( 'NONE',  ( -10.00000000000000355, 66.54999999999999716, -9.949999999999997513 ) ) ;
#3973 = CARTESIAN_POINT ( 'NONE',  ( -0.8747658701575719009, 11.83402048709560361, -4.249674359093751796 ) ) ;
#3974 = DIRECTION ( 'NONE',  ( 0.000000000000000000, 1.000000000000000000, 0.000000000000000000 ) ) ;
#3975 = CARTESIAN_POINT ( 'NONE',  ( -11.50000000000000000, 10.20000000000000107, -14.50000000000000000 ) ) ;
#3976 = VECTOR ( 'NONE', #6110, 1000.000000000000000 ) ;
#3977 = VERTEX_POINT ( 'NONE', #5445 ) ;
#3978 = ORIENTED_EDGE ( 'NONE', *, *, #4040, .T. ) ;
#3979 = ADVANCED_FACE ( 'NONE', ( #2674 ), #7190, .T. ) ;
#3980 = CARTESIAN_POINT ( 'NONE',  ( 6.249999999999997335, 36.50000000000000711, -6.299999999999999822 ) ) ;
#3981 = DIRECTION ( 'NONE',  ( 1.000000000000000000, 0.000000000000000000, 0.000000000000000000 ) ) ;
#3982 = CARTESIAN_POINT ( 'NONE',  ( -0.2499999999999993616, 17.00000000000000000, -11.50000000000000000 ) ) ;
#3983 = CARTESIAN_POINT ( 'NONE',  ( -11.50000000000000355, 66.54999999999999716, -10.44999999999999751 ) ) ;
#3984 = ORIENTED_EDGE ( 'NONE', *, *, #2631, .T. ) ;
#3985 =( BOUNDED_SURFACE ( )  B_SPLINE_SURFACE ( 3, 2, ( 
 ( #6951, #1399, #4692 ),
 ( #3528, #1867, #3641 ),
 ( #4150, #1944, #4080 ),
 ( #5858, #6880, #2498 ),
 ( #2433, #2538, #1324 ),
 ( #5891, #3052, #4116 ),
 ( #4775, #6989, #6911 ),
 ( #814, #5822, #1901 ),
 ( #3565, #6372, #5274 ),
 ( #1981, #4663, #4226 ),
 ( #3017, #5241, #6334 ),
 ( #847, #6442, #2463 ),
 ( #2978, #3673, #6847 ),
 ( #1365, #894, #4191 ),
 ( #3132, #345, #6413 ),
 ( #3085, #3605, #261 ) ),
 .UNSPECIFIED., .F., .F., .T. ) 
 B_SPLINE_SURFACE_WITH_KNOTS ( ( 4, 2, 2, 2, 2, 2, 2, 4 ),
 ( 3, 3 ),
 ( 0.006566299055668843067, 0.006967791393473971376, 0.007369283731279098817, 0.008172268406889355435, 0.008573760744694482877, 0.008975253082499610319, 0.009376745420304737760, 0.009778237758109866937 ),
 ( 0.000000000000000000, 1.000000000000000000 ),
 .UNSPECIFIED. ) 
 GEOMETRIC_REPRESENTATION_ITEM ( )  RATIONAL_B_SPLINE_SURFACE ( (
 ( 1.000000000000000000, 0.8844535400551745141, 1.000000000000000000),
 ( 1.000000000000000000, 0.8844495690727480763, 1.000000000000000000),
 ( 1.000000000000000000, 0.8820988732284122946, 1.000000000000000000),
 ( 1.000000000000000000, 0.8731843138383426073, 1.000000000000000000),
 ( 1.000000000000000000, 0.8665113079900855775, 1.000000000000000000),
 ( 1.000000000000000000, 0.8419076503947017232, 1.000000000000000000),
 ( 1.000000000000000000, 0.8188490915760839872, 1.000000000000000000),
 ( 1.000000000000000000, 0.7831590001527143352, 1.000000000000000000),
 ( 1.000000000000000000, 0.7709089032742645342, 1.000000000000000000),
 ( 1.000000000000000000, 0.7481808310208838408, 1.000000000000000000),
 ( 1.000000000000000000, 0.7377523773492983272, 1.000000000000000000),
 ( 1.000000000000000000, 0.7205154425587404488, 1.000000000000000000),
 ( 1.000000000000000000, 0.7137061235430679496, 1.000000000000000000),
 ( 1.000000000000000000, 0.7061091050552981141, 1.000000000000000000),
 ( 1.000000000000000000, 0.7051816850031759065, 1.000000000000000000),
 ( 1.000000000000000000, 0.7074024206503256584, 1.000000000000000000) ) ) 
 REPRESENTATION_ITEM ( '' )  SURFACE ( )  );
#3986 = CARTESIAN_POINT ( 'NONE',  ( -12.00000000000031442, 62.84564230000074048, 10.13472934709269424 ) ) ;
#3987 = VERTEX_POINT ( 'NONE', #6071 ) ;
#3988 = ORIENTED_EDGE ( 'NONE', *, *, #1628, .F. ) ;
#3989 = ADVANCED_FACE ( 'NONE', ( #1062 ), #2055, .T. ) ;
#3990 = DIRECTION ( 'NONE',  ( 1.000000000000000000, -0.000000000000000000, -1.931325469920844706E-15 ) ) ;
#3991 = EDGE_LOOP ( 'NONE', ( #2062, #5067, #5656, #4202 ) ) ;
#3992 = DIRECTION ( 'NONE',  ( 0.000000000000000000, 0.000000000000000000, 1.000000000000000000 ) ) ;
#3993 = DIRECTION ( 'NONE',  ( 0.000000000000000000, 1.000000000000000000, 0.000000000000000000 ) ) ;
#3994 = ORIENTED_EDGE ( 'NONE', *, *, #4802, .T. ) ;
#3995 = CARTESIAN_POINT ( 'NONE',  ( -3.339324905812869115, 12.07763188216819827, -4.499999999999998224 ) ) ;
#3996 = VECTOR ( 'NONE', #4593, 1000.000000000000114 ) ;
#3997 = LINE ( 'NONE', #2930, #2175 ) ;
#3998 = DIRECTION ( 'NONE',  ( 0.000000000000000000, 0.4999999999999992784, -0.8660254037844391517 ) ) ;
#3999 = LINE ( 'NONE', #6866, #5798 ) ;
#4000 = ADVANCED_FACE ( 'NONE', ( #5516 ), #5694, .T. ) ;
#4001 = CARTESIAN_POINT ( 'NONE',  ( 0.000000000000000000, 12.00000000000000000, -26.00000000000000355 ) ) ;
#4002 = DIRECTION ( 'NONE',  ( 0.000000000000000000, 0.000000000000000000, 1.000000000000000000 ) ) ;
#4003 = ORIENTED_EDGE ( 'NONE', *, *, #1927, .F. ) ;
#4004 = CARTESIAN_POINT ( 'NONE',  ( -1.630603968768267853, 11.61471630457359971, -3.654706908038083402 ) ) ;
#4005 = DIRECTION ( 'NONE',  ( 0.000000000000000000, 0.000000000000000000, 1.000000000000000000 ) ) ;
#4006 = CARTESIAN_POINT ( 'NONE',  ( 12.00000000000000000, 77.00000000000000000, -4.500000000000003553 ) ) ;
#4007 = ADVANCED_FACE ( 'NONE', ( #1202 ), #6495, .F. ) ;
#4008 = EDGE_CURVE ( 'NONE', #5419, #3418, #1346, .T. ) ;
#4009 = VERTEX_POINT ( 'NONE', #1298 ) ;
#4010 = EDGE_LOOP ( 'NONE', ( #1719, #3143, #4275, #4782 ) ) ;
#4011 = FACE_OUTER_BOUND ( 'NONE', #277, .T. ) ;
#4012 = DIRECTION ( 'NONE',  ( -1.000000000000000000, -0.000000000000000000, 2.409338161078897701E-16 ) ) ;
#4013 = DIRECTION ( 'NONE',  ( -1.000000000000000000, 0.000000000000000000, 0.000000000000000000 ) ) ;
#4014 = EDGE_LOOP ( 'NONE', ( #4804, #1475, #2447, #2765 ) ) ;
#4015 = CARTESIAN_POINT ( 'NONE',  ( -6.250000000000002665, 15.50000000000000000, -8.499999999999996447 ) ) ;
#4016 = PLANE ( 'NONE',  #1988 ) ;
#4017 = EDGE_CURVE ( 'NONE', #4588, #3637, #979, .T. ) ;
#4018 = ORIENTED_EDGE ( 'NONE', *, *, #5405, .F. ) ;
#4019 = DIRECTION ( 'NONE',  ( -0.000000000000000000, -0.000000000000000000, 1.000000000000000000 ) ) ;
#4020 = AXIS2_PLACEMENT_3D ( 'NONE', #1127, #585, #3367 ) ;
#4021 = CARTESIAN_POINT ( 'NONE',  ( 6.249999999999997335, 15.50000000000000000, -6.299999999999999822 ) ) ;
#4022 = CARTESIAN_POINT ( 'NONE',  ( 9.577815963916471276, 77.38675134594814153, 15.00000000000000888 ) ) ;
#4023 = FACE_OUTER_BOUND ( 'NONE', #4822, .T. ) ;
#4024 = EDGE_CURVE ( 'NONE', #2953, #1681, #4056, .T. ) ;
#4025 = DIRECTION ( 'NONE',  ( -1.000000000000000000, 0.000000000000000000, 0.000000000000000000 ) ) ;
#4026 = AXIS2_PLACEMENT_3D ( 'NONE', #6297, #2945, #3559 ) ;
#4027 = CARTESIAN_POINT ( 'NONE',  ( 1.417038276373691508, 12.59238867691647812, -4.500000000000000888 ) ) ;
#4028 = FACE_OUTER_BOUND ( 'NONE', #4927, .T. ) ;
#4029 = ORIENTED_EDGE ( 'NONE', *, *, #5076, .T. ) ;
#4030 = CIRCLE ( 'NONE', #871, 25.00000000000000000 ) ;
#4031 = LINE ( 'NONE', #765, #2866 ) ;
#4032 = LINE ( 'NONE', #3593, #5092 ) ;
#4033 = CIRCLE ( 'NONE', #2038, 1.000000000000000000 ) ;
#4034 = CYLINDRICAL_SURFACE ( 'NONE', #3836, 1.000000000000000000 ) ;
#4035 = CYLINDRICAL_SURFACE ( 'NONE', #1744, 1.600000000000002531 ) ;
#4036 = ORIENTED_EDGE ( 'NONE', *, *, #6447, .T. ) ;
#4037 = VERTEX_POINT ( 'NONE', #2340 ) ;
#4038 = TOROIDAL_SURFACE ( 'NONE', #4986, 4.500000000000000888, 1.000000000000000000 ) ;
#4039 = PLANE ( 'NONE',  #6815 ) ;
#4040 = EDGE_CURVE ( 'NONE', #2892, #35, #6278, .T. ) ;
#4041 = EDGE_CURVE ( 'NONE', #2278, #1295, #3825, .T. ) ;
#4042 = PLANE ( 'NONE',  #3221 ) ;
#4043 = CARTESIAN_POINT ( 'NONE',  ( 6.249999999999997335, 36.50000000000000711, -6.299999999999999822 ) ) ;
#4044 = ORIENTED_EDGE ( 'NONE', *, *, #727, .T. ) ;
#4045 = FACE_OUTER_BOUND ( 'NONE', #2285, .T. ) ;
#4046 = CIRCLE ( 'NONE', #4991, 1.000000000000000888 ) ;
#4047 = VECTOR ( 'NONE', #5342, 1000.000000000000000 ) ;
#4048 = DIRECTION ( 'NONE',  ( 0.000000000000000000, 0.000000000000000000, 1.000000000000000000 ) ) ;
#4049 = ORIENTED_EDGE ( 'NONE', *, *, #2598, .F. ) ;
#4050 = SECURITY_CLASSIFICATION ( '', '', #4238 ) ;
#4051 = VECTOR ( 'NONE', #6562, 1000.000000000000000 ) ;
#4052 = CARTESIAN_POINT ( 'NONE',  ( 16.00000000000000000, 77.00000000000000000, -4.500000000000003553 ) ) ;
#4053 = CIRCLE ( 'NONE', #5911, 1.899999999999999689 ) ;
#4054 = EDGE_CURVE ( 'NONE', #6965, #2623, #1072, .T. ) ;
#4055 = DIRECTION ( 'NONE',  ( 0.000000000000000000, 0.000000000000000000, -1.000000000000000000 ) ) ;
#4056 = LINE ( 'NONE', #6177, #181 ) ;
#4057 = CARTESIAN_POINT ( 'NONE',  ( -6.000000000000008882, 78.00000000000000000, -4.499999999999999112 ) ) ;
#4058 = CIRCLE ( 'NONE', #902, 1.000000000000000888 ) ;
#4059 = VECTOR ( 'NONE', #1612, 1000.000000000000000 ) ;
#4060 = EDGE_LOOP ( 'NONE', ( #5388, #3807, #4469, #3188 ) ) ;
#4061 = ADVANCED_FACE ( 'NONE', ( #6207 ), #4635, .F. ) ;
#4062 = VECTOR ( 'NONE', #171, 1000.000000000000000 ) ;
#4063 = CARTESIAN_POINT ( 'NONE',  ( -7.000000000000003553, 35.00000000000000000, 8.499999999999996447 ) ) ;
#4064 = DIRECTION ( 'NONE',  ( -2.168404344971008868E-16, -0.000000000000000000, -1.000000000000000000 ) ) ;
#4065 = DIRECTION ( 'NONE',  ( 0.000000000000000000, 1.000000000000000000, 0.000000000000000000 ) ) ;
#4066 = DIRECTION ( 'NONE',  ( 0.000000000000000000, 0.000000000000000000, 1.000000000000000000 ) ) ;
#4067 = EDGE_CURVE ( 'NONE', #4588, #2248, #1778, .T. ) ;
#4068 = FACE_OUTER_BOUND ( 'NONE', #4173, .T. ) ;
#4069 = LINE ( 'NONE', #6293, #5563 ) ;
#4070 = AXIS2_PLACEMENT_3D ( 'NONE', #3983, #6749, #3499 ) ;
#4071 = DIRECTION ( 'NONE',  ( 3.717264591378872697E-16, 0.000000000000000000, 1.000000000000000000 ) ) ;
#4072 = CARTESIAN_POINT ( 'NONE',  ( 5.999999999999998224, 66.00000000000000000, 18.49999999999999645 ) ) ;
#4073 = ORIENTED_EDGE ( 'NONE', *, *, #2441, .T. ) ;
#4074 = VERTEX_POINT ( 'NONE', #1235 ) ;
#4075 = ADVANCED_FACE ( 'NONE', ( #1713 ), #3471, .F. ) ;
#4076 = DIRECTION ( 'NONE',  ( 0.000000000000000000, 0.000000000000000000, 1.000000000000000000 ) ) ;
#4077 = ORIENTED_EDGE ( 'NONE', *, *, #7129, .T. ) ;
#4078 = CARTESIAN_POINT ( 'NONE',  ( 16.00000000000000000, 12.99999999999999822, -3.500000000000003997 ) ) ;
#4079 = DIRECTION ( 'NONE',  ( -1.000000000000000000, 0.000000000000000000, 0.000000000000000000 ) ) ;
#4080 = CARTESIAN_POINT ( 'NONE',  ( -6.426214193675555464, 42.26017784784588827, -3.768596619436616724 ) ) ;
#4081 = DIRECTION ( 'NONE',  ( 3.717264591378872697E-16, -0.000000000000000000, 1.000000000000000000 ) ) ;
#4082 = AXIS2_PLACEMENT_3D ( 'NONE', #2086, #1073, #6580 ) ;
#4083 = EDGE_CURVE ( 'NONE', #1493, #7031, #5080, .T. ) ;
#4084 = DIRECTION ( 'NONE',  ( 3.717264591378872697E-16, 0.000000000000000000, 1.000000000000000000 ) ) ;
#4085 = ORIENTED_EDGE ( 'NONE', *, *, #1877, .F. ) ;
#4086 = ORIENTED_EDGE ( 'NONE', *, *, #427, .F. ) ;
#4087 = PRODUCT_RELATED_PRODUCT_CATEGORY ( 'detail', '', ( #1565 ) ) ;
#4088 = DIRECTION ( 'NONE',  ( 0.000000000000000000, 0.000000000000000000, 1.000000000000000000 ) ) ;
#4089 = ORIENTED_EDGE ( 'NONE', *, *, #4769, .F. ) ;
#4090 = CARTESIAN_POINT ( 'NONE',  ( 4.175000000000000711, 35.30199819143152240, -6.299999999999999822 ) ) ;
#4091 = EDGE_CURVE ( 'NONE', #3345, #2192, #7073, .T. ) ;
#4092 = DIRECTION ( 'NONE',  ( 0.4999999999999995559, 0.8660254037844389297, 0.000000000000000000 ) ) ;
#4093 = DIRECTION ( 'NONE',  ( -2.409338161078897701E-16, 0.000000000000000000, -1.000000000000000000 ) ) ;
#4094 = VERTEX_POINT ( 'NONE', #4268 ) ;
#4095 = ORIENTED_EDGE ( 'NONE', *, *, #5585, .F. ) ;
#4096 = EDGE_CURVE ( 'NONE', #4898, #4128, #3576, .T. ) ;
#4097 = ADVANCED_FACE ( 'NONE', ( #4702 ), #2582, .F. ) ;
#4098 = ORIENTED_EDGE ( 'NONE', *, *, #5395, .F. ) ;
#4099 = ORIENTED_EDGE ( 'NONE', *, *, #4373, .F. ) ;
#4100 = DIRECTION ( 'NONE',  ( -1.000000000000000000, -0.000000000000000000, -0.000000000000000000 ) ) ;
#4101 = B_SPLINE_CURVE_WITH_KNOTS ( 'NONE', 3,
 ( #469, #6708, #4347, #5045, #6064, #1636, #3322, #5542 ),
 .UNSPECIFIED., .F., .F.,
 ( 4, 2, 2, 4 ),
 ( 0.000000000000000000, 0.0006279505148315615544, 0.0009419257722473428195, 0.001255901029663124193 ),
 .UNSPECIFIED. ) ;
#4102 = PLANE ( 'NONE',  #4760 ) ;
#4103 = AXIS2_PLACEMENT_3D ( 'NONE', #381, #6992, #5894 ) ;
#4104 = EDGE_CURVE ( 'NONE', #5207, #2744, #3615, .T. ) ;
#4105 = CARTESIAN_POINT ( 'NONE',  ( -11.94419745337132177, 40.48298700272181350, -10.83127608121763075 ) ) ;
#4106 = CARTESIAN_POINT ( 'NONE',  ( 3.184081677783118585E-15, 0.5000000000000004441, 26.00000000000000355 ) ) ;
#4107 = CARTESIAN_POINT ( 'NONE',  ( -26.00100000000001188, 74.50000000000000000, 15.00000000000000711 ) ) ;
#4108 = DIRECTION ( 'NONE',  ( 1.000000000000000000, 0.000000000000000000, 0.000000000000000000 ) ) ;
#4109 = ORIENTED_EDGE ( 'NONE', *, *, #3687, .F. ) ;
#4110 = EDGE_CURVE ( 'NONE', #1434, #3718, #789, .T. ) ;
#4111 = ORIENTED_EDGE ( 'NONE', *, *, #5745, .F. ) ;
#4112 = DIRECTION ( 'NONE',  ( 0.000000000000000000, -1.000000000000000000, 0.000000000000000000 ) ) ;
#4113 = ORIENTED_EDGE ( 'NONE', *, *, #2302, .T. ) ;
#4114 = CARTESIAN_POINT ( 'NONE',  ( -11.00000000000000355, 74.50000000000000000, 14.99999999999999645 ) ) ;
#4115 = FACE_OUTER_BOUND ( 'NONE', #1220, .T. ) ;
#4116 = CARTESIAN_POINT ( 'NONE',  ( -6.260113266614152572, 42.15714603535604255, -4.518268348701636405 ) ) ;
#4117 = FACE_OUTER_BOUND ( 'NONE', #2244, .T. ) ;
#4118 = ORIENTED_EDGE ( 'NONE', *, *, #4815, .F. ) ;
#4119 = CARTESIAN_POINT ( 'NONE',  ( -12.00000000000000355, 63.50000000000000000, 10.49999999999999822 ) ) ;
#4120 = VERTEX_POINT ( 'NONE', #6996 ) ;
#4121 = DIRECTION ( 'NONE',  ( 0.000000000000000000, 0.000000000000000000, 1.000000000000000000 ) ) ;
#4122 = FACE_OUTER_BOUND ( 'NONE', #2678, .T. ) ;
#4123 = CARTESIAN_POINT ( 'NONE',  ( -2.485276911687102519, 11.91125273735820755, -3.852764626752894550 ) ) ;
#4124 = FACE_OUTER_BOUND ( 'NONE', #4952, .T. ) ;
#4125 = ORIENTED_EDGE ( 'NONE', *, *, #2712, .T. ) ;
#4126 = CALENDAR_DATE ( 2026, 31, 5 ) ;
#4127 = EDGE_LOOP ( 'NONE', ( #4118, #4557, #6581, #2314, #5943, #6775 ) ) ;
#4128 = VERTEX_POINT ( 'NONE', #1374 ) ;
#4129 = DIRECTION ( 'NONE',  ( 0.000000000000000000, 0.000000000000000000, -1.000000000000000000 ) ) ;
#4130 = ORIENTED_EDGE ( 'NONE', *, *, #4705, .T. ) ;
#4131 = EDGE_CURVE ( 'NONE', #2210, #5073, #2546, .T. ) ;
#4132 = EDGE_CURVE ( 'NONE', #377, #6965, #711, .T. ) ;
#4133 = CARTESIAN_POINT ( 'NONE',  ( 9.000000000000000000, 11.19999999999999929, -3.000000000000001332 ) ) ;
#4134 = CARTESIAN_POINT ( 'NONE',  ( 9.499999999999998224, 70.50000000000000000, 17.49999999999999645 ) ) ;
#4135 = VECTOR ( 'NONE', #4231, 1000.000000000000000 ) ;
#4136 = AXIS2_PLACEMENT_3D ( 'NONE', #6217, #629, #3346 ) ;
#4137 = DIRECTION ( 'NONE',  ( 0.000000000000000000, 1.000000000000000000, 0.000000000000000000 ) ) ;
#4138 = EDGE_CURVE ( 'NONE', #5463, #5829, #6385, .T. ) ;
#4139 = CARTESIAN_POINT ( 'NONE',  ( 12.00000000000000000, 13.99999999999999822, -4.500000000000003553 ) ) ;
#4140 = LINE ( 'NONE', #6362, #190 ) ;
#4141 = CARTESIAN_POINT ( 'NONE',  ( 10.49999999999999645, 60.00000000000000000, 11.49999999999998757 ) ) ;
#4142 = AXIS2_PLACEMENT_3D ( 'NONE', #5135, #4178, #251 ) ;
#4143 = VERTEX_POINT ( 'NONE', #5365 ) ;
#4144 = VERTEX_POINT ( 'NONE', #1956 ) ;
#4145 = LINE ( 'NONE', #120, #2385 ) ;
#4146 = ORIENTED_EDGE ( 'NONE', *, *, #1050, .F. ) ;
#4147 = EDGE_CURVE ( 'NONE', #6121, #605, #4233, .T. ) ;
#4148 = SPHERICAL_SURFACE ( 'NONE', #421, 1.000000000000000000 ) ;
#4149 = CYLINDRICAL_SURFACE ( 'NONE', #4538, 3.000000000000001332 ) ;
#4150 = CARTESIAN_POINT ( 'NONE',  ( -5.993158096227324982, 41.43169110632029373, -3.634298309738698052 ) ) ;
#4151 = DIRECTION ( 'NONE',  ( 0.000000000000000000, 0.000000000000000000, -1.000000000000000000 ) ) ;
#4152 = ORIENTED_EDGE ( 'NONE', *, *, #75, .F. ) ;
#4153 = FACE_OUTER_BOUND ( 'NONE', #2801, .T. ) ;
#4154 = VERTEX_POINT ( 'NONE', #4785 ) ;
#4155 = CIRCLE ( 'NONE', #2874, 3.499999999999999556 ) ;
#4156 = EDGE_CURVE ( 'NONE', #484, #1182, #386, .T. ) ;
#4157 = LINE ( 'NONE', #4739, #4597 ) ;
#4158 = CARTESIAN_POINT ( 'NONE',  ( -11.97097917307867476, 62.85783031884039929, 10.29473236292202110 ) ) ;
#4159 = AXIS2_PLACEMENT_3D ( 'NONE', #30, #2269, #451 ) ;
#4160 = CARTESIAN_POINT ( 'NONE',  ( -3.298070433219897346, 12.00000000000106226, -3.591472901624030101 ) ) ;
#4161 = VERTEX_POINT ( 'NONE', #4672 ) ;
#4162 = AXIS2_PLACEMENT_3D ( 'NONE', #71, #4510, #3965 ) ;
#4163 = LINE ( 'NONE', #4201, #5016 ) ;
#4164 = VERTEX_POINT ( 'NONE', #6889 ) ;
#4165 = APPROVAL_DATE_TIME ( #4790, #957 ) ;
#4166 = AXIS2_PLACEMENT_3D ( 'NONE', #7079, #4792, #4709 ) ;
#4167 = AXIS2_PLACEMENT_3D ( 'NONE', #5664, #6285, #5701 ) ;
#4168 = VERTEX_POINT ( 'NONE', #5903 ) ;
#4169 = DIRECTION ( 'NONE',  ( 1.000000000000000000, -0.000000000000000000, -0.000000000000000000 ) ) ;
#4170 = DIRECTION ( 'NONE',  ( 1.000000000000000000, -0.000000000000000000, -0.000000000000000000 ) ) ;
#4171 = CARTESIAN_POINT ( 'NONE',  ( -1.620052194943026658, 11.80616230112112319, -4.086257705005734486 ) ) ;
#4172 = AXIS2_PLACEMENT_3D ( 'NONE', #6590, #7019, #1580 ) ;
#4173 = EDGE_LOOP ( 'NONE', ( #16, #5329, #4630, #3865, #2508 ) ) ;
#4174 = APPROVAL ( #4748, 'æœª' ) ;
#4175 = ORIENTED_EDGE ( 'NONE', *, *, #4970, .F. ) ;
#4176 = EDGE_CURVE ( 'NONE', #2795, #529, #269, .T. ) ;
#4177 = AXIS2_PLACEMENT_3D ( 'NONE', #4441, #72, #2864 ) ;
#4178 = DIRECTION ( 'NONE',  ( -0.000000000000000000, 1.000000000000000000, 0.000000000000000000 ) ) ;
#4179 = DIRECTION ( 'NONE',  ( 0.000000000000000000, 0.000000000000000000, 1.000000000000000000 ) ) ;
#4180 = DIRECTION ( 'NONE',  ( 3.717264591378872697E-16, -0.000000000000000000, 1.000000000000000000 ) ) ;
#4181 = FACE_OUTER_BOUND ( 'NONE', #422, .T. ) ;
#4182 = CARTESIAN_POINT ( 'NONE',  ( -11.50000000000000000, 9.000000000000001776, 14.50000000000000000 ) ) ;
#4183 = EDGE_CURVE ( 'NONE', #5314, #4629, #1874, .T. ) ;
#4184 = EDGE_CURVE ( 'NONE', #3977, #2603, #2506, .T. ) ;
#4185 = ORIENTED_EDGE ( 'NONE', *, *, #4212, .F. ) ;
#4186 = VECTOR ( 'NONE', #7226, 1000.000000000000000 ) ;
#4187 = DIRECTION ( 'NONE',  ( -1.000000000000000000, 0.000000000000000000, 4.336808689942017736E-16 ) ) ;
#4188 = ORIENTED_EDGE ( 'NONE', *, *, #6147, .F. ) ;
#4189 = DIRECTION ( 'NONE',  ( 1.000000000000000000, -0.000000000000000000, 0.000000000000000000 ) ) ;
#4190 = DIRECTION ( 'NONE',  ( 0.000000000000000000, 0.000000000000000000, -1.000000000000000000 ) ) ;
#4191 = CARTESIAN_POINT ( 'NONE',  ( -5.248859823844390426, 41.89811374139845412, -5.489026747784556015 ) ) ;
#4192 = DIRECTION ( 'NONE',  ( -0.000000000000000000, 1.000000000000000000, -0.000000000000000000 ) ) ;
#4193 = CARTESIAN_POINT ( 'NONE',  ( 0.000000000000000000, 0.5000000000000004441, -26.00000000000000355 ) ) ;
#4194 = AXIS2_PLACEMENT_3D ( 'NONE', #6435, #4655, #2969 ) ;
#4195 = EDGE_CURVE ( 'NONE', #3345, #5098, #1311, .T. ) ;
#4196 = CARTESIAN_POINT ( 'NONE',  ( -5.991718980994058086, 45.98721042511277091, -4.500000000000001776 ) ) ;
#4197 = DIRECTION ( 'NONE',  ( 1.000000000000000000, 0.000000000000000000, -3.717264591378872204E-16 ) ) ;
#4198 = VECTOR ( 'NONE', #5189, 1000.000000000000114 ) ;
#4199 = CARTESIAN_POINT ( 'NONE',  ( -3.570714214271425657, 12.00000000000000000, -3.499999999999999556 ) ) ;
#4200 = ORIENTED_EDGE ( 'NONE', *, *, #1027, .T. ) ;
#4201 = CARTESIAN_POINT ( 'NONE',  ( -6.000000000000008882, 72.50000000000000000, -4.499999999999999112 ) ) ;
#4202 = ORIENTED_EDGE ( 'NONE', *, *, #291, .T. ) ;
#4203 = DIRECTION ( 'NONE',  ( -2.409338161078897701E-16, 0.000000000000000000, -1.000000000000000000 ) ) ;
#4205 = EDGE_CURVE ( 'NONE', #4777, #4299, #3026, .T. ) ;
#4204 = APPROVAL_STATUS ( 'not_yet_approved' ) ;
#4206 = ORIENTED_EDGE ( 'NONE', *, *, #3654, .T. ) ;
#4207 = DIRECTION ( 'NONE',  ( 0.000000000000000000, 0.000000000000000000, -1.000000000000000000 ) ) ;
#4208 = DIRECTION ( 'NONE',  ( -1.000000000000000000, 0.000000000000000000, 0.000000000000000000 ) ) ;
#4209 = DIRECTION ( 'NONE',  ( -2.168404344971008868E-16, -0.000000000000000000, -1.000000000000000000 ) ) ;
#4210 = ORIENTED_EDGE ( 'NONE', *, *, #2448, .T. ) ;
#4211 = DIRECTION ( 'NONE',  ( 0.000000000000000000, 1.000000000000000000, 0.000000000000000000 ) ) ;
#4212 = EDGE_CURVE ( 'NONE', #2210, #4759, #6374, .T. ) ;
#4213 = EDGE_CURVE ( 'NONE', #163, #6226, #3094, .T. ) ;
#4214 = CARTESIAN_POINT ( 'NONE',  ( -5.070185751640446270, 40.89873981431312444, -4.499999999999998224 ) ) ;
#4215 = CYLINDRICAL_SURFACE ( 'NONE', #3366, 2.500000000000000444 ) ;
#4216 = CARTESIAN_POINT ( 'NONE',  ( 15.00000000000000355, 20.49999999999999645, 26.00100000000000477 ) ) ;
#4217 = ORIENTED_EDGE ( 'NONE', *, *, #5126, .T. ) ;
#4218 = AXIS2_PLACEMENT_3D ( 'NONE', #5175, #1327, #3462 ) ;
#4219 = ORIENTED_EDGE ( 'NONE', *, *, #3027, .T. ) ;
#4220 = EDGE_CURVE ( 'NONE', #719, #6098, #3841, .T. ) ;
#4221 = CARTESIAN_POINT ( 'NONE',  ( -12.00000000000000355, 74.50000000000000000, -7.999999999999998224 ) ) ;
#4222 = ORIENTED_EDGE ( 'NONE', *, *, #482, .F. ) ;
#4223 = DIRECTION ( 'NONE',  ( 0.000000000000000000, -0.000000000000000000, 1.000000000000000000 ) ) ;
#4224 = CYLINDRICAL_SURFACE ( 'NONE', #6966, 0.5000000000000004441 ) ;
#4225 = EDGE_CURVE ( 'NONE', #3633, #5964, #6259, .T. ) ;
#4226 = CARTESIAN_POINT ( 'NONE',  ( -5.758614560379799130, 41.96108206144585751, -5.236504612438641182 ) ) ;
#4227 = EDGE_CURVE ( 'NONE', #2633, #702, #5580, .T. ) ;
#4228 = CARTESIAN_POINT ( 'NONE',  ( -12.00000000000000355, 77.00000000000000000, -7.999999999999998224 ) ) ;
#4229 = ORIENTED_EDGE ( 'NONE', *, *, #644, .T. ) ;
#4230 = FACE_OUTER_BOUND ( 'NONE', #148, .T. ) ;
#4231 = DIRECTION ( 'NONE',  ( 1.000000000000000000, -0.000000000000000000, -1.931325469920844706E-15 ) ) ;
#4232 = CYLINDRICAL_SURFACE ( 'NONE', #3090, 2.500000000000000444 ) ;
#4233 = LINE ( 'NONE', #3176, #2645 ) ;
#4234 = ADVANCED_FACE ( 'NONE', ( #3320 ), #977, .F. ) ;
#4235 = DIRECTION ( 'NONE',  ( 1.000000000000000000, -0.000000000000000000, 1.224646799147353207E-16 ) ) ;
#4236 = EDGE_LOOP ( 'NONE', ( #6425, #2252, #2058, #5504 ) ) ;
#4237 = CARTESIAN_POINT ( 'NONE',  ( 23.63762615825975644, 77.38675134594814153, 15.00000000000000888 ) ) ;
#4238 = SECURITY_CLASSIFICATION_LEVEL ( 'unclassified' ) ;
#4239 = ORIENTED_EDGE ( 'NONE', *, *, #6632, .T. ) ;
#4240 = ORIENTED_EDGE ( 'NONE', *, *, #4096, .F. ) ;
#4241 = DIRECTION ( 'NONE',  ( 0.000000000000000000, -1.000000000000000000, 0.000000000000000000 ) ) ;
#4242 = DIRECTION ( 'NONE',  ( 0.000000000000000000, 0.000000000000000000, -1.000000000000000000 ) ) ;
#4243 = EDGE_CURVE ( 'NONE', #1574, #2337, #5336, .T. ) ;
#4244 = DIRECTION ( 'NONE',  ( -1.000000000000000000, 0.000000000000000000, 3.717264591378872697E-16 ) ) ;
#4245 = ORIENTED_EDGE ( 'NONE', *, *, #4471, .F. ) ;
#4246 = DIRECTION ( 'NONE',  ( 1.000000000000000000, 0.000000000000000000, -4.956352788505163268E-16 ) ) ;
#4247 = AXIS2_PLACEMENT_3D ( 'NONE', #2923, #6787, #3397 ) ;
#4248 = CYLINDRICAL_SURFACE ( 'NONE', #5320, 1.000000000000000888 ) ;
#4249 = DIRECTION ( 'NONE',  ( 0.000000000000000000, 0.000000000000000000, -1.000000000000000000 ) ) ;
#4250 = CARTESIAN_POINT ( 'NONE',  ( -6.360621692292486529, 45.78263772262153708, -4.178218285510538088 ) ) ;
#4251 = AXIS2_PLACEMENT_3D ( 'NONE', #1264, #2439, #4088 ) ;
#4252 = ORIENTED_EDGE ( 'NONE', *, *, #4758, .T. ) ;
#4253 = CYLINDRICAL_SURFACE ( 'NONE', #4375, 1.100000000000007194 ) ;
#4254 = EDGE_LOOP ( 'NONE', ( #3313, #717, #6080, #5815, #5368, #7069 ) ) ;
#4255 = DIRECTION ( 'NONE',  ( -1.000000000000000000, 0.000000000000000000, 3.717264591378872697E-16 ) ) ;
#4256 = DIRECTION ( 'NONE',  ( 0.000000000000000000, -1.000000000000000000, 0.000000000000000000 ) ) ;
#4257 = AXIS2_PLACEMENT_3D ( 'NONE', #224, #5235, #3079 ) ;
#4258 = LINE ( 'NONE', #5533, #4403 ) ;
#4259 = CARTESIAN_POINT ( 'NONE',  ( -6.435483870967741105, 45.73338627884130858, 26.00100000000000477 ) ) ;
#4260 = ORIENTED_EDGE ( 'NONE', *, *, #6061, .T. ) ;
#4261 = DIRECTION ( 'NONE',  ( -0.000000000000000000, -0.000000000000000000, 1.000000000000000000 ) ) ;
#4262 = ORIENTED_EDGE ( 'NONE', *, *, #4024, .T. ) ;
#4263 = AXIS2_PLACEMENT_3D ( 'NONE', #1885, #1280, #1345 ) ;
#4264 = ADVANCED_FACE ( 'NONE', ( #1552 ), #3365, .F. ) ;
#4265 = EDGE_CURVE ( 'NONE', #856, #6943, #188, .T. ) ;
#4266 = DIRECTION ( 'NONE',  ( 0.000000000000000000, 0.000000000000000000, -1.000000000000000000 ) ) ;
#4267 = LINE ( 'NONE', #5471, #877 ) ;
#4268 = CARTESIAN_POINT ( 'NONE',  ( 7.349999999999998757, 15.50000000000000000, -11.50000000000000000 ) ) ;
#4269 = VERTEX_POINT ( 'NONE', #534 ) ;
#4270 = CARTESIAN_POINT ( 'NONE',  ( 9.799999999999998934, 0.000000000000000000, 0.000000000000000000 ) ) ;
#4271 = EDGE_LOOP ( 'NONE', ( #2548, #2027, #6971, #5679, #6784, #5302 ) ) ;
#4272 = VECTOR ( 'NONE', #3250, 1000.000000000000000 ) ;
#4273 = DIRECTION ( 'NONE',  ( 0.000000000000000000, 0.000000000000000000, -1.000000000000000000 ) ) ;
#4274 = ORIENTED_EDGE ( 'NONE', *, *, #1696, .T. ) ;
#4275 = ORIENTED_EDGE ( 'NONE', *, *, #6503, .T. ) ;
#4276 = EDGE_CURVE ( 'NONE', #1230, #6026, #1720, .T. ) ;
#4277 = CIRCLE ( 'NONE', #555, 1.000000000000000888 ) ;
#4278 = DIRECTION ( 'NONE',  ( -1.000000000000000000, 0.000000000000000000, -0.000000000000000000 ) ) ;
#4279 = TOROIDAL_SURFACE ( 'NONE', #3578, 2.500000000000000000, 1.000000000000000000 ) ;
#4280 = CARTESIAN_POINT ( 'NONE',  ( -7.000000000000003553, 46.55880831638479123, 9.499999999999998224 ) ) ;
#4281 = CARTESIAN_POINT ( 'NONE',  ( 0.000000000000000000, 74.50000000000000000, 14.99999999999999645 ) ) ;
#4282 = DIRECTION ( 'NONE',  ( 0.000000000000000000, 0.000000000000000000, 1.000000000000000000 ) ) ;
#4283 = CIRCLE ( 'NONE', #4989, 3.499999999999999556 ) ;
#4284 = CIRCLE ( 'NONE', #888, 1.099999999999997646 ) ;
#4285 = VERTEX_POINT ( 'NONE', #6016 ) ;
#4286 = ORIENTED_EDGE ( 'NONE', *, *, #2112, .F. ) ;
#4287 = EDGE_CURVE ( 'NONE', #6156, #491, #1935, .T. ) ;
#4288 = VECTOR ( 'NONE', #5399, 1000.000000000000000 ) ;
#4289 = CARTESIAN_POINT ( 'NONE',  ( -5.250000000000001776, 44.00000000000000000, 8.499999999999996447 ) ) ;
#4290 = CIRCLE ( 'NONE', #2056, 2.500000000000000444 ) ;
#4291 = DIRECTION ( 'NONE',  ( -0.000000000000000000, 1.000000000000000000, -0.000000000000000000 ) ) ;
#4292 = CARTESIAN_POINT ( 'NONE',  ( -1.937288419351409052, 11.83147941928309521, -3.999999999999996447 ) ) ;
#4293 = FACE_OUTER_BOUND ( 'NONE', #456, .T. ) ;
#4294 = VERTEX_POINT ( 'NONE', #6530 ) ;
#4295 = AXIS2_PLACEMENT_3D ( 'NONE', #3361, #7065, #2064 ) ;
#4296 = EDGE_CURVE ( 'NONE', #5167, #356, #6037, .T. ) ;
#4297 = ORIENTED_EDGE ( 'NONE', *, *, #3732, .F. ) ;
#4298 = DIRECTION ( 'NONE',  ( -3.717264591378872697E-16, 0.000000000000000000, -1.000000000000000000 ) ) ;
#4299 = VERTEX_POINT ( 'NONE', #3251 ) ;
#4300 = DIRECTION ( 'NONE',  ( 4.956352788505163268E-16, 0.000000000000000000, 1.000000000000000000 ) ) ;
#4301 = AXIS2_PLACEMENT_3D ( 'NONE', #740, #4661, #845 ) ;
#4302 = DIRECTION ( 'NONE',  ( 0.000000000000000000, 0.000000000000000000, -1.000000000000000000 ) ) ;
#4303 = ORIENTED_EDGE ( 'NONE', *, *, #4761, .F. ) ;
#4304 = DIRECTION ( 'NONE',  ( 0.8254220375434826451, -0.5645161290322588954, 1.431878986115287498E-15 ) ) ;
#4305 = CARTESIAN_POINT ( 'NONE',  ( -3.570714214271424769, 13.00000000000000178, -3.499999999999999556 ) ) ;
#4306 = DIRECTION ( 'NONE',  ( 0.000000000000000000, 1.000000000000000000, 0.000000000000000000 ) ) ;
#4307 = CIRCLE ( 'NONE', #6174, 24.49999999999998934 ) ;
#4308 = CARTESIAN_POINT ( 'NONE',  ( -10.00000000000000355, 61.04999999999999005, -9.949999999999997513 ) ) ;
#4309 = CARTESIAN_POINT ( 'NONE',  ( 15.99999999999998579, 74.50000000000000000, -8.000000000000003553 ) ) ;
#4310 = CARTESIAN_POINT ( 'NONE',  ( -11.00000000000000355, 35.00000000000000000, 9.499999999999998224 ) ) ;
#4311 = VERTEX_POINT ( 'NONE', #1086 ) ;
#4312 = ADVANCED_FACE ( 'NONE', ( #5472 ), #4377, .F. ) ;
#4313 = EDGE_CURVE ( 'NONE', #3216, #4588, #4936, .T. ) ;
#4314 = DIRECTION ( 'NONE',  ( 1.000000000000000000, -0.000000000000000000, -0.000000000000000000 ) ) ;
#4315 = EDGE_LOOP ( 'NONE', ( #4546, #4217, #6549, #3785 ) ) ;
#4316 = VECTOR ( 'NONE', #1594, 1000.000000000000000 ) ;
#4317 = CARTESIAN_POINT ( 'NONE',  ( -6.000000000000002665, 68.90872843370988221, 11.73932898157233318 ) ) ;
#4318 = CIRCLE ( 'NONE', #1165, 2.000000000000000000 ) ;
#4319 = VERTEX_POINT ( 'NONE', #7142 ) ;
#4320 = CARTESIAN_POINT ( 'NONE',  ( -5.057675823418570360, 47.10002054921743309, -4.500601762322051336 ) ) ;
#4321 = CARTESIAN_POINT ( 'NONE',  ( 9.799999999999998934, 13.99999999999999289, -4.499999999999999112 ) ) ;
#4322 = DIRECTION ( 'NONE',  ( -0.000000000000000000, -1.000000000000000000, -0.000000000000000000 ) ) ;
#4323 = DIRECTION ( 'NONE',  ( 1.000000000000000000, 0.000000000000000000, 0.000000000000000000 ) ) ;
#4324 = ADVANCED_FACE ( 'NONE', ( #2776 ), #5013, .F. ) ;
#4325 = ADVANCED_FACE ( 'NONE', ( #4457 ), #6126, .F. ) ;
#4326 = AXIS2_PLACEMENT_3D ( 'NONE', #6765, #4608, #5564 ) ;
#4327 = VERTEX_POINT ( 'NONE', #4310 ) ;
#4328 = ORIENTED_EDGE ( 'NONE', *, *, #4398, .F. ) ;
#4329 = DIRECTION ( 'NONE',  ( -1.000000000000000000, -6.608470384673554968E-15, 0.000000000000000000 ) ) ;
#4330 = CARTESIAN_POINT ( 'NONE',  ( -11.00000000000000355, 0.000000000000000000, 17.49999999999999645 ) ) ;
#4331 = CARTESIAN_POINT ( 'NONE',  ( -8.000000000000003553, 71.00000000000000000, 6.999999999999997335 ) ) ;
#4332 = CYLINDRICAL_SURFACE ( 'NONE', #2689, 3.499999999999999556 ) ;
#4333 = ADVANCED_FACE ( 'NONE', ( #3764 ), #5978, .F. ) ;
#4334 = EDGE_LOOP ( 'NONE', ( #5922, #5295, #6802, #4708 ) ) ;
#4335 = ORIENTED_EDGE ( 'NONE', *, *, #601, .F. ) ;
#4336 = DIRECTION ( 'NONE',  ( 0.000000000000000000, 0.000000000000000000, -1.000000000000000000 ) ) ;
#4337 = ORIENTED_EDGE ( 'NONE', *, *, #7036, .T. ) ;
#4338 = PLANE ( 'NONE',  #881 ) ;
#4339 = DIRECTION ( 'NONE',  ( -1.000000000000000000, 2.391107543908238811E-30, 3.097720492815719277E-16 ) ) ;
#4340 = CARTESIAN_POINT ( 'NONE',  ( 6.249999999999993783, 34.10399638286305901, -4.500000000000001776 ) ) ;
#4341 = EDGE_CURVE ( 'NONE', #963, #6121, #4534, .T. ) ;
#4342 = DIRECTION ( 'NONE',  ( 0.000000000000000000, 0.000000000000000000, 1.000000000000000000 ) ) ;
#4343 = AXIS2_PLACEMENT_3D ( 'NONE', #5647, #676, #3568 ) ;
#4344 = DIRECTION ( 'NONE',  ( -2.168404344971008868E-16, 0.000000000000000000, -1.000000000000000000 ) ) ;
#4345 = CARTESIAN_POINT ( 'NONE',  ( 11.50000000000000000, 9.000000000000001776, -14.50000000000000000 ) ) ;
#4346 = CARTESIAN_POINT ( 'NONE',  ( 9.799999999999998934, 18.99999999999998934, -4.499999999999999112 ) ) ;
#4347 = CARTESIAN_POINT ( 'NONE',  ( -11.97581079099870571, 41.81320004666018519, -10.72979897879208799 ) ) ;
#4348 = ORIENTED_EDGE ( 'NONE', *, *, #2138, .T. ) ;
#4349 = CARTESIAN_POINT ( 'NONE',  ( -12.00000000000000355, 60.12284286528654320, 8.500000017453574586 ) ) ;
#4350 = EDGE_LOOP ( 'NONE', ( #2355, #3288, #4077, #223 ) ) ;
#4351 = FACE_OUTER_BOUND ( 'NONE', #2, .T. ) ;
#4352 = CARTESIAN_POINT ( 'NONE',  ( -5.515330128096358919, 46.08485574030163434, -5.398861580115674741 ) ) ;
#4353 = LINE ( 'NONE', #3851, #2181 ) ;
#4354 = DIRECTION ( 'NONE',  ( 0.000000000000000000, 0.000000000000000000, 1.000000000000000000 ) ) ;
#4355 = FACE_OUTER_BOUND ( 'NONE', #5142, .T. ) ;
#4356 = EDGE_LOOP ( 'NONE', ( #6387, #2002, #939, #827 ) ) ;
#4357 = ADVANCED_FACE ( 'NONE', ( #3526 ), #2877, .T. ) ;
#4358 = EDGE_CURVE ( 'NONE', #2603, #3097, #4639, .T. ) ;
#4359 = CARTESIAN_POINT ( 'NONE',  ( -11.00000000000000355, 78.00000000000000000, 9.499999999999998224 ) ) ;
#4360 = DIRECTION ( 'NONE',  ( 0.000000000000000000, 0.000000000000000000, -1.000000000000000000 ) ) ;
#4361 = DIRECTION ( 'NONE',  ( 0.000000000000000000, 0.000000000000000000, -1.000000000000000000 ) ) ;
#4362 = DIRECTION ( 'NONE',  ( 0.000000000000000000, 0.000000000000000000, 1.000000000000000000 ) ) ;
#4363 = VERTEX_POINT ( 'NONE', #1163 ) ;
#4364 = CIRCLE ( 'NONE', #6914, 0.5000000000000004441 ) ;
#4365 = EDGE_CURVE ( 'NONE', #791, #6534, #3421, .T. ) ;
#4366 = LINE ( 'NONE', #3748, #5186 ) ;
#4367 = ORIENTED_EDGE ( 'NONE', *, *, #4423, .T. ) ;
#4368 = DIRECTION ( 'NONE',  ( 1.000000000000000000, 0.000000000000000000, 0.000000000000000000 ) ) ;
#4369 = CARTESIAN_POINT ( 'NONE',  ( -8.400000000000003908, 67.76683849253808489, 7.000000000000004441 ) ) ;
#4370 = CARTESIAN_POINT ( 'NONE',  ( -0.2499999999999993616, 17.00000000000000000, -8.500000000000000000 ) ) ;
#4371 = DIRECTION ( 'NONE',  ( -1.000000000000000000, -0.000000000000000000, -0.000000000000000000 ) ) ;
#4372 = ORIENTED_EDGE ( 'NONE', *, *, #63, .F. ) ;
#4373 = EDGE_CURVE ( 'NONE', #186, #1456, #1022, .T. ) ;
#4374 = DIRECTION ( 'NONE',  ( -0.000000000000000000, -1.000000000000000000, -0.000000000000000000 ) ) ;
#4375 = AXIS2_PLACEMENT_3D ( 'NONE', #3195, #1425, #5305 ) ;
#4376 = DIRECTION ( 'NONE',  ( 0.000000000000000000, 0.000000000000000000, -1.000000000000000000 ) ) ;
#4377 = CYLINDRICAL_SURFACE ( 'NONE', #2189, 2.000000000000003553 ) ;
#4378 = DIRECTION ( 'NONE',  ( -1.000000000000000000, 0.000000000000000000, 0.000000000000000000 ) ) ;
#4379 = ORIENTED_EDGE ( 'NONE', *, *, #2290, .F. ) ;
#4380 = DIRECTION ( 'NONE',  ( -0.000000000000000000, -0.000000000000000000, 1.000000000000000000 ) ) ;
#4381 = VERTEX_POINT ( 'NONE', #4620 ) ;
#4382 = ORIENTED_EDGE ( 'NONE', *, *, #2598, .T. ) ;
#4383 = EDGE_LOOP ( 'NONE', ( #3635, #156, #4768, #4694, #3032, #3580, #6551 ) ) ;
#4384 = CARTESIAN_POINT ( 'NONE',  ( -5.905903008838293999, 45.99641337758117743, -5.091530578038570454 ) ) ;
#4385 = DIRECTION ( 'NONE',  ( 0.000000000000000000, 0.000000000000000000, -1.000000000000000000 ) ) ;
#4386 = VECTOR ( 'NONE', #6384, 1000.000000000000000 ) ;
#4387 = CARTESIAN_POINT ( 'NONE',  ( 14.00000000000000355, 70.50000000000000000, -5.500000000000005329 ) ) ;
#4388 = FACE_OUTER_BOUND ( 'NONE', #4436, .T. ) ;
#4389 = ORIENTED_EDGE ( 'NONE', *, *, #191, .T. ) ;
#4390 = ORIENTED_EDGE ( 'NONE', *, *, #2754, .F. ) ;
#4391 = AXIS2_PLACEMENT_3D ( 'NONE', #5353, #933, #2572 ) ;
#4392 = DIRECTION ( 'NONE',  ( -1.000000000000000000, 0.000000000000000000, 0.000000000000000000 ) ) ;
#4393 = CARTESIAN_POINT ( 'NONE',  ( 5.149999999999998579, 36.50000000000000711, -8.500000000000000000 ) ) ;
#4394 = CIRCLE ( 'NONE', #5562, 1.000000000000000000 ) ;
#4395 = VECTOR ( 'NONE', #4291, 1000.000000000000000 ) ;
#4396 = CYLINDRICAL_SURFACE ( 'NONE', #4082, 1.000000000000000000 ) ;
#4397 = VERTEX_POINT ( 'NONE', #608 ) ;
#4398 = EDGE_CURVE ( 'NONE', #1958, #3324, #2654, .T. ) ;
#4399 = VERTEX_POINT ( 'NONE', #3457 ) ;
#4400 = EDGE_LOOP ( 'NONE', ( #2576, #1415, #1167, #4704 ) ) ;
#4401 = CIRCLE ( 'NONE', #1708, 2.099999999999998757 ) ;
#4402 = CIRCLE ( 'NONE', #2413, 1.000000000000000000 ) ;
#4403 = VECTOR ( 'NONE', #6472, 1000.000000000000000 ) ;
#4404 = DIRECTION ( 'NONE',  ( -0.000000000000000000, 1.000000000000000000, -0.000000000000000000 ) ) ;
#4405 = ORIENTED_EDGE ( 'NONE', *, *, #5086, .F. ) ;
#4406 = CARTESIAN_POINT ( 'NONE',  ( -5.000000000000007994, 40.91009708890392460, -4.499999999999999112 ) ) ;
#4407 = DIRECTION ( 'NONE',  ( -1.000000000000000000, 0.000000000000000000, 0.000000000000000000 ) ) ;
#4408 = DIRECTION ( 'NONE',  ( 0.000000000000000000, 0.000000000000000000, -1.000000000000000000 ) ) ;
#4409 = CIRCLE ( 'NONE', #1247, 1.000000000000000000 ) ;
#4410 = VECTOR ( 'NONE', #3936, 1000.000000000000000 ) ;
#4411 = DIRECTION ( 'NONE',  ( 0.000000000000000000, 0.000000000000000000, 1.000000000000000000 ) ) ;
#4412 = EDGE_CURVE ( 'NONE', #1502, #4737, #4058, .T. ) ;
#4413 = EDGE_CURVE ( 'NONE', #79, #256, #77, .T. ) ;
#4414 = EDGE_LOOP ( 'NONE', ( #5767, #2429 ) ) ;
#4415 = VECTOR ( 'NONE', #1178, 1000.000000000000000 ) ;
#4416 = CARTESIAN_POINT ( 'NONE',  ( -11.50000000000000000, 10.20000000000000107, 17.00000000000000000 ) ) ;
#4417 = EDGE_LOOP ( 'NONE', ( #366, #5844, #1447, #6703 ) ) ;
#4418 = CARTESIAN_POINT ( 'NONE',  ( -7.000000000000002665, 60.00000000000000000, 11.49999999999999467 ) ) ;
#4419 = CARTESIAN_POINT ( 'NONE',  ( 9.799999999999998934, 72.00000000000000000, -9.443375672974068991 ) ) ;
#4420 = VERTEX_POINT ( 'NONE', #3498 ) ;
#4421 = CARTESIAN_POINT ( 'NONE',  ( -7.350000000000000533, 44.00000000000000000, 8.499999999999996447 ) ) ;
#4422 = VERTEX_POINT ( 'NONE', #5683 ) ;
#4423 = EDGE_CURVE ( 'NONE', #2671, #956, #5110, .T. ) ;
#4424 = AXIS2_PLACEMENT_3D ( 'NONE', #617, #5485, #2738 ) ;
#4425 = ORIENTED_EDGE ( 'NONE', *, *, #2345, .F. ) ;
#4426 = CARTESIAN_POINT ( 'NONE',  ( 11.50000000000000000, 10.20000000000000107, -12.89999999999999858 ) ) ;
#4427 = VECTOR ( 'NONE', #126, 1000.000000000000000 ) ;
#4428 = DIRECTION ( 'NONE',  ( -2.168404344971008868E-16, -0.000000000000000000, -1.000000000000000000 ) ) ;
#4429 = DIRECTION ( 'NONE',  ( 1.000000000000000000, -0.000000000000000000, 0.000000000000000000 ) ) ;
#4430 = LINE ( 'NONE', #4910, #3846 ) ;
#4431 = ADVANCED_FACE ( 'NONE', ( #674 ), #3835, .F. ) ;
#4432 = ORIENTED_EDGE ( 'NONE', *, *, #2225, .F. ) ;
#4433 = ORIENTED_EDGE ( 'NONE', *, *, #6822, .T. ) ;
#4434 = CIRCLE ( 'NONE', #3146, 2.000000000000003553 ) ;
#4435 = VERTEX_POINT ( 'NONE', #2948 ) ;
#4436 = EDGE_LOOP ( 'NONE', ( #6504, #2665, #5236, #503 ) ) ;
#4437 = ORIENTED_EDGE ( 'NONE', *, *, #4903, .T. ) ;
#4438 = CARTESIAN_POINT ( 'NONE',  ( -6.000000000000007994, 78.00000000000000000, -1.500000000000002665 ) ) ;
#4439 = ORIENTED_EDGE ( 'NONE', *, *, #5714, .T. ) ;
#4440 = DIRECTION ( 'NONE',  ( 0.000000000000000000, 1.000000000000000000, 0.000000000000000000 ) ) ;
#4441 = CARTESIAN_POINT ( 'NONE',  ( -11.00000000000000355, 74.50000000000000000, -7.999999999999998224 ) ) ;
#4442 = FACE_OUTER_BOUND ( 'NONE', #2883, .T. ) ;
#4443 = ORIENTED_EDGE ( 'NONE', *, *, #727, .F. ) ;
#4444 = ORIENTED_EDGE ( 'NONE', *, *, #661, .T. ) ;
#4445 = CARTESIAN_POINT ( 'NONE',  ( 12.00000000000000000, 74.50000000000000000, -11.50000000000000355 ) ) ;
#4446 = ORIENTED_EDGE ( 'NONE', *, *, #4054, .F. ) ;
#4447 = CARTESIAN_POINT ( 'NONE',  ( 0.2989195700540469569, 11.12770693129866295, -3.991652520711908458 ) ) ;
#4448 = LINE ( 'NONE', #1662, #5919 ) ;
#4449 = CARTESIAN_POINT ( 'NONE',  ( -11.00000000000000355, 35.00000000000000000, 2.999999999999997780 ) ) ;
#4450 = CARTESIAN_POINT ( 'NONE',  ( 14.00000000000000355, 70.50000000000000000, -4.500000000000000888 ) ) ;
#4451 = EDGE_CURVE ( 'NONE', #2559, #6654, #1717, .T. ) ;
#4452 = ORIENTED_EDGE ( 'NONE', *, *, #2233, .F. ) ;
#4453 = FACE_OUTER_BOUND ( 'NONE', #755, .T. ) ;
#4454 = EDGE_CURVE ( 'NONE', #5974, #2237, #6958, .T. ) ;
#4455 = EDGE_CURVE ( 'NONE', #1530, #5522, #7082, .T. ) ;
#4456 = CARTESIAN_POINT ( 'NONE',  ( 23.63762615825975644, 77.38675134594814153, 15.00000000000000888 ) ) ;
#4457 = FACE_OUTER_BOUND ( 'NONE', #7040, .T. ) ;
#4458 = AXIS2_PLACEMENT_3D ( 'NONE', #2336, #6783, #6235 ) ;
#4459 = CARTESIAN_POINT ( 'NONE',  ( -7.000000000000007994, 13.00000000000000178, -0.5000000000000022204 ) ) ;
#4460 = CARTESIAN_POINT ( 'NONE',  ( 9.499999999999998224, 74.50000000000000000, 18.49999999999999645 ) ) ;
#4461 = VECTOR ( 'NONE', #6377, 1000.000000000000000 ) ;
#4462 = FACE_BOUND ( 'NONE', #6587, .T. ) ;
#4463 = EDGE_CURVE ( 'NONE', #1387, #6926, #6809, .T. ) ;
#4464 = CARTESIAN_POINT ( 'NONE',  ( -11.00000000000000355, 0.000000000000000000, -0.5000000000000022204 ) ) ;
#4465 = LINE ( 'NONE', #2785, #6953 ) ;
#4466 = CARTESIAN_POINT ( 'NONE',  ( -5.407087504812583489, 41.33973488957840914, -4.500000000000000000 ) ) ;
#4467 = CARTESIAN_POINT ( 'NONE',  ( 5.999999999999998224, 70.50000000000000000, 18.49999999999999645 ) ) ;
#4468 = VERTEX_POINT ( 'NONE', #1770 ) ;
#4469 = ORIENTED_EDGE ( 'NONE', *, *, #2233, .T. ) ;
#4470 = ORIENTED_EDGE ( 'NONE', *, *, #4946, .T. ) ;
#4471 = EDGE_CURVE ( 'NONE', #6487, #531, #1476, .T. ) ;
#4472 = DIRECTION ( 'NONE',  ( 1.000000000000000000, 0.000000000000000000, 0.000000000000000000 ) ) ;
#4473 = CARTESIAN_POINT ( 'NONE',  ( 9.799999999999998934, 74.49999999999998579, -10.88675134594812910 ) ) ;
#4474 = LINE ( 'NONE', #6183, #5691 ) ;
#4475 = DIRECTION ( 'NONE',  ( 0.000000000000000000, 0.000000000000000000, 1.000000000000000000 ) ) ;
#4476 = EDGE_LOOP ( 'NONE', ( #1108, #3590, #6585, #3306, #426 ) ) ;
#4477 = ORIENTED_EDGE ( 'NONE', *, *, #5773, .F. ) ;
#4478 = CARTESIAN_POINT ( 'NONE',  ( 7.350000000000011191, 72.00000000000000000, 26.00100000000001188 ) ) ;
#4479 = ORIENTED_EDGE ( 'NONE', *, *, #6012, .F. ) ;
#4480 = DIRECTION ( 'NONE',  ( 0.000000000000000000, 0.000000000000000000, -1.000000000000000000 ) ) ;
#4481 = ORIENTED_EDGE ( 'NONE', *, *, #4471, .T. ) ;
#4482 = DIRECTION ( 'NONE',  ( 0.000000000000000000, 0.000000000000000000, 1.000000000000000000 ) ) ;
#4483 = CARTESIAN_POINT ( 'NONE',  ( 8.324999999999997513, 14.30199819143152595, -6.299999999999999822 ) ) ;
#4484 = EDGE_LOOP ( 'NONE', ( #5359, #5983, #271, #909 ) ) ;
#4485 = VERTEX_POINT ( 'NONE', #6707 ) ;
#4486 = CIRCLE ( 'NONE', #2852, 1.899999999999999689 ) ;
#4487 = ORIENTED_EDGE ( 'NONE', *, *, #5557, .T. ) ;
#4488 = CARTESIAN_POINT ( 'NONE',  ( -7.000000000000003553, 59.00000000000000000, 9.499999999999998224 ) ) ;
#4489 = DIRECTION ( 'NONE',  ( 0.000000000000000000, 0.000000000000000000, 1.000000000000000000 ) ) ;
#4490 = DIRECTION ( 'NONE',  ( 1.000000000000000000, 0.000000000000000000, -0.000000000000000000 ) ) ;
#4491 = AXIS2_PLACEMENT_3D ( 'NONE', #576, #5680, #672 ) ;
#4492 = CARTESIAN_POINT ( 'NONE',  ( -8.400000000000003908, 74.23316150746191511, 6.999999999999986677 ) ) ;
#4493 = VERTEX_POINT ( 'NONE', #3948 ) ;
#4494 = CARTESIAN_POINT ( 'NONE',  ( -6.000000000000003553, 72.61658075373094334, 9.800000000000004263 ) ) ;
#4495 = EDGE_CURVE ( 'NONE', #5967, #1303, #5070, .T. ) ;
#4496 = ADVANCED_FACE ( 'NONE', ( #2573 ), #4774, .T. ) ;
#4497 = AXIS2_PLACEMENT_3D ( 'NONE', #5887, #4882, #889 ) ;
#4498 = DIRECTION ( 'NONE',  ( 0.000000000000000000, 1.000000000000000000, 0.000000000000000000 ) ) ;
#4499 = VERTEX_POINT ( 'NONE', #3671 ) ;
#4500 = FACE_OUTER_BOUND ( 'NONE', #2713, .T. ) ;
#4501 = DIRECTION ( 'NONE',  ( 0.000000000000000000, 0.000000000000000000, 1.000000000000000000 ) ) ;
#4502 = CARTESIAN_POINT ( 'NONE',  ( 12.00000000000000000, 16.49999999999999289, -10.88675134594812555 ) ) ;
#4503 = DIRECTION ( 'NONE',  ( 1.000000000000000000, 0.000000000000000000, 0.000000000000000000 ) ) ;
#4504 = VECTOR ( 'NONE', #1171, 1000.000000000000114 ) ;
#4505 = VERTEX_POINT ( 'NONE', #4731 ) ;
#4506 = EDGE_CURVE ( 'NONE', #3609, #3699, #5005, .T. ) ;
#4507 = ORIENTED_EDGE ( 'NONE', *, *, #2320, .T. ) ;
#4508 = CIRCLE ( 'NONE', #4263, 1.000000000000000888 ) ;
#4509 = LINE ( 'NONE', #4438, #4626 ) ;
#4510 = DIRECTION ( 'NONE',  ( -2.409338161078897701E-16, 0.000000000000000000, -1.000000000000000000 ) ) ;
#4511 = CARTESIAN_POINT ( 'NONE',  ( -9.000000000000000000, -0.0009999999999992653654, 0.000000000000000000 ) ) ;
#4512 = CARTESIAN_POINT ( 'NONE',  ( 1.750000000000004219, 35.00000000000000000, -8.500000000000000000 ) ) ;
#4513 = AXIS2_PLACEMENT_3D ( 'NONE', #4345, #3874, #2662 ) ;
#4514 = EDGE_CURVE ( 'NONE', #832, #6163, #779, .T. ) ;
#4515 = ORIENTED_EDGE ( 'NONE', *, *, #1006, .F. ) ;
#4516 = EDGE_LOOP ( 'NONE', ( #5908, #2714, #3569, #2789 ) ) ;
#4517 = DIRECTION ( 'NONE',  ( 2.168404344971008868E-16, -0.000000000000000000, 1.000000000000000000 ) ) ;
#4518 = AXIS2_PLACEMENT_3D ( 'NONE', #759, #6824, #4025 ) ;
#4519 = AXIS2_PLACEMENT_3D ( 'NONE', #1290, #2461, #4690 ) ;
#4520 = CARTESIAN_POINT ( 'NONE',  ( 1.743559577420096263, 11.65418872359689217, -3.599999999998147349 ) ) ;
#4521 = CARTESIAN_POINT ( 'NONE',  ( -8.500000000000003553, 59.00000000000000000, 10.49999999999999822 ) ) ;
#4522 = CYLINDRICAL_SURFACE ( 'NONE', #5816, 1.600000000000002531 ) ;
#4523 = ORIENTED_EDGE ( 'NONE', *, *, #2826, .F. ) ;
#4524 = CIRCLE ( 'NONE', #2179, 5.000000000000000000 ) ;
#4525 = ORIENTED_EDGE ( 'NONE', *, *, #6010, .T. ) ;
#4526 = EDGE_CURVE ( 'NONE', #5463, #3749, #4409, .T. ) ;
#4527 = AXIS2_PLACEMENT_3D ( 'NONE', #5122, #682, #3537 ) ;
#4528 = ORIENTED_EDGE ( 'NONE', *, *, #6678, .F. ) ;
#4529 = AXIS2_PLACEMENT_3D ( 'NONE', #4550, #622, #1102 ) ;
#4530 = ORIENTED_EDGE ( 'NONE', *, *, #4276, .T. ) ;
#4531 = LINE ( 'NONE', #5040, #2612 ) ;
#4532 = CARTESIAN_POINT ( 'NONE',  ( 0.000000000000000000, -0.0009999999999992653654, 0.000000000000000000 ) ) ;
#4533 = VECTOR ( 'NONE', #5747, 1000.000000000000000 ) ;
#4534 = LINE ( 'NONE', #1259, #308 ) ;
#4535 = VECTOR ( 'NONE', #781, 1000.000000000000000 ) ;
#4536 = FACE_OUTER_BOUND ( 'NONE', #6368, .T. ) ;
#4537 = CARTESIAN_POINT ( 'NONE',  ( 0.000000000000000000, 0.5000000000000004441, 0.000000000000000000 ) ) ;
#4538 = AXIS2_PLACEMENT_3D ( 'NONE', #3563, #6412, #780 ) ;
#4539 = LINE ( 'NONE', #4573, #4834 ) ;
#4540 = CARTESIAN_POINT ( 'NONE',  ( -2.500000000000002665, 66.00000000000000000, 18.49999999999999645 ) ) ;
#4541 = CARTESIAN_POINT ( 'NONE',  ( -1.695127366932507318, 12.66295883856554383, -3.499999999999999556 ) ) ;
#4542 = CARTESIAN_POINT ( 'NONE',  ( -3.570714214271425213, 13.00000000000000000, -4.499999999999999112 ) ) ;
#4543 = VECTOR ( 'NONE', #204, 1000.000000000000000 ) ;
#4544 = VERTEX_POINT ( 'NONE', #2537 ) ;
#4545 = AXIS2_PLACEMENT_3D ( 'NONE', #2779, #5980, #3211 ) ;
#4546 = ORIENTED_EDGE ( 'NONE', *, *, #3618, .T. ) ;
#4547 = DIRECTION ( 'NONE',  ( -0.000000000000000000, -1.000000000000000000, -0.000000000000000000 ) ) ;
#4548 = ADVANCED_FACE ( 'NONE', ( #6333 ), #3082, .T. ) ;
#4549 = EDGE_CURVE ( 'NONE', #3633, #6943, #5239, .T. ) ;
#4550 = CARTESIAN_POINT ( 'NONE',  ( 6.249999999999996447, 72.00000000000000000, -4.500000000000000888 ) ) ;
#4551 = CARTESIAN_POINT ( 'NONE',  ( -11.00000000000000355, 35.00000000000000000, 8.499999999999996447 ) ) ;
#4552 = CYLINDRICAL_SURFACE ( 'NONE', #802, 2.500000000000002220 ) ;
#4553 = VECTOR ( 'NONE', #3606, 1000.000000000000000 ) ;
#4554 = ORIENTED_EDGE ( 'NONE', *, *, #1584, .F. ) ;
#4555 = AXIS2_PLACEMENT_3D ( 'NONE', #5066, #117, #3387 ) ;
#4556 = DIRECTION ( 'NONE',  ( -0.000000000000000000, 0.000000000000000000, 1.000000000000000000 ) ) ;
#4557 = ORIENTED_EDGE ( 'NONE', *, *, #2395, .F. ) ;
#4558 = EDGE_CURVE ( 'NONE', #1020, #2360, #6844, .T. ) ;
#4559 = CARTESIAN_POINT ( 'NONE',  ( -12.00000000000000355, 74.50000000000000000, 18.49999999999999645 ) ) ;
#4560 = FACE_BOUND ( 'NONE', #3801, .T. ) ;
#4561 = CARTESIAN_POINT ( 'NONE',  ( 6.249999999999999112, 17.89600361713694809, -6.299999999999999822 ) ) ;
#4562 = CIRCLE ( 'NONE', #687, 1.000000000000000000 ) ;
#4563 = EDGE_CURVE ( 'NONE', #1182, #6056, #1471, .T. ) ;
#4564 = VERTEX_POINT ( 'NONE', #5780 ) ;
#4565 = LINE ( 'NONE', #5143, #7038 ) ;
#4566 = EDGE_CURVE ( 'NONE', #356, #5269, #6851, .T. ) ;
#4567 = CARTESIAN_POINT ( 'NONE',  ( -12.00000000000000355, 12.99999999999999822, -1.500000000000001332 ) ) ;
#4568 = CARTESIAN_POINT ( 'NONE',  ( -5.000000000000007994, 12.99999999999999822, -3.499999999999999112 ) ) ;
#4569 = EDGE_LOOP ( 'NONE', ( #2218, #7122, #1402, #3956 ) ) ;
#4570 = DIRECTION ( 'NONE',  ( -2.168404344971008868E-16, -0.000000000000000000, -1.000000000000000000 ) ) ;
#4571 = DIRECTION ( 'NONE',  ( 1.000000000000000000, -0.000000000000000000, -3.717264591378872697E-16 ) ) ;
#4572 = EDGE_LOOP ( 'NONE', ( #483, #5888, #6745, #2651 ) ) ;
#4573 = CARTESIAN_POINT ( 'NONE',  ( 12.00000000000000000, 18.99999999999998934, -9.443375672974063662 ) ) ;
#4574 = CARTESIAN_POINT ( 'NONE',  ( -8.400000000000002132, 72.61658075373094334, 9.800000000000006040 ) ) ;
#4575 = CARTESIAN_POINT ( 'NONE',  ( 9.498367406988091233, 76.42407914740300612, 16.66739715891418783 ) ) ;
#4576 = CARTESIAN_POINT ( 'NONE',  ( 1.136481388897216505, 12.54135515316672311, -4.500000000000000888 ) ) ;
#4577 = ADVANCED_FACE ( 'NONE', ( #5857 ), #1943, .F. ) ;
#4578 = AXIS2_PLACEMENT_3D ( 'NONE', #5015, #2818, #4939 ) ;
#4579 = DIRECTION ( 'NONE',  ( 0.000000000000000000, 0.000000000000000000, 1.000000000000000000 ) ) ;
#4580 = DIRECTION ( 'NONE',  ( 1.000000000000000000, 0.000000000000000000, 0.000000000000000000 ) ) ;
#4581 = CARTESIAN_POINT ( 'NONE',  ( 2.925329940443796239, 13.00000000000000000, -4.500000000000001776 ) ) ;
#4582 = ADVANCED_FACE ( 'NONE', ( #1866 ), #3959, .T. ) ;
#4583 = ADVANCED_FACE ( 'NONE', ( #4115 ), #4149, .F. ) ;
#4584 = CARTESIAN_POINT ( 'NONE',  ( -11.93419630385229802, 40.58579902280585827, -10.85723527625046181 ) ) ;
#4585 = DIRECTION ( 'NONE',  ( 0.000000000000000000, 0.000000000000000000, 1.000000000000000000 ) ) ;
#4586 = DIRECTION ( 'NONE',  ( 0.000000000000000000, 0.4999999999999977240, -0.8660254037844398178 ) ) ;
#4587 = ADVANCED_FACE ( 'NONE', ( #227 ), #4691, .F. ) ;
#4588 = VERTEX_POINT ( 'NONE', #6370 ) ;
#4589 = CARTESIAN_POINT ( 'NONE',  ( 5.149999999999996803, 15.50000000000000000, -11.50000000000000000 ) ) ;
#4590 = FACE_OUTER_BOUND ( 'NONE', #6047, .T. ) ;
#4591 = CARTESIAN_POINT ( 'NONE',  ( 16.00000000000000000, 72.50000000000000000, -5.500000000000005329 ) ) ;
#4592 = LINE ( 'NONE', #2434, #4427 ) ;
#4593 = DIRECTION ( 'NONE',  ( -0.8660254037844378194, -0.5000000000000013323, 0.000000000000000000 ) ) ;
#4594 = ORIENTED_EDGE ( 'NONE', *, *, #942, .T. ) ;
#4595 = EDGE_CURVE ( 'NONE', #4363, #3180, #3591, .T. ) ;
#4596 = LINE ( 'NONE', #55, #5871 ) ;
#4597 = VECTOR ( 'NONE', #2954, 1000.000000000000000 ) ;
#4598 = FACE_OUTER_BOUND ( 'NONE', #5744, .T. ) ;
#4599 = DIRECTION ( 'NONE',  ( 0.000000000000000000, 1.000000000000000000, 0.000000000000000000 ) ) ;
#4600 = CARTESIAN_POINT ( 'NONE',  ( -1.937288419351260504, 11.83147941928307567, -4.000000000000036415 ) ) ;
#4601 = AXIS2_PLACEMENT_3D ( 'NONE', #159, #266, #6340 ) ;
#4602 = ORIENTED_EDGE ( 'NONE', *, *, #1189, .F. ) ;
#4603 = ORIENTED_EDGE ( 'NONE', *, *, #5714, .F. ) ;
#4604 = DIRECTION ( 'NONE',  ( 0.000000000000000000, 1.000000000000000000, 0.000000000000000000 ) ) ;
#4605 = AXIS2_PLACEMENT_3D ( 'NONE', #5777, #185, #149 ) ;
#4606 = CARTESIAN_POINT ( 'NONE',  ( 12.00000000000000000, 73.05662432702591502, 17.50000000000000000 ) ) ;
#4607 = CARTESIAN_POINT ( 'NONE',  ( 11.99999999999999822, 73.05662432702591502, 12.49999999999998757 ) ) ;
#4608 = DIRECTION ( 'NONE',  ( -2.168404344971008868E-16, 0.000000000000000000, -1.000000000000000000 ) ) ;
#4609 = CIRCLE ( 'NONE', #4142, 1.000000000000000000 ) ;
#4610 = DIRECTION ( 'NONE',  ( 0.000000000000000000, 0.000000000000000000, 1.000000000000000000 ) ) ;
#4611 = DIRECTION ( 'NONE',  ( 0.000000000000000000, 0.000000000000000000, 1.000000000000000000 ) ) ;
#4612 = AXIS2_PLACEMENT_3D ( 'NONE', #6962, #3093, #2986 ) ;
#4613 = CARTESIAN_POINT ( 'NONE',  ( -8.400000000000003908, 71.00000000000000000, 6.999999999999997335 ) ) ;
#4614 = DIRECTION ( 'NONE',  ( -0.4999999999999995004, 0.8660254037844389297, 0.000000000000000000 ) ) ;
#4615 = ORIENTED_EDGE ( 'NONE', *, *, #6593, .T. ) ;
#4616 = CIRCLE ( 'NONE', #1458, 1.000000000000000888 ) ;
#4617 = AXIS2_PLACEMENT_3D ( 'NONE', #4721, #5848, #252 ) ;
#4618 = DIRECTION ( 'NONE',  ( -0.000000000000000000, -1.000000000000000000, -0.000000000000000000 ) ) ;
#4619 = CARTESIAN_POINT ( 'NONE',  ( -6.000000000000006217, 30.50000000000000355, 2.999999999999997335 ) ) ;
#4620 = CARTESIAN_POINT ( 'NONE',  ( 12.00000000000000000, 74.50000000000000000, -6.649999999999993250 ) ) ;
#4621 = LOCAL_TIME ( 0, 6, 19.00000000000000000, #1336 ) ;
#4622 = EDGE_CURVE ( 'NONE', #1839, #2542, #298, .T. ) ;
#4623 = DIRECTION ( 'NONE',  ( -0.000000000000000000, -1.000000000000000000, -0.000000000000000000 ) ) ;
#4624 = ADVANCED_FACE ( 'NONE', ( #1980 ), #4224, .T. ) ;
#4625 = DIRECTION ( 'NONE',  ( 0.000000000000000000, -0.000000000000000000, -1.000000000000000000 ) ) ;
#4626 = VECTOR ( 'NONE', #6107, 1000.000000000000000 ) ;
#4627 = CIRCLE ( 'NONE', #1012, 1.000000000000000000 ) ;
#4628 = PLANE ( 'NONE',  #3293 ) ;
#4629 = VERTEX_POINT ( 'NONE', #3341 ) ;
#4630 = ORIENTED_EDGE ( 'NONE', *, *, #5076, .F. ) ;
#4631 = AXIS2_PLACEMENT_3D ( 'NONE', #4945, #2151, #4385 ) ;
#4632 = CARTESIAN_POINT ( 'NONE',  ( -8.500000000000003553, 59.00000000000000000, 9.499999999999998224 ) ) ;
#4633 = AXIS2_PLACEMENT_3D ( 'NONE', #5711, #5609, #4482 ) ;
#4634 = CARTESIAN_POINT ( 'NONE',  ( -11.23525832824806869, 60.38667912980403685, 9.557731863602313638 ) ) ;
#4635 = PLANE ( 'NONE',  #3000 ) ;
#4636 = EDGE_CURVE ( 'NONE', #2360, #2721, #3007, .T. ) ;
#4637 = CARTESIAN_POINT ( 'NONE',  ( 1.417038276868799462, 12.59238867299675135, -4.500000000000001776 ) ) ;
#4638 = ORIENTED_EDGE ( 'NONE', *, *, #5765, .T. ) ;
#4639 = CIRCLE ( 'NONE', #3473, 2.000000000000001776 ) ;
#4640 = ORIENTED_EDGE ( 'NONE', *, *, #3686, .F. ) ;
#4641 = AXIS2_PLACEMENT_3D ( 'NONE', #1694, #1789, #600 ) ;
#4642 = VERTEX_POINT ( 'NONE', #1654 ) ;
#4643 = ORIENTED_EDGE ( 'NONE', *, *, #1975, .F. ) ;
#4644 = AXIS2_PLACEMENT_3D ( 'NONE', #2348, #6354, #4712 ) ;
#4645 = CARTESIAN_POINT ( 'NONE',  ( 3.570714214271423881, 12.00000000000000000, -4.500000000000000000 ) ) ;
#4646 = CARTESIAN_POINT ( 'NONE',  ( 16.00000000000000000, 77.00000000000000000, -5.500000000000004441 ) ) ;
#4647 = ADVANCED_FACE ( 'NONE', ( #5600 ), #5561, .F. ) ;
#4648 = DIRECTION ( 'NONE',  ( 0.000000000000000000, 0.000000000000000000, -1.000000000000000000 ) ) ;
#4649 = CARTESIAN_POINT ( 'NONE',  ( -5.000000000000007994, 13.00000000000000178, -1.500000000000003109 ) ) ;
#4650 = VECTOR ( 'NONE', #239, 1000.000000000000000 ) ;
#4651 = CYLINDRICAL_SURFACE ( 'NONE', #3560, 1.000000000000000000 ) ;
#4652 = LINE ( 'NONE', #6872, #1808 ) ;
#4653 = AXIS2_PLACEMENT_3D ( 'NONE', #782, #3133, #6414 ) ;
#4654 = CARTESIAN_POINT ( 'NONE',  ( -8.400000000000003908, 67.76683849253808489, 7.000000000000004441 ) ) ;
#4655 = DIRECTION ( 'NONE',  ( 0.000000000000000000, 0.000000000000000000, -1.000000000000000000 ) ) ;
#4656 = EDGE_LOOP ( 'NONE', ( #5689, #5253, #2404, #4335 ) ) ;
#4657 = AXIS2_PLACEMENT_3D ( 'NONE', #4370, #5502, #3200 ) ;
#4658 = PLANE ( 'NONE',  #1900 ) ;
#4659 = ORIENTED_EDGE ( 'NONE', *, *, #243, .F. ) ;
#4660 = DIRECTION ( 'NONE',  ( -3.097720492815719770E-16, 0.000000000000000000, -1.000000000000000000 ) ) ;
#4661 = DIRECTION ( 'NONE',  ( -0.000000000000000000, 1.000000000000000000, -0.000000000000000000 ) ) ;
#4662 = VERTEX_POINT ( 'NONE', #3893 ) ;
#4663 = CARTESIAN_POINT ( 'NONE',  ( -5.334826251791502827, 41.85660090190276605, -4.462718840918029173 ) ) ;
#4664 = CARTESIAN_POINT ( 'NONE',  ( -6.000000000000000888, 70.50000000000000000, 17.49999999999999645 ) ) ;
#4665 = ORIENTED_EDGE ( 'NONE', *, *, #6741, .T. ) ;
#4666 = CARTESIAN_POINT ( 'NONE',  ( 11.50000000000000000, -0.0009999999999992653654, -11.99999999999999822 ) ) ;
#4667 = ORIENTED_EDGE ( 'NONE', *, *, #6311, .F. ) ;
#4668 = ADVANCED_FACE ( 'NONE', ( #3927 ), #6520, .F. ) ;
#4669 = EDGE_CURVE ( 'NONE', #2284, #6853, #1146, .T. ) ;
#4670 = CARTESIAN_POINT ( 'NONE',  ( -5.215059109231807710, 46.88600696743661445, -4.499999999999999112 ) ) ;
#4671 = DIRECTION ( 'NONE',  ( 0.000000000000000000, 0.000000000000000000, 1.000000000000000000 ) ) ;
#4672 = CARTESIAN_POINT ( 'NONE',  ( 15.00000000000000355, 71.50000000000000000, -5.500000000000004441 ) ) ;
#4673 = DIRECTION ( 'NONE',  ( -2.409338161078897701E-16, 0.000000000000000000, -1.000000000000000000 ) ) ;
#4674 = ORIENTED_EDGE ( 'NONE', *, *, #2845, .T. ) ;
#4675 = ADVANCED_FACE ( 'NONE', ( #1686 ), #6388, .T. ) ;
#4676 = VERTEX_POINT ( 'NONE', #2316 ) ;
#4677 = ORIENTED_EDGE ( 'NONE', *, *, #370, .T. ) ;
#4678 = DIRECTION ( 'NONE',  ( -1.000000000000000000, 0.000000000000000000, 0.000000000000000000 ) ) ;
#4679 = CARTESIAN_POINT ( 'NONE',  ( 0.6020743499132857890, 12.08108893666031491, -4.500000000000122569 ) ) ;
#4680 = DIRECTION ( 'NONE',  ( 3.717264591378872204E-16, 0.000000000000000000, 1.000000000000000000 ) ) ;
#4681 = AXIS2_PLACEMENT_3D ( 'NONE', #4736, #4306, #1984 ) ;
#4682 = ADVANCED_FACE ( 'NONE', ( #3713 ), #6658, .T. ) ;
#4683 = DIRECTION ( 'NONE',  ( -1.000000000000000000, 0.000000000000000000, 0.000000000000000000 ) ) ;
#4684 = CARTESIAN_POINT ( 'NONE',  ( -11.50000000000000000, 9.000000000000001776, 12.00000000000000000 ) ) ;
#4685 = CARTESIAN_POINT ( 'NONE',  ( -6.000000000000003553, 46.55880831638479123, 8.499999999999996447 ) ) ;
#4686 = LINE ( 'NONE', #1350, #7227 ) ;
#4687 = VERTEX_POINT ( 'NONE', #6109 ) ;
#4688 = DIRECTION ( 'NONE',  ( 1.000000000000000000, 0.000000000000000000, -0.000000000000000000 ) ) ;
#4689 = EDGE_LOOP ( 'NONE', ( #2154, #4988 ) ) ;
#4690 = DIRECTION ( 'NONE',  ( 1.000000000000000000, 0.000000000000000000, 0.000000000000000000 ) ) ;
#4691 = CYLINDRICAL_SURFACE ( 'NONE', #7208, 2.000000000000001776 ) ;
#4692 = CARTESIAN_POINT ( 'NONE',  ( -6.435483870967748210, 42.26661372115869142, -3.499999999999998224 ) ) ;
#4693 = DIRECTION ( 'NONE',  ( -1.000000000000000000, 0.000000000000000000, 0.000000000000000000 ) ) ;
#4694 = ORIENTED_EDGE ( 'NONE', *, *, #2820, .T. ) ;
#4695 = CARTESIAN_POINT ( 'NONE',  ( -11.50000000000000000, 10.20000000000000107, 14.50000000000000000 ) ) ;
#4696 = EDGE_LOOP ( 'NONE', ( #6788, #6743, #5688, #5587, #7097 ) ) ;
#4697 = ORIENTED_EDGE ( 'NONE', *, *, #1816, .T. ) ;
#4698 = DIRECTION ( 'NONE',  ( 1.000000000000000000, 0.000000000000000000, 0.000000000000000000 ) ) ;
#4699 = EDGE_LOOP ( 'NONE', ( #5554, #6398, #7154 ) ) ;
#4700 = ORIENTED_EDGE ( 'NONE', *, *, #1850, .T. ) ;
#4701 = DIRECTION ( 'NONE',  ( -0.000000000000000000, 1.000000000000000000, -0.000000000000000000 ) ) ;
#4702 = FACE_OUTER_BOUND ( 'NONE', #5955, .T. ) ;
#4703 = PLANE ( 'NONE',  #1732 ) ;
#4704 = ORIENTED_EDGE ( 'NONE', *, *, #328, .T. ) ;
#4705 = EDGE_CURVE ( 'NONE', #5419, #7211, #376, .T. ) ;
#4706 = CARTESIAN_POINT ( 'NONE',  ( 0.000000000000000000, 0.000000000000000000, 0.000000000000000000 ) ) ;
#4707 = AXIS2_PLACEMENT_3D ( 'NONE', #679, #3990, #1804 ) ;
#4708 = ORIENTED_EDGE ( 'NONE', *, *, #2213, .F. ) ;
#4709 = DIRECTION ( 'NONE',  ( 1.734723475976807094E-15, 0.000000000000000000, 1.000000000000000000 ) ) ;
#4710 = ORIENTED_EDGE ( 'NONE', *, *, #6643, .T. ) ;
#4711 = CARTESIAN_POINT ( 'NONE',  ( -12.00000000000000355, 59.75834261322605556, 8.499999999999996447 ) ) ;
#4712 = DIRECTION ( 'NONE',  ( 0.000000000000000000, 0.000000000000000000, -1.000000000000000000 ) ) ;
#4713 = AXIS2_PLACEMENT_3D ( 'NONE', #7140, #4374, #5432 ) ;
#4714 = EDGE_CURVE ( 'NONE', #4319, #79, #5630, .T. ) ;
#4715 = EDGE_CURVE ( 'NONE', #6664, #4299, #557, .T. ) ;
#4716 = VERTEX_POINT ( 'NONE', #2242 ) ;
#4717 = ORIENTED_EDGE ( 'NONE', *, *, #1435, .T. ) ;
#4718 = CIRCLE ( 'NONE', #4026, 2.000000000000003553 ) ;
#4719 = CARTESIAN_POINT ( 'NONE',  ( -9.000000000000000000, 11.19999999999999929, 0.000000000000000000 ) ) ;
#4720 = LINE ( 'NONE', #6976, #1925 ) ;
#4721 = CARTESIAN_POINT ( 'NONE',  ( -2.500000000000002665, 70.50000000000000000, 17.49999999999999645 ) ) ;
#4722 = DIRECTION ( 'NONE',  ( 1.000000000000000000, -0.000000000000000000, -3.717264591378872204E-16 ) ) ;
#4723 = CARTESIAN_POINT ( 'NONE',  ( 5.999999999999998224, 70.50000000000000000, 11.49999999999998934 ) ) ;
#4724 = ADVANCED_FACE ( 'NONE', ( #5390 ), #5935, .F. ) ;
#4725 = CIRCLE ( 'NONE', #3443, 1.000000000000000888 ) ;
#4726 = ORIENTED_EDGE ( 'NONE', *, *, #5237, .F. ) ;
#4727 = DIRECTION ( 'NONE',  ( 0.000000000000000000, -1.000000000000000000, 0.000000000000000000 ) ) ;
#4728 = VECTOR ( 'NONE', #5507, 1000.000000000000000 ) ;
#4729 = EDGE_LOOP ( 'NONE', ( #3651, #6339, #6983, #4594 ) ) ;
#4730 = DIRECTION ( 'NONE',  ( 0.000000000000000000, 0.000000000000000000, 1.000000000000000000 ) ) ;
#4731 = CARTESIAN_POINT ( 'NONE',  ( -11.50000000000000000, 10.20000000000000107, 16.10000000000000142 ) ) ;
#4732 = CARTESIAN_POINT ( 'NONE',  ( 9.799999999999998934, 72.00000000000000000, -9.443375672974068991 ) ) ;
#4733 = DIRECTION ( 'NONE',  ( 1.000000000000000000, 0.000000000000000000, 0.000000000000000000 ) ) ;
#4734 = EDGE_CURVE ( 'NONE', #4144, #3889, #4474, .T. ) ;
#4735 = VERTEX_POINT ( 'NONE', #595 ) ;
#4736 = CARTESIAN_POINT ( 'NONE',  ( 11.50000000000000000, 12.00000000000000000, 14.50000000000000000 ) ) ;
#4737 = VERTEX_POINT ( 'NONE', #2607 ) ;
#4738 = VECTOR ( 'NONE', #3050, 1000.000000000000000 ) ;
#4739 = CARTESIAN_POINT ( 'NONE',  ( 14.99999999999999645, 19.49999999999999645, -4.500000000000003553 ) ) ;
#4740 = ORIENTED_EDGE ( 'NONE', *, *, #4455, .F. ) ;
#4741 = DIRECTION ( 'NONE',  ( 1.000000000000000000, 0.000000000000000000, -3.717264591378872697E-16 ) ) ;
#4742 = CIRCLE ( 'NONE', #4159, 1.000000000000000666 ) ;
#4743 = DIRECTION ( 'NONE',  ( -2.168404344971008868E-16, -0.000000000000000000, -1.000000000000000000 ) ) ;
#4744 = ORIENTED_EDGE ( 'NONE', *, *, #4195, .T. ) ;
#4745 = DIRECTION ( 'NONE',  ( 0.000000000000000000, 0.000000000000000000, -1.000000000000000000 ) ) ;
#4746 = ORIENTED_EDGE ( 'NONE', *, *, #6863, .T. ) ;
#4747 = CIRCLE ( 'NONE', #4870, 2.000000000000001776 ) ;
#4748 = APPROVAL_STATUS ( 'not_yet_approved' ) ;
#4749 = CIRCLE ( 'NONE', #1593, 1.600000000000000755 ) ;
#4750 = EDGE_CURVE ( 'NONE', #6620, #5047, #32, .T. ) ;
#4751 = ORIENTED_EDGE ( 'NONE', *, *, #1740, .T. ) ;
#4752 = VERTEX_POINT ( 'NONE', #934 ) ;
#4753 = DIRECTION ( 'NONE',  ( -3.717264591378872697E-16, 0.000000000000000000, -1.000000000000000000 ) ) ;
#4754 = PLANE ( 'NONE',  #6033 ) ;
#4755 = CARTESIAN_POINT ( 'NONE',  ( -5.000000000000007994, 77.00000000000000000, -4.499999999999999112 ) ) ;
#4756 = AXIS2_PLACEMENT_3D ( 'NONE', #5541, #3209, #4972 ) ;
#4757 = AXIS2_PLACEMENT_3D ( 'NONE', #6835, #1282, #4071 ) ;
#4758 = EDGE_CURVE ( 'NONE', #7039, #3511, #7052, .T. ) ;
#4759 = VERTEX_POINT ( 'NONE', #970 ) ;
#4760 = AXIS2_PLACEMENT_3D ( 'NONE', #2451, #3513, #4680 ) ;
#4761 = EDGE_CURVE ( 'NONE', #4544, #6641, #3198, .T. ) ;
#4762 = EDGE_CURVE ( 'NONE', #4468, #378, #3712, .T. ) ;
#4763 = DIRECTION ( 'NONE',  ( 0.000000000000000000, 0.000000000000000000, 1.000000000000000000 ) ) ;
#4764 = CARTESIAN_POINT ( 'NONE',  ( -6.000000000000006217, 35.00000000000000000, 2.999999999999997335 ) ) ;
#4765 = DIRECTION ( 'NONE',  ( 0.000000000000000000, 0.000000000000000000, 1.000000000000000000 ) ) ;
#4766 = CARTESIAN_POINT ( 'NONE',  ( -6.435483870967741105, 45.73338627884130858, -3.499999999999998224 ) ) ;
#4767 = CIRCLE ( 'NONE', #3600, 3.500000000000000000 ) ;
#4768 = ORIENTED_EDGE ( 'NONE', *, *, #3056, .T. ) ;
#4769 = EDGE_CURVE ( 'NONE', #4716, #1610, #2960, .T. ) ;
#4770 = VECTOR ( 'NONE', #5014, 1000.000000000000000 ) ;
#4771 = DIRECTION ( 'NONE',  ( 0.000000000000000000, -1.000000000000000000, 0.000000000000000000 ) ) ;
#4772 = ORIENTED_EDGE ( 'NONE', *, *, #1671, .F. ) ;
#4773 = CARTESIAN_POINT ( 'NONE',  ( 0.000000000000000000, 2.168404344971008868E-16, 25.00000000000000000 ) ) ;
#4774 = CYLINDRICAL_SURFACE ( 'NONE', #6501, 1.000000000000000888 ) ;
#4775 = CARTESIAN_POINT ( 'NONE',  ( -5.796708277493194394, 41.19929818856434878, -4.117912895222201719 ) ) ;
#4776 = CARTESIAN_POINT ( 'NONE',  ( -7.000000000000008882, 61.00000000000000000, -4.499999999999999112 ) ) ;
#4777 = VERTEX_POINT ( 'NONE', #3036 ) ;
#4778 = FACE_OUTER_BOUND ( 'NONE', #4014, .T. ) ;
#4779 = AXIS2_PLACEMENT_3D ( 'NONE', #6980, #5231, #3076 ) ;
#4780 = EDGE_CURVE ( 'NONE', #6534, #955, #3999, .T. ) ;
#4781 = LINE ( 'NONE', #5247, #1432 ) ;
#4782 = ORIENTED_EDGE ( 'NONE', *, *, #558, .T. ) ;
#4783 = DIRECTION ( 'NONE',  ( 0.000000000000000000, -3.154042683594192162E-16, -1.000000000000000000 ) ) ;
#4784 = VECTOR ( 'NONE', #1520, 1000.000000000000000 ) ;
#4785 = CARTESIAN_POINT ( 'NONE',  ( 16.00000000000000000, 74.50000000000000000, -11.50000000000000355 ) ) ;
#4786 = FACE_BOUND ( 'NONE', #7131, .T. ) ;
#4787 = ORIENTED_EDGE ( 'NONE', *, *, #5294, .F. ) ;
#4788 = DIRECTION ( 'NONE',  ( -2.409338161078897701E-16, 0.000000000000000000, -1.000000000000000000 ) ) ;
#4789 = VERTEX_POINT ( 'NONE', #6795 ) ;
#4790 = DATE_AND_TIME ( #4126, #3116 ) ;
#4791 = ORIENTED_EDGE ( 'NONE', *, *, #6687, .T. ) ;
#4792 = DIRECTION ( 'NONE',  ( -0.000000000000000000, -1.000000000000000000, -0.000000000000000000 ) ) ;
#4793 = DIRECTION ( 'NONE',  ( 1.000000000000000000, 0.000000000000000000, -4.336808689942013299E-16 ) ) ;
#4794 = CARTESIAN_POINT ( 'NONE',  ( -1.300026926935355043, 11.79561860577855192, -4.148762061306836557 ) ) ;
#4795 = ORIENTED_EDGE ( 'NONE', *, *, #5125, .F. ) ;
#4796 = ORIENTED_EDGE ( 'NONE', *, *, #1722, .F. ) ;
#4797 = FACE_OUTER_BOUND ( 'NONE', #3115, .T. ) ;
#4798 = FACE_OUTER_BOUND ( 'NONE', #4236, .T. ) ;
#4799 = DIRECTION ( 'NONE',  ( 0.000000000000000000, 0.000000000000000000, 1.000000000000000000 ) ) ;
#4800 = FACE_OUTER_BOUND ( 'NONE', #6770, .T. ) ;
#4801 = EDGE_CURVE ( 'NONE', #3418, #5974, #1817, .T. ) ;
#4802 = EDGE_CURVE ( 'NONE', #4009, #1213, #2481, .T. ) ;
#4803 = TOROIDAL_SURFACE ( 'NONE', #821, 25.50000000000000355, 0.5000000000000000000 ) ;
#4804 = ORIENTED_EDGE ( 'NONE', *, *, #793, .T. ) ;
#4805 = DIRECTION ( 'NONE',  ( 0.000000000000000000, 1.000000000000000000, 0.000000000000000000 ) ) ;
#4806 = VERTEX_POINT ( 'NONE', #3546 ) ;
#4807 = DIRECTION ( 'NONE',  ( 0.000000000000000000, -0.4999999999999997780, -0.8660254037844388186 ) ) ;
#4808 = CARTESIAN_POINT ( 'NONE',  ( -11.00000000000000355, 35.00000000000000000, 9.499999999999998224 ) ) ;
#4809 = EDGE_LOOP ( 'NONE', ( #4003, #3822, #5555, #5567 ) ) ;
#4810 = DIRECTION ( 'NONE',  ( 0.000000000000000000, 0.000000000000000000, 1.000000000000000000 ) ) ;
#4811 = DIRECTION ( 'NONE',  ( -1.000000000000000000, -0.000000000000000000, -0.000000000000000000 ) ) ;
#4812 = ORIENTED_EDGE ( 'NONE', *, *, #2164, .F. ) ;
#4813 = DIRECTION ( 'NONE',  ( -0.000000000000000000, -1.000000000000000000, -0.000000000000000000 ) ) ;
#4814 = VERTEX_POINT ( 'NONE', #4134 ) ;
#4815 = EDGE_CURVE ( 'NONE', #6034, #4144, #1855, .T. ) ;
#4816 = CARTESIAN_POINT ( 'NONE',  ( 10.99999999999998934, 74.50000000000000000, -6.649999999999991473 ) ) ;
#4817 = ORIENTED_EDGE ( 'NONE', *, *, #1435, .F. ) ;
#4818 = DIRECTION ( 'NONE',  ( -0.000000000000000000, 0.000000000000000000, 1.000000000000000000 ) ) ;
#4819 = CARTESIAN_POINT ( 'NONE',  ( -5.250000000000005329, 44.00000000000000000, -8.499999999999996447 ) ) ;
#4820 = ORIENTED_EDGE ( 'NONE', *, *, #1976, .F. ) ;
#4821 = PLANE ( 'NONE',  #5808 ) ;
#4822 = EDGE_LOOP ( 'NONE', ( #299, #2169, #5476, #5670 ) ) ;
#4823 = CARTESIAN_POINT ( 'NONE',  ( -6.000000000000004441, 68.66747686807198647, 11.65659470123396169 ) ) ;
#4824 = EDGE_CURVE ( 'NONE', #5829, #5437, #444, .T. ) ;
#4825 = PERSON_AND_ORGANIZATION ( #6001, #2885 ) ;
#4826 = CARTESIAN_POINT ( 'NONE',  ( 23.63762615825975644, 73.05662432702591502, 17.50000000000000000 ) ) ;
#4827 = ORIENTED_EDGE ( 'NONE', *, *, #4413, .F. ) ;
#4828 = FACE_OUTER_BOUND ( 'NONE', #5759, .T. ) ;
#4829 = DIRECTION ( 'NONE',  ( 0.000000000000000000, 0.8660254037844390407, 0.4999999999999992228 ) ) ;
#4830 = DIRECTION ( 'NONE',  ( 0.000000000000000000, -1.000000000000000000, 0.000000000000000000 ) ) ;
#4831 = ADVANCED_FACE ( 'NONE', ( #5188, #2902 ), #4102, .T. ) ;
#4832 = VERTEX_POINT ( 'NONE', #3439 ) ;
#4833 = CARTESIAN_POINT ( 'NONE',  ( -7.000000000000003553, 78.00000000000000000, 8.499999999999996447 ) ) ;
#4834 = VECTOR ( 'NONE', #3913, 1000.000000000000000 ) ;
#4835 = CARTESIAN_POINT ( 'NONE',  ( 4.175000000000000711, 35.30199819143152240, -6.299999999999999822 ) ) ;
#4836 = DIRECTION ( 'NONE',  ( 0.000000000000000000, -1.000000000000000000, 0.000000000000000000 ) ) ;
#4837 = DIRECTION ( 'NONE',  ( -7.240070355359794589E-16, 1.000000000000000000, 0.000000000000000000 ) ) ;
#4838 = VERTEX_POINT ( 'NONE', #656 ) ;
#4839 = CIRCLE ( 'NONE', #6919, 1.350000000000000533 ) ;
#4840 = ORIENTED_EDGE ( 'NONE', *, *, #3155, .T. ) ;
#4841 = CARTESIAN_POINT ( 'NONE',  ( -12.00000000000000355, 63.50000000000000000, 10.49999999999999822 ) ) ;
#4842 = CC_DESIGN_DATE_AND_TIME_ASSIGNMENT ( #6894, #1413, ( #272 ) ) ;
#4843 = ORIENTED_EDGE ( 'NONE', *, *, #1455, .F. ) ;
#4844 = CARTESIAN_POINT ( 'NONE',  ( -8.000000000000003553, 71.00000000000000000, 8.599999999999997868 ) ) ;
#4845 = CARTESIAN_POINT ( 'NONE',  ( 15.99999999999999645, 60.00000000000000000, 11.49999999999998579 ) ) ;
#4846 = AXIS2_PLACEMENT_3D ( 'NONE', #6840, #4727, #6907 ) ;
#4847 = CARTESIAN_POINT ( 'NONE',  ( -12.00000000000000355, 12.99999999999999822, -10.49999999999999822 ) ) ;
#4848 = DIRECTION ( 'NONE',  ( -0.000000000000000000, -0.000000000000000000, 1.000000000000000000 ) ) ;
#4849 = CARTESIAN_POINT ( 'NONE',  ( -8.400000000000003908, 69.38341924626904245, 4.199999999999992184 ) ) ;
#4850 = ORIENTED_EDGE ( 'NONE', *, *, #6767, .T. ) ;
#4851 = AXIS2_PLACEMENT_3D ( 'NONE', #175, #5228, #696 ) ;
#4852 = CARTESIAN_POINT ( 'NONE',  ( 15.00000000000000355, 72.50000000000000000, -4.500000000000003553 ) ) ;
#4853 = ADVANCED_FACE ( 'NONE', ( #800 ), #5339, .T. ) ;
#4854 = EDGE_CURVE ( 'NONE', #2359, #5963, #5763, .T. ) ;
#4855 = LINE ( 'NONE', #1085, #5659 ) ;
#4856 = CARTESIAN_POINT ( 'NONE',  ( 11.50000000000000000, -0.0009999999999992653654, -14.50000000000000000 ) ) ;
#4857 = EDGE_LOOP ( 'NONE', ( #3483, #3978, #6260, #1501, #6954, #3994 ) ) ;
#4858 = CARTESIAN_POINT ( 'NONE',  ( 9.799999999999998934, 18.99999999999998934, -9.443375672974063662 ) ) ;
#4859 = ORIENTED_EDGE ( 'NONE', *, *, #4132, .F. ) ;
#4860 = CIRCLE ( 'NONE', #5438, 1.350000000000005640 ) ;
#4861 = CARTESIAN_POINT ( 'NONE',  ( 6.249999999999997335, 13.10399638286305368, -4.500000000000000888 ) ) ;
#4862 = AXIS2_PLACEMENT_3D ( 'NONE', #135, #105, #4678 ) ;
#4863 = FACE_OUTER_BOUND ( 'NONE', #1847, .T. ) ;
#4864 = VECTOR ( 'NONE', #5464, 1000.000000000000000 ) ;
#4865 = EDGE_CURVE ( 'NONE', #6943, #5084, #5734, .T. ) ;
#4866 = CARTESIAN_POINT ( 'NONE',  ( -5.993158096227322318, 46.56830889367969917, -3.634298309738710486 ) ) ;
#4867 = DIRECTION ( 'NONE',  ( -2.172046186845915644E-16, -2.465190328815661892E-32, -1.000000000000000000 ) ) ;
#4868 = DIRECTION ( 'NONE',  ( 0.000000000000000000, 0.000000000000000000, -1.000000000000000000 ) ) ;
#4869 = LINE ( 'NONE', #3625, #5223 ) ;
#4870 = AXIS2_PLACEMENT_3D ( 'NONE', #418, #3202, #7216 ) ;
#4871 = VECTOR ( 'NONE', #1652, 1000.000000000000000 ) ;
#4872 = ORIENTED_EDGE ( 'NONE', *, *, #4104, .T. ) ;
#4873 = ORIENTED_EDGE ( 'NONE', *, *, #1379, .T. ) ;
#4874 = ADVANCED_FACE ( 'NONE', ( #1243 ), #911, .T. ) ;
#4875 = AXIS2_PLACEMENT_3D ( 'NONE', #5273, #1428, #3130 ) ;
#4876 = CYLINDRICAL_SURFACE ( 'NONE', #5325, 0.9999999999999991118 ) ;
#4877 = AXIS2_PLACEMENT_3D ( 'NONE', #6650, #4429, #5484 ) ;
#4878 = FACE_OUTER_BOUND ( 'NONE', #7116, .T. ) ;
#4879 = CARTESIAN_POINT ( 'NONE',  ( 16.00000000000000000, 18.49999999999999645, -10.50000000000000178 ) ) ;
#4880 = DIRECTION ( 'NONE',  ( -1.000000000000000000, 0.000000000000000000, -0.000000000000000000 ) ) ;
#4881 = VERTEX_POINT ( 'NONE', #1783 ) ;
#4882 = DIRECTION ( 'NONE',  ( -0.000000000000000000, 0.000000000000000000, 1.000000000000000000 ) ) ;
#4883 = ORIENTED_EDGE ( 'NONE', *, *, #6132, .F. ) ;
#4884 = FACE_OUTER_BOUND ( 'NONE', #4383, .T. ) ;
#4885 = VECTOR ( 'NONE', #4244, 1000.000000000000000 ) ;
#4886 = ORIENTED_EDGE ( 'NONE', *, *, #2962, .T. ) ;
#4887 = DIRECTION ( 'NONE',  ( 0.000000000000000000, 0.000000000000000000, -1.000000000000000000 ) ) ;
#4888 = PLANE ( 'NONE',  #6525 ) ;
#4889 = CARTESIAN_POINT ( 'NONE',  ( -6.000000000000008882, 60.00000000000000000, 10.49999999999999822 ) ) ;
#4890 = ORIENTED_EDGE ( 'NONE', *, *, #925, .F. ) ;
#4891 = EDGE_LOOP ( 'NONE', ( #6619, #4530, #1892, #6807 ) ) ;
#4892 = AXIS2_PLACEMENT_3D ( 'NONE', #4057, #4093, #754 ) ;
#4893 = DIRECTION ( 'NONE',  ( 0.000000000000000000, 0.000000000000000000, 1.000000000000000000 ) ) ;
#4894 = DIRECTION ( 'NONE',  ( -1.000000000000000000, 0.000000000000000000, 0.000000000000000000 ) ) ;
#4895 = DIRECTION ( 'NONE',  ( 0.000000000000000000, -1.000000000000000000, 0.000000000000000000 ) ) ;
#4896 = VERTEX_POINT ( 'NONE', #137 ) ;
#4897 = FACE_OUTER_BOUND ( 'NONE', #2066, .T. ) ;
#4898 = VERTEX_POINT ( 'NONE', #5226 ) ;
#4899 = VECTOR ( 'NONE', #6881, 1000.000000000000000 ) ;
#4900 = ADVANCED_FACE ( 'NONE', ( #4028 ), #691, .T. ) ;
#4901 = LINE ( 'NONE', #4861, #4198 ) ;
#4902 = ORIENTED_EDGE ( 'NONE', *, *, #3654, .F. ) ;
#4903 = EDGE_CURVE ( 'NONE', #809, #2623, #2069, .T. ) ;
#4904 = EDGE_CURVE ( 'NONE', #703, #4752, #2422, .T. ) ;
#4905 = VECTOR ( 'NONE', #2326, 1000.000000000000000 ) ;
#4906 = ORIENTED_EDGE ( 'NONE', *, *, #4962, .F. ) ;
#4907 = CARTESIAN_POINT ( 'NONE',  ( -5.909364864539739415, 46.06474543619644635, -3.939724173090179526 ) ) ;
#4908 = CARTESIAN_POINT ( 'NONE',  ( 1.468756845040587233, 10.99999999999999822, -3.733093037759384281 ) ) ;
#4909 = CARTESIAN_POINT ( 'NONE',  ( -2.250000000000001332, 17.00000000000000000, -11.50000000000000000 ) ) ;
#4910 = CARTESIAN_POINT ( 'NONE',  ( -2.710505431213761085E-15, 12.00000000000000000, -12.50000000000000000 ) ) ;
#4911 = CIRCLE ( 'NONE', #1629, 1.000000000000000888 ) ;
#4912 = EDGE_CURVE ( 'NONE', #4832, #2050, #5292, .T. ) ;
#4913 = ORIENTED_EDGE ( 'NONE', *, *, #2884, .T. ) ;
#4914 = ORIENTED_EDGE ( 'NONE', *, *, #3305, .F. ) ;
#4915 = CYLINDRICAL_SURFACE ( 'NONE', #2879, 3.499999999999999556 ) ;
#4916 = CARTESIAN_POINT ( 'NONE',  ( -5.799354743428406067, 41.20273684710380735, -4.112986389440829171 ) ) ;
#4917 = DIRECTION ( 'NONE',  ( 0.000000000000000000, 0.000000000000000000, 1.000000000000000000 ) ) ;
#4918 = DIRECTION ( 'NONE',  ( 0.000000000000000000, 0.000000000000000000, 1.000000000000000000 ) ) ;
#4919 = ORIENTED_EDGE ( 'NONE', *, *, #609, .T. ) ;
#4920 = EDGE_CURVE ( 'NONE', #49, #6965, #4869, .T. ) ;
#4921 = VERTEX_POINT ( 'NONE', #5409 ) ;
#4922 = ORIENTED_EDGE ( 'NONE', *, *, #1050, .T. ) ;
#4923 = CARTESIAN_POINT ( 'NONE',  ( 7.349999999999996980, 36.50000000000000711, -8.500000000000000000 ) ) ;
#4924 = ORIENTED_EDGE ( 'NONE', *, *, #4287, .F. ) ;
#4925 = CARTESIAN_POINT ( 'NONE',  ( 13.00000000000000533, 78.00000000000000000, -11.50000000000000355 ) ) ;
#4926 = ORIENTED_EDGE ( 'NONE', *, *, #2534, .T. ) ;
#4927 = EDGE_LOOP ( 'NONE', ( #1983, #1623, #4049, #394 ) ) ;
#4928 = DIRECTION ( 'NONE',  ( 0.000000000000000000, 0.000000000000000000, -1.000000000000000000 ) ) ;
#4929 = FACE_BOUND ( 'NONE', #6710, .T. ) ;
#4930 = LINE ( 'NONE', #4889, #174 ) ;
#4931 = VERTEX_POINT ( 'NONE', #4755 ) ;
#4932 = ORIENTED_EDGE ( 'NONE', *, *, #1650, .F. ) ;
#4933 = AXIS2_PLACEMENT_3D ( 'NONE', #817, #6445, #1433 ) ;
#4934 = CARTESIAN_POINT ( 'NONE',  ( -6.000000000000008882, 61.00000000000000000, -4.499999999999999112 ) ) ;
#4935 = FACE_OUTER_BOUND ( 'NONE', #2759, .T. ) ;
#4936 = LINE ( 'NONE', #2618, #6380 ) ;
#4937 = DIRECTION ( 'NONE',  ( 1.000000000000000000, -0.000000000000000000, 0.000000000000000000 ) ) ;
#4938 = ORIENTED_EDGE ( 'NONE', *, *, #5163, .T. ) ;
#4939 = DIRECTION ( 'NONE',  ( 0.000000000000000000, 0.000000000000000000, 1.000000000000000000 ) ) ;
#4940 = VERTEX_POINT ( 'NONE', #5989 ) ;
#4941 = ORIENTED_EDGE ( 'NONE', *, *, #6406, .T. ) ;
#4942 = ORIENTED_EDGE ( 'NONE', *, *, #4024, .F. ) ;
#4943 = ADVANCED_FACE ( 'NONE', ( #3735 ), #921, .F. ) ;
#4944 = CARTESIAN_POINT ( 'NONE',  ( -6.160056374286783765, 45.89724960822573507, -4.735825791543203600 ) ) ;
#4945 = CARTESIAN_POINT ( 'NONE',  ( 0.000000000000000000, 12.00000000000000000, 0.000000000000000000 ) ) ;
#4946 = EDGE_CURVE ( 'NONE', #4940, #3633, #5335, .T. ) ;
#4947 = CARTESIAN_POINT ( 'NONE',  ( 3.000384657911015469E-15, 81.29646455628167701, 24.50000000000000000 ) ) ;
#4948 = CARTESIAN_POINT ( 'NONE',  ( -7.000000000000007105, 77.00000000000000000, 2.602085213965213403E-15 ) ) ;
#4949 = VERTEX_POINT ( 'NONE', #7037 ) ;
#4950 = ORIENTED_EDGE ( 'NONE', *, *, #819, .T. ) ;
#4951 = ORIENTED_EDGE ( 'NONE', *, *, #3659, .T. ) ;
#4952 = EDGE_LOOP ( 'NONE', ( #5873, #5106, #6165, #1386, #349, #5062, #3855, #3238, #106, #5990, #4029, #6074, #458, #6112, #635, #4389, #3066, #468, #2802, #1372, #5276, #4700, #4938 ) ) ;
#4953 = FACE_OUTER_BOUND ( 'NONE', #987, .T. ) ;
#4954 = ADVANCED_FACE ( 'NONE', ( #991 ), #5953, .F. ) ;
#4955 = ADVANCED_FACE ( 'NONE', ( #1451 ), #954, .F. ) ;
#4956 = LINE ( 'NONE', #2716, #6151 ) ;
#4957 = DIRECTION ( 'NONE',  ( 0.000000000000000000, 0.000000000000000000, -1.000000000000000000 ) ) ;
#4958 = VERTEX_POINT ( 'NONE', #325 ) ;
#4959 = AXIS2_PLACEMENT_3D ( 'NONE', #2262, #4498, #2851 ) ;
#4960 = CYLINDRICAL_SURFACE ( 'NONE', #2502, 3.000000000000001332 ) ;
#4961 = ORIENTED_EDGE ( 'NONE', *, *, #7217, .T. ) ;
#4962 = EDGE_CURVE ( 'NONE', #4161, #1891, #2676, .T. ) ;
#4963 = DIRECTION ( 'NONE',  ( 0.000000000000000000, 1.000000000000000000, -0.000000000000000000 ) ) ;
#4964 = LINE ( 'NONE', #2012, #3243 ) ;
#4965 = DIRECTION ( 'NONE',  ( -1.000000000000000000, 0.000000000000000000, 0.000000000000000000 ) ) ;
#4966 = AXIS2_PLACEMENT_3D ( 'NONE', #3980, #1739, #6704 ) ;
#4967 = CARTESIAN_POINT ( 'NONE',  ( 6.249999999999992895, 38.89600361713693388, -6.299999999999999822 ) ) ;
#4968 = FACE_OUTER_BOUND ( 'NONE', #642, .T. ) ;
#4969 = AXIS2_PLACEMENT_3D ( 'NONE', #1895, #5743, #737 ) ;
#4970 = EDGE_CURVE ( 'NONE', #6226, #531, #6045, .T. ) ;
#4971 = DIRECTION ( 'NONE',  ( 1.000000000000000000, 0.000000000000000000, 0.000000000000000000 ) ) ;
#4972 = DIRECTION ( 'NONE',  ( 0.000000000000000000, 0.000000000000000000, 1.000000000000000000 ) ) ;
#4973 = DIRECTION ( 'NONE',  ( 1.000000000000000000, -0.000000000000000000, -0.000000000000000000 ) ) ;
#4974 = EDGE_LOOP ( 'NONE', ( #6105, #618 ) ) ;
#4975 = LINE ( 'NONE', #7145, #1181 ) ;
#4976 = VERTEX_POINT ( 'NONE', #6932 ) ;
#4977 = AXIS2_PLACEMENT_3D ( 'NONE', #2966, #2381, #142 ) ;
#4978 = ORIENTED_EDGE ( 'NONE', *, *, #1223, .T. ) ;
#4979 = CARTESIAN_POINT ( 'NONE',  ( -12.00000000000000178, 60.00000000000000000, 18.49999999999999645 ) ) ;
#4980 = CARTESIAN_POINT ( 'NONE',  ( -8.400000000000003908, 69.38341924626904245, 4.199999999999992184 ) ) ;
#4981 = CIRCLE ( 'NONE', #4513, 2.500000000000002220 ) ;
#4982 = CARTESIAN_POINT ( 'NONE',  ( -6.253969901901504258, 42.15553681628613703, -4.500000000000000888 ) ) ;
#4983 = LINE ( 'NONE', #589, #671 ) ;
#4984 = VERTEX_POINT ( 'NONE', #2035 ) ;
#4985 = ORIENTED_EDGE ( 'NONE', *, *, #1938, .T. ) ;
#4986 = AXIS2_PLACEMENT_3D ( 'NONE', #5738, #4180, #730 ) ;
#4987 = DIRECTION ( 'NONE',  ( 0.000000000000000000, 0.000000000000000000, -1.000000000000000000 ) ) ;
#4988 = ORIENTED_EDGE ( 'NONE', *, *, #2000, .F. ) ;
#4989 = AXIS2_PLACEMENT_3D ( 'NONE', #6432, #3189, #365 ) ;
#4990 = PLANE ( 'NONE',  #7188 ) ;
#4991 = AXIS2_PLACEMENT_3D ( 'NONE', #554, #1721, #1069 ) ;
#4992 = AXIS2_PLACEMENT_3D ( 'NONE', #5492, #3120, #367 ) ;
#4993 = DIRECTION ( 'NONE',  ( 3.717264591378872697E-16, -0.000000000000000000, 1.000000000000000000 ) ) ;
#4994 = ORIENTED_EDGE ( 'NONE', *, *, #473, .F. ) ;
#4995 = CIRCLE ( 'NONE', #3235, 0.5000000000000004441 ) ;
#4996 = EDGE_CURVE ( 'NONE', #2721, #3345, #1058, .T. ) ;
#4997 = EDGE_CURVE ( 'NONE', #6163, #832, #2199, .T. ) ;
#4998 = VECTOR ( 'NONE', #1526, 1000.000000000000000 ) ;
#4999 = AXIS2_PLACEMENT_3D ( 'NONE', #2171, #4407, #3753 ) ;
#5000 = DIRECTION ( 'NONE',  ( 0.000000000000000000, -1.000000000000000000, 0.000000000000000000 ) ) ;
#5001 = ORIENTED_EDGE ( 'NONE', *, *, #1540, .T. ) ;
#5002 = CARTESIAN_POINT ( 'NONE',  ( 0.5979724677926849807, 11.10534291639664772, -3.957912541129346096 ) ) ;
#5003 = CARTESIAN_POINT ( 'NONE',  ( -7.000000000000007105, 35.00000000000000000, -0.5000000000000039968 ) ) ;
#5004 = CARTESIAN_POINT ( 'NONE',  ( 11.50000000000000000, 10.20000000000000107, -14.50000000000000000 ) ) ;
#5005 = CIRCLE ( 'NONE', #3952, 1.500000000000000444 ) ;
#5006 = AXIS2_PLACEMENT_3D ( 'NONE', #4613, #5194, #2488 ) ;
#5007 = CARTESIAN_POINT ( 'NONE',  ( -12.00000000000000533, 62.10695873108412712, 9.340189111686964196 ) ) ;
#5008 = ADVANCED_FACE ( 'NONE', ( #1384 ), #1487, .F. ) ;
#5009 = ORIENTED_EDGE ( 'NONE', *, *, #339, .T. ) ;
#5010 = CARTESIAN_POINT ( 'NONE',  ( 10.49999999999999645, 74.50000000000000000, 14.99999999999999645 ) ) ;
#5011 = ORIENTED_EDGE ( 'NONE', *, *, #616, .T. ) ;
#5012 = CARTESIAN_POINT ( 'NONE',  ( -8.432683563776143187E-16, 12.00000000000000000, -3.500000000000000444 ) ) ;
#5013 = CYLINDRICAL_SURFACE ( 'NONE', #5918, 2.500000000000002220 ) ;
#5014 = DIRECTION ( 'NONE',  ( 0.000000000000000000, -1.000000000000000000, 0.000000000000000000 ) ) ;
#5015 = CARTESIAN_POINT ( 'NONE',  ( -11.00000000000000355, 35.00000000000000000, 8.499999999999996447 ) ) ;
#5016 = VECTOR ( 'NONE', #1375, 1000.000000000000000 ) ;
#5017 = ADVANCED_FACE ( 'NONE', ( #2078 ), #3596, .T. ) ;
#5018 = CARTESIAN_POINT ( 'NONE',  ( -5.000000000000007994, 78.00000000000000000, -5.499999999999999112 ) ) ;
#5019 = CARTESIAN_POINT ( 'NONE',  ( -5.988024155627527989, 46.03605031596368491, -3.683169831119783577 ) ) ;
#5020 = VECTOR ( 'NONE', #4973, 1000.000000000000000 ) ;
#5021 = CARTESIAN_POINT ( 'NONE',  ( -11.50000000000000000, 10.20000000000000107, -12.89999999999999858 ) ) ;
#5022 = CARTESIAN_POINT ( 'NONE',  ( -12.00000000000000355, 77.00000000000000000, 14.99999999999999645 ) ) ;
#5023 = CARTESIAN_POINT ( 'NONE',  ( 12.00000000000000000, 77.00000000000000000, -4.500000000000003553 ) ) ;
#5024 = EDGE_LOOP ( 'NONE', ( #6018, #4615, #5366, #7017 ) ) ;
#5025 = VERTEX_POINT ( 'NONE', #3371 ) ;
#5026 = AXIS2_PLACEMENT_3D ( 'NONE', #6466, #1934, #1461 ) ;
#5027 = CARTESIAN_POINT ( 'NONE',  ( 6.249999999999992895, 34.10399638286305901, -4.500000000000000888 ) ) ;
#5028 = DIRECTION ( 'NONE',  ( 0.000000000000000000, 0.8660254037844390407, 0.4999999999999992228 ) ) ;
#5029 = DIRECTION ( 'NONE',  ( 0.000000000000000000, 1.000000000000000000, 0.000000000000000000 ) ) ;
#5030 = CARTESIAN_POINT ( 'NONE',  ( 1.695127366932482005, 12.66295883856619575, -4.500000000000000888 ) ) ;
#5031 = EDGE_LOOP ( 'NONE', ( #6471, #6991, #3153, #4405 ) ) ;
#5032 = ORIENTED_EDGE ( 'NONE', *, *, #5405, .T. ) ;
#5033 = LINE ( 'NONE', #4478, #7170 ) ;
#5034 = FACE_OUTER_BOUND ( 'NONE', #3557, .T. ) ;
#5035 = EDGE_CURVE ( 'NONE', #2059, #733, #3961, .T. ) ;
#5036 = CARTESIAN_POINT ( 'NONE',  ( -11.00000000000000355, 78.00000000000000000, 8.499999999999996447 ) ) ;
#5037 = EDGE_CURVE ( 'NONE', #4806, #5967, #1032, .T. ) ;
#5038 = DIRECTION ( 'NONE',  ( -2.172046186845915644E-16, -2.465190328815661892E-32, -1.000000000000000000 ) ) ;
#5039 = ORIENTED_EDGE ( 'NONE', *, *, #4495, .T. ) ;
#5040 = CARTESIAN_POINT ( 'NONE',  ( 12.00000000000000000, 72.00000000000000000, -4.500000000000003553 ) ) ;
#5041 = DIRECTION ( 'NONE',  ( 0.000000000000000000, 0.000000000000000000, 1.000000000000000000 ) ) ;
#5042 = DIRECTION ( 'NONE',  ( 0.000000000000000000, 0.000000000000000000, -1.000000000000000000 ) ) ;
#5043 = EDGE_CURVE ( 'NONE', #4662, #336, #5518, .T. ) ;
#5044 = VECTOR ( 'NONE', #3136, 1000.000000000000114 ) ;
#5045 = CARTESIAN_POINT ( 'NONE',  ( -11.94422110104954626, 41.51724709180159323, -10.83121002393290588 ) ) ;
#5046 = DIRECTION ( 'NONE',  ( -1.000000000000000000, 0.000000000000000000, -0.000000000000000000 ) ) ;
#5047 = VERTEX_POINT ( 'NONE', #5052 ) ;
#5048 = DIRECTION ( 'NONE',  ( 0.000000000000000000, 0.000000000000000000, -1.000000000000000000 ) ) ;
#5049 = CARTESIAN_POINT ( 'NONE',  ( 11.50000000000000000, 10.20000000000000107, -11.99999999999999822 ) ) ;
#5050 = CARTESIAN_POINT ( 'NONE',  ( -11.50000000000000000, 10.20000000000000107, 14.50000000000000000 ) ) ;
#5051 = ADVANCED_FACE ( 'NONE', ( #5549 ), #1645, .F. ) ;
#5052 = CARTESIAN_POINT ( 'NONE',  ( -6.000000000000004441, 67.76683849253808489, 7.000000000000003553 ) ) ;
#5053 = ORIENTED_EDGE ( 'NONE', *, *, #4365, .F. ) ;
#5054 = ORIENTED_EDGE ( 'NONE', *, *, #4715, .F. ) ;
#5055 = DIRECTION ( 'NONE',  ( 0.000000000000000000, 1.000000000000000000, -0.000000000000000000 ) ) ;
#5056 = EDGE_LOOP ( 'NONE', ( #5141, #5948, #3828, #1603, #94, #1899 ) ) ;
#5057 = CARTESIAN_POINT ( 'NONE',  ( -8.500000000000003553, 61.00000000000000000, 17.49999999999999645 ) ) ;
#5058 = EDGE_CURVE ( 'NONE', #3987, #3225, #2075, .T. ) ;
#5059 = CARTESIAN_POINT ( 'NONE',  ( 2.179449471770335212, 11.00000000000000000, -4.500000000000001776 ) ) ;
#5060 = CARTESIAN_POINT ( 'NONE',  ( 2.308414776582857986, 12.84157339126824660, -4.500000000000000888 ) ) ;
#5061 = ORIENTED_EDGE ( 'NONE', *, *, #2320, .F. ) ;
#5062 = ORIENTED_EDGE ( 'NONE', *, *, #1584, .T. ) ;
#5063 = DIRECTION ( 'NONE',  ( -2.682704640602072093E-16, -0.4999999999999981681, -0.8660254037844395958 ) ) ;
#5064 = CARTESIAN_POINT ( 'NONE',  ( -0.1497415790626090704, 11.13396967426679396, -3.999993179951763178 ) ) ;
#5065 = CARTESIAN_POINT ( 'NONE',  ( -8.400000000000003908, 72.61658075373095755, 4.199999999999992184 ) ) ;
#5066 = CARTESIAN_POINT ( 'NONE',  ( 3.570714214271424325, 13.00000000000000178, -3.500000000000001332 ) ) ;
#5067 = ORIENTED_EDGE ( 'NONE', *, *, #157, .F. ) ;
#5068 = DIRECTION ( 'NONE',  ( 1.000000000000000000, -0.000000000000000000, -1.931325469920844706E-15 ) ) ;
#5069 = FACE_OUTER_BOUND ( 'NONE', #6612, .T. ) ;
#5070 = LINE ( 'NONE', #48, #6621 ) ;
#5071 = AXIS2_PLACEMENT_3D ( 'NONE', #5010, #7223, #6672 ) ;
#5072 = DIRECTION ( 'NONE',  ( -0.000000000000000000, -1.000000000000000000, -0.000000000000000000 ) ) ;
#5073 = VERTEX_POINT ( 'NONE', #509 ) ;
#5074 = CARTESIAN_POINT ( 'NONE',  ( -12.00000000000000355, 59.75834261322605556, 8.499999999999998224 ) ) ;
#5075 = AXIS2_PLACEMENT_3D ( 'NONE', #38, #3409, #3899 ) ;
#5076 = EDGE_CURVE ( 'NONE', #6056, #5741, #480, .T. ) ;
#5077 = EDGE_CURVE ( 'NONE', #2671, #1502, #4430, .T. ) ;
#5078 = CARTESIAN_POINT ( 'NONE',  ( 16.00000000000000000, 18.49999999999999645, -4.500000000000003553 ) ) ;
#5079 = DIRECTION ( 'NONE',  ( 0.5000000000000001110, -0.8660254037844387076, 0.000000000000000000 ) ) ;
#5080 = LINE ( 'NONE', #58, #6728 ) ;
#5081 = DIRECTION ( 'NONE',  ( -1.000000000000000000, 0.000000000000000000, 0.000000000000000000 ) ) ;
#5082 = CARTESIAN_POINT ( 'NONE',  ( -3.248049880660560440, 12.99999998494792841, -4.499999999999999112 ) ) ;
#5083 = AXIS2_PLACEMENT_3D ( 'NONE', #1266, #6680, #6133 ) ;
#5084 = VERTEX_POINT ( 'NONE', #2787 ) ;
#5085 = ORIENTED_EDGE ( 'NONE', *, *, #4549, .F. ) ;
#5086 = EDGE_CURVE ( 'NONE', #4505, #6817, #4983, .T. ) ;
#5087 = VECTOR ( 'NONE', #1796, 1000.000000000000000 ) ;
#5088 = EDGE_LOOP ( 'NONE', ( #493, #4820, #4085, #1969 ) ) ;
#5089 = LINE ( 'NONE', #2315, #1347 ) ;
#5090 = DIRECTION ( 'NONE',  ( 1.000000000000000000, 0.000000000000000000, 0.000000000000000000 ) ) ;
#5091 = CARTESIAN_POINT ( 'NONE',  ( -1.743559577416269324, 11.00000000000000000, -3.600000000000000089 ) ) ;
#5092 = VECTOR ( 'NONE', #143, 1000.000000000000000 ) ;
#5093 = ORIENTED_EDGE ( 'NONE', *, *, #2843, .T. ) ;
#5094 = EDGE_CURVE ( 'NONE', #4676, #2237, #3010, .T. ) ;
#5095 = LINE ( 'NONE', #1183, #6237 ) ;
#5096 = AXIS2_PLACEMENT_3D ( 'NONE', #6538, #3033, #2076 ) ;
#5097 = AXIS2_PLACEMENT_3D ( 'NONE', #1177, #4440, #2749 ) ;
#5098 = VERTEX_POINT ( 'NONE', #2825 ) ;
#5099 = CARTESIAN_POINT ( 'NONE',  ( 1.184600141155936370, 11.03771274949112602, -3.823506836880289583 ) ) ;
#5100 = DIRECTION ( 'NONE',  ( 0.000000000000000000, -0.7071067811865507924, -0.7071067811865441310 ) ) ;
#5101 = FACE_OUTER_BOUND ( 'NONE', #435, .T. ) ;
#5102 = ORIENTED_EDGE ( 'NONE', *, *, #4780, .T. ) ;
#5103 = VECTOR ( 'NONE', #6556, 1000.000000000000114 ) ;
#5104 = AXIS2_PLACEMENT_3D ( 'NONE', #3369, #1675, #3915 ) ;
#5105 = AXIS2_PLACEMENT_3D ( 'NONE', #920, #4793, #2077 ) ;
#5106 = ORIENTED_EDGE ( 'NONE', *, *, #2241, .T. ) ;
#5107 = DIRECTION ( 'NONE',  ( -2.569960705150824215E-15, 0.000000000000000000, -1.000000000000000000 ) ) ;
#5108 = APPROVAL_PERSON_ORGANIZATION ( #242, #4174, #5326 ) ;
#5109 = DIRECTION ( 'NONE',  ( -1.000000000000000000, 0.000000000000000000, 0.000000000000000000 ) ) ;
#5110 = CIRCLE ( 'NONE', #2060, 0.9999999999999991118 ) ;
#5111 = DIRECTION ( 'NONE',  ( -0.000000000000000000, 0.000000000000000000, 1.000000000000000000 ) ) ;
#5112 = ADVANCED_FACE ( 'NONE', ( #4388 ), #3264, .F. ) ;
#5113 = VECTOR ( 'NONE', #2652, 1000.000000000000000 ) ;
#5114 = LINE ( 'NONE', #4664, #7095 ) ;
#5115 = CARTESIAN_POINT ( 'NONE',  ( -12.00000000000000355, 63.12153495127343916, 10.37910407278510583 ) ) ;
#5116 = ORIENTED_EDGE ( 'NONE', *, *, #3890, .T. ) ;
#5117 = EDGE_LOOP ( 'NONE', ( #1524, #3906, #4130, #6004 ) ) ;
#5118 = AXIS2_PLACEMENT_3D ( 'NONE', #1341, #722, #5806 ) ;
#5119 = PLANE ( 'NONE',  #4020 ) ;
#5120 = ORIENTED_EDGE ( 'NONE', *, *, #6605, .T. ) ;
#5121 = DIRECTION ( 'NONE',  ( 0.000000000000000000, 0.000000000000000000, -1.000000000000000000 ) ) ;
#5122 = CARTESIAN_POINT ( 'NONE',  ( 10.49999999999999645, 0.000000000000000000, 17.49999999999999645 ) ) ;
#5123 = DIRECTION ( 'NONE',  ( 1.000000000000000000, 0.000000000000000000, -2.409338161078897701E-16 ) ) ;
#5124 = AXIS2_PLACEMENT_3D ( 'NONE', #3297, #1175, #6179 ) ;
#5125 = EDGE_CURVE ( 'NONE', #4832, #4931, #3888, .T. ) ;
#5126 = EDGE_CURVE ( 'NONE', #2467, #5684, #28, .T. ) ;
#5127 = ORIENTED_EDGE ( 'NONE', *, *, #2430, .F. ) ;
#5128 = CARTESIAN_POINT ( 'NONE',  ( 2.001798365830133708, 12.75227408265119955, -4.500000000000000888 ) ) ;
#5129 = FACE_OUTER_BOUND ( 'NONE', #6884, .T. ) ;
#5130 = CARTESIAN_POINT ( 'NONE',  ( 11.50000000000000000, -0.0009999999999992653654, -14.50000000000000000 ) ) ;
#5131 = ADVANCED_FACE ( 'NONE', ( #4355 ), #2114, .F. ) ;
#5132 = CIRCLE ( 'NONE', #681, 1.000000000000000888 ) ;
#5133 = ORIENTED_EDGE ( 'NONE', *, *, #2129, .T. ) ;
#5134 = CIRCLE ( 'NONE', #2558, 1.600000000000002531 ) ;
#5135 = CARTESIAN_POINT ( 'NONE',  ( 13.00000000000000533, 70.50000000000000000, -5.500000000000003553 ) ) ;
#5136 = ORIENTED_EDGE ( 'NONE', *, *, #5341, .T. ) ;
#5137 = CARTESIAN_POINT ( 'NONE',  ( 9.799999999999998934, 72.00000000000000000, -4.500000000000003553 ) ) ;
#5138 = CARTESIAN_POINT ( 'NONE',  ( 0.000000000000000000, 12.00000000000000000, -24.49999999999998934 ) ) ;
#5139 = DIRECTION ( 'NONE',  ( 0.000000000000000000, 1.000000000000000000, 0.000000000000000000 ) ) ;
#5140 = ADVANCED_FACE ( 'NONE', ( #2234 ), #2196, .F. ) ;
#5141 = ORIENTED_EDGE ( 'NONE', *, *, #3515, .F. ) ;
#5142 = EDGE_LOOP ( 'NONE', ( #3161, #6602, #292, #4152 ) ) ;
#5143 = CARTESIAN_POINT ( 'NONE',  ( 11.50000000000000000, 10.20000000000000107, -12.89999999999999858 ) ) ;
#5144 = LINE ( 'NONE', #5012, #2983 ) ;
#5145 = LINE ( 'NONE', #2291, #2204 ) ;
#5146 = ORIENTED_EDGE ( 'NONE', *, *, #4017, .F. ) ;
#5147 = DIRECTION ( 'NONE',  ( -0.000000000000000000, -1.000000000000000000, -0.000000000000000000 ) ) ;
#5148 = EDGE_LOOP ( 'NONE', ( #4303, #1, #5054, #1533, #5442, #344 ) ) ;
#5149 = CARTESIAN_POINT ( 'NONE',  ( 0.000000000000000000, 0.5000000000000004441, 25.00000000000000000 ) ) ;
#5150 = ORIENTED_EDGE ( 'NONE', *, *, #3339, .F. ) ;
#5151 = CARTESIAN_POINT ( 'NONE',  ( 6.249999999999997335, 13.10399638286305368, -6.299999999999999822 ) ) ;
#5152 = CARTESIAN_POINT ( 'NONE',  ( -5.630199029426712798, 46.93644654353262524, -4.285846108892586770 ) ) ;
#5153 = CARTESIAN_POINT ( 'NONE',  ( -1.856568068544949046, 12.10863922571078177, -4.499999999999998224 ) ) ;
#5154 = VECTOR ( 'NONE', #2187, 1000.000000000000000 ) ;
#5155 = ADVANCED_FACE ( 'NONE', ( #2710 ), #6718, .T. ) ;
#5156 = EDGE_CURVE ( 'NONE', #729, #1891, #6511, .T. ) ;
#5157 = CARTESIAN_POINT ( 'NONE',  ( 2.932388462667799178, 12.96072031265045332, -4.500000000000000888 ) ) ;
#5158 = CARTESIAN_POINT ( 'NONE',  ( 1.136481389392477448, 12.54135514924599804, -4.500000000000000888 ) ) ;
#5159 = CARTESIAN_POINT ( 'NONE',  ( 5.999999999999998224, 67.00000000000000000, 17.49999999999999645 ) ) ;
#5160 = LINE ( 'NONE', #1210, #3976 ) ;
#5161 = ORIENTED_EDGE ( 'NONE', *, *, #6930, .T. ) ;
#5162 = ADVANCED_FACE ( 'NONE', ( #1607, #2304, #1751, #2374, #5654, #4124 ), #6279, .F. ) ;
#5163 = EDGE_CURVE ( 'NONE', #2192, #2927, #6720, .T. ) ;
#5164 = CYLINDRICAL_SURFACE ( 'NONE', #2974, 1.500000000000000444 ) ;
#5165 = CARTESIAN_POINT ( 'NONE',  ( 0.000000000000000000, 0.5000000000000004441, 25.50000000000000355 ) ) ;
#5166 = DIRECTION ( 'NONE',  ( 1.000000000000000000, 0.000000000000000000, 0.000000000000000000 ) ) ;
#5167 = VERTEX_POINT ( 'NONE', #650 ) ;
#5168 = ORIENTED_EDGE ( 'NONE', *, *, #19, .F. ) ;
#5169 = EDGE_CURVE ( 'NONE', #4921, #2743, #2341, .T. ) ;
#5170 = FACE_OUTER_BOUND ( 'NONE', #1946, .T. ) ;
#5171 = CARTESIAN_POINT ( 'NONE',  ( -8.400000000000005684, 1.434664526344944758E-29, 2.750775797620362887E-15 ) ) ;
#5172 = DIRECTION ( 'NONE',  ( -0.000000000000000000, -1.000000000000000000, -0.000000000000000000 ) ) ;
#5173 = ORIENTED_EDGE ( 'NONE', *, *, #3423, .F. ) ;
#5174 = FACE_OUTER_BOUND ( 'NONE', #7102, .T. ) ;
#5175 = CARTESIAN_POINT ( 'NONE',  ( 16.00000000000000000, 74.50000000000000000, -8.000000000000003553 ) ) ;
#5176 = ORIENTED_EDGE ( 'NONE', *, *, #4996, .F. ) ;
#5177 = EDGE_CURVE ( 'NONE', #7211, #6926, #4767, .T. ) ;
#5178 = DIRECTION ( 'NONE',  ( 0.000000000000000000, 0.000000000000000000, 1.000000000000000000 ) ) ;
#5179 = VECTOR ( 'NONE', #1170, 1000.000000000000000 ) ;
#5180 = DIRECTION ( 'NONE',  ( 3.717264591378872204E-16, 0.000000000000000000, 1.000000000000000000 ) ) ;
#5181 = CARTESIAN_POINT ( 'NONE',  ( 9.512150972518702119, 76.18312892007490689, 17.08473519474175006 ) ) ;
#5182 = FACE_OUTER_BOUND ( 'NONE', #2445, .T. ) ;
#5183 = ORIENTED_EDGE ( 'NONE', *, *, #5395, .T. ) ;
#5184 = EDGE_LOOP ( 'NONE', ( #62, #560 ) ) ;
#5185 = CARTESIAN_POINT ( 'NONE',  ( 2.250444528585134218, 11.87615595362104237, -3.922626811686881876 ) ) ;
#5186 = VECTOR ( 'NONE', #4298, 1000.000000000000000 ) ;
#5187 = CARTESIAN_POINT ( 'NONE',  ( -1.093181662297439738, 11.79354923816087997, -4.179701265235385321 ) ) ;
#5188 = FACE_OUTER_BOUND ( 'NONE', #7110, .T. ) ;
#5189 = DIRECTION ( 'NONE',  ( 0.8660254037844385966, 0.4999999999999999445, 0.000000000000000000 ) ) ;
#5190 = CIRCLE ( 'NONE', #2033, 2.500000000000002220 ) ;
#5191 = CARTESIAN_POINT ( 'NONE',  ( 11.50000000000000000, 12.00000000000000000, 16.10000000000000142 ) ) ;
#5192 = DIRECTION ( 'NONE',  ( 0.8999999999999999112, 0.000000000000000000, -0.4358898943540674975 ) ) ;
#5193 = TOROIDAL_SURFACE ( 'NONE', #6244, 4.500000000000000888, 1.000000000000000000 ) ;
#5194 = DIRECTION ( 'NONE',  ( -1.000000000000000000, 2.391107543908238811E-30, 3.097720492815719277E-16 ) ) ;
#5195 = DIRECTION ( 'NONE',  ( -0.000000000000000000, 1.000000000000000000, 0.000000000000000000 ) ) ;
#5196 = ADVANCED_FACE ( 'NONE', ( #5182 ), #6344, .T. ) ;
#5197 = EDGE_CURVE ( 'NONE', #4881, #6487, #100, .T. ) ;
#5198 = VERTEX_POINT ( 'NONE', #2444 ) ;
#5199 = VECTOR ( 'NONE', #2005, 1000.000000000000114 ) ;
#5200 = TOROIDAL_SURFACE ( 'NONE', #7058, 3.099999999999998312, 1.000000000000000000 ) ;
#5201 = DIRECTION ( 'NONE',  ( 1.000000000000000000, -0.000000000000000000, -0.000000000000000000 ) ) ;
#5202 = ORIENTED_EDGE ( 'NONE', *, *, #5249, .F. ) ;
#5203 = CARTESIAN_POINT ( 'NONE',  ( 15.99999999999998579, 74.50000000000000000, -8.000000000000003553 ) ) ;
#5204 = DIRECTION ( 'NONE',  ( -1.000000000000000000, 0.000000000000000000, 0.000000000000000000 ) ) ;
#5205 = AXIS2_PLACEMENT_3D ( 'NONE', #3608, #3755, #4411 ) ;
#5206 = PLANE ( 'NONE',  #2324 ) ;
#5207 = VERTEX_POINT ( 'NONE', #1779 ) ;
#5208 = AXIS2_PLACEMENT_3D ( 'NONE', #6401, #5192, #1389 ) ;
#5209 = CARTESIAN_POINT ( 'NONE',  ( -12.00000000000000355, 62.39923350816376058, 9.558298456931431986 ) ) ;
#5210 = EDGE_CURVE ( 'NONE', #3977, #897, #5227, .T. ) ;
#5211 = ORIENTED_EDGE ( 'NONE', *, *, #6203, .F. ) ;
#5212 = CIRCLE ( 'NONE', #4166, 2.000000000000000000 ) ;
#5213 = CARTESIAN_POINT ( 'NONE',  ( 12.00000000000000000, 72.00000000000000000, -9.443375672974068991 ) ) ;
#5214 = AXIS2_PLACEMENT_3D ( 'NONE', #2709, #6682, #1092 ) ;
#5215 = CARTESIAN_POINT ( 'NONE',  ( -11.00000000000000355, 59.75834261322605556, 9.499999999999998224 ) ) ;
#5216 = CARTESIAN_POINT ( 'NONE',  ( -6.000000000000008882, 78.00000000000000000, -3.499999999999998668 ) ) ;
#5217 = DIRECTION ( 'NONE',  ( 1.000000000000000000, -0.000000000000000000, -3.717264591378872697E-16 ) ) ;
#5218 = ORIENTED_EDGE ( 'NONE', *, *, #6322, .T. ) ;
#5219 = ORIENTED_EDGE ( 'NONE', *, *, #1641, .T. ) ;
#5220 = ADVANCED_FACE ( 'NONE', ( #4023 ), #1179, .F. ) ;
#5221 = AXIS2_PLACEMENT_3D ( 'NONE', #1834, #1226, #6748 ) ;
#5222 = EDGE_LOOP ( 'NONE', ( #6986, #4286, #6006, #2309 ) ) ;
#5223 = VECTOR ( 'NONE', #398, 1000.000000000000000 ) ;
#5224 = CARTESIAN_POINT ( 'NONE',  ( 3.078806904455532401, 11.98036015998847326, -3.665676980170473165 ) ) ;
#5225 = CARTESIAN_POINT ( 'NONE',  ( 0.3102740100952276481, 11.79541560491253449, -4.250030957466127468 ) ) ;
#5226 = CARTESIAN_POINT ( 'NONE',  ( -8.500000000000003553, 61.00000000000000000, 18.49999999999999645 ) ) ;
#5227 = CIRCLE ( 'NONE', #568, 2.000000000000001776 ) ;
#5228 = DIRECTION ( 'NONE',  ( -0.000000000000000000, -0.000000000000000000, 1.000000000000000000 ) ) ;
#5229 = CARTESIAN_POINT ( 'NONE',  ( 0.000000000000000000, 0.000000000000000000, 18.49999999999999645 ) ) ;
#5230 = DIRECTION ( 'NONE',  ( -0.000000000000000000, 1.000000000000000000, -0.000000000000000000 ) ) ;
#5231 = DIRECTION ( 'NONE',  ( -1.000000000000000000, 0.000000000000000000, -0.000000000000000000 ) ) ;
#5232 = ORIENTED_EDGE ( 'NONE', *, *, #7120, .T. ) ;
#5233 = VERTEX_POINT ( 'NONE', #6820 ) ;
#5234 = VECTOR ( 'NONE', #5610, 1000.000000000000000 ) ;
#5235 = DIRECTION ( 'NONE',  ( -2.168404344971008868E-16, 0.000000000000000000, -1.000000000000000000 ) ) ;
#5236 = ORIENTED_EDGE ( 'NONE', *, *, #7218, .F. ) ;
#5237 = EDGE_CURVE ( 'NONE', #4676, #5452, #5947, .T. ) ;
#5238 = CARTESIAN_POINT ( 'NONE',  ( -3.570714214271425213, 12.99999999999999822, -4.500000000000000000 ) ) ;
#5239 = LINE ( 'NONE', #343, #3589 ) ;
#5240 = EDGE_LOOP ( 'NONE', ( #3683, #4791, #1505, #4751, #6766 ) ) ;
#5241 = CARTESIAN_POINT ( 'NONE',  ( -5.288046993813470209, 41.86279038874614855, -4.473144620904926150 ) ) ;
#5242 = CARTESIAN_POINT ( 'NONE',  ( 0.000000000000000000, -0.0009999999999992653654, 4.000000000000000000 ) ) ;
#5243 = AXIS2_PLACEMENT_3D ( 'NONE', #6185, #6730, #2273 ) ;
#5244 = VERTEX_POINT ( 'NONE', #1991 ) ;
#5245 = CARTESIAN_POINT ( 'NONE',  ( 9.577815963916471276, 75.94337567297407077, 17.50000000000000000 ) ) ;
#5246 = EDGE_LOOP ( 'NONE', ( #5882, #1038, #5851, #5595, #3621 ) ) ;
#5247 = CARTESIAN_POINT ( 'NONE',  ( 3.000384657911014285E-15, 12.00000000000000000, 24.49999999999998934 ) ) ;
#5248 = ORIENTED_EDGE ( 'NONE', *, *, #2405, .T. ) ;
#5249 = EDGE_CURVE ( 'NONE', #1434, #856, #5696, .T. ) ;
#5250 = LINE ( 'NONE', #3648, #3930 ) ;
#5251 = DIRECTION ( 'NONE',  ( -1.000000000000000000, 0.000000000000000000, 0.000000000000000000 ) ) ;
#5252 = DIRECTION ( 'NONE',  ( 0.000000000000000000, 1.000000000000000000, 0.000000000000000000 ) ) ;
#5253 = ORIENTED_EDGE ( 'NONE', *, *, #6760, .T. ) ;
#5254 = APPROVAL_DATE_TIME ( #3619, #3099 ) ;
#5255 = ORIENTED_EDGE ( 'NONE', *, *, #1787, .F. ) ;
#5256 = EDGE_CURVE ( 'NONE', #4363, #6956, #3375, .T. ) ;
#5257 = DIRECTION ( 'NONE',  ( -0.000000000000000000, 1.000000000000000000, -0.000000000000000000 ) ) ;
#5258 = CARTESIAN_POINT ( 'NONE',  ( 1.093005762295890859, 11.79354733084211482, -4.179728559269556776 ) ) ;
#5259 = DIRECTION ( 'NONE',  ( 0.000000000000000000, 1.000000000000000000, 0.000000000000000000 ) ) ;
#5260 = CIRCLE ( 'NONE', #2107, 2.500000000000002220 ) ;
#5261 = ORIENTED_EDGE ( 'NONE', *, *, #4183, .T. ) ;
#5262 = ORIENTED_EDGE ( 'NONE', *, *, #2631, .F. ) ;
#5263 = EDGE_CURVE ( 'NONE', #3451, #6011, #4307, .T. ) ;
#5264 = DIRECTION ( 'NONE',  ( 1.000000000000000000, -0.000000000000000000, 0.000000000000000000 ) ) ;
#5265 = CARTESIAN_POINT ( 'NONE',  ( -2.004833450875155521, 11.91625451889946241, -4.139463036786725780 ) ) ;
#5266 = DIRECTION ( 'NONE',  ( -1.000000000000000000, -0.000000000000000000, -0.000000000000000000 ) ) ;
#5267 = DIRECTION ( 'NONE',  ( 0.000000000000000000, 0.000000000000000000, 1.000000000000000000 ) ) ;
#5268 = ORIENTED_EDGE ( 'NONE', *, *, #5732, .F. ) ;
#5269 = VERTEX_POINT ( 'NONE', #3062 ) ;
#5270 = DIRECTION ( 'NONE',  ( -2.172046186845915644E-16, -2.465190328815661892E-32, -1.000000000000000000 ) ) ;
#5271 = EDGE_LOOP ( 'NONE', ( #5837, #315, #6877, #2330 ) ) ;
#5272 = DIRECTION ( 'NONE',  ( 1.000000000000000000, 0.000000000000000000, -1.931325469920844706E-15 ) ) ;
#5273 = CARTESIAN_POINT ( 'NONE',  ( 9.000000000000000000, 9.000000000000001776, 0.000000000000000000 ) ) ;
#5274 = CARTESIAN_POINT ( 'NONE',  ( -5.905903008838293999, 42.00358662241882257, -5.091530578038570454 ) ) ;
#5275 = DIRECTION ( 'NONE',  ( -1.000000000000000000, -0.000000000000000000, 2.409338161078897701E-16 ) ) ;
#5276 = ORIENTED_EDGE ( 'NONE', *, *, #2306, .T. ) ;
#5277 = ADVANCED_FACE ( 'NONE', ( #388 ), #4703, .F. ) ;
#5278 = CYLINDRICAL_SURFACE ( 'NONE', #358, 0.5000000000000004441 ) ;
#5279 = CARTESIAN_POINT ( 'NONE',  ( -5.112870718425031491, 46.99425775120487714, -4.500000000000000000 ) ) ;
#5280 = DIRECTION ( 'NONE',  ( 1.000000000000000000, 0.000000000000000000, 0.000000000000000000 ) ) ;
#5281 = EDGE_CURVE ( 'NONE', #4493, #3511, #6386, .T. ) ;
#5282 = CARTESIAN_POINT ( 'NONE',  ( 9.512182027675713414, 75.46439051977472445, 17.50000000000000000 ) ) ;
#5283 = DIRECTION ( 'NONE',  ( 0.000000000000000000, 1.000000000000000000, 0.000000000000000000 ) ) ;
#5284 = ORIENTED_EDGE ( 'NONE', *, *, #858, .F. ) ;
#5285 = ADVANCED_FACE ( 'NONE', ( #946, #1442, #3177, #4786, #1410, #3682 ), #1518, .T. ) ;
#5286 = ADVANCED_FACE ( 'NONE', ( #2065 ), #4821, .T. ) ;
#5287 = COORDINATED_UNIVERSAL_TIME_OFFSET ( 8, 0, .AHEAD. ) ;
#5288 = AXIS2_PLACEMENT_3D ( 'NONE', #6607, #3847, #2073 ) ;
#5289 = EDGE_LOOP ( 'NONE', ( #6459, #5527, #1916, #2238 ) ) ;
#5290 = DIRECTION ( 'NONE',  ( -1.000000000000000000, 0.000000000000000000, 0.000000000000000000 ) ) ;
#5291 = CARTESIAN_POINT ( 'NONE',  ( -11.00000000000000355, 35.00000000000000000, 8.499999999999996447 ) ) ;
#5292 = LINE ( 'NONE', #7005, #3372 ) ;
#5293 = CIRCLE ( 'NONE', #2147, 1.000000000000000000 ) ;
#5294 = EDGE_CURVE ( 'NONE', #1138, #255, #6450, .T. ) ;
#5295 = ORIENTED_EDGE ( 'NONE', *, *, #7205, .F. ) ;
#5296 = VECTOR ( 'NONE', #704, 1000.000000000000000 ) ;
#5297 = CARTESIAN_POINT ( 'NONE',  ( -5.158788668343751382, 46.10001410347401674, -5.501203549607653898 ) ) ;
#5298 = LINE ( 'NONE', #403, #1344 ) ;
#5299 = CARTESIAN_POINT ( 'NONE',  ( 2.213020198876514577, 11.87081679884225593, -3.931873447193647397 ) ) ;
#5300 = CARTESIAN_POINT ( 'NONE',  ( -7.750000000000005329, 15.50000000000000000, -11.49999999999999822 ) ) ;
#5301 = FACE_OUTER_BOUND ( 'NONE', #1381, .T. ) ;
#5302 = ORIENTED_EDGE ( 'NONE', *, *, #4341, .F. ) ;
#5303 = EDGE_CURVE ( 'NONE', #5314, #4381, #5345, .T. ) ;
#5304 = ORIENTED_EDGE ( 'NONE', *, *, #3799, .F. ) ;
#5305 = DIRECTION ( 'NONE',  ( -1.000000000000000000, 0.000000000000000000, 0.000000000000000000 ) ) ;
#5306 = TOROIDAL_SURFACE ( 'NONE', #7049, 4.500000000000000888, 1.000000000000000000 ) ;
#5307 = ORIENTED_EDGE ( 'NONE', *, *, #1446, .F. ) ;
#5308 = DIRECTION ( 'NONE',  ( 0.000000000000000000, -1.000000000000000000, -0.000000000000000000 ) ) ;
#5309 = DIRECTION ( 'NONE',  ( -1.000000000000000000, 0.000000000000000000, 0.000000000000000000 ) ) ;
#5310 = FACE_OUTER_BOUND ( 'NONE', #4696, .T. ) ;
#5311 = DIRECTION ( 'NONE',  ( -0.000000000000000000, -1.000000000000000000, 3.154042683594192162E-16 ) ) ;
#5312 = ORIENTED_EDGE ( 'NONE', *, *, #2984, .T. ) ;
#5313 = PLANE ( 'NONE',  #4933 ) ;
#5314 = VERTEX_POINT ( 'NONE', #6531 ) ;
#5315 = VECTOR ( 'NONE', #1543, 1000.000000000000000 ) ;
#5316 = LINE ( 'NONE', #3023, #3661 ) ;
#5317 = CARTESIAN_POINT ( 'NONE',  ( -7.000000000000000888, 70.50000000000000000, 18.49999999999999645 ) ) ;
#5318 = AXIS2_PLACEMENT_3D ( 'NONE', #5372, #3148, #870 ) ;
#5319 = CARTESIAN_POINT ( 'NONE',  ( 10.99999999999998224, 74.50000000000000000, -9.349999999999996092 ) ) ;
#5320 = AXIS2_PLACEMENT_3D ( 'NONE', #4330, #1568, #5958 ) ;
#5321 = DIRECTION ( 'NONE',  ( 0.000000000000000000, 0.000000000000000000, 1.000000000000000000 ) ) ;
#5322 = ORIENTED_EDGE ( 'NONE', *, *, #6733, .F. ) ;
#5323 = DIRECTION ( 'NONE',  ( 0.000000000000000000, 0.000000000000000000, 1.000000000000000000 ) ) ;
#5324 = ORIENTED_EDGE ( 'NONE', *, *, #3597, .T. ) ;
#5325 = AXIS2_PLACEMENT_3D ( 'NONE', #7087, #7007, #2523 ) ;
#5326 = APPROVAL_ROLE ( '' ) ;
#5327 = VECTOR ( 'NONE', #5508, 1000.000000000000000 ) ;
#5328 = CIRCLE ( 'NONE', #6261, 1.100000000000001199 ) ;
#5329 = ORIENTED_EDGE ( 'NONE', *, *, #514, .F. ) ;
#5330 = ADVANCED_FACE ( 'NONE', ( #6964 ), #790, .F. ) ;
#5331 = FACE_OUTER_BOUND ( 'NONE', #4484, .T. ) ;
#5332 = EDGE_CURVE ( 'NONE', #2115, #2636, #2473, .T. ) ;
#5333 = ADVANCED_FACE ( 'NONE', ( #3616 ), #6997, .F. ) ;
#5334 = PLANE ( 'NONE',  #6609 ) ;
#5335 = LINE ( 'NONE', #3657, #4885 ) ;
#5336 = CIRCLE ( 'NONE', #4756, 2.500000000000000444 ) ;
#5337 = VECTOR ( 'NONE', #5100, 1000.000000000000114 ) ;
#5338 = EDGE_LOOP ( 'NONE', ( #1529, #1328, #1517, #6686, #52 ) ) ;
#5339 = TOROIDAL_SURFACE ( 'NONE', #3129, 25.50000000000000355, 0.5000000000000000000 ) ;
#5340 = CARTESIAN_POINT ( 'NONE',  ( 9.499999999999998224, 77.00000000000000000, 14.33012701892219276 ) ) ;
#5341 = EDGE_CURVE ( 'NONE', #6106, #208, #6486, .T. ) ;
#5342 = DIRECTION ( 'NONE',  ( 1.000000000000000000, 0.000000000000000000, -3.717264591378872697E-16 ) ) ;
#5343 = CARTESIAN_POINT ( 'NONE',  ( 7.350000000000004086, 72.00000000000000000, -4.500000000000000888 ) ) ;
#5344 = DIRECTION ( 'NONE',  ( 0.000000000000000000, 0.000000000000000000, -1.000000000000000000 ) ) ;
#5345 = CIRCLE ( 'NONE', #1371, 1.350000000000002309 ) ;
#5346 = ORIENTED_EDGE ( 'NONE', *, *, #974, .F. ) ;
#5347 = ORIENTED_EDGE ( 'NONE', *, *, #5737, .F. ) ;
#5348 = ORIENTED_EDGE ( 'NONE', *, *, #7060, .T. ) ;
#5349 = CIRCLE ( 'NONE', #6282, 3.000000000000001332 ) ;
#5350 = CARTESIAN_POINT ( 'NONE',  ( -12.00000000000000355, 66.54999999999999716, -6.949999999999999289 ) ) ;
#5351 = VERTEX_POINT ( 'NONE', #6923 ) ;
#5352 = EDGE_CURVE ( 'NONE', #401, #1530, #4163, .T. ) ;
#5353 = CARTESIAN_POINT ( 'NONE',  ( -12.00000000000000355, 71.00000000000000000, 6.999999999999997335 ) ) ;
#5354 = CARTESIAN_POINT ( 'NONE',  ( -8.500000000000003553, 60.00000000000000000, 17.49999999999999645 ) ) ;
#5355 = CARTESIAN_POINT ( 'NONE',  ( -11.00000000000000355, 63.50000000000000000, 18.49999999999999645 ) ) ;
#5356 = DIRECTION ( 'NONE',  ( 0.000000000000000000, 0.000000000000000000, 1.000000000000000000 ) ) ;
#5357 = ORIENTED_EDGE ( 'NONE', *, *, #4313, .T. ) ;
#5358 = CARTESIAN_POINT ( 'NONE',  ( 6.249999999999992895, 34.10399638286305901, -6.299999999999999822 ) ) ;
#5359 = ORIENTED_EDGE ( 'NONE', *, *, #6760, .F. ) ;
#5360 = VECTOR ( 'NONE', #3315, 1000.000000000000000 ) ;
#5361 = CARTESIAN_POINT ( 'NONE',  ( -11.50000000000000355, 61.04999999999999005, -8.699999999999997513 ) ) ;
#5362 = ADVANCED_FACE ( 'NONE', ( #1669 ), #6391, .T. ) ;
#5363 = LINE ( 'NONE', #1297, #6595 ) ;
#5364 = AXIS2_PLACEMENT_3D ( 'NONE', #5383, #2601, #4837 ) ;
#5365 = CARTESIAN_POINT ( 'NONE',  ( 16.00000000000000000, 74.50000000000000000, 18.49999999999998934 ) ) ;
#5366 = ORIENTED_EDGE ( 'NONE', *, *, #551, .F. ) ;
#5367 = CARTESIAN_POINT ( 'NONE',  ( -13.00000000000000533, 12.00000000000000000, 0.000000000000000000 ) ) ;
#5368 = ORIENTED_EDGE ( 'NONE', *, *, #2896, .T. ) ;
#5369 = DIRECTION ( 'NONE',  ( -1.000000000000000000, 0.000000000000000000, 4.336808689942017736E-16 ) ) ;
#5370 = PERSON_AND_ORGANIZATION_ROLE ( 'design_owner' ) ;
#5371 = PLANE ( 'NONE',  #734 ) ;
#5372 = CARTESIAN_POINT ( 'NONE',  ( 15.99999999999999645, 66.00000000000000000, 12.49999999999998757 ) ) ;
#5373 = ORIENTED_EDGE ( 'NONE', *, *, #1790, .T. ) ;
#5374 = CARTESIAN_POINT ( 'NONE',  ( -13.00000000000000533, 12.00000000000000000, -10.49999999999999822 ) ) ;
#5375 = CARTESIAN_POINT ( 'NONE',  ( -1.779336151708543534, 11.81477531828963201, -4.048721542341332302 ) ) ;
#5376 = B_SPLINE_CURVE_WITH_KNOTS ( 'NONE', 3,
 ( #728, #664, #2354, #4584, #4105, #1309, #5766, #1786 ),
 .UNSPECIFIED., .F., .F.,
 ( 4, 2, 2, 4 ),
 ( 0.001255901029663124193, 0.001570224885918519372, 0.001884548742173914552, 0.002513196454684706645 ),
 .UNSPECIFIED. ) ;
#5377 = ORIENTED_EDGE ( 'NONE', *, *, #1837, .F. ) ;
#5378 = CARTESIAN_POINT ( 'NONE',  ( 9.577815963916471276, 77.38675134594814153, 15.00000000000000888 ) ) ;
#5379 = DIRECTION ( 'NONE',  ( 1.000000000000000000, -0.000000000000000000, -3.717264591378872697E-16 ) ) ;
#5380 = AXIS2_PLACEMENT_3D ( 'NONE', #4695, #3716, #3055 ) ;
#5381 = EDGE_CURVE ( 'NONE', #3848, #4544, #2103, .T. ) ;
#5382 = CARTESIAN_POINT ( 'NONE',  ( 5.149999999999998579, 36.50000000000000711, -6.299999999999999822 ) ) ;
#5383 = CARTESIAN_POINT ( 'NONE',  ( 8.324999999999997513, 14.30199819143152595, -6.299999999999999822 ) ) ;
#5384 = ORIENTED_EDGE ( 'NONE', *, *, #3784, .F. ) ;
#5385 = EDGE_CURVE ( 'NONE', #2186, #484, #1055, .T. ) ;
#5386 = EDGE_CURVE ( 'NONE', #256, #4838, #3843, .T. ) ;
#5387 = CARTESIAN_POINT ( 'NONE',  ( -7.000000000000003553, 59.00000000000000000, 10.49999999999999822 ) ) ;
#5388 = ORIENTED_EDGE ( 'NONE', *, *, #5256, .F. ) ;
#5389 = CARTESIAN_POINT ( 'NONE',  ( 15.99999999999999645, 60.00000000000000000, 11.49999999999998579 ) ) ;
#5390 = FACE_OUTER_BOUND ( 'NONE', #1637, .T. ) ;
#5391 = LINE ( 'NONE', #7099, #6496 ) ;
#5392 = LINE ( 'NONE', #380, #2081 ) ;
#5393 = CARTESIAN_POINT ( 'NONE',  ( 16.00000000000000000, 78.00000000000000000, -4.500000000000003553 ) ) ;
#5394 = EDGE_LOOP ( 'NONE', ( #6202, #4113, #869, #2097 ) ) ;
#5395 = EDGE_CURVE ( 'NONE', #5437, #3749, #6092, .T. ) ;
#5396 = ORIENTED_EDGE ( 'NONE', *, *, #7137, .F. ) ;
#5397 = DIRECTION ( 'NONE',  ( -1.000000000000000000, 0.000000000000000000, 0.000000000000000000 ) ) ;
#5398 = DIRECTION ( 'NONE',  ( -1.000000000000000000, -0.000000000000000000, -0.000000000000000000 ) ) ;
#5399 = DIRECTION ( 'NONE',  ( 0.000000000000000000, 1.000000000000000000, -0.000000000000000000 ) ) ;
#5400 = DIRECTION ( 'NONE',  ( 0.000000000000000000, 0.000000000000000000, 1.000000000000000000 ) ) ;
#5401 = ORIENTED_EDGE ( 'NONE', *, *, #6937, .F. ) ;
#5402 = CARTESIAN_POINT ( 'NONE',  ( 9.799999999999998934, 72.00000000000000000, -4.500000000000003553 ) ) ;
#5403 = ORIENTED_EDGE ( 'NONE', *, *, #2079, .T. ) ;
#5404 = ORIENTED_EDGE ( 'NONE', *, *, #3881, .T. ) ;
#5405 = EDGE_CURVE ( 'NONE', #4976, #5487, #4101, .T. ) ;
#5406 = DIRECTION ( 'NONE',  ( 1.000000000000000000, 0.000000000000000000, -0.000000000000000000 ) ) ;
#5407 = FACE_OUTER_BOUND ( 'NONE', #1937, .T. ) ;
#5408 = CARTESIAN_POINT ( 'NONE',  ( 1.856568068545098926, 12.10863922571079598, -4.500000000000000000 ) ) ;
#5409 = CARTESIAN_POINT ( 'NONE',  ( 16.00000000000000000, 78.00000000000000000, -5.500000000000004441 ) ) ;
#5410 = ORIENTED_EDGE ( 'NONE', *, *, #7120, .F. ) ;
#5411 = CARTESIAN_POINT ( 'NONE',  ( 6.249999999999997335, 13.10399638286305368, -6.299999999999999822 ) ) ;
#5412 = CIRCLE ( 'NONE', #3201, 1.000000000000000000 ) ;
#5413 = DIRECTION ( 'NONE',  ( 1.000000000000000000, 0.000000000000000000, 0.000000000000000000 ) ) ;
#5414 = CARTESIAN_POINT ( 'NONE',  ( -9.000000000000000000, -0.0009999999999992653654, 3.000000000000001332 ) ) ;
#5415 = FACE_OUTER_BOUND ( 'NONE', #2769, .T. ) ;
#5416 = ORIENTED_EDGE ( 'NONE', *, *, #2843, .F. ) ;
#5417 = CIRCLE ( 'NONE', #2862, 1.000000000000000000 ) ;
#5418 = DIRECTION ( 'NONE',  ( -1.000000000000000000, 0.000000000000000000, 0.000000000000000000 ) ) ;
#5419 = VERTEX_POINT ( 'NONE', #4459 ) ;
#5420 = CARTESIAN_POINT ( 'NONE',  ( -11.00000000000000355, 35.00000000000000000, 8.499999999999996447 ) ) ;
#5421 = CARTESIAN_POINT ( 'NONE',  ( -6.000000000000003553, 69.38341924626902824, 9.800000000000004263 ) ) ;
#5422 = ORIENTED_EDGE ( 'NONE', *, *, #4358, .F. ) ;
#5423 = AXIS2_PLACEMENT_3D ( 'NONE', #4021, #3992, #6176 ) ;
#5424 = EDGE_CURVE ( 'NONE', #1564, #2792, #207, .T. ) ;
#5425 = CARTESIAN_POINT ( 'NONE',  ( -6.435483870967741105, 42.26661372115868431, -3.499999999999998224 ) ) ;
#5426 = EDGE_CURVE ( 'NONE', #6671, #5648, #575, .T. ) ;
#5427 = FACE_OUTER_BOUND ( 'NONE', #5338, .T. ) ;
#5428 = LINE ( 'NONE', #4450, #1463 ) ;
#5429 = ORIENTED_EDGE ( 'NONE', *, *, #5864, .T. ) ;
#5430 = ORIENTED_EDGE ( 'NONE', *, *, #5576, .T. ) ;
#5431 = AXIS2_PLACEMENT_3D ( 'NONE', #4309, #1053, #2139 ) ;
#5432 = DIRECTION ( 'NONE',  ( 0.000000000000000000, 0.000000000000000000, -1.000000000000000000 ) ) ;
#5433 = CARTESIAN_POINT ( 'NONE',  ( 8.324999999999990408, 35.30199819143152951, -4.500000000000000888 ) ) ;
#5434 = DIRECTION ( 'NONE',  ( 0.000000000000000000, 0.000000000000000000, 1.000000000000000000 ) ) ;
#5435 = ADVANCED_FACE ( 'NONE', ( #4897 ), #3800, .T. ) ;
#5436 = DIRECTION ( 'NONE',  ( 1.000000000000000000, 0.000000000000000000, -2.168404344971008868E-16 ) ) ;
#5437 = VERTEX_POINT ( 'NONE', #2226 ) ;
#5438 = AXIS2_PLACEMENT_3D ( 'NONE', #1634, #499, #7027 ) ;
#5439 = DIRECTION ( 'NONE',  ( 0.000000000000000000, 0.000000000000000000, -1.000000000000000000 ) ) ;
#5440 = ORIENTED_EDGE ( 'NONE', *, *, #3783, .F. ) ;
#5441 = CIRCLE ( 'NONE', #1921, 25.00000000000000000 ) ;
#5442 = ORIENTED_EDGE ( 'NONE', *, *, #4750, .F. ) ;
#5443 = CIRCLE ( 'NONE', #3230, 1.000000000000000000 ) ;
#5444 = DIRECTION ( 'NONE',  ( 0.000000000000000000, 1.000000000000000000, 0.000000000000000000 ) ) ;
#5445 = CARTESIAN_POINT ( 'NONE',  ( -2.250000000000001332, 17.00000000000000000, -8.500000000000000000 ) ) ;
#5446 = CARTESIAN_POINT ( 'NONE',  ( -5.250000000000001776, 44.00000000000000000, 8.499999999999996447 ) ) ;
#5447 = EDGE_CURVE ( 'NONE', #2070, #2237, #2257, .T. ) ;
#5448 = CARTESIAN_POINT ( 'NONE',  ( 1.620760135299430083, 11.80619341945317480, -4.086104753836221626 ) ) ;
#5449 = CIRCLE ( 'NONE', #3940, 1.000000000000000888 ) ;
#5450 = VECTOR ( 'NONE', #1910, 1000.000000000000000 ) ;
#5451 = AXIS2_PLACEMENT_3D ( 'NONE', #5165, #2382, #4611 ) ;
#5452 = VERTEX_POINT ( 'NONE', #7180 ) ;
#5453 = AXIS2_PLACEMENT_3D ( 'NONE', #4043, #5111, #5644 ) ;
#5454 = CARTESIAN_POINT ( 'NONE',  ( 9.499999999999994671, 77.13324596386790688, 14.56091579824490623 ) ) ;
#5455 = AXIS2_PLACEMENT_3D ( 'NONE', #7004, #4322, #3184 ) ;
#5456 = DIRECTION ( 'NONE',  ( 1.000000000000000000, 0.000000000000000000, -2.409338161078897701E-16 ) ) ;
#5457 = CARTESIAN_POINT ( 'NONE',  ( 10.49999999999999822, 70.50000000000000000, 12.49999999999998757 ) ) ;
#5458 = CARTESIAN_POINT ( 'NONE',  ( 9.499999999999998224, 77.00000000000000000, 12.49999999999998934 ) ) ;
#5459 = ORIENTED_EDGE ( 'NONE', *, *, #1057, .T. ) ;
#5460 = ORIENTED_EDGE ( 'NONE', *, *, #7205, .T. ) ;
#5461 = ORIENTED_EDGE ( 'NONE', *, *, #6395, .F. ) ;
#5462 = DIRECTION ( 'NONE',  ( 1.000000000000000000, -0.000000000000000000, 0.000000000000000000 ) ) ;
#5463 = VERTEX_POINT ( 'NONE', #3287 ) ;
#5464 = DIRECTION ( 'NONE',  ( -1.000000000000000000, -0.000000000000000000, -0.000000000000000000 ) ) ;
#5465 = CARTESIAN_POINT ( 'NONE',  ( -6.435483870967748210, 42.26661372115869142, -3.672352991352365148 ) ) ;
#5466 = LINE ( 'NONE', #461, #3383 ) ;
#5467 = CARTESIAN_POINT ( 'NONE',  ( 3.061616997868383043E-15, 0.5000000000000004441, -25.00000000000000000 ) ) ;
#5468 = CIRCLE ( 'NONE', #3261, 2.500000000000000444 ) ;
#5469 = EDGE_CURVE ( 'NONE', #2126, #890, #5699, .T. ) ;
#5470 = CARTESIAN_POINT ( 'NONE',  ( 9.499999999999998224, 74.50000000000000000, 17.50000000000000000 ) ) ;
#5471 = CARTESIAN_POINT ( 'NONE',  ( -26.00100000000001188, 74.50000000000000000, 13.65000000000000213 ) ) ;
#5472 = FACE_OUTER_BOUND ( 'NONE', #1880, .T. ) ;
#5473 = DIRECTION ( 'NONE',  ( 0.000000000000000000, 0.000000000000000000, 1.000000000000000000 ) ) ;
#5474 = ORIENTED_EDGE ( 'NONE', *, *, #3618, .F. ) ;
#5475 = PLANE ( 'NONE',  #3516 ) ;
#5476 = ORIENTED_EDGE ( 'NONE', *, *, #5863, .F. ) ;
#5477 = ADVANCED_FACE ( 'NONE', ( #7143 ), #3253, .F. ) ;
#5478 = EDGE_CURVE ( 'NONE', #1206, #7011, #7222, .T. ) ;
#5479 = AXIS2_PLACEMENT_3D ( 'NONE', #4182, #1889, #5850 ) ;
#5480 = ORIENTED_EDGE ( 'NONE', *, *, #6454, .F. ) ;
#5481 = ORIENTED_EDGE ( 'NONE', *, *, #4131, .F. ) ;
#5482 = LINE ( 'NONE', #440, #1907 ) ;
#5483 = LINE ( 'NONE', #1130, #6837 ) ;
#5484 = DIRECTION ( 'NONE',  ( 0.000000000000000000, 0.000000000000000000, -1.000000000000000000 ) ) ;
#5485 = DIRECTION ( 'NONE',  ( 0.000000000000000000, 1.000000000000000000, 0.000000000000000000 ) ) ;
#5486 = CIRCLE ( 'NONE', #1849, 4.000000000000000000 ) ;
#5487 = VERTEX_POINT ( 'NONE', #2700 ) ;
#5488 = ORIENTED_EDGE ( 'NONE', *, *, #5566, .T. ) ;
#5489 = ORIENTED_EDGE ( 'NONE', *, *, #918, .F. ) ;
#5490 = EDGE_CURVE ( 'NONE', #1891, #5025, #6601, .T. ) ;
#5491 = CARTESIAN_POINT ( 'NONE',  ( 0.000000000000000000, 13.00000000000000178, -0.5000000000000022204 ) ) ;
#5492 = CARTESIAN_POINT ( 'NONE',  ( 11.50000000000000000, 10.20000000000000107, -14.50000000000000000 ) ) ;
#5493 = DIRECTION ( 'NONE',  ( 0.000000000000000000, 0.000000000000000000, 1.000000000000000000 ) ) ;
#5494 = ORIENTED_EDGE ( 'NONE', *, *, #3598, .T. ) ;
#5495 = ORIENTED_EDGE ( 'NONE', *, *, #3572, .F. ) ;
#5496 = EDGE_CURVE ( 'NONE', #1597, #4493, #5511, .T. ) ;
#5497 = CARTESIAN_POINT ( 'NONE',  ( 12.00000000000000000, 16.49999999999999289, -10.88675134594812555 ) ) ;
#5498 = VERTEX_POINT ( 'NONE', #4419 ) ;
#5499 = CARTESIAN_POINT ( 'NONE',  ( -7.000000000000001776, 77.00000000000000000, 14.99999999999999645 ) ) ;
#5500 = ORIENTED_EDGE ( 'NONE', *, *, #6630, .T. ) ;
#5501 = FACE_OUTER_BOUND ( 'NONE', #4729, .T. ) ;
#5502 = DIRECTION ( 'NONE',  ( 0.000000000000000000, 0.000000000000000000, -1.000000000000000000 ) ) ;
#5503 = DIRECTION ( 'NONE',  ( 0.000000000000000000, 1.000000000000000000, 0.000000000000000000 ) ) ;
#5504 = ORIENTED_EDGE ( 'NONE', *, *, #562, .T. ) ;
#5505 = CIRCLE ( 'NONE', #2352, 2.500000000000000444 ) ;
#5506 = DIRECTION ( 'NONE',  ( 1.000000000000000000, 0.000000000000000000, -2.409338161078897701E-16 ) ) ;
#5507 = DIRECTION ( 'NONE',  ( 0.000000000000000000, -1.000000000000000000, 3.154042683594192162E-16 ) ) ;
#5508 = DIRECTION ( 'NONE',  ( 1.000000000000000000, -0.000000000000000000, -0.000000000000000000 ) ) ;
#5509 = ORIENTED_EDGE ( 'NONE', *, *, #1488, .T. ) ;
#5510 = EDGE_CURVE ( 'NONE', #3463, #4168, #6640, .T. ) ;
#5511 = LINE ( 'NONE', #501, #1158 ) ;
#5512 = ORIENTED_EDGE ( 'NONE', *, *, #750, .F. ) ;
#5513 = CARTESIAN_POINT ( 'NONE',  ( -12.00000000000000355, 61.17066653362488182, 8.801048428422848957 ) ) ;
#5514 = ORIENTED_EDGE ( 'NONE', *, *, #5965, .T. ) ;
#5515 = CARTESIAN_POINT ( 'NONE',  ( -5.668231351895369308, 46.13029084901606325, -4.282825720672274628 ) ) ;
#5516 = FACE_OUTER_BOUND ( 'NONE', #1648, .T. ) ;
#5517 = DIRECTION ( 'NONE',  ( -1.000000000000000000, -0.000000000000000000, -0.000000000000000000 ) ) ;
#5518 = LINE ( 'NONE', #3331, #6629 ) ;
#5519 = ADVANCED_FACE ( 'NONE', ( #5720 ), #2920, .F. ) ;
#5520 = ADVANCED_FACE ( 'NONE', ( #640, #2979 ), #5206, .T. ) ;
#5521 = ORIENTED_EDGE ( 'NONE', *, *, #2746, .F. ) ;
#5522 = VERTEX_POINT ( 'NONE', #5749 ) ;
#5523 = CARTESIAN_POINT ( 'NONE',  ( 6.249999999999992895, 38.89600361713693388, -4.500000000000000888 ) ) ;
#5524 = DIRECTION ( 'NONE',  ( -2.220446049250313081E-16, -0.000000000000000000, -1.000000000000000000 ) ) ;
#5525 = DIRECTION ( 'NONE',  ( 0.000000000000000000, 1.000000000000000000, 0.000000000000000000 ) ) ;
#5526 = ADVANCED_FACE ( 'NONE', ( #2950, #5174 ), #6782, .F. ) ;
#5527 = ORIENTED_EDGE ( 'NONE', *, *, #3317, .F. ) ;
#5528 = ORIENTED_EDGE ( 'NONE', *, *, #784, .T. ) ;
#5529 = ORIENTED_EDGE ( 'NONE', *, *, #2747, .T. ) ;
#5530 = CARTESIAN_POINT ( 'NONE',  ( -11.00000000000000355, 12.99999999999999822, -11.49999999999999822 ) ) ;
#5531 = EDGE_LOOP ( 'NONE', ( #2922, #5985, #5774, #1657, #6430 ) ) ;
#5532 = DIRECTION ( 'NONE',  ( -1.000000000000000000, 0.000000000000000000, 0.000000000000000000 ) ) ;
#5533 = CARTESIAN_POINT ( 'NONE',  ( -6.000000000000003553, 72.61658075373094334, 9.800000000000004263 ) ) ;
#5534 = CARTESIAN_POINT ( 'NONE',  ( 9.799999999999998934, 0.000000000000000000, 0.000000000000000000 ) ) ;
#5535 = ADVANCED_FACE ( 'NONE', ( #744 ), #6233, .F. ) ;
#5536 = VECTOR ( 'NONE', #1437, 1000.000000000000000 ) ;
#5537 = DIRECTION ( 'NONE',  ( 0.000000000000000000, 0.000000000000000000, -1.000000000000000000 ) ) ;
#5538 = FACE_OUTER_BOUND ( 'NONE', #6616, .T. ) ;
#5539 = AXIS2_PLACEMENT_3D ( 'NONE', #842, #1359, #3523 ) ;
#5540 = CARTESIAN_POINT ( 'NONE',  ( -8.400000000000002132, 69.38341924626902824, 9.800000000000006040 ) ) ;
#5541 = CARTESIAN_POINT ( 'NONE',  ( 11.50000000000000000, 9.000000000000001776, 14.50000000000000000 ) ) ;
#5542 = CARTESIAN_POINT ( 'NONE',  ( -11.91651513899116921, 40.99999999999999289, -10.90000000000000391 ) ) ;
#5543 = CARTESIAN_POINT ( 'NONE',  ( -12.00000000000000355, 63.50000000000000000, 9.499999999999998224 ) ) ;
#5544 = AXIS2_PLACEMENT_3D ( 'NONE', #3866, #1076, #3309 ) ;
#5545 = DIRECTION ( 'NONE',  ( 0.000000000000000000, 0.000000000000000000, 1.000000000000000000 ) ) ;
#5546 = CARTESIAN_POINT ( 'NONE',  ( -6.435483870967748210, 45.73338627884130858, -3.499999999999998224 ) ) ;
#5547 = CARTESIAN_POINT ( 'NONE',  ( 1.743559577416267992, 11.00000000000000000, -3.600000000000001421 ) ) ;
#5548 = LINE ( 'NONE', #5591, #2655 ) ;
#5549 = FACE_OUTER_BOUND ( 'NONE', #3905, .T. ) ;
#5550 = ORIENTED_EDGE ( 'NONE', *, *, #2884, .F. ) ;
#5551 = ORIENTED_EDGE ( 'NONE', *, *, #819, .F. ) ;
#5552 = CIRCLE ( 'NONE', #7202, 1.500000000000001332 ) ;
#5553 = CIRCLE ( 'NONE', #2402, 2.500000000000000444 ) ;
#5554 = ORIENTED_EDGE ( 'NONE', *, *, #7059, .F. ) ;
#5555 = ORIENTED_EDGE ( 'NONE', *, *, #5965, .F. ) ;
#5556 = EDGE_CURVE ( 'NONE', #256, #2126, #1615, .T. ) ;
#5557 = EDGE_CURVE ( 'NONE', #1300, #4468, #6516, .T. ) ;
#5558 = DIRECTION ( 'NONE',  ( 1.000000000000000000, -0.000000000000000000, -3.717264591378872204E-16 ) ) ;
#5559 = CIRCLE ( 'NONE', #6482, 26.00000000000000355 ) ;
#5560 = DIRECTION ( 'NONE',  ( 0.000000000000000000, 0.000000000000000000, 1.000000000000000000 ) ) ;
#5561 = PLANE ( 'NONE',  #3838 ) ;
#5562 = AXIS2_PLACEMENT_3D ( 'NONE', #4063, #6283, #68 ) ;
#5563 = VECTOR ( 'NONE', #1281, 1000.000000000000000 ) ;
#5564 = DIRECTION ( 'NONE',  ( 1.000000000000000000, 0.000000000000000000, 0.000000000000000000 ) ) ;
#5565 = ORIENTED_EDGE ( 'NONE', *, *, #5821, .F. ) ;
#5566 = EDGE_CURVE ( 'NONE', #2542, #163, #3022, .T. ) ;
#5567 = ORIENTED_EDGE ( 'NONE', *, *, #6356, .F. ) ;
#5568 = DIRECTION ( 'NONE',  ( -0.000000000000000000, 1.000000000000000000, -0.000000000000000000 ) ) ;
#5569 = ORIENTED_EDGE ( 'NONE', *, *, #1672, .F. ) ;
#5570 = CARTESIAN_POINT ( 'NONE',  ( 0.7877542767834024851, 11.53619169925175214, -3.924793873955074286 ) ) ;
#5571 = FACE_OUTER_BOUND ( 'NONE', #3677, .T. ) ;
#5572 = CARTESIAN_POINT ( 'NONE',  ( 6.249999999999997335, 15.50000000000000000, -6.299999999999999822 ) ) ;
#5573 = CIRCLE ( 'NONE', #3688, 1.000000000000000888 ) ;
#5574 = DIRECTION ( 'NONE',  ( -1.000000000000000000, 0.000000000000000000, 0.000000000000000000 ) ) ;
#5575 = ORIENTED_EDGE ( 'NONE', *, *, #5496, .T. ) ;
#5576 = EDGE_CURVE ( 'NONE', #2792, #6804, #4592, .T. ) ;
#5577 = VECTOR ( 'NONE', #3588, 1000.000000000000000 ) ;
#5578 = CARTESIAN_POINT ( 'NONE',  ( 15.99999999999998579, 16.49999999999999289, -8.000000000000008882 ) ) ;
#5579 = DIRECTION ( 'NONE',  ( 0.000000000000000000, 0.000000000000000000, -1.000000000000000000 ) ) ;
#5580 = LINE ( 'NONE', #6091, #4051 ) ;
#5581 = ORIENTED_EDGE ( 'NONE', *, *, #2670, .F. ) ;
#5582 = DIRECTION ( 'NONE',  ( 0.000000000000000000, 1.000000000000000000, 0.000000000000000000 ) ) ;
#5583 = LINE ( 'NONE', #611, #597 ) ;
#5584 = VECTOR ( 'NONE', #3958, 1000.000000000000000 ) ;
#5585 = EDGE_CURVE ( 'NONE', #197, #856, #5114, .T. ) ;
#5586 = FACE_OUTER_BOUND ( 'NONE', #1211, .T. ) ;
#5587 = ORIENTED_EDGE ( 'NONE', *, *, #4780, .F. ) ;
#5588 = CARTESIAN_POINT ( 'NONE',  ( 11.50000000000000000, 9.000000000000001776, 14.50000000000000000 ) ) ;
#5589 = TOROIDAL_SURFACE ( 'NONE', #5812, 2.500000000000000000, 1.000000000000000000 ) ;
#5590 = FACE_OUTER_BOUND ( 'NONE', #1599, .T. ) ;
#5591 = CARTESIAN_POINT ( 'NONE',  ( 12.00000000000000000, 18.99999999999998934, -4.499999999999999112 ) ) ;
#5592 = DIRECTION ( 'NONE',  ( 0.000000000000000000, 0.000000000000000000, -1.000000000000000000 ) ) ;
#5593 = CIRCLE ( 'NONE', #6065, 2.500000000000002220 ) ;
#5594 = ORIENTED_EDGE ( 'NONE', *, *, #474, .T. ) ;
#5595 = ORIENTED_EDGE ( 'NONE', *, *, #2993, .T. ) ;
#5596 = EDGE_LOOP ( 'NONE', ( #7006, #2219 ) ) ;
#5597 = LINE ( 'NONE', #512, #3817 ) ;
#5598 = ORIENTED_EDGE ( 'NONE', *, *, #427, .T. ) ;
#5599 = CARTESIAN_POINT ( 'NONE',  ( -4.750000000000002665, 15.50000000000000000, -8.499999999999996447 ) ) ;
#5600 = FACE_OUTER_BOUND ( 'NONE', #1665, .T. ) ;
#5601 = VECTOR ( 'NONE', #3440, 1000.000000000000000 ) ;
#5602 = LINE ( 'NONE', #4001, #2220 ) ;
#5603 = ADVANCED_FACE ( 'NONE', ( #4536 ), #1800, .F. ) ;
#5604 = EDGE_LOOP ( 'NONE', ( #5514, #3821, #2773, #11 ) ) ;
#5605 = CARTESIAN_POINT ( 'NONE',  ( -8.400000000000002132, 69.38341924626902824, 9.800000000000006040 ) ) ;
#5606 = ORIENTED_EDGE ( 'NONE', *, *, #3423, .T. ) ;
#5607 = CARTESIAN_POINT ( 'NONE',  ( 1.467522024652432755, 11.01005493166505111, -3.724091987754464927 ) ) ;
#5608 = ORIENTED_EDGE ( 'NONE', *, *, #6975, .F. ) ;
#5609 = DIRECTION ( 'NONE',  ( -1.000000000000000000, 0.000000000000000000, 0.000000000000000000 ) ) ;
#5610 = DIRECTION ( 'NONE',  ( -1.000000000000000000, -0.000000000000000000, -0.000000000000000000 ) ) ;
#5611 = EDGE_CURVE ( 'NONE', #67, #4921, #5145, .T. ) ;
#5612 = ADVANCED_FACE ( 'NONE', ( #4045 ), #1260, .F. ) ;
#5613 = ORIENTED_EDGE ( 'NONE', *, *, #5921, .F. ) ;
#5614 = ORIENTED_EDGE ( 'NONE', *, *, #4904, .F. ) ;
#5615 = DIRECTION ( 'NONE',  ( -0.000000000000000000, 0.000000000000000000, 1.000000000000000000 ) ) ;
#5616 = DIRECTION ( 'NONE',  ( 0.000000000000000000, 0.000000000000000000, 1.000000000000000000 ) ) ;
#5617 = CIRCLE ( 'NONE', #6199, 1.000000000000000000 ) ;
#5618 = CARTESIAN_POINT ( 'NONE',  ( 14.00000000000001066, 71.50000000000000000, 26.00100000000000477 ) ) ;
#5619 = DIRECTION ( 'NONE',  ( -0.000000000000000000, -1.000000000000000000, -0.000000000000000000 ) ) ;
#5620 = EDGE_CURVE ( 'NONE', #6654, #2559, #5349, .T. ) ;
#5621 = FACE_BOUND ( 'NONE', #798, .T. ) ;
#5622 = CARTESIAN_POINT ( 'NONE',  ( -11.00000000000000355, 77.00000000000000000, -7.999999999999998224 ) ) ;
#5623 = CARTESIAN_POINT ( 'NONE',  ( 9.500000000005131895, 76.78601916516468862, 16.04049865885855652 ) ) ;
#5624 = FACE_OUTER_BOUND ( 'NONE', #5031, .T. ) ;
#5625 = DIRECTION ( 'NONE',  ( -1.000000000000000000, -0.000000000000000000, 2.409338161078897701E-16 ) ) ;
#5626 = EDGE_CURVE ( 'NONE', #2248, #3599, #1836, .T. ) ;
#5627 = VERTEX_POINT ( 'NONE', #5686 ) ;
#5628 = DIRECTION ( 'NONE',  ( 0.000000000000000000, -1.000000000000000000, 0.000000000000000000 ) ) ;
#5629 = DIRECTION ( 'NONE',  ( -1.000000000000000000, 0.000000000000000000, 0.000000000000000000 ) ) ;
#5630 = LINE ( 'NONE', #1103, #2536 ) ;
#5631 = CYLINDRICAL_SURFACE ( 'NONE', #6529, 0.9999999999999991118 ) ;
#5632 = DIRECTION ( 'NONE',  ( 1.000000000000000000, -0.000000000000000000, -2.168404344971008868E-16 ) ) ;
#5633 = ORIENTED_EDGE ( 'NONE', *, *, #2913, .T. ) ;
#5634 = CARTESIAN_POINT ( 'NONE',  ( 15.99999999999998934, 74.50000000000000000, -6.650000000000002132 ) ) ;
#5635 = DIRECTION ( 'NONE',  ( -0.000000000000000000, 1.000000000000000000, -0.000000000000000000 ) ) ;
#5636 = CARTESIAN_POINT ( 'NONE',  ( 15.99999999999999645, 78.00000000000000000, 12.49999999999998757 ) ) ;
#5637 = ORIENTED_EDGE ( 'NONE', *, *, #4715, .T. ) ;
#5638 = ORIENTED_EDGE ( 'NONE', *, *, #2428, .F. ) ;
#5639 = ORIENTED_EDGE ( 'NONE', *, *, #6657, .F. ) ;
#5640 = CARTESIAN_POINT ( 'NONE',  ( 10.99999999999998579, 74.50000000000000000, -7.999999999999992895 ) ) ;
#5641 = EDGE_CURVE ( 'NONE', #6474, #1793, #5931, .T. ) ;
#5642 = ADVANCED_FACE ( 'NONE', ( #3529 ), #3715, .F. ) ;
#5643 = DIRECTION ( 'NONE',  ( 0.000000000000000000, 0.8660254037844370423, -0.5000000000000029976 ) ) ;
#5644 = DIRECTION ( 'NONE',  ( 1.000000000000000000, 0.000000000000000000, 0.000000000000000000 ) ) ;
#5645 = AXIS2_PLACEMENT_3D ( 'NONE', #199, #6885, #6852 ) ;
#5646 = DIRECTION ( 'NONE',  ( -1.000000000000000000, 0.000000000000000000, 0.000000000000000000 ) ) ;
#5647 = CARTESIAN_POINT ( 'NONE',  ( -6.999999999999997335, 41.44119168361520167, 26.00100000000000477 ) ) ;
#5648 = VERTEX_POINT ( 'NONE', #5783 ) ;
#5649 = AXIS2_PLACEMENT_3D ( 'NONE', #3237, #5462, #6517 ) ;
#5650 = FACE_OUTER_BOUND ( 'NONE', #4010, .T. ) ;
#5651 = EDGE_CURVE ( 'NONE', #5933, #1020, #1325, .T. ) ;
#5652 = CYLINDRICAL_SURFACE ( 'NONE', #5083, 3.500000000000000000 ) ;
#5653 = CARTESIAN_POINT ( 'NONE',  ( -7.000000000000007994, 13.00000000000000178, -1.500000000000002220 ) ) ;
#5654 = FACE_BOUND ( 'NONE', #5973, .T. ) ;
#5655 = VECTOR ( 'NONE', #5632, 1000.000000000000000 ) ;
#5656 = ORIENTED_EDGE ( 'NONE', *, *, #6146, .F. ) ;
#5657 = EDGE_CURVE ( 'NONE', #4397, #2991, #6990, .T. ) ;
#5658 = ORIENTED_EDGE ( 'NONE', *, *, #6132, .T. ) ;
#5659 = VECTOR ( 'NONE', #3319, 1000.000000000000000 ) ;
#5660 = ORIENTED_EDGE ( 'NONE', *, *, #6247, .T. ) ;
#5661 = ADVANCED_FACE ( 'NONE', ( #1401 ), #5937, .F. ) ;
#5662 = CARTESIAN_POINT ( 'NONE',  ( 9.499999999999998224, 73.05662432702591502, 17.50000000000000000 ) ) ;
#5663 = VERTEX_POINT ( 'NONE', #4228 ) ;
#5664 = CARTESIAN_POINT ( 'NONE',  ( 11.50000000000000000, 10.20000000000000107, 14.50000000000000000 ) ) ;
#5665 = DIRECTION ( 'NONE',  ( 1.000000000000000000, -0.000000000000000000, 0.000000000000000000 ) ) ;
#5666 = B_SPLINE_CURVE_WITH_KNOTS ( 'NONE', 3,
 ( #290, #2528, #4250, #3595, #1315, #4766 ),
 .UNSPECIFIED., .F., .F.,
 ( 4, 2, 4 ),
 ( 8.673617379884035472E-19, 0.0005151138834467748140, 0.001030227766893548761 ),
 .UNSPECIFIED. ) ;
#5667 = DIRECTION ( 'NONE',  ( -0.000000000000000000, -1.000000000000000000, -0.000000000000000000 ) ) ;
#5668 = CIRCLE ( 'NONE', #173, 1.099999999999997646 ) ;
#5669 = EDGE_LOOP ( 'NONE', ( #311, #6036, #5262, #3275 ) ) ;
#5670 = ORIENTED_EDGE ( 'NONE', *, *, #4195, .F. ) ;
#5671 = CARTESIAN_POINT ( 'NONE',  ( 12.00000000000000000, 77.00000000000000000, -9.443375672974058332 ) ) ;
#5672 = VECTOR ( 'NONE', #4064, 1000.000000000000000 ) ;
#5673 = ORIENTED_EDGE ( 'NONE', *, *, #7066, .F. ) ;
#5674 = CARTESIAN_POINT ( 'NONE',  ( -1.700062330680780276, 11.87707403682180640, -4.172238767384822467 ) ) ;
#5675 = FACE_OUTER_BOUND ( 'NONE', #4414, .T. ) ;
#5676 = DIRECTION ( 'NONE',  ( 0.000000000000000000, 0.000000000000000000, 1.000000000000000000 ) ) ;
#5677 = LOCAL_TIME ( 0, 6, 19.00000000000000000, #1378 ) ;
#5678 = AXIS2_PLACEMENT_3D ( 'NONE', #4281, #6499, #4868 ) ;
#5679 = ORIENTED_EDGE ( 'NONE', *, *, #6493, .F. ) ;
#5680 = DIRECTION ( 'NONE',  ( 0.000000000000000000, 1.000000000000000000, 0.000000000000000000 ) ) ;
#5681 = CYLINDRICAL_SURFACE ( 'NONE', #3810, 3.500000000000000000 ) ;
#5682 = AXIS2_PLACEMENT_3D ( 'NONE', #4568, #123, #2365 ) ;
#5683 = CARTESIAN_POINT ( 'NONE',  ( 11.50000000000000000, 12.00000000000000000, -16.10000000000000142 ) ) ;
#5684 = VERTEX_POINT ( 'NONE', #6473 ) ;
#5685 = CIRCLE ( 'NONE', #1248, 1.000000000000000000 ) ;
#5686 = CARTESIAN_POINT ( 'NONE',  ( -9.000000000000000000, 11.19999999999999929, -3.000000000000001332 ) ) ;
#5687 = CARTESIAN_POINT ( 'NONE',  ( -12.00000000000000355, 63.50000000000000000, 10.49999999999999822 ) ) ;
#5688 = ORIENTED_EDGE ( 'NONE', *, *, #2725, .F. ) ;
#5689 = ORIENTED_EDGE ( 'NONE', *, *, #6759, .T. ) ;
#5690 = ADVANCED_FACE ( 'NONE', ( #2499 ), #3726, .T. ) ;
#5691 = VECTOR ( 'NONE', #6690, 1000.000000000000114 ) ;
#5692 = CARTESIAN_POINT ( 'NONE',  ( -11.50000000000000355, 66.54999999999999716, -7.450000000000000178 ) ) ;
#5693 = DIRECTION ( 'NONE',  ( 0.000000000000000000, -1.000000000000000000, -0.000000000000000000 ) ) ;
#5694 = CYLINDRICAL_SURFACE ( 'NONE', #4527, 1.000000000000000888 ) ;
#5695 = CARTESIAN_POINT ( 'NONE',  ( -2.184090476120127633, 12.14040615476686646, -4.500000000000425437 ) ) ;
#5696 = CIRCLE ( 'NONE', #1154, 1.000000000000000888 ) ;
#5697 = ADVANCED_FACE ( 'NONE', ( #1982 ), #6952, .F. ) ;
#5698 = EDGE_CURVE ( 'NONE', #1681, #1564, #5392, .T. ) ;
#5699 = CIRCLE ( 'NONE', #1263, 1.749999999999998002 ) ;
#5700 = CARTESIAN_POINT ( 'NONE',  ( 1.695127366932482227, 12.66295883856619575, -4.500000000000000888 ) ) ;
#5701 = DIRECTION ( 'NONE',  ( 0.000000000000000000, -0.000000000000000000, 1.000000000000000000 ) ) ;
#5702 = CARTESIAN_POINT ( 'NONE',  ( 0.000000000000000000, 0.5000000000000004441, 0.000000000000000000 ) ) ;
#5703 = CARTESIAN_POINT ( 'NONE',  ( -1.468739507564176261, 10.99999999999993960, -3.733101434682452702 ) ) ;
#5704 = AXIS2_PLACEMENT_3D ( 'NONE', #2653, #4408, #4965 ) ;
#5705 = ORIENTED_EDGE ( 'NONE', *, *, #1059, .F. ) ;
#5706 = ADVANCED_FACE ( 'NONE', ( #4117 ), #5589, .T. ) ;
#5707 = AXIS2_PLACEMENT_3D ( 'NONE', #172, #5982, #4066 ) ;
#5708 = FACE_OUTER_BOUND ( 'NONE', #1490, .T. ) ;
#5709 = ORIENTED_EDGE ( 'NONE', *, *, #4265, .T. ) ;
#5710 = CARTESIAN_POINT ( 'NONE',  ( 3.298070433220186004, 12.00000000000000000, -3.591472901624518155 ) ) ;
#5711 = CARTESIAN_POINT ( 'NONE',  ( -10.00000000000000355, 66.54999999999999716, -8.699999999999999289 ) ) ;
#5712 = FACE_OUTER_BOUND ( 'NONE', #6497, .T. ) ;
#5713 = ORIENTED_EDGE ( 'NONE', *, *, #1926, .T. ) ;
#5714 = EDGE_CURVE ( 'NONE', #4838, #3225, #3380, .T. ) ;
#5715 = ORIENTED_EDGE ( 'NONE', *, *, #4526, .F. ) ;
#5716 = ORIENTED_EDGE ( 'NONE', *, *, #3508, .T. ) ;
#5717 = CARTESIAN_POINT ( 'NONE',  ( -6.250000000000002665, 15.50000000000000000, -8.499999999999996447 ) ) ;
#5718 = DIRECTION ( 'NONE',  ( 0.8254220375434826451, 0.5645161290322583403, 0.000000000000000000 ) ) ;
#5719 = CARTESIAN_POINT ( 'NONE',  ( -11.00000000000000355, 13.00000000000000178, -12.49999999999999822 ) ) ;
#5720 = FACE_OUTER_BOUND ( 'NONE', #3334, .T. ) ;
#5721 = CARTESIAN_POINT ( 'NONE',  ( -11.50000000000000000, 10.20000000000000107, 12.89999999999999858 ) ) ;
#5722 = ORIENTED_EDGE ( 'NONE', *, *, #139, .T. ) ;
#5723 = CARTESIAN_POINT ( 'NONE',  ( -5.498151864664232669, 46.54310644854344758, -4.500000000000000000 ) ) ;
#5724 = PLANE ( 'NONE',  #1222 ) ;
#5725 = CARTESIAN_POINT ( 'NONE',  ( -5.527669382589683877, 47.00393676548806354, -4.359977421976865664 ) ) ;
#5726 = CARTESIAN_POINT ( 'NONE',  ( -0.2871891964926180374, 12.45687971718331077, -4.500000000000000888 ) ) ;
#5727 = ORIENTED_EDGE ( 'NONE', *, *, #6981, .T. ) ;
#5728 = ORIENTED_EDGE ( 'NONE', *, *, #6639, .F. ) ;
#5729 = CARTESIAN_POINT ( 'NONE',  ( 1.937288419351408830, 11.83147941928309876, -4.000000000000000888 ) ) ;
#5730 = ORIENTED_EDGE ( 'NONE', *, *, #3056, .F. ) ;
#5731 = ADVANCED_FACE ( 'NONE', ( #229 ), #2611, .T. ) ;
#5732 = EDGE_CURVE ( 'NONE', #1116, #4094, #1430, .T. ) ;
#5733 = CARTESIAN_POINT ( 'NONE',  ( -1.136530025502993979, 12.54136422067691292, -4.500000000000000888 ) ) ;
#5734 = LINE ( 'NONE', #5159, #4062 ) ;
#5735 = DIRECTION ( 'NONE',  ( 0.000000000000000000, -0.000000000000000000, 1.000000000000000000 ) ) ;
#5736 = CARTESIAN_POINT ( 'NONE',  ( 11.50000000000000000, 10.20000000000000107, -14.50000000000000000 ) ) ;
#5737 = EDGE_CURVE ( 'NONE', #2551, #3691, #346, .T. ) ;
#5738 = CARTESIAN_POINT ( 'NONE',  ( 5.999999999999998224, 70.50000000000000000, 12.49999999999999112 ) ) ;
#5739 = CARTESIAN_POINT ( 'NONE',  ( -10.00000000000000355, 61.04999999999999005, -7.449999999999998401 ) ) ;
#5740 = DIRECTION ( 'NONE',  ( -0.000000000000000000, 0.000000000000000000, 1.000000000000000000 ) ) ;
#5741 = VERTEX_POINT ( 'NONE', #1902 ) ;
#5742 = ORIENTED_EDGE ( 'NONE', *, *, #4903, .F. ) ;
#5743 = DIRECTION ( 'NONE',  ( -0.000000000000000000, -1.000000000000000000, -0.000000000000000000 ) ) ;
#5744 = EDGE_LOOP ( 'NONE', ( #1656, #5218, #6908, #7219 ) ) ;
#5745 = EDGE_CURVE ( 'NONE', #1079, #4737, #3086, .T. ) ;
#5746 = CARTESIAN_POINT ( 'NONE',  ( -6.000000000000005329, 72.61658075373095755, 4.199999999999991296 ) ) ;
#5747 = DIRECTION ( 'NONE',  ( 0.000000000000000000, 0.000000000000000000, 1.000000000000000000 ) ) ;
#5748 = CARTESIAN_POINT ( 'NONE',  ( 12.00000000000000000, 0.000000000000000000, 0.000000000000000000 ) ) ;
#5749 = CARTESIAN_POINT ( 'NONE',  ( 16.00000000000000000, 71.50000000000000000, -5.500000000000005329 ) ) ;
#5750 = ORIENTED_EDGE ( 'NONE', *, *, #1204, .F. ) ;
#5751 = DIRECTION ( 'NONE',  ( -0.000000000000000000, 1.000000000000000000, -0.000000000000000000 ) ) ;
#5752 = ORIENTED_EDGE ( 'NONE', *, *, #1723, .F. ) ;
#5753 = CARTESIAN_POINT ( 'NONE',  ( -11.50000000000000355, 66.54999999999999716, -9.949999999999997513 ) ) ;
#5754 = DIRECTION ( 'NONE',  ( -0.000000000000000000, 1.000000000000000000, -0.000000000000000000 ) ) ;
#5755 = CARTESIAN_POINT ( 'NONE',  ( -5.282360531183933894, 47.09405191789885947, -4.468642696799020264 ) ) ;
#5756 = CARTESIAN_POINT ( 'NONE',  ( 0.9955403150845116844, 12.52108418916690091, -4.500000000000001776 ) ) ;
#5757 = EDGE_LOOP ( 'NONE', ( #6252, #4185, #5984, #3444, #5032 ) ) ;
#5758 = AXIS2_PLACEMENT_3D ( 'NONE', #3873, #1768, #1160 ) ;
#5759 = EDGE_LOOP ( 'NONE', ( #3984, #7165, #741, #7113 ) ) ;
#5760 = CARTESIAN_POINT ( 'NONE',  ( 12.00000000000000000, 72.50000000000000000, -11.50000000000000355 ) ) ;
#5761 = CIRCLE ( 'NONE', #865, 1.500000000000000444 ) ;
#5762 = CARTESIAN_POINT ( 'NONE',  ( -0.3119841391664306407, 11.79540923429621557, -4.249968957337038944 ) ) ;
#5763 = LINE ( 'NONE', #2999, #1608 ) ;
#5764 = AXIS2_PLACEMENT_3D ( 'NONE', #5151, #5079, #3398 ) ;
#5765 = EDGE_CURVE ( 'NONE', #890, #3987, #5824, .T. ) ;
#5766 = CARTESIAN_POINT ( 'NONE',  ( -12.00000000000000533, 40.00096463417624193, -10.62995637875100385 ) ) ;
#5767 = ORIENTED_EDGE ( 'NONE', *, *, #2620, .T. ) ;
#5768 = DIRECTION ( 'NONE',  ( -2.168404344971008868E-16, -0.000000000000000000, -1.000000000000000000 ) ) ;
#5769 = AXIS2_PLACEMENT_3D ( 'NONE', #122, #1225, #607 ) ;
#5770 = CARTESIAN_POINT ( 'NONE',  ( 6.249999999999997335, 36.50000000000000711, -11.50000000000000000 ) ) ;
#5771 = CARTESIAN_POINT ( 'NONE',  ( 0.000000000000000000, 10.00000000000000178, 5.000000000000000000 ) ) ;
#5772 = EDGE_LOOP ( 'NONE', ( #15, #3037 ) ) ;
#5773 = EDGE_CURVE ( 'NONE', #155, #697, #815, .T. ) ;
#5774 = ORIENTED_EDGE ( 'NONE', *, *, #4920, .F. ) ;
#5775 = VECTOR ( 'NONE', #1753, 1000.000000000000000 ) ;
#5776 = AXIS2_PLACEMENT_3D ( 'NONE', #2649, #2606, #3829 ) ;
#5777 = CARTESIAN_POINT ( 'NONE',  ( -5.000000000000007994, 78.00000000000000000, -3.499999999999999112 ) ) ;
#5778 = ORIENTED_EDGE ( 'NONE', *, *, #1947, .F. ) ;
#5779 = DIRECTION ( 'NONE',  ( 2.682704640602071600E-16, 0.5000000000000022204, 0.8660254037844372643 ) ) ;
#5780 = CARTESIAN_POINT ( 'NONE',  ( -11.00000000000000355, 34.00000000000000000, 8.499999999999996447 ) ) ;
#5781 = AXIS2_PLACEMENT_3D ( 'NONE', #2695, #2173, #4342 ) ;
#5782 = LINE ( 'NONE', #4732, #4535 ) ;
#5783 = CARTESIAN_POINT ( 'NONE',  ( -8.349999999999999645, 44.00000000000000000, 9.499999999999998224 ) ) ;
#5784 = VECTOR ( 'NONE', #6484, 1000.000000000000000 ) ;
#5785 = ORIENTED_EDGE ( 'NONE', *, *, #2306, .F. ) ;
#5786 = FACE_OUTER_BOUND ( 'NONE', #688, .T. ) ;
#5787 = EDGE_LOOP ( 'NONE', ( #6243, #6697, #1575, #5551 ) ) ;
#5788 = EDGE_CURVE ( 'NONE', #572, #1977, #5468, .T. ) ;
#5789 = CC_DESIGN_APPROVAL ( #4174, ( #4050 ) ) ;
#5790 = AXIS2_PLACEMENT_3D ( 'NONE', #3640, #7016, #1898 ) ;
#5791 = DIRECTION ( 'NONE',  ( -0.000000000000000000, -0.000000000000000000, 1.000000000000000000 ) ) ;
#5792 = AXIS2_PLACEMENT_3D ( 'NONE', #1715, #479, #3957 ) ;
#5793 = ORIENTED_EDGE ( 'NONE', *, *, #4865, .T. ) ;
#5794 = DIRECTION ( 'NONE',  ( 3.717264591378872697E-16, -0.000000000000000000, 1.000000000000000000 ) ) ;
#5795 = DIRECTION ( 'NONE',  ( -1.334402673828313093E-16, -1.000000000000000000, 3.215027284300271837E-32 ) ) ;
#5796 = CARTESIAN_POINT ( 'NONE',  ( -2.932388462667770312, 12.96072031265044622, -4.500000000000000000 ) ) ;
#5797 = ORIENTED_EDGE ( 'NONE', *, *, #6492, .F. ) ;
#5798 = VECTOR ( 'NONE', #1277, 1000.000000000000114 ) ;
#5800 = EDGE_CURVE ( 'NONE', #6487, #1659, #262, .T. ) ;
#5799 = PERSON_AND_ORGANIZATION_ROLE ( 'creator' ) ;
#5801 = ORIENTED_EDGE ( 'NONE', *, *, #2405, .F. ) ;
#5802 = EDGE_LOOP ( 'NONE', ( #2800, #785, #7174, #922 ) ) ;
#5803 = DIRECTION ( 'NONE',  ( 0.000000000000000000, 0.000000000000000000, 1.000000000000000000 ) ) ;
#5804 = ORIENTED_EDGE ( 'NONE', *, *, #1841, .F. ) ;
#5805 = CARTESIAN_POINT ( 'NONE',  ( -0.6026972427201323645, 12.08109683093524289, -4.499999999999999112 ) ) ;
#5806 = DIRECTION ( 'NONE',  ( 0.000000000000000000, 0.000000000000000000, -1.000000000000000000 ) ) ;
#5807 = EDGE_CURVE ( 'NONE', #1161, #3942, #5593, .T. ) ;
#5808 = AXIS2_PLACEMENT_3D ( 'NONE', #4270, #270, #4745 ) ;
#5809 = CARTESIAN_POINT ( 'NONE',  ( 11.50000000000000000, 10.20000000000000107, -17.00000000000000000 ) ) ;
#5810 = EDGE_CURVE ( 'NONE', #4789, #5244, #5132, .T. ) ;
#5811 = CARTESIAN_POINT ( 'NONE',  ( 9.799999999999998934, 74.49999999999998579, -10.88675134594812910 ) ) ;
#5812 = AXIS2_PLACEMENT_3D ( 'NONE', #1868, #302, #5859 ) ;
#5813 = FACE_OUTER_BOUND ( 'NONE', #4656, .T. ) ;
#5814 = FACE_OUTER_BOUND ( 'NONE', #222, .T. ) ;
#5815 = ORIENTED_EDGE ( 'NONE', *, *, #932, .T. ) ;
#5816 = AXIS2_PLACEMENT_3D ( 'NONE', #3975, #1825, #3492 ) ;
#5817 = CARTESIAN_POINT ( 'NONE',  ( -11.50000000000000000, -0.0009999999999992653654, -12.00000000000000000 ) ) ;
#5818 = VERTEX_POINT ( 'NONE', #2054 ) ;
#5819 = DIRECTION ( 'NONE',  ( -1.000000000000000000, 0.000000000000000000, 3.717264591378872697E-16 ) ) ;
#5820 = CARTESIAN_POINT ( 'NONE',  ( -6.250000000000002665, 36.50000000000000711, -8.499999999999996447 ) ) ;
#5821 = EDGE_CURVE ( 'NONE', #1116, #2633, #6402, .T. ) ;
#5822 = CARTESIAN_POINT ( 'NONE',  ( -5.498416442383590841, 41.85347718689158114, -4.395508723579348853 ) ) ;
#5823 = EDGE_CURVE ( 'NONE', #4949, #1020, #2208, .T. ) ;
#5824 = LINE ( 'NONE', #5892, #455 ) ;
#5825 = ORIENTED_EDGE ( 'NONE', *, *, #5557, .F. ) ;
#5826 = DIRECTION ( 'NONE',  ( 0.000000000000000000, 0.000000000000000000, 1.000000000000000000 ) ) ;
#5827 = ORIENTED_EDGE ( 'NONE', *, *, #6061, .F. ) ;
#5828 = DIRECTION ( 'NONE',  ( -2.682704640602058288E-16, 0.4999999999999998890, -0.8660254037844387076 ) ) ;
#5829 = VERTEX_POINT ( 'NONE', #1047 ) ;
#5830 = CARTESIAN_POINT ( 'NONE',  ( -11.47294756606112109, 60.99882586424368469, 9.706404779224264701 ) ) ;
#5831 = CARTESIAN_POINT ( 'NONE',  ( 9.577815963916471276, 75.94337567297407077, 17.50000000000000000 ) ) ;
#5832 = ORIENTED_EDGE ( 'NONE', *, *, #3381, .T. ) ;
#5833 = EDGE_CURVE ( 'NONE', #4168, #1065, #3280, .T. ) ;
#5834 = DIRECTION ( 'NONE',  ( 0.000000000000000000, -0.000000000000000000, 1.000000000000000000 ) ) ;
#5835 = ORIENTED_EDGE ( 'NONE', *, *, #2290, .T. ) ;
#5836 = PERSON_AND_ORGANIZATION ( #6001, #2885 ) ;
#5837 = ORIENTED_EDGE ( 'NONE', *, *, #3027, .F. ) ;
#5838 = CYLINDRICAL_SURFACE ( 'NONE', #5318, 1.000000000000000888 ) ;
#5839 = ORIENTED_EDGE ( 'NONE', *, *, #6076, .F. ) ;
#5840 = DIRECTION ( 'NONE',  ( 1.000000000000000000, -0.000000000000000000, -3.717264591378872697E-16 ) ) ;
#5841 = ADVANCED_FACE ( 'NONE', ( #2808 ), #2762, .T. ) ;
#5842 = CARTESIAN_POINT ( 'NONE',  ( 15.00000000000000178, 71.50000000000000000, -11.50000000000000355 ) ) ;
#5843 = AXIS2_PLACEMENT_3D ( 'NONE', #723, #4788, #2961 ) ;
#5844 = ORIENTED_EDGE ( 'NONE', *, *, #391, .T. ) ;
#5845 = EDGE_LOOP ( 'NONE', ( #6491, #5509, #5422, #3284 ) ) ;
#5846 = CARTESIAN_POINT ( 'NONE',  ( -5.248859823844390426, 46.10188625860153877, -5.489026747784556015 ) ) ;
#5847 =( NAMED_UNIT ( * ) PLANE_ANGLE_UNIT ( ) SI_UNIT ( $, .RADIAN. ) );
#5848 = DIRECTION ( 'NONE',  ( -0.000000000000000000, 0.000000000000000000, 1.000000000000000000 ) ) ;
#5849 = CARTESIAN_POINT ( 'NONE',  ( -12.00000000000000355, 71.00000000000000000, 8.599999999999997868 ) ) ;
#5850 = DIRECTION ( 'NONE',  ( 0.000000000000000000, 0.000000000000000000, 1.000000000000000000 ) ) ;
#5851 = ORIENTED_EDGE ( 'NONE', *, *, #3134, .T. ) ;
#5852 = ORIENTED_EDGE ( 'NONE', *, *, #2351, .T. ) ;
#5853 = ORIENTED_EDGE ( 'NONE', *, *, #5043, .T. ) ;
#5854 = DIRECTION ( 'NONE',  ( -4.336808689942062602E-16, 2.965995990712305217E-16, -1.000000000000000000 ) ) ;
#5855 = VERTEX_POINT ( 'NONE', #1663 ) ;
#5856 = CARTESIAN_POINT ( 'NONE',  ( -5.250000000000001776, 44.00000000000000000, 8.499999999999996447 ) ) ;
#5857 = FACE_OUTER_BOUND ( 'NONE', #2972, .T. ) ;
#5858 = CARTESIAN_POINT ( 'NONE',  ( -5.966721765528651744, 41.39672853237373573, -3.764287850938554669 ) ) ;
#5859 = DIRECTION ( 'NONE',  ( 3.717264591378872697E-16, 0.000000000000000000, 1.000000000000000000 ) ) ;
#5860 = VERTEX_POINT ( 'NONE', #527 ) ;
#5861 = CARTESIAN_POINT ( 'NONE',  ( 10.49999999999999645, 77.00000000000000000, 12.49999999999998934 ) ) ;
#5862 = ORIENTED_EDGE ( 'NONE', *, *, #736, .F. ) ;
#5863 = EDGE_CURVE ( 'NONE', #5098, #862, #2084, .T. ) ;
#5864 = EDGE_CURVE ( 'NONE', #5084, #4940, #1581, .T. ) ;
#5865 = DIRECTION ( 'NONE',  ( 0.000000000000000000, 0.000000000000000000, -1.000000000000000000 ) ) ;
#5866 = DIRECTION ( 'NONE',  ( 3.219245568722478426E-16, 0.5000000000000029976, 0.8660254037844370423 ) ) ;
#5867 = DIRECTION ( 'NONE',  ( 0.000000000000000000, 0.000000000000000000, 1.000000000000000000 ) ) ;
#5868 = CARTESIAN_POINT ( 'NONE',  ( 12.00000000000000000, 74.50000000000000000, -7.999999999999994671 ) ) ;
#5869 = VERTEX_POINT ( 'NONE', #4340 ) ;
#5870 = CYLINDRICAL_SURFACE ( 'NONE', #103, 1.000000000000000888 ) ;
#5871 = VECTOR ( 'NONE', #4019, 1000.000000000000000 ) ;
#5872 = EDGE_CURVE ( 'NONE', #4777, #3848, #7215, .T. ) ;
#5873 = ORIENTED_EDGE ( 'NONE', *, *, #6439, .T. ) ;
#5874 = DIRECTION ( 'NONE',  ( -1.000000000000000000, 0.000000000000000000, 0.000000000000000000 ) ) ;
#5875 = CARTESIAN_POINT ( 'NONE',  ( 16.00000000000000000, 12.99999999999999822, -4.500000000000003553 ) ) ;
#5876 = CARTESIAN_POINT ( 'NONE',  ( 9.799999999999998934, 77.00000000000000000, -9.443375672974058332 ) ) ;
#5877 = VECTOR ( 'NONE', #1296, 1000.000000000000000 ) ;
#5878 = EDGE_LOOP ( 'NONE', ( #3266, #3210, #5202, #5862 ) ) ;
#5879 = ADVANCED_FACE ( 'NONE', ( #4929, #7172, #2132 ), #1546, .F. ) ;
#5880 = CIRCLE ( 'NONE', #5539, 4.000000000000000000 ) ;
#5881 = DIRECTION ( 'NONE',  ( 0.8660254037844387076, -0.4999999999999997780, 0.000000000000000000 ) ) ;
#5882 = ORIENTED_EDGE ( 'NONE', *, *, #2514, .F. ) ;
#5883 = CARTESIAN_POINT ( 'NONE',  ( -5.968574552490328422, 41.39670436369673467, -3.779148876757859821 ) ) ;
#5884 = DIRECTION ( 'NONE',  ( -1.000000000000000000, 0.000000000000000000, 3.717264591378872697E-16 ) ) ;
#5885 = CARTESIAN_POINT ( 'NONE',  ( 15.99999999999999289, 18.49999999999999645, -5.500000000000005329 ) ) ;
#5886 = ORIENTED_EDGE ( 'NONE', *, *, #193, .T. ) ;
#5887 = CARTESIAN_POINT ( 'NONE',  ( -13.00000000000000533, 12.99999999999999822, 9.499999999999998224 ) ) ;
#5888 = ORIENTED_EDGE ( 'NONE', *, *, #6012, .T. ) ;
#5889 = CARTESIAN_POINT ( 'NONE',  ( 16.00000000000000000, 78.00000000000000000, -4.500000000000003553 ) ) ;
#5890 = DIRECTION ( 'NONE',  ( 0.000000000000000000, 0.000000000000000000, 1.000000000000000000 ) ) ;
#5891 = CARTESIAN_POINT ( 'NONE',  ( -5.870559787784612737, 41.27959653560343867, -4.009134173474255824 ) ) ;
#5892 = CARTESIAN_POINT ( 'NONE',  ( -12.00000000000000355, 78.00000000000000000, -6.950000000000004619 ) ) ;
#5893 = ORIENTED_EDGE ( 'NONE', *, *, #5169, .T. ) ;
#5894 = DIRECTION ( 'NONE',  ( 0.000000000000000000, 0.000000000000000000, 1.000000000000000000 ) ) ;
#5895 = ORIENTED_EDGE ( 'NONE', *, *, #1436, .T. ) ;
#5896 = ADVANCED_FACE ( 'NONE', ( #1626 ), #3870, .F. ) ;
#5897 = CIRCLE ( 'NONE', #3707, 1.000000000000000888 ) ;
#5898 = AXIS2_PLACEMENT_3D ( 'NONE', #837, #1348, #2454 ) ;
#5899 = LINE ( 'NONE', #4934, #5536 ) ;
#5900 = CIRCLE ( 'NONE', #424, 1.600000000000002531 ) ;
#5901 = CARTESIAN_POINT ( 'NONE',  ( -8.400000000000003908, 69.38341924626904245, 4.199999999999992184 ) ) ;
#5902 = AXIS2_PLACEMENT_3D ( 'NONE', #6622, #3815, #1033 ) ;
#5903 = CARTESIAN_POINT ( 'NONE',  ( 8.324999999999995737, 16.69800180856847760, -4.500000000000000888 ) ) ;
#5904 = CIRCLE ( 'NONE', #4529, 1.100000000000007194 ) ;
#5905 = DIRECTION ( 'NONE',  ( 0.000000000000000000, -0.000000000000000000, 1.000000000000000000 ) ) ;
#5906 = VERTEX_POINT ( 'NONE', #1510 ) ;
#5907 = CARTESIAN_POINT ( 'NONE',  ( 9.000000000000000000, -0.0009999999999992653654, 3.000000000000001332 ) ) ;
#5908 = ORIENTED_EDGE ( 'NONE', *, *, #4156, .T. ) ;
#5909 =( NAMED_UNIT ( * ) SI_UNIT ( $, .STERADIAN. ) SOLID_ANGLE_UNIT ( ) );
#5910 = AXIS2_PLACEMENT_3D ( 'NONE', #6028, #7234, #2231 ) ;
#5911 = AXIS2_PLACEMENT_3D ( 'NONE', #6007, #1007, #3240 ) ;
#5912 = VERTEX_POINT ( 'NONE', #6085 ) ;
#5913 = ORIENTED_EDGE ( 'NONE', *, *, #2905, .F. ) ;
#5914 = CARTESIAN_POINT ( 'NONE',  ( 0.000000000000000000, 0.000000000000000000, 0.000000000000000000 ) ) ;
#5915 = EDGE_LOOP ( 'NONE', ( #3737, #2741 ) ) ;
#5916 = CARTESIAN_POINT ( 'NONE',  ( 9.799999999999998934, 74.49999999999998579, -10.88675134594812910 ) ) ;
#5917 = DIRECTION ( 'NONE',  ( 0.000000000000000000, 0.000000000000000000, 1.000000000000000000 ) ) ;
#5918 = AXIS2_PLACEMENT_3D ( 'NONE', #4856, #2224, #1516 ) ;
#5919 = VECTOR ( 'NONE', #1111, 1000.000000000000000 ) ;
#5920 = ADVANCED_FACE ( 'NONE', ( #5427 ), #4888, .T. ) ;
#5921 = EDGE_CURVE ( 'NONE', #2792, #1387, #2552, .T. ) ;
#5922 = ORIENTED_EDGE ( 'NONE', *, *, #6336, .T. ) ;
#5923 = EDGE_LOOP ( 'NONE', ( #3857, #2106, #1191, #5550 ) ) ;
#5924 = VECTOR ( 'NONE', #6321, 1000.000000000000000 ) ;
#5925 = CARTESIAN_POINT ( 'NONE',  ( 11.50000000000000000, 9.000000000000001776, 17.00000000000000000 ) ) ;
#5926 = FACE_OUTER_BOUND ( 'NONE', #6774, .T. ) ;
#5927 = DIRECTION ( 'NONE',  ( -1.000000000000000000, 0.000000000000000000, 0.000000000000000000 ) ) ;
#5928 = EDGE_CURVE ( 'NONE', #1065, #963, #3790, .T. ) ;
#5929 = ORIENTED_EDGE ( 'NONE', *, *, #339, .F. ) ;
#5930 = ORIENTED_EDGE ( 'NONE', *, *, #147, .F. ) ;
#5931 = CIRCLE ( 'NONE', #6058, 2.500000000000000444 ) ;
#5932 = CARTESIAN_POINT ( 'NONE',  ( -11.50000000000000355, 66.54999999999999716, -6.950000000000001066 ) ) ;
#5933 = VERTEX_POINT ( 'NONE', #3241 ) ;
#5934 = DIRECTION ( 'NONE',  ( 0.000000000000000000, 0.000000000000000000, 1.000000000000000000 ) ) ;
#5935 = PLANE ( 'NONE',  #6166 ) ;
#5936 = DIRECTION ( 'NONE',  ( 1.000000000000000000, 0.000000000000000000, 0.000000000000000000 ) ) ;
#5937 = CYLINDRICAL_SURFACE ( 'NONE', #95, 1.600000000000002531 ) ;
#5938 = EDGE_CURVE ( 'NONE', #5498, #2186, #5466, .T. ) ;
#5939 = DIRECTION ( 'NONE',  ( 0.000000000000000000, 1.000000000000000000, -3.154042683594192162E-16 ) ) ;
#5940 = ORIENTED_EDGE ( 'NONE', *, *, #644, .F. ) ;
#5941 = CIRCLE ( 'NONE', #1844, 5.000000000000000000 ) ;
#5942 = LINE ( 'NONE', #2727, #4135 ) ;
#5943 = ORIENTED_EDGE ( 'NONE', *, *, #3338, .T. ) ;
#5944 = CARTESIAN_POINT ( 'NONE',  ( 23.63762615825975644, 71.61324865405185847, 14.99999999999999467 ) ) ;
#5945 = AXIS2_PLACEMENT_3D ( 'NONE', #7091, #1498, #4362 ) ;
#5946 = CARTESIAN_POINT ( 'NONE',  ( 9.527790554527941325, 75.70481084614175415, 17.50000000000000000 ) ) ;
#5947 = LINE ( 'NONE', #2621, #206 ) ;
#5948 = ORIENTED_EDGE ( 'NONE', *, *, #489, .F. ) ;
#5949 = CARTESIAN_POINT ( 'NONE',  ( 15.99999999999999645, 77.00000000000000000, 12.49999999999998757 ) ) ;
#5950 = CARTESIAN_POINT ( 'NONE',  ( 4.174999999999997158, 16.69800180856847405, -6.299999999999999822 ) ) ;
#5951 = LINE ( 'NONE', #3586, #7056 ) ;
#5952 = CARTESIAN_POINT ( 'NONE',  ( 1.682081433190766750, 12.10363468998636272, -4.500000000000244249 ) ) ;
#5953 = SPHERICAL_SURFACE ( 'NONE', #6742, 1.000000000000000000 ) ;
#5954 = EDGE_LOOP ( 'NONE', ( #1992, #2553, #2235, #5461, #993 ) ) ;
#5955 = EDGE_LOOP ( 'NONE', ( #783, #628, #3019, #6068 ) ) ;
#5956 = ADVANCED_FACE ( 'NONE', ( #5712 ), #6295, .F. ) ;
#5957 = DIRECTION ( 'NONE',  ( 1.000000000000000000, -0.000000000000000000, -0.000000000000000000 ) ) ;
#5958 = DIRECTION ( 'NONE',  ( 0.000000000000000000, 0.000000000000000000, 1.000000000000000000 ) ) ;
#5959 = AXIS2_PLACEMENT_3D ( 'NONE', #2541, #851, #1905 ) ;
#5960 = LINE ( 'NONE', #962, #5199 ) ;
#5961 = DIRECTION ( 'NONE',  ( -1.000000000000000000, 0.000000000000000000, 2.168404344971008868E-16 ) ) ;
#5962 = ORIENTED_EDGE ( 'NONE', *, *, #6930, .F. ) ;
#5963 = VERTEX_POINT ( 'NONE', #6836 ) ;
#5964 = VERTEX_POINT ( 'NONE', #3938 ) ;
#5965 = EDGE_CURVE ( 'NONE', #4984, #305, #1962, .T. ) ;
#5966 = DIRECTION ( 'NONE',  ( -0.000000000000000000, -1.000000000000000000, -0.000000000000000000 ) ) ;
#5967 = VERTEX_POINT ( 'NONE', #4072 ) ;
#5968 = DIRECTION ( 'NONE',  ( -1.000000000000000000, 0.000000000000000000, 0.000000000000000000 ) ) ;
#5969 = DIRECTION ( 'NONE',  ( 0.000000000000000000, 0.000000000000000000, -1.000000000000000000 ) ) ;
#5970 = DIRECTION ( 'NONE',  ( 0.5645161290322593395, 0.8254220375434820900, 0.000000000000000000 ) ) ;
#5971 = DIRECTION ( 'NONE',  ( -1.000000000000000000, 0.000000000000000000, 0.000000000000000000 ) ) ;
#5972 = LINE ( 'NONE', #937, #4461 ) ;
#5973 = EDGE_LOOP ( 'NONE', ( #5673, #3307 ) ) ;
#5974 = VERTEX_POINT ( 'NONE', #2283 ) ;
#5975 = EDGE_CURVE ( 'NONE', #76, #5684, #214, .T. ) ;
#5976 = DIRECTION ( 'NONE',  ( 1.000000000000000000, -0.000000000000000000, -1.931325469920844706E-15 ) ) ;
#5977 = CARTESIAN_POINT ( 'NONE',  ( -5.250000000000001776, 44.00000000000000000, 26.00100000000000477 ) ) ;
#5978 = PLANE ( 'NONE',  #3124 ) ;
#5979 = ORIENTED_EDGE ( 'NONE', *, *, #4008, .F. ) ;
#5980 = DIRECTION ( 'NONE',  ( -0.000000000000000000, -1.000000000000000000, -0.000000000000000000 ) ) ;
#5981 = ORIENTED_EDGE ( 'NONE', *, *, #6776, .T. ) ;
#5982 = DIRECTION ( 'NONE',  ( 0.000000000000000000, 1.000000000000000000, 0.000000000000000000 ) ) ;
#5983 = ORIENTED_EDGE ( 'NONE', *, *, #203, .T. ) ;
#5984 = ORIENTED_EDGE ( 'NONE', *, *, #4131, .T. ) ;
#5985 = ORIENTED_EDGE ( 'NONE', *, *, #4132, .T. ) ;
#5986 = CARTESIAN_POINT ( 'NONE',  ( -5.077147714271231571, 46.09289606902064662, -4.500789269909629020 ) ) ;
#5987 = FACE_OUTER_BOUND ( 'NONE', #1595, .T. ) ;
#5988 = FACE_OUTER_BOUND ( 'NONE', #389, .T. ) ;
#5989 = CARTESIAN_POINT ( 'NONE',  ( 5.999999999999998224, 67.00000000000000000, 12.49999999999999112 ) ) ;
#5990 = ORIENTED_EDGE ( 'NONE', *, *, #2893, .T. ) ;
#5991 = ORIENTED_EDGE ( 'NONE', *, *, #925, .T. ) ;
#5992 = EDGE_LOOP ( 'NONE', ( #1329, #4919, #5136, #5480 ) ) ;
#5993 = ORIENTED_EDGE ( 'NONE', *, *, #2932, .T. ) ;
#5994 = DIRECTION ( 'NONE',  ( 0.000000000000000000, 1.000000000000000000, 0.000000000000000000 ) ) ;
#5995 = CIRCLE ( 'NONE', #4966, 1.099999999999999423 ) ;
#5996 = CARTESIAN_POINT ( 'NONE',  ( -5.000000000000007994, 40.91009708890392460, -4.499999999999999112 ) ) ;
#5997 = LINE ( 'NONE', #5414, #2042 ) ;
#5998 = CARTESIAN_POINT ( 'NONE',  ( -2.500000000000002220, 70.50000000000000000, 18.49999999999999645 ) ) ;
#5999 = ADVANCED_FACE ( 'NONE', ( #1734 ), #4522, .F. ) ;
#6000 = ORIENTED_EDGE ( 'NONE', *, *, #965, .F. ) ;
#6001 = PERSON ( 'æœª', 'æœª', 'æœª', ('æœª'), ('æœª'), ('æœª') ) ;
#6002 = VECTOR ( 'NONE', #5000, 1000.000000000000000 ) ;
#6003 = CARTESIAN_POINT ( 'NONE',  ( 11.99999999999999645, 75.94337567297404235, 12.49999999999998401 ) ) ;
#6004 = ORIENTED_EDGE ( 'NONE', *, *, #283, .T. ) ;
#6005 = CARTESIAN_POINT ( 'NONE',  ( -11.50000000000000000, 9.000000000000001776, 14.50000000000000000 ) ) ;
#6006 = ORIENTED_EDGE ( 'NONE', *, *, #6241, .F. ) ;
#6007 = CARTESIAN_POINT ( 'NONE',  ( -8.000000000000003553, 40.99999999999999289, -9.000000000000003553 ) ) ;
#6008 = CARTESIAN_POINT ( 'NONE',  ( 6.249999999999999112, 17.89600361713694809, -4.500000000000000888 ) ) ;
#6009 = DIRECTION ( 'NONE',  ( 1.224646799147349509E-16, 0.000000000000000000, -1.000000000000000000 ) ) ;
#6010 = EDGE_CURVE ( 'NONE', #5351, #378, #4318, .T. ) ;
#6011 = VERTEX_POINT ( 'NONE', #602 ) ;
#6012 = EDGE_CURVE ( 'NONE', #836, #6034, #3520, .T. ) ;
#6013 = AXIS2_PLACEMENT_3D ( 'NONE', #1769, #5615, #1162 ) ;
#6014 = VERTEX_POINT ( 'NONE', #14 ) ;
#6015 = CARTESIAN_POINT ( 'NONE',  ( 13.00000000000000533, 78.00000000000000000, -4.500000000000003553 ) ) ;
#6016 = CARTESIAN_POINT ( 'NONE',  ( 11.50000000000000000, 9.000000000000001776, -11.99999999999999822 ) ) ;
#6017 = CARTESIAN_POINT ( 'NONE',  ( -5.000000000000007994, 11.99999999999999645, -4.499999999999999112 ) ) ;
#6018 = ORIENTED_EDGE ( 'NONE', *, *, #1105, .T. ) ;
#6019 = AXIS2_PLACEMENT_3D ( 'NONE', #891, #4807, #3711 ) ;
#6020 = CARTESIAN_POINT ( 'NONE',  ( -12.00000000000000355, 61.49251030171097909, 8.961937258241047033 ) ) ;
#6021 = ORIENTED_EDGE ( 'NONE', *, *, #2448, .F. ) ;
#6022 = ADVANCED_FACE ( 'NONE', ( #6193 ), #2803, .T. ) ;
#6023 = AXIS2_PLACEMENT_3D ( 'NONE', #2312, #4547, #6245 ) ;
#6024 = ORIENTED_EDGE ( 'NONE', *, *, #5035, .T. ) ;
#6025 = AXIS2_PLACEMENT_3D ( 'NONE', #6427, #1998, #7117 ) ;
#6026 = VERTEX_POINT ( 'NONE', #145 ) ;
#6027 = CARTESIAN_POINT ( 'NONE',  ( 8.324999999999995737, 16.69800180856847760, -6.299999999999999822 ) ) ;
#6028 = CARTESIAN_POINT ( 'NONE',  ( 5.999999999999998224, 66.00000000000000000, 12.49999999999999112 ) ) ;
#6029 = CARTESIAN_POINT ( 'NONE',  ( -6.000000000000003553, 41.44119168361520167, 8.499999999999996447 ) ) ;
#6030 = DIRECTION ( 'NONE',  ( 0.000000000000000000, -0.5000000000000022204, 0.8660254037844373753 ) ) ;
#6031 = ADVANCED_FACE ( 'NONE', ( #1765 ), #2384, .F. ) ;
#6032 = AXIS2_PLACEMENT_3D ( 'NONE', #2926, #2443, #3505 ) ;
#6033 = AXIS2_PLACEMENT_3D ( 'NONE', #7035, #324, #4354 ) ;
#6034 = VERTEX_POINT ( 'NONE', #3414 ) ;
#6035 = VERTEX_POINT ( 'NONE', #5636 ) ;
#6036 = ORIENTED_EDGE ( 'NONE', *, *, #4225, .F. ) ;
#6037 = CIRCLE ( 'NONE', #2307, 2.099999999999998312 ) ;
#6038 = CARTESIAN_POINT ( 'NONE',  ( -5.250000000000001776, 44.00000000000000000, 9.499999999999998224 ) ) ;
#6039 = ORIENTED_EDGE ( 'NONE', *, *, #918, .T. ) ;
#6040 = CIRCLE ( 'NONE', #6267, 1.000000000000000888 ) ;
#6041 = PLANE ( 'NONE',  #651 ) ;
#6042 = CYLINDRICAL_SURFACE ( 'NONE', #6606, 1.600000000000000755 ) ;
#6043 = DIRECTION ( 'NONE',  ( 1.000000000000000000, 0.000000000000000000, 0.000000000000000000 ) ) ;
#6044 = ORIENTED_EDGE ( 'NONE', *, *, #3872, .F. ) ;
#6045 = CIRCLE ( 'NONE', #1256, 1.000000000000000888 ) ;
#6046 = ORIENTED_EDGE ( 'NONE', *, *, #4110, .F. ) ;
#6047 = EDGE_LOOP ( 'NONE', ( #7130, #1482, #3988, #5232 ) ) ;
#6048 = EDGE_CURVE ( 'NONE', #4009, #3463, #6801, .T. ) ;
#6049 = CARTESIAN_POINT ( 'NONE',  ( 9.499999999999998224, 71.61324865405185847, 14.99999999999999467 ) ) ;
#6050 = ORIENTED_EDGE ( 'NONE', *, *, #6366, .F. ) ;
#6051 = DIRECTION ( 'NONE',  ( 0.000000000000000000, 0.000000000000000000, -1.000000000000000000 ) ) ;
#6052 = AXIS2_PLACEMENT_3D ( 'NONE', #4948, #7151, #1093 ) ;
#6053 = LINE ( 'NONE', #3279, #2524 ) ;
#6054 = CARTESIAN_POINT ( 'NONE',  ( -12.00000000000000355, 78.00000000000000000, 9.499999999999998224 ) ) ;
#6055 = CARTESIAN_POINT ( 'NONE',  ( -12.00000000000000178, 61.17066653043886504, 8.801048434575822199 ) ) ;
#6056 = VERTEX_POINT ( 'NONE', #4006 ) ;
#6057 = ADVANCED_FACE ( 'NONE', ( #5101 ), #1791, .F. ) ;
#6058 = AXIS2_PLACEMENT_3D ( 'NONE', #675, #6302, #1293 ) ;
#6059 = CARTESIAN_POINT ( 'NONE',  ( 12.99999999999999645, 20.49999999999999645, -11.50000000000000355 ) ) ;
#6060 = ADVANCED_FACE ( 'NONE', ( #6773 ), #4035, .F. ) ;
#6061 = EDGE_CURVE ( 'NONE', #771, #134, #1267, .T. ) ;
#6062 = CARTESIAN_POINT ( 'NONE',  ( -7.000000000000003553, 35.00000000000000000, 8.499999999999996447 ) ) ;
#6063 = CARTESIAN_POINT ( 'NONE',  ( -0.2499999999999993616, 35.00000000000000000, -8.500000000000000000 ) ) ;
#6064 = CARTESIAN_POINT ( 'NONE',  ( -11.93439650132889618, 41.41652668401365389, -10.85671876164387939 ) ) ;
#6065 = AXIS2_PLACEMENT_3D ( 'NONE', #5004, #7054, #2724 ) ;
#6066 = LINE ( 'NONE', #582, #3046 ) ;
#6067 = VECTOR ( 'NONE', #948, 1000.000000000000000 ) ;
#6068 = ORIENTED_EDGE ( 'NONE', *, *, #5975, .T. ) ;
#6069 = EDGE_CURVE ( 'NONE', #3844, #2560, #5941, .T. ) ;
#6070 = CARTESIAN_POINT ( 'NONE',  ( -5.966721765528654409, 46.60327146762625716, -3.764287850938544455 ) ) ;
#6071 = CARTESIAN_POINT ( 'NONE',  ( -12.00000000000000355, 61.04999999999999005, -6.949999999999997513 ) ) ;
#6072 = CYLINDRICAL_SURFACE ( 'NONE', #78, 1.600000000000002531 ) ;
#6073 = DIRECTION ( 'NONE',  ( 1.000000000000000000, 0.000000000000000000, -2.409338161078897701E-16 ) ) ;
#6074 = ORIENTED_EDGE ( 'NONE', *, *, #273, .F. ) ;
#6075 = ORIENTED_EDGE ( 'NONE', *, *, #5424, .F. ) ;
#6076 = EDGE_CURVE ( 'NONE', #1701, #6620, #1156, .T. ) ;
#6077 = LINE ( 'NONE', #4359, #2292 ) ;
#6078 = CYLINDRICAL_SURFACE ( 'NONE', #3114, 2.500000000000000444 ) ;
#6079 = LINE ( 'NONE', #6659, #1049 ) ;
#6080 = ORIENTED_EDGE ( 'NONE', *, *, #6786, .T. ) ;
#6081 = CARTESIAN_POINT ( 'NONE',  ( -7.000000000000002665, 60.00000000000000000, 10.49999999999999822 ) ) ;
#6082 = ORIENTED_EDGE ( 'NONE', *, *, #350, .T. ) ;
#6083 = PLANE ( 'NONE',  #6722 ) ;
#6084 = CARTESIAN_POINT ( 'NONE',  ( 1.695127366932482005, 12.66295883856619575, -4.500000000000000888 ) ) ;
#6085 = CARTESIAN_POINT ( 'NONE',  ( -12.00000000000000355, 71.00000000000000000, 5.399999999999996803 ) ) ;
#6086 = CARTESIAN_POINT ( 'NONE',  ( -11.00000000000000355, 78.00000000000000000, -10.49999999999999822 ) ) ;
#6087 = ORIENTED_EDGE ( 'NONE', *, *, #5303, .F. ) ;
#6088 = TOROIDAL_SURFACE ( 'NONE', #6307, 2.000000000000000000, 1.000000000000000000 ) ;
#6089 = CARTESIAN_POINT ( 'NONE',  ( 4.175000000000000711, 37.69800180856846339, -6.299999999999999822 ) ) ;
#6090 = CARTESIAN_POINT ( 'NONE',  ( 14.00000000000000178, 70.50000000000000000, -10.50000000000000178 ) ) ;
#6091 = CARTESIAN_POINT ( 'NONE',  ( 5.149999999999996803, 15.50000000000000000, -8.500000000000000000 ) ) ;
#6092 = LINE ( 'NONE', #1121, #3144 ) ;
#6093 = ORIENTED_EDGE ( 'NONE', *, *, #5807, .T. ) ;
#6094 = CARTESIAN_POINT ( 'NONE',  ( -11.99999999999968381, 62.19244430068204110, 9.811717530866477688 ) ) ;
#6095 = EDGE_CURVE ( 'NONE', #3567, #2162, #6288, .T. ) ;
#6096 = ADVANCED_FACE ( 'NONE', ( #5301 ), #2489, .T. ) ;
#6097 = DIRECTION ( 'NONE',  ( 1.000000000000000000, -0.000000000000000000, -2.168404344971008868E-16 ) ) ;
#6098 = VERTEX_POINT ( 'NONE', #883 ) ;
#6099 = CARTESIAN_POINT ( 'NONE',  ( -5.320838904211639075, 47.07764418379922944, -4.449430791265039709 ) ) ;
#6100 = CARTESIAN_POINT ( 'NONE',  ( 0.7476323961933272200, 11.08927025900863406, -3.932375500275453017 ) ) ;
#6101 = FACE_OUTER_BOUND ( 'NONE', #5757, .T. ) ;
#6102 = DIRECTION ( 'NONE',  ( 0.000000000000000000, -0.000000000000000000, 1.000000000000000000 ) ) ;
#6103 = EDGE_CURVE ( 'NONE', #5933, #3844, #2331, .T. ) ;
#6104 = ORIENTED_EDGE ( 'NONE', *, *, #5469, .F. ) ;
#6105 = ORIENTED_EDGE ( 'NONE', *, *, #6069, .T. ) ;
#6106 = VERTEX_POINT ( 'NONE', #6326 ) ;
#6107 = DIRECTION ( 'NONE',  ( -0.000000000000000000, -1.000000000000000000, -0.000000000000000000 ) ) ;
#6108 = CARTESIAN_POINT ( 'NONE',  ( 14.99999999999999467, 18.49999999999999645, -10.50000000000000178 ) ) ;
#6109 = CARTESIAN_POINT ( 'NONE',  ( 5.999999999999998224, 66.00000000000000000, 11.49999999999998934 ) ) ;
#6110 = DIRECTION ( 'NONE',  ( -1.000000000000000000, -0.000000000000000000, 2.409338161078897701E-16 ) ) ;
#6111 = ADVANCED_FACE ( 'NONE', ( #3006 ), #180, .F. ) ;
#6112 = ORIENTED_EDGE ( 'NONE', *, *, #5125, .T. ) ;
#6113 = LINE ( 'NONE', #3276, #1323 ) ;
#6114 = ORIENTED_EDGE ( 'NONE', *, *, #701, .F. ) ;
#6115 = CARTESIAN_POINT ( 'NONE',  ( -0.3176065969777802644, 11.53643670166904833, -3.990500253851111623 ) ) ;
#6116 = FACE_BOUND ( 'NONE', #1215, .T. ) ;
#6117 = CARTESIAN_POINT ( 'NONE',  ( 8.324999999999995737, 16.69800180856847760, -4.500000000000000888 ) ) ;
#6118 = VECTOR ( 'NONE', #2615, 1000.000000000000000 ) ;
#6119 = DIRECTION ( 'NONE',  ( 2.409338161078897701E-16, -0.000000000000000000, 1.000000000000000000 ) ) ;
#6120 = EDGE_CURVE ( 'NONE', #1829, #4420, #839, .T. ) ;
#6121 = VERTEX_POINT ( 'NONE', #1860 ) ;
#6122 = EDGE_LOOP ( 'NONE', ( #2605, #6713, #3417, #6999 ) ) ;
#6123 = DIRECTION ( 'NONE',  ( 0.000000000000000000, 0.000000000000000000, 1.000000000000000000 ) ) ;
#6124 = AXIS2_PLACEMENT_3D ( 'NONE', #6367, #4112, #808 ) ;
#6125 = FACE_OUTER_BOUND ( 'NONE', #2344, .T. ) ;
#6126 = CYLINDRICAL_SURFACE ( 'NONE', #4295, 1.000000000000000888 ) ;
#6127 = CARTESIAN_POINT ( 'NONE',  ( 6.250000000000003553, 72.00000000000000000, 26.00100000000001188 ) ) ;
#6128 = DIRECTION ( 'NONE',  ( 0.000000000000000000, 0.000000000000000000, 1.000000000000000000 ) ) ;
#6129 = EDGE_LOOP ( 'NONE', ( #3178, #5853, #3738, #4433 ) ) ;
#6130 = VECTOR ( 'NONE', #2939, 1000.000000000000000 ) ;
#6131 = CYLINDRICAL_SURFACE ( 'NONE', #625, 1.000000000000000888 ) ;
#6132 = EDGE_CURVE ( 'NONE', #4381, #5314, #3858, .T. ) ;
#6133 = DIRECTION ( 'NONE',  ( 0.000000000000000000, 0.000000000000000000, -1.000000000000000000 ) ) ;
#6134 = CARTESIAN_POINT ( 'NONE',  ( 11.50000000000000000, 9.000000000000001776, -17.00000000000000000 ) ) ;
#6135 = AXIS2_PLACEMENT_3D ( 'NONE', #3456, #1119, #6228 ) ;
#6136 = CC_DESIGN_PERSON_AND_ORGANIZATION_ASSIGNMENT ( #1484, #5799, ( #272 ) ) ;
#6137 = CARTESIAN_POINT ( 'NONE',  ( -11.50000000000000000, 10.20000000000000107, -14.50000000000000000 ) ) ;
#6138 = CARTESIAN_POINT ( 'NONE',  ( 15.00000000000000178, 72.50000000000000000, -10.50000000000000178 ) ) ;
#6139 = EDGE_LOOP ( 'NONE', ( #6364, #5852, #2298, #2380 ) ) ;
#6140 = ORIENTED_EDGE ( 'NONE', *, *, #450, .T. ) ;
#6141 = AXIS2_PLACEMENT_3D ( 'NONE', #5065, #2871, #1764 ) ;
#6142 = AXIS2_PLACEMENT_3D ( 'NONE', #5499, #6051, #1044 ) ;
#6143 = ORIENTED_EDGE ( 'NONE', *, *, #6841, .T. ) ;
#6144 = CARTESIAN_POINT ( 'NONE',  ( 0.000000000000000000, 12.00000000000000000, 0.4999999999999978351 ) ) ;
#6145 = AXIS2_PLACEMENT_3D ( 'NONE', #6086, #1082, #5537 ) ;
#6146 = EDGE_CURVE ( 'NONE', #35, #6539, #3043, .T. ) ;
#6147 = EDGE_CURVE ( 'NONE', #6106, #6375, #4434, .T. ) ;
#6148 = CARTESIAN_POINT ( 'NONE',  ( 12.00000000000000355, 74.50000000000000000, 14.99999999999999289 ) ) ;
#6149 = DIRECTION ( 'NONE',  ( 0.5000000000000004441, 0.8660254037844384856, 0.000000000000000000 ) ) ;
#6150 = AXIS2_PLACEMENT_3D ( 'NONE', #2239, #2681, #4472 ) ;
#6151 = VECTOR ( 'NONE', #6656, 1000.000000000000000 ) ;
#6152 = CARTESIAN_POINT ( 'NONE',  ( -0.2989507791544194215, 11.12770475381845436, -3.991649279243448589 ) ) ;
#6153 = ORIENTED_EDGE ( 'NONE', *, *, #685, .F. ) ;
#6154 = AXIS2_PLACEMENT_3D ( 'NONE', #2194, #3993, #2373 ) ;
#6155 = CIRCLE ( 'NONE', #5455, 24.50000000000000000 ) ;
#6156 = VERTEX_POINT ( 'NONE', #3632 ) ;
#6157 = PLANE ( 'NONE',  #2270 ) ;
#6158 = EDGE_LOOP ( 'NONE', ( #1289, #2116, #5521, #2460 ) ) ;
#6159 = EDGE_CURVE ( 'NONE', #5233, #4564, #4686, .T. ) ;
#6160 = CARTESIAN_POINT ( 'NONE',  ( -13.00000000000000355, 12.00000000000000000, -1.500000000000001332 ) ) ;
#6161 = CARTESIAN_POINT ( 'NONE',  ( -6.253969901901504258, 42.15553681628613703, -4.500000000000000888 ) ) ;
#6162 = CARTESIAN_POINT ( 'NONE',  ( 14.99999999999999467, 20.49999999999999645, -11.50000000000000355 ) ) ;
#6163 = VERTEX_POINT ( 'NONE', #3664 ) ;
#6164 = AXIS2_PLACEMENT_3D ( 'NONE', #2256, #5172, #5616 ) ;
#6165 = ORIENTED_EDGE ( 'NONE', *, *, #3762, .F. ) ;
#6166 = AXIS2_PLACEMENT_3D ( 'NONE', #3167, #2272, #5969 ) ;
#6167 = CARTESIAN_POINT ( 'NONE',  ( 10.99999999999998579, 74.50000000000000000, -7.999999999999992895 ) ) ;
#6168 = EDGE_CURVE ( 'NONE', #5167, #4397, #5666, .T. ) ;
#6169 = LINE ( 'NONE', #2918, #2870 ) ;
#6170 = DIRECTION ( 'NONE',  ( -1.000000000000000000, 0.000000000000000000, -0.000000000000000000 ) ) ;
#6171 = CARTESIAN_POINT ( 'NONE',  ( 0.000000000000000000, 81.29646455628167701, 0.000000000000000000 ) ) ;
#6172 = CARTESIAN_POINT ( 'NONE',  ( -11.00000000000000178, 59.75834261322605556, 9.499999999999998224 ) ) ;
#6173 = VERTEX_POINT ( 'NONE', #2456 ) ;
#6174 = AXIS2_PLACEMENT_3D ( 'NONE', #314, #3724, #5400 ) ;
#6175 = CARTESIAN_POINT ( 'NONE',  ( 11.99999999999999822, 71.61324865405185847, 14.99999999999999822 ) ) ;
#6176 = DIRECTION ( 'NONE',  ( 1.000000000000000000, 0.000000000000000000, 0.000000000000000000 ) ) ;
#6177 = CARTESIAN_POINT ( 'NONE',  ( -12.00000000000000355, 12.99999999999999822, 9.499999999999998224 ) ) ;
#6178 = CARTESIAN_POINT ( 'NONE',  ( -8.000000000000003553, 40.99999999999999289, -9.000000000000003553 ) ) ;
#6179 = DIRECTION ( 'NONE',  ( -2.569960705150824215E-15, 0.000000000000000000, -1.000000000000000000 ) ) ;
#6180 = AXIS2_PLACEMENT_3D ( 'NONE', #5572, #2172, #417 ) ;
#6181 = DIRECTION ( 'NONE',  ( -1.000000000000000000, 0.000000000000000000, 0.000000000000000000 ) ) ;
#6182 = CARTESIAN_POINT ( 'NONE',  ( -4.150000000000006573, 44.00000000000000000, -4.499999999999997335 ) ) ;
#6183 = CARTESIAN_POINT ( 'NONE',  ( 9.499999999999998224, 73.05662432702591502, 12.49999999999998401 ) ) ;
#6184 = CIRCLE ( 'NONE', #3862, 3.500000000000000000 ) ;
#6185 = CARTESIAN_POINT ( 'NONE',  ( 0.000000000000000000, 0.5000000000000004441, 0.000000000000000000 ) ) ;
#6186 = ADVANCED_FACE ( 'NONE', ( #4800 ), #1973, .F. ) ;
#6187 = ADVANCED_FACE ( 'NONE', ( #5814 ), #3554, .F. ) ;
#6188 = VERTEX_POINT ( 'NONE', #770 ) ;
#6189 = CARTESIAN_POINT ( 'NONE',  ( 11.50000000000000000, 10.20000000000000107, 14.50000000000000000 ) ) ;
#6190 = ORIENTED_EDGE ( 'NONE', *, *, #3969, .F. ) ;
#6191 = CARTESIAN_POINT ( 'NONE',  ( -1.184906938235807727, 11.03767863869525634, -3.823408869159843348 ) ) ;
#6192 = CARTESIAN_POINT ( 'NONE',  ( 8.324999999999990408, 35.30199819143152951, -6.299999999999999822 ) ) ;
#6193 = FACE_OUTER_BOUND ( 'NONE', #1287, .T. ) ;
#6194 = EDGE_CURVE ( 'NONE', #337, #101, #6870, .T. ) ;
#6195 = CARTESIAN_POINT ( 'NONE',  ( 12.00000000000000000, 16.49999999999999289, -9.350000000000001421 ) ) ;
#6196 = DIRECTION ( 'NONE',  ( -0.000000000000000000, -1.000000000000000000, -0.000000000000000000 ) ) ;
#6197 = DIRECTION ( 'NONE',  ( 0.000000000000000000, 0.000000000000000000, 1.000000000000000000 ) ) ;
#6198 = ORIENTED_EDGE ( 'NONE', *, *, #1650, .T. ) ;
#6199 = AXIS2_PLACEMENT_3D ( 'NONE', #4649, #2584, #5369 ) ;
#6200 = CARTESIAN_POINT ( 'NONE',  ( 0.000000000000000000, 0.000000000000000000, -6.299999999999999822 ) ) ;
#6201 = CARTESIAN_POINT ( 'NONE',  ( -11.99999999999466205, 63.17599272401108834, 10.31887486847104896 ) ) ;
#6202 = ORIENTED_EDGE ( 'NONE', *, *, #6095, .T. ) ;
#6203 = EDGE_CURVE ( 'NONE', #2542, #134, #3122, .T. ) ;
#6204 = FACE_BOUND ( 'NONE', #1848, .T. ) ;
#6205 = ORIENTED_EDGE ( 'NONE', *, *, #1927, .T. ) ;
#6206 = DIRECTION ( 'NONE',  ( 0.000000000000000000, 0.000000000000000000, 1.000000000000000000 ) ) ;
#6207 = FACE_OUTER_BOUND ( 'NONE', #1452, .T. ) ;
#6208 = CARTESIAN_POINT ( 'NONE',  ( -3.069891021979656465, 12.12478552691186451, -4.500000000000000000 ) ) ;
#6209 = ORIENTED_EDGE ( 'NONE', *, *, #425, .T. ) ;
#6210 = EDGE_LOOP ( 'NONE', ( #413, #5401 ) ) ;
#6211 = CARTESIAN_POINT ( 'NONE',  ( 15.00000000000000178, 70.50000000000000000, -11.50000000000000355 ) ) ;
#6212 = DIRECTION ( 'NONE',  ( -0.000000000000000000, 1.000000000000000000, -0.000000000000000000 ) ) ;
#6213 = CARTESIAN_POINT ( 'NONE',  ( 10.49999999999999645, 77.00000000000000000, 14.99999999999999645 ) ) ;
#6214 = DIRECTION ( 'NONE',  ( 0.000000000000000000, 0.000000000000000000, 1.000000000000000000 ) ) ;
#6215 = ORIENTED_EDGE ( 'NONE', *, *, #4220, .F. ) ;
#6216 = ORIENTED_EDGE ( 'NONE', *, *, #3298, .F. ) ;
#6217 = CARTESIAN_POINT ( 'NONE',  ( 14.99999999999999645, 20.49999999999999645, -4.500000000000003553 ) ) ;
#6218 = ORIENTED_EDGE ( 'NONE', *, *, #3193, .F. ) ;
#6219 = CARTESIAN_POINT ( 'NONE',  ( 1.502251304049622815, 11.58818037289666592, -3.710257684433864167 ) ) ;
#6220 = FACE_BOUND ( 'NONE', #4974, .T. ) ;
#6221 = EDGE_CURVE ( 'NONE', #4687, #1829, #6408, .T. ) ;
#6222 = CARTESIAN_POINT ( 'NONE',  ( 0.000000000000000000, 9.000000000000001776, 0.000000000000000000 ) ) ;
#6223 = ORIENTED_EDGE ( 'NONE', *, *, #1188, .T. ) ;
#6224 = ORIENTED_EDGE ( 'NONE', *, *, #7001, .F. ) ;
#6225 = AXIS2_PLACEMENT_3D ( 'NONE', #612, #5046, #23 ) ;
#6226 = VERTEX_POINT ( 'NONE', #7045 ) ;
#6227 = DIRECTION ( 'NONE',  ( 1.000000000000000000, 0.000000000000000000, -1.931325469920844706E-15 ) ) ;
#6228 = DIRECTION ( 'NONE',  ( 0.000000000000000000, 0.000000000000000000, -1.000000000000000000 ) ) ;
#6229 = DIRECTION ( 'NONE',  ( 1.000000000000000000, 0.000000000000000000, 0.000000000000000000 ) ) ;
#6230 = VECTOR ( 'NONE', #975, 1000.000000000000000 ) ;
#6231 = EDGE_CURVE ( 'NONE', #2141, #6534, #2203, .T. ) ;
#6232 = ADVANCED_FACE ( 'NONE', ( #2160 ), #4396, .T. ) ;
#6233 = PLANE ( 'NONE',  #3490 ) ;
#6234 = ORIENTED_EDGE ( 'NONE', *, *, #2896, .F. ) ;
#6235 = DIRECTION ( 'NONE',  ( -1.000000000000000000, 0.000000000000000000, 0.000000000000000000 ) ) ;
#6236 = ORIENTED_EDGE ( 'NONE', *, *, #7036, .F. ) ;
#6237 = VECTOR ( 'NONE', #5568, 1000.000000000000000 ) ;
#6238 = DIRECTION ( 'NONE',  ( -1.000000000000000000, 0.000000000000000000, 0.000000000000000000 ) ) ;
#6239 = DIRECTION ( 'NONE',  ( -0.000000000000000000, -1.000000000000000000, -0.000000000000000000 ) ) ;
#6240 = DIRECTION ( 'NONE',  ( -0.000000000000000000, 1.000000000000000000, -0.000000000000000000 ) ) ;
#6241 = EDGE_CURVE ( 'NONE', #5967, #5084, #6644, .T. ) ;
#6242 = CIRCLE ( 'NONE', #168, 1.000000000000000888 ) ;
#6243 = ORIENTED_EDGE ( 'NONE', *, *, #1302, .T. ) ;
#6244 = AXIS2_PLACEMENT_3D ( 'NONE', #6264, #1702, #1667 ) ;
#6245 = DIRECTION ( 'NONE',  ( 0.000000000000000000, 0.000000000000000000, 1.000000000000000000 ) ) ;
#6246 = CARTESIAN_POINT ( 'NONE',  ( -1.937288419351411495, 11.83147941928309699, -3.999999999999999112 ) ) ;
#6247 = EDGE_CURVE ( 'NONE', #2337, #3723, #6079, .T. ) ;
#6248 = CARTESIAN_POINT ( 'NONE',  ( 11.50000000000000000, 10.20000000000000107, 14.50000000000000000 ) ) ;
#6249 = DIRECTION ( 'NONE',  ( 1.000000000000000000, 0.000000000000000000, -3.854941057726237111E-16 ) ) ;
#6250 = AXIS2_PLACEMENT_3D ( 'NONE', #4107, #253, #6940 ) ;
#6251 = CIRCLE ( 'NONE', #1236, 1.500000000000001332 ) ;
#6252 = ORIENTED_EDGE ( 'NONE', *, *, #1985, .F. ) ;
#6253 = DIRECTION ( 'NONE',  ( -0.000000000000000000, -0.000000000000000000, 1.000000000000000000 ) ) ;
#6254 = CIRCLE ( 'NONE', #3113, 1.000000000000000000 ) ;
#6255 = CIRCLE ( 'NONE', #66, 1.600000000000002531 ) ;
#6256 = CARTESIAN_POINT ( 'NONE',  ( -1.695127366932485113, 12.66295883856619575, -4.500000000000000000 ) ) ;
#6257 = DIRECTION ( 'NONE',  ( 0.000000000000000000, -1.000000000000000000, 0.000000000000000000 ) ) ;
#6258 = DIRECTION ( 'NONE',  ( -1.000000000000000000, 0.000000000000000000, 0.000000000000000000 ) ) ;
#6259 = CIRCLE ( 'NONE', #7196, 3.500000000000000000 ) ;
#6260 = ORIENTED_EDGE ( 'NONE', *, *, #6146, .T. ) ;
#6261 = AXIS2_PLACEMENT_3D ( 'NONE', #7135, #4810, #5936 ) ;
#6262 = ORIENTED_EDGE ( 'NONE', *, *, #5810, .T. ) ;
#6263 = PLANE ( 'NONE',  #6124 ) ;
#6264 = CARTESIAN_POINT ( 'NONE',  ( -8.500000000000003553, 63.50000000000000000, 10.49999999999999822 ) ) ;
#6265 = AXIS2_PLACEMENT_3D ( 'NONE', #6300, #1703, #91 ) ;
#6266 = DIRECTION ( 'NONE',  ( 0.000000000000000000, 0.000000000000000000, 1.000000000000000000 ) ) ;
#6267 = AXIS2_PLACEMENT_3D ( 'NONE', #4879, #3231, #4917 ) ;
#6268 = DIRECTION ( 'NONE',  ( 1.000000000000000000, 0.000000000000000000, 0.000000000000000000 ) ) ;
#6269 = DIRECTION ( 'NONE',  ( 0.000000000000000000, 0.000000000000000000, 1.000000000000000000 ) ) ;
#6270 = ORIENTED_EDGE ( 'NONE', *, *, #1168, .T. ) ;
#6271 = ORIENTED_EDGE ( 'NONE', *, *, #1799, .F. ) ;
#6272 = VECTOR ( 'NONE', #1883, 1000.000000000000114 ) ;
#6273 = EDGE_CURVE ( 'NONE', #3896, #6331, #3781, .T. ) ;
#6274 = ADVANCED_FACE ( 'NONE', ( #4442 ), #1655, .T. ) ;
#6275 = CARTESIAN_POINT ( 'NONE',  ( -5.783412808545045358, 46.20177828279593513, -4.499999999999999112 ) ) ;
#6276 = B_SPLINE_CURVE_WITH_KNOTS ( 'NONE', 3,
 ( #390, #1412, #863, #4317, #4823, #6489, #6533, #1278 ),
 .UNSPECIFIED., .F., .F.,
 ( 4, 2, 2, 4 ),
 ( -1.183215956623373202E-05, 0.001499668985054928693, 0.002255419557365508608, 0.003011170129676088957 ),
 .UNSPECIFIED. ) ;
#6277 = CARTESIAN_POINT ( 'NONE',  ( -4.990370791630470926, 47.08828429795819659, -4.499953638098374675 ) ) ;
#6278 = LINE ( 'NONE', #2988, #1929 ) ;
#6279 = PLANE ( 'NONE',  #4892 ) ;
#6280 = AXIS2_PLACEMENT_3D ( 'NONE', #3110, #6394, #4282 ) ;
#6281 = EDGE_CURVE ( 'NONE', #1646, #383, #4562, .T. ) ;
#6282 = AXIS2_PLACEMENT_3D ( 'NONE', #6848, #5072, #1227 ) ;
#6283 = DIRECTION ( 'NONE',  ( -1.000000000000000000, -0.000000000000000000, 0.000000000000000000 ) ) ;
#6284 = ORIENTED_EDGE ( 'NONE', *, *, #4526, .T. ) ;
#6285 = DIRECTION ( 'NONE',  ( 0.000000000000000000, 1.000000000000000000, 0.000000000000000000 ) ) ;
#6286 = DIRECTION ( 'NONE',  ( 0.000000000000000000, 0.000000000000000000, 1.000000000000000000 ) ) ;
#6287 = CARTESIAN_POINT ( 'NONE',  ( 10.99999999999998224, 16.49999999999999289, -9.349999999999999645 ) ) ;
#6288 = CIRCLE ( 'NONE', #5479, 2.500000000000000444 ) ;
#6289 = ORIENTED_EDGE ( 'NONE', *, *, #551, .T. ) ;
#6290 = ADVANCED_FACE ( 'NONE', ( #7206 ), #3192, .F. ) ;
#6291 = VECTOR ( 'NONE', #5344, 1000.000000000000000 ) ;
#6292 = CARTESIAN_POINT ( 'NONE',  ( 12.00000000000000000, 0.000000000000000000, 0.000000000000000000 ) ) ;
#6293 = CARTESIAN_POINT ( 'NONE',  ( -6.000000000000008882, 12.99999999999999822, -4.499999999999999112 ) ) ;
#6294 = CARTESIAN_POINT ( 'NONE',  ( -11.50000000000000000, -0.0009999999999992653654, -14.50000000000000000 ) ) ;
#6295 = CYLINDRICAL_SURFACE ( 'NONE', #3267, 1.000000000000000888 ) ;
#6296 = ORIENTED_EDGE ( 'NONE', *, *, #6719, .F. ) ;
#6297 = CARTESIAN_POINT ( 'NONE',  ( -0.2499999999999993616, 35.00000000000000000, -8.500000000000000000 ) ) ;
#6298 = ORIENTED_EDGE ( 'NONE', *, *, #6899, .F. ) ;
#6299 = CARTESIAN_POINT ( 'NONE',  ( 12.00000000000000000, 73.05662432702591502, 17.50000000000000000 ) ) ;
#6300 = CARTESIAN_POINT ( 'NONE',  ( 0.000000000000000000, 12.00000000000000000, 0.000000000000000000 ) ) ;
#6301 = FACE_BOUND ( 'NONE', #900, .T. ) ;
#6302 = DIRECTION ( 'NONE',  ( -0.000000000000000000, -1.000000000000000000, -0.000000000000000000 ) ) ;
#6303 = FACE_OUTER_BOUND ( 'NONE', #2648, .T. ) ;
#6304 = EDGE_LOOP ( 'NONE', ( #2440, #6891, #3643, #1337 ) ) ;
#6305 = CARTESIAN_POINT ( 'NONE',  ( 12.00000000000000000, 72.00000000000000000, -9.443375672974068991 ) ) ;
#6306 = ORIENTED_EDGE ( 'NONE', *, *, #5651, .F. ) ;
#6307 = AXIS2_PLACEMENT_3D ( 'NONE', #1960, #4203, #3685 ) ;
#6308 = DIRECTION ( 'NONE',  ( 0.000000000000000000, 0.000000000000000000, 1.000000000000000000 ) ) ;
#6309 = DIRECTION ( 'NONE',  ( -0.8660254037844389297, -0.4999999999999995004, 0.000000000000000000 ) ) ;
#6310 = VERTEX_POINT ( 'NONE', #3304 ) ;
#6311 = EDGE_CURVE ( 'NONE', #733, #2059, #929, .T. ) ;
#6312 = DIRECTION ( 'NONE',  ( 0.000000000000000000, 0.000000000000000000, 1.000000000000000000 ) ) ;
#6313 = ORIENTED_EDGE ( 'NONE', *, *, #4669, .T. ) ;
#6314 = ADVANCED_FACE ( 'NONE', ( #2642 ), #1273, .T. ) ;
#6315 = ADVANCED_FACE ( 'NONE', ( #517, #5415 ), #7128, .F. ) ;
#6316 = ADVANCED_FACE ( 'NONE', ( #6548 ), #454, .F. ) ;
#6317 = EDGE_LOOP ( 'NONE', ( #4840, #5993 ) ) ;
#6318 = ORIENTED_EDGE ( 'NONE', *, *, #2746, .T. ) ;
#6319 = DIRECTION ( 'NONE',  ( -1.000000000000000000, 0.000000000000000000, 0.000000000000000000 ) ) ;
#6320 = CARTESIAN_POINT ( 'NONE',  ( -0.2871891965258047130, 12.45687971689875972, -4.500000000000000888 ) ) ;
#6321 = DIRECTION ( 'NONE',  ( -3.717264591378872697E-16, 0.000000000000000000, -1.000000000000000000 ) ) ;
#6322 = EDGE_CURVE ( 'NONE', #1387, #7093, #6184, .T. ) ;
#6323 = CARTESIAN_POINT ( 'NONE',  ( 11.50000000000000000, 12.00000000000000000, -14.50000000000000000 ) ) ;
#6324 = FACE_OUTER_BOUND ( 'NONE', #3165, .T. ) ;
#6325 = FACE_OUTER_BOUND ( 'NONE', #5271, .T. ) ;
#6326 = CARTESIAN_POINT ( 'NONE',  ( -2.250000000000002665, 35.00000000000000000, -8.500000000000000000 ) ) ;
#6327 = ADVANCED_FACE ( 'NONE', ( #4293 ), #4332, .F. ) ;
#6328 = EDGE_LOOP ( 'NONE', ( #3265, #3768, #3859, #6924 ) ) ;
#6329 = ORIENTED_EDGE ( 'NONE', *, *, #5043, .F. ) ;
#6330 = DIRECTION ( 'NONE',  ( -4.336808689942018229E-16, -0.000000000000000000, -1.000000000000000000 ) ) ;
#6331 = VERTEX_POINT ( 'NONE', #5458 ) ;
#6332 = CARTESIAN_POINT ( 'NONE',  ( 15.00000000000000178, 71.50000000000000000, -10.50000000000000178 ) ) ;
#6333 = FACE_OUTER_BOUND ( 'NONE', #4127, .T. ) ;
#6334 = CARTESIAN_POINT ( 'NONE',  ( -5.680626034585810835, 41.94291838929972727, -5.298050596501101772 ) ) ;
#6335 = DIRECTION ( 'NONE',  ( 0.000000000000000000, 1.000000000000000000, -0.000000000000000000 ) ) ;
#6336 = EDGE_CURVE ( 'NONE', #2636, #2953, #4911, .T. ) ;
#6337 = ORIENTED_EDGE ( 'NONE', *, *, #5620, .T. ) ;
#6338 = DIRECTION ( 'NONE',  ( -0.000000000000000000, 1.000000000000000000, -0.000000000000000000 ) ) ;
#6339 = ORIENTED_EDGE ( 'NONE', *, *, #2425, .T. ) ;
#6340 = DIRECTION ( 'NONE',  ( 0.000000000000000000, -0.5000000000000003331, 0.8660254037844383745 ) ) ;
#6341 = AXIS2_PLACEMENT_3D ( 'NONE', #5361, #2579, #351 ) ;
#6342 = CARTESIAN_POINT ( 'NONE',  ( 16.00000000000000000, 74.50000000000000000, 14.99999999999999112 ) ) ;
#6343 = CARTESIAN_POINT ( 'NONE',  ( -3.027817726178092528, 11.97556720280991449, -3.682522228835258371 ) ) ;
#6344 = CYLINDRICAL_SURFACE ( 'NONE', #1830, 1.000000000000000000 ) ;
#6345 = EDGE_LOOP ( 'NONE', ( #6270, #6093 ) ) ;
#6346 = ORIENTED_EDGE ( 'NONE', *, *, #4227, .F. ) ;
#6347 = VERTEX_POINT ( 'NONE', #1036 ) ;
#6348 = CIRCLE ( 'NONE', #4257, 1.100000000000008082 ) ;
#6349 = APPROVAL_ROLE ( '' ) ;
#6350 = ORIENTED_EDGE ( 'NONE', *, *, #6536, .F. ) ;
#6351 = LINE ( 'NONE', #1814, #5775 ) ;
#6352 = AXIS2_PLACEMENT_3D ( 'NONE', #6755, #1749, #2925 ) ;
#6353 = LINE ( 'NONE', #2411, #3697 ) ;
#6354 = DIRECTION ( 'NONE',  ( 0.000000000000000000, -1.000000000000000000, 0.000000000000000000 ) ) ;
#6355 = VECTOR ( 'NONE', #5398, 1000.000000000000000 ) ;
#6356 = EDGE_CURVE ( 'NONE', #6968, #4984, #5160, .T. ) ;
#6357 = EDGE_CURVE ( 'NONE', #4468, #1649, #2798, .T. ) ;
#6358 = DIRECTION ( 'NONE',  ( 0.000000000000000000, 0.000000000000000000, 1.000000000000000000 ) ) ;
#6359 = B_SPLINE_CURVE_WITH_KNOTS ( 'NONE', 3,
 ( #1820, #596, #6152, #1687, #660, #559, #5703, #5091 ),
 .UNSPECIFIED., .F., .F.,
 ( 4, 2, 2, 4 ),
 ( 0.001806139599725245168, 0.002257660259090320688, 0.002709180918455396207, 0.003612222237185547680 ),
 .UNSPECIFIED. ) ;
#6360 = CARTESIAN_POINT ( 'NONE',  ( -1.743559577416355699, 11.65418872359558300, -3.599999999999957456 ) ) ;
#6361 = CIRCLE ( 'NONE', #7183, 1.000000000000000888 ) ;
#6362 = CARTESIAN_POINT ( 'NONE',  ( -10.00000000000000355, 66.54999999999999716, -9.949999999999997513 ) ) ;
#6363 = CARTESIAN_POINT ( 'NONE',  ( 4.174999999999997158, 16.69800180856847405, -6.299999999999999822 ) ) ;
#6364 = ORIENTED_EDGE ( 'NONE', *, *, #6406, .F. ) ;
#6365 = AXIS2_PLACEMENT_3D ( 'NONE', #3891, #1651, #1683 ) ;
#6366 = EDGE_CURVE ( 'NONE', #809, #4958, #1756, .T. ) ;
#6367 = CARTESIAN_POINT ( 'NONE',  ( 16.00000000000000000, 67.00000000000000000, 18.49999999999998934 ) ) ;
#6368 = EDGE_LOOP ( 'NONE', ( #4640, #1792, #433, #183 ) ) ;
#6369 = PLANE ( 'NONE',  #1123 ) ;
#6370 = CARTESIAN_POINT ( 'NONE',  ( -6.000000000000008882, 46.55880831638479123, -3.499999999999998668 ) ) ;
#6371 = AXIS2_PLACEMENT_3D ( 'NONE', #1970, #5957, #4179 ) ;
#6372 = CARTESIAN_POINT ( 'NONE',  ( -5.440424123739830087, 41.85196793970696660, -4.423714657365372283 ) ) ;
#6373 = CARTESIAN_POINT ( 'NONE',  ( 5.999999999999998224, 70.50000000000000000, 17.49999999999999645 ) ) ;
#6374 = CIRCLE ( 'NONE', #3467, 1.899999999999999689 ) ;
#6375 = VERTEX_POINT ( 'NONE', #4512 ) ;
#6376 = AXIS2_PLACEMENT_3D ( 'NONE', #4473, #3998, #5028 ) ;
#6377 = DIRECTION ( 'NONE',  ( -0.000000000000000000, 1.000000000000000000, -0.000000000000000000 ) ) ;
#6378 = ORIENTED_EDGE ( 'NONE', *, *, #2017, .F. ) ;
#6379 = EDGE_CURVE ( 'NONE', #6026, #6956, #5602, .T. ) ;
#6380 = VECTOR ( 'NONE', #3875, 1000.000000000000000 ) ;
#6381 = LINE ( 'NONE', #3535, #2019 ) ;
#6382 = CIRCLE ( 'NONE', #4172, 1.000000000000000000 ) ;
#6383 = ORIENTED_EDGE ( 'NONE', *, *, #6120, .T. ) ;
#6384 = DIRECTION ( 'NONE',  ( 0.000000000000000000, 0.000000000000000000, -1.000000000000000000 ) ) ;
#6385 = LINE ( 'NONE', #823, #3117 ) ;
#6386 = LINE ( 'NONE', #3142, #88 ) ;
#6387 = ORIENTED_EDGE ( 'NONE', *, *, #1027, .F. ) ;
#6388 = TOROIDAL_SURFACE ( 'NONE', #4177, 2.500000000000000000, 1.000000000000000000 ) ;
#6389 = CALENDAR_DATE ( 2026, 31, 5 ) ;
#6390 = ORIENTED_EDGE ( 'NONE', *, *, #203, .F. ) ;
#6391 = TOROIDAL_SURFACE ( 'NONE', #3256, 2.000000000000000000, 1.000000000000000000 ) ;
#6392 = PLANE ( 'NONE',  #5096 ) ;
#6393 = CARTESIAN_POINT ( 'NONE',  ( -7.000000000000000888, 74.50000000000000000, 17.49999999999999645 ) ) ;
#6394 = DIRECTION ( 'NONE',  ( -0.000000000000000000, -1.000000000000000000, -0.000000000000000000 ) ) ;
#6395 = EDGE_CURVE ( 'NONE', #1544, #2423, #6359, .T. ) ;
#6396 = ORIENTED_EDGE ( 'NONE', *, *, #63, .T. ) ;
#6397 = AXIS2_PLACEMENT_3D ( 'NONE', #1743, #4625, #92 ) ;
#6398 = ORIENTED_EDGE ( 'NONE', *, *, #3485, .T. ) ;
#6399 = CARTESIAN_POINT ( 'NONE',  ( -5.334826251791746188, 46.14339909809723395, -4.462718840918321384 ) ) ;
#6400 = CARTESIAN_POINT ( 'NONE',  ( 9.526282908048393949, 77.26387404519655888, 14.78717027200139889 ) ) ;
#6401 = CARTESIAN_POINT ( 'NONE',  ( -2.179449471770336544, 11.00000000000000000, -4.500000000000000000 ) ) ;
#6402 = CIRCLE ( 'NONE', #6180, 1.100000000000001199 ) ;
#6403 = DIRECTION ( 'NONE',  ( 0.000000000000000000, 0.4999999999999998890, -0.8660254037844385966 ) ) ;
#6404 = CARTESIAN_POINT ( 'NONE',  ( -0.2499999999999993616, 35.00000000000000000, -8.500000000000000000 ) ) ;
#6405 = ADVANCED_FACE ( 'NONE', ( #2317 ), #4552, .F. ) ;
#6406 = EDGE_CURVE ( 'NONE', #5522, #5025, #3928, .T. ) ;
#6407 = EDGE_LOOP ( 'NONE', ( #6882, #6922, #321 ) ) ;
#6408 = CIRCLE ( 'NONE', #1503, 4.500000000000000888 ) ;
#6409 = DIRECTION ( 'NONE',  ( 0.000000000000000000, 0.000000000000000000, 1.000000000000000000 ) ) ;
#6410 = ORIENTED_EDGE ( 'NONE', *, *, #1008, .F. ) ;
#6411 = FACE_OUTER_BOUND ( 'NONE', #1352, .T. ) ;
#6412 = DIRECTION ( 'NONE',  ( -0.000000000000000000, 1.000000000000000000, -0.000000000000000000 ) ) ;
#6413 = CARTESIAN_POINT ( 'NONE',  ( -5.158788668343752271, 41.89998589652597616, -5.501203549607653009 ) ) ;
#6414 = DIRECTION ( 'NONE',  ( 0.000000000000000000, -0.4999999999999983347, -0.8660254037844397068 ) ) ;
#6415 = EDGE_LOOP ( 'NONE', ( #3494, #3012, #3080, #6998 ) ) ;
#6416 = LINE ( 'NONE', #5358, #5044 ) ;
#6417 = EDGE_CURVE ( 'NONE', #5198, #5933, #5486, .T. ) ;
#6418 = CARTESIAN_POINT ( 'NONE',  ( -2.250000000000002665, 35.00000000000000000, -11.50000000000000000 ) ) ;
#6419 = CARTESIAN_POINT ( 'NONE',  ( -11.11253971856916145, 60.07716416568828066, 9.499999999999996447 ) ) ;
#6420 = CARTESIAN_POINT ( 'NONE',  ( -8.000000000000003553, 40.99999999999999289, -9.000000000000003553 ) ) ;
#6421 = DIRECTION ( 'NONE',  ( 0.000000000000000000, 0.000000000000000000, 1.000000000000000000 ) ) ;
#6422 = VERTEX_POINT ( 'NONE', #1147 ) ;
#6423 = LINE ( 'NONE', #2622, #4784 ) ;
#6424 = ADVANCED_FACE ( 'NONE', ( #3379 ), #5631, .T. ) ;
#6425 = ORIENTED_EDGE ( 'NONE', *, *, #107, .F. ) ;
#6426 = CARTESIAN_POINT ( 'NONE',  ( 11.50000000000000000, 10.20000000000000107, 17.00000000000000000 ) ) ;
#6427 = CARTESIAN_POINT ( 'NONE',  ( -10.00000000000000355, 66.54999999999999716, -7.450000000000000178 ) ) ;
#6428 = CARTESIAN_POINT ( 'NONE',  ( -5.000000000000007994, 12.99999999999999822, -3.499999999999999112 ) ) ;
#6429 = VECTOR ( 'NONE', #5751, 1000.000000000000000 ) ;
#6430 = ORIENTED_EDGE ( 'NONE', *, *, #5737, .T. ) ;
#6431 = ORIENTED_EDGE ( 'NONE', *, *, #867, .F. ) ;
#6432 = CARTESIAN_POINT ( 'NONE',  ( -11.00000000000000355, 74.50000000000000000, -7.999999999999998224 ) ) ;
#6433 = CARTESIAN_POINT ( 'NONE',  ( -5.525317456919576209, 40.99506825024426604, -4.361145582222567540 ) ) ;
#6434 = CARTESIAN_POINT ( 'NONE',  ( 9.000000000000000000, -0.0009999999999992653654, 0.000000000000000000 ) ) ;
#6435 = CARTESIAN_POINT ( 'NONE',  ( -6.000000000000003553, 78.00000000000000000, 9.499999999999998224 ) ) ;
#6436 = ORIENTED_EDGE ( 'NONE', *, *, #6010, .F. ) ;
#6437 = CARTESIAN_POINT ( 'NONE',  ( 4.175000000000000711, 37.69800180856846339, -6.299999999999999822 ) ) ;
#6438 = EDGE_LOOP ( 'NONE', ( #87, #6284, #4098, #7 ) ) ;
#6439 = EDGE_CURVE ( 'NONE', #2927, #305, #692, .T. ) ;
#6440 = CARTESIAN_POINT ( 'NONE',  ( 9.499999999999998224, 74.50000000000000000, 17.49999999999999645 ) ) ;
#6441 = CARTESIAN_POINT ( 'NONE',  ( -11.50000000000000355, 66.54999999999999716, -10.44999999999999751 ) ) ;
#6442 = CARTESIAN_POINT ( 'NONE',  ( -5.208452287166295491, 41.87808366382979131, -4.485453663657003709 ) ) ;
#6443 = CARTESIAN_POINT ( 'NONE',  ( -11.50000000000000355, 61.04999999999999005, -10.44999999999999574 ) ) ;
#6444 = ORIENTED_EDGE ( 'NONE', *, *, #514, .T. ) ;
#6445 = DIRECTION ( 'NONE',  ( 0.000000000000000000, -0.5000000000000006661, -0.8660254037844382635 ) ) ;
#6446 = DIRECTION ( 'NONE',  ( -1.000000000000000000, 0.000000000000000000, 0.000000000000000000 ) ) ;
#6447 = EDGE_CURVE ( 'NONE', #1649, #1891, #3388, .T. ) ;
#6448 = ADVANCED_FACE ( 'NONE', ( #6 ), #1169, .T. ) ;
#6449 = CARTESIAN_POINT ( 'NONE',  ( -2.250000000000001332, 17.00000000000000000, -8.500000000000000000 ) ) ;
#6450 = LINE ( 'NONE', #4858, #2673 ) ;
#6451 = ORIENTED_EDGE ( 'NONE', *, *, #4176, .F. ) ;
#6452 = CARTESIAN_POINT ( 'NONE',  ( 11.50000000000000000, 12.00000000000000000, 14.50000000000000000 ) ) ;
#6453 = ORIENTED_EDGE ( 'NONE', *, *, #726, .T. ) ;
#6454 = EDGE_CURVE ( 'NONE', #6695, #208, #3500, .T. ) ;
#6455 = DIRECTION ( 'NONE',  ( -3.717264591378872697E-16, -0.000000000000000000, -1.000000000000000000 ) ) ;
#6456 = DIRECTION ( 'NONE',  ( -0.4999999999999998335, -0.8660254037844388186, 0.000000000000000000 ) ) ;
#6457 = CARTESIAN_POINT ( 'NONE',  ( -0.3301671449530280689, 11.79539954503380983, -4.249874663774184214 ) ) ;
#6458 = AXIS2_PLACEMENT_3D ( 'NONE', #606, #6746, #89 ) ;
#6459 = ORIENTED_EDGE ( 'NONE', *, *, #5510, .T. ) ;
#6460 = EDGE_LOOP ( 'NONE', ( #849, #7238, #3564, #5173 ) ) ;
#6461 = CIRCLE ( 'NONE', #4846, 26.00000000000000355 ) ;
#6462 = ADVANCED_FACE ( 'NONE', ( #110 ), #1104, .F. ) ;
#6463 = DIRECTION ( 'NONE',  ( -0.000000000000000000, -0.000000000000000000, 1.000000000000000000 ) ) ;
#6464 = DIRECTION ( 'NONE',  ( -0.000000000000000000, 1.000000000000000000, -0.000000000000000000 ) ) ;
#6465 = CARTESIAN_POINT ( 'NONE',  ( -7.000000000000000888, 0.000000000000000000, 17.49999999999999645 ) ) ;
#6466 = CARTESIAN_POINT ( 'NONE',  ( -8.400000000000002132, 69.38341924626902824, 9.800000000000006040 ) ) ;
#6467 = DIRECTION ( 'NONE',  ( 3.717264591378873190E-16, 0.000000000000000000, 1.000000000000000000 ) ) ;
#6468 = EDGE_LOOP ( 'NONE', ( #6857, #5979, #860, #7024 ) ) ;
#6469 = CARTESIAN_POINT ( 'NONE',  ( -12.00000000000000355, 78.00000000000000000, 8.499999999999996447 ) ) ;
#6470 = CARTESIAN_POINT ( 'NONE',  ( 0.000000000000000000, 11.00000000000000000, 0.000000000000000000 ) ) ;
#6471 = ORIENTED_EDGE ( 'NONE', *, *, #3853, .F. ) ;
#6472 = DIRECTION ( 'NONE',  ( 0.000000000000000000, -1.000000000000000000, 0.000000000000000000 ) ) ;
#6473 = CARTESIAN_POINT ( 'NONE',  ( -4.150000000000008349, 44.00000000000000000, -11.49999999999999822 ) ) ;
#6474 = VERTEX_POINT ( 'NONE', #1784 ) ;
#6475 = EDGE_CURVE ( 'NONE', #7146, #6723, #6764, .T. ) ;
#6476 = CARTESIAN_POINT ( 'NONE',  ( 16.00000000000000000, 12.00000000000000000, -3.500000000000004441 ) ) ;
#6477 = ORIENTED_EDGE ( 'NONE', *, *, #5626, .F. ) ;
#6478 = AXIS2_PLACEMENT_3D ( 'NONE', #4654, #2527, #6403 ) ;
#6479 = CIRCLE ( 'NONE', #1706, 1.000000000000000888 ) ;
#6480 = ORIENTED_EDGE ( 'NONE', *, *, #834, .T. ) ;
#6481 = CARTESIAN_POINT ( 'NONE',  ( 3.570714214271423881, 13.00000000000000000, -4.500000000000001776 ) ) ;
#6482 = AXIS2_PLACEMENT_3D ( 'NONE', #878, #5994, #3778 ) ;
#6483 = LINE ( 'NONE', #5944, #6355 ) ;
#6484 = DIRECTION ( 'NONE',  ( -1.000000000000000000, -0.000000000000000000, -0.000000000000000000 ) ) ;
#6485 = AXIS2_PLACEMENT_3D ( 'NONE', #1457, #4360, #1536 ) ;
#6486 = LINE ( 'NONE', #1481, #4650 ) ;
#6487 = VERTEX_POINT ( 'NONE', #1246 ) ;
#6488 = ADVANCED_FACE ( 'NONE', ( #3482 ), #5870, .T. ) ;
#6489 = CARTESIAN_POINT ( 'NONE',  ( -6.000000000000001776, 68.17618580357738267, 11.53729322873516594 ) ) ;
#6490 = EDGE_LOOP ( 'NONE', ( #5248, #4525, #712, #5825 ) ) ;
#6491 = ORIENTED_EDGE ( 'NONE', *, *, #5210, .T. ) ;
#6492 = EDGE_CURVE ( 'NONE', #875, #2623, #1483, .T. ) ;
#6493 = EDGE_CURVE ( 'NONE', #605, #3463, #4901, .T. ) ;
#6494 = COORDINATED_UNIVERSAL_TIME_OFFSET ( 8, 0, .AHEAD. ) ;
#6495 = TOROIDAL_SURFACE ( 'NONE', #3360, 2.000000000000000000, 1.000000000000000000 ) ;
#6496 = VECTOR ( 'NONE', #460, 1000.000000000000000 ) ;
#6497 = EDGE_LOOP ( 'NONE', ( #3408, #1904, #4367, #1077 ) ) ;
#6498 = CARTESIAN_POINT ( 'NONE',  ( -11.50000000000000000, -0.0009999999999992653654, -14.50000000000000000 ) ) ;
#6499 = DIRECTION ( 'NONE',  ( 1.000000000000000000, 0.000000000000000000, 0.000000000000000000 ) ) ;
#6500 = DIRECTION ( 'NONE',  ( 0.000000000000000000, 0.000000000000000000, 1.000000000000000000 ) ) ;
#6501 = AXIS2_PLACEMENT_3D ( 'NONE', #4808, #1397, #189 ) ;
#6502 = AXIS2_PLACEMENT_3D ( 'NONE', #6434, #1824, #2455 ) ;
#6503 = EDGE_CURVE ( 'NONE', #491, #1295, #3100, .T. ) ;
#6504 = ORIENTED_EDGE ( 'NONE', *, *, #4761, .T. ) ;
#6505 = EDGE_LOOP ( 'NONE', ( #4886, #5839, #1184, #5633 ) ) ;
#6506 = VECTOR ( 'NONE', #213, 1000.000000000000000 ) ;
#6507 = DIRECTION ( 'NONE',  ( 1.000000000000000000, 0.000000000000000000, 0.000000000000000000 ) ) ;
#6508 = CARTESIAN_POINT ( 'NONE',  ( -11.50000000000000000, 10.20000000000000107, -14.50000000000000000 ) ) ;
#6509 = LINE ( 'NONE', #3159, #1806 ) ;
#6510 = CARTESIAN_POINT ( 'NONE',  ( -7.000000000000002665, 61.00000000000000000, 11.49999999999999467 ) ) ;
#6511 = CIRCLE ( 'NONE', #792, 1.000000000000000888 ) ;
#6512 = EDGE_LOOP ( 'NONE', ( #3675, #4942, #3092, #1557 ) ) ;
#6513 = EDGE_CURVE ( 'NONE', #296, #1068, #5134, .T. ) ;
#6514 = ORIENTED_EDGE ( 'NONE', *, *, #4463, .T. ) ;
#6515 = ORIENTED_EDGE ( 'NONE', *, *, #4865, .F. ) ;
#6516 = CIRCLE ( 'NONE', #327, 0.9999999999999991118 ) ;
#6517 = DIRECTION ( 'NONE',  ( 0.000000000000000000, 0.000000000000000000, -1.000000000000000000 ) ) ;
#6518 = ORIENTED_EDGE ( 'NONE', *, *, #6147, .T. ) ;
#6519 = LINE ( 'NONE', #6553, #6939 ) ;
#6520 = CYLINDRICAL_SURFACE ( 'NONE', #1148, 3.000000000000001332 ) ;
#6521 = CARTESIAN_POINT ( 'NONE',  ( 16.00000000000000000, 74.50000000000000000, 14.99999999999999645 ) ) ;
#6522 = DIRECTION ( 'NONE',  ( 1.000000000000000000, -0.000000000000000000, 0.000000000000000000 ) ) ;
#6523 = FACE_OUTER_BOUND ( 'NONE', #1965, .T. ) ;
#6524 = EDGE_LOOP ( 'NONE', ( #6337, #3540 ) ) ;
#6525 = AXIS2_PLACEMENT_3D ( 'NONE', #5534, #7100, #6555 ) ;
#6526 = CARTESIAN_POINT ( 'NONE',  ( 15.99999999999999289, 19.49999999999999645, -5.500000000000005329 ) ) ;
#6527 = VERTEX_POINT ( 'NONE', #7111 ) ;
#6528 = LINE ( 'NONE', #7178, #3571 ) ;
#6529 = AXIS2_PLACEMENT_3D ( 'NONE', #2834, #2378, #1726 ) ;
#6530 = CARTESIAN_POINT ( 'NONE',  ( -7.750000000000003553, 15.50000000000000000, -8.499999999999996447 ) ) ;
#6531 = CARTESIAN_POINT ( 'NONE',  ( 12.00000000000000000, 74.50000000000000000, -9.349999999999997868 ) ) ;
#6532 = ORIENTED_EDGE ( 'NONE', *, *, #694, .T. ) ;
#6533 = CARTESIAN_POINT ( 'NONE',  ( -6.000000000000000888, 67.92690839656981439, 11.49999999999999467 ) ) ;
#6534 = VERTEX_POINT ( 'NONE', #2026 ) ;
#6535 = DIRECTION ( 'NONE',  ( 0.000000000000000000, 0.000000000000000000, 1.000000000000000000 ) ) ;
#6536 = EDGE_CURVE ( 'NONE', #2050, #5498, #3179, .T. ) ;
#6537 = CARTESIAN_POINT ( 'NONE',  ( -5.067599137047730906, 46.09206355668135302, -5.499907276196749351 ) ) ;
#6538 = CARTESIAN_POINT ( 'NONE',  ( -12.00000000000000355, 34.00000000000000000, -0.5000000000000022204 ) ) ;
#6539 = VERTEX_POINT ( 'NONE', #2067 ) ;
#6540 = EDGE_CURVE ( 'NONE', #5855, #4074, #6984, .T. ) ;
#6541 = PLANE ( 'NONE',  #3001 ) ;
#6542 = ORIENTED_EDGE ( 'NONE', *, *, #3381, .F. ) ;
#6543 = FACE_OUTER_BOUND ( 'NONE', #6438, .T. ) ;
#6544 = EDGE_CURVE ( 'NONE', #5964, #7146, #6276, .T. ) ;
#6545 = CARTESIAN_POINT ( 'NONE',  ( 0.000000000000000000, 0.000000000000000000, -6.299999999999999822 ) ) ;
#6546 = VECTOR ( 'NONE', #3088, 1000.000000000000000 ) ;
#6547 = DIRECTION ( 'NONE',  ( -0.000000000000000000, -0.000000000000000000, 1.000000000000000000 ) ) ;
#6548 = FACE_OUTER_BOUND ( 'NONE', #5289, .T. ) ;
#6549 = ORIENTED_EDGE ( 'NONE', *, *, #2164, .T. ) ;
#6550 = CARTESIAN_POINT ( 'NONE',  ( -7.000000000000006217, 35.00000000000000000, 2.999999999999997780 ) ) ;
#6551 = ORIENTED_EDGE ( 'NONE', *, *, #1840, .T. ) ;
#6552 = EDGE_CURVE ( 'NONE', #4789, #4976, #6423, .T. ) ;
#6553 = CARTESIAN_POINT ( 'NONE',  ( -8.000000000000003553, 40.99999999999999289, -10.90000000000000391 ) ) ;
#6554 = LINE ( 'NONE', #1080, #3469 ) ;
#6555 = DIRECTION ( 'NONE',  ( 0.000000000000000000, 0.000000000000000000, -1.000000000000000000 ) ) ;
#6556 = DIRECTION ( 'NONE',  ( -0.8660254037844378194, -0.5000000000000013323, 0.000000000000000000 ) ) ;
#6557 = ORIENTED_EDGE ( 'NONE', *, *, #1688, .F. ) ;
#6558 = EDGE_LOOP ( 'NONE', ( #6296, #4260, #5211, #5488 ) ) ;
#6559 = FACE_OUTER_BOUND ( 'NONE', #1752, .T. ) ;
#6560 = EDGE_CURVE ( 'NONE', #5452, #3418, #5617, .T. ) ;
#6561 = CARTESIAN_POINT ( 'NONE',  ( 11.50000000000000000, 9.000000000000001776, 11.99999999999999822 ) ) ;
#6562 = DIRECTION ( 'NONE',  ( 0.000000000000000000, 0.000000000000000000, -1.000000000000000000 ) ) ;
#6563 = CARTESIAN_POINT ( 'NONE',  ( 9.799999999999998934, 74.49999999999998579, -10.88675134594812910 ) ) ;
#6564 = ORIENTED_EDGE ( 'NONE', *, *, #7059, .T. ) ;
#6565 = CARTESIAN_POINT ( 'NONE',  ( -11.18082437731415624, 60.24801614144936224, 9.534070271144489794 ) ) ;
#6566 = LINE ( 'NONE', #1872, #1438 ) ;
#6567 = CARTESIAN_POINT ( 'NONE',  ( -6.390397231929306976, 45.76350647969832153, -4.028575701917891827 ) ) ;
#6568 = CARTESIAN_POINT ( 'NONE',  ( 9.499999999999998224, 77.00000000000000000, 14.33012701892219276 ) ) ;
#6569 = DIRECTION ( 'NONE',  ( -0.000000000000000000, -0.000000000000000000, 1.000000000000000000 ) ) ;
#6570 = DIRECTION ( 'NONE',  ( 0.000000000000000000, -0.000000000000000000, -1.000000000000000000 ) ) ;
#6571 = AXIS2_PLACEMENT_3D ( 'NONE', #3326, #5545, #7231 ) ;
#6572 = ORIENTED_EDGE ( 'NONE', *, *, #694, .F. ) ;
#6573 = ORIENTED_EDGE ( 'NONE', *, *, #4506, .T. ) ;
#6574 = ORIENTED_EDGE ( 'NONE', *, *, #1188, .F. ) ;
#6575 = FACE_OUTER_BOUND ( 'NONE', #868, .T. ) ;
#6576 = CIRCLE ( 'NONE', #4713, 0.5000000000000004441 ) ;
#6577 = CYLINDRICAL_SURFACE ( 'NONE', #4992, 1.600000000000002531 ) ;
#6578 = ADVANCED_FACE ( 'NONE', ( #1993 ), #3767, .F. ) ;
#6579 = DIRECTION ( 'NONE',  ( -1.000000000000000000, -0.000000000000000000, -0.000000000000000000 ) ) ;
#6580 = DIRECTION ( 'NONE',  ( 0.000000000000000000, 0.000000000000000000, -1.000000000000000000 ) ) ;
#6581 = ORIENTED_EDGE ( 'NONE', *, *, #1379, .F. ) ;
#6582 = TOROIDAL_SURFACE ( 'NONE', #3436, 2.000000000000000000, 1.000000000000000000 ) ;
#6583 = EDGE_CURVE ( 'NONE', #809, #1367, #1406, .T. ) ;
#6584 = ADVANCED_FACE ( 'NONE', ( #434, #1444 ), #2666, .F. ) ;
#6585 = ORIENTED_EDGE ( 'NONE', *, *, #834, .F. ) ;
#6586 = CYLINDRICAL_SURFACE ( 'NONE', #1445, 2.000000000000003553 ) ;
#6587 = EDGE_LOOP ( 'NONE', ( #5722, #1411 ) ) ;
#6588 = FACE_OUTER_BOUND ( 'NONE', #3187, .T. ) ;
#6589 = CIRCLE ( 'NONE', #2745, 1.000000000000000888 ) ;
#6590 = CARTESIAN_POINT ( 'NONE',  ( -11.00000000000000355, 30.50000000000000355, -1.500000000000002220 ) ) ;
#6591 = DIRECTION ( 'NONE',  ( -4.336808689942017736E-16, 0.000000000000000000, -1.000000000000000000 ) ) ;
#6592 = CARTESIAN_POINT ( 'NONE',  ( -12.00000000000000533, 62.95982419673450181, 10.01683977417062188 ) ) ;
#6593 = EDGE_CURVE ( 'NONE', #2795, #4161, #236, .T. ) ;
#6594 = EDGE_LOOP ( 'NONE', ( #7153, #4297, #1611, #5929 ) ) ;
#6595 = VECTOR ( 'NONE', #5754, 1000.000000000000000 ) ;
#6596 = DIRECTION ( 'NONE',  ( 1.000000000000000000, -0.000000000000000000, -3.717264591378872204E-16 ) ) ;
#6597 = ORIENTED_EDGE ( 'NONE', *, *, #2490, .F. ) ;
#6598 = CARTESIAN_POINT ( 'NONE',  ( -11.00000000000000355, 78.00000000000000000, -11.49999999999999822 ) ) ;
#6599 = CARTESIAN_POINT ( 'NONE',  ( -2.500000000000002665, 70.50000000000000000, 17.49999999999999645 ) ) ;
#6600 = ADVANCED_FACE ( 'NONE', ( #2415 ), #6088, .T. ) ;
#6601 = LINE ( 'NONE', #2142, #4316 ) ;
#6602 = ORIENTED_EDGE ( 'NONE', *, *, #4017, .T. ) ;
#6603 = VECTOR ( 'NONE', #5308, 1000.000000000000000 ) ;
#6604 = CARTESIAN_POINT ( 'NONE',  ( -12.00000000000000533, 59.98728130940978076, 9.419187718901564921 ) ) ;
#6605 = EDGE_CURVE ( 'NONE', #6163, #6654, #6867, .T. ) ;
#6606 = AXIS2_PLACEMENT_3D ( 'NONE', #4331, #6579, #1460 ) ;
#6607 = CARTESIAN_POINT ( 'NONE',  ( 0.000000000000000000, 78.00000000000000000, 0.000000000000000000 ) ) ;
#6608 = ORIENTED_EDGE ( 'NONE', *, *, #858, .T. ) ;
#6609 = AXIS2_PLACEMENT_3D ( 'NONE', #2113, #6456, #3624 ) ;
#6610 = CARTESIAN_POINT ( 'NONE',  ( -5.288046993813470209, 46.13720961125384434, -4.473144620904926150 ) ) ;
#6611 = DIRECTION ( 'NONE',  ( 0.000000000000000000, 0.000000000000000000, 1.000000000000000000 ) ) ;
#6612 = EDGE_LOOP ( 'NONE', ( #4444, #938, #940, #5459, #6306 ) ) ;
#6613 = FACE_OUTER_BOUND ( 'NONE', #6875, .T. ) ;
#6614 = DIRECTION ( 'NONE',  ( 0.000000000000000000, 0.000000000000000000, 1.000000000000000000 ) ) ;
#6615 = TOROIDAL_SURFACE ( 'NONE', #5781, 5.000000000000000000, 1.000000000000000000 ) ;
#6616 = EDGE_LOOP ( 'NONE', ( #4446, #4859, #931, #1601, #4437 ) ) ;
#6617 = VECTOR ( 'NONE', #2472, 1000.000000000000000 ) ;
#6618 = VECTOR ( 'NONE', #1625, 999.9999999999998863 ) ;
#6619 = ORIENTED_EDGE ( 'NONE', *, *, #7229, .F. ) ;
#6620 = VERTEX_POINT ( 'NONE', #471 ) ;
#6621 = VECTOR ( 'NONE', #4013, 1000.000000000000000 ) ;
#6622 = CARTESIAN_POINT ( 'NONE',  ( 13.00000000000000533, 71.50000000000000000, -5.500000000000005329 ) ) ;
#6623 = CIRCLE ( 'NONE', #2167, 1.099999999999999423 ) ;
#6624 = DIRECTION ( 'NONE',  ( 0.000000000000000000, 0.000000000000000000, 1.000000000000000000 ) ) ;
#6625 = DIRECTION ( 'NONE',  ( -0.000000000000000000, 1.000000000000000000, -0.000000000000000000 ) ) ;
#6626 = ORIENTED_EDGE ( 'NONE', *, *, #3920, .F. ) ;
#6627 = DIRECTION ( 'NONE',  ( 1.000000000000000000, 0.000000000000000000, -2.168404344971008868E-16 ) ) ;
#6628 = ORIENTED_EDGE ( 'NONE', *, *, #4455, .T. ) ;
#6629 = VECTOR ( 'NONE', #6073, 1000.000000000000000 ) ;
#6630 = EDGE_CURVE ( 'NONE', #1367, #377, #6781, .T. ) ;
#6631 = CARTESIAN_POINT ( 'NONE',  ( 12.00000000000000000, 75.94337567297407077, 17.50000000000000355 ) ) ;
#6632 = EDGE_CURVE ( 'NONE', #4143, #1367, #7184, .T. ) ;
#6633 = CARTESIAN_POINT ( 'NONE',  ( -6.000000000000008882, 78.00000000000000000, 14.99999999999999645 ) ) ;
#6634 = LINE ( 'NONE', #1582, #764 ) ;
#6635 = AXIS2_PLACEMENT_3D ( 'NONE', #610, #1195, #708 ) ;
#6636 = CARTESIAN_POINT ( 'NONE',  ( -7.000000000000007994, 13.00000000000000178, 0.4999999999999978351 ) ) ;
#6637 = DIRECTION ( 'NONE',  ( 1.000000000000000000, -0.000000000000000000, -3.717264591378872204E-16 ) ) ;
#6638 = CARTESIAN_POINT ( 'NONE',  ( -7.000000000000007994, 13.00000000000000178, -1.500000000000002220 ) ) ;
#6639 = EDGE_CURVE ( 'NONE', #4294, #3277, #6066, .T. ) ;
#6640 = LINE ( 'NONE', #2878, #4899 ) ;
#6641 = VERTEX_POINT ( 'NONE', #4494 ) ;
#6642 = CARTESIAN_POINT ( 'NONE',  ( -11.71681180167716185, 61.69447384712590576, 9.920094557553012393 ) ) ;
#6643 = EDGE_CURVE ( 'NONE', #6173, #1182, #1088, .T. ) ;
#6644 = CIRCLE ( 'NONE', #5945, 1.000000000000000888 ) ;
#6645 = PLANE ( 'NONE',  #5288 ) ;
#6646 = ORIENTED_EDGE ( 'NONE', *, *, #2088, .F. ) ;
#6647 = DIRECTION ( 'NONE',  ( -0.8660254037844384856, 0.5000000000000003331, 0.000000000000000000 ) ) ;
#6648 = CARTESIAN_POINT ( 'NONE',  ( 0.1494707005140223088, 11.13397459621616292, -4.000000000000858869 ) ) ;
#6649 = ORIENTED_EDGE ( 'NONE', *, *, #234, .F. ) ;
#6650 = CARTESIAN_POINT ( 'NONE',  ( 8.324999999999990408, 35.30199819143152951, -6.299999999999999822 ) ) ;
#6651 = ADVANCED_FACE ( 'NONE', ( #2259 ), #5475, .F. ) ;
#6652 = DIRECTION ( 'NONE',  ( 1.000000000000000000, -0.000000000000000000, -2.168404344971008868E-16 ) ) ;
#6653 = ORIENTED_EDGE ( 'NONE', *, *, #6948, .F. ) ;
#6654 = VERTEX_POINT ( 'NONE', #1124 ) ;
#6655 = LINE ( 'NONE', #5027, #293 ) ;
#6656 = DIRECTION ( 'NONE',  ( -1.000000000000000000, 0.000000000000000000, 2.409338161078897701E-16 ) ) ;
#6657 = EDGE_CURVE ( 'NONE', #347, #5869, #6709, .T. ) ;
#6658 = SPHERICAL_SURFACE ( 'NONE', #1362, 1.000000000000000000 ) ;
#6659 = CARTESIAN_POINT ( 'NONE',  ( 11.50000000000000000, -0.0009999999999992653654, 17.00000000000000000 ) ) ;
#6660 = B_SPLINE_CURVE_WITH_KNOTS ( 'NONE', 3,
 ( #5547, #4908, #1560, #6100, #7115, #3262, #6648, #3329 ),
 .UNSPECIFIED., .F., .F.,
 ( 4, 2, 2, 4 ),
 ( 0.000000000000000000, 0.0009030697998626225839, 0.001354604699793933876, 0.001806139599725245168 ),
 .UNSPECIFIED. ) ;
#6661 = EDGE_LOOP ( 'NONE', ( #2474, #7083, #591, #6557 ) ) ;
#6662 = EDGE_LOOP ( 'NONE', ( #735, #3725, #7198, #3960 ) ) ;
#6663 = CARTESIAN_POINT ( 'NONE',  ( 9.799999999999998934, 18.99999999999998934, -4.499999999999999112 ) ) ;
#6664 = VERTEX_POINT ( 'NONE', #3323 ) ;
#6665 = CARTESIAN_POINT ( 'NONE',  ( 1.630535911602272403, 11.61469243083867831, -3.654739869630577065 ) ) ;
#6666 = B_SPLINE_CURVE_WITH_KNOTS ( 'NONE', 3,
 ( #5425, #5465, #2250, #116, #2325, #6161 ),
 .UNSPECIFIED., .F., .F.,
 ( 4, 2, 4 ),
 ( 1.301042606982605321E-18, 0.0005130715620095763901, 0.001026143124019151479 ),
 .UNSPECIFIED. ) ;
#6667 = CYLINDRICAL_SURFACE ( 'NONE', #2530, 1.000000000000000000 ) ;
#6668 = DIRECTION ( 'NONE',  ( 0.000000000000000000, 0.000000000000000000, 1.000000000000000000 ) ) ;
#6669 = CARTESIAN_POINT ( 'NONE',  ( 4.175000000000000711, 35.30199819143152240, -4.500000000000000888 ) ) ;
#6670 = VECTOR ( 'NONE', #1021, 1000.000000000000000 ) ;
#6671 = VERTEX_POINT ( 'NONE', #4421 ) ;
#6672 = DIRECTION ( 'NONE',  ( 0.000000000000000000, 0.000000000000000000, -1.000000000000000000 ) ) ;
#6673 = CARTESIAN_POINT ( 'NONE',  ( -11.00000000000000355, 13.00000000000000178, 0.4999999999999978351 ) ) ;
#6674 = CARTESIAN_POINT ( 'NONE',  ( -12.00000000000000355, 74.50000000000000000, 17.49999999999999645 ) ) ;
#6675 = CARTESIAN_POINT ( 'NONE',  ( -12.00000000000000355, 66.54999999999999716, -8.699999999999999289 ) ) ;
#6676 = CARTESIAN_POINT ( 'NONE',  ( 10.49999999999999645, 74.50000000000000000, 17.49999999999999645 ) ) ;
#6677 = EDGE_CURVE ( 'NONE', #4949, #5098, #3882, .T. ) ;
#6678 = EDGE_CURVE ( 'NONE', #4564, #4327, #6887, .T. ) ;
#6679 = FACE_BOUND ( 'NONE', #5184, .T. ) ;
#6680 = DIRECTION ( 'NONE',  ( 1.000000000000000000, 0.000000000000000000, 0.000000000000000000 ) ) ;
#6681 = CARTESIAN_POINT ( 'NONE',  ( 0.000000000000000000, 9.000000000000001776, 5.000000000000000000 ) ) ;
#6682 = DIRECTION ( 'NONE',  ( 0.000000000000000000, 0.000000000000000000, 1.000000000000000000 ) ) ;
#6683 = CARTESIAN_POINT ( 'NONE',  ( -5.000000000000007994, 13.00000000000000178, -3.499999999999999112 ) ) ;
#6684 = ORIENTED_EDGE ( 'NONE', *, *, #6281, .F. ) ;
#6685 = ORIENTED_EDGE ( 'NONE', *, *, #1113, .T. ) ;
#6686 = ORIENTED_EDGE ( 'NONE', *, *, #4912, .T. ) ;
#6687 = EDGE_CURVE ( 'NONE', #3796, #791, #4975, .T. ) ;
#6688 = CYLINDRICAL_SURFACE ( 'NONE', #3696, 1.099999999999997646 ) ;
#6689 = DIRECTION ( 'NONE',  ( 0.000000000000000000, -1.000000000000000000, -0.000000000000000000 ) ) ;
#6690 = DIRECTION ( 'NONE',  ( 0.000000000000000000, -0.4999999999999977796, 0.8660254037844399289 ) ) ;
#6691 = CARTESIAN_POINT ( 'NONE',  ( 14.00000000000000178, 71.50000000000000000, -10.50000000000000178 ) ) ;
#6692 = ORIENTED_EDGE ( 'NONE', *, *, #102, .T. ) ;
#6693 = ORIENTED_EDGE ( 'NONE', *, *, #1799, .T. ) ;
#6694 = EDGE_CURVE ( 'NONE', #6968, #1502, #5583, .T. ) ;
#6695 = VERTEX_POINT ( 'NONE', #502 ) ;
#6696 = DIRECTION ( 'NONE',  ( -2.168404344971008868E-16, -0.000000000000000000, -1.000000000000000000 ) ) ;
#6697 = ORIENTED_EDGE ( 'NONE', *, *, #7166, .F. ) ;
#6698 = CARTESIAN_POINT ( 'NONE',  ( 0.8741713430234188120, 11.83400746161419548, -4.249716765595891843 ) ) ;
#6699 = EDGE_LOOP ( 'NONE', ( #3524, #1630, #7124, #1205 ) ) ;
#6700 = LINE ( 'NONE', #1733, #3702 ) ;
#6701 = DIRECTION ( 'NONE',  ( 0.000000000000000000, -0.8660254037844399289, -0.4999999999999977796 ) ) ;
#6702 = AXIS2_PLACEMENT_3D ( 'NONE', #3139, #4344, #7061 ) ;
#6703 = ORIENTED_EDGE ( 'NONE', *, *, #6605, .F. ) ;
#6704 = DIRECTION ( 'NONE',  ( 1.000000000000000000, 0.000000000000000000, 0.000000000000000000 ) ) ;
#6705 = AXIS2_PLACEMENT_3D ( 'NONE', #5932, #5966, #1041 ) ;
#6706 = CARTESIAN_POINT ( 'NONE',  ( 10.49999999999999645, 78.00000000000000000, 12.49999999999998934 ) ) ;
#6707 = CARTESIAN_POINT ( 'NONE',  ( -11.00000000000000355, 13.00000000000000178, -0.5000000000000022204 ) ) ;
#6708 = CARTESIAN_POINT ( 'NONE',  ( -12.00000000000000533, 41.99911248080531578, -10.62989642491795905 ) ) ;
#6709 = LINE ( 'NONE', #3951, #5154 ) ;
#6710 = EDGE_LOOP ( 'NONE', ( #4638, #3453, #4978, #1940 ) ) ;
#6711 = CIRCLE ( 'NONE', #407, 2.500000000000000444 ) ;
#6712 = CARTESIAN_POINT ( 'NONE',  ( -8.500000000000003553, 60.00000000000000000, 10.49999999999999822 ) ) ;
#6713 = ORIENTED_EDGE ( 'NONE', *, *, #3969, .T. ) ;
#6714 = CYLINDRICAL_SURFACE ( 'NONE', #1566, 1.000000000000000888 ) ;
#6715 = CARTESIAN_POINT ( 'NONE',  ( -11.00000000000000355, 13.00000000000000178, -1.500000000000002220 ) ) ;
#6716 = AXIS2_PLACEMENT_3D ( 'NONE', #578, #6196, #4489 ) ;
#6717 = LINE ( 'NONE', #4502, #7197 ) ;
#6718 = CYLINDRICAL_SURFACE ( 'NONE', #6052, 1.000000000000000000 ) ;
#6719 = EDGE_CURVE ( 'NONE', #771, #163, #1056, .T. ) ;
#6720 = B_SPLINE_CURVE_WITH_KNOTS ( 'NONE', 3,
 ( #132, #2957, #61, #2990, #6858, #2894, #5726, #3539, #3430, #5756, #4576, #4637, #1875, #1270 ),
 .UNSPECIFIED., .F., .F.,
 ( 4, 2, 2, 2, 2, 2, 4 ),
 ( 0.000000000000000000, 0.0004267028912150253300, 0.0008534057824300506599, 0.001706811564860101320, 0.002560217347290151980, 0.002986920238505177093, 0.003413623129720202640 ),
 .UNSPECIFIED. ) ;
#6721 = AXIS2_PLACEMENT_3D ( 'NONE', #2900, #2861, #6319 ) ;
#6722 = AXIS2_PLACEMENT_3D ( 'NONE', #5137, #3868, #4480 ) ;
#6723 = VERTEX_POINT ( 'NONE', #3255 ) ;
#6724 = DIRECTION ( 'NONE',  ( -1.000000000000000000, 0.000000000000000000, 2.168404344971008868E-16 ) ) ;
#6725 = CIRCLE ( 'NONE', #885, 0.9999999999999991118 ) ;
#6726 = DIRECTION ( 'NONE',  ( -0.000000000000000000, -0.000000000000000000, -1.000000000000000000 ) ) ;
#6727 = DIRECTION ( 'NONE',  ( -2.682704640602072093E-16, -0.4999999999999981681, -0.8660254037844395958 ) ) ;
#6728 = VECTOR ( 'NONE', #2301, 1000.000000000000000 ) ;
#6729 = CIRCLE ( 'NONE', #1812, 1.000000000000000888 ) ;
#6730 = DIRECTION ( 'NONE',  ( 0.000000000000000000, 1.000000000000000000, 0.000000000000000000 ) ) ;
#6731 = ADVANCED_FACE ( 'NONE', ( #2227 ), #986, .T. ) ;
#6732 = AXIS2_PLACEMENT_3D ( 'NONE', #4591, #1291, #6779 ) ;
#6733 = EDGE_CURVE ( 'NONE', #3884, #4285, #5260, .T. ) ;
#6734 = VECTOR ( 'NONE', #3400, 1000.000000000000114 ) ;
#6735 = ORIENTED_EDGE ( 'NONE', *, *, #391, .F. ) ;
#6736 = DIRECTION ( 'NONE',  ( -2.220446049250313081E-16, 0.000000000000000000, -1.000000000000000000 ) ) ;
#6737 = EDGE_LOOP ( 'NONE', ( #1364, #2108 ) ) ;
#6738 = CARTESIAN_POINT ( 'NONE',  ( 2.004833450880012968, 11.91625451890019605, -4.139463036786234618 ) ) ;
#6739 = PLANE ( 'NONE',  #904 ) ;
#6740 = DIRECTION ( 'NONE',  ( -1.000000000000000000, 0.000000000000000000, 0.000000000000000000 ) ) ;
#6741 = EDGE_CURVE ( 'NONE', #6723, #4687, #1228, .T. ) ;
#6742 = AXIS2_PLACEMENT_3D ( 'NONE', #6428, #4323, #6500 ) ;
#6743 = ORIENTED_EDGE ( 'NONE', *, *, #85, .F. ) ;
#6744 = ORIENTED_EDGE ( 'NONE', *, *, #2809, .F. ) ;
#6745 = ORIENTED_EDGE ( 'NONE', *, *, #4815, .T. ) ;
#6746 = DIRECTION ( 'NONE',  ( 1.000000000000000000, 0.000000000000000000, -2.168404344971008868E-16 ) ) ;
#6747 = DIRECTION ( 'NONE',  ( 0.000000000000000000, -1.000000000000000000, 0.000000000000000000 ) ) ;
#6748 = DIRECTION ( 'NONE',  ( -1.000000000000000000, 0.000000000000000000, 0.000000000000000000 ) ) ;
#6749 = DIRECTION ( 'NONE',  ( 0.000000000000000000, -1.000000000000000000, 0.000000000000000000 ) ) ;
#6750 = EDGE_LOOP ( 'NONE', ( #2458, #2388 ) ) ;
#6751 = LINE ( 'NONE', #1745, #1653 ) ;
#6752 = VERTEX_POINT ( 'NONE', #5721 ) ;
#6753 = VECTOR ( 'NONE', #5625, 1000.000000000000000 ) ;
#6754 = CARTESIAN_POINT ( 'NONE',  ( 0.000000000000000000, 66.00000000000000000, 17.49999999999999645 ) ) ;
#6755 = CARTESIAN_POINT ( 'NONE',  ( -9.000000000000000000, 9.000000000000001776, 0.000000000000000000 ) ) ;
#6756 = DIRECTION ( 'NONE',  ( 0.9601097330974548427, -0.2796234976026412689, -1.611506692006390840E-13 ) ) ;
#6757 = DIRECTION ( 'NONE',  ( 1.000000000000000000, 0.000000000000000000, 0.000000000000000000 ) ) ;
#6758 = AXIS2_PLACEMENT_3D ( 'NONE', #633, #6701, #4586 ) ;
#6759 = EDGE_CURVE ( 'NONE', #1318, #1157, #5505, .T. ) ;
#6760 = EDGE_CURVE ( 'NONE', #1157, #1793, #2394, .T. ) ;
#6761 = CARTESIAN_POINT ( 'NONE',  ( 2.492047109351747114, 12.15440877116159335, -4.500000000000400568 ) ) ;
#6762 = CARTESIAN_POINT ( 'NONE',  ( 15.00000000000000355, 70.50000000000000000, -4.500000000000003553 ) ) ;
#6763 = DIRECTION ( 'NONE',  ( 0.000000000000000000, 0.000000000000000000, -1.000000000000000000 ) ) ;
#6764 = CIRCLE ( 'NONE', #466, 4.500000000000000888 ) ;
#6765 = CARTESIAN_POINT ( 'NONE',  ( 15.00000000000000178, 70.50000000000000000, -10.50000000000000178 ) ) ;
#6766 = ORIENTED_EDGE ( 'NONE', *, *, #2905, .T. ) ;
#6767 = EDGE_CURVE ( 'NONE', #4285, #3942, #1801, .T. ) ;
#6768 = ADVANCED_FACE ( 'NONE', ( #51, #1772 ), #4628, .F. ) ;
#6769 = DIRECTION ( 'NONE',  ( 1.000000000000000000, -0.000000000000000000, -3.717264591378872204E-16 ) ) ;
#6770 = EDGE_LOOP ( 'NONE', ( #4487, #1491, #2889, #978 ) ) ;
#6771 = CARTESIAN_POINT ( 'NONE',  ( -1.230957460507863699, 11.55375635435460069, -3.808798891188940328 ) ) ;
#6772 = LINE ( 'NONE', #1155, #2757 ) ;
#6773 = FACE_OUTER_BOUND ( 'NONE', #548, .T. ) ;
#6774 = EDGE_LOOP ( 'NONE', ( #5489, #3921, #3782, #2310 ) ) ;
#6775 = ORIENTED_EDGE ( 'NONE', *, *, #1856, .F. ) ;
#6776 = EDGE_CURVE ( 'NONE', #4154, #2743, #125, .T. ) ;
#6777 = DIRECTION ( 'NONE',  ( -0.8254220375434826451, 0.5645161290322583403, 0.000000000000000000 ) ) ;
#6778 = CARTESIAN_POINT ( 'NONE',  ( -7.000000000000007994, 30.50000000000000355, -1.500000000000002220 ) ) ;
#6779 = DIRECTION ( 'NONE',  ( 0.000000000000000000, 0.000000000000000000, 1.000000000000000000 ) ) ;
#6780 = ORIENTED_EDGE ( 'NONE', *, *, #4220, .T. ) ;
#6781 = CIRCLE ( 'NONE', #3634, 1.000000000000000888 ) ;
#6782 = PLANE ( 'NONE',  #6635 ) ;
#6783 = DIRECTION ( 'NONE',  ( 0.000000000000000000, 0.000000000000000000, -1.000000000000000000 ) ) ;
#6784 = ORIENTED_EDGE ( 'NONE', *, *, #4147, .F. ) ;
#6785 = EDGE_LOOP ( 'NONE', ( #5307, #1762, #5660, #4146 ) ) ;
#6786 = EDGE_CURVE ( 'NONE', #202, #1701, #196, .T. ) ;
#6787 = DIRECTION ( 'NONE',  ( -0.000000000000000000, -1.000000000000000000, -0.000000000000000000 ) ) ;
#6788 = ORIENTED_EDGE ( 'NONE', *, *, #2747, .F. ) ;
#6789 = CARTESIAN_POINT ( 'NONE',  ( 14.99999999999999467, 19.49999999999999645, -10.50000000000000178 ) ) ;
#6790 = CARTESIAN_POINT ( 'NONE',  ( 9.499999999994866329, 76.54475093085937942, 16.45838749892783426 ) ) ;
#6791 = CARTESIAN_POINT ( 'NONE',  ( -7.000000000000006217, 30.50000000000000355, 2.999999999999997780 ) ) ;
#6792 = ORIENTED_EDGE ( 'NONE', *, *, #7012, .F. ) ;
#6793 = DIRECTION ( 'NONE',  ( 1.000000000000000000, -0.000000000000000000, 0.000000000000000000 ) ) ;
#6794 = CARTESIAN_POINT ( 'NONE',  ( 1.207473046915174875, 12.09115230421328668, -4.500000000000001776 ) ) ;
#6795 = CARTESIAN_POINT ( 'NONE',  ( -12.00000000000000355, 74.50000000000000000, -10.49999999999999822 ) ) ;
#6796 = CARTESIAN_POINT ( 'NONE',  ( -0.2499999999999993616, 35.00000000000000000, -11.50000000000000000 ) ) ;
#6797 = ADVANCED_FACE ( 'NONE', ( #154 ), #4016, .F. ) ;
#6798 = DIRECTION ( 'NONE',  ( 0.000000000000000000, 0.000000000000000000, 1.000000000000000000 ) ) ;
#6799 = CARTESIAN_POINT ( 'NONE',  ( -1.743559577416372575, 11.00000000000000000, -3.599999999999950351 ) ) ;
#6800 = FACE_BOUND ( 'NONE', #4689, .T. ) ;
#6801 = LINE ( 'NONE', #4483, #4905 ) ;
#6802 = ORIENTED_EDGE ( 'NONE', *, *, #4423, .F. ) ;
#6803 = ADVANCED_FACE ( 'NONE', ( #6303 ), #3532, .T. ) ;
#6804 = VERTEX_POINT ( 'NONE', #127 ) ;
#6805 = EDGE_CURVE ( 'NONE', #3511, #6014, #1870, .T. ) ;
#6806 = EDGE_LOOP ( 'NONE', ( #4044, #5061, #4523, #2830 ) ) ;
#6807 = ORIENTED_EDGE ( 'NONE', *, *, #6993, .T. ) ;
#6808 = CARTESIAN_POINT ( 'NONE',  ( -2.500000000000002665, 70.50000000000000000, 18.49999999999999645 ) ) ;
#6809 = LINE ( 'NONE', #151, #2529 ) ;
#6810 = ORIENTED_EDGE ( 'NONE', *, *, #4225, .T. ) ;
#6811 = DIRECTION ( 'NONE',  ( 1.000000000000000000, 0.000000000000000000, -2.409338161078897701E-16 ) ) ;
#6812 = CARTESIAN_POINT ( 'NONE',  ( 9.799999999999998934, 16.49999999999999289, -10.88675134594812555 ) ) ;
#6813 = ADVANCED_FACE ( 'NONE', ( #5786 ), #4803, .T. ) ;
#6814 = ORIENTED_EDGE ( 'NONE', *, *, #4398, .T. ) ;
#6815 = AXIS2_PLACEMENT_3D ( 'NONE', #2363, #6409, #4688 ) ;
#6816 = CARTESIAN_POINT ( 'NONE',  ( -10.00000000000000355, 61.04999999999999005, -7.449999999999998401 ) ) ;
#6817 = VERTEX_POINT ( 'NONE', #2294 ) ;
#6818 = CYLINDRICAL_SURFACE ( 'NONE', #3804, 2.099999999999998757 ) ;
#6819 = DIRECTION ( 'NONE',  ( 0.000000000000000000, 1.000000000000000000, 0.000000000000000000 ) ) ;
#6820 = CARTESIAN_POINT ( 'NONE',  ( -7.000000000000003553, 34.00000000000000000, 8.499999999999996447 ) ) ;
#6821 = CIRCLE ( 'NONE', #5423, 1.100000000000001199 ) ;
#6822 = EDGE_CURVE ( 'NONE', #4120, #1300, #6751, .T. ) ;
#6823 = CIRCLE ( 'NONE', #6829, 1.000000000000000000 ) ;
#6824 = DIRECTION ( 'NONE',  ( 2.409338161078897701E-16, -0.000000000000000000, 1.000000000000000000 ) ) ;
#6825 = DIRECTION ( 'NONE',  ( 0.000000000000000000, 0.000000000000000000, 1.000000000000000000 ) ) ;
#6826 = DIRECTION ( 'NONE',  ( 0.000000000000000000, 0.000000000000000000, 1.000000000000000000 ) ) ;
#6827 = DIRECTION ( 'NONE',  ( 0.000000000000000000, 0.000000000000000000, 1.000000000000000000 ) ) ;
#6828 = VECTOR ( 'NONE', #144, 1000.000000000000000 ) ;
#6829 = AXIS2_PLACEMENT_3D ( 'NONE', #2876, #5109, #778 ) ;
#6830 =( GEOMETRIC_REPRESENTATION_CONTEXT ( 3 ) GLOBAL_UNCERTAINTY_ASSIGNED_CONTEXT ( ( #3937 ) ) GLOBAL_UNIT_ASSIGNED_CONTEXT ( ( #3628, #5847, #5909 ) ) REPRESENTATION_CONTEXT ( 'NONE', 'WORKASPACE' ) );
#6831 = CARTESIAN_POINT ( 'NONE',  ( 0.000000000000000000, 0.000000000000000000, 0.000000000000000000 ) ) ;
#6832 = AXIS2_PLACEMENT_3D ( 'NONE', #6211, #1207, #3434 ) ;
#6833 = VECTOR ( 'NONE', #5524, 1000.000000000000000 ) ;
#6834 = CARTESIAN_POINT ( 'NONE',  ( 3.027817726178108071, 11.97556720280991271, -3.682522228835259259 ) ) ;
#6835 = CARTESIAN_POINT ( 'NONE',  ( -7.000000000000006217, 30.50000000000000355, 2.999999999999997780 ) ) ;
#6836 = CARTESIAN_POINT ( 'NONE',  ( -4.750000000000002665, 15.50000000000000000, -11.49999999999999822 ) ) ;
#6837 = VECTOR ( 'NONE', #2823, 1000.000000000000000 ) ;
#6838 = AXIS2_PLACEMENT_3D ( 'NONE', #6521, #1509, #971 ) ;
#6839 = EDGE_LOOP ( 'NONE', ( #5102, #5750, #4390, #318 ) ) ;
#6840 = CARTESIAN_POINT ( 'NONE',  ( 0.000000000000000000, 10.49999999999997513, 0.000000000000000000 ) ) ;
#6841 = EDGE_CURVE ( 'NONE', #1639, #5463, #2457, .T. ) ;
#6842 = ADVANCED_FACE ( 'NONE', ( #4778 ), #5278, .T. ) ;
#6843 = FACE_OUTER_BOUND ( 'NONE', #4254, .T. ) ;
#6844 = CIRCLE ( 'NONE', #436, 4.000000000000000000 ) ;
#6845 = CARTESIAN_POINT ( 'NONE',  ( 16.00000000000000000, 12.99999999999999822, -12.50000000000000355 ) ) ;
#6846 = AXIS2_PLACEMENT_3D ( 'NONE', #838, #3631, #2942 ) ;
#6847 = CARTESIAN_POINT ( 'NONE',  ( -5.426773083273184639, 41.90556011756608967, -5.438251275725086487 ) ) ;
#6848 = CARTESIAN_POINT ( 'NONE',  ( 9.000000000000000000, 11.19999999999999929, 0.000000000000000000 ) ) ;
#6849 = DIRECTION ( 'NONE',  ( -1.000000000000000000, 0.000000000000000000, 3.717264591378872697E-16 ) ) ;
#6850 = ORIENTED_EDGE ( 'NONE', *, *, #5341, .F. ) ;
#6851 = CIRCLE ( 'NONE', #3477, 2.099999999999998312 ) ;
#6852 = DIRECTION ( 'NONE',  ( 0.000000000000000000, 0.000000000000000000, -1.000000000000000000 ) ) ;
#6853 = VERTEX_POINT ( 'NONE', #2577 ) ;
#6854 = ADVANCED_FACE ( 'NONE', ( #4230 ), #5313, .F. ) ;
#6855 = CARTESIAN_POINT ( 'NONE',  ( -11.00000000000000355, 77.00000000000000000, 14.99999999999999645 ) ) ;
#6856 = CARTESIAN_POINT ( 'NONE',  ( -5.799761039755537695, 46.79685764694443151, -4.112443632378633751 ) ) ;
#6857 = ORIENTED_EDGE ( 'NONE', *, *, #6560, .T. ) ;
#6858 = CARTESIAN_POINT ( 'NONE',  ( -0.9956951047598888715, 12.52110793996548033, -4.500000000000000888 ) ) ;
#6859 = ORIENTED_EDGE ( 'NONE', *, *, #4412, .T. ) ;
#6860 = AXIS2_PLACEMENT_3D ( 'NONE', #7068, #4235, #824 ) ;
#6861 = VECTOR ( 'NONE', #4081, 1000.000000000000000 ) ;
#6862 = ORIENTED_EDGE ( 'NONE', *, *, #5385, .F. ) ;
#6863 = EDGE_CURVE ( 'NONE', #3769, #519, #5972, .T. ) ;
#6864 = CARTESIAN_POINT ( 'NONE',  ( -7.750000000000003553, 36.50000000000000711, -8.499999999999996447 ) ) ;
#6865 = CARTESIAN_POINT ( 'NONE',  ( -1.252217095740528530, 11.79479307165524915, -4.156655976063332147 ) ) ;
#6866 = CARTESIAN_POINT ( 'NONE',  ( 12.00000000000000000, 13.99999999999999289, -9.443375672974061885 ) ) ;
#6867 = LINE ( 'NONE', #5907, #1071 ) ;
#6868 = AXIS2_PLACEMENT_3D ( 'NONE', #4216, #6903, #2565 ) ;
#6869 = EDGE_CURVE ( 'NONE', #4505, #6752, #1286, .T. ) ;
#6870 = CIRCLE ( 'NONE', #215, 1.249999999999998446 ) ;
#6871 = CARTESIAN_POINT ( 'NONE',  ( 9.799999999999998934, 18.99999999999998934, -9.443375672974063662 ) ) ;
#6872 = CARTESIAN_POINT ( 'NONE',  ( 5.149999999999996803, 72.00000000000000000, 26.00100000000001188 ) ) ;
#6873 = DIRECTION ( 'NONE',  ( 0.000000000000000000, 0.000000000000000000, 1.000000000000000000 ) ) ;
#6874 = DIRECTION ( 'NONE',  ( 0.000000000000000000, -1.000000000000000000, 0.000000000000000000 ) ) ;
#6875 = EDGE_LOOP ( 'NONE', ( #5575, #738, #1097, #2155 ) ) ;
#6876 = DIRECTION ( 'NONE',  ( 0.000000000000000000, 0.000000000000000000, -1.000000000000000000 ) ) ;
#6877 = ORIENTED_EDGE ( 'NONE', *, *, #1632, .T. ) ;
#6878 = CARTESIAN_POINT ( 'NONE',  ( 9.799999999999998934, 77.00000000000000000, -9.443375672974058332 ) ) ;
#6879 = DIRECTION ( 'NONE',  ( 0.000000000000000000, 0.000000000000000000, -1.000000000000000000 ) ) ;
#6880 = CARTESIAN_POINT ( 'NONE',  ( -5.943186393473791185, 41.94730747573483143, -3.856144401284431034 ) ) ;
#6881 = DIRECTION ( 'NONE',  ( -7.240070355359794589E-16, 1.000000000000000000, 0.000000000000000000 ) ) ;
#6882 = ORIENTED_EDGE ( 'NONE', *, *, #1499, .F. ) ;
#6883 = DIRECTION ( 'NONE',  ( 0.000000000000000000, 0.8660254037844384856, 0.5000000000000001110 ) ) ;
#6884 = EDGE_LOOP ( 'NONE', ( #2104, #1083, #1862, #5176 ) ) ;
#6885 = DIRECTION ( 'NONE',  ( -0.000000000000000000, -1.000000000000000000, -0.000000000000000000 ) ) ;
#6886 = ORIENTED_EDGE ( 'NONE', *, *, #1985, .T. ) ;
#6887 = CIRCLE ( 'NONE', #4578, 1.000000000000000888 ) ;
#6888 = DIRECTION ( 'NONE',  ( 0.000000000000000000, -0.5000000000000028866, -0.8660254037844369313 ) ) ;
#6889 = CARTESIAN_POINT ( 'NONE',  ( -7.000000000000007994, 12.00000000000000000, 0.4999999999999978351 ) ) ;
#6890 = CARTESIAN_POINT ( 'NONE',  ( -3.570714214271426101, 12.00000000000000178, -4.499999999999999112 ) ) ;
#6891 = ORIENTED_EDGE ( 'NONE', *, *, #291, .F. ) ;
#6892 = ADVANCED_FACE ( 'NONE', ( #4153 ), #264, .F. ) ;
#6893 = EDGE_CURVE ( 'NONE', #119, #1530, #3676, .T. ) ;
#6894 = DATE_AND_TIME ( #6389, #3695 ) ;
#6895 = EDGE_LOOP ( 'NONE', ( #6087, #4883 ) ) ;
#6896 = CARTESIAN_POINT ( 'NONE',  ( 3.248049880660578204, 12.99999998494792841, -4.500000000000000888 ) ) ;
#6897 = LINE ( 'NONE', #6931, #5672 ) ;
#6898 = CARTESIAN_POINT ( 'NONE',  ( 12.99999999999999645, 20.49999999999999645, -10.50000000000000178 ) ) ;
#6899 = EDGE_CURVE ( 'NONE', #2873, #2744, #3172, .T. ) ;
#6900 = PLANE ( 'NONE',  #1449 ) ;
#6901 = DIRECTION ( 'NONE',  ( -0.000000000000000000, 0.000000000000000000, 1.000000000000000000 ) ) ;
#6902 = CARTESIAN_POINT ( 'NONE',  ( 0.000000000000000000, 0.000000000000000000, 25.50000000000000355 ) ) ;
#6903 = DIRECTION ( 'NONE',  ( 2.220446049250313081E-16, 0.000000000000000000, 1.000000000000000000 ) ) ;
#6904 = ORIENTED_EDGE ( 'NONE', *, *, #191, .F. ) ;
#6905 = ADVANCED_FACE ( 'NONE', ( #348 ), #7023, .F. ) ;
#6906 = ORIENTED_EDGE ( 'NONE', *, *, #7075, .T. ) ;
#6907 = DIRECTION ( 'NONE',  ( 0.000000000000000000, 0.000000000000000000, 1.000000000000000000 ) ) ;
#6908 = ORIENTED_EDGE ( 'NONE', *, *, #283, .F. ) ;
#6909 = LINE ( 'NONE', #259, #6603 ) ;
#6910 = CARTESIAN_POINT ( 'NONE',  ( -0.2499999999999993616, 17.00000000000000000, -8.500000000000000000 ) ) ;
#6911 = CARTESIAN_POINT ( 'NONE',  ( -6.160056374286783765, 42.10275039177425782, -4.735825791543203600 ) ) ;
#6912 = DIRECTION ( 'NONE',  ( 0.000000000000000000, 0.000000000000000000, -1.000000000000000000 ) ) ;
#6913 = EDGE_LOOP ( 'NONE', ( #3039, #5416, #4175, #2531 ) ) ;
#6914 = AXIS2_PLACEMENT_3D ( 'NONE', #5149, #3427, #1232 ) ;
#6915 = DIRECTION ( 'NONE',  ( -1.000000000000000000, 0.000000000000000000, 0.000000000000000000 ) ) ;
#6916 = ORIENTED_EDGE ( 'NONE', *, *, #1532, .F. ) ;
#6917 = ORIENTED_EDGE ( 'NONE', *, *, #2343, .T. ) ;
#6918 = PLANE ( 'NONE',  #4601 ) ;
#6919 = AXIS2_PLACEMENT_3D ( 'NONE', #3645, #1842, #5865 ) ;
#6920 = LINE ( 'NONE', #1954, #1913 ) ;
#6921 = CARTESIAN_POINT ( 'NONE',  ( -7.000000000000000888, 74.50000000000000000, 18.49999999999999645 ) ) ;
#6922 = ORIENTED_EDGE ( 'NONE', *, *, #6273, .T. ) ;
#6923 = CARTESIAN_POINT ( 'NONE',  ( 14.99999999999999467, 18.49999999999999645, -11.50000000000000355 ) ) ;
#6924 = ORIENTED_EDGE ( 'NONE', *, *, #5576, .F. ) ;
#6925 = CIRCLE ( 'NONE', #3795, 1.000000000000000888 ) ;
#6926 = VERTEX_POINT ( 'NONE', #2501 ) ;
#6927 = CYLINDRICAL_SURFACE ( 'NONE', #896, 2.500000000000000444 ) ;
#6928 = CIRCLE ( 'NONE', #4977, 1.000000000000000000 ) ;
#6929 = EDGE_CURVE ( 'NONE', #347, #4269, #6416, .T. ) ;
#6930 = EDGE_CURVE ( 'NONE', #1068, #296, #1759, .T. ) ;
#6931 = CARTESIAN_POINT ( 'NONE',  ( -4.750000000000002665, 36.50000000000000711, -8.499999999999996447 ) ) ;
#6932 = CARTESIAN_POINT ( 'NONE',  ( -12.00000000000000355, 42.16619037896905553, -10.50000000000000000 ) ) ;
#6933 = AXIS2_PLACEMENT_3D ( 'NONE', #1873, #3680, #4671 ) ;
#6934 = ORIENTED_EDGE ( 'NONE', *, *, #1583, .T. ) ;
#6935 = DIRECTION ( 'NONE',  ( 0.000000000000000000, 1.000000000000000000, 0.000000000000000000 ) ) ;
#6936 = DIRECTION ( 'NONE',  ( 0.000000000000000000, 1.000000000000000000, 0.000000000000000000 ) ) ;
#6937 = EDGE_CURVE ( 'NONE', #6347, #4735, #1522, .T. ) ;
#6938 = DIRECTION ( 'NONE',  ( -0.000000000000000000, -1.000000000000000000, -0.000000000000000000 ) ) ;
#6939 = VECTOR ( 'NONE', #7134, 1000.000000000000000 ) ;
#6940 = DIRECTION ( 'NONE',  ( 0.000000000000000000, 0.000000000000000000, -1.000000000000000000 ) ) ;
#6941 = DIRECTION ( 'NONE',  ( 3.717264591378872697E-16, -0.000000000000000000, 1.000000000000000000 ) ) ;
#6942 = ORIENTED_EDGE ( 'NONE', *, *, #5156, .F. ) ;
#6943 = VERTEX_POINT ( 'NONE', #973 ) ;
#6944 = AXIS2_PLACEMENT_3D ( 'NONE', #593, #3302, #3963 ) ;
#6945 = CIRCLE ( 'NONE', #5097, 1.600000000000002531 ) ;
#6946 = CARTESIAN_POINT ( 'NONE',  ( -5.000000000000007994, 12.99999999999999822, -3.499999999999999112 ) ) ;
#6947 = ORIENTED_EDGE ( 'NONE', *, *, #4854, .T. ) ;
#6948 = EDGE_CURVE ( 'NONE', #1802, #6331, #2704, .T. ) ;
#6949 = CARTESIAN_POINT ( 'NONE',  ( -5.250000000000001776, 44.00000000000000000, -4.500000000000000888 ) ) ;
#6950 = CIRCLE ( 'NONE', #5205, 26.00000000000000355 ) ;
#6951 = CARTESIAN_POINT ( 'NONE',  ( -6.000000000000008882, 41.44119168361520877, -3.499999999999998668 ) ) ;
#6952 = PLANE ( 'NONE',  #4653 ) ;
#6953 = VECTOR ( 'NONE', #3772, 1000.000000000000000 ) ;
#6954 = ORIENTED_EDGE ( 'NONE', *, *, #1240, .T. ) ;
#6955 = DIRECTION ( 'NONE',  ( -1.000000000000000000, 0.000000000000000000, 0.000000000000000000 ) ) ;
#6956 = VERTEX_POINT ( 'NONE', #4193 ) ;
#6957 = ORIENTED_EDGE ( 'NONE', *, *, #661, .F. ) ;
#6958 = CIRCLE ( 'NONE', #5682, 1.000000000000000000 ) ;
#6959 = CARTESIAN_POINT ( 'NONE',  ( -5.407009159825524769, 46.66036022607264044, -4.499999999999999112 ) ) ;
#6960 = CIRCLE ( 'NONE', #3474, 1.000000000000000000 ) ;
#6961 = EDGE_LOOP ( 'NONE', ( #7076, #6628, #4941, #1150, #2435, #5981, #3570, #7209 ) ) ;
#6962 = CARTESIAN_POINT ( 'NONE',  ( -11.50000000000000000, 10.20000000000000107, -14.50000000000000000 ) ) ;
#6963 = CARTESIAN_POINT ( 'NONE',  ( -1.937288419351409052, 11.83147941928309521, -3.999999999999996447 ) ) ;
#6964 = FACE_OUTER_BOUND ( 'NONE', #3561, .T. ) ;
#6965 = VERTEX_POINT ( 'NONE', #5245 ) ;
#6966 = AXIS2_PLACEMENT_3D ( 'NONE', #6441, #2833, #6763 ) ;
#6967 = APPROVAL_DATE_TIME ( #275, #4174 ) ;
#6968 = VERTEX_POINT ( 'NONE', #6476 ) ;
#6969 = AXIS2_PLACEMENT_3D ( 'NONE', #4467, #6570, #4503 ) ;
#6970 = DIRECTION ( 'NONE',  ( 0.000000000000000000, 0.000000000000000000, 1.000000000000000000 ) ) ;
#6971 = ORIENTED_EDGE ( 'NONE', *, *, #5510, .F. ) ;
#6972 = CARTESIAN_POINT ( 'NONE',  ( 5.149999999999996803, 15.50000000000000000, -6.299999999999999822 ) ) ;
#6973 = DIRECTION ( 'NONE',  ( 0.000000000000000000, 0.000000000000000000, -1.000000000000000000 ) ) ;
#6974 = AXIS2_PLACEMENT_3D ( 'NONE', #7021, #2013, #1945 ) ;
#6975 = EDGE_CURVE ( 'NONE', #4984, #4949, #4524, .T. ) ;
#6976 = CARTESIAN_POINT ( 'NONE',  ( 3.184081677783118585E-15, 12.00000000000000000, 26.00000000000000355 ) ) ;
#6977 = DIRECTION ( 'NONE',  ( -1.000000000000000000, 0.000000000000000000, 0.000000000000000000 ) ) ;
#6978 = VECTOR ( 'NONE', #5195, 1000.000000000000000 ) ;
#6979 = CARTESIAN_POINT ( 'NONE',  ( -12.00000000000000355, 61.04999999999999005, -10.44999999999999574 ) ) ;
#6980 = CARTESIAN_POINT ( 'NONE',  ( 12.00000000000000000, 74.50000000000000000, -7.999999999999994671 ) ) ;
#6981 = EDGE_CURVE ( 'NONE', #1414, #6664, #1474, .T. ) ;
#6982 = ADVANCED_FACE ( 'NONE', ( #6523 ), #231, .T. ) ;
#6983 = ORIENTED_EDGE ( 'NONE', *, *, #2705, .F. ) ;
#6984 = CIRCLE ( 'NONE', #5707, 1.600000000000002531 ) ;
#6985 = FACE_OUTER_BOUND ( 'NONE', #5992, .T. ) ;
#6986 = ORIENTED_EDGE ( 'NONE', *, *, #3327, .T. ) ;
#6987 = FACE_OUTER_BOUND ( 'NONE', #5802, .T. ) ;
#6988 = DIRECTION ( 'NONE',  ( -1.000000000000000000, 0.000000000000000000, -0.000000000000000000 ) ) ;
#6989 = CARTESIAN_POINT ( 'NONE',  ( -5.668231351895370196, 41.86970915098391544, -4.282825720672273739 ) ) ;
#6990 = LINE ( 'NONE', #4259, #2799 ) ;
#6991 = ORIENTED_EDGE ( 'NONE', *, *, #2809, .T. ) ;
#6992 = DIRECTION ( 'NONE',  ( -0.000000000000000000, -1.000000000000000000, -0.000000000000000000 ) ) ;
#6993 = EDGE_CURVE ( 'NONE', #6956, #2165, #6950, .T. ) ;
#6994 = CARTESIAN_POINT ( 'NONE',  ( -6.000000000000000888, 74.50000000000000000, 17.49999999999999645 ) ) ;
#6995 = DIRECTION ( 'NONE',  ( 0.000000000000000000, 1.000000000000000000, -3.154042683594192162E-16 ) ) ;
#6996 = CARTESIAN_POINT ( 'NONE',  ( 15.99999999999999289, 19.49999999999999645, -10.50000000000000178 ) ) ;
#6997 = CYLINDRICAL_SURFACE ( 'NONE', #915, 1.000000000000000000 ) ;
#6998 = ORIENTED_EDGE ( 'NONE', *, *, #157, .T. ) ;
#6999 = ORIENTED_EDGE ( 'NONE', *, *, #6103, .F. ) ;
#7001 = EDGE_CURVE ( 'NONE', #4143, #4128, #6634, .T. ) ;
#7000 = DIRECTION ( 'NONE',  ( 1.000000000000000000, 0.000000000000000000, 0.000000000000000000 ) ) ;
#7002 = VERTEX_POINT ( 'NONE', #3316 ) ;
#7003 = DIRECTION ( 'NONE',  ( 0.000000000000000000, 0.000000000000000000, 1.000000000000000000 ) ) ;
#7004 = CARTESIAN_POINT ( 'NONE',  ( 0.000000000000000000, 9.000000000000007105, 0.000000000000000000 ) ) ;
#7005 = CARTESIAN_POINT ( 'NONE',  ( 9.799999999999998934, 77.00000000000000000, -4.500000000000003553 ) ) ;
#7006 = ORIENTED_EDGE ( 'NONE', *, *, #616, .F. ) ;
#7007 = DIRECTION ( 'NONE',  ( 0.000000000000000000, 0.000000000000000000, -1.000000000000000000 ) ) ;
#7008 = CARTESIAN_POINT ( 'NONE',  ( -6.000000000000008882, 41.44119168361520167, -3.499999999999998668 ) ) ;
#7009 = CARTESIAN_POINT ( 'NONE',  ( -6.250000000000003553, 36.50000000000000711, -11.49999999999999822 ) ) ;
#7010 = DIRECTION ( 'NONE',  ( 0.000000000000000000, 0.000000000000000000, 1.000000000000000000 ) ) ;
#7011 = VERTEX_POINT ( 'NONE', #7138 ) ;
#7012 = EDGE_CURVE ( 'NONE', #7039, #39, #1627, .T. ) ;
#7013 = CARTESIAN_POINT ( 'NONE',  ( 10.49999999999999645, 78.00000000000000000, 14.99999999999999645 ) ) ;
#7014 = ORIENTED_EDGE ( 'NONE', *, *, #6540, .F. ) ;
#7015 = LINE ( 'NONE', #6469, #1917 ) ;
#7016 = DIRECTION ( 'NONE',  ( 0.000000000000000000, -1.000000000000000000, -0.000000000000000000 ) ) ;
#7017 = ORIENTED_EDGE ( 'NONE', *, *, #2362, .T. ) ;
#7018 = EDGE_CURVE ( 'NONE', #134, #983, #4930, .T. ) ;
#7019 = DIRECTION ( 'NONE',  ( 0.000000000000000000, 1.000000000000000000, -0.000000000000000000 ) ) ;
#7020 = ADVANCED_FACE ( 'NONE', ( #496 ), #6615, .T. ) ;
#7021 = CARTESIAN_POINT ( 'NONE',  ( -11.50000000000000000, 10.20000000000000107, -14.50000000000000000 ) ) ;
#7022 = ORIENTED_EDGE ( 'NONE', *, *, #5303, .T. ) ;
#7023 = CYLINDRICAL_SURFACE ( 'NONE', #5959, 4.000000000000000000 ) ;
#7024 = ORIENTED_EDGE ( 'NONE', *, *, #3831, .F. ) ;
#7025 = ORIENTED_EDGE ( 'NONE', *, *, #5732, .T. ) ;
#7026 = FACE_OUTER_BOUND ( 'NONE', #2478, .T. ) ;
#7027 = DIRECTION ( 'NONE',  ( 0.000000000000000000, 0.000000000000000000, -1.000000000000000000 ) ) ;
#7028 = CARTESIAN_POINT ( 'NONE',  ( 9.498369688475863271, 74.98261153569622195, 17.50000000000000000 ) ) ;
#7029 = EDGE_CURVE ( 'NONE', #2744, #3299, #4995, .T. ) ;
#7030 = DIRECTION ( 'NONE',  ( 0.000000000000000000, 0.000000000000000000, -1.000000000000000000 ) ) ;
#7031 = VERTEX_POINT ( 'NONE', #6669 ) ;
#7032 = DIRECTION ( 'NONE',  ( 0.000000000000000000, 1.000000000000000000, 0.000000000000000000 ) ) ;
#7033 = FACE_OUTER_BOUND ( 'NONE', #964, .T. ) ;
#7034 = DIRECTION ( 'NONE',  ( 0.8660254037844383745, 0.5000000000000003331, 0.000000000000000000 ) ) ;
#7035 = CARTESIAN_POINT ( 'NONE',  ( 9.799999999999998934, 18.99999999999998934, -9.443375672974063662 ) ) ;
#7036 = EDGE_CURVE ( 'NONE', #3097, #2603, #4747, .T. ) ;
#7037 = CARTESIAN_POINT ( 'NONE',  ( 0.000000000000000000, 12.00000000000000000, 5.000000000000000000 ) ) ;
#7038 = VECTOR ( 'NONE', #45, 1000.000000000000000 ) ;
#7039 = VERTEX_POINT ( 'NONE', #462 ) ;
#7040 = EDGE_LOOP ( 'NONE', ( #111, #475, #6216, #3730 ) ) ;
#7041 = TOROIDAL_SURFACE ( 'NONE', #3919, 2.000000000000000000, 1.000000000000000000 ) ;
#7042 = CARTESIAN_POINT ( 'NONE',  ( -11.00000000000000355, 12.99999999999999822, -10.49999999999999822 ) ) ;
#7043 = DIRECTION ( 'NONE',  ( 3.469446951953616161E-16, 0.000000000000000000, 1.000000000000000000 ) ) ;
#7044 = LINE ( 'NONE', #882, #537 ) ;
#7045 = CARTESIAN_POINT ( 'NONE',  ( -12.00000000000000355, 74.50000000000000000, 17.49999999999999645 ) ) ;
#7046 = AXIS2_PLACEMENT_3D ( 'NONE', #4979, #5444, #1090 ) ;
#7047 = ORIENTED_EDGE ( 'NONE', *, *, #2228, .T. ) ;
#7048 = DIRECTION ( 'NONE',  ( 1.000000000000000000, 0.000000000000000000, -4.336808689942017736E-16 ) ) ;
#7049 = AXIS2_PLACEMENT_3D ( 'NONE', #3613, #5794, #4741 ) ;
#7050 = EDGE_LOOP ( 'NONE', ( #4515, #2730, #5133, #5011 ) ) ;
#7051 = DIRECTION ( 'NONE',  ( 1.000000000000000000, 0.000000000000000000, -3.717264591378872697E-16 ) ) ;
#7052 = LINE ( 'NONE', #1725, #4415 ) ;
#7053 = LINE ( 'NONE', #6631, #6618 ) ;
#7054 = DIRECTION ( 'NONE',  ( -0.000000000000000000, -1.000000000000000000, -0.000000000000000000 ) ) ;
#7055 = CARTESIAN_POINT ( 'NONE',  ( -10.00000000000000355, 66.54999999999999716, -8.699999999999999289 ) ) ;
#7056 = VECTOR ( 'NONE', #4241, 1000.000000000000000 ) ;
#7057 = ADVANCED_FACE ( 'NONE', ( #3871 ), #3837, .T. ) ;
#7058 = AXIS2_PLACEMENT_3D ( 'NONE', #5856, #739, #187 ) ;
#7059 = EDGE_CURVE ( 'NONE', #2504, #771, #3486, .T. ) ;
#7060 = EDGE_CURVE ( 'NONE', #1649, #2795, #5428, .T. ) ;
#7061 = DIRECTION ( 'NONE',  ( -1.000000000000000000, 0.000000000000000000, 0.000000000000000000 ) ) ;
#7062 = CIRCLE ( 'NONE', #1588, 3.499999999999999556 ) ;
#7063 = CARTESIAN_POINT ( 'NONE',  ( -10.00000000000000355, 66.54999999999999716, -9.949999999999997513 ) ) ;
#7064 = CIRCLE ( 'NONE', #6832, 2.000000000000000000 ) ;
#7065 = DIRECTION ( 'NONE',  ( -1.000000000000000000, 0.000000000000000000, 0.000000000000000000 ) ) ;
#7066 = EDGE_CURVE ( 'NONE', #6422, #3300, #3464, .T. ) ;
#7067 = CIRCLE ( 'NONE', #543, 2.499999999999998668 ) ;
#7068 = CARTESIAN_POINT ( 'NONE',  ( 3.122849337825751011E-15, 0.5000000000000004441, -25.50000000000000355 ) ) ;
#7069 = ORIENTED_EDGE ( 'NONE', *, *, #3962, .T. ) ;
#7070 = DIRECTION ( 'NONE',  ( -1.000000000000000000, -0.000000000000000000, -0.000000000000000000 ) ) ;
#7071 = ORIENTED_EDGE ( 'NONE', *, *, #6733, .T. ) ;
#7072 = ORIENTED_EDGE ( 'NONE', *, *, #6311, .T. ) ;
#7073 = CIRCLE ( 'NONE', #3947, 1.000000000000000222 ) ;
#7074 = AXIS2_PLACEMENT_3D ( 'NONE', #3069, #872, #3109 ) ;
#7075 = EDGE_CURVE ( 'NONE', #1610, #4144, #2656, .T. ) ;
#7076 = ORIENTED_EDGE ( 'NONE', *, *, #6893, .T. ) ;
#7077 = ORIENTED_EDGE ( 'NONE', *, *, #85, .T. ) ;
#7078 = CARTESIAN_POINT ( 'NONE',  ( -5.124158441280044052, 47.10278447595506179, -4.494513373336620710 ) ) ;
#7079 = CARTESIAN_POINT ( 'NONE',  ( -7.000000000000007994, 12.00000000000000000, -1.500000000000002220 ) ) ;
#7080 = FACE_OUTER_BOUND ( 'NONE', #3049, .T. ) ;
#7081 = DIRECTION ( 'NONE',  ( -1.000000000000000000, 0.000000000000000000, 0.000000000000000000 ) ) ;
#7082 = CIRCLE ( 'NONE', #6732, 1.000000000000000000 ) ;
#7083 = ORIENTED_EDGE ( 'NONE', *, *, #4008, .T. ) ;
#7084 = ORIENTED_EDGE ( 'NONE', *, *, #5381, .F. ) ;
#7085 = ADVANCED_FACE ( 'NONE', ( #2096 ), #2992, .T. ) ;
#7086 = AXIS2_PLACEMENT_3D ( 'NONE', #5876, #2594, #362 ) ;
#7087 = CARTESIAN_POINT ( 'NONE',  ( -6.999999999999997335, 46.55880831638479123, 26.00100000000000477 ) ) ;
#7088 = ORIENTED_EDGE ( 'NONE', *, *, #4083, .T. ) ;
#7089 = DIRECTION ( 'NONE',  ( -0.4999999999999992784, -0.8660254037844391517, 0.000000000000000000 ) ) ;
#7090 = CYLINDRICAL_SURFACE ( 'NONE', #3125, 1.000000000000000888 ) ;
#7091 = CARTESIAN_POINT ( 'NONE',  ( 5.999999999999998224, 66.00000000000000000, 17.49999999999999645 ) ) ;
#7092 = AXIS2_PLACEMENT_3D ( 'NONE', #354, #1911, #5905 ) ;
#7093 = VERTEX_POINT ( 'NONE', #1010 ) ;
#7094 = EDGE_CURVE ( 'NONE', #6539, #3252, #5298, .T. ) ;
#7095 = VECTOR ( 'NONE', #3950, 1000.000000000000000 ) ;
#7096 = FACE_OUTER_BOUND ( 'NONE', #6662, .T. ) ;
#7097 = ORIENTED_EDGE ( 'NONE', *, *, #6231, .F. ) ;
#7098 = PLANE ( 'NONE',  #2989 ) ;
#7099 = CARTESIAN_POINT ( 'NONE',  ( -8.400000000000002132, 72.61658075373094334, 9.800000000000006040 ) ) ;
#7100 = DIRECTION ( 'NONE',  ( 1.000000000000000000, -0.000000000000000000, 0.000000000000000000 ) ) ;
#7101 = CARTESIAN_POINT ( 'NONE',  ( 23.63762615825975644, 73.05662432702591502, 12.49999999999998401 ) ) ;
#7102 = EDGE_LOOP ( 'NONE', ( #2982, #3653 ) ) ;
#7103 = AXIS2_PLACEMENT_3D ( 'NONE', #1187, #5740, #5166 ) ;
#7104 = ORIENTED_EDGE ( 'NONE', *, *, #6552, .F. ) ;
#7105 = LINE ( 'NONE', #6089, #1893 ) ;
#7106 = DIRECTION ( 'NONE',  ( -2.172046186845915644E-16, -2.465190328815661892E-32, -1.000000000000000000 ) ) ;
#7107 = AXIS2_PLACEMENT_3D ( 'NONE', #2750, #1614, #3232 ) ;
#7108 = DIRECTION ( 'NONE',  ( 1.000000000000000000, 0.000000000000000000, -4.956352788505163268E-16 ) ) ;
#7109 = DIRECTION ( 'NONE',  ( 0.000000000000000000, 0.000000000000000000, -1.000000000000000000 ) ) ;
#7110 = EDGE_LOOP ( 'NONE', ( #2437, #4817, #5255, #4089, #2586, #5377 ) ) ;
#7111 = CARTESIAN_POINT ( 'NONE',  ( -7.750000000000005329, 36.50000000000000711, -11.49999999999999822 ) ) ;
#7112 = ORIENTED_EDGE ( 'NONE', *, *, #5611, .F. ) ;
#7113 = ORIENTED_EDGE ( 'NONE', *, *, #6741, .F. ) ;
#7114 = CARTESIAN_POINT ( 'NONE',  ( -5.870559787784572769, 46.72040346439655423, -4.009134173474347307 ) ) ;
#7115 = CARTESIAN_POINT ( 'NONE',  ( 0.5977908551916762958, 11.10535836335466442, -3.957936429935993594 ) ) ;
#7116 = EDGE_LOOP ( 'NONE', ( #2046, #205, #1535, #1512, #3214, #2533 ) ) ;
#7117 = DIRECTION ( 'NONE',  ( 0.000000000000000000, -1.000000000000000000, 3.154042683594192162E-16 ) ) ;
#7118 = DIRECTION ( 'NONE',  ( -2.168404344971008868E-16, -0.000000000000000000, -1.000000000000000000 ) ) ;
#7119 = ADVANCED_FACE ( 'NONE', ( #6543 ), #924, .T. ) ;
#7120 = EDGE_CURVE ( 'NONE', #5818, #4940, #7062, .T. ) ;
#7121 = VERTEX_POINT ( 'NONE', #3157 ) ;
#7122 = ORIENTED_EDGE ( 'NONE', *, *, #5386, .T. ) ;
#7123 = LINE ( 'NONE', #2119, #762 ) ;
#7124 = ORIENTED_EDGE ( 'NONE', *, *, #866, .F. ) ;
#7125 = LINE ( 'NONE', #2004, #2048 ) ;
#7126 = VECTOR ( 'NONE', #4380, 1000.000000000000000 ) ;
#7127 = FACE_OUTER_BOUND ( 'NONE', #1578, .T. ) ;
#7128 = PLANE ( 'NONE',  #2811 ) ;
#7129 = EDGE_CURVE ( 'NONE', #2165, #6956, #5559, .T. ) ;
#7130 = ORIENTED_EDGE ( 'NONE', *, *, #5864, .F. ) ;
#7131 = EDGE_LOOP ( 'NONE', ( #5962, #912 ) ) ;
#7132 = CARTESIAN_POINT ( 'NONE',  ( -3.570714214271425213, 12.99999999999999822, -4.500000000000000000 ) ) ;
#7133 = ORIENTED_EDGE ( 'NONE', *, *, #4714, .T. ) ;
#7134 = DIRECTION ( 'NONE',  ( -1.000000000000000000, -0.000000000000000000, -0.000000000000000000 ) ) ;
#7135 = CARTESIAN_POINT ( 'NONE',  ( 6.249999999999997335, 15.50000000000000000, -11.50000000000000000 ) ) ;
#7136 = DIRECTION ( 'NONE',  ( 2.682704640602071600E-16, 0.5000000000000022204, 0.8660254037844372643 ) ) ;
#7137 = EDGE_CURVE ( 'NONE', #2623, #3896, #2471, .T. ) ;
#7138 = CARTESIAN_POINT ( 'NONE',  ( 11.50000000000000000, 10.20000000000000107, -16.10000000000000142 ) ) ;
#7139 = VERTEX_POINT ( 'NONE', #330 ) ;
#7140 = CARTESIAN_POINT ( 'NONE',  ( -11.50000000000000355, 61.04999999999999005, -6.949999999999997513 ) ) ;
#7141 = CYLINDRICAL_SURFACE ( 'NONE', #2161, 2.099999999999998757 ) ;
#7142 = CARTESIAN_POINT ( 'NONE',  ( -11.50000000000000355, 61.04999999999999005, -7.449999999999998401 ) ) ;
#7143 = FACE_OUTER_BOUND ( 'NONE', #7050, .T. ) ;
#7144 = ORIENTED_EDGE ( 'NONE', *, *, #2525, .T. ) ;
#7145 = CARTESIAN_POINT ( 'NONE',  ( 9.799999999999998934, 13.99999999999999289, -4.499999999999999112 ) ) ;
#7146 = VERTEX_POINT ( 'NONE', #3227 ) ;
#7147 = ORIENTED_EDGE ( 'NONE', *, *, #7029, .T. ) ;
#7148 = CARTESIAN_POINT ( 'NONE',  ( -5.440424123739607154, 46.14803206029303340, -4.423714657365081848 ) ) ;
#7149 = LINE ( 'NONE', #5021, #2886 ) ;
#7150 = FACE_OUTER_BOUND ( 'NONE', #359, .T. ) ;
#7151 = DIRECTION ( 'NONE',  ( -3.717264591378872697E-16, 0.000000000000000000, -1.000000000000000000 ) ) ;
#7152 = ORIENTED_EDGE ( 'NONE', *, *, #4276, .F. ) ;
#7153 = ORIENTED_EDGE ( 'NONE', *, *, #866, .T. ) ;
#7154 = ORIENTED_EDGE ( 'NONE', *, *, #1464, .F. ) ;
#7155 = EDGE_CURVE ( 'NONE', #3252, #605, #3118, .T. ) ;
#7156 = ORIENTED_EDGE ( 'NONE', *, *, #4622, .F. ) ;
#7157 = ADVANCED_FACE ( 'NONE', ( #4797 ), #4876, .T. ) ;
#7158 = EDGE_CURVE ( 'NONE', #2115, #1681, #6725, .T. ) ;
#7159 = DIRECTION ( 'NONE',  ( -2.168404344971008868E-16, -0.000000000000000000, -1.000000000000000000 ) ) ;
#7160 = CIRCLE ( 'NONE', #3432, 0.9999999999999991118 ) ;
#7161 = LINE ( 'NONE', #2158, #4871 ) ;
#7162 = DIRECTION ( 'NONE',  ( 0.000000000000000000, 0.000000000000000000, -1.000000000000000000 ) ) ;
#7163 = ORIENTED_EDGE ( 'NONE', *, *, #4514, .F. ) ;
#7164 = CIRCLE ( 'NONE', #4605, 2.000000000000000444 ) ;
#7165 = ORIENTED_EDGE ( 'NONE', *, *, #4946, .F. ) ;
#7166 = EDGE_CURVE ( 'NONE', #5244, #4881, #4283, .T. ) ;
#7167 = LINE ( 'NONE', #80, #164 ) ;
#7168 = ORIENTED_EDGE ( 'NONE', *, *, #1890, .F. ) ;
#7169 = PLANE ( 'NONE',  #2043 ) ;
#7170 = VECTOR ( 'NONE', #6696, 1000.000000000000000 ) ;
#7171 = CARTESIAN_POINT ( 'NONE',  ( 12.99999999999999822, 20.49999999999999645, -4.500000000000003553 ) ) ;
#7172 = FACE_BOUND ( 'NONE', #1454, .T. ) ;
#7173 = DIRECTION ( 'NONE',  ( 1.000000000000000000, -0.000000000000000000, 0.000000000000000000 ) ) ;
#7174 = ORIENTED_EDGE ( 'NONE', *, *, #3659, .F. ) ;
#7175 = AXIS2_PLACEMENT_3D ( 'NONE', #4532, #47, #5041 ) ;
#7176 = EDGE_CURVE ( 'NONE', #6817, #7002, #5900, .T. ) ;
#7177 = CARTESIAN_POINT ( 'NONE',  ( 6.249999999999992895, 34.10399638286305901, -6.299999999999999822 ) ) ;
#7178 = CARTESIAN_POINT ( 'NONE',  ( 11.50000000000000000, 10.20000000000000107, 16.10000000000000142 ) ) ;
#7179 = DIRECTION ( 'NONE',  ( 1.000000000000000000, 0.000000000000000000, 0.000000000000000000 ) ) ;
#7180 = CARTESIAN_POINT ( 'NONE',  ( -5.000000000000007994, 12.00000000000000000, -1.500000000000003109 ) ) ;
#7181 = ORIENTED_EDGE ( 'NONE', *, *, #3327, .F. ) ;
#7182 = AXIS2_PLACEMENT_3D ( 'NONE', #2807, #2968, #1972 ) ;
#7183 = AXIS2_PLACEMENT_3D ( 'NONE', #5420, #5934, #2092 ) ;
#7184 = LINE ( 'NONE', #4460, #487 ) ;
#7185 = ORIENTED_EDGE ( 'NONE', *, *, #5281, .T. ) ;
#7186 = CIRCLE ( 'NONE', #3355, 1.000000000000000888 ) ;
#7187 = ORIENTED_EDGE ( 'NONE', *, *, #107, .T. ) ;
#7188 = AXIS2_PLACEMENT_3D ( 'NONE', #7203, #3340, #5560 ) ;
#7189 = CARTESIAN_POINT ( 'NONE',  ( -5.500405984328654796, 47.00983123941816899, -4.368252305843729033 ) ) ;
#7190 = CYLINDRICAL_SURFACE ( 'NONE', #4631, 26.00000000000000355 ) ;
#7191 = ORIENTED_EDGE ( 'NONE', *, *, #7237, .T. ) ;
#7192 = DIRECTION ( 'NONE',  ( 0.000000000000000000, 0.8660254037844385966, 0.5000000000000001110 ) ) ;
#7193 = CARTESIAN_POINT ( 'NONE',  ( -8.400000000000003908, 74.23316150746191511, 6.999999999999986677 ) ) ;
#7194 = CC_DESIGN_APPROVAL ( #957, ( #272 ) ) ;
#7195 = ORIENTED_EDGE ( 'NONE', *, *, #1740, .F. ) ;
#7196 = AXIS2_PLACEMENT_3D ( 'NONE', #7225, #2182, #7108 ) ;
#7197 = VECTOR ( 'NONE', #7192, 1000.000000000000000 ) ;
#7198 = ORIENTED_EDGE ( 'NONE', *, *, #410, .T. ) ;
#7199 = ORIENTED_EDGE ( 'NONE', *, *, #4083, .F. ) ;
#7200 = AXIS2_PLACEMENT_3D ( 'NONE', #3798, #4895, #5434 ) ;
#7201 = DIRECTION ( 'NONE',  ( 0.8660254037844384856, 0.5000000000000003331, 0.000000000000000000 ) ) ;
#7202 = AXIS2_PLACEMENT_3D ( 'NONE', #7009, #3121, #3744 ) ;
#7203 = CARTESIAN_POINT ( 'NONE',  ( -10.00000000000000355, 66.54999999999999716, -8.699999999999999289 ) ) ;
#7204 = DIRECTION ( 'NONE',  ( -0.000000000000000000, 1.000000000000000000, -0.000000000000000000 ) ) ;
#7205 = EDGE_CURVE ( 'NONE', #956, #2953, #5449, .T. ) ;
#7206 = FACE_OUTER_BOUND ( 'NONE', #2148, .T. ) ;
#7207 = ORIENTED_EDGE ( 'NONE', *, *, #2620, .F. ) ;
#7208 = AXIS2_PLACEMENT_3D ( 'NONE', #6910, #3051, #5309 ) ;
#7209 = ORIENTED_EDGE ( 'NONE', *, *, #2515, .T. ) ;
#7210 = DIRECTION ( 'NONE',  ( -4.336808689942017243E-16, 0.000000000000000000, -1.000000000000000000 ) ) ;
#7211 = VERTEX_POINT ( 'NONE', #2040 ) ;
#7212 = CARTESIAN_POINT ( 'NONE',  ( 0.3502536200298276836, 11.82818612959333393, -4.275915805269687731 ) ) ;
#7213 = ORIENTED_EDGE ( 'NONE', *, *, #4904, .T. ) ;
#7214 = DIRECTION ( 'NONE',  ( 3.717264591378872697E-16, 0.000000000000000000, 1.000000000000000000 ) ) ;
#7215 = LINE ( 'NONE', #3903, #3025 ) ;
#7216 = DIRECTION ( 'NONE',  ( 1.000000000000000000, 0.000000000000000000, 0.000000000000000000 ) ) ;
#7217 = EDGE_CURVE ( 'NONE', #2991, #6671, #4401, .T. ) ;
#7218 = EDGE_CURVE ( 'NONE', #3848, #202, #3741, .T. ) ;
#7219 = ORIENTED_EDGE ( 'NONE', *, *, #5177, .T. ) ;
#7220 = ORIENTED_EDGE ( 'NONE', *, *, #1633, .T. ) ;
#7221 = ORIENTED_EDGE ( 'NONE', *, *, #5938, .F. ) ;
#7222 = CIRCLE ( 'NONE', #2549, 1.600000000000002531 ) ;
#7223 = DIRECTION ( 'NONE',  ( 1.000000000000000000, 0.000000000000000000, 0.000000000000000000 ) ) ;
#7224 = DIRECTION ( 'NONE',  ( 0.000000000000000000, 1.000000000000000000, 0.000000000000000000 ) ) ;
#7225 = CARTESIAN_POINT ( 'NONE',  ( -2.500000000000004441, 70.50000000000000000, 12.49999999999999289 ) ) ;
#7226 = DIRECTION ( 'NONE',  ( 0.000000000000000000, -1.000000000000000000, 3.154042683594192162E-16 ) ) ;
#7227 = VECTOR ( 'NONE', #2006, 1000.000000000000000 ) ;
#7228 = DIRECTION ( 'NONE',  ( 0.000000000000000000, -1.000000000000000000, 0.000000000000000000 ) ) ;
#7229 = EDGE_CURVE ( 'NONE', #1230, #2165, #4720, .T. ) ;
#7230 = AXIS2_PLACEMENT_3D ( 'NONE', #2124, #928, #369 ) ;
#7231 = DIRECTION ( 'NONE',  ( 1.000000000000000000, 0.000000000000000000, 0.000000000000000000 ) ) ;
#7232 = ORIENTED_EDGE ( 'NONE', *, *, #5745, .T. ) ;
#7233 = CARTESIAN_POINT ( 'NONE',  ( -6.260113266614067307, 45.84285396464400009, -4.518268348701753645 ) ) ;
#7234 = DIRECTION ( 'NONE',  ( 1.000000000000000000, -0.000000000000000000, 0.000000000000000000 ) ) ;
#7235 = CARTESIAN_POINT ( 'NONE',  ( -5.783650551449794897, 41.79848974132290351, -4.499999999999999112 ) ) ;
#7236 = CARTESIAN_POINT ( 'NONE',  ( -5.000000000000007994, 78.00000000000000000, -3.499999999999999112 ) ) ;
#7237 = EDGE_CURVE ( 'NONE', #336, #155, #2521, .T. ) ;
#7238 = ORIENTED_EDGE ( 'NONE', *, *, #3550, .F. ) ;
ENDSEC;
END-ISO-10303-21;
