ISO-10303-21;
HEADER;
FILE_DESCRIPTION (( 'STEP AP203' ),
    '1' );
FILE_NAME ('µ××ù£¨8x8£©.STEP',
    '2026-08-21T02:59:10',
    ( 'Windows User' ),
    ( 'P R C' ),
    'SwSTEP 2.0',
    'SolidWorks 2024',
    '' );
FILE_SCHEMA (( 'CONFIG_CONTROL_DESIGN' ));
ENDSEC;

DATA;
#1 = VECTOR ( 'NONE', #6032, 1000.000000000000000 ) ;
#2 = DIRECTION ( 'NONE',  ( 0.000000000000000000, 0.000000000000000000, 1.000000000000000000 ) ) ;
#3 = DIRECTION ( 'NONE',  ( -0.000000000000000000, 1.000000000000000000, -0.000000000000000000 ) ) ;
#4 = CIRCLE ( 'NONE', #2035, 3.999999999999982681 ) ;
#5 = EDGE_LOOP ( 'NONE', ( #3203, #5441, #6484, #4164 ) ) ;
#6 = FACE_OUTER_BOUND ( 'NONE', #7119, .T. ) ;
#7 = DIRECTION ( 'NONE',  ( -0.000000000000000000, 1.000000000000000000, -0.000000000000000000 ) ) ;
#8 = EDGE_LOOP ( 'NONE', ( #2604, #5331, #5360, #6640 ) ) ;
#9 = FACE_BOUND ( 'NONE', #4992, .T. ) ;
#10 = ORIENTED_EDGE ( 'NONE', *, *, #5254, .F. ) ;
#11 = AXIS2_PLACEMENT_3D ( 'NONE', #412, #2124, #2672 ) ;
#12 = VECTOR ( 'NONE', #6179, 1000.000000000000000 ) ;
#13 = CIRCLE ( 'NONE', #6429, 1.650000000000002132 ) ;
#14 = DIRECTION ( 'NONE',  ( 0.000000000000000000, -0.7071067811865533459, -0.7071067811865416886 ) ) ;
#15 = DIRECTION ( 'NONE',  ( 0.000000000000000000, 0.000000000000000000, 1.000000000000000000 ) ) ;
#16 = AXIS2_PLACEMENT_3D ( 'NONE', #5463, #3600, #2642 ) ;
#17 = ORIENTED_EDGE ( 'NONE', *, *, #2306, .F. ) ;
#18 = CIRCLE ( 'NONE', #5833, 1.650000000000005684 ) ;
#19 = EDGE_CURVE ( 'NONE', #694, #1015, #2598, .T. ) ;
#20 = DIRECTION ( 'NONE',  ( -0.000000000000000000, 1.000000000000000000, -0.000000000000000000 ) ) ;
#21 = VERTEX_POINT ( 'NONE', #4313 ) ;
#22 = LINE ( 'NONE', #2291, #4753 ) ;
#23 = DIRECTION ( 'NONE',  ( -0.000000000000000000, -1.000000000000000000, -0.000000000000000000 ) ) ;
#24 = LINE ( 'NONE', #7269, #5551 ) ;
#25 = AXIS2_PLACEMENT_3D ( 'NONE', #1814, #2807, #1736 ) ;
#26 = ORIENTED_EDGE ( 'NONE', *, *, #1410, .T. ) ;
#27 = FACE_OUTER_BOUND ( 'NONE', #1734, .T. ) ;
#28 = DIRECTION ( 'NONE',  ( 8.659560562355004349E-17, -0.7071067811865417996, 0.7071067811865531239 ) ) ;
#29 = CARTESIAN_POINT ( 'NONE',  ( 6.249999999999998224, 7.499999999999998224, 7.900000000000002132 ) ) ;
#30 = ORIENTED_EDGE ( 'NONE', *, *, #2507, .F. ) ;
#31 = CARTESIAN_POINT ( 'NONE',  ( 31.25000000000000000, 7.499999999999998224, -17.10000000000008669 ) ) ;
#32 = DIRECTION ( 'NONE',  ( 0.000000000000000000, 0.000000000000000000, 1.000000000000000000 ) ) ;
#33 = VERTEX_POINT ( 'NONE', #6017 ) ;
#34 = FACE_BOUND ( 'NONE', #4879, .T. ) ;
#35 = ORIENTED_EDGE ( 'NONE', *, *, #5351, .T. ) ;
#36 = ORIENTED_EDGE ( 'NONE', *, *, #3442, .F. ) ;
#37 = EDGE_CURVE ( 'NONE', #4560, #5457, #1780, .T. ) ;
#38 = ADVANCED_FACE ( 'NONE', ( #4487 ), #6264, .F. ) ;
#39 = DIRECTION ( 'NONE',  ( -0.000000000000000000, 1.000000000000000000, -0.000000000000000000 ) ) ;
#40 = AXIS2_PLACEMENT_3D ( 'NONE', #908, #1546, #1288 ) ;
#41 = DIRECTION ( 'NONE',  ( 0.000000000000000000, 1.000000000000000000, 0.000000000000000000 ) ) ;
#42 = ORIENTED_EDGE ( 'NONE', *, *, #1139, .F. ) ;
#43 = DIRECTION ( 'NONE',  ( -0.000000000000000000, -1.000000000000000000, -0.000000000000000000 ) ) ;
#44 = CARTESIAN_POINT ( 'NONE',  ( -31.25000000000000000, 7.499999999999998224, 7.900000000000092726 ) ) ;
#45 = ADVANCED_FACE ( 'NONE', ( #1706 ), #3478, .F. ) ;
#46 = ORIENTED_EDGE ( 'NONE', *, *, #1911, .T. ) ;
#47 = DIRECTION ( 'NONE',  ( -0.000000000000000000, -1.000000000000000000, -0.000000000000000000 ) ) ;
#48 = VERTEX_POINT ( 'NONE', #629 ) ;
#49 = EDGE_CURVE ( 'NONE', #3594, #1446, #3054, .T. ) ;
#50 = VECTOR ( 'NONE', #3529, 1000.000000000000000 ) ;
#51 = EDGE_CURVE ( 'NONE', #2227, #4419, #6274, .T. ) ;
#52 = CARTESIAN_POINT ( 'NONE',  ( -18.75000000000008527, 0.4999999999999922284, -31.25000000000000000 ) ) ;
#53 = ADVANCED_FACE ( 'NONE', ( #2886 ), #95, .F. ) ;
#54 = CARTESIAN_POINT ( 'NONE',  ( 31.25000000000000000, 0.000000000000000000, -18.75000000000008882 ) ) ;
#55 = AXIS2_PLACEMENT_3D ( 'NONE', #3827, #3966, #2197 ) ;
#56 = ORIENTED_EDGE ( 'NONE', *, *, #688, .F. ) ;
#57 = FACE_OUTER_BOUND ( 'NONE', #4474, .T. ) ;
#58 = AXIS2_PLACEMENT_3D ( 'NONE', #6658, #3228, #2810 ) ;
#59 = VERTEX_POINT ( 'NONE', #3438 ) ;
#60 = CARTESIAN_POINT ( 'NONE',  ( -6.250000000000084377, 7.499999999999994671, -31.25000000000000000 ) ) ;
#61 = EDGE_CURVE ( 'NONE', #7112, #1198, #6981, .T. ) ;
#62 = DIRECTION ( 'NONE',  ( -0.000000000000000000, -1.000000000000000000, -0.000000000000000000 ) ) ;
#63 = DIRECTION ( 'NONE',  ( -1.734723475976807094E-16, 0.000000000000000000, -1.000000000000000000 ) ) ;
#64 = ORIENTED_EDGE ( 'NONE', *, *, #7298, .F. ) ;
#65 = DIRECTION ( 'NONE',  ( -0.7071067811865475727, 0.7071067811865475727, 0.000000000000000000 ) ) ;
#66 = DIRECTION ( 'NONE',  ( 8.659560562354845344E-17, -0.7071067811865547892, 0.7071067811865403563 ) ) ;
#67 = CARTESIAN_POINT ( 'NONE',  ( -31.25000000000004263, 0.000000000000000000, -16.60000000000000142 ) ) ;
#68 = DIRECTION ( 'NONE',  ( -0.000000000000000000, 1.000000000000000000, -0.000000000000000000 ) ) ;
#69 = CARTESIAN_POINT ( 'NONE',  ( -18.75000000000004263, 8.000000000000000000, -15.75000000000000000 ) ) ;
#70 = ORIENTED_EDGE ( 'NONE', *, *, #5726, .F. ) ;
#71 = FACE_BOUND ( 'NONE', #6246, .T. ) ;
#72 = ORIENTED_EDGE ( 'NONE', *, *, #966, .F. ) ;
#73 = ORIENTED_EDGE ( 'NONE', *, *, #2635, .F. ) ;
#74 = VECTOR ( 'NONE', #4981, 999.9999999999998863 ) ;
#75 = DIRECTION ( 'NONE',  ( 0.000000000000000000, 0.000000000000000000, -1.000000000000000000 ) ) ;
#76 = DIRECTION ( 'NONE',  ( 0.000000000000000000, 1.000000000000000000, 0.000000000000000000 ) ) ;
#77 = VERTEX_POINT ( 'NONE', #5602 ) ;
#78 = DIRECTION ( 'NONE',  ( -0.000000000000000000, 1.000000000000000000, -0.000000000000000000 ) ) ;
#79 = CARTESIAN_POINT ( 'NONE',  ( 38.99999999999999289, 0.000000000000000000, 35.00000000000000000 ) ) ;
#80 = CIRCLE ( 'NONE', #6377, 2.150000000000012790 ) ;
#81 = ORIENTED_EDGE ( 'NONE', *, *, #1952, .F. ) ;
#82 = DIRECTION ( 'NONE',  ( 0.000000000000000000, 0.000000000000000000, 1.000000000000000000 ) ) ;
#84 = ADVANCED_FACE ( 'NONE', ( #663 ), #4251, .F. ) ;
#83 = EDGE_CURVE ( 'NONE', #4458, #2884, #925, .T. ) ;
#85 = ORIENTED_EDGE ( 'NONE', *, *, #5960, .F. ) ;
#86 = CIRCLE ( 'NONE', #5059, 1.650000000000002132 ) ;
#87 = ADVANCED_FACE ( 'NONE', ( #6874 ), #1630, .F. ) ;
#88 = CARTESIAN_POINT ( 'NONE',  ( 31.24999999999986500, 0.4999999999999935052, 4.600000000000133760 ) ) ;
#89 = CARTESIAN_POINT ( 'NONE',  ( 35.00000000000000000, 6.999999999999985789, -40.00000000000000711 ) ) ;
#91 = ORIENTED_EDGE ( 'NONE', *, *, #2152, .F. ) ;
#90 = EDGE_CURVE ( 'NONE', #521, #7145, #2704, .T. ) ;
#92 = AXIS2_PLACEMENT_3D ( 'NONE', #4346, #7165, #2594 ) ;
#93 = AXIS2_PLACEMENT_3D ( 'NONE', #2030, #2430, #6568 ) ;
#94 = FACE_OUTER_BOUND ( 'NONE', #5801, .T. ) ;
#95 = CONICAL_SURFACE ( 'NONE', #4717, 3.899999999999993694, 0.7853981633974473908 ) ;
#96 = EDGE_CURVE ( 'NONE', #4697, #6835, #3366, .T. ) ;
#97 = VERTEX_POINT ( 'NONE', #3957 ) ;
#98 = CARTESIAN_POINT ( 'NONE',  ( -6.250000000000084377, 0.5000000000000047740, -31.25000000000000000 ) ) ;
#99 = DIRECTION ( 'NONE',  ( 0.000000000000000000, 0.000000000000000000, 1.000000000000000000 ) ) ;
#100 = APPLICATION_PROTOCOL_DEFINITION ( 'international standard', 'config_control_design', 1994, #3850 ) ;
#101 = EDGE_LOOP ( 'NONE', ( #4079, #4272, #5051, #5818 ) ) ;
#102 = CARTESIAN_POINT ( 'NONE',  ( -31.25000000000004263, 8.000000000000000000, -16.60000000000000142 ) ) ;
#103 = CARTESIAN_POINT ( 'NONE',  ( -31.24999999999999289, 0.000000000000000000, 31.25000000000008882 ) ) ;
#104 = CARTESIAN_POINT ( 'NONE',  ( 18.75000000000004263, 7.499999999999984013, 16.25000000000000355 ) ) ;
#105 = CARTESIAN_POINT ( 'NONE',  ( 31.25000000000000000, 0.5000000000000073275, -17.10000000000008669 ) ) ;
#106 = ORIENTED_EDGE ( 'NONE', *, *, #3642, .T. ) ;
#107 = DIRECTION ( 'NONE',  ( 0.000000000000000000, 1.000000000000000000, 0.000000000000000000 ) ) ;
#108 = VERTEX_POINT ( 'NONE', #6238 ) ;
#109 = VERTEX_POINT ( 'NONE', #3400 ) ;
#110 = VECTOR ( 'NONE', #3587, 1000.000000000000000 ) ;
#111 = VECTOR ( 'NONE', #4637, 1000.000000000000000 ) ;
#112 = DIRECTION ( 'NONE',  ( 0.000000000000000000, 0.000000000000000000, 1.000000000000000000 ) ) ;
#113 = DIRECTION ( 'NONE',  ( 0.000000000000000000, 1.000000000000000000, 0.000000000000000000 ) ) ;
#114 = EDGE_LOOP ( 'NONE', ( #6489, #4413, #5306, #5759 ) ) ;
#115 = FACE_OUTER_BOUND ( 'NONE', #5015, .T. ) ;
#116 = AXIS2_PLACEMENT_3D ( 'NONE', #310, #3572, #1915 ) ;
#117 = CARTESIAN_POINT ( 'NONE',  ( -6.249999999999998224, -2.000000000000000000, -7.900000000000000355 ) ) ;
#118 = ORIENTED_EDGE ( 'NONE', *, *, #1764, .T. ) ;
#119 = CARTESIAN_POINT ( 'NONE',  ( -6.250000000000040856, 7.499999999999994671, -18.75000000000000355 ) ) ;
#120 = VECTOR ( 'NONE', #3874, 1000.000000000000000 ) ;
#121 = VERTEX_POINT ( 'NONE', #5112 ) ;
#122 = AXIS2_PLACEMENT_3D ( 'NONE', #2610, #5473, #7219 ) ;
#123 = CIRCLE ( 'NONE', #1913, 1.649999999999998579 ) ;
#124 = EDGE_CURVE ( 'NONE', #3564, #2376, #2222, .T. ) ;
#125 = CARTESIAN_POINT ( 'NONE',  ( 35.00000000000000000, 1.000000000000000888, -40.00000000000000711 ) ) ;
#126 = DIRECTION ( 'NONE',  ( 0.000000000000000000, 0.000000000000000000, 1.000000000000000000 ) ) ;
#127 = ORIENTED_EDGE ( 'NONE', *, *, #4929, .F. ) ;
#128 = AXIS2_PLACEMENT_3D ( 'NONE', #783, #5914, #6440 ) ;
#129 = AXIS2_PLACEMENT_3D ( 'NONE', #5732, #5200, #6331 ) ;
#130 = VECTOR ( 'NONE', #6268, 1000.000000000000000 ) ;
#131 = CARTESIAN_POINT ( 'NONE',  ( -31.24999999999986500, 7.500000000000003553, -4.600000000000129319 ) ) ;
#132 = EDGE_CURVE ( 'NONE', #1537, #1800, #3403, .T. ) ;
#133 = ORIENTED_EDGE ( 'NONE', *, *, #37, .F. ) ;
#134 = EDGE_CURVE ( 'NONE', #1678, #5739, #4562, .T. ) ;
#135 = AXIS2_PLACEMENT_3D ( 'NONE', #6593, #1903, #3337 ) ;
#136 = CONICAL_SURFACE ( 'NONE', #1086, 1.649999999999995248, 0.7853981633974378429 ) ;
#137 = DIRECTION ( 'NONE',  ( 0.000000000000000000, 0.7071067811865533459, 0.7071067811865416886 ) ) ;
#138 = DIRECTION ( 'NONE',  ( 0.000000000000000000, 0.000000000000000000, 1.000000000000000000 ) ) ;
#139 = APPROVAL_STATUS ( 'not_yet_approved' ) ;
#140 = EDGE_CURVE ( 'NONE', #1519, #4560, #5664, .T. ) ;
#141 = VERTEX_POINT ( 'NONE', #3880 ) ;
#142 = CARTESIAN_POINT ( 'NONE',  ( 31.25000000000000000, 0.000000000000000000, -18.75000000000008882 ) ) ;
#143 = CARTESIAN_POINT ( 'NONE',  ( 18.75000000000000355, 7.499999999999998224, -4.600000000000039613 ) ) ;
#144 = VECTOR ( 'NONE', #5078, 1000.000000000000000 ) ;
#145 = VECTOR ( 'NONE', #1134, 1000.000000000000000 ) ;
#146 = EDGE_CURVE ( 'NONE', #6476, #1607, #6161, .T. ) ;
#147 = AXIS2_PLACEMENT_3D ( 'NONE', #6617, #3181, #1526 ) ;
#148 = CIRCLE ( 'NONE', #3680, 2.150000000000012790 ) ;
#149 = DIRECTION ( 'NONE',  ( 0.000000000000000000, 1.000000000000000000, 0.000000000000000000 ) ) ;
#150 = CARTESIAN_POINT ( 'NONE',  ( 31.25000000000000000, 0.5000000000000073275, -20.40000000000009095 ) ) ;
#151 = EDGE_LOOP ( 'NONE', ( #2834, #5925, #2282, #248 ) ) ;
#152 = CARTESIAN_POINT ( 'NONE',  ( 18.75000000000008882, 0.000000000000000000, 33.40000000000002700 ) ) ;
#153 = ORIENTED_EDGE ( 'NONE', *, *, #4404, .T. ) ;
#154 = DIRECTION ( 'NONE',  ( 0.000000000000000000, 0.000000000000000000, -1.000000000000000000 ) ) ;
#155 = DIRECTION ( 'NONE',  ( 0.000000000000000000, 0.000000000000000000, 1.000000000000000000 ) ) ;
#156 = ORIENTED_EDGE ( 'NONE', *, *, #5410, .F. ) ;
#157 = CARTESIAN_POINT ( 'NONE',  ( 31.25000000000008882, 0.5000000000000160982, 33.64999999999999858 ) ) ;
#158 = EDGE_CURVE ( 'NONE', #6835, #3064, #3588, .T. ) ;
#159 = DIRECTION ( 'NONE',  ( -0.000000000000000000, 1.000000000000000000, -0.000000000000000000 ) ) ;
#160 = ORIENTED_EDGE ( 'NONE', *, *, #4271, .T. ) ;
#161 = CARTESIAN_POINT ( 'NONE',  ( -31.24999999999999289, 3.000000000000000000, 35.15000000000009095 ) ) ;
#162 = ORIENTED_EDGE ( 'NONE', *, *, #2539, .T. ) ;
#163 = LINE ( 'NONE', #1987, #7350 ) ;
#164 = FACE_OUTER_BOUND ( 'NONE', #6633, .T. ) ;
#165 = CARTESIAN_POINT ( 'NONE',  ( 6.250000000000088818, 7.499999999999998224, 31.25000000000000000 ) ) ;
#166 = EDGE_LOOP ( 'NONE', ( #4592, #3177, #7118, #828 ) ) ;
#167 = DIRECTION ( 'NONE',  ( 0.000000000000000000, 0.000000000000000000, 1.000000000000000000 ) ) ;
#168 = ORIENTED_EDGE ( 'NONE', *, *, #3582, .F. ) ;
#169 = CONICAL_SURFACE ( 'NONE', #4917, 1.649999999999870237, 0.7853981633974377319 ) ;
#170 = CARTESIAN_POINT ( 'NONE',  ( 31.25000000000000000, 8.000000000000000000, -6.250000000000086153 ) ) ;
#171 = VERTEX_POINT ( 'NONE', #736 ) ;
#172 = DIRECTION ( 'NONE',  ( 0.000000000000000000, 0.000000000000000000, 1.000000000000000000 ) ) ;
#173 = PERSON_AND_ORGANIZATION_ROLE ( 'creator' ) ;
#174 = EDGE_LOOP ( 'NONE', ( #5523, #713, #3900, #5631 ) ) ;
#175 = DIRECTION ( 'NONE',  ( 0.000000000000000000, 0.000000000000000000, 1.000000000000000000 ) ) ;
#176 = EDGE_CURVE ( 'NONE', #3599, #7160, #1409, .T. ) ;
#177 = DIRECTION ( 'NONE',  ( 0.000000000000000000, 0.000000000000000000, 1.000000000000000000 ) ) ;
#178 = EDGE_CURVE ( 'NONE', #5920, #2508, #6982, .T. ) ;
#179 = CARTESIAN_POINT ( 'NONE',  ( -31.25000000000000000, 0.000000000000000000, 6.250000000000090594 ) ) ;
#180 = CARTESIAN_POINT ( 'NONE',  ( -31.25000000000004263, 0.000000000000000000, -18.75000000000000000 ) ) ;
#181 = VERTEX_POINT ( 'NONE', #6496 ) ;
#182 = FACE_BOUND ( 'NONE', #2984, .T. ) ;
#183 = EDGE_CURVE ( 'NONE', #6373, #2989, #5341, .T. ) ;
#184 = ORIENTED_EDGE ( 'NONE', *, *, #3839, .T. ) ;
#185 = EDGE_CURVE ( 'NONE', #521, #6780, #7238, .T. ) ;
#186 = FACE_OUTER_BOUND ( 'NONE', #1330, .T. ) ;
#187 = FACE_OUTER_BOUND ( 'NONE', #114, .T. ) ;
#188 = VERTEX_POINT ( 'NONE', #1819 ) ;
#189 = LINE ( 'NONE', #750, #6428 ) ;
#190 = DIRECTION ( 'NONE',  ( 0.000000000000000000, 0.000000000000000000, 1.000000000000000000 ) ) ;
#191 = VERTEX_POINT ( 'NONE', #1890 ) ;
#192 = CARTESIAN_POINT ( 'NONE',  ( -31.25000000000008171, 7.500000000000000888, -31.25000000000000000 ) ) ;
#193 = ORIENTED_EDGE ( 'NONE', *, *, #3313, .F. ) ;
#194 = CONICAL_SURFACE ( 'NONE', #4357, 2.899999999999999911, 0.7853981633974539411 ) ;
#195 = DIRECTION ( 'NONE',  ( 8.659560562354813296E-17, -0.7071067811865574537, 0.7071067811865376918 ) ) ;
#196 = CARTESIAN_POINT ( 'NONE',  ( 18.75000000000000000, 0.000000000000000000, 6.249999999999997335 ) ) ;
#197 = CARTESIAN_POINT ( 'NONE',  ( 31.25000000000000000, 0.000000000000000000, -16.60000000000009024 ) ) ;
#198 = ORIENTED_EDGE ( 'NONE', *, *, #1644, .T. ) ;
#199 = AXIS2_PLACEMENT_3D ( 'NONE', #2603, #6557, #5534 ) ;
#200 = DIRECTION ( 'NONE',  ( 0.000000000000000000, 0.000000000000000000, 1.000000000000000000 ) ) ;
#201 = AXIS2_PLACEMENT_3D ( 'NONE', #5375, #3651, #1223 ) ;
#202 = CARTESIAN_POINT ( 'NONE',  ( -6.250000000000084377, 8.000000000000000000, -31.25000000000000000 ) ) ;
#203 = AXIS2_PLACEMENT_3D ( 'NONE', #332, #1000, #4856 ) ;
#204 = CYLINDRICAL_SURFACE ( 'NONE', #1394, 1.650000000000002132 ) ;
#205 = AXIS2_PLACEMENT_3D ( 'NONE', #1243, #3947, #3536 ) ;
#206 = ORIENTED_EDGE ( 'NONE', *, *, #4415, .F. ) ;
#207 = MECHANICAL_CONTEXT ( 'NONE', #3850, 'mechanical' ) ;
#208 = VERTEX_POINT ( 'NONE', #4149 ) ;
#209 = LINE ( 'NONE', #3178, #3544 ) ;
#210 = AXIS2_PLACEMENT_3D ( 'NONE', #3919, #3997, #5186 ) ;
#211 = DIRECTION ( 'NONE',  ( 0.000000000000000000, 0.000000000000000000, 1.000000000000000000 ) ) ;
#212 = AXIS2_PLACEMENT_3D ( 'NONE', #1329, #5222, #5296 ) ;
#213 = ADVANCED_FACE ( 'NONE', ( #6944 ), #1255, .T. ) ;
#214 = DIRECTION ( 'NONE',  ( 0.000000000000000000, 0.000000000000000000, 1.000000000000000000 ) ) ;
#215 = CARTESIAN_POINT ( 'NONE',  ( 6.249999999999996447, 7.500000000000005329, -32.89999999999973568 ) ) ;
#216 = ORIENTED_EDGE ( 'NONE', *, *, #2439, .T. ) ;
#217 = DIRECTION ( 'NONE',  ( -0.000000000000000000, -1.000000000000000000, -0.000000000000000000 ) ) ;
#218 = ORIENTED_EDGE ( 'NONE', *, *, #1274, .F. ) ;
#219 = ADVANCED_FACE ( 'NONE', ( #771 ), #5093, .F. ) ;
#220 = EDGE_CURVE ( 'NONE', #6745, #2299, #5788, .T. ) ;
#221 = CARTESIAN_POINT ( 'NONE',  ( 31.25000000000000000, -2.000000000000000000, -7.900000000000089173 ) ) ;
#222 = CARTESIAN_POINT ( 'NONE',  ( 18.75000000000008882, 7.499999999999998224, 29.59999999999999432 ) ) ;
#223 = EDGE_LOOP ( 'NONE', ( #17, #7266, #3294, #6404 ) ) ;
#224 = CARTESIAN_POINT ( 'NONE',  ( 31.24999999999999645, 3.000000000000000000, -31.25000000000008171 ) ) ;
#225 = DIRECTION ( 'NONE',  ( -0.000000000000000000, 1.000000000000000000, -0.000000000000000000 ) ) ;
#226 = ORIENTED_EDGE ( 'NONE', *, *, #5082, .T. ) ;
#227 = DIRECTION ( 'NONE',  ( 0.000000000000000000, 1.000000000000000000, 0.000000000000000000 ) ) ;
#228 = ORIENTED_EDGE ( 'NONE', *, *, #1368, .F. ) ;
#229 = EDGE_CURVE ( 'NONE', #5636, #2181, #7055, .T. ) ;
#230 = EDGE_CURVE ( 'NONE', #4436, #1282, #289, .T. ) ;
#231 = VECTOR ( 'NONE', #6943, 1000.000000000000000 ) ;
#232 = CARTESIAN_POINT ( 'NONE',  ( -31.24999999999999289, 3.000000000000000000, 31.25000000000008882 ) ) ;
#233 = CARTESIAN_POINT ( 'NONE',  ( -31.25000000000000000, -2.000000000000000000, 4.600000000000088463 ) ) ;
#234 = AXIS2_PLACEMENT_3D ( 'NONE', #4304, #6581, #4923 ) ;
#235 = CARTESIAN_POINT ( 'NONE',  ( 31.25000000000000000, -2.000000000000000000, -6.250000000000086153 ) ) ;
#236 = CARTESIAN_POINT ( 'NONE',  ( 6.249999999999996447, 0.4999999999999947820, -32.89999999999973568 ) ) ;
#237 = ORIENTED_EDGE ( 'NONE', *, *, #140, .T. ) ;
#238 = VERTEX_POINT ( 'NONE', #2409 ) ;
#239 = VECTOR ( 'NONE', #4209, 1000.000000000000000 ) ;
#240 = VECTOR ( 'NONE', #2735, 1000.000000000000000 ) ;
#241 = CARTESIAN_POINT ( 'NONE',  ( -18.75000000000004263, 7.499999999999987566, -16.25000000000000355 ) ) ;
#242 = VECTOR ( 'NONE', #455, 1000.000000000000114 ) ;
#243 = CARTESIAN_POINT ( 'NONE',  ( -6.250000000000040856, -2.000000000000000000, -17.10000000000000497 ) ) ;
#244 = ORIENTED_EDGE ( 'NONE', *, *, #158, .F. ) ;
#245 = AXIS2_PLACEMENT_3D ( 'NONE', #2490, #782, #7030 ) ;
#246 = EDGE_CURVE ( 'NONE', #6412, #605, #1966, .T. ) ;
#247 = LINE ( 'NONE', #3063, #1050 ) ;
#248 = ORIENTED_EDGE ( 'NONE', *, *, #7040, .F. ) ;
#249 = DIRECTION ( 'NONE',  ( -0.000000000000000000, -1.000000000000000000, -0.000000000000000000 ) ) ;
#250 = DIRECTION ( 'NONE',  ( 8.659560562354862600E-17, -0.7071067811865531239, 0.7071067811865417996 ) ) ;
#251 = CIRCLE ( 'NONE', #1322, 1.650000000000002132 ) ;
#252 = LINE ( 'NONE', #3109, #4527 ) ;
#253 = CARTESIAN_POINT ( 'NONE',  ( -18.75000000000000000, 7.499999999999994671, -4.600000000000001421 ) ) ;
#254 = VECTOR ( 'NONE', #1637, 1000.000000000000000 ) ;
#255 = ORIENTED_EDGE ( 'NONE', *, *, #3258, .T. ) ;
#256 = DIRECTION ( 'NONE',  ( -0.000000000000000000, 1.000000000000000000, -0.000000000000000000 ) ) ;
#257 = AXIS2_PLACEMENT_3D ( 'NONE', #1171, #2286, #3980 ) ;
#258 = VERTEX_POINT ( 'NONE', #5299 ) ;
#259 = EDGE_LOOP ( 'NONE', ( #4645, #6606, #2042, #3982 ) ) ;
#260 = CONICAL_SURFACE ( 'NONE', #2171, 3.999999999999996447, 0.7853981633974496113 ) ;
#261 = AXIS2_PLACEMENT_3D ( 'NONE', #3053, #2505, #4250 ) ;
#262 = DIRECTION ( 'NONE',  ( -0.000000000000000000, -1.000000000000000000, -0.000000000000000000 ) ) ;
#263 = CARTESIAN_POINT ( 'NONE',  ( -31.24999999999999289, 0.000000000000000000, 28.35000000000007603 ) ) ;
#264 = ORIENTED_EDGE ( 'NONE', *, *, #6947, .F. ) ;
#265 = DIRECTION ( 'NONE',  ( -0.000000000000000000, -1.000000000000000000, -0.000000000000000000 ) ) ;
#266 = DIRECTION ( 'NONE',  ( -0.000000000000000000, 1.000000000000000000, -0.000000000000000000 ) ) ;
#267 = ORIENTED_EDGE ( 'NONE', *, *, #1600, .T. ) ;
#268 = DIRECTION ( 'NONE',  ( 0.000000000000000000, 0.000000000000000000, 1.000000000000000000 ) ) ;
#269 = EDGE_CURVE ( 'NONE', #6780, #3140, #6283, .T. ) ;
#270 = ORIENTED_EDGE ( 'NONE', *, *, #6257, .F. ) ;
#271 = AXIS2_PLACEMENT_3D ( 'NONE', #2843, #624, #1848 ) ;
#272 = EDGE_CURVE ( 'NONE', #1058, #339, #1931, .T. ) ;
#273 = DIRECTION ( 'NONE',  ( -0.000000000000000000, 1.000000000000000000, -0.000000000000000000 ) ) ;
#274 = EDGE_CURVE ( 'NONE', #5124, #1539, #5225, .T. ) ;
#275 = DIRECTION ( 'NONE',  ( -0.000000000000000000, 1.000000000000000000, -0.000000000000000000 ) ) ;
#276 = CARTESIAN_POINT ( 'NONE',  ( -6.249999999999996447, 0.000000000000000000, 18.75000000000000000 ) ) ;
#277 = CARTESIAN_POINT ( 'NONE',  ( 6.249999999999996447, -2.000000000000000000, -31.24999999999986500 ) ) ;
#278 = EDGE_LOOP ( 'NONE', ( #5184, #1501, #2809, #344 ) ) ;
#279 = EDGE_CURVE ( 'NONE', #4347, #6374, #4148, .T. ) ;
#280 = ORIENTED_EDGE ( 'NONE', *, *, #5317, .F. ) ;
#281 = EDGE_CURVE ( 'NONE', #4628, #48, #1427, .T. ) ;
#282 = EDGE_CURVE ( 'NONE', #2465, #5831, #6049, .T. ) ;
#283 = CARTESIAN_POINT ( 'NONE',  ( -31.25000000000000000, 0.000000000000000000, 8.400000000000074962 ) ) ;
#284 = CARTESIAN_POINT ( 'NONE',  ( 18.75000000000004263, 0.5000000000000095479, 18.75000000000000000 ) ) ;
#285 = CIRCLE ( 'NONE', #1957, 1.649999999999996136 ) ;
#286 = ORIENTED_EDGE ( 'NONE', *, *, #2670, .T. ) ;
#287 = ORIENTED_EDGE ( 'NONE', *, *, #83, .T. ) ;
#288 = DIRECTION ( 'NONE',  ( 0.000000000000000000, 0.000000000000000000, 1.000000000000000000 ) ) ;
#289 = LINE ( 'NONE', #143, #1064 ) ;
#290 = VECTOR ( 'NONE', #2605, 1000.000000000000000 ) ;
#291 = EDGE_CURVE ( 'NONE', #5324, #3412, #808, .T. ) ;
#292 = CARTESIAN_POINT ( 'NONE',  ( 0.000000000000000000, 0.000000000000000000, 38.99999999999999289 ) ) ;
#293 = DIRECTION ( 'NONE',  ( 0.000000000000000000, 0.000000000000000000, 1.000000000000000000 ) ) ;
#294 = AXIS2_PLACEMENT_3D ( 'NONE', #3929, #4607, #4570 ) ;
#295 = EDGE_LOOP ( 'NONE', ( #2744, #5377, #4333, #2706 ) ) ;
#296 = DIRECTION ( 'NONE',  ( 0.000000000000000000, 1.000000000000000000, 0.000000000000000000 ) ) ;
#297 = ORIENTED_EDGE ( 'NONE', *, *, #1140, .T. ) ;
#298 = ORIENTED_EDGE ( 'NONE', *, *, #4874, .T. ) ;
#299 = VECTOR ( 'NONE', #1530, 1000.000000000000000 ) ;
#300 = DIRECTION ( 'NONE',  ( 0.000000000000000000, 0.000000000000000000, 1.000000000000000000 ) ) ;
#301 = CARTESIAN_POINT ( 'NONE',  ( 6.249999999999998224, 0.000000000000000000, -20.89999999999999858 ) ) ;
#302 = ORIENTED_EDGE ( 'NONE', *, *, #1887, .F. ) ;
#303 = CYLINDRICAL_SURFACE ( 'NONE', #4762, 3.899999999999993694 ) ;
#304 = CARTESIAN_POINT ( 'NONE',  ( 18.75000000000000355, 0.5000000000000061062, -21.25000000000003908 ) ) ;
#305 = VERTEX_POINT ( 'NONE', #1589 ) ;
#306 = CARTESIAN_POINT ( 'NONE',  ( -31.25000000000004263, -2.000000000000000000, -20.39999999999999858 ) ) ;
#307 = ORIENTED_EDGE ( 'NONE', *, *, #1098, .T. ) ;
#308 = ORIENTED_EDGE ( 'NONE', *, *, #5325, .T. ) ;
#309 = DIRECTION ( 'NONE',  ( 0.000000000000000000, 1.000000000000000000, 0.000000000000000000 ) ) ;
#310 = CARTESIAN_POINT ( 'NONE',  ( -31.24999999999986500, 0.000000000000000000, -6.249999999999998224 ) ) ;
#311 = EDGE_CURVE ( 'NONE', #2508, #1295, #5928, .T. ) ;
#312 = DIRECTION ( 'NONE',  ( -0.000000000000000000, -1.000000000000000000, -0.000000000000000000 ) ) ;
#313 = CARTESIAN_POINT ( 'NONE',  ( -6.250000000000040856, 0.000000000000000000, -16.60000000000000497 ) ) ;
#314 = VERTEX_POINT ( 'NONE', #7232 ) ;
#315 = DIRECTION ( 'NONE',  ( -0.000000000000000000, -1.000000000000000000, -0.000000000000000000 ) ) ;
#316 = ORIENTED_EDGE ( 'NONE', *, *, #506, .T. ) ;
#317 = ORIENTED_EDGE ( 'NONE', *, *, #595, .F. ) ;
#318 = AXIS2_PLACEMENT_3D ( 'NONE', #6074, #5436, #2136 ) ;
#319 = ADVANCED_FACE ( 'NONE', ( #2005 ), #6011, .F. ) ;
#320 = EDGE_CURVE ( 'NONE', #4140, #6339, #5565, .T. ) ;
#321 = CARTESIAN_POINT ( 'NONE',  ( 6.249999999999996447, 0.000000000000000000, -31.24999999999986500 ) ) ;
#322 = CARTESIAN_POINT ( 'NONE',  ( -18.75000000000000000, 0.000000000000000000, 21.75000000000004619 ) ) ;
#323 = ORIENTED_EDGE ( 'NONE', *, *, #5207, .T. ) ;
#324 = VECTOR ( 'NONE', #5242, 1000.000000000000000 ) ;
#325 = ORIENTED_EDGE ( 'NONE', *, *, #544, .F. ) ;
#326 = DIRECTION ( 'NONE',  ( 0.000000000000000000, 1.000000000000000000, 0.000000000000000000 ) ) ;
#327 = DIRECTION ( 'NONE',  ( 0.000000000000000000, 0.000000000000000000, 1.000000000000000000 ) ) ;
#328 = EDGE_CURVE ( 'NONE', #5845, #4805, #4410, .T. ) ;
#329 = AXIS2_PLACEMENT_3D ( 'NONE', #341, #3154, #7177 ) ;
#330 = CIRCLE ( 'NONE', #5060, 2.149999999999860467 ) ;
#331 = DIRECTION ( 'NONE',  ( 8.659560562354860135E-17, 0.7071067811865533459, -0.7071067811865416886 ) ) ;
#332 = CARTESIAN_POINT ( 'NONE',  ( -18.74999999999999289, 0.000000000000000000, 31.25000000000004263 ) ) ;
#333 = ORIENTED_EDGE ( 'NONE', *, *, #4708, .T. ) ;
#334 = DIRECTION ( 'NONE',  ( -0.000000000000000000, -1.000000000000000000, -0.000000000000000000 ) ) ;
#335 = VERTEX_POINT ( 'NONE', #5414 ) ;
#336 = VECTOR ( 'NONE', #6200, 1000.000000000000000 ) ;
#337 = DIRECTION ( 'NONE',  ( 0.000000000000000000, 0.000000000000000000, 1.000000000000000000 ) ) ;
#338 = DIRECTION ( 'NONE',  ( 0.000000000000000000, 0.000000000000000000, 1.000000000000000000 ) ) ;
#339 = VERTEX_POINT ( 'NONE', #6536 ) ;
#340 = CARTESIAN_POINT ( 'NONE',  ( 34.99999999999999289, 8.000000000000000000, 35.00000000000000000 ) ) ;
#341 = CARTESIAN_POINT ( 'NONE',  ( 18.75000000000004263, -2.000000000000000000, 18.75000000000000000 ) ) ;
#342 = ORIENTED_EDGE ( 'NONE', *, *, #1733, .T. ) ;
#343 = DIRECTION ( 'NONE',  ( 0.000000000000000000, 0.000000000000000000, 1.000000000000000000 ) ) ;
#344 = ORIENTED_EDGE ( 'NONE', *, *, #3809, .F. ) ;
#345 = DIRECTION ( 'NONE',  ( 0.000000000000000000, 0.000000000000000000, 1.000000000000000000 ) ) ;
#346 = CARTESIAN_POINT ( 'NONE',  ( -31.25000000000000000, 8.000000000000000000, 6.250000000000090594 ) ) ;
#347 = CARTESIAN_POINT ( 'NONE',  ( 6.250000000000043521, -2.000000000000000000, 20.40000000000000213 ) ) ;
#348 = DIRECTION ( 'NONE',  ( 0.000000000000000000, 0.000000000000000000, 1.000000000000000000 ) ) ;
#349 = EDGE_LOOP ( 'NONE', ( #4214, #406 ) ) ;
#350 = DIRECTION ( 'NONE',  ( 0.000000000000000000, 0.000000000000000000, 1.000000000000000000 ) ) ;
#351 = ORIENTED_EDGE ( 'NONE', *, *, #2013, .F. ) ;
#352 = EDGE_LOOP ( 'NONE', ( #5528, #1261, #4302, #3569 ) ) ;
#353 = AXIS2_PLACEMENT_3D ( 'NONE', #847, #3105, #5378 ) ;
#354 = EDGE_CURVE ( 'NONE', #6961, #6362, #5206, .T. ) ;
#355 = DIRECTION ( 'NONE',  ( 0.000000000000000000, 1.000000000000000000, 0.000000000000000000 ) ) ;
#356 = CARTESIAN_POINT ( 'NONE',  ( -31.25000000000000000, 8.000000000000000000, 6.250000000000090594 ) ) ;
#357 = ORIENTED_EDGE ( 'NONE', *, *, #354, .T. ) ;
#358 = VERTEX_POINT ( 'NONE', #2589 ) ;
#359 = DIRECTION ( 'NONE',  ( -0.000000000000000000, -1.000000000000000000, -0.000000000000000000 ) ) ;
#360 = EDGE_CURVE ( 'NONE', #3634, #4045, #3899, .T. ) ;
#361 = AXIS2_PLACEMENT_3D ( 'NONE', #3377, #3829, #2236 ) ;
#362 = DIRECTION ( 'NONE',  ( 0.000000000000000000, 0.7071067811865475727, 0.7071067811865475727 ) ) ;
#363 = EDGE_CURVE ( 'NONE', #5831, #2465, #2837, .T. ) ;
#364 = AXIS2_PLACEMENT_3D ( 'NONE', #5576, #1613, #6145 ) ;
#365 = VECTOR ( 'NONE', #1232, 1000.000000000000000 ) ;
#367 = ADVANCED_FACE ( 'NONE', ( #4890 ), #2143, .T. ) ;
#366 = APPROVAL ( #1289, 'æœª' ) ;
#368 = DIRECTION ( 'NONE',  ( 0.000000000000000000, 1.000000000000000000, 0.000000000000000000 ) ) ;
#369 = DIRECTION ( 'NONE',  ( 0.000000000000000000, 0.000000000000000000, 1.000000000000000000 ) ) ;
#370 = ORIENTED_EDGE ( 'NONE', *, *, #4718, .T. ) ;
#371 = CARTESIAN_POINT ( 'NONE',  ( -31.25000000000004263, 7.499999999999994671, -18.75000000000000000 ) ) ;
#372 = AXIS2_PLACEMENT_3D ( 'NONE', #3741, #1008, #5497 ) ;
#373 = VERTEX_POINT ( 'NONE', #400 ) ;
#374 = EDGE_CURVE ( 'NONE', #7102, #5418, #5487, .T. ) ;
#375 = LINE ( 'NONE', #6624, #4409 ) ;
#376 = AXIS2_PLACEMENT_3D ( 'NONE', #550, #6102, #4456 ) ;
#377 = CYLINDRICAL_SURFACE ( 'NONE', #5703, 3.899999999999997247 ) ;
#378 = AXIS2_PLACEMENT_3D ( 'NONE', #202, #4184, #6456 ) ;
#379 = ORIENTED_EDGE ( 'NONE', *, *, #2852, .F. ) ;
#380 = FACE_OUTER_BOUND ( 'NONE', #3037, .T. ) ;
#381 = DIRECTION ( 'NONE',  ( 0.000000000000000000, 0.000000000000000000, 1.000000000000000000 ) ) ;
#382 = ORIENTED_EDGE ( 'NONE', *, *, #5294, .T. ) ;
#383 = CARTESIAN_POINT ( 'NONE',  ( 31.24999999999986500, 7.500000000000007994, 6.249999999999995559 ) ) ;
#384 = ORIENTED_EDGE ( 'NONE', *, *, #952, .T. ) ;
#385 = AXIS2_PLACEMENT_3D ( 'NONE', #1114, #414, #7242 ) ;
#386 = CIRCLE ( 'NONE', #4529, 1.650000000000003020 ) ;
#387 = ADVANCED_FACE ( 'NONE', ( #3700 ), #6762, .F. ) ;
#388 = CARTESIAN_POINT ( 'NONE',  ( -6.249999999999996447, 0.000000000000000000, 16.60000000000000497 ) ) ;
#389 = DIRECTION ( 'NONE',  ( 0.000000000000000000, 0.000000000000000000, 1.000000000000000000 ) ) ;
#390 = LINE ( 'NONE', #6603, #5585 ) ;
#391 = DIRECTION ( 'NONE',  ( 0.000000000000000000, 0.7071067811865512365, 0.7071067811865439090 ) ) ;
#392 = ORIENTED_EDGE ( 'NONE', *, *, #6857, .T. ) ;
#393 = CARTESIAN_POINT ( 'NONE',  ( 6.250000000000000000, 8.000000000000000000, -6.249999999999998224 ) ) ;
#394 = ORIENTED_EDGE ( 'NONE', *, *, #6691, .F. ) ;
#395 = DIRECTION ( 'NONE',  ( 0.000000000000000000, -0.7071067811865547892, -0.7071067811865403563 ) ) ;
#396 = DIRECTION ( 'NONE',  ( 0.000000000000000000, 0.000000000000000000, 1.000000000000000000 ) ) ;
#397 = ORIENTED_EDGE ( 'NONE', *, *, #4315, .T. ) ;
#398 = CALENDAR_DATE ( 2026, 21, 8 ) ;
#399 = CARTESIAN_POINT ( 'NONE',  ( 35.00000000000000000, 8.000000000000000000, -35.00000000000000711 ) ) ;
#400 = CARTESIAN_POINT ( 'NONE',  ( -18.75000000000000000, 8.000000000000000000, 15.75000000000004263 ) ) ;
#401 = EDGE_CURVE ( 'NONE', #258, #7102, #3067, .T. ) ;
#402 = CARTESIAN_POINT ( 'NONE',  ( -31.25000000000000000, 7.499999999999998224, 6.250000000000090594 ) ) ;
#403 = DIRECTION ( 'NONE',  ( 0.000000000000000000, 0.000000000000000000, 1.000000000000000000 ) ) ;
#404 = ORIENTED_EDGE ( 'NONE', *, *, #7353, .T. ) ;
#405 = CARTESIAN_POINT ( 'NONE',  ( -40.00000000000000711, 6.999999999999985789, -35.00000000000000711 ) ) ;
#406 = ORIENTED_EDGE ( 'NONE', *, *, #2850, .T. ) ;
#407 = CIRCLE ( 'NONE', #2074, 1.650000000000002132 ) ;
#408 = ADVANCED_FACE ( 'NONE', ( #3734 ), #3656, .F. ) ;
#409 = CARTESIAN_POINT ( 'NONE',  ( -6.249999999999999112, 7.499999999999998224, 7.900000000000000355 ) ) ;
#410 = AXIS2_PLACEMENT_3D ( 'NONE', #7095, #1414, #1339 ) ;
#411 = ADVANCED_FACE ( 'NONE', ( #3255 ), #5448, .F. ) ;
#412 = CARTESIAN_POINT ( 'NONE',  ( -18.75000000000000000, 0.000000000000000000, 18.75000000000004263 ) ) ;
#413 = ORIENTED_EDGE ( 'NONE', *, *, #1781, .T. ) ;
#414 = DIRECTION ( 'NONE',  ( 0.000000000000000000, 1.000000000000000000, 0.000000000000000000 ) ) ;
#415 = CARTESIAN_POINT ( 'NONE',  ( 18.75000000000004263, 0.000000000000000000, 18.75000000000000000 ) ) ;
#416 = ORIENTED_EDGE ( 'NONE', *, *, #7131, .F. ) ;
#417 = DIRECTION ( 'NONE',  ( 0.000000000000000000, 0.000000000000000000, 1.000000000000000000 ) ) ;
#418 = ORIENTED_EDGE ( 'NONE', *, *, #1231, .F. ) ;
#419 = EDGE_CURVE ( 'NONE', #1587, #1351, #3788, .T. ) ;
#420 = VECTOR ( 'NONE', #3330, 1000.000000000000000 ) ;
#421 = CARTESIAN_POINT ( 'NONE',  ( -31.25000000000008171, 3.000000000000000000, -35.14999999999999858 ) ) ;
#422 = DIRECTION ( 'NONE',  ( 0.000000000000000000, 0.000000000000000000, 1.000000000000000000 ) ) ;
#423 = CARTESIAN_POINT ( 'NONE',  ( -18.75000000000004263, 7.499999999999987566, -18.75000000000000355 ) ) ;
#424 = LINE ( 'NONE', #2761, #5187 ) ;
#425 = VERTEX_POINT ( 'NONE', #959 ) ;
#426 = CARTESIAN_POINT ( 'NONE',  ( -39.99999999999999289, 8.000000000000000000, 35.00000000000000000 ) ) ;
#427 = VERTEX_POINT ( 'NONE', #7198 ) ;
#428 = EDGE_LOOP ( 'NONE', ( #3971, #1273, #3424, #699 ) ) ;
#429 = CARTESIAN_POINT ( 'NONE',  ( 6.250000000000043521, 8.000000000000000000, 18.75000000000000355 ) ) ;
#430 = DIRECTION ( 'NONE',  ( 0.000000000000000000, 0.000000000000000000, 1.000000000000000000 ) ) ;
#431 = ORIENTED_EDGE ( 'NONE', *, *, #5303, .F. ) ;
#432 = AXIS2_PLACEMENT_3D ( 'NONE', #6147, #6639, #3794 ) ;
#433 = DIRECTION ( 'NONE',  ( 0.000000000000000000, 0.000000000000000000, 1.000000000000000000 ) ) ;
#434 = VECTOR ( 'NONE', #3045, 1000.000000000000114 ) ;
#435 = LINE ( 'NONE', #6157, #2522 ) ;
#436 = FACE_OUTER_BOUND ( 'NONE', #3531, .T. ) ;
#437 = ORIENTED_EDGE ( 'NONE', *, *, #7353, .F. ) ;
#438 = CARTESIAN_POINT ( 'NONE',  ( 31.24999999999999645, 8.000000000000000000, -31.25000000000008171 ) ) ;
#439 = ORIENTED_EDGE ( 'NONE', *, *, #2894, .F. ) ;
#440 = CIRCLE ( 'NONE', #1874, 1.650000000000002132 ) ;
#441 = AXIS2_PLACEMENT_3D ( 'NONE', #4021, #1279, #684 ) ;
#442 = ADVANCED_FACE ( 'NONE', ( #2113 ), #4378, .F. ) ;
#443 = DIRECTION ( 'NONE',  ( 0.000000000000000000, 0.000000000000000000, 1.000000000000000000 ) ) ;
#444 = ORIENTED_EDGE ( 'NONE', *, *, #3355, .T. ) ;
#445 = CARTESIAN_POINT ( 'NONE',  ( 18.74999999999999645, 0.000000000000000000, -31.25000000000004263 ) ) ;
#446 = AXIS2_PLACEMENT_3D ( 'NONE', #6014, #965, #2664 ) ;
#447 = FACE_OUTER_BOUND ( 'NONE', #3447, .T. ) ;
#448 = VECTOR ( 'NONE', #5850, 1000.000000000000000 ) ;
#449 = ORIENTED_EDGE ( 'NONE', *, *, #279, .F. ) ;
#450 = CARTESIAN_POINT ( 'NONE',  ( -35.00000000000000711, 1.000000000000000888, -40.00000000000000711 ) ) ;
#451 = EDGE_LOOP ( 'NONE', ( #3525, #4949, #5526, #2666 ) ) ;
#452 = ADVANCED_FACE ( 'NONE', ( #4959 ), #6884, .F. ) ;
#453 = EDGE_CURVE ( 'NONE', #1872, #1230, #2182, .T. ) ;
#454 = CARTESIAN_POINT ( 'NONE',  ( -31.25000000000000000, 0.000000000000000000, 6.250000000000090594 ) ) ;
#455 = DIRECTION ( 'NONE',  ( 8.659560562354846577E-17, -0.7071067811865547892, 0.7071067811865403563 ) ) ;
#456 = DIRECTION ( 'NONE',  ( -0.000000000000000000, -1.000000000000000000, -0.000000000000000000 ) ) ;
#457 = DIRECTION ( 'NONE',  ( 0.000000000000000000, 0.000000000000000000, 1.000000000000000000 ) ) ;
#458 = ADVANCED_FACE ( 'NONE', ( #5627 ), #6409, .F. ) ;
#459 = ORIENTED_EDGE ( 'NONE', *, *, #2211, .F. ) ;
#460 = FACE_BOUND ( 'NONE', #7026, .T. ) ;
#461 = VERTEX_POINT ( 'NONE', #6753 ) ;
#462 = EDGE_CURVE ( 'NONE', #989, #6340, #1732, .T. ) ;
#463 = DIRECTION ( 'NONE',  ( -0.000000000000000000, 1.000000000000000000, -0.000000000000000000 ) ) ;
#464 = LINE ( 'NONE', #4439, #3762 ) ;
#465 = EDGE_LOOP ( 'NONE', ( #5004, #1858, #4293, #5287 ) ) ;
#466 = AXIS2_PLACEMENT_3D ( 'NONE', #4598, #2885, #695 ) ;
#467 = FACE_OUTER_BOUND ( 'NONE', #581, .T. ) ;
#468 = AXIS2_PLACEMENT_3D ( 'NONE', #3655, #5863, #2443 ) ;
#469 = EDGE_LOOP ( 'NONE', ( #1359, #5199, #889, #6505 ) ) ;
#470 = ADVANCED_FACE ( 'NONE', ( #538 ), #5343, .T. ) ;
#471 = EDGE_CURVE ( 'NONE', #3977, #77, #6829, .T. ) ;
#472 = CONICAL_SURFACE ( 'NONE', #6661, 3.999999999999982681, 0.7853981633974496113 ) ;
#473 = CIRCLE ( 'NONE', #2150, 2.149999999999999023 ) ;
#474 = FACE_OUTER_BOUND ( 'NONE', #5136, .T. ) ;
#475 = DIRECTION ( 'NONE',  ( 0.000000000000000000, 0.000000000000000000, 1.000000000000000000 ) ) ;
#476 = ORIENTED_EDGE ( 'NONE', *, *, #1006, .T. ) ;
#477 = CARTESIAN_POINT ( 'NONE',  ( 18.75000000000008882, -2.000000000000000000, 29.59999999999999432 ) ) ;
#478 = EDGE_LOOP ( 'NONE', ( #6133, #2288 ) ) ;
#479 = AXIS2_PLACEMENT_3D ( 'NONE', #4752, #5318, #2420 ) ;
#480 = AXIS2_PLACEMENT_3D ( 'NONE', #5543, #7218, #2790 ) ;
#481 = CARTESIAN_POINT ( 'NONE',  ( -6.249999999999998224, 7.499999999999994671, -6.250000000000000000 ) ) ;
#482 = ORIENTED_EDGE ( 'NONE', *, *, #5550, .T. ) ;
#483 = DIRECTION ( 'NONE',  ( -0.000000000000000000, 1.000000000000000000, -0.000000000000000000 ) ) ;
#484 = AXIS2_PLACEMENT_3D ( 'NONE', #3822, #7138, #2057 ) ;
#485 = DIRECTION ( 'NONE',  ( 8.659560562354983395E-17, -0.7071067811865435759, 0.7071067811865515695 ) ) ;
#486 = VECTOR ( 'NONE', #5048, 1000.000000000000000 ) ;
#487 = VERTEX_POINT ( 'NONE', #3389 ) ;
#488 = CARTESIAN_POINT ( 'NONE',  ( -18.75000000000000000, 8.000000000000000000, 18.75000000000004263 ) ) ;
#489 = AXIS2_PLACEMENT_3D ( 'NONE', #2563, #1900, #5838 ) ;
#490 = ORIENTED_EDGE ( 'NONE', *, *, #1187, .T. ) ;
#491 = CIRCLE ( 'NONE', #5704, 1.650000000000002132 ) ;
#492 = AXIS2_PLACEMENT_3D ( 'NONE', #98, #2364, #7157 ) ;
#493 = DIRECTION ( 'NONE',  ( 0.000000000000000000, 0.000000000000000000, 1.000000000000000000 ) ) ;
#494 = FACE_OUTER_BOUND ( 'NONE', #2636, .T. ) ;
#495 = LINE ( 'NONE', #2278, #4517 ) ;
#496 = DIRECTION ( 'NONE',  ( 0.000000000000000000, 0.7071067811865549002, 0.7071067811865401342 ) ) ;
#497 = VERTEX_POINT ( 'NONE', #619 ) ;
#498 = CARTESIAN_POINT ( 'NONE',  ( -6.249999999999992895, -2.000000000000000000, 32.89999999999973568 ) ) ;
#499 = ADVANCED_FACE ( 'NONE', ( #467 ), #7009, .F. ) ;
#500 = ORIENTED_EDGE ( 'NONE', *, *, #1003, .T. ) ;
#501 = PRODUCT_DEFINITION ( 'æœ', '', #5191, #4620 ) ;
#502 = AXIS2_PLACEMENT_3D ( 'NONE', #5559, #1030, #5490 ) ;
#503 = EDGE_CURVE ( 'NONE', #6560, #5561, #1137, .T. ) ;
#504 = CARTESIAN_POINT ( 'NONE',  ( -18.75000000000004263, -2.000000000000000000, -18.75000000000000355 ) ) ;
#505 = DIRECTION ( 'NONE',  ( 0.000000000000000000, 1.000000000000000000, 0.000000000000000000 ) ) ;
#507 = ORIENTED_EDGE ( 'NONE', *, *, #4815, .F. ) ;
#506 = EDGE_CURVE ( 'NONE', #1521, #2414, #6156, .T. ) ;
#508 = CARTESIAN_POINT ( 'NONE',  ( -18.75000000000004263, 7.499999999999987566, -18.75000000000000355 ) ) ;
#509 = ADVANCED_FACE ( 'NONE', ( #1063 ), #3086, .F. ) ;
#510 = CARTESIAN_POINT ( 'NONE',  ( 31.25000000000000000, 8.000000000000000000, -20.90000000000010161 ) ) ;
#511 = DIRECTION ( 'NONE',  ( 0.000000000000000000, 0.000000000000000000, 1.000000000000000000 ) ) ;
#512 = EDGE_LOOP ( 'NONE', ( #7094, #5163, #1870, #7287 ) ) ;
#513 = LINE ( 'NONE', #2777, #2431 ) ;
#514 = DIRECTION ( 'NONE',  ( 0.000000000000000000, 0.000000000000000000, 1.000000000000000000 ) ) ;
#515 = CONICAL_SURFACE ( 'NONE', #3357, 2.150000000000012790, 0.7853981633974541632 ) ;
#516 = DIRECTION ( 'NONE',  ( -0.000000000000000000, -1.000000000000000000, -0.000000000000000000 ) ) ;
#517 = ORIENTED_EDGE ( 'NONE', *, *, #3385, .F. ) ;
#518 = LINE ( 'NONE', #2228, #620 ) ;
#519 = CYLINDRICAL_SURFACE ( 'NONE', #4117, 1.650000000000002132 ) ;
#520 = CIRCLE ( 'NONE', #2190, 3.900000000000000799 ) ;
#521 = VERTEX_POINT ( 'NONE', #5062 ) ;
#522 = DIRECTION ( 'NONE',  ( -0.000000000000000000, -1.000000000000000000, -0.000000000000000000 ) ) ;
#523 = ORIENTED_EDGE ( 'NONE', *, *, #4737, .T. ) ;
#524 = CONICAL_SURFACE ( 'NONE', #4678, 1.650000000000002132, 0.7853981633974568277 ) ;
#525 = FACE_OUTER_BOUND ( 'NONE', #223, .T. ) ;
#526 = DIRECTION ( 'NONE',  ( -0.000000000000000000, -1.000000000000000000, -0.000000000000000000 ) ) ;
#527 = VERTEX_POINT ( 'NONE', #3325 ) ;
#528 = LINE ( 'NONE', #2793, #1792 ) ;
#529 = FACE_OUTER_BOUND ( 'NONE', #512, .T. ) ;
#530 = ORIENTED_EDGE ( 'NONE', *, *, #3985, .F. ) ;
#531 = FACE_BOUND ( 'NONE', #1636, .T. ) ;
#532 = VERTEX_POINT ( 'NONE', #1658 ) ;
#533 = CIRCLE ( 'NONE', #4213, 2.499999999999995115 ) ;
#534 = ADVANCED_FACE ( 'NONE', ( #7331 ), #1782, .F. ) ;
#535 = DIRECTION ( 'NONE',  ( 0.000000000000000000, 1.000000000000000000, 0.000000000000000000 ) ) ;
#536 = DIRECTION ( 'NONE',  ( 0.000000000000000000, 0.000000000000000000, 1.000000000000000000 ) ) ;
#537 = ORIENTED_EDGE ( 'NONE', *, *, #1701, .F. ) ;
#538 = FACE_OUTER_BOUND ( 'NONE', #1026, .T. ) ;
#539 = ADVANCED_FACE ( 'NONE', ( #57 ), #4030, .F. ) ;
#540 = EDGE_CURVE ( 'NONE', #1975, #6560, #1768, .T. ) ;
#541 = DIRECTION ( 'NONE',  ( -0.000000000000000000, 1.000000000000000000, -0.000000000000000000 ) ) ;
#542 = FACE_OUTER_BOUND ( 'NONE', #1964, .T. ) ;
#543 = DIRECTION ( 'NONE',  ( 0.000000000000000000, 1.000000000000000000, 0.000000000000000000 ) ) ;
#544 = EDGE_CURVE ( 'NONE', #2536, #5532, #7233, .T. ) ;
#545 = ORIENTED_EDGE ( 'NONE', *, *, #2096, .F. ) ;
#546 = DIRECTION ( 'NONE',  ( 0.000000000000000000, 1.000000000000000000, 0.000000000000000000 ) ) ;
#547 = CARTESIAN_POINT ( 'NONE',  ( 31.24999999999986500, -2.000000000000000000, 7.899999999999856470 ) ) ;
#548 = LINE ( 'NONE', #1670, #4361 ) ;
#549 = ORIENTED_EDGE ( 'NONE', *, *, #2680, .F. ) ;
#550 = CARTESIAN_POINT ( 'NONE',  ( -18.75000000000004263, 0.000000000000000000, -18.75000000000000355 ) ) ;
#551 = CARTESIAN_POINT ( 'NONE',  ( 18.74999999999999645, -2.000000000000000000, -31.25000000000004263 ) ) ;
#552 = ORIENTED_EDGE ( 'NONE', *, *, #5632, .F. ) ;
#553 = CARTESIAN_POINT ( 'NONE',  ( -6.249999999999992895, 7.499999999999973355, 31.24999999999986500 ) ) ;
#554 = ORIENTED_EDGE ( 'NONE', *, *, #1362, .T. ) ;
#555 = CIRCLE ( 'NONE', #922, 1.650000000000002132 ) ;
#556 = ORIENTED_EDGE ( 'NONE', *, *, #2489, .T. ) ;
#557 = AXIS2_PLACEMENT_3D ( 'NONE', #4185, #3139, #3615 ) ;
#558 = AXIS2_PLACEMENT_3D ( 'NONE', #3885, #6208, #2264 ) ;
#559 = LINE ( 'NONE', #602, #1073 ) ;
#560 = CARTESIAN_POINT ( 'NONE',  ( 18.75000000000000000, 7.500000000000005329, 6.249999999999997335 ) ) ;
#561 = ORIENTED_EDGE ( 'NONE', *, *, #3778, .F. ) ;
#562 = LINE ( 'NONE', #6113, #486 ) ;
#563 = EDGE_CURVE ( 'NONE', #5845, #3095, #3666, .T. ) ;
#564 = LINE ( 'NONE', #5733, #6964 ) ;
#565 = ORIENTED_EDGE ( 'NONE', *, *, #6868, .T. ) ;
#566 = FACE_OUTER_BOUND ( 'NONE', #5883, .T. ) ;
#567 = VECTOR ( 'NONE', #7304, 1000.000000000000000 ) ;
#568 = ORIENTED_EDGE ( 'NONE', *, *, #291, .T. ) ;
#569 = CIRCLE ( 'NONE', #6628, 2.149999999999999023 ) ;
#570 = CARTESIAN_POINT ( 'NONE',  ( -31.25000000000000000, 0.000000000000000000, 20.90000000000009095 ) ) ;
#571 = CC_DESIGN_SECURITY_CLASSIFICATION ( #4841, ( #5191 ) ) ;
#572 = DIRECTION ( 'NONE',  ( 0.000000000000000000, 0.000000000000000000, 1.000000000000000000 ) ) ;
#573 = ORIENTED_EDGE ( 'NONE', *, *, #1231, .T. ) ;
#574 = ADVANCED_FACE ( 'NONE', ( #5102 ), #4274, .F. ) ;
#575 = DIRECTION ( 'NONE',  ( -0.000000000000000000, -1.000000000000000000, -0.000000000000000000 ) ) ;
#576 = ORIENTED_EDGE ( 'NONE', *, *, #540, .T. ) ;
#577 = DIRECTION ( 'NONE',  ( 0.000000000000000000, 0.000000000000000000, 1.000000000000000000 ) ) ;
#578 = EDGE_CURVE ( 'NONE', #1847, #5670, #473, .T. ) ;
#579 = DIRECTION ( 'NONE',  ( 0.000000000000000000, 0.7071067811865511255, 0.7071067811865440200 ) ) ;
#580 = LINE ( 'NONE', #5032, #1170 ) ;
#581 = EDGE_LOOP ( 'NONE', ( #537, #2997, #6461, #2993 ) ) ;
#582 = DIRECTION ( 'NONE',  ( 0.000000000000000000, 0.000000000000000000, 1.000000000000000000 ) ) ;
#583 = ADVANCED_FACE ( 'NONE', ( #5212 ), #1844, .T. ) ;
#584 = CARTESIAN_POINT ( 'NONE',  ( 31.24999999999999645, 7.499999999999978684, -31.25000000000008171 ) ) ;
#585 = CIRCLE ( 'NONE', #2135, 3.000000000000002665 ) ;
#587 = ADVANCED_FACE ( 'NONE', ( #94 ), #7121, .F. ) ;
#586 = CC_DESIGN_PERSON_AND_ORGANIZATION_ASSIGNMENT ( #6908, #3617, ( #4841 ) ) ;
#588 = VECTOR ( 'NONE', #1448, 1000.000000000000114 ) ;
#589 = CARTESIAN_POINT ( 'NONE',  ( -34.99999999999999289, 1.000000000000000888, 34.99999999999999289 ) ) ;
#590 = ORIENTED_EDGE ( 'NONE', *, *, #5137, .F. ) ;
#591 = CARTESIAN_POINT ( 'NONE',  ( -31.25000000000008171, 8.000000000000000000, -31.25000000000000000 ) ) ;
#592 = DIRECTION ( 'NONE',  ( 0.000000000000000000, 1.000000000000000000, 0.000000000000000000 ) ) ;
#593 = EDGE_LOOP ( 'NONE', ( #4194, #2310 ) ) ;
#594 = FACE_BOUND ( 'NONE', #2690, .T. ) ;
#595 = EDGE_CURVE ( 'NONE', #1230, #2227, #4976, .T. ) ;
#596 = ORIENTED_EDGE ( 'NONE', *, *, #6359, .T. ) ;
#597 = CIRCLE ( 'NONE', #2252, 1.649999999999861577 ) ;
#598 = ORIENTED_EDGE ( 'NONE', *, *, #4174, .F. ) ;
#599 = AXIS2_PLACEMENT_3D ( 'NONE', #5647, #1579, #493 ) ;
#600 = EDGE_CURVE ( 'NONE', #3264, #2450, #2028, .T. ) ;
#601 = CIRCLE ( 'NONE', #6298, 3.000000000000002665 ) ;
#602 = CARTESIAN_POINT ( 'NONE',  ( -6.249999999999992895, 0.000000000000000000, 33.39999999999972147 ) ) ;
#603 = CARTESIAN_POINT ( 'NONE',  ( 6.249999999999996447, -2.000000000000000000, -32.89999999999973568 ) ) ;
#604 = CIRCLE ( 'NONE', #5220, 2.149999999999985256 ) ;
#605 = VERTEX_POINT ( 'NONE', #5176 ) ;
#606 = LINE ( 'NONE', #5241, #4873 ) ;
#607 = DIRECTION ( 'NONE',  ( -0.000000000000000000, -1.000000000000000000, -0.000000000000000000 ) ) ;
#608 = ORIENTED_EDGE ( 'NONE', *, *, #2811, .T. ) ;
#609 = FACE_BOUND ( 'NONE', #752, .T. ) ;
#610 = ORIENTED_EDGE ( 'NONE', *, *, #2654, .T. ) ;
#611 = VECTOR ( 'NONE', #1568, 1000.000000000000000 ) ;
#612 = CIRCLE ( 'NONE', #3912, 1.650000000000002132 ) ;
#613 = AXIS2_PLACEMENT_3D ( 'NONE', #4630, #4066, #1925 ) ;
#614 = ADVANCED_FACE ( 'NONE', ( #2359 ), #1431, .F. ) ;
#615 = DIRECTION ( 'NONE',  ( 0.000000000000000000, 0.7071067811865475727, -0.7071067811865475727 ) ) ;
#616 = LINE ( 'NONE', #6897, #2699 ) ;
#617 = VERTEX_POINT ( 'NONE', #131 ) ;
#618 = CONICAL_SURFACE ( 'NONE', #1569, 1.650000000000003020, 0.7853981633974433940 ) ;
#619 = CARTESIAN_POINT ( 'NONE',  ( -18.75000000000000000, 0.5000000000000095479, 21.25000000000003908 ) ) ;
#620 = VECTOR ( 'NONE', #5040, 1000.000000000000114 ) ;
#621 = EDGE_LOOP ( 'NONE', ( #6101, #4355, #2350, #264 ) ) ;
#622 = CIRCLE ( 'NONE', #3578, 3.000000000000002665 ) ;
#623 = CARTESIAN_POINT ( 'NONE',  ( -34.99999999999999289, 8.000000000000000000, 34.99999999999999289 ) ) ;
#624 = DIRECTION ( 'NONE',  ( -0.000000000000000000, -1.000000000000000000, -0.000000000000000000 ) ) ;
#625 = CARTESIAN_POINT ( 'NONE',  ( -18.75000000000008527, -2.000000000000000000, -32.89999999999999858 ) ) ;
#626 = AXIS2_PLACEMENT_3D ( 'NONE', #5108, #5784, #1178 ) ;
#627 = ORIENTED_EDGE ( 'NONE', *, *, #3480, .F. ) ;
#628 = FACE_OUTER_BOUND ( 'NONE', #1794, .T. ) ;
#629 = CARTESIAN_POINT ( 'NONE',  ( -6.249999999999996447, 0.000000000000000000, 20.89999999999999503 ) ) ;
#630 = EDGE_CURVE ( 'NONE', #3797, #5346, #5253, .T. ) ;
#631 = EDGE_CURVE ( 'NONE', #3240, #1607, #2373, .T. ) ;
#632 = CARTESIAN_POINT ( 'NONE',  ( 34.99999999999999289, 1.000000000000000888, 39.99999999999999289 ) ) ;
#633 = DIRECTION ( 'NONE',  ( -0.000000000000000000, 1.000000000000000000, -0.000000000000000000 ) ) ;
#634 = DIRECTION ( 'NONE',  ( 0.000000000000000000, 0.000000000000000000, 1.000000000000000000 ) ) ;
#635 = ORIENTED_EDGE ( 'NONE', *, *, #6615, .T. ) ;
#636 = DIRECTION ( 'NONE',  ( 0.000000000000000000, -0.000000000000000000, 1.000000000000000000 ) ) ;
#637 = ORIENTED_EDGE ( 'NONE', *, *, #1415, .T. ) ;
#638 = ORIENTED_EDGE ( 'NONE', *, *, #2056, .F. ) ;
#639 = EDGE_CURVE ( 'NONE', #1282, #3592, #3792, .T. ) ;
#640 = ADVANCED_FACE ( 'NONE', ( #6935 ), #7352, .F. ) ;
#641 = LINE ( 'NONE', #6885, #1313 ) ;
#642 = CONICAL_SURFACE ( 'NONE', #5501, 3.000000000000002665, 0.7853981633974466137 ) ;
#643 = DIRECTION ( 'NONE',  ( 0.000000000000000000, 1.000000000000000000, 0.000000000000000000 ) ) ;
#644 = EDGE_LOOP ( 'NONE', ( #1246, #5053, #5915, #6297 ) ) ;
#645 = FACE_OUTER_BOUND ( 'NONE', #5134, .T. ) ;
#646 = FACE_OUTER_BOUND ( 'NONE', #2358, .T. ) ;
#647 = ORIENTED_EDGE ( 'NONE', *, *, #6718, .T. ) ;
#648 = DIRECTION ( 'NONE',  ( 0.000000000000000000, 0.000000000000000000, 1.000000000000000000 ) ) ;
#649 = ORIENTED_EDGE ( 'NONE', *, *, #6497, .F. ) ;
#650 = ADVANCED_FACE ( 'NONE', ( #6970 ), #6341, .F. ) ;
#651 = VECTOR ( 'NONE', #4323, 1000.000000000000000 ) ;
#652 = CARTESIAN_POINT ( 'NONE',  ( 6.250000000000000000, 0.000000000000000000, -6.249999999999998224 ) ) ;
#653 = CYLINDRICAL_SURFACE ( 'NONE', #6381, 2.399999999999999467 ) ;
#654 = AXIS2_PLACEMENT_3D ( 'NONE', #3746, #6064, #4283 ) ;
#655 = ORIENTED_EDGE ( 'NONE', *, *, #6820, .F. ) ;
#656 = CARTESIAN_POINT ( 'NONE',  ( 0.000000000000000000, 8.000000000000000000, 38.99999999999997868 ) ) ;
#657 = AXIS2_PLACEMENT_3D ( 'NONE', #7237, #7203, #2158 ) ;
#658 = EDGE_LOOP ( 'NONE', ( #3006, #6900, #1798, #3339 ) ) ;
#659 = CARTESIAN_POINT ( 'NONE',  ( 31.25000000000008882, 7.499999999999998224, 27.34999999999999787 ) ) ;
#660 = CARTESIAN_POINT ( 'NONE',  ( -31.25000000000000000, -2.000000000000000000, 7.900000000000092726 ) ) ;
#661 = EDGE_LOOP ( 'NONE', ( #1001, #2795 ) ) ;
#662 = DIRECTION ( 'NONE',  ( 0.000000000000000000, 0.000000000000000000, -1.000000000000000000 ) ) ;
#663 = FACE_OUTER_BOUND ( 'NONE', #1963, .T. ) ;
#664 = DIRECTION ( 'NONE',  ( 0.000000000000000000, 0.000000000000000000, 1.000000000000000000 ) ) ;
#665 = CARTESIAN_POINT ( 'NONE',  ( -18.75000000000008527, -2.000000000000000000, -31.25000000000000000 ) ) ;
#666 = ORIENTED_EDGE ( 'NONE', *, *, #5165, .F. ) ;
#667 = CARTESIAN_POINT ( 'NONE',  ( -39.99999999999999289, 1.000000000000000888, 39.99999999999999289 ) ) ;
#668 = ORIENTED_EDGE ( 'NONE', *, *, #2500, .T. ) ;
#669 = VERTEX_POINT ( 'NONE', #6376 ) ;
#670 = ADVANCED_FACE ( 'NONE', ( #3504 ), #4862, .F. ) ;
#671 = AXIS2_PLACEMENT_3D ( 'NONE', #4135, #6411, #1317 ) ;
#672 = DIRECTION ( 'NONE',  ( 8.659560562354883554E-17, 0.7071067811865516806, -0.7071067811865434649 ) ) ;
#673 = DIRECTION ( 'NONE',  ( 0.000000000000000000, 0.000000000000000000, 1.000000000000000000 ) ) ;
#674 = ORIENTED_EDGE ( 'NONE', *, *, #5128, .F. ) ;
#675 = CARTESIAN_POINT ( 'NONE',  ( -18.75000000000008527, 8.000000000000000000, -31.25000000000000000 ) ) ;
#676 = CONICAL_SURFACE ( 'NONE', #4588, 2.149999999999846700, 0.7853981633974400633 ) ;
#677 = DIRECTION ( 'NONE',  ( -0.000000000000000000, 1.000000000000000000, -0.000000000000000000 ) ) ;
#678 = VERTEX_POINT ( 'NONE', #3579 ) ;
#679 = LINE ( 'NONE', #6891, #3484 ) ;
#680 = EDGE_CURVE ( 'NONE', #4045, #5012, #5575, .T. ) ;
#681 = ORIENTED_EDGE ( 'NONE', *, *, #5410, .T. ) ;
#682 = ADVANCED_FACE ( 'NONE', ( #1646 ), #5459, .F. ) ;
#683 = DIRECTION ( 'NONE',  ( -0.000000000000000000, 1.000000000000000000, -0.000000000000000000 ) ) ;
#684 = DIRECTION ( 'NONE',  ( 0.000000000000000000, 0.000000000000000000, 1.000000000000000000 ) ) ;
#685 = ORIENTED_EDGE ( 'NONE', *, *, #5033, .T. ) ;
#686 = VECTOR ( 'NONE', #3146, 1000.000000000000000 ) ;
#687 = VECTOR ( 'NONE', #3245, 1000.000000000000000 ) ;
#688 = EDGE_CURVE ( 'NONE', #6401, #3584, #6773, .T. ) ;
#689 = DIRECTION ( 'NONE',  ( -1.000000000000000000, 0.000000000000000000, 0.000000000000000000 ) ) ;
#690 = ORIENTED_EDGE ( 'NONE', *, *, #4314, .T. ) ;
#691 = DIRECTION ( 'NONE',  ( -0.000000000000000000, -1.000000000000000000, -0.000000000000000000 ) ) ;
#692 = DIRECTION ( 'NONE',  ( 0.000000000000000000, 0.000000000000000000, 1.000000000000000000 ) ) ;
#693 = DATE_AND_TIME ( #5338, #5439 ) ;
#694 = VERTEX_POINT ( 'NONE', #421 ) ;
#695 = DIRECTION ( 'NONE',  ( 0.000000000000000000, 0.000000000000000000, 1.000000000000000000 ) ) ;
#696 = DIRECTION ( 'NONE',  ( 0.000000000000000000, 1.000000000000000000, 0.000000000000000000 ) ) ;
#697 = CYLINDRICAL_SURFACE ( 'NONE', #6563, 2.400000000000003020 ) ;
#698 = FACE_OUTER_BOUND ( 'NONE', #6493, .T. ) ;
#699 = ORIENTED_EDGE ( 'NONE', *, *, #4708, .F. ) ;
#700 = DIRECTION ( 'NONE',  ( 0.000000000000000000, 0.000000000000000000, 1.000000000000000000 ) ) ;
#701 = ORIENTED_EDGE ( 'NONE', *, *, #3274, .T. ) ;
#702 = ORIENTED_EDGE ( 'NONE', *, *, #7126, .T. ) ;
#703 = AXIS2_PLACEMENT_3D ( 'NONE', #6873, #6386, #1778 ) ;
#704 = LINE ( 'NONE', #1829, #3090 ) ;
#705 = DIRECTION ( 'NONE',  ( -0.000000000000000000, 1.000000000000000000, -0.000000000000000000 ) ) ;
#706 = ORIENTED_EDGE ( 'NONE', *, *, #1386, .F. ) ;
#707 = CARTESIAN_POINT ( 'NONE',  ( -18.75000000000008527, -2.000000000000000000, -31.25000000000000000 ) ) ;
#708 = VECTOR ( 'NONE', #7001, 1000.000000000000000 ) ;
#709 = LINE ( 'NONE', #1868, #6616 ) ;
#710 = EDGE_LOOP ( 'NONE', ( #1880, #3073, #4938, #3411 ) ) ;
#711 = CARTESIAN_POINT ( 'NONE',  ( -31.24999999999999289, 8.000000000000000000, 35.65000000000009095 ) ) ;
#712 = ORIENTED_EDGE ( 'NONE', *, *, #272, .T. ) ;
#713 = ORIENTED_EDGE ( 'NONE', *, *, #2473, .T. ) ;
#714 = CONICAL_SURFACE ( 'NONE', #4631, 1.649999999999998579, 0.7853981633974432830 ) ;
#715 = CONICAL_SURFACE ( 'NONE', #5937, 2.899999999999999911, 0.7853981633974539411 ) ;
#716 = DIRECTION ( 'NONE',  ( -0.000000000000000000, -1.000000000000000000, -0.000000000000000000 ) ) ;
#717 = ADVANCED_FACE ( 'NONE', ( #4394 ), #3200, .F. ) ;
#718 = CARTESIAN_POINT ( 'NONE',  ( 31.25000000000008882, 7.499999999999998224, 35.14999999999999147 ) ) ;
#719 = DIRECTION ( 'NONE',  ( 1.000000000000000000, 0.000000000000000000, 0.000000000000000000 ) ) ;
#720 = EDGE_LOOP ( 'NONE', ( #789, #3360, #127, #4205 ) ) ;
#721 = CIRCLE ( 'NONE', #6899, 3.000000000000002665 ) ;
#722 = ORIENTED_EDGE ( 'NONE', *, *, #3466, .T. ) ;
#723 = VECTOR ( 'NONE', #5509, 1000.000000000000000 ) ;
#724 = AXIS2_PLACEMENT_3D ( 'NONE', #4720, #6990, #1660 ) ;
#725 = DIRECTION ( 'NONE',  ( 0.000000000000000000, 1.000000000000000000, 0.000000000000000000 ) ) ;
#726 = VERTEX_POINT ( 'NONE', #6707 ) ;
#727 = EDGE_CURVE ( 'NONE', #5204, #910, #1309, .T. ) ;
#728 = AXIS2_PLACEMENT_3D ( 'NONE', #7176, #6060, #4970 ) ;
#729 = ADVANCED_FACE ( 'NONE', ( #4943 ), #6895, .F. ) ;
#730 = CIRCLE ( 'NONE', #7257, 1.649999999999870237 ) ;
#731 = DIRECTION ( 'NONE',  ( 0.000000000000000000, 1.000000000000000000, 0.000000000000000000 ) ) ;
#732 = ORIENTED_EDGE ( 'NONE', *, *, #5729, .F. ) ;
#733 = DIRECTION ( 'NONE',  ( 0.000000000000000000, 1.000000000000000000, 0.000000000000000000 ) ) ;
#734 = VERTEX_POINT ( 'NONE', #1540 ) ;
#735 = FACE_OUTER_BOUND ( 'NONE', #814, .T. ) ;
#736 = CARTESIAN_POINT ( 'NONE',  ( -6.250000000000084377, 8.000000000000000000, -33.40000000000001279 ) ) ;
#737 = EDGE_CURVE ( 'NONE', #2800, #617, #6662, .T. ) ;
#738 = CIRCLE ( 'NONE', #6796, 3.999999999999982681 ) ;
#739 = AXIS2_PLACEMENT_3D ( 'NONE', #3500, #4662, #5809 ) ;
#740 = VECTOR ( 'NONE', #4519, 999.9999999999998863 ) ;
#741 = CIRCLE ( 'NONE', #5105, 2.149999999999999023 ) ;
#742 = LINE ( 'NONE', #2888, #7028 ) ;
#743 = CARTESIAN_POINT ( 'NONE',  ( -34.99999999999999289, 6.999999999999985789, 39.99999999999999289 ) ) ;
#744 = VERTEX_POINT ( 'NONE', #984 ) ;
#745 = DIRECTION ( 'NONE',  ( 0.000000000000000000, 1.000000000000000000, 0.000000000000000000 ) ) ;
#746 = ORIENTED_EDGE ( 'NONE', *, *, #544, .T. ) ;
#747 = CARTESIAN_POINT ( 'NONE',  ( -6.249999999999998224, 7.499999999999994671, -4.599999999999999645 ) ) ;
#748 = CARTESIAN_POINT ( 'NONE',  ( 6.249999999999998224, -2.000000000000000000, -18.75000000000000000 ) ) ;
#749 = ORIENTED_EDGE ( 'NONE', *, *, #5860, .T. ) ;
#750 = CARTESIAN_POINT ( 'NONE',  ( -18.75000000000000000, 0.000000000000000000, 15.75000000000004263 ) ) ;
#751 = CARTESIAN_POINT ( 'NONE',  ( 6.250000000000088818, 0.000000000000000000, 33.39999999999999858 ) ) ;
#752 = EDGE_LOOP ( 'NONE', ( #216, #4197 ) ) ;
#753 = CARTESIAN_POINT ( 'NONE',  ( 6.250000000000000000, 7.499999999999998224, -4.599999999999996092 ) ) ;
#754 = EDGE_LOOP ( 'NONE', ( #5166, #2238, #5103, #5617 ) ) ;
#755 = AXIS2_PLACEMENT_3D ( 'NONE', #5404, #3543, #5822 ) ;
#756 = FACE_OUTER_BOUND ( 'NONE', #4546, .T. ) ;
#757 = DIRECTION ( 'NONE',  ( -0.000000000000000000, 1.000000000000000000, -0.000000000000000000 ) ) ;
#758 = CARTESIAN_POINT ( 'NONE',  ( -18.75000000000008527, 7.499999999999994671, -31.25000000000000000 ) ) ;
#759 = EDGE_LOOP ( 'NONE', ( #3777, #3707 ) ) ;
#760 = ORIENTED_EDGE ( 'NONE', *, *, #3753, .T. ) ;
#761 = AXIS2_PLACEMENT_3D ( 'NONE', #6291, #4168, #4616 ) ;
#762 = CARTESIAN_POINT ( 'NONE',  ( -6.249999999999999112, 0.000000000000000000, 4.099999999999986322 ) ) ;
#763 = EDGE_CURVE ( 'NONE', #3775, #1266, #2757, .T. ) ;
#764 = AXIS2_PLACEMENT_3D ( 'NONE', #2821, #1013, #6210 ) ;
#765 = DIRECTION ( 'NONE',  ( 0.000000000000000000, 0.000000000000000000, 1.000000000000000000 ) ) ;
#766 = CARTESIAN_POINT ( 'NONE',  ( -31.24999999999999289, 7.500000000000000888, 31.25000000000008882 ) ) ;
#767 = VERTEX_POINT ( 'NONE', #2200 ) ;
#768 = ORIENTED_EDGE ( 'NONE', *, *, #6828, .F. ) ;
#769 = DIRECTION ( 'NONE',  ( -0.7071067811865474617, -0.7071067811865474617, 0.000000000000000000 ) ) ;
#770 = EDGE_CURVE ( 'NONE', #694, #3599, #6065, .T. ) ;
#771 = FACE_OUTER_BOUND ( 'NONE', #2613, .T. ) ;
#772 = AXIS2_PLACEMENT_3D ( 'NONE', #2560, #855, #4312 ) ;
#773 = ADVANCED_FACE ( 'NONE', ( #525 ), #3324, .F. ) ;
#774 = ADVANCED_FACE ( 'NONE', ( #3275 ), #6538, .F. ) ;
#775 = CARTESIAN_POINT ( 'NONE',  ( 6.250000000000000000, 7.499999999999998224, -6.249999999999998224 ) ) ;
#776 = LINE ( 'NONE', #743, #7091 ) ;
#777 = ORIENTED_EDGE ( 'NONE', *, *, #6691, .T. ) ;
#778 = DIRECTION ( 'NONE',  ( 8.659560562354996953E-17, 0.7071067811865424657, -0.7071067811865526798 ) ) ;
#779 = ORIENTED_EDGE ( 'NONE', *, *, #4490, .F. ) ;
#780 = EDGE_LOOP ( 'NONE', ( #1318, #1495, #1203, #3021 ) ) ;
#781 = EDGE_CURVE ( 'NONE', #1193, #4744, #2618, .T. ) ;
#782 = DIRECTION ( 'NONE',  ( -0.000000000000000000, -1.000000000000000000, -0.000000000000000000 ) ) ;
#783 = CARTESIAN_POINT ( 'NONE',  ( -31.24999999999986500, 7.500000000000003553, -6.249999999999998224 ) ) ;
#784 = EDGE_LOOP ( 'NONE', ( #6729, #970, #6054, #2853 ) ) ;
#785 = LINE ( 'NONE', #3044, #1449 ) ;
#786 = CARTESIAN_POINT ( 'NONE',  ( 31.25000000000004263, 7.499999999999998224, 17.09999999999999432 ) ) ;
#787 = ORIENTED_EDGE ( 'NONE', *, *, #1590, .F. ) ;
#788 = CARTESIAN_POINT ( 'NONE',  ( -31.24999999999999289, 0.5000000000000160982, 31.25000000000008882 ) ) ;
#789 = ORIENTED_EDGE ( 'NONE', *, *, #7062, .F. ) ;
#790 = ORIENTED_EDGE ( 'NONE', *, *, #2152, .T. ) ;
#791 = EDGE_CURVE ( 'NONE', #2227, #1230, #845, .T. ) ;
#792 = LINE ( 'NONE', #1985, #2149 ) ;
#793 = VECTOR ( 'NONE', #5444, 1000.000000000000000 ) ;
#794 = CYLINDRICAL_SURFACE ( 'NONE', #6169, 4.999999999999997335 ) ;
#795 = DIRECTION ( 'NONE',  ( 0.000000000000000000, 1.000000000000000000, 0.000000000000000000 ) ) ;
#796 = DIRECTION ( 'NONE',  ( 0.000000000000000000, 0.000000000000000000, 1.000000000000000000 ) ) ;
#797 = ORIENTED_EDGE ( 'NONE', *, *, #7224, .F. ) ;
#798 = VERTEX_POINT ( 'NONE', #1052 ) ;
#799 = AXIS2_PLACEMENT_3D ( 'NONE', #1572, #2195, #6103 ) ;
#800 = AXIS2_PLACEMENT_3D ( 'NONE', #7158, #3695, #1998 ) ;
#801 = CARTESIAN_POINT ( 'NONE',  ( -31.24999999999986500, 0.000000000000000000, -8.399999999999872458 ) ) ;
#802 = CIRCLE ( 'NONE', #2584, 3.999999999999982681 ) ;
#803 = CARTESIAN_POINT ( 'NONE',  ( 18.75000000000000355, 8.000000000000000000, -18.75000000000004263 ) ) ;
#804 = CONICAL_SURFACE ( 'NONE', #4953, 1.650000000000002132, 0.7853981633974568277 ) ;
#805 = ORIENTED_EDGE ( 'NONE', *, *, #7006, .F. ) ;
#806 = VERTEX_POINT ( 'NONE', #5610 ) ;
#807 = DIRECTION ( 'NONE',  ( -0.000000000000000000, -1.000000000000000000, -0.000000000000000000 ) ) ;
#808 = LINE ( 'NONE', #3066, #2023 ) ;
#809 = AXIS2_PLACEMENT_3D ( 'NONE', #3363, #4559, #1737 ) ;
#810 = EDGE_CURVE ( 'NONE', #3314, #4196, #123, .T. ) ;
#811 = ADVANCED_FACE ( 'NONE', ( #4499 ), #3559, .F. ) ;
#812 = DIRECTION ( 'NONE',  ( 0.000000000000000000, 0.000000000000000000, 1.000000000000000000 ) ) ;
#813 = FACE_OUTER_BOUND ( 'NONE', #4821, .T. ) ;
#814 = EDGE_LOOP ( 'NONE', ( #7294, #7133, #3586, #490 ) ) ;
#815 = CARTESIAN_POINT ( 'NONE',  ( -6.249999999999992895, 0.000000000000000000, 33.39999999999972147 ) ) ;
#816 = VERTEX_POINT ( 'NONE', #6175 ) ;
#817 = EDGE_CURVE ( 'NONE', #5012, #7053, #604, .T. ) ;
#818 = EDGE_CURVE ( 'NONE', #6932, #6373, #7318, .T. ) ;
#819 = DIRECTION ( 'NONE',  ( 0.000000000000000000, 0.000000000000000000, -1.000000000000000000 ) ) ;
#820 = ADVANCED_FACE ( 'NONE', ( #6284 ), #2967, .F. ) ;
#821 = LINE ( 'NONE', #263, #1077 ) ;
#822 = ORIENTED_EDGE ( 'NONE', *, *, #2162, .T. ) ;
#823 = CARTESIAN_POINT ( 'NONE',  ( 18.75000000000000000, 0.000000000000000000, 6.249999999999997335 ) ) ;
#824 = DIRECTION ( 'NONE',  ( -0.000000000000000000, 1.000000000000000000, -0.000000000000000000 ) ) ;
#825 = ORIENTED_EDGE ( 'NONE', *, *, #3089, .F. ) ;
#826 = DIRECTION ( 'NONE',  ( 0.000000000000000000, 0.7071067811865410224, 0.7071067811865540120 ) ) ;
#827 = AXIS2_PLACEMENT_3D ( 'NONE', #6347, #4034, #6802 ) ;
#828 = ORIENTED_EDGE ( 'NONE', *, *, #2216, .F. ) ;
#829 = VECTOR ( 'NONE', #2958, 1000.000000000000000 ) ;
#830 = EDGE_CURVE ( 'NONE', #2159, #3546, #3413, .T. ) ;
#831 = CIRCLE ( 'NONE', #1305, 2.149999999999999023 ) ;
#832 = CARTESIAN_POINT ( 'NONE',  ( 31.25000000000004263, 0.000000000000000000, 18.74999999999999645 ) ) ;
#833 = FACE_OUTER_BOUND ( 'NONE', #3356, .T. ) ;
#834 = CARTESIAN_POINT ( 'NONE',  ( -34.99999999999999289, 6.999999999999985789, 34.99999999999999289 ) ) ;
#835 = DIRECTION ( 'NONE',  ( 0.000000000000000000, -0.7071067811865546782, -0.7071067811865403563 ) ) ;
#836 = VERTEX_POINT ( 'NONE', #6921 ) ;
#837 = ORIENTED_EDGE ( 'NONE', *, *, #6317, .T. ) ;
#838 = EDGE_CURVE ( 'NONE', #7114, #6664, #641, .T. ) ;
#839 = AXIS2_PLACEMENT_3D ( 'NONE', #5996, #7187, #389 ) ;
#840 = AXIS2_PLACEMENT_3D ( 'NONE', #5761, #5238, #4540 ) ;
#841 = DIRECTION ( 'NONE',  ( 8.659560562354861368E-17, -0.7071067811865533459, 0.7071067811865416886 ) ) ;
#842 = VECTOR ( 'NONE', #4162, 1000.000000000000000 ) ;
#843 = FACE_OUTER_BOUND ( 'NONE', #7168, .T. ) ;
#844 = EDGE_LOOP ( 'NONE', ( #3398, #2426, #4757, #5776 ) ) ;
#845 = CIRCLE ( 'NONE', #6779, 1.650000000000002132 ) ;
#846 = ORIENTED_EDGE ( 'NONE', *, *, #1689, .F. ) ;
#847 = CARTESIAN_POINT ( 'NONE',  ( -31.25000000000008171, 7.500000000000000888, -31.25000000000000000 ) ) ;
#848 = CARTESIAN_POINT ( 'NONE',  ( 6.250000000000088818, -2.000000000000000000, 29.59999999999999787 ) ) ;
#849 = AXIS2_PLACEMENT_3D ( 'NONE', #5356, #4903, #5878 ) ;
#850 = AXIS2_PLACEMENT_3D ( 'NONE', #6550, #1941, #3078 ) ;
#851 = DIRECTION ( 'NONE',  ( 0.000000000000000000, 1.000000000000000000, 0.000000000000000000 ) ) ;
#852 = CARTESIAN_POINT ( 'NONE',  ( 31.25000000000008882, 0.000000000000000000, 28.34999999999998366 ) ) ;
#853 = CONICAL_SURFACE ( 'NONE', #4412, 1.649999999999998579, 0.7853981633974554954 ) ;
#854 = ORIENTED_EDGE ( 'NONE', *, *, #6350, .T. ) ;
#855 = DIRECTION ( 'NONE',  ( -0.000000000000000000, 1.000000000000000000, -0.000000000000000000 ) ) ;
#856 = VECTOR ( 'NONE', #3060, 1000.000000000000000 ) ;
#857 = ORIENTED_EDGE ( 'NONE', *, *, #2771, .T. ) ;
#858 = EDGE_CURVE ( 'NONE', #6808, #3917, #4284, .T. ) ;
#859 = CIRCLE ( 'NONE', #5001, 3.899999999999993694 ) ;
#860 = AXIS2_PLACEMENT_3D ( 'NONE', #2179, #6152, #4438 ) ;
#861 = CARTESIAN_POINT ( 'NONE',  ( -31.24999999999999289, 7.500000000000000888, 31.25000000000008882 ) ) ;
#862 = CARTESIAN_POINT ( 'NONE',  ( -31.25000000000004263, -2.000000000000000000, -17.10000000000000142 ) ) ;
#863 = ORIENTED_EDGE ( 'NONE', *, *, #281, .F. ) ;
#864 = CARTESIAN_POINT ( 'NONE',  ( -6.250000000000040856, 0.000000000000000000, -18.75000000000000355 ) ) ;
#865 = CARTESIAN_POINT ( 'NONE',  ( -31.25000000000008171, 0.000000000000000000, -34.14999999999999858 ) ) ;
#866 = VERTEX_POINT ( 'NONE', #1717 ) ;
#867 = CARTESIAN_POINT ( 'NONE',  ( 31.25000000000000000, 0.000000000000000000, -34.15000000000008384 ) ) ;
#868 = ORIENTED_EDGE ( 'NONE', *, *, #600, .T. ) ;
#869 = EDGE_CURVE ( 'NONE', #521, #4658, #6396, .T. ) ;
#870 = CARTESIAN_POINT ( 'NONE',  ( 31.24999999999986500, 0.4999999999999935052, 7.899999999999856470 ) ) ;
#871 = CYLINDRICAL_SURFACE ( 'NONE', #2494, 1.649999999999998579 ) ;
#872 = DIRECTION ( 'NONE',  ( 0.000000000000000000, 1.000000000000000000, 0.000000000000000000 ) ) ;
#873 = DIRECTION ( 'NONE',  ( 0.000000000000000000, 1.000000000000000000, 0.000000000000000000 ) ) ;
#874 = EDGE_CURVE ( 'NONE', #6136, #5124, #4749, .T. ) ;
#875 = ORIENTED_EDGE ( 'NONE', *, *, #5806, .F. ) ;
#876 = LINE ( 'NONE', #426, #2297 ) ;
#877 = ORIENTED_EDGE ( 'NONE', *, *, #1575, .F. ) ;
#878 = VERTEX_POINT ( 'NONE', #4122 ) ;
#879 = CIRCLE ( 'NONE', #1707, 2.150000000000012790 ) ;
#880 = CARTESIAN_POINT ( 'NONE',  ( -31.25000000000000000, 0.000000000000000000, 18.75000000000009237 ) ) ;
#881 = DIRECTION ( 'NONE',  ( 8.659560562354973534E-17, -0.7071067811865441310, 0.7071067811865507924 ) ) ;
#882 = ORIENTED_EDGE ( 'NONE', *, *, #4681, .T. ) ;
#883 = ORIENTED_EDGE ( 'NONE', *, *, #3996, .F. ) ;
#884 = CARTESIAN_POINT ( 'NONE',  ( 6.250000000000000000, 0.000000000000000000, -6.249999999999998224 ) ) ;
#885 = DIRECTION ( 'NONE',  ( -0.000000000000000000, -1.000000000000000000, -0.000000000000000000 ) ) ;
#886 = DIRECTION ( 'NONE',  ( 0.000000000000000000, 0.000000000000000000, -1.000000000000000000 ) ) ;
#887 = CARTESIAN_POINT ( 'NONE',  ( -31.25000000000008171, 7.500000000000000888, -27.34999999999999787 ) ) ;
#888 = AXIS2_PLACEMENT_3D ( 'NONE', #2786, #1574, #6733 ) ;
#889 = ORIENTED_EDGE ( 'NONE', *, *, #2360, .T. ) ;
#890 = DIRECTION ( 'NONE',  ( 0.000000000000000000, 0.7071067811865412445, 0.7071067811865537900 ) ) ;
#891 = EDGE_LOOP ( 'NONE', ( #2919, #4005 ) ) ;
#892 = AXIS2_PLACEMENT_3D ( 'NONE', #1110, #1596, #968 ) ;
#893 = FACE_OUTER_BOUND ( 'NONE', #3297, .T. ) ;
#894 = CARTESIAN_POINT ( 'NONE',  ( -31.24999999999999289, 8.000000000000000000, 31.25000000000008882 ) ) ;
#895 = ORIENTED_EDGE ( 'NONE', *, *, #2864, .T. ) ;
#896 = DIRECTION ( 'NONE',  ( -0.000000000000000000, -1.000000000000000000, -0.000000000000000000 ) ) ;
#897 = CARTESIAN_POINT ( 'NONE',  ( 18.75000000000000355, -2.000000000000000000, -18.75000000000004263 ) ) ;
#898 = ORIENTED_EDGE ( 'NONE', *, *, #639, .F. ) ;
#899 = FACE_OUTER_BOUND ( 'NONE', #2304, .T. ) ;
#900 = EDGE_CURVE ( 'NONE', #3140, #3062, #5158, .T. ) ;
#901 = ORIENTED_EDGE ( 'NONE', *, *, #3622, .T. ) ;
#902 = CARTESIAN_POINT ( 'NONE',  ( 31.25000000000000000, 0.000000000000000000, -4.100000000000072475 ) ) ;
#903 = EDGE_CURVE ( 'NONE', #806, #3897, #559, .T. ) ;
#904 = LINE ( 'NONE', #7250, #6771 ) ;
#905 = DIRECTION ( 'NONE',  ( -0.000000000000000000, 1.000000000000000000, -0.000000000000000000 ) ) ;
#906 = FACE_OUTER_BOUND ( 'NONE', #5567, .T. ) ;
#907 = ORIENTED_EDGE ( 'NONE', *, *, #134, .T. ) ;
#908 = CARTESIAN_POINT ( 'NONE',  ( 31.25000000000004263, 0.000000000000000000, 18.74999999999999645 ) ) ;
#909 = EDGE_CURVE ( 'NONE', #866, #6754, #704, .T. ) ;
#910 = VERTEX_POINT ( 'NONE', #4610 ) ;
#911 = CONICAL_SURFACE ( 'NONE', #1262, 2.149999999999999023, 0.7853981633974378429 ) ;
#912 = EDGE_CURVE ( 'NONE', #678, #4842, #4, .T. ) ;
#913 = LINE ( 'NONE', #992, #1326 ) ;
#914 = DIRECTION ( 'NONE',  ( 0.000000000000000000, 0.000000000000000000, 1.000000000000000000 ) ) ;
#916 = ORIENTED_EDGE ( 'NONE', *, *, #4271, .F. ) ;
#915 = ADVANCED_FACE ( 'NONE', ( #3456 ), #4010, .F. ) ;
#917 = AXIS2_PLACEMENT_3D ( 'NONE', #1721, #3460, #3974 ) ;
#918 = VECTOR ( 'NONE', #881, 1000.000000000000114 ) ;
#919 = EDGE_LOOP ( 'NONE', ( #5288, #1391, #3022, #1436 ) ) ;
#920 = DIRECTION ( 'NONE',  ( 0.000000000000000000, 0.000000000000000000, 1.000000000000000000 ) ) ;
#921 = CARTESIAN_POINT ( 'NONE',  ( -31.24999999999986500, 8.000000000000000000, -6.249999999999998224 ) ) ;
#922 = AXIS2_PLACEMENT_3D ( 'NONE', #2889, #592, #6278 ) ;
#923 = CIRCLE ( 'NONE', #3170, 4.399999999999997691 ) ;
#924 = DIRECTION ( 'NONE',  ( 0.000000000000000000, 0.000000000000000000, 1.000000000000000000 ) ) ;
#925 = CIRCLE ( 'NONE', #4372, 2.149999999999999023 ) ;
#926 = DIRECTION ( 'NONE',  ( 0.000000000000000000, 1.000000000000000000, 0.000000000000000000 ) ) ;
#927 = VERTEX_POINT ( 'NONE', #2863 ) ;
#928 = LINE ( 'NONE', #5870, #7063 ) ;
#929 = AXIS2_PLACEMENT_3D ( 'NONE', #3033, #7057, #1822 ) ;
#930 = ORIENTED_EDGE ( 'NONE', *, *, #1862, .T. ) ;
#931 = ADVANCED_FACE ( 'NONE', ( #3561 ), #963, .F. ) ;
#932 = EDGE_CURVE ( 'NONE', #77, #7052, #5468, .T. ) ;
#933 = AXIS2_PLACEMENT_3D ( 'NONE', #3328, #5068, #5000 ) ;
#934 = DIRECTION ( 'NONE',  ( 0.000000000000000000, 0.000000000000000000, 1.000000000000000000 ) ) ;
#935 = DIRECTION ( 'NONE',  ( -0.000000000000000000, -1.000000000000000000, -0.000000000000000000 ) ) ;
#936 = ORIENTED_EDGE ( 'NONE', *, *, #281, .T. ) ;
#937 = DIRECTION ( 'NONE',  ( 0.000000000000000000, 0.000000000000000000, 1.000000000000000000 ) ) ;
#938 = CARTESIAN_POINT ( 'NONE',  ( 6.249999999999998224, 8.000000000000000000, -20.89999999999999858 ) ) ;
#939 = VERTEX_POINT ( 'NONE', #2382 ) ;
#940 = DIRECTION ( 'NONE',  ( 0.000000000000000000, 1.000000000000000000, 0.000000000000000000 ) ) ;
#941 = ORIENTED_EDGE ( 'NONE', *, *, #1376, .T. ) ;
#942 = FACE_OUTER_BOUND ( 'NONE', #174, .T. ) ;
#943 = LINE ( 'NONE', #5545, #1 ) ;
#944 = DIRECTION ( 'NONE',  ( -0.000000000000000000, 1.000000000000000000, -0.000000000000000000 ) ) ;
#945 = DIRECTION ( 'NONE',  ( -0.000000000000000000, 1.000000000000000000, -0.000000000000000000 ) ) ;
#946 = ORIENTED_EDGE ( 'NONE', *, *, #4445, .T. ) ;
#947 = DIRECTION ( 'NONE',  ( 0.000000000000000000, 0.000000000000000000, 1.000000000000000000 ) ) ;
#948 = ORIENTED_EDGE ( 'NONE', *, *, #4373, .F. ) ;
#949 = VERTEX_POINT ( 'NONE', #2419 ) ;
#950 = AXIS2_PLACEMENT_3D ( 'NONE', #4344, #1488, #997 ) ;
#951 = ADVANCED_FACE ( 'NONE', ( #5728 ), #7125, .F. ) ;
#952 = EDGE_CURVE ( 'NONE', #6865, #6170, #4652, .T. ) ;
#953 = CARTESIAN_POINT ( 'NONE',  ( 6.249999999999998224, 0.5000000000000047740, 4.599999999999996092 ) ) ;
#954 = DIRECTION ( 'NONE',  ( 0.000000000000000000, 0.000000000000000000, -1.000000000000000000 ) ) ;
#955 = ORIENTED_EDGE ( 'NONE', *, *, #4198, .T. ) ;
#956 = AXIS2_PLACEMENT_3D ( 'NONE', #232, #4248, #6521 ) ;
#957 = DIRECTION ( 'NONE',  ( 0.000000000000000000, 0.000000000000000000, 1.000000000000000000 ) ) ;
#958 = AXIS2_PLACEMENT_3D ( 'NONE', #2682, #6674, #2647 ) ;
#959 = CARTESIAN_POINT ( 'NONE',  ( -31.24999999999999289, 3.000000000000000000, 35.15000000000009095 ) ) ;
#960 = ADVANCED_FACE ( 'NONE', ( #1264 ), #3523, .F. ) ;
#961 = ADVANCED_FACE ( 'NONE', ( #893 ), #715, .F. ) ;
#962 = AXIS2_PLACEMENT_3D ( 'NONE', #6741, #2201, #1755 ) ;
#963 = CONICAL_SURFACE ( 'NONE', #2734, 2.149999999999874234, 0.7853981633974539411 ) ;
#964 = DIRECTION ( 'NONE',  ( -0.000000000000000000, -1.000000000000000000, -0.000000000000000000 ) ) ;
#965 = DIRECTION ( 'NONE',  ( -0.000000000000000000, -1.000000000000000000, -0.000000000000000000 ) ) ;
#966 = EDGE_CURVE ( 'NONE', #4679, #4022, #3676, .T. ) ;
#967 = EDGE_LOOP ( 'NONE', ( #4902, #3616, #3238, #5395 ) ) ;
#968 = DIRECTION ( 'NONE',  ( 0.000000000000000000, 0.000000000000000000, 1.000000000000000000 ) ) ;
#969 = AXIS2_PLACEMENT_3D ( 'NONE', #2163, #6625, #3780 ) ;
#970 = ORIENTED_EDGE ( 'NONE', *, *, #3979, .F. ) ;
#971 = CONICAL_SURFACE ( 'NONE', #6546, 1.649999999999869349, 0.7853981633974561616 ) ;
#972 = AXIS2_PLACEMENT_3D ( 'NONE', #3632, #4236, #819 ) ;
#973 = DIRECTION ( 'NONE',  ( -0.000000000000000000, 1.000000000000000000, -0.000000000000000000 ) ) ;
#974 = DIRECTION ( 'NONE',  ( -0.000000000000000000, -1.000000000000000000, -0.000000000000000000 ) ) ;
#975 = VECTOR ( 'NONE', #5408, 1000.000000000000000 ) ;
#976 = VERTEX_POINT ( 'NONE', #4316 ) ;
#977 = CARTESIAN_POINT ( 'NONE',  ( -6.249999999999992895, 7.499999999999973355, 29.59999999999999432 ) ) ;
#978 = CARTESIAN_POINT ( 'NONE',  ( -31.25000000000004263, 7.499999999999994671, -18.75000000000000000 ) ) ;
#979 = ORIENTED_EDGE ( 'NONE', *, *, #2116, .T. ) ;
#980 = CARTESIAN_POINT ( 'NONE',  ( -6.249999999999999112, 7.499999999999998224, 7.900000000000000355 ) ) ;
#981 = ORIENTED_EDGE ( 'NONE', *, *, #3123, .F. ) ;
#982 = AXIS2_PLACEMENT_3D ( 'NONE', #2557, #1411, #6984 ) ;
#983 = CIRCLE ( 'NONE', #5481, 2.149999999999986144 ) ;
#984 = CARTESIAN_POINT ( 'NONE',  ( -18.74999999999999289, 0.5000000000000143219, 29.60000000000004761 ) ) ;
#985 = LINE ( 'NONE', #4433, #2501 ) ;
#986 = CARTESIAN_POINT ( 'NONE',  ( 6.249999999999998224, 0.000000000000000000, 8.400000000000011013 ) ) ;
#987 = DIRECTION ( 'NONE',  ( -0.000000000000000000, -1.000000000000000000, -0.000000000000000000 ) ) ;
#988 = CIRCLE ( 'NONE', #626, 2.150000000000002576 ) ;
#989 = VERTEX_POINT ( 'NONE', #5874 ) ;
#990 = DIRECTION ( 'NONE',  ( 0.000000000000000000, 0.000000000000000000, -1.000000000000000000 ) ) ;
#991 = ORIENTED_EDGE ( 'NONE', *, *, #5715, .F. ) ;
#992 = CARTESIAN_POINT ( 'NONE',  ( 6.250000000000088818, 7.499999999999998224, 29.59999999999999787 ) ) ;
#993 = DIRECTION ( 'NONE',  ( 0.000000000000000000, 0.000000000000000000, 1.000000000000000000 ) ) ;
#994 = EDGE_LOOP ( 'NONE', ( #4888, #2463, #206, #1227 ) ) ;
#995 = AXIS2_PLACEMENT_3D ( 'NONE', #6939, #4595, #6199 ) ;
#996 = LINE ( 'NONE', #1555, #3430 ) ;
#997 = DIRECTION ( 'NONE',  ( 0.000000000000000000, 0.000000000000000000, -1.000000000000000000 ) ) ;
#998 = ADVANCED_FACE ( 'NONE', ( #2055 ), #5948, .F. ) ;
#999 = DIRECTION ( 'NONE',  ( 0.000000000000000000, 0.000000000000000000, 1.000000000000000000 ) ) ;
#1000 = DIRECTION ( 'NONE',  ( 0.000000000000000000, 1.000000000000000000, 0.000000000000000000 ) ) ;
#1001 = ORIENTED_EDGE ( 'NONE', *, *, #7171, .T. ) ;
#1002 = DIRECTION ( 'NONE',  ( 0.000000000000000000, 0.000000000000000000, 1.000000000000000000 ) ) ;
#1003 = EDGE_CURVE ( 'NONE', #3188, #734, #5821, .T. ) ;
#1004 = EDGE_LOOP ( 'NONE', ( #1080, #3640, #3009, #6453 ) ) ;
#1005 = VECTOR ( 'NONE', #7070, 1000.000000000000000 ) ;
#1006 = EDGE_CURVE ( 'NONE', #3888, #2571, #3440, .T. ) ;
#1007 = AXIS2_PLACEMENT_3D ( 'NONE', #383, #227, #5956 ) ;
#1008 = DIRECTION ( 'NONE',  ( -0.000000000000000000, -1.000000000000000000, -0.000000000000000000 ) ) ;
#1009 = ORIENTED_EDGE ( 'NONE', *, *, #1694, .T. ) ;
#1010 = FACE_OUTER_BOUND ( 'NONE', #2722, .T. ) ;
#1011 = DIRECTION ( 'NONE',  ( 0.000000000000000000, 1.000000000000000000, 0.000000000000000000 ) ) ;
#1012 = ORIENTED_EDGE ( 'NONE', *, *, #363, .T. ) ;
#1013 = DIRECTION ( 'NONE',  ( 0.000000000000000000, 1.000000000000000000, 0.000000000000000000 ) ) ;
#1014 = EDGE_CURVE ( 'NONE', #2040, #461, #6439, .T. ) ;
#1015 = VERTEX_POINT ( 'NONE', #1976 ) ;
#1016 = AXIS2_PLACEMENT_3D ( 'NONE', #7059, #1938, #1972 ) ;
#1017 = DIRECTION ( 'NONE',  ( -0.000000000000000000, -1.000000000000000000, -0.000000000000000000 ) ) ;
#1018 = CARTESIAN_POINT ( 'NONE',  ( 31.25000000000008882, 3.000000000000000000, 27.34999999999999787 ) ) ;
#1019 = CARTESIAN_POINT ( 'NONE',  ( -31.24999999999986500, 0.000000000000000000, -6.249999999999998224 ) ) ;
#1020 = CYLINDRICAL_SURFACE ( 'NONE', #6726, 2.499999999999995115 ) ;
#1021 = VERTEX_POINT ( 'NONE', #1496 ) ;
#1022 = FACE_BOUND ( 'NONE', #5505, .T. ) ;
#1023 = ADVANCED_FACE ( 'NONE', ( #3114 ), #6188, .F. ) ;
#1024 = PLANE ( 'NONE',  #3924 ) ;
#1025 = FACE_OUTER_BOUND ( 'NONE', #4839, .T. ) ;
#1026 = EDGE_LOOP ( 'NONE', ( #7027, #1628, #4012, #2561 ) ) ;
#1027 = DIRECTION ( 'NONE',  ( 0.000000000000000000, 0.000000000000000000, 1.000000000000000000 ) ) ;
#1028 = CIRCLE ( 'NONE', #6375, 2.149999999999995470 ) ;
#1029 = AXIS2_PLACEMENT_3D ( 'NONE', #356, #5971, #4809 ) ;
#1030 = DIRECTION ( 'NONE',  ( -0.000000000000000000, -1.000000000000000000, -0.000000000000000000 ) ) ;
#1031 = DIRECTION ( 'NONE',  ( 0.000000000000000000, 1.000000000000000000, 0.000000000000000000 ) ) ;
#1032 = EDGE_LOOP ( 'NONE', ( #5411, #3555, #6561, #5909 ) ) ;
#1033 = DIRECTION ( 'NONE',  ( 0.000000000000000000, 1.000000000000000000, 0.000000000000000000 ) ) ;
#1034 = ORIENTED_EDGE ( 'NONE', *, *, #5267, .T. ) ;
#1035 = CIRCLE ( 'NONE', #6974, 3.000000000000002665 ) ;
#1036 = AXIS2_PLACEMENT_3D ( 'NONE', #1518, #3284, #3321 ) ;
#1037 = EDGE_CURVE ( 'NONE', #5731, #1061, #3007, .T. ) ;
#1038 = CARTESIAN_POINT ( 'NONE',  ( -18.75000000000000000, -2.000000000000000000, -6.250000000000000000 ) ) ;
#1039 = EDGE_LOOP ( 'NONE', ( #5736, #5058 ) ) ;
#1040 = CARTESIAN_POINT ( 'NONE',  ( -31.25000000000008171, 0.000000000000000000, -31.25000000000000000 ) ) ;
#1041 = VECTOR ( 'NONE', #5867, 1000.000000000000000 ) ;
#1042 = DIRECTION ( 'NONE',  ( 0.000000000000000000, 0.000000000000000000, 1.000000000000000000 ) ) ;
#1043 = CIRCLE ( 'NONE', #2345, 1.650000000000002132 ) ;
#1044 = ORIENTED_EDGE ( 'NONE', *, *, #2626, .T. ) ;
#1045 = CARTESIAN_POINT ( 'NONE',  ( -40.00000000000000711, 1.000000000000000888, -40.00000000000000711 ) ) ;
#1046 = ORIENTED_EDGE ( 'NONE', *, *, #3691, .F. ) ;
#1047 = EDGE_CURVE ( 'NONE', #5686, #6592, #2970, .T. ) ;
#1048 = VECTOR ( 'NONE', #6204, 1000.000000000000114 ) ;
#1049 = EDGE_CURVE ( 'NONE', #6413, #1767, #5423, .T. ) ;
#1050 = VECTOR ( 'NONE', #2440, 1000.000000000000000 ) ;
#1051 = EDGE_CURVE ( 'NONE', #5324, #1902, #6901, .T. ) ;
#1052 = CARTESIAN_POINT ( 'NONE',  ( 31.24999999999999645, 3.000000000000000000, -27.35000000000009024 ) ) ;
#1053 = DIRECTION ( 'NONE',  ( -0.000000000000000000, -1.000000000000000000, -0.000000000000000000 ) ) ;
#1054 = FACE_OUTER_BOUND ( 'NONE', #5793, .T. ) ;
#1055 = DIRECTION ( 'NONE',  ( -0.000000000000000000, 1.000000000000000000, -0.000000000000000000 ) ) ;
#1056 = ORIENTED_EDGE ( 'NONE', *, *, #1820, .F. ) ;
#1057 = FACE_BOUND ( 'NONE', #4339, .T. ) ;
#1058 = VERTEX_POINT ( 'NONE', #4863 ) ;
#1059 = LINE ( 'NONE', #3946, #4172 ) ;
#1060 = CARTESIAN_POINT ( 'NONE',  ( -6.249999999999998224, 7.499999999999994671, -7.900000000000000355 ) ) ;
#1061 = VERTEX_POINT ( 'NONE', #5316 ) ;
#1062 = AXIS2_PLACEMENT_3D ( 'NONE', #6836, #2407, #6910 ) ;
#1063 = FACE_OUTER_BOUND ( 'NONE', #4352, .T. ) ;
#1064 = VECTOR ( 'NONE', #6348, 1000.000000000000000 ) ;
#1065 = VECTOR ( 'NONE', #4730, 1000.000000000000114 ) ;
#1066 = AXIS2_PLACEMENT_3D ( 'NONE', #2913, #2948, #5815 ) ;
#1067 = DIRECTION ( 'NONE',  ( 0.000000000000000000, 1.000000000000000000, 0.000000000000000000 ) ) ;
#1068 = CYLINDRICAL_SURFACE ( 'NONE', #933, 1.650000000000003020 ) ;
#1069 = ORIENTED_EDGE ( 'NONE', *, *, #6231, .T. ) ;
#1070 = DIRECTION ( 'NONE',  ( 0.000000000000000000, 0.000000000000000000, 1.000000000000000000 ) ) ;
#1071 = CARTESIAN_POINT ( 'NONE',  ( 6.250000000000088818, 0.000000000000000000, 31.25000000000000000 ) ) ;
#1072 = AXIS2_PLACEMENT_3D ( 'NONE', #5612, #3491, #4500 ) ;
#1073 = VECTOR ( 'NONE', #4052, 1000.000000000000114 ) ;
#1074 = LINE ( 'NONE', #632, #3514 ) ;
#1075 = VERTEX_POINT ( 'NONE', #5913 ) ;
#1076 = CARTESIAN_POINT ( 'NONE',  ( -18.75000000000000000, 8.000000000000000000, -8.400000000000012790 ) ) ;
#1077 = VECTOR ( 'NONE', #4790, 1000.000000000000000 ) ;
#1078 = CARTESIAN_POINT ( 'NONE',  ( 6.250000000000043521, 0.000000000000000000, 16.60000000000000497 ) ) ;
#1079 = CIRCLE ( 'NONE', #2738, 2.499999999999995115 ) ;
#1080 = ORIENTED_EDGE ( 'NONE', *, *, #3466, .F. ) ;
#1081 = DIRECTION ( 'NONE',  ( -0.7071067811865475727, 0.7071067811865475727, 1.226634733346699310E-16 ) ) ;
#1082 = VECTOR ( 'NONE', #7010, 1000.000000000000114 ) ;
#1083 = VERTEX_POINT ( 'NONE', #3668 ) ;
#1084 = ADVANCED_FACE ( 'NONE', ( #186 ), #2739, .F. ) ;
#1085 = CONICAL_SURFACE ( 'NONE', #4171, 2.149999999999999023, 0.7853981633974568277 ) ;
#1086 = AXIS2_PLACEMENT_3D ( 'NONE', #2107, #4336, #2655 ) ;
#1087 = DIRECTION ( 'NONE',  ( 0.000000000000000000, 1.000000000000000000, 0.000000000000000000 ) ) ;
#1088 = CARTESIAN_POINT ( 'NONE',  ( -31.25000000000000000, 0.000000000000000000, 6.250000000000090594 ) ) ;
#1089 = ORIENTED_EDGE ( 'NONE', *, *, #5726, .T. ) ;
#1090 = DIRECTION ( 'NONE',  ( 0.000000000000000000, 0.000000000000000000, 1.000000000000000000 ) ) ;
#1091 = DIRECTION ( 'NONE',  ( -0.000000000000000000, -1.000000000000000000, -0.000000000000000000 ) ) ;
#1092 = ORIENTED_EDGE ( 'NONE', *, *, #96, .F. ) ;
#1093 = FACE_BOUND ( 'NONE', #2441, .T. ) ;
#1094 = EDGE_CURVE ( 'NONE', #5731, #2277, #3098, .T. ) ;
#1095 = ORIENTED_EDGE ( 'NONE', *, *, #3077, .T. ) ;
#1096 = CONICAL_SURFACE ( 'NONE', #6081, 1.649999999999998579, 0.7853981633974554954 ) ;
#1097 = EDGE_CURVE ( 'NONE', #6507, #3863, #5352, .T. ) ;
#1098 = EDGE_CURVE ( 'NONE', #5743, #373, #4993, .T. ) ;
#1099 = CONICAL_SURFACE ( 'NONE', #2052, 2.149999999999985256, 0.7853981633974400633 ) ;
#1100 = CIRCLE ( 'NONE', #6069, 2.900000000000013678 ) ;
#1101 = FACE_OUTER_BOUND ( 'NONE', #1238, .T. ) ;
#1102 = LINE ( 'NONE', #1553, #6144 ) ;
#1103 = ORIENTED_EDGE ( 'NONE', *, *, #3489, .F. ) ;
#1104 = CARTESIAN_POINT ( 'NONE',  ( 6.249999999999998224, 0.000000000000000000, -18.75000000000000000 ) ) ;
#1105 = ORIENTED_EDGE ( 'NONE', *, *, #6454, .F. ) ;
#1106 = DIRECTION ( 'NONE',  ( 0.000000000000000000, 0.000000000000000000, -1.000000000000000000 ) ) ;
#1107 = CARTESIAN_POINT ( 'NONE',  ( 31.25000000000000000, 8.000000000000000000, -4.100000000000085798 ) ) ;
#1108 = CARTESIAN_POINT ( 'NONE',  ( -18.74999999999999289, -2.000000000000000000, 32.90000000000004121 ) ) ;
#1109 = ORIENTED_EDGE ( 'NONE', *, *, #5398, .F. ) ;
#1110 = CARTESIAN_POINT ( 'NONE',  ( -31.25000000000008171, 0.4999999999999935052, -31.25000000000000000 ) ) ;
#1111 = DIRECTION ( 'NONE',  ( -0.000000000000000000, -1.000000000000000000, -0.000000000000000000 ) ) ;
#1112 = DIRECTION ( 'NONE',  ( -0.000000000000000000, 1.000000000000000000, -0.000000000000000000 ) ) ;
#1113 = EDGE_LOOP ( 'NONE', ( #4785, #6008, #5252, #3364 ) ) ;
#1114 = CARTESIAN_POINT ( 'NONE',  ( -6.249999999999998224, 7.499999999999994671, -6.250000000000000000 ) ) ;
#1115 = DIRECTION ( 'NONE',  ( 0.000000000000000000, 0.000000000000000000, 1.000000000000000000 ) ) ;
#1116 = AXIS2_PLACEMENT_3D ( 'NONE', #2939, #1799, #3568 ) ;
#1117 = EDGE_LOOP ( 'NONE', ( #930, #6525 ) ) ;
#1118 = DIRECTION ( 'NONE',  ( -0.000000000000000000, 1.000000000000000000, -0.000000000000000000 ) ) ;
#1119 = ORIENTED_EDGE ( 'NONE', *, *, #2815, .T. ) ;
#1120 = EDGE_LOOP ( 'NONE', ( #357, #184 ) ) ;
#1121 = CONICAL_SURFACE ( 'NONE', #5270, 1.650000000000002132, 0.7853981633974576049 ) ;
#1122 = CARTESIAN_POINT ( 'NONE',  ( 31.25000000000000000, -2.000000000000000000, -20.40000000000009095 ) ) ;
#1123 = LINE ( 'NONE', #2934, #4401 ) ;
#1124 = ORIENTED_EDGE ( 'NONE', *, *, #7182, .T. ) ;
#1125 = CYLINDRICAL_SURFACE ( 'NONE', #7019, 2.399999999999999467 ) ;
#1126 = EDGE_CURVE ( 'NONE', #5535, #605, #13, .T. ) ;
#1127 = DIRECTION ( 'NONE',  ( 0.000000000000000000, -0.7071067811865449082, -0.7071067811865501263 ) ) ;
#1128 = ORIENTED_EDGE ( 'NONE', *, *, #3620, .F. ) ;
#1129 = DIRECTION ( 'NONE',  ( -0.000000000000000000, 1.000000000000000000, -0.000000000000000000 ) ) ;
#1130 = EDGE_LOOP ( 'NONE', ( #2831, #237, #2109, #6000 ) ) ;
#1131 = CIRCLE ( 'NONE', #2317, 3.899999999999997247 ) ;
#1132 = ADVANCED_FACE ( 'NONE', ( #4276 ), #3913, .F. ) ;
#1133 = ADVANCED_FACE ( 'NONE', ( #6832 ), #1444, .F. ) ;
#1134 = DIRECTION ( 'NONE',  ( 8.659560562354842879E-17, -0.7071067811865549002, 0.7071067811865401342 ) ) ;
#1135 = DIRECTION ( 'NONE',  ( 8.659560562354883554E-17, 0.7071067811865516806, -0.7071067811865434649 ) ) ;
#1136 = ORIENTED_EDGE ( 'NONE', *, *, #2729, .T. ) ;
#1137 = LINE ( 'NONE', #6301, #240 ) ;
#1138 = EDGE_CURVE ( 'NONE', #2061, #2016, #375, .T. ) ;
#1139 = EDGE_CURVE ( 'NONE', #141, #4606, #3392, .T. ) ;
#1140 = EDGE_CURVE ( 'NONE', #2159, #7114, #251, .T. ) ;
#1141 = CARTESIAN_POINT ( 'NONE',  ( -35.00000000000000711, 6.999999999999985789, -40.00000000000000711 ) ) ;
#1142 = FACE_OUTER_BOUND ( 'NONE', #4146, .T. ) ;
#1143 = CARTESIAN_POINT ( 'NONE',  ( -6.249999999999992895, 7.499999999999973355, 31.24999999999986500 ) ) ;
#1144 = ORIENTED_EDGE ( 'NONE', *, *, #2940, .F. ) ;
#1145 = DIRECTION ( 'NONE',  ( -1.734723475976807094E-16, 0.000000000000000000, -1.000000000000000000 ) ) ;
#1146 = DIRECTION ( 'NONE',  ( -0.000000000000000000, -1.000000000000000000, -0.000000000000000000 ) ) ;
#1147 = CONICAL_SURFACE ( 'NONE', #6138, 2.499999999999998668, 0.7853981633974400633 ) ;
#1148 = CARTESIAN_POINT ( 'NONE',  ( 31.25000000000004263, 0.000000000000000000, 18.74999999999999645 ) ) ;
#1149 = ORIENTED_EDGE ( 'NONE', *, *, #3550, .F. ) ;
#1150 = CARTESIAN_POINT ( 'NONE',  ( 31.25000000000008882, -2.000000000000000000, 31.24999999999999645 ) ) ;
#1151 = LINE ( 'NONE', #4605, #3393 ) ;
#1152 = ORIENTED_EDGE ( 'NONE', *, *, #183, .T. ) ;
#1153 = FACE_BOUND ( 'NONE', #6473, .T. ) ;
#1154 = ORIENTED_EDGE ( 'NONE', *, *, #3359, .T. ) ;
#1155 = ADVANCED_FACE ( 'NONE', ( #3186 ), #5460, .T. ) ;
#1156 = AXIS2_PLACEMENT_3D ( 'NONE', #5192, #3372, #32 ) ;
#1157 = ORIENTED_EDGE ( 'NONE', *, *, #3841, .F. ) ;
#1158 = AXIS2_PLACEMENT_3D ( 'NONE', #1148, #5603, #6276 ) ;
#1159 = CIRCLE ( 'NONE', #5309, 2.150000000000012790 ) ;
#1160 = CARTESIAN_POINT ( 'NONE',  ( 6.250000000000088818, -2.000000000000000000, 31.25000000000000000 ) ) ;
#1161 = AXIS2_PLACEMENT_3D ( 'NONE', #5738, #5810, #126 ) ;
#1162 = DIRECTION ( 'NONE',  ( 0.000000000000000000, 0.000000000000000000, 1.000000000000000000 ) ) ;
#1163 = ORIENTED_EDGE ( 'NONE', *, *, #838, .T. ) ;
#1164 = CARTESIAN_POINT ( 'NONE',  ( 31.24999999999999645, 3.000000000000000000, -31.25000000000008171 ) ) ;
#1165 = DIRECTION ( 'NONE',  ( 0.000000000000000000, 1.000000000000000000, 0.000000000000000000 ) ) ;
#1166 = ORIENTED_EDGE ( 'NONE', *, *, #4987, .F. ) ;
#1167 = FACE_BOUND ( 'NONE', #4916, .T. ) ;
#1168 = AXIS2_PLACEMENT_3D ( 'NONE', #4036, #6312, #1221 ) ;
#1169 = ORIENTED_EDGE ( 'NONE', *, *, #419, .T. ) ;
#1170 = VECTOR ( 'NONE', #1664, 1000.000000000000000 ) ;
#1171 = CARTESIAN_POINT ( 'NONE',  ( -18.74999999999999289, 0.5000000000000143219, 31.25000000000004263 ) ) ;
#1172 = FACE_OUTER_BOUND ( 'NONE', #3686, .T. ) ;
#1173 = ORIENTED_EDGE ( 'NONE', *, *, #1542, .T. ) ;
#1174 = CARTESIAN_POINT ( 'NONE',  ( -6.250000000000040856, 0.000000000000000000, -18.75000000000000355 ) ) ;
#1175 = EDGE_CURVE ( 'NONE', #1537, #3235, #2880, .T. ) ;
#1176 = EDGE_LOOP ( 'NONE', ( #70, #4609, #228, #2347 ) ) ;
#1177 = DIRECTION ( 'NONE',  ( 0.000000000000000000, -0.7071067811865474617, -0.7071067811865474617 ) ) ;
#1178 = DIRECTION ( 'NONE',  ( 0.000000000000000000, 0.000000000000000000, 1.000000000000000000 ) ) ;
#1179 = LINE ( 'NONE', #625, #1763 ) ;
#1180 = EDGE_LOOP ( 'NONE', ( #30, #5142, #898, #3805 ) ) ;
#1181 = LINE ( 'NONE', #4671, #3194 ) ;
#1182 = EDGE_CURVE ( 'NONE', #4606, #1859, #1205, .T. ) ;
#1183 = CARTESIAN_POINT ( 'NONE',  ( 35.00000000000000000, 1.000000000000000888, -35.00000000000000711 ) ) ;
#1184 = EDGE_CURVE ( 'NONE', #4140, #181, #4899, .T. ) ;
#1185 = AXIS2_PLACEMENT_3D ( 'NONE', #6010, #807, #2442 ) ;
#1186 = AXIS2_PLACEMENT_3D ( 'NONE', #2481, #4191, #6463 ) ;
#1187 = EDGE_CURVE ( 'NONE', #617, #2800, #6547, .T. ) ;
#1188 = LINE ( 'NONE', #2816, #3394 ) ;
#1189 = LINE ( 'NONE', #3444, #5116 ) ;
#1190 = CARTESIAN_POINT ( 'NONE',  ( -31.25000000000000000, -2.000000000000000000, 6.250000000000090594 ) ) ;
#1191 = ORIENTED_EDGE ( 'NONE', *, *, #6324, .T. ) ;
#1192 = FACE_BOUND ( 'NONE', #891, .T. ) ;
#1193 = VERTEX_POINT ( 'NONE', #2123 ) ;
#1194 = VECTOR ( 'NONE', #7041, 1000.000000000000114 ) ;
#1195 = ORIENTED_EDGE ( 'NONE', *, *, #4815, .T. ) ;
#1196 = CARTESIAN_POINT ( 'NONE',  ( -31.24999999999986500, 0.000000000000000000, -6.249999999999998224 ) ) ;
#1197 = DIRECTION ( 'NONE',  ( 0.000000000000000000, 0.000000000000000000, 1.000000000000000000 ) ) ;
#1198 = VERTEX_POINT ( 'NONE', #4557 ) ;
#1199 = CARTESIAN_POINT ( 'NONE',  ( 18.75000000000000355, 0.000000000000000000, -4.100000000000056488 ) ) ;
#1200 = CARTESIAN_POINT ( 'NONE',  ( -18.75000000000000000, 7.499999999999984013, 18.75000000000004263 ) ) ;
#1201 = ORIENTED_EDGE ( 'NONE', *, *, #3881, .T. ) ;
#1202 = DIRECTION ( 'NONE',  ( 0.000000000000000000, 0.000000000000000000, 1.000000000000000000 ) ) ;
#1203 = ORIENTED_EDGE ( 'NONE', *, *, #6130, .F. ) ;
#1204 = AXIS2_PLACEMENT_3D ( 'NONE', #1040, #2166, #7210 ) ;
#1205 = CIRCLE ( 'NONE', #1802, 1.649999999999998579 ) ;
#1206 = LINE ( 'NONE', #3608, #1812 ) ;
#1207 = CARTESIAN_POINT ( 'NONE',  ( -6.250000000000084377, 0.000000000000000000, -31.25000000000000000 ) ) ;
#1208 = CIRCLE ( 'NONE', #7256, 2.149999999999999023 ) ;
#1209 = ORIENTED_EDGE ( 'NONE', *, *, #5865, .F. ) ;
#1210 = AXIS2_PLACEMENT_3D ( 'NONE', #4776, #3473, #6305 ) ;
#1211 = ORIENTED_EDGE ( 'NONE', *, *, #5766, .F. ) ;
#1212 = DIRECTION ( 'NONE',  ( 0.000000000000000000, 0.000000000000000000, -1.000000000000000000 ) ) ;
#1213 = ORIENTED_EDGE ( 'NONE', *, *, #7045, .T. ) ;
#1214 = CONICAL_SURFACE ( 'NONE', #6082, 1.650000000000003020, 0.7853981633974568277 ) ;
#1215 = DIRECTION ( 'NONE',  ( 0.000000000000000000, 0.000000000000000000, 1.000000000000000000 ) ) ;
#1216 = CARTESIAN_POINT ( 'NONE',  ( 18.75000000000004263, 8.000000000000000000, 18.75000000000000000 ) ) ;
#1217 = EDGE_CURVE ( 'NONE', #1295, #2508, #3563, .T. ) ;
#1218 = DIRECTION ( 'NONE',  ( -0.000000000000000000, 1.000000000000000000, -0.000000000000000000 ) ) ;
#1219 = EDGE_LOOP ( 'NONE', ( #2530, #1955, #7155, #5094 ) ) ;
#1220 = PLANE ( 'NONE',  #3144 ) ;
#1221 = DIRECTION ( 'NONE',  ( 0.000000000000000000, 0.000000000000000000, 1.000000000000000000 ) ) ;
#1222 = ADVANCED_FACE ( 'NONE', ( #3429 ), #1735, .F. ) ;
#1223 = DIRECTION ( 'NONE',  ( 0.000000000000000000, 0.000000000000000000, 1.000000000000000000 ) ) ;
#1224 = EDGE_CURVE ( 'NONE', #3797, #2227, #2839, .T. ) ;
#1225 = DIRECTION ( 'NONE',  ( 0.000000000000000000, 0.000000000000000000, 1.000000000000000000 ) ) ;
#1226 = CYLINDRICAL_SURFACE ( 'NONE', #6024, 1.649999999999998579 ) ;
#1227 = ORIENTED_EDGE ( 'NONE', *, *, #2323, .T. ) ;
#1228 = PLANE ( 'NONE',  #5868 ) ;
#1229 = ORIENTED_EDGE ( 'NONE', *, *, #5332, .F. ) ;
#1230 = VERTEX_POINT ( 'NONE', #409 ) ;
#1231 = EDGE_CURVE ( 'NONE', #6412, #2219, #5945, .T. ) ;
#1232 = DIRECTION ( 'NONE',  ( 0.000000000000000000, 0.7071067811865516806, 0.7071067811865434649 ) ) ;
#1233 = ADVANCED_FACE ( 'NONE', ( #2671 ), #3806, .F. ) ;
#1234 = CARTESIAN_POINT ( 'NONE',  ( 18.75000000000000355, 8.000000000000000000, -15.75000000000003908 ) ) ;
#1235 = EDGE_LOOP ( 'NONE', ( #2012, #7284, #1325, #7071 ) ) ;
#1236 = DIRECTION ( 'NONE',  ( 0.000000000000000000, 0.000000000000000000, 1.000000000000000000 ) ) ;
#1237 = DIRECTION ( 'NONE',  ( 0.000000000000000000, 1.000000000000000000, 0.000000000000000000 ) ) ;
#1238 = EDGE_LOOP ( 'NONE', ( #1089, #2742, #1929, #1092 ) ) ;
#1239 = DIRECTION ( 'NONE',  ( 0.000000000000000000, 0.000000000000000000, 1.000000000000000000 ) ) ;
#1240 = ORIENTED_EDGE ( 'NONE', *, *, #5074, .F. ) ;
#1241 = CIRCLE ( 'NONE', #4078, 2.149999999999999023 ) ;
#1242 = CARTESIAN_POINT ( 'NONE',  ( 6.250000000000000000, 7.499999999999998224, -7.900000000000000355 ) ) ;
#1243 = CARTESIAN_POINT ( 'NONE',  ( 18.75000000000000355, -2.000000000000000000, -18.75000000000004263 ) ) ;
#1244 = VECTOR ( 'NONE', #5503, 999.9999999999998863 ) ;
#1245 = ORIENTED_EDGE ( 'NONE', *, *, #1126, .T. ) ;
#1246 = ORIENTED_EDGE ( 'NONE', *, *, #5898, .T. ) ;
#1247 = EDGE_CURVE ( 'NONE', #258, #6476, #3361, .T. ) ;
#1248 = DIRECTION ( 'NONE',  ( 0.000000000000000000, 0.000000000000000000, 1.000000000000000000 ) ) ;
#1249 = CIRCLE ( 'NONE', #5999, 1.649999999999995248 ) ;
#1250 = ORIENTED_EDGE ( 'NONE', *, *, #6455, .F. ) ;
#1251 = LINE ( 'NONE', #4667, #3215 ) ;
#1252 = CARTESIAN_POINT ( 'NONE',  ( 6.250000000000088818, 7.499999999999998224, 32.90000000000000568 ) ) ;
#1253 = ORIENTED_EDGE ( 'NONE', *, *, #2499, .T. ) ;
#1254 = CARTESIAN_POINT ( 'NONE',  ( -18.75000000000000355, 0.5000000000000047740, 6.250000000000043521 ) ) ;
#1255 = CYLINDRICAL_SURFACE ( 'NONE', #468, 5.000000000000000888 ) ;
#1256 = DIRECTION ( 'NONE',  ( -0.000000000000000000, -1.000000000000000000, -0.000000000000000000 ) ) ;
#1257 = CARTESIAN_POINT ( 'NONE',  ( 31.25000000000008882, 0.000000000000000000, 34.15000000000001279 ) ) ;
#1258 = VERTEX_POINT ( 'NONE', #1700 ) ;
#1259 = CARTESIAN_POINT ( 'NONE',  ( -18.75000000000000355, 8.000000000000000000, 4.100000000000030731 ) ) ;
#1260 = ORIENTED_EDGE ( 'NONE', *, *, #874, .T. ) ;
#1261 = ORIENTED_EDGE ( 'NONE', *, *, #4326, .F. ) ;
#1262 = AXIS2_PLACEMENT_3D ( 'NONE', #4212, #5329, #3165 ) ;
#1263 = EDGE_CURVE ( 'NONE', #1295, #188, #5065, .T. ) ;
#1264 = FACE_OUTER_BOUND ( 'NONE', #2031, .T. ) ;
#1265 = DIRECTION ( 'NONE',  ( 0.000000000000000000, 0.000000000000000000, 1.000000000000000000 ) ) ;
#1266 = VERTEX_POINT ( 'NONE', #1141 ) ;
#1267 = CARTESIAN_POINT ( 'NONE',  ( 31.25000000000008882, 3.000000000000000000, 27.34999999999999787 ) ) ;
#1268 = AXIS2_PLACEMENT_3D ( 'NONE', #5652, #1165, #4544 ) ;
#1269 = CARTESIAN_POINT ( 'NONE',  ( -6.249999999999996447, -2.000000000000000000, 20.39999999999999503 ) ) ;
#1270 = AXIS2_PLACEMENT_3D ( 'NONE', #4886, #4735, #1402 ) ;
#1271 = ORIENTED_EDGE ( 'NONE', *, *, #3209, .T. ) ;
#1272 = LINE ( 'NONE', #1871, #50 ) ;
#1273 = ORIENTED_EDGE ( 'NONE', *, *, #2139, .T. ) ;
#1274 = EDGE_CURVE ( 'NONE', #4842, #7215, #22, .T. ) ;
#1275 = EDGE_CURVE ( 'NONE', #6986, #1521, #4593, .T. ) ;
#1276 = AXIS2_PLACEMENT_3D ( 'NONE', #1655, #3905, #3354 ) ;
#1277 = FACE_OUTER_BOUND ( 'NONE', #4156, .T. ) ;
#1278 = DIRECTION ( 'NONE',  ( -0.000000000000000000, 1.000000000000000000, -0.000000000000000000 ) ) ;
#1279 = DIRECTION ( 'NONE',  ( -0.000000000000000000, -1.000000000000000000, -0.000000000000000000 ) ) ;
#1280 = ADVANCED_FACE ( 'NONE', ( #6906 ), #5228, .F. ) ;
#1281 = ORIENTED_EDGE ( 'NONE', *, *, #2852, .T. ) ;
#1282 = VERTEX_POINT ( 'NONE', #3541 ) ;
#1283 = DIRECTION ( 'NONE',  ( 0.000000000000000000, 1.000000000000000000, 0.000000000000000000 ) ) ;
#1284 = VERTEX_POINT ( 'NONE', #1327 ) ;
#1285 = CC_DESIGN_APPROVAL ( #6548, ( #501 ) ) ;
#1286 = DIRECTION ( 'NONE',  ( -1.000000000000000000, 0.000000000000000000, 0.000000000000000000 ) ) ;
#1287 = ORIENTED_EDGE ( 'NONE', *, *, #3978, .F. ) ;
#1288 = DIRECTION ( 'NONE',  ( 0.000000000000000000, 0.000000000000000000, -1.000000000000000000 ) ) ;
#1289 = APPROVAL_STATUS ( 'not_yet_approved' ) ;
#1290 = ORIENTED_EDGE ( 'NONE', *, *, #5217, .T. ) ;
#1291 = DIRECTION ( 'NONE',  ( 0.000000000000000000, 1.000000000000000000, 0.000000000000000000 ) ) ;
#1292 = DIRECTION ( 'NONE',  ( -0.000000000000000000, 1.000000000000000000, -0.000000000000000000 ) ) ;
#1293 = LINE ( 'NONE', #2262, #5236 ) ;
#1294 = CARTESIAN_POINT ( 'NONE',  ( -31.24999999999986500, 8.000000000000000000, -4.100000000000123990 ) ) ;
#1295 = VERTEX_POINT ( 'NONE', #659 ) ;
#1296 = FACE_BOUND ( 'NONE', #4507, .T. ) ;
#1297 = ORIENTED_EDGE ( 'NONE', *, *, #1592, .T. ) ;
#1298 = EDGE_LOOP ( 'NONE', ( #3038, #1609 ) ) ;
#1299 = CONICAL_SURFACE ( 'NONE', #3786, 1.650000000000002132, 0.7853981633974572718 ) ;
#1300 = AXIS2_PLACEMENT_3D ( 'NONE', #5558, #2151, #327 ) ;
#1301 = DIRECTION ( 'NONE',  ( 0.000000000000000000, 1.000000000000000000, 0.000000000000000000 ) ) ;
#1302 = CARTESIAN_POINT ( 'NONE',  ( 31.25000000000000000, 3.000000000000000000, -31.25000000000008171 ) ) ;
#1303 = ORIENTED_EDGE ( 'NONE', *, *, #4182, .T. ) ;
#1304 = DIRECTION ( 'NONE',  ( -0.000000000000000000, -1.000000000000000000, -0.000000000000000000 ) ) ;
#1305 = AXIS2_PLACEMENT_3D ( 'NONE', #832, #309, #6479 ) ;
#1306 = CARTESIAN_POINT ( 'NONE',  ( 31.25000000000000000, 0.4999999999999935052, -31.25000000000008171 ) ) ;
#1307 = ORIENTED_EDGE ( 'NONE', *, *, #2362, .T. ) ;
#1308 = CARTESIAN_POINT ( 'NONE',  ( -31.25000000000004263, 0.000000000000000000, -20.89999999999999858 ) ) ;
#1309 = CIRCLE ( 'NONE', #599, 1.649999999999869349 ) ;
#1310 = EDGE_CURVE ( 'NONE', #3087, #314, #6789, .T. ) ;
#1311 = ORIENTED_EDGE ( 'NONE', *, *, #3530, .F. ) ;
#1312 = VECTOR ( 'NONE', #2865, 1000.000000000000000 ) ;
#1313 = VECTOR ( 'NONE', #672, 1000.000000000000000 ) ;
#1314 = ADVANCED_FACE ( 'NONE', ( #5291 ), #1813, .F. ) ;
#1315 = DIRECTION ( 'NONE',  ( 0.000000000000000000, -1.000000000000000000, 0.000000000000000000 ) ) ;
#1316 = CARTESIAN_POINT ( 'NONE',  ( -31.25000000000000000, 0.000000000000000000, 6.250000000000090594 ) ) ;
#1317 = DIRECTION ( 'NONE',  ( 0.000000000000000000, 0.000000000000000000, 1.000000000000000000 ) ) ;
#1318 = ORIENTED_EDGE ( 'NONE', *, *, #7122, .F. ) ;
#1319 = EDGE_CURVE ( 'NONE', #4744, #2571, #1251, .T. ) ;
#1320 = AXIS2_PLACEMENT_3D ( 'NONE', #748, #5839, #5354 ) ;
#1321 = VECTOR ( 'NONE', #6888, 1000.000000000000000 ) ;
#1322 = AXIS2_PLACEMENT_3D ( 'NONE', #2251, #1532, #934 ) ;
#1323 = DIRECTION ( 'NONE',  ( 0.000000000000000000, 0.000000000000000000, 1.000000000000000000 ) ) ;
#1324 = ADVANCED_FACE ( 'NONE', ( #2992 ), #1922, .F. ) ;
#1325 = ORIENTED_EDGE ( 'NONE', *, *, #6998, .F. ) ;
#1326 = VECTOR ( 'NONE', #4218, 1000.000000000000000 ) ;
#1327 = CARTESIAN_POINT ( 'NONE',  ( 18.74999999999999645, 7.499999999999994671, -32.90000000000004121 ) ) ;
#1328 = ORIENTED_EDGE ( 'NONE', *, *, #3417, .F. ) ;
#1329 = CARTESIAN_POINT ( 'NONE',  ( 0.000000000000000000, 0.000000000000000000, 0.000000000000000000 ) ) ;
#1330 = EDGE_LOOP ( 'NONE', ( #4090, #4542, #5020, #5446 ) ) ;
#1331 = CARTESIAN_POINT ( 'NONE',  ( 18.75000000000000355, 7.499999999999987566, -18.75000000000004263 ) ) ;
#1332 = CARTESIAN_POINT ( 'NONE',  ( 31.25000000000008882, 3.000000000000000000, 35.14999999999999147 ) ) ;
#1333 = CIRCLE ( 'NONE', #1577, 2.149999999999999023 ) ;
#1334 = CONICAL_SURFACE ( 'NONE', #3819, 2.150000000000012790, 0.7853981633974541632 ) ;
#1335 = CIRCLE ( 'NONE', #147, 3.999999999999996447 ) ;
#1336 = CARTESIAN_POINT ( 'NONE',  ( -6.249999999999996447, 7.499999999999991118, 17.10000000000000497 ) ) ;
#1337 = DIRECTION ( 'NONE',  ( 0.000000000000000000, 1.000000000000000000, 0.000000000000000000 ) ) ;
#1338 = ORIENTED_EDGE ( 'NONE', *, *, #4940, .T. ) ;
#1339 = DIRECTION ( 'NONE',  ( 0.000000000000000000, 0.000000000000000000, 1.000000000000000000 ) ) ;
#1340 = EDGE_LOOP ( 'NONE', ( #1746, #6322, #4129, #991 ) ) ;
#1341 = ORIENTED_EDGE ( 'NONE', *, *, #4860, .F. ) ;
#1342 = EDGE_CURVE ( 'NONE', #2299, #5412, #4163, .T. ) ;
#1343 = DIRECTION ( 'NONE',  ( -0.000000000000000000, -1.000000000000000000, -0.000000000000000000 ) ) ;
#1344 = DIRECTION ( 'NONE',  ( -0.000000000000000000, -1.000000000000000000, -0.000000000000000000 ) ) ;
#1345 = VERTEX_POINT ( 'NONE', #5745 ) ;
#1346 = DIRECTION ( 'NONE',  ( 8.659560562354862600E-17, -0.7071067811865531239, 0.7071067811865417996 ) ) ;
#1347 = FACE_OUTER_BOUND ( 'NONE', #2367, .T. ) ;
#1348 = CONICAL_SURFACE ( 'NONE', #995, 1.650000000000002132, 0.7853981633974572718 ) ;
#1349 = VERTEX_POINT ( 'NONE', #4028 ) ;
#1350 = DIRECTION ( 'NONE',  ( -0.000000000000000000, -1.000000000000000000, -0.000000000000000000 ) ) ;
#1351 = VERTEX_POINT ( 'NONE', #5890 ) ;
#1352 = AXIS2_PLACEMENT_3D ( 'NONE', #1702, #5668, #4031 ) ;
#1353 = ADVANCED_FACE ( 'NONE', ( #5781 ), #3333, .F. ) ;
#1354 = CYLINDRICAL_SURFACE ( 'NONE', #2025, 1.650000000000002132 ) ;
#1355 = FACE_OUTER_BOUND ( 'NONE', #6105, .T. ) ;
#1356 = CARTESIAN_POINT ( 'NONE',  ( -6.249999999999996447, -2.000000000000000000, 17.10000000000000497 ) ) ;
#1357 = FACE_OUTER_BOUND ( 'NONE', #6887, .T. ) ;
#1358 = ORIENTED_EDGE ( 'NONE', *, *, #1275, .T. ) ;
#1359 = ORIENTED_EDGE ( 'NONE', *, *, #2987, .F. ) ;
#1360 = AXIS2_PLACEMENT_3D ( 'NONE', #6854, #5203, #6996 ) ;
#1361 = EDGE_CURVE ( 'NONE', #6573, #7140, #4763, .T. ) ;
#1362 = EDGE_CURVE ( 'NONE', #5532, #6821, #5256, .T. ) ;
#1363 = CONICAL_SURFACE ( 'NONE', #4083, 2.499999999999995115, 0.7853981633974400633 ) ;
#1364 = LINE ( 'NONE', #801, #856 ) ;
#1365 = CARTESIAN_POINT ( 'NONE',  ( 6.249999999999996447, 0.000000000000000000, -29.09999999999999432 ) ) ;
#1366 = ORIENTED_EDGE ( 'NONE', *, *, #1407, .T. ) ;
#1367 = SECURITY_CLASSIFICATION_LEVEL ( 'unclassified' ) ;
#1368 = EDGE_CURVE ( 'NONE', #3739, #6357, #1807, .T. ) ;
#1369 = ORIENTED_EDGE ( 'NONE', *, *, #1973, .T. ) ;
#1370 = CARTESIAN_POINT ( 'NONE',  ( 6.250000000000043521, 7.499999999999994671, 18.75000000000000355 ) ) ;
#1371 = CARTESIAN_POINT ( 'NONE',  ( 6.250000000000000000, 0.000000000000000000, -6.249999999999998224 ) ) ;
#1372 = CIRCLE ( 'NONE', #5873, 1.649999999999998579 ) ;
#1373 = EDGE_CURVE ( 'NONE', #4842, #4664, #2402, .T. ) ;
#1374 = ADVANCED_FACE ( 'NONE', ( #6973 ), #7139, .F. ) ;
#1375 = FACE_OUTER_BOUND ( 'NONE', #967, .T. ) ;
#1376 = EDGE_CURVE ( 'NONE', #2137, #1437, #5364, .T. ) ;
#1377 = DIRECTION ( 'NONE',  ( 0.000000000000000000, 0.000000000000000000, 1.000000000000000000 ) ) ;
#1378 = ORIENTED_EDGE ( 'NONE', *, *, #737, .T. ) ;
#1379 = DIRECTION ( 'NONE',  ( 0.000000000000000000, 1.000000000000000000, 0.000000000000000000 ) ) ;
#1380 = ORIENTED_EDGE ( 'NONE', *, *, #5283, .F. ) ;
#1381 = ORIENTED_EDGE ( 'NONE', *, *, #869, .F. ) ;
#1382 = CARTESIAN_POINT ( 'NONE',  ( -18.75000000000000000, 8.000000000000000000, 18.75000000000004263 ) ) ;
#1383 = FACE_BOUND ( 'NONE', #7129, .T. ) ;
#1384 = ORIENTED_EDGE ( 'NONE', *, *, #3550, .T. ) ;
#1385 = CARTESIAN_POINT ( 'NONE',  ( 18.75000000000000000, 0.4999999999999982792, 4.600000000000002309 ) ) ;
#1386 = EDGE_CURVE ( 'NONE', #2845, #4658, #4051, .T. ) ;
#1387 = DIRECTION ( 'NONE',  ( 0.000000000000000000, 0.000000000000000000, 1.000000000000000000 ) ) ;
#1388 = ORIENTED_EDGE ( 'NONE', *, *, #1224, .T. ) ;
#1389 = LINE ( 'NONE', #980, #3137 ) ;
#1390 = AXIS2_PLACEMENT_3D ( 'NONE', #2068, #6677, #5578 ) ;
#1391 = ORIENTED_EDGE ( 'NONE', *, *, #311, .F. ) ;
#1392 = CIRCLE ( 'NONE', #3159, 2.499999999999995115 ) ;
#1393 = CARTESIAN_POINT ( 'NONE',  ( 18.74999999999999645, 7.499999999999994671, -31.25000000000004263 ) ) ;
#1394 = AXIS2_PLACEMENT_3D ( 'NONE', #3025, #2514, #4258 ) ;
#1395 = DIRECTION ( 'NONE',  ( 0.000000000000000000, 0.000000000000000000, 1.000000000000000000 ) ) ;
#1396 = DIRECTION ( 'NONE',  ( 0.000000000000000000, 0.000000000000000000, 1.000000000000000000 ) ) ;
#1397 = DIRECTION ( 'NONE',  ( 0.000000000000000000, 0.000000000000000000, 1.000000000000000000 ) ) ;
#1398 = EDGE_LOOP ( 'NONE', ( #3405, #2193, #5693, #5160 ) ) ;
#1399 = ORIENTED_EDGE ( 'NONE', *, *, #4545, .T. ) ;
#1400 = CARTESIAN_POINT ( 'NONE',  ( -6.249999999999998224, -2.000000000000000000, -4.599999999999999645 ) ) ;
#1401 = AXIS2_PLACEMENT_3D ( 'NONE', #5669, #2775, #4520 ) ;
#1402 = DIRECTION ( 'NONE',  ( 0.000000000000000000, 0.000000000000000000, -1.000000000000000000 ) ) ;
#1403 = CIRCLE ( 'NONE', #671, 2.149999999999860467 ) ;
#1404 = ORIENTED_EDGE ( 'NONE', *, *, #360, .T. ) ;
#1405 = ORIENTED_EDGE ( 'NONE', *, *, #1625, .F. ) ;
#1406 = DIRECTION ( 'NONE',  ( 0.000000000000000000, 1.000000000000000000, 0.000000000000000000 ) ) ;
#1407 = EDGE_CURVE ( 'NONE', #171, #1554, #3571, .T. ) ;
#1408 = VECTOR ( 'NONE', #4705, 1000.000000000000114 ) ;
#1409 = LINE ( 'NONE', #3512, #4266 ) ;
#1410 = EDGE_CURVE ( 'NONE', #910, #4535, #1364, .T. ) ;
#1411 = DIRECTION ( 'NONE',  ( -0.000000000000000000, 1.000000000000000000, -0.000000000000000000 ) ) ;
#1412 = DIRECTION ( 'NONE',  ( -0.000000000000000000, -1.000000000000000000, -0.000000000000000000 ) ) ;
#1413 = EDGE_LOOP ( 'NONE', ( #2764, #3134, #5322, #2797 ) ) ;
#1414 = DIRECTION ( 'NONE',  ( 0.000000000000000000, 1.000000000000000000, 0.000000000000000000 ) ) ;
#1415 = EDGE_CURVE ( 'NONE', #141, #3564, #6794, .T. ) ;
#1416 = EDGE_LOOP ( 'NONE', ( #2977, #1069, #56, #4608 ) ) ;
#1417 = ADVANCED_FACE ( 'NONE', ( #7193 ), #3099, .F. ) ;
#1418 = CARTESIAN_POINT ( 'NONE',  ( -31.25000000000000000, 7.499999999999998224, 7.900000000000092726 ) ) ;
#1419 = DIRECTION ( 'NONE',  ( 0.000000000000000000, 0.000000000000000000, 1.000000000000000000 ) ) ;
#1420 = ORIENTED_EDGE ( 'NONE', *, *, #3765, .T. ) ;
#1421 = DIRECTION ( 'NONE',  ( -0.000000000000000000, 1.000000000000000000, -0.000000000000000000 ) ) ;
#1422 = CARTESIAN_POINT ( 'NONE',  ( 6.249999999999998224, -2.000000000000000000, 4.599999999999996980 ) ) ;
#1423 = ORIENTED_EDGE ( 'NONE', *, *, #6866, .T. ) ;
#1424 = DIRECTION ( 'NONE',  ( 0.000000000000000000, 0.000000000000000000, 1.000000000000000000 ) ) ;
#1425 = ORIENTED_EDGE ( 'NONE', *, *, #2996, .F. ) ;
#1426 = ORIENTED_EDGE ( 'NONE', *, *, #4987, .T. ) ;
#1427 = CIRCLE ( 'NONE', #1186, 2.149999999999995470 ) ;
#1428 = AXIS2_PLACEMENT_3D ( 'NONE', #1393, #3643, #3091 ) ;
#1429 = CARTESIAN_POINT ( 'NONE',  ( -31.24999999999999289, 0.000000000000000000, 28.35000000000007603 ) ) ;
#1430 = LINE ( 'NONE', #233, #2840 ) ;
#1431 = CONICAL_SURFACE ( 'NONE', #4396, 3.000000000000002665, 0.7853981633974466137 ) ;
#1432 = CARTESIAN_POINT ( 'NONE',  ( -31.25000000000008171, -2.000000000000000000, -31.25000000000000000 ) ) ;
#1433 = LINE ( 'NONE', #3685, #6012 ) ;
#1434 = ORIENTED_EDGE ( 'NONE', *, *, #3274, .F. ) ;
#1435 = LINE ( 'NONE', #6977, #2418 ) ;
#1436 = ORIENTED_EDGE ( 'NONE', *, *, #4169, .F. ) ;
#1437 = VERTEX_POINT ( 'NONE', #3138 ) ;
#1438 = AXIS2_PLACEMENT_3D ( 'NONE', #5762, #526, #1162 ) ;
#1439 = LINE ( 'NONE', #2583, #3221 ) ;
#1440 = CIRCLE ( 'NONE', #1564, 2.149999999999870681 ) ;
#1441 = DIRECTION ( 'NONE',  ( -0.000000000000000000, 1.000000000000000000, -0.000000000000000000 ) ) ;
#1442 = AXIS2_PLACEMENT_3D ( 'NONE', #6073, #2239, #5614 ) ;
#1443 = ORIENTED_EDGE ( 'NONE', *, *, #7267, .T. ) ;
#1444 = CONICAL_SURFACE ( 'NONE', #7248, 2.150000000000012790, 0.7853981633974541632 ) ;
#1445 = SHAPE_DEFINITION_REPRESENTATION ( #4338, #1899 ) ;
#1446 = VERTEX_POINT ( 'NONE', #953 ) ;
#1447 = DIRECTION ( 'NONE',  ( 0.000000000000000000, 0.000000000000000000, 1.000000000000000000 ) ) ;
#1448 = DIRECTION ( 'NONE',  ( 8.659560562354845344E-17, -0.7071067811865546782, 0.7071067811865403563 ) ) ;
#1449 = VECTOR ( 'NONE', #5987, 1000.000000000000114 ) ;
#1450 = CONICAL_SURFACE ( 'NONE', #1683, 2.149999999999999023, 0.7853981633974380649 ) ;
#1451 = EDGE_CURVE ( 'NONE', #2768, #6507, #6609, .T. ) ;
#1452 = CARTESIAN_POINT ( 'NONE',  ( 6.249999999999998224, 8.000000000000000000, 4.099999999999986322 ) ) ;
#1453 = CYLINDRICAL_SURFACE ( 'NONE', #3401, 1.650000000000002132 ) ;
#1454 = AXIS2_PLACEMENT_3D ( 'NONE', #3658, #6013, #2593 ) ;
#1455 = ORIENTED_EDGE ( 'NONE', *, *, #7307, .T. ) ;
#1456 = DIRECTION ( 'NONE',  ( -0.000000000000000000, -1.000000000000000000, -0.000000000000000000 ) ) ;
#1457 = VECTOR ( 'NONE', #6410, 999.9999999999998863 ) ;
#1458 = ORIENTED_EDGE ( 'NONE', *, *, #6005, .F. ) ;
#1459 = EDGE_CURVE ( 'NONE', #3705, #7114, #5929, .T. ) ;
#1460 = VECTOR ( 'NONE', #4999, 1000.000000000000114 ) ;
#1461 = VECTOR ( 'NONE', #1581, 1000.000000000000000 ) ;
#1462 = CARTESIAN_POINT ( 'NONE',  ( -31.25000000000000000, 7.499999999999984013, 18.75000000000009237 ) ) ;
#1463 = FACE_OUTER_BOUND ( 'NONE', #4494, .T. ) ;
#1464 = ORIENTED_EDGE ( 'NONE', *, *, #3136, .F. ) ;
#1465 = FACE_OUTER_BOUND ( 'NONE', #4381, .T. ) ;
#1466 = CARTESIAN_POINT ( 'NONE',  ( 31.25000000000000000, -2.000000000000000000, -4.600000000000083134 ) ) ;
#1467 = VERTEX_POINT ( 'NONE', #6083 ) ;
#1468 = CARTESIAN_POINT ( 'NONE',  ( 31.25000000000004263, -2.000000000000000000, 20.39999999999999858 ) ) ;
#1469 = EDGE_LOOP ( 'NONE', ( #2102, #638, #7204, #981 ) ) ;
#1470 = EDGE_CURVE ( 'NONE', #6780, #1885, #913, .T. ) ;
#1471 = EDGE_CURVE ( 'NONE', #2871, #3230, #3173, .T. ) ;
#1472 = CARTESIAN_POINT ( 'NONE',  ( -6.249999999999996447, 0.000000000000000000, 16.60000000000000497 ) ) ;
#1473 = DIRECTION ( 'NONE',  ( 8.659560562354982162E-17, -0.7071067811865435759, 0.7071067811865515695 ) ) ;
#1474 = DIRECTION ( 'NONE',  ( 0.000000000000000000, 1.000000000000000000, 0.000000000000000000 ) ) ;
#1475 = FACE_OUTER_BOUND ( 'NONE', #2471, .T. ) ;
#1476 = ORIENTED_EDGE ( 'NONE', *, *, #5254, .T. ) ;
#1477 = CARTESIAN_POINT ( 'NONE',  ( -6.250000000000040856, 7.499999999999994671, -18.75000000000000355 ) ) ;
#1478 = ORIENTED_EDGE ( 'NONE', *, *, #900, .F. ) ;
#1479 = ORIENTED_EDGE ( 'NONE', *, *, #7224, .T. ) ;
#1480 = AXIS2_PLACEMENT_3D ( 'NONE', #2103, #5438, #7191 ) ;
#1481 = CARTESIAN_POINT ( 'NONE',  ( -40.00000000000000711, 1.000000000000000888, -35.00000000000000711 ) ) ;
#1482 = LINE ( 'NONE', #6457, #5779 ) ;
#1483 = AXIS2_PLACEMENT_3D ( 'NONE', #3462, #2425, #6402 ) ;
#1484 = VERTEX_POINT ( 'NONE', #2036 ) ;
#1485 = ADVANCED_FACE ( 'NONE', ( #7048 ), #1450, .F. ) ;
#1486 = VERTEX_POINT ( 'NONE', #6575 ) ;
#1487 = CARTESIAN_POINT ( 'NONE',  ( -31.24999999999999289, 3.000000000000000000, 31.25000000000008882 ) ) ;
#1488 = DIRECTION ( 'NONE',  ( -0.000000000000000000, -1.000000000000000000, -0.000000000000000000 ) ) ;
#1489 = AXIS2_PLACEMENT_3D ( 'NONE', #1894, #5794, #700 ) ;
#1490 = CYLINDRICAL_SURFACE ( 'NONE', #982, 1.649999999999998579 ) ;
#1491 = FACE_OUTER_BOUND ( 'NONE', #1690, .T. ) ;
#1492 = AXIS2_PLACEMENT_3D ( 'NONE', #2597, #4858, #7130 ) ;
#1493 = ORIENTED_EDGE ( 'NONE', *, *, #2544, .F. ) ;
#1494 = DIRECTION ( 'NONE',  ( 0.000000000000000000, 1.000000000000000000, 0.000000000000000000 ) ) ;
#1495 = ORIENTED_EDGE ( 'NONE', *, *, #4226, .T. ) ;
#1496 = CARTESIAN_POINT ( 'NONE',  ( 18.75000000000004263, 7.499999999999984013, 16.25000000000000355 ) ) ;
#1497 = DIRECTION ( 'NONE',  ( 0.000000000000000000, 0.000000000000000000, 1.000000000000000000 ) ) ;
#1498 = ORIENTED_EDGE ( 'NONE', *, *, #2991, .F. ) ;
#1499 = CARTESIAN_POINT ( 'NONE',  ( 18.74999999999999645, 0.000000000000000000, -31.25000000000004263 ) ) ;
#1500 = DIRECTION ( 'NONE',  ( 0.000000000000000000, 0.000000000000000000, 1.000000000000000000 ) ) ;
#1501 = ORIENTED_EDGE ( 'NONE', *, *, #6327, .F. ) ;
#1502 = CARTESIAN_POINT ( 'NONE',  ( 6.250000000000043521, 0.5000000000000108802, 20.40000000000000213 ) ) ;
#1503 = ORIENTED_EDGE ( 'NONE', *, *, #4186, .T. ) ;
#1504 = ADVANCED_FACE ( 'NONE', ( #5374 ), #4647, .F. ) ;
#1505 = DIRECTION ( 'NONE',  ( 0.000000000000000000, 0.000000000000000000, 1.000000000000000000 ) ) ;
#1506 = CYLINDRICAL_SURFACE ( 'NONE', #1912, 2.399999999999999467 ) ;
#1507 = LINE ( 'NONE', #2649, #2990 ) ;
#1508 = DIRECTION ( 'NONE',  ( 0.000000000000000000, 0.000000000000000000, 1.000000000000000000 ) ) ;
#1509 = EDGE_LOOP ( 'NONE', ( #3852, #2565, #2063, #1229 ) ) ;
#1510 = CARTESIAN_POINT ( 'NONE',  ( -6.249999999999999112, 0.000000000000000000, 6.249999999999998224 ) ) ;
#1511 = EDGE_CURVE ( 'NONE', #3634, #6958, #1961, .T. ) ;
#1512 = ORIENTED_EDGE ( 'NONE', *, *, #360, .F. ) ;
#1513 = VERTEX_POINT ( 'NONE', #2549 ) ;
#1514 = EDGE_CURVE ( 'NONE', #1519, #3470, #3650, .T. ) ;
#1515 = AXIS2_PLACEMENT_3D ( 'NONE', #5842, #6516, #3673 ) ;
#1516 = EDGE_CURVE ( 'NONE', #4220, #358, #1439, .T. ) ;
#1517 = CARTESIAN_POINT ( 'NONE',  ( -31.25000000000004263, 0.5000000000000108802, -20.39999999999999858 ) ) ;
#1518 = CARTESIAN_POINT ( 'NONE',  ( 31.25000000000000000, -2.000000000000000000, -18.75000000000008882 ) ) ;
#1519 = VERTEX_POINT ( 'NONE', #1517 ) ;
#1520 = AXIS2_PLACEMENT_3D ( 'NONE', #5930, #5409, #4845 ) ;
#1521 = VERTEX_POINT ( 'NONE', #1481 ) ;
#1522 = CARTESIAN_POINT ( 'NONE',  ( 18.75000000000000000, -2.000000000000000000, 6.249999999999997335 ) ) ;
#1523 = DIRECTION ( 'NONE',  ( 0.000000000000000000, 1.000000000000000000, 0.000000000000000000 ) ) ;
#1524 = CONICAL_SURFACE ( 'NONE', #92, 3.999999999999982681, 0.7853981633974496113 ) ;
#1525 = CONICAL_SURFACE ( 'NONE', #2581, 1.650000000000002132, 0.7853981633974425058 ) ;
#1526 = DIRECTION ( 'NONE',  ( 0.000000000000000000, 0.000000000000000000, 1.000000000000000000 ) ) ;
#1527 = VECTOR ( 'NONE', #5148, 1000.000000000000000 ) ;
#1528 = DIRECTION ( 'NONE',  ( 0.000000000000000000, 0.000000000000000000, 1.000000000000000000 ) ) ;
#1529 = VERTEX_POINT ( 'NONE', #7116 ) ;
#1530 = DIRECTION ( 'NONE',  ( 0.000000000000000000, 0.7071067811865533459, 0.7071067811865416886 ) ) ;
#1531 = ORIENTED_EDGE ( 'NONE', *, *, #5450, .F. ) ;
#1532 = DIRECTION ( 'NONE',  ( 0.000000000000000000, 1.000000000000000000, 0.000000000000000000 ) ) ;
#1533 = DIRECTION ( 'NONE',  ( 0.000000000000000000, 0.000000000000000000, 1.000000000000000000 ) ) ;
#1534 = EDGE_LOOP ( 'NONE', ( #1405, #1009, #3303, #6067 ) ) ;
#1535 = DIRECTION ( 'NONE',  ( 0.000000000000000000, 1.000000000000000000, 0.000000000000000000 ) ) ;
#1536 = CARTESIAN_POINT ( 'NONE',  ( -6.249999999999998224, 0.000000000000000000, -8.400000000000012790 ) ) ;
#1537 = VERTEX_POINT ( 'NONE', #4257 ) ;
#1538 = DIRECTION ( 'NONE',  ( 0.000000000000000000, 1.000000000000000000, 0.000000000000000000 ) ) ;
#1539 = VERTEX_POINT ( 'NONE', #3100 ) ;
#1540 = CARTESIAN_POINT ( 'NONE',  ( -31.25000000000000000, 7.499999999999984013, 20.40000000000009450 ) ) ;
#1541 = LINE ( 'NONE', #3791, #242 ) ;
#1542 = EDGE_CURVE ( 'NONE', #6920, #1539, #730, .T. ) ;
#1543 = DIRECTION ( 'NONE',  ( 0.000000000000000000, 1.000000000000000000, 0.000000000000000000 ) ) ;
#1544 = DIRECTION ( 'NONE',  ( 0.000000000000000000, 0.000000000000000000, 1.000000000000000000 ) ) ;
#1545 = ORIENTED_EDGE ( 'NONE', *, *, #6903, .T. ) ;
#1546 = DIRECTION ( 'NONE',  ( -0.000000000000000000, -1.000000000000000000, -0.000000000000000000 ) ) ;
#1547 = ORIENTED_EDGE ( 'NONE', *, *, #4629, .T. ) ;
#1548 = AXIS2_PLACEMENT_3D ( 'NONE', #884, #5298, #4190 ) ;
#1549 = EDGE_CURVE ( 'NONE', #1827, #121, #7025, .T. ) ;
#1550 = AXIS2_PLACEMENT_3D ( 'NONE', #6046, #3218, #2700 ) ;
#1551 = ADVANCED_FACE ( 'NONE', ( #2694 ), #136, .F. ) ;
#1552 = CARTESIAN_POINT ( 'NONE',  ( -31.25000000000004263, 0.000000000000000000, -18.75000000000000000 ) ) ;
#1553 = CARTESIAN_POINT ( 'NONE',  ( 31.24999999999999645, 3.000000000000000000, -27.35000000000009024 ) ) ;
#1554 = VERTEX_POINT ( 'NONE', #3766 ) ;
#1555 = CARTESIAN_POINT ( 'NONE',  ( -6.250000000000084377, 7.499999999999994671, -29.60000000000000142 ) ) ;
#1556 = DIRECTION ( 'NONE',  ( 0.000000000000000000, 0.000000000000000000, 1.000000000000000000 ) ) ;
#1557 = VERTEX_POINT ( 'NONE', #283 ) ;
#1558 = ADVANCED_FACE ( 'NONE', ( #4808 ), #5234, .F. ) ;
#1559 = VECTOR ( 'NONE', #3969, 1000.000000000000000 ) ;
#1560 = CARTESIAN_POINT ( 'NONE',  ( 18.75000000000004263, 0.5000000000000095479, 21.24999999999999289 ) ) ;
#1561 = CARTESIAN_POINT ( 'NONE',  ( -31.25000000000000000, -2.000000000000000000, 18.75000000000009237 ) ) ;
#1562 = EDGE_LOOP ( 'NONE', ( #3048, #2792 ) ) ;
#1563 = CARTESIAN_POINT ( 'NONE',  ( -6.249999999999992895, 0.000000000000000000, 31.24999999999986500 ) ) ;
#1564 = AXIS2_PLACEMENT_3D ( 'NONE', #6132, #974, #1497 ) ;
#1565 = EDGE_LOOP ( 'NONE', ( #3348, #1366 ) ) ;
#1566 = CIRCLE ( 'NONE', #2054, 3.000000000000002665 ) ;
#1567 = AXIS2_PLACEMENT_3D ( 'NONE', #6938, #731, #6379 ) ;
#1568 = DIRECTION ( 'NONE',  ( -0.000000000000000000, 1.000000000000000000, -0.000000000000000000 ) ) ;
#1569 = AXIS2_PLACEMENT_3D ( 'NONE', #5056, #6258, #6790 ) ;
#1570 = EDGE_LOOP ( 'NONE', ( #5077, #5538, #3120, #1149 ) ) ;
#1571 = CYLINDRICAL_SURFACE ( 'NONE', #728, 1.650000000000005684 ) ;
#1572 = CARTESIAN_POINT ( 'NONE',  ( 31.25000000000004263, 7.499999999999998224, 18.74999999999999645 ) ) ;
#1573 = EDGE_LOOP ( 'NONE', ( #4511, #6254, #2435, #3341 ) ) ;
#1574 = DIRECTION ( 'NONE',  ( 0.000000000000000000, 1.000000000000000000, 0.000000000000000000 ) ) ;
#1575 = EDGE_CURVE ( 'NONE', #5561, #527, #6554, .T. ) ;
#1576 = ORIENTED_EDGE ( 'NONE', *, *, #6040, .T. ) ;
#1577 = AXIS2_PLACEMENT_3D ( 'NONE', #6277, #6948, #5754 ) ;
#1578 = CIRCLE ( 'NONE', #860, 2.149999999999856914 ) ;
#1579 = DIRECTION ( 'NONE',  ( -0.000000000000000000, -1.000000000000000000, -0.000000000000000000 ) ) ;
#1580 = DIRECTION ( 'NONE',  ( 0.000000000000000000, 0.000000000000000000, 1.000000000000000000 ) ) ;
#1581 = DIRECTION ( 'NONE',  ( 0.000000000000000000, -0.7071067811865435759, -0.7071067811865515695 ) ) ;
#1582 = CARTESIAN_POINT ( 'NONE',  ( -40.00000000000000711, 8.000000000000000000, -40.00000000000000711 ) ) ;
#1583 = ORIENTED_EDGE ( 'NONE', *, *, #3841, .T. ) ;
#1584 = CARTESIAN_POINT ( 'NONE',  ( -18.75000000000000000, -2.000000000000000000, -7.899999999999999467 ) ) ;
#1585 = FACE_OUTER_BOUND ( 'NONE', #3826, .T. ) ;
#1586 = CARTESIAN_POINT ( 'NONE',  ( -38.99999999999999289, 0.000000000000000000, 35.00000000000000000 ) ) ;
#1587 = VERTEX_POINT ( 'NONE', #570 ) ;
#1588 = ADVANCED_FACE ( 'NONE', ( #4509 ), #6192, .T. ) ;
#1589 = CARTESIAN_POINT ( 'NONE',  ( -6.249999999999998224, 7.499999999999994671, -7.900000000000000355 ) ) ;
#1590 = EDGE_CURVE ( 'NONE', #7145, #521, #18, .T. ) ;
#1591 = AXIS2_PLACEMENT_3D ( 'NONE', #3247, #315, #172 ) ;
#1592 = EDGE_CURVE ( 'NONE', #1715, #7052, #1059, .T. ) ;
#1593 = CARTESIAN_POINT ( 'NONE',  ( -31.25000000000000000, 8.000000000000000000, 18.75000000000009237 ) ) ;
#1594 = CARTESIAN_POINT ( 'NONE',  ( 6.250000000000000000, 8.000000000000000000, -4.099999999999985434 ) ) ;
#1595 = ORIENTED_EDGE ( 'NONE', *, *, #563, .T. ) ;
#1596 = DIRECTION ( 'NONE',  ( -0.000000000000000000, -1.000000000000000000, -0.000000000000000000 ) ) ;
#1597 = ADVANCED_FACE ( 'NONE', ( #3353 ), #618, .F. ) ;
#1598 = EDGE_LOOP ( 'NONE', ( #1358, #6845, #3517, #2553 ) ) ;
#1599 = AXIS2_PLACEMENT_3D ( 'NONE', #2497, #4758, #343 ) ;
#1600 = EDGE_CURVE ( 'NONE', #2527, #5556, #7292, .T. ) ;
#1601 = EDGE_CURVE ( 'NONE', #4533, #3863, #5714, .T. ) ;
#1602 = AXIS2_PLACEMENT_3D ( 'NONE', #4459, #4973, #417 ) ;
#1603 = DIRECTION ( 'NONE',  ( -0.000000000000000000, -1.000000000000000000, -0.000000000000000000 ) ) ;
#1604 = ORIENTED_EDGE ( 'NONE', *, *, #6131, .T. ) ;
#1605 = LINE ( 'NONE', #977, #2160 ) ;
#1606 = CARTESIAN_POINT ( 'NONE',  ( -18.75000000000000355, 7.499999999999998224, 6.250000000000043521 ) ) ;
#1607 = VERTEX_POINT ( 'NONE', #7262 ) ;
#1608 = CARTESIAN_POINT ( 'NONE',  ( -6.249999999999999112, 0.5000000000000056621, 4.599999999999996092 ) ) ;
#1609 = ORIENTED_EDGE ( 'NONE', *, *, #6066, .T. ) ;
#1610 = CIRCLE ( 'NONE', #5752, 1.649999999999869349 ) ;
#1611 = EDGE_CURVE ( 'NONE', #1748, #3739, #2145, .T. ) ;
#1612 = DIRECTION ( 'NONE',  ( -0.000000000000000000, 1.000000000000000000, -0.000000000000000000 ) ) ;
#1613 = DIRECTION ( 'NONE',  ( 0.000000000000000000, 1.000000000000000000, 0.000000000000000000 ) ) ;
#1614 = DIRECTION ( 'NONE',  ( 0.000000000000000000, 0.000000000000000000, 1.000000000000000000 ) ) ;
#1615 = CARTESIAN_POINT ( 'NONE',  ( 18.75000000000000000, -2.000000000000000000, 7.899999999999994138 ) ) ;
#1616 = ORIENTED_EDGE ( 'NONE', *, *, #2864, .F. ) ;
#1617 = DIRECTION ( 'NONE',  ( -0.000000000000000000, 1.000000000000000000, -0.000000000000000000 ) ) ;
#1618 = DIRECTION ( 'NONE',  ( 0.000000000000000000, 0.000000000000000000, 1.000000000000000000 ) ) ;
#1619 = LINE ( 'NONE', #2656, #1751 ) ;
#1620 = ORIENTED_EDGE ( 'NONE', *, *, #3678, .T. ) ;
#1621 = CONICAL_SURFACE ( 'NONE', #5552, 1.650000000000005684, 0.7853981633974425058 ) ;
#1622 = CARTESIAN_POINT ( 'NONE',  ( 18.75000000000008882, 7.499999999999998224, 32.89999999999999858 ) ) ;
#1623 = CIRCLE ( 'NONE', #4822, 1.649999999999998579 ) ;
#1624 = AXIS2_PLACEMENT_3D ( 'NONE', #1038, #6728, #6804 ) ;
#1625 = EDGE_CURVE ( 'NONE', #3925, #744, #3455, .T. ) ;
#1626 = FACE_OUTER_BOUND ( 'NONE', #6517, .T. ) ;
#1627 = FACE_OUTER_BOUND ( 'NONE', #1004, .T. ) ;
#1628 = ORIENTED_EDGE ( 'NONE', *, *, #2771, .F. ) ;
#1629 = DIRECTION ( 'NONE',  ( 0.000000000000000000, 0.7071067811865414665, 0.7071067811865536790 ) ) ;
#1630 = CYLINDRICAL_SURFACE ( 'NONE', #6634, 2.499999999999998668 ) ;
#1631 = CIRCLE ( 'NONE', #3875, 2.499999999999998668 ) ;
#1632 = VECTOR ( 'NONE', #5024, 1000.000000000000000 ) ;
#1633 = EDGE_CURVE ( 'NONE', #4560, #1519, #2164, .T. ) ;
#1634 = DIRECTION ( 'NONE',  ( 0.000000000000000000, 0.000000000000000000, 1.000000000000000000 ) ) ;
#1636 = EDGE_LOOP ( 'NONE', ( #2776, #4865 ) ) ;
#1635 = ADVANCED_FACE ( 'NONE', ( #1585 ), #3904, .F. ) ;
#1637 = DIRECTION ( 'NONE',  ( 8.659560562354977232E-17, -0.7071067811865440200, 0.7071067811865511255 ) ) ;
#1638 = AXIS2_PLACEMENT_3D ( 'NONE', #1561, #3814, #6093 ) ;
#1639 = FACE_OUTER_BOUND ( 'NONE', #1676, .T. ) ;
#1640 = AXIS2_PLACEMENT_3D ( 'NONE', #2650, #1055, #2721 ) ;
#1641 = EDGE_LOOP ( 'NONE', ( #1095, #3487 ) ) ;
#1642 = FACE_OUTER_BOUND ( 'NONE', #6059, .T. ) ;
#1643 = ORIENTED_EDGE ( 'NONE', *, *, #4082, .T. ) ;
#1644 = EDGE_CURVE ( 'NONE', #976, #4897, #7029, .T. ) ;
#1645 = LOCAL_TIME ( 10, 59, 10.00000000000000000, #5894 ) ;
#1646 = FACE_OUTER_BOUND ( 'NONE', #278, .T. ) ;
#1647 = FACE_OUTER_BOUND ( 'NONE', #6478, .T. ) ;
#1648 = ORIENTED_EDGE ( 'NONE', *, *, #3193, .T. ) ;
#1649 = DIRECTION ( 'NONE',  ( -0.000000000000000000, -1.000000000000000000, -0.000000000000000000 ) ) ;
#1650 = FACE_OUTER_BOUND ( 'NONE', #6555, .T. ) ;
#1651 = EDGE_LOOP ( 'NONE', ( #5820, #4754, #267, #7153 ) ) ;
#1652 = DIRECTION ( 'NONE',  ( 0.000000000000000000, 0.000000000000000000, 1.000000000000000000 ) ) ;
#1653 = ORIENTED_EDGE ( 'NONE', *, *, #2007, .F. ) ;
#1654 = CARTESIAN_POINT ( 'NONE',  ( -6.250000000000040856, 7.499999999999994671, -17.10000000000000497 ) ) ;
#1655 = CARTESIAN_POINT ( 'NONE',  ( 6.249999999999998224, 0.000000000000000000, -18.75000000000000000 ) ) ;
#1656 = ORIENTED_EDGE ( 'NONE', *, *, #4075, .T. ) ;
#1657 = VECTOR ( 'NONE', #5934, 1000.000000000000000 ) ;
#1658 = CARTESIAN_POINT ( 'NONE',  ( -18.75000000000000355, 8.000000000000000000, 8.400000000000057199 ) ) ;
#1659 = VECTOR ( 'NONE', #5264, 1000.000000000000000 ) ;
#1660 = DIRECTION ( 'NONE',  ( 0.000000000000000000, 0.000000000000000000, 1.000000000000000000 ) ) ;
#1661 = CIRCLE ( 'NONE', #7008, 3.999999999999996447 ) ;
#1662 = AXIS2_PLACEMENT_3D ( 'NONE', #2986, #1283, #167 ) ;
#1663 = CARTESIAN_POINT ( 'NONE',  ( 31.25000000000000000, 7.499999999999998224, -7.900000000000089173 ) ) ;
#1664 = DIRECTION ( 'NONE',  ( 8.659560562355003116E-17, 0.7071067811865420216, -0.7071067811865531239 ) ) ;
#1665 = ORIENTED_EDGE ( 'NONE', *, *, #1995, .F. ) ;
#1666 = CARTESIAN_POINT ( 'NONE',  ( -6.249999999999996447, 7.499999999999991118, 18.75000000000000000 ) ) ;
#1667 = DIRECTION ( 'NONE',  ( 0.000000000000000000, 0.000000000000000000, 1.000000000000000000 ) ) ;
#1668 = AXIS2_PLACEMENT_3D ( 'NONE', #3041, #4788, #3150 ) ;
#1669 = EDGE_CURVE ( 'NONE', #3897, #5775, #1578, .T. ) ;
#1670 = CARTESIAN_POINT ( 'NONE',  ( 31.25000000000000000, 0.000000000000000000, -8.400000000000099831 ) ) ;
#1671 = ORIENTED_EDGE ( 'NONE', *, *, #6956, .F. ) ;
#1672 = FACE_OUTER_BOUND ( 'NONE', #2762, .T. ) ;
#1673 = CIRCLE ( 'NONE', #3911, 2.150000000000023448 ) ;
#1674 = CARTESIAN_POINT ( 'NONE',  ( 6.250000000000088818, 7.499999999999998224, 29.59999999999999787 ) ) ;
#1675 = CONICAL_SURFACE ( 'NONE', #3213, 2.149999999999870681, 0.7853981633974530530 ) ;
#1676 = EDGE_LOOP ( 'NONE', ( #2577, #4779, #6414, #7037 ) ) ;
#1677 = CARTESIAN_POINT ( 'NONE',  ( 31.24999999999986500, 8.000000000000000000, 4.100000000000134648 ) ) ;
#1678 = VERTEX_POINT ( 'NONE', #6825 ) ;
#1679 = ORIENTED_EDGE ( 'NONE', *, *, #2811, .F. ) ;
#1680 = ADVANCED_FACE ( 'NONE', ( #1101 ), #5023, .F. ) ;
#1681 = ADVANCED_FACE ( 'NONE', ( #5623 ), #1024, .T. ) ;
#1682 = CIRCLE ( 'NONE', #4524, 1.650000000000002132 ) ;
#1683 = AXIS2_PLACEMENT_3D ( 'NONE', #880, #4919, #2072 ) ;
#1684 = CARTESIAN_POINT ( 'NONE',  ( -6.250000000000040856, 0.5000000000000095479, -18.75000000000000355 ) ) ;
#1685 = CARTESIAN_POINT ( 'NONE',  ( 31.25000000000008882, 0.000000000000000000, 28.34999999999998366 ) ) ;
#1686 = EDGE_LOOP ( 'NONE', ( #1404, #1154, #1303, #4478 ) ) ;
#1687 = DIRECTION ( 'NONE',  ( 0.000000000000000000, -0.7071067811865435759, -0.7071067811865515695 ) ) ;
#1688 = DIRECTION ( 'NONE',  ( 8.659560562354840414E-17, -0.7071067811865551223, 0.7071067811865399122 ) ) ;
#1689 = EDGE_CURVE ( 'NONE', #2607, #6373, #3693, .T. ) ;
#1690 = EDGE_LOOP ( 'NONE', ( #3662, #5026, #863, #3046 ) ) ;
#1691 = CARTESIAN_POINT ( 'NONE',  ( 18.75000000000000355, -2.000000000000000000, -4.600000000000039613 ) ) ;
#1692 = ORIENTED_EDGE ( 'NONE', *, *, #4782, .F. ) ;
#1693 = AXIS2_PLACEMENT_3D ( 'NONE', #276, #872, #1953 ) ;
#1694 = EDGE_CURVE ( 'NONE', #3925, #6772, #2245, .T. ) ;
#1695 = CIRCLE ( 'NONE', #6688, 2.149999999999999023 ) ;
#1696 = DIRECTION ( 'NONE',  ( 1.000000000000000000, 0.000000000000000000, 0.000000000000000000 ) ) ;
#1697 = CARTESIAN_POINT ( 'NONE',  ( 31.25000000000008882, 0.5000000000000160982, 31.24999999999999645 ) ) ;
#1698 = ORIENTED_EDGE ( 'NONE', *, *, #503, .F. ) ;
#1699 = CARTESIAN_POINT ( 'NONE',  ( 31.25000000000000000, -2.000000000000000000, -28.85000000000008313 ) ) ;
#1700 = CARTESIAN_POINT ( 'NONE',  ( 31.24999999999999645, 8.000000000000000000, -26.85000000000006892 ) ) ;
#1701 = EDGE_CURVE ( 'NONE', #7140, #6573, #5837, .T. ) ;
#1702 = CARTESIAN_POINT ( 'NONE',  ( -31.25000000000000000, 0.5000000000000065503, 18.75000000000009237 ) ) ;
#1703 = FACE_OUTER_BOUND ( 'NONE', #2935, .T. ) ;
#1704 = ORIENTED_EDGE ( 'NONE', *, *, #6881, .T. ) ;
#1705 = CARTESIAN_POINT ( 'NONE',  ( -31.25000000000008171, 7.500000000000000888, -27.34999999999999787 ) ) ;
#1706 = FACE_OUTER_BOUND ( 'NONE', #3940, .T. ) ;
#1707 = AXIS2_PLACEMENT_3D ( 'NONE', #1510, #5259, #350 ) ;
#1708 = CARTESIAN_POINT ( 'NONE',  ( -18.75000000000004263, 7.499999999999987566, -16.25000000000000355 ) ) ;
#1709 = ORIENTED_EDGE ( 'NONE', *, *, #4120, .F. ) ;
#1710 = CARTESIAN_POINT ( 'NONE',  ( -6.250000000000040856, 7.499999999999994671, -20.40000000000000213 ) ) ;
#1711 = DIRECTION ( 'NONE',  ( 0.000000000000000000, 0.000000000000000000, 1.000000000000000000 ) ) ;
#1712 = CIRCLE ( 'NONE', #2547, 2.399999999999999467 ) ;
#1713 = ORIENTED_EDGE ( 'NONE', *, *, #5766, .T. ) ;
#1714 = DIRECTION ( 'NONE',  ( 0.7071067811865475727, 0.7071067811865475727, -1.226634733346699310E-16 ) ) ;
#1715 = VERTEX_POINT ( 'NONE', #4955 ) ;
#1716 = ORIENTED_EDGE ( 'NONE', *, *, #1516, .T. ) ;
#1717 = CARTESIAN_POINT ( 'NONE',  ( -31.25000000000004263, 7.499999999999994671, -20.39999999999999858 ) ) ;
#1718 = CARTESIAN_POINT ( 'NONE',  ( 18.75000000000000355, -2.000000000000000000, -7.900000000000043876 ) ) ;
#1719 = ORIENTED_EDGE ( 'NONE', *, *, #2947, .F. ) ;
#1720 = LINE ( 'NONE', #5577, #1461 ) ;
#1721 = CARTESIAN_POINT ( 'NONE',  ( 18.75000000000008882, 0.000000000000000000, 31.24999999999999645 ) ) ;
#1722 = ORIENTED_EDGE ( 'NONE', *, *, #3582, .T. ) ;
#1723 = CARTESIAN_POINT ( 'NONE',  ( 6.249999999999998224, 7.499999999999998224, -18.75000000000000000 ) ) ;
#1724 = EDGE_CURVE ( 'NONE', #5535, #5202, #7228, .T. ) ;
#1725 = EDGE_LOOP ( 'NONE', ( #7277, #3833, #500, #6178 ) ) ;
#1726 = CIRCLE ( 'NONE', #657, 4.399999999999997691 ) ;
#1727 = ADVANCED_FACE ( 'NONE', ( #2874 ), #1214, .F. ) ;
#1728 = DIRECTION ( 'NONE',  ( -0.000000000000000000, -1.000000000000000000, -0.000000000000000000 ) ) ;
#1729 = DIRECTION ( 'NONE',  ( 0.000000000000000000, 0.000000000000000000, 1.000000000000000000 ) ) ;
#1731 = ORIENTED_EDGE ( 'NONE', *, *, #6266, .T. ) ;
#1730 = ADVANCED_FACE ( 'NONE', ( #5737 ), #2634, .F. ) ;
#1732 = LINE ( 'NONE', #1622, #2250 ) ;
#1733 = EDGE_CURVE ( 'NONE', #6808, #1351, #6451, .T. ) ;
#1734 = EDGE_LOOP ( 'NONE', ( #325, #1119, #7097, #3787 ) ) ;
#1735 = CYLINDRICAL_SURFACE ( 'NONE', #2268, 1.649999999999870237 ) ;
#1736 = DIRECTION ( 'NONE',  ( 0.000000000000000000, 0.000000000000000000, 1.000000000000000000 ) ) ;
#1737 = DIRECTION ( 'NONE',  ( 0.000000000000000000, 0.000000000000000000, 1.000000000000000000 ) ) ;
#1738 = ORIENTED_EDGE ( 'NONE', *, *, #1911, .F. ) ;
#1739 = CARTESIAN_POINT ( 'NONE',  ( 18.74999999999999645, 0.4999999999999922284, -32.90000000000004121 ) ) ;
#1740 = DIRECTION ( 'NONE',  ( 0.000000000000000000, 0.000000000000000000, -1.000000000000000000 ) ) ;
#1741 = AXIS2_PLACEMENT_3D ( 'NONE', #7253, #2175, #4435 ) ;
#1742 = VECTOR ( 'NONE', #3961, 1000.000000000000114 ) ;
#1743 = CARTESIAN_POINT ( 'NONE',  ( -6.249999999999999112, -2.000000000000000000, 6.249999999999998224 ) ) ;
#1744 = CARTESIAN_POINT ( 'NONE',  ( -31.24999999999999289, 0.000000000000000000, 34.15000000000010516 ) ) ;
#1745 = FACE_OUTER_BOUND ( 'NONE', #4581, .T. ) ;
#1746 = ORIENTED_EDGE ( 'NONE', *, *, #810, .T. ) ;
#1747 = FACE_BOUND ( 'NONE', #6346, .T. ) ;
#1748 = VERTEX_POINT ( 'NONE', #88 ) ;
#1749 = CIRCLE ( 'NONE', #6255, 3.000000000000002665 ) ;
#1750 = EDGE_LOOP ( 'NONE', ( #5155, #5851, #1731, #5173 ) ) ;
#1751 = VECTOR ( 'NONE', #4920, 1000.000000000000114 ) ;
#1752 = AXIS2_PLACEMENT_3D ( 'NONE', #2447, #3591, #4710 ) ;
#1753 = DIRECTION ( 'NONE',  ( 0.000000000000000000, 0.000000000000000000, 1.000000000000000000 ) ) ;
#1754 = CONICAL_SURFACE ( 'NONE', #4243, 1.650000000000002132, 0.7853981633974425058 ) ;
#1755 = DIRECTION ( 'NONE',  ( 0.000000000000000000, 0.000000000000000000, 1.000000000000000000 ) ) ;
#1756 = ORIENTED_EDGE ( 'NONE', *, *, #5442, .T. ) ;
#1757 = DIRECTION ( 'NONE',  ( 0.000000000000000000, 1.000000000000000000, 0.000000000000000000 ) ) ;
#1758 = CARTESIAN_POINT ( 'NONE',  ( 18.75000000000000000, 7.500000000000005329, 7.899999999999994138 ) ) ;
#1759 = EDGE_LOOP ( 'NONE', ( #2329, #6115 ) ) ;
#1760 = DIRECTION ( 'NONE',  ( 0.000000000000000000, 1.000000000000000000, 0.000000000000000000 ) ) ;
#1761 = AXIS2_PLACEMENT_3D ( 'NONE', #6725, #6837, #514 ) ;
#1762 = ORIENTED_EDGE ( 'NONE', *, *, #1342, .T. ) ;
#1763 = VECTOR ( 'NONE', #6423, 1000.000000000000000 ) ;
#1764 = EDGE_CURVE ( 'NONE', #358, #5084, #983, .T. ) ;
#1765 = CARTESIAN_POINT ( 'NONE',  ( 18.75000000000000355, -2.000000000000000000, -6.250000000000041744 ) ) ;
#1766 = DIRECTION ( 'NONE',  ( 0.000000000000000000, 1.000000000000000000, 0.000000000000000000 ) ) ;
#1767 = VERTEX_POINT ( 'NONE', #2982 ) ;
#1768 = LINE ( 'NONE', #5592, #5214 ) ;
#1769 = ADVANCED_FACE ( 'NONE', ( #6966 ), #5138, .F. ) ;
#1770 = EDGE_LOOP ( 'NONE', ( #5824, #370, #649, #1531 ) ) ;
#1771 = EDGE_CURVE ( 'NONE', #2061, #2871, #6319, .T. ) ;
#1772 = DIRECTION ( 'NONE',  ( -0.000000000000000000, 1.000000000000000000, -0.000000000000000000 ) ) ;
#1773 = DIRECTION ( 'NONE',  ( 0.000000000000000000, -0.7071067811865434649, -0.7071067811865516806 ) ) ;
#1774 = CONICAL_SURFACE ( 'NONE', #6654, 2.149999999999999023, 0.7853981633974381760 ) ;
#1775 = LINE ( 'NONE', #5109, #5789 ) ;
#1776 = EDGE_CURVE ( 'NONE', #4701, #2829, #2469, .T. ) ;
#1777 = ORIENTED_EDGE ( 'NONE', *, *, #2053, .F. ) ;
#1778 = DIRECTION ( 'NONE',  ( 0.000000000000000000, 0.000000000000000000, 1.000000000000000000 ) ) ;
#1779 = VECTOR ( 'NONE', #6387, 1000.000000000000114 ) ;
#1780 = LINE ( 'NONE', #2921, #3292 ) ;
#1781 = EDGE_CURVE ( 'NONE', #2061, #4234, #1206, .T. ) ;
#1782 = CONICAL_SURFACE ( 'NONE', #5935, 1.649999999999996136, 0.7853981633974430610 ) ;
#1783 = LINE ( 'NONE', #3369, #1742 ) ;
#1784 = CARTESIAN_POINT ( 'NONE',  ( -31.25000000000004263, 7.499999999999994671, -17.10000000000000142 ) ) ;
#1785 = FACE_OUTER_BOUND ( 'NONE', #1895, .T. ) ;
#1786 = VERTEX_POINT ( 'NONE', #5249 ) ;
#1787 = DIRECTION ( 'NONE',  ( 0.000000000000000000, 0.000000000000000000, 1.000000000000000000 ) ) ;
#1788 = ORIENTED_EDGE ( 'NONE', *, *, #3629, .F. ) ;
#1789 = ORIENTED_EDGE ( 'NONE', *, *, #5540, .F. ) ;
#1790 = CIRCLE ( 'NONE', #5943, 2.149999999999999023 ) ;
#1791 = CARTESIAN_POINT ( 'NONE',  ( -31.24999999999999289, 3.000000000000000000, 31.25000000000008882 ) ) ;
#1792 = VECTOR ( 'NONE', #1687, 1000.000000000000000 ) ;
#1793 = LINE ( 'NONE', #1685, #4977 ) ;
#1794 = EDGE_LOOP ( 'NONE', ( #3248, #5852, #4963, #4958 ) ) ;
#1795 = CARTESIAN_POINT ( 'NONE',  ( 18.75000000000000355, 7.499999999999987566, -18.75000000000004263 ) ) ;
#1796 = EDGE_CURVE ( 'NONE', #2389, #5084, #2355, .T. ) ;
#1797 = CARTESIAN_POINT ( 'NONE',  ( 18.75000000000000000, -2.000000000000000000, 6.249999999999997335 ) ) ;
#1798 = ORIENTED_EDGE ( 'NONE', *, *, #4586, .F. ) ;
#1799 = DIRECTION ( 'NONE',  ( 0.000000000000000000, 1.000000000000000000, 0.000000000000000000 ) ) ;
#1800 = VERTEX_POINT ( 'NONE', #125 ) ;
#1801 = VECTOR ( 'NONE', #4866, 1000.000000000000114 ) ;
#1802 = AXIS2_PLACEMENT_3D ( 'NONE', #60, #6755, #5633 ) ;
#1803 = CARTESIAN_POINT ( 'NONE',  ( 6.249999999999998224, 0.000000000000000000, -16.60000000000000142 ) ) ;
#1804 = DIRECTION ( 'NONE',  ( 0.000000000000000000, 0.000000000000000000, 1.000000000000000000 ) ) ;
#1805 = CONICAL_SURFACE ( 'NONE', #6313, 2.149999999999999023, 0.7853981633974568277 ) ;
#1806 = EDGE_LOOP ( 'NONE', ( #1105, #5840, #5969, #6963 ) ) ;
#1807 = CIRCLE ( 'NONE', #3690, 2.149999999999846700 ) ;
#1808 = EDGE_LOOP ( 'NONE', ( #5210, #5047, #6577, #5215 ) ) ;
#1809 = DIRECTION ( 'NONE',  ( 0.000000000000000000, 1.000000000000000000, 0.000000000000000000 ) ) ;
#1810 = AXIS2_PLACEMENT_3D ( 'NONE', #4267, #2482, #6540 ) ;
#1811 = ORIENTED_EDGE ( 'NONE', *, *, #2500, .F. ) ;
#1812 = VECTOR ( 'NONE', #6858, 1000.000000000000000 ) ;
#1813 = CYLINDRICAL_SURFACE ( 'NONE', #6070, 3.900000000000000799 ) ;
#1814 = CARTESIAN_POINT ( 'NONE',  ( 18.74999999999999645, 8.000000000000000000, -31.25000000000004263 ) ) ;
#1815 = DATE_TIME_ROLE ( 'classification_date' ) ;
#1816 = EDGE_LOOP ( 'NONE', ( #2256, #702, #2361, #7159 ) ) ;
#1817 = CARTESIAN_POINT ( 'NONE',  ( 18.75000000000000000, 0.4999999999999982792, 7.899999999999994138 ) ) ;
#1818 = EDGE_CURVE ( 'NONE', #5739, #1513, #622, .T. ) ;
#1819 = CARTESIAN_POINT ( 'NONE',  ( 31.25000000000008882, 8.000000000000000000, 26.84999999999999432 ) ) ;
#1820 = EDGE_CURVE ( 'NONE', #1918, #5743, #3018, .T. ) ;
#1821 = FACE_OUTER_BOUND ( 'NONE', #1651, .T. ) ;
#1822 = DIRECTION ( 'NONE',  ( 0.000000000000000000, 0.000000000000000000, 1.000000000000000000 ) ) ;
#1823 = ORIENTED_EDGE ( 'NONE', *, *, #4941, .T. ) ;
#1824 = FACE_BOUND ( 'NONE', #478, .T. ) ;
#1825 = ADVANCED_FACE ( 'NONE', ( #164 ), #6896, .F. ) ;
#1826 = ORIENTED_EDGE ( 'NONE', *, *, #5314, .F. ) ;
#1827 = VERTEX_POINT ( 'NONE', #2429 ) ;
#1828 = ADVANCED_FACE ( 'NONE', ( #3468 ), #1334, .F. ) ;
#1829 = CARTESIAN_POINT ( 'NONE',  ( -31.25000000000004263, 7.499999999999994671, -20.39999999999999858 ) ) ;
#1830 = VECTOR ( 'NONE', #1617, 1000.000000000000000 ) ;
#1831 = CYLINDRICAL_SURFACE ( 'NONE', #1320, 1.650000000000002132 ) ;
#1832 = ORIENTED_EDGE ( 'NONE', *, *, #1361, .F. ) ;
#1833 = CARTESIAN_POINT ( 'NONE',  ( -6.249999999999998224, 0.5000000000000065503, -7.900000000000000355 ) ) ;
#1834 = CARTESIAN_POINT ( 'NONE',  ( 18.75000000000004263, -2.000000000000000000, 21.24999999999999289 ) ) ;
#1835 = ORIENTED_EDGE ( 'NONE', *, *, #2679, .F. ) ;
#1836 = CYLINDRICAL_SURFACE ( 'NONE', #1483, 1.649999999999869349 ) ;
#1837 = ORIENTED_EDGE ( 'NONE', *, *, #140, .F. ) ;
#1838 = AXIS2_PLACEMENT_3D ( 'NONE', #6669, #1118, #7214 ) ;
#1839 = DIRECTION ( 'NONE',  ( 0.000000000000000000, 0.000000000000000000, 1.000000000000000000 ) ) ;
#1840 = CARTESIAN_POINT ( 'NONE',  ( -6.249999999999996447, -2.000000000000000000, 18.75000000000000000 ) ) ;
#1841 = AXIS2_PLACEMENT_3D ( 'NONE', #488, #522, #5011 ) ;
#1842 = EDGE_LOOP ( 'NONE', ( #507, #779, #160, #5382 ) ) ;
#1843 = ORIENTED_EDGE ( 'NONE', *, *, #1897, .T. ) ;
#1844 = PLANE ( 'NONE',  #4025 ) ;
#1845 = ORIENTED_EDGE ( 'NONE', *, *, #4860, .T. ) ;
#1846 = DIRECTION ( 'NONE',  ( 0.000000000000000000, 0.000000000000000000, -1.000000000000000000 ) ) ;
#1847 = VERTEX_POINT ( 'NONE', #1803 ) ;
#1848 = DIRECTION ( 'NONE',  ( 0.000000000000000000, 0.000000000000000000, 1.000000000000000000 ) ) ;
#1849 = COORDINATED_UNIVERSAL_TIME_OFFSET ( 8, 0, .AHEAD. ) ;
#1850 = ORIENTED_EDGE ( 'NONE', *, *, #51, .F. ) ;
#1851 = CYLINDRICAL_SURFACE ( 'NONE', #466, 1.650000000000002132 ) ;
#1852 = DIRECTION ( 'NONE',  ( 0.000000000000000000, -0.7071067811865487940, -0.7071067811865463515 ) ) ;
#1853 = ADVANCED_FACE ( 'NONE', ( #4731 ), #4061, .F. ) ;
#1854 = CYLINDRICAL_SURFACE ( 'NONE', #2520, 1.649999999999870237 ) ;
#1855 = DIRECTION ( 'NONE',  ( -0.000000000000000000, 1.000000000000000000, -0.000000000000000000 ) ) ;
#1856 = EDGE_LOOP ( 'NONE', ( #3871, #4238, #4497, #4806 ) ) ;
#1857 = FACE_BOUND ( 'NONE', #2261, .T. ) ;
#1858 = ORIENTED_EDGE ( 'NONE', *, *, #4984, .T. ) ;
#1859 = VERTEX_POINT ( 'NONE', #6930 ) ;
#1860 = CONICAL_SURFACE ( 'NONE', #5415, 1.649999999999998579, 0.7853981633974432830 ) ;
#1861 = EDGE_CURVE ( 'NONE', #2508, #1529, #6371, .T. ) ;
#1862 = EDGE_CURVE ( 'NONE', #3731, #1557, #6438, .T. ) ;
#1863 = DIRECTION ( 'NONE',  ( -0.000000000000000000, 1.000000000000000000, -0.000000000000000000 ) ) ;
#1864 = CARTESIAN_POINT ( 'NONE',  ( 6.250000000000043521, 0.000000000000000000, 20.90000000000000213 ) ) ;
#1865 = ORIENTED_EDGE ( 'NONE', *, *, #2225, .T. ) ;
#1866 = DIRECTION ( 'NONE',  ( 0.000000000000000000, 0.000000000000000000, 1.000000000000000000 ) ) ;
#1867 = CIRCLE ( 'NONE', #7314, 1.649999999999998579 ) ;
#1868 = CARTESIAN_POINT ( 'NONE',  ( -31.25000000000008171, -2.000000000000000000, -33.64999999999999858 ) ) ;
#1869 = CIRCLE ( 'NONE', #1158, 2.149999999999999023 ) ;
#1870 = ORIENTED_EDGE ( 'NONE', *, *, #2096, .T. ) ;
#1871 = CARTESIAN_POINT ( 'NONE',  ( 31.24999999999986500, -2.000000000000000000, 4.600000000000133760 ) ) ;
#1872 = VERTEX_POINT ( 'NONE', #2541 ) ;
#1873 = ADVANCED_FACE ( 'NONE', ( #5963 ), #5328, .F. ) ;
#1874 = AXIS2_PLACEMENT_3D ( 'NONE', #6135, #6062, #5009 ) ;
#1875 = CIRCLE ( 'NONE', #441, 3.000000000000002665 ) ;
#1876 = DIRECTION ( 'NONE',  ( -0.000000000000000000, 1.000000000000000000, -0.000000000000000000 ) ) ;
#1877 = CARTESIAN_POINT ( 'NONE',  ( 18.75000000000004263, 8.000000000000000000, 18.75000000000000000 ) ) ;
#1878 = VECTOR ( 'NONE', #2519, 1000.000000000000114 ) ;
#1879 = CARTESIAN_POINT ( 'NONE',  ( 6.250000000000088818, 7.499999999999998224, 31.25000000000000000 ) ) ;
#1880 = ORIENTED_EDGE ( 'NONE', *, *, #6231, .F. ) ;
#1881 = VERTEX_POINT ( 'NONE', #4363 ) ;
#1882 = CARTESIAN_POINT ( 'NONE',  ( 18.75000000000000355, 0.000000000000000000, -18.75000000000004263 ) ) ;
#1883 = ORIENTED_EDGE ( 'NONE', *, *, #6999, .T. ) ;
#1884 = CARTESIAN_POINT ( 'NONE',  ( 6.249999999999998224, 0.000000000000000000, 6.249999999999999112 ) ) ;
#1885 = VERTEX_POINT ( 'NONE', #3129 ) ;
#1886 = CARTESIAN_POINT ( 'NONE',  ( 18.75000000000008882, 8.000000000000000000, 29.09999999999999787 ) ) ;
#1887 = EDGE_CURVE ( 'NONE', #1896, #4722, #2985, .T. ) ;
#1888 = ORIENTED_EDGE ( 'NONE', *, *, #1459, .F. ) ;
#1889 = DIRECTION ( 'NONE',  ( 0.000000000000000000, 1.000000000000000000, 0.000000000000000000 ) ) ;
#1890 = CARTESIAN_POINT ( 'NONE',  ( -40.00000000000000711, 6.999999999999985789, -35.00000000000000711 ) ) ;
#1891 = DIRECTION ( 'NONE',  ( -0.7071067811865474617, 0.7071067811865474617, 0.000000000000000000 ) ) ;
#1892 = CARTESIAN_POINT ( 'NONE',  ( -38.99999999999997868, 8.000000000000000000, 35.00000000000000000 ) ) ;
#1893 = ORIENTED_EDGE ( 'NONE', *, *, #1633, .F. ) ;
#1894 = CARTESIAN_POINT ( 'NONE',  ( 18.75000000000008882, 0.000000000000000000, 31.24999999999999645 ) ) ;
#1895 = EDGE_LOOP ( 'NONE', ( #6595, #2022, #6898, #777 ) ) ;
#1896 = VERTEX_POINT ( 'NONE', #4802 ) ;
#1897 = EDGE_CURVE ( 'NONE', #6573, #3732, #6523, .T. ) ;
#1898 = AXIS2_PLACEMENT_3D ( 'NONE', #3808, #6121, #6614 ) ;
#1899 = ADVANCED_BREP_SHAPE_REPRESENTATION ( '\X2\5e955ea7ff08\X0\8x8\X2\ff09\X0\', ( #6110, #212 ), #2353 ) ;
#1900 = DIRECTION ( 'NONE',  ( -0.000000000000000000, -1.000000000000000000, -0.000000000000000000 ) ) ;
#1901 = CARTESIAN_POINT ( 'NONE',  ( 18.75000000000004263, 0.000000000000000000, 18.75000000000000000 ) ) ;
#1902 = VERTEX_POINT ( 'NONE', #2067 ) ;
#1903 = DIRECTION ( 'NONE',  ( -0.000000000000000000, -1.000000000000000000, -0.000000000000000000 ) ) ;
#1904 = FACE_OUTER_BOUND ( 'NONE', #2198, .T. ) ;
#1905 = ORIENTED_EDGE ( 'NONE', *, *, #4800, .T. ) ;
#1906 = FACE_OUTER_BOUND ( 'NONE', #4138, .T. ) ;
#1907 = ADVANCED_FACE ( 'NONE', ( #6034 ), #3684, .F. ) ;
#1908 = AXIS2_PLACEMENT_3D ( 'NONE', #5853, #3539, #2474 ) ;
#1909 = ORIENTED_EDGE ( 'NONE', *, *, #6911, .F. ) ;
#1910 = ORIENTED_EDGE ( 'NONE', *, *, #5263, .T. ) ;
#1911 = EDGE_CURVE ( 'NONE', #678, #2339, #7074, .T. ) ;
#1912 = AXIS2_PLACEMENT_3D ( 'NONE', #2683, #3, #7283 ) ;
#1913 = AXIS2_PLACEMENT_3D ( 'NONE', #1684, #3935, #7249 ) ;
#1914 = CARTESIAN_POINT ( 'NONE',  ( -6.250000000000084377, -2.000000000000000000, -29.60000000000000142 ) ) ;
#1915 = DIRECTION ( 'NONE',  ( 0.000000000000000000, 0.000000000000000000, 1.000000000000000000 ) ) ;
#1916 = DIRECTION ( 'NONE',  ( 0.000000000000000000, -0.7071067811865547892, -0.7071067811865403563 ) ) ;
#1917 = FACE_OUTER_BOUND ( 'NONE', #1509, .T. ) ;
#1918 = VERTEX_POINT ( 'NONE', #1988 ) ;
#1919 = VECTOR ( 'NONE', #3267, 1000.000000000000000 ) ;
#1920 = AXIS2_PLACEMENT_3D ( 'NONE', #4397, #6781, #6676 ) ;
#1921 = EDGE_CURVE ( 'NONE', #48, #4628, #2756, .T. ) ;
#1922 = CONICAL_SURFACE ( 'NONE', #613, 2.149999999999999023, 0.7853981633974380649 ) ;
#1923 = CIRCLE ( 'NONE', #5949, 2.149999999999999911 ) ;
#1924 = VECTOR ( 'NONE', #4844, 1000.000000000000000 ) ;
#1925 = DIRECTION ( 'NONE',  ( 0.000000000000000000, 0.000000000000000000, -1.000000000000000000 ) ) ;
#1926 = DIRECTION ( 'NONE',  ( -0.000000000000000000, -1.000000000000000000, -0.000000000000000000 ) ) ;
#1927 = ORIENTED_EDGE ( 'NONE', *, *, #6914, .T. ) ;
#1928 = APPROVAL_ROLE ( '' ) ;
#1929 = ORIENTED_EDGE ( 'NONE', *, *, #2996, .T. ) ;
#1930 = CARTESIAN_POINT ( 'NONE',  ( 35.00000000000000000, 8.000000000000000000, -40.00000000000000711 ) ) ;
#1931 = LINE ( 'NONE', #5936, #4392 ) ;
#1932 = AXIS2_PLACEMENT_3D ( 'NONE', #2766, #3283, #3835 ) ;
#1933 = EDGE_CURVE ( 'NONE', #1678, #1021, #3465, .T. ) ;
#1934 = CIRCLE ( 'NONE', #502, 2.150000000000013678 ) ;
#1935 = DIRECTION ( 'NONE',  ( -0.000000000000000000, -1.000000000000000000, -0.000000000000000000 ) ) ;
#1936 = DIRECTION ( 'NONE',  ( 0.000000000000000000, 1.000000000000000000, 0.000000000000000000 ) ) ;
#1937 = ORIENTED_EDGE ( 'NONE', *, *, #6275, .F. ) ;
#1938 = DIRECTION ( 'NONE',  ( -0.000000000000000000, -1.000000000000000000, -0.000000000000000000 ) ) ;
#1939 = ORIENTED_EDGE ( 'NONE', *, *, #630, .T. ) ;
#1940 = ORIENTED_EDGE ( 'NONE', *, *, #7182, .F. ) ;
#1941 = DIRECTION ( 'NONE',  ( -0.000000000000000000, -1.000000000000000000, -0.000000000000000000 ) ) ;
#1942 = CARTESIAN_POINT ( 'NONE',  ( -31.24999999999986500, 0.4999999999999991673, -4.600000000000129319 ) ) ;
#1943 = ORIENTED_EDGE ( 'NONE', *, *, #932, .F. ) ;
#1944 = CYLINDRICAL_SURFACE ( 'NONE', #3810, 1.649999999999998579 ) ;
#1945 = LINE ( 'NONE', #2495, #324 ) ;
#1946 = EDGE_LOOP ( 'NONE', ( #3770, #4868 ) ) ;
#1947 = DIRECTION ( 'NONE',  ( -0.000000000000000000, 1.000000000000000000, -0.000000000000000000 ) ) ;
#1948 = ORIENTED_EDGE ( 'NONE', *, *, #4683, .T. ) ;
#1949 = CIRCLE ( 'NONE', #6458, 3.000000000000002665 ) ;
#1950 = DIRECTION ( 'NONE',  ( 0.000000000000000000, 0.7071067811865420216, 0.7071067811865531239 ) ) ;
#1951 = DIRECTION ( 'NONE',  ( 0.000000000000000000, 1.000000000000000000, 0.000000000000000000 ) ) ;
#1952 = EDGE_CURVE ( 'NONE', #1539, #6920, #4421, .T. ) ;
#1953 = DIRECTION ( 'NONE',  ( 0.000000000000000000, 0.000000000000000000, 1.000000000000000000 ) ) ;
#1954 = DIRECTION ( 'NONE',  ( 0.000000000000000000, 0.000000000000000000, 1.000000000000000000 ) ) ;
#1955 = ORIENTED_EDGE ( 'NONE', *, *, #6652, .F. ) ;
#1956 = ORIENTED_EDGE ( 'NONE', *, *, #4415, .T. ) ;
#1957 = AXIS2_PLACEMENT_3D ( 'NONE', #4400, #6679, #1652 ) ;
#1958 = EDGE_CURVE ( 'NONE', #2277, #5731, #386, .T. ) ;
#1959 = CIRCLE ( 'NONE', #2661, 1.649999999999998579 ) ;
#1960 = EDGE_CURVE ( 'NONE', #3638, #836, #4837, .T. ) ;
#1961 = LINE ( 'NONE', #6530, #975 ) ;
#1962 = CARTESIAN_POINT ( 'NONE',  ( 6.249999999999996447, 0.000000000000000000, -33.39999999999973568 ) ) ;
#1963 = EDGE_LOOP ( 'NONE', ( #6354, #286, #1777, #2946 ) ) ;
#1964 = EDGE_LOOP ( 'NONE', ( #5153, #1716, #2386, #1981 ) ) ;
#1965 = CARTESIAN_POINT ( 'NONE',  ( 18.74999999999999645, 0.000000000000000000, -29.10000000000004405 ) ) ;
#1966 = LINE ( 'NONE', #5379, #111 ) ;
#1967 = ADVANCED_FACE ( 'NONE', ( #6567 ), #2401, .F. ) ;
#1968 = AXIS2_PLACEMENT_3D ( 'NONE', #438, #4450, #1002 ) ;
#1969 = DIRECTION ( 'NONE',  ( 0.000000000000000000, 1.000000000000000000, 0.000000000000000000 ) ) ;
#1970 = LINE ( 'NONE', #5305, #4370 ) ;
#1971 = ORIENTED_EDGE ( 'NONE', *, *, #7258, .T. ) ;
#1972 = DIRECTION ( 'NONE',  ( 0.000000000000000000, 0.000000000000000000, 1.000000000000000000 ) ) ;
#1973 = EDGE_CURVE ( 'NONE', #734, #3188, #5227, .T. ) ;
#1974 = ORIENTED_EDGE ( 'NONE', *, *, #3889, .T. ) ;
#1975 = VERTEX_POINT ( 'NONE', #7042 ) ;
#1976 = CARTESIAN_POINT ( 'NONE',  ( -31.25000000000008171, 7.500000000000000888, -35.14999999999999858 ) ) ;
#1977 = CARTESIAN_POINT ( 'NONE',  ( 18.75000000000000355, 0.4999999999999908962, -7.900000000000043876 ) ) ;
#1978 = EDGE_LOOP ( 'NONE', ( #4383, #5640, #5680, #5609 ) ) ;
#1979 = DIRECTION ( 'NONE',  ( 0.000000000000000000, 1.000000000000000000, 0.000000000000000000 ) ) ;
#1980 = CARTESIAN_POINT ( 'NONE',  ( -34.99999999999999289, 0.000000000000000000, 38.99999999999999289 ) ) ;
#1981 = ORIENTED_EDGE ( 'NONE', *, *, #1796, .F. ) ;
#1982 = CYLINDRICAL_SURFACE ( 'NONE', #1599, 1.649999999999998579 ) ;
#1983 = CIRCLE ( 'NONE', #1390, 1.649999999999998579 ) ;
#1984 = ORIENTED_EDGE ( 'NONE', *, *, #2053, .T. ) ;
#1985 = CARTESIAN_POINT ( 'NONE',  ( -6.249999999999996447, 7.499999999999991118, 17.10000000000000497 ) ) ;
#1986 = AXIS2_PLACEMENT_3D ( 'NONE', #481, #7308, #6205 ) ;
#1987 = CARTESIAN_POINT ( 'NONE',  ( -6.249999999999996447, 0.000000000000000000, 20.89999999999999503 ) ) ;
#1988 = CARTESIAN_POINT ( 'NONE',  ( -18.75000000000000000, 7.499999999999984013, 21.25000000000003908 ) ) ;
#1989 = DIRECTION ( 'NONE',  ( 0.000000000000000000, 1.000000000000000000, 0.000000000000000000 ) ) ;
#1990 = ORIENTED_EDGE ( 'NONE', *, *, #3040, .F. ) ;
#1991 = ORIENTED_EDGE ( 'NONE', *, *, #2916, .T. ) ;
#1992 = EDGE_LOOP ( 'NONE', ( #3910, #6953, #5277, #1583 ) ) ;
#1993 = CIRCLE ( 'NONE', #558, 4.400000000000001243 ) ;
#1994 = CIRCLE ( 'NONE', #7319, 2.400000000000003020 ) ;
#1995 = EDGE_CURVE ( 'NONE', #97, #7213, #3342, .T. ) ;
#1996 = DIRECTION ( 'NONE',  ( 0.000000000000000000, 0.000000000000000000, 1.000000000000000000 ) ) ;
#1997 = VECTOR ( 'NONE', #4643, 1000.000000000000000 ) ;
#1998 = DIRECTION ( 'NONE',  ( 0.000000000000000000, 0.000000000000000000, 1.000000000000000000 ) ) ;
#1999 = AXIS2_PLACEMENT_3D ( 'NONE', #5017, #1091, #3279 ) ;
#2000 = EDGE_LOOP ( 'NONE', ( #3056, #4142, #106, #7222 ) ) ;
#2001 = EDGE_LOOP ( 'NONE', ( #6872, #1195, #6923, #916 ) ) ;
#2002 = DIRECTION ( 'NONE',  ( 0.000000000000000000, -1.000000000000000000, 0.000000000000000000 ) ) ;
#2003 = EDGE_CURVE ( 'NONE', #989, #5146, #6572, .T. ) ;
#2004 = CLOSED_SHELL ( 'NONE', ( #53, #1558, #7051, #5226, #1353, #84, #6539, #6598, #6141, #2410, #458, #2183, #6946, #2221, #4481, #2562, #2454, #1504, #4240, #811, #2551, #452, #5947, #4222, #2283, #499, #4580, #4229, #6109, #2144, #5071, #1730, #3397, #1828, #2548, #3988, #6749, #3231, #2105, #7163, #640, #2765, #6033, #5817, #3901, #6224, #1967, #3266, #534, #3011, #3265, #6605, #3667, #1233, #6682, #2363, #774, #5672, #2908, #7183, #4843, #3441, #4488, #1485, #717, #2697, #3815, #1280, #6098, #408, #5911, #6403, #2086, #5946, #2637, #4994, #2726, #5361, #5771, #2178, #4307, #6099, #1769, #442, #5973, #5741, #3307, #5530, #3533, #4900, #1853, #5993, #6774, #2318, #7185, #6863, #998, #4640, #6311, #5583, #5901, #2681, #6464, #1680, #4526, #6171, #915, #2456, #4849, #5557, #1635, #2271, #2943, #6288, #7196, #45, #3317, #3849, #2895, #87, #650, #6221, #960, #7136, #7252, #6450, #6562, #2813, #319, #4807, #5494, #6660, #6824, #3942, #5615, #1825, #4771, #2273, #3763, #5574, #2142, #4262, #3613, #1873, #6636, #6647, #6822, #3000, #1222, #5167, #5005, #2408, #3589, #1314, #5216, #6786, #6368, #820, #5157, #4996, #1907, #4960, #4728, #4656, #213, #1155, #3857, #6689, #367, #4227, #3747, #2842, #1588, #411, #583, #2444, #7089, #3769, #3723, #4539, #470, #1681, #2773, #1374, #38, #6087, #1084, #4775, #6123, #670, #4991, #1132, #387, #682, #2354, #1551, #729, #5313, #3222, #4453, #6644, #6954, #574, #7227, #2315, #5066, #3298, #1727, #7279, #3764, #1023, #3847, #773, #2902, #931, #5174, #4892, #6727, #1133, #5541, #4403, #2862, #4369, #539, #5770, #1597, #219, #3127, #614, #4367, #509, #3391, #2132, #2716, #3180, #6600, #1324, #4026, #2803, #5127, #1417, #6430, #5529, #3718, #5061, #5407, #961, #6395, #2244, #951, #3890, #3932, #6315, #587 ) ) ;
#2005 = FACE_OUTER_BOUND ( 'NONE', #4491, .T. ) ;
#2006 = AXIS2_PLACEMENT_3D ( 'NONE', #7335, #4447, #2808 ) ;
#2007 = EDGE_CURVE ( 'NONE', #2768, #59, #390, .T. ) ;
#2008 = DIRECTION ( 'NONE',  ( 0.000000000000000000, -0.7071067811865474617, 0.7071067811865474617 ) ) ;
#2009 = DIRECTION ( 'NONE',  ( -0.000000000000000000, -1.000000000000000000, -0.000000000000000000 ) ) ;
#2010 = ORIENTED_EDGE ( 'NONE', *, *, #6198, .F. ) ;
#2011 = CARTESIAN_POINT ( 'NONE',  ( -18.74999999999999289, 0.5000000000000143219, 32.90000000000004121 ) ) ;
#2012 = ORIENTED_EDGE ( 'NONE', *, *, #6520, .F. ) ;
#2013 = EDGE_CURVE ( 'NONE', #7321, #3858, #1507, .T. ) ;
#2014 = CARTESIAN_POINT ( 'NONE',  ( 6.250000000000000000, 7.499999999999998224, -6.249999999999998224 ) ) ;
#2015 = CARTESIAN_POINT ( 'NONE',  ( 31.25000000000004263, 7.499999999999998224, 20.39999999999999858 ) ) ;
#2016 = VERTEX_POINT ( 'NONE', #4912 ) ;
#2017 = CARTESIAN_POINT ( 'NONE',  ( -39.99999999999999289, 1.000000000000000888, 35.00000000000000000 ) ) ;
#2018 = CARTESIAN_POINT ( 'NONE',  ( -6.249999999999998224, 7.499999999999994671, -4.599999999999999645 ) ) ;
#2019 = ORIENTED_EDGE ( 'NONE', *, *, #176, .T. ) ;
#2020 = DIRECTION ( 'NONE',  ( -0.000000000000000000, -1.000000000000000000, -0.000000000000000000 ) ) ;
#2021 = CONICAL_SURFACE ( 'NONE', #5089, 2.499999999999998668, 0.7853981633974400633 ) ;
#2022 = ORIENTED_EDGE ( 'NONE', *, *, #4326, .T. ) ;
#2023 = VECTOR ( 'NONE', #7123, 1000.000000000000114 ) ;
#2024 = EDGE_CURVE ( 'NONE', #5202, #7061, #148, .T. ) ;
#2025 = AXIS2_PLACEMENT_3D ( 'NONE', #2538, #2065, #7108 ) ;
#2026 = DIRECTION ( 'NONE',  ( 0.000000000000000000, -0.7071067811865487940, -0.7071067811865463515 ) ) ;
#2027 = CARTESIAN_POINT ( 'NONE',  ( -31.25000000000000000, 0.000000000000000000, 18.75000000000009237 ) ) ;
#2028 = CIRCLE ( 'NONE', #1908, 2.150000000000012790 ) ;
#2029 = CARTESIAN_POINT ( 'NONE',  ( -31.25000000000000000, 7.499999999999984013, 18.75000000000009237 ) ) ;
#2030 = CARTESIAN_POINT ( 'NONE',  ( -35.00000000000000711, 1.000000000000000888, -35.00000000000000711 ) ) ;
#2031 = EDGE_LOOP ( 'NONE', ( #7289, #6003, #3948, #7301 ) ) ;
#2032 = DIRECTION ( 'NONE',  ( -0.000000000000000000, -1.000000000000000000, -0.000000000000000000 ) ) ;
#2033 = ORIENTED_EDGE ( 'NONE', *, *, #3959, .F. ) ;
#2034 = VECTOR ( 'NONE', #3276, 1000.000000000000000 ) ;
#2035 = AXIS2_PLACEMENT_3D ( 'NONE', #6848, #1301, #2275 ) ;
#2036 = CARTESIAN_POINT ( 'NONE',  ( -31.25000000000008171, 3.000000000000000000, -28.85000000000000142 ) ) ;
#2037 = CIRCLE ( 'NONE', #372, 1.650000000000002132 ) ;
#2038 = DIRECTION ( 'NONE',  ( -0.000000000000000000, -1.000000000000000000, -0.000000000000000000 ) ) ;
#2039 = AXIS2_PLACEMENT_3D ( 'NONE', #4055, #3972, #4088 ) ;
#2040 = VERTEX_POINT ( 'NONE', #3861 ) ;
#2041 = AXIS2_PLACEMENT_3D ( 'NONE', #861, #7137, #300 ) ;
#2042 = ORIENTED_EDGE ( 'NONE', *, *, #3209, .F. ) ;
#2043 = LINE ( 'NONE', #7016, #110 ) ;
#2044 = DIRECTION ( 'NONE',  ( 0.000000000000000000, 0.000000000000000000, -1.000000000000000000 ) ) ;
#2045 = EDGE_CURVE ( 'NONE', #5532, #2536, #3804, .T. ) ;
#2046 = CARTESIAN_POINT ( 'NONE',  ( -18.75000000000004263, 0.000000000000000000, -21.75000000000000711 ) ) ;
#2047 = CARTESIAN_POINT ( 'NONE',  ( -18.75000000000000000, 0.000000000000000000, -4.100000000000014744 ) ) ;
#2048 = CIRCLE ( 'NONE', #2872, 1.650000000000002132 ) ;
#2049 = ORIENTED_EDGE ( 'NONE', *, *, #1921, .T. ) ;
#2050 = CARTESIAN_POINT ( 'NONE',  ( -31.24999999999999289, 0.000000000000000000, 31.25000000000008882 ) ) ;
#2051 = DIRECTION ( 'NONE',  ( -0.000000000000000000, 1.000000000000000000, -0.000000000000000000 ) ) ;
#2052 = AXIS2_PLACEMENT_3D ( 'NONE', #2365, #6307, #2917 ) ;
#2053 = EDGE_CURVE ( 'NONE', #4690, #2623, #1100, .T. ) ;
#2054 = AXIS2_PLACEMENT_3D ( 'NONE', #4688, #1757, #5161 ) ;
#2055 = FACE_OUTER_BOUND ( 'NONE', #6139, .T. ) ;
#2056 = EDGE_CURVE ( 'NONE', #5196, #5636, #612, .T. ) ;
#2057 = DIRECTION ( 'NONE',  ( 0.000000000000000000, 0.000000000000000000, 1.000000000000000000 ) ) ;
#2058 = ORIENTED_EDGE ( 'NONE', *, *, #3163, .F. ) ;
#2059 = DIRECTION ( 'NONE',  ( 0.000000000000000000, 0.000000000000000000, 1.000000000000000000 ) ) ;
#2060 = CYLINDRICAL_SURFACE ( 'NONE', #2572, 1.650000000000002132 ) ;
#2061 = VERTEX_POINT ( 'NONE', #7322 ) ;
#2062 = CARTESIAN_POINT ( 'NONE',  ( -39.99999999999999289, 6.999999999999985789, 35.00000000000000000 ) ) ;
#2063 = ORIENTED_EDGE ( 'NONE', *, *, #900, .T. ) ;
#2064 = EDGE_CURVE ( 'NONE', #1902, #6148, #495, .T. ) ;
#2065 = DIRECTION ( 'NONE',  ( -0.000000000000000000, 1.000000000000000000, -0.000000000000000000 ) ) ;
#2066 = FACE_OUTER_BOUND ( 'NONE', #2941, .T. ) ;
#2067 = CARTESIAN_POINT ( 'NONE',  ( -31.24999999999999289, 7.500000000000000888, 27.35000000000009024 ) ) ;
#2068 = CARTESIAN_POINT ( 'NONE',  ( -18.74999999999999289, 0.5000000000000143219, 31.25000000000004263 ) ) ;
#2069 = EDGE_LOOP ( 'NONE', ( #5293, #6570 ) ) ;
#2070 = DIRECTION ( 'NONE',  ( 8.659560562355008046E-17, 0.7071067811865414665, -0.7071067811865536790 ) ) ;
#2071 = ORIENTED_EDGE ( 'NONE', *, *, #4265, .F. ) ;
#2072 = DIRECTION ( 'NONE',  ( 0.000000000000000000, 0.000000000000000000, -1.000000000000000000 ) ) ;
#2073 = DIRECTION ( 'NONE',  ( 0.000000000000000000, 1.000000000000000000, 0.000000000000000000 ) ) ;
#2074 = AXIS2_PLACEMENT_3D ( 'NONE', #2763, #6183, #6784 ) ;
#2075 = ORIENTED_EDGE ( 'NONE', *, *, #3172, .F. ) ;
#2076 = ORIENTED_EDGE ( 'NONE', *, *, #3996, .T. ) ;
#2077 = DIRECTION ( 'NONE',  ( 0.000000000000000000, -1.000000000000000000, 0.000000000000000000 ) ) ;
#2078 = CARTESIAN_POINT ( 'NONE',  ( -40.00000000000000711, 1.000000000000000888, -40.00000000000000711 ) ) ;
#2079 = VECTOR ( 'NONE', #5467, 1000.000000000000114 ) ;
#2080 = CARTESIAN_POINT ( 'NONE',  ( 6.249999999999998224, 7.499999999999998224, 4.599999999999996980 ) ) ;
#2081 = CARTESIAN_POINT ( 'NONE',  ( -31.24999999999986500, 0.000000000000000000, -6.249999999999998224 ) ) ;
#2082 = CIRCLE ( 'NONE', #1016, 2.150000000000012790 ) ;
#2083 = ORIENTED_EDGE ( 'NONE', *, *, #3945, .F. ) ;
#2084 = CARTESIAN_POINT ( 'NONE',  ( 31.24999999999999645, 3.000000000000000000, -35.15000000000007674 ) ) ;
#2085 = ORIENTED_EDGE ( 'NONE', *, *, #1014, .T. ) ;
#2086 = ADVANCED_FACE ( 'NONE', ( #1054 ), #1125, .F. ) ;
#2087 = CARTESIAN_POINT ( 'NONE',  ( 31.25000000000008882, 7.499999999999998224, 31.24999999999999645 ) ) ;
#2088 = CARTESIAN_POINT ( 'NONE',  ( 18.75000000000000355, 7.499999999999987566, -21.25000000000003908 ) ) ;
#2089 = ORIENTED_EDGE ( 'NONE', *, *, #2980, .F. ) ;
#2090 = CARTESIAN_POINT ( 'NONE',  ( -18.75000000000000355, -2.000000000000000000, 4.600000000000041389 ) ) ;
#2091 = DIRECTION ( 'NONE',  ( 0.000000000000000000, 0.000000000000000000, 1.000000000000000000 ) ) ;
#2092 = ORIENTED_EDGE ( 'NONE', *, *, #5674, .T. ) ;
#2093 = CARTESIAN_POINT ( 'NONE',  ( 6.249999999999998224, 0.5000000000000047740, 7.900000000000002132 ) ) ;
#2094 = ORIENTED_EDGE ( 'NONE', *, *, #3522, .T. ) ;
#2095 = EDGE_CURVE ( 'NONE', #2389, #4220, #4287, .T. ) ;
#2096 = EDGE_CURVE ( 'NONE', #4116, #6574, #1720, .T. ) ;
#2097 = DIRECTION ( 'NONE',  ( 0.000000000000000000, 1.000000000000000000, 0.000000000000000000 ) ) ;
#2098 = CARTESIAN_POINT ( 'NONE',  ( 18.74999999999999645, 0.000000000000000000, -33.40000000000004121 ) ) ;
#2099 = DIRECTION ( 'NONE',  ( 0.000000000000000000, 0.000000000000000000, 1.000000000000000000 ) ) ;
#2100 = CARTESIAN_POINT ( 'NONE',  ( 6.249999999999998224, 7.499999999999998224, 7.900000000000002132 ) ) ;
#2101 = EDGE_CURVE ( 'NONE', #4504, #1486, #562, .T. ) ;
#2102 = ORIENTED_EDGE ( 'NONE', *, *, #229, .F. ) ;
#2103 = CARTESIAN_POINT ( 'NONE',  ( -18.75000000000000000, 0.000000000000000000, -6.250000000000000000 ) ) ;
#2104 = ORIENTED_EDGE ( 'NONE', *, *, #5450, .T. ) ;
#2105 = ADVANCED_FACE ( 'NONE', ( #6 ), #971, .F. ) ;
#2106 = VECTOR ( 'NONE', #7, 1000.000000000000000 ) ;
#2107 = CARTESIAN_POINT ( 'NONE',  ( -6.249999999999996447, 7.499999999999991118, 18.75000000000000000 ) ) ;
#2108 = CARTESIAN_POINT ( 'NONE',  ( -18.75000000000000355, 0.000000000000000000, 6.250000000000043521 ) ) ;
#2109 = ORIENTED_EDGE ( 'NONE', *, *, #5137, .T. ) ;
#2110 = CIRCLE ( 'NONE', #2460, 1.650000000000002132 ) ;
#2111 = AXIS2_PLACEMENT_3D ( 'NONE', #5531, #5388, #2564 ) ;
#2112 = CARTESIAN_POINT ( 'NONE',  ( -18.75000000000004263, 8.000000000000000000, -21.75000000000000711 ) ) ;
#2113 = FACE_OUTER_BOUND ( 'NONE', #6840, .T. ) ;
#2114 = CIRCLE ( 'NONE', #6506, 2.150000000000012790 ) ;
#2115 = CIRCLE ( 'NONE', #3050, 2.149999999999999023 ) ;
#2116 = EDGE_CURVE ( 'NONE', #497, #427, #1079, .T. ) ;
#2117 = DIRECTION ( 'NONE',  ( -0.000000000000000000, 1.000000000000000000, -0.000000000000000000 ) ) ;
#2118 = DIRECTION ( 'NONE',  ( 0.000000000000000000, 1.000000000000000000, 0.000000000000000000 ) ) ;
#2119 = ORIENTED_EDGE ( 'NONE', *, *, #2191, .F. ) ;
#2120 = LINE ( 'NONE', #5562, #299 ) ;
#2121 = APPROVAL_PERSON_ORGANIZATION ( #4070, #366, #3545 ) ;
#2122 = ORIENTED_EDGE ( 'NONE', *, *, #6520, .T. ) ;
#2123 = CARTESIAN_POINT ( 'NONE',  ( -18.74999999999999289, 7.499999999999991118, 29.60000000000004761 ) ) ;
#2124 = DIRECTION ( 'NONE',  ( 0.000000000000000000, 1.000000000000000000, 0.000000000000000000 ) ) ;
#2125 = EDGE_LOOP ( 'NONE', ( #2976, #5907, #5979, #7272 ) ) ;
#2126 = CARTESIAN_POINT ( 'NONE',  ( -6.250000000000040856, 7.499999999999994671, -18.75000000000000355 ) ) ;
#2127 = DIRECTION ( 'NONE',  ( 0.000000000000000000, 0.000000000000000000, -1.000000000000000000 ) ) ;
#2128 = EDGE_LOOP ( 'NONE', ( #1380, #1163, #5251, #2632 ) ) ;
#2129 = CARTESIAN_POINT ( 'NONE',  ( 18.75000000000004263, 7.499999999999984013, 18.75000000000000000 ) ) ;
#2130 = ORIENTED_EDGE ( 'NONE', *, *, #5719, .T. ) ;
#2131 = DIRECTION ( 'NONE',  ( 0.000000000000000000, 0.000000000000000000, 1.000000000000000000 ) ) ;
#2132 = ADVANCED_FACE ( 'NONE', ( #3831 ), #7134, .F. ) ;
#2133 = FACE_OUTER_BOUND ( 'NONE', #1340, .T. ) ;
#2134 = CYLINDRICAL_SURFACE ( 'NONE', #1920, 1.649999999999998579 ) ;
#2135 = AXIS2_PLACEMENT_3D ( 'NONE', #4303, #4889, #5485 ) ;
#2136 = DIRECTION ( 'NONE',  ( 0.000000000000000000, 0.000000000000000000, 1.000000000000000000 ) ) ;
#2137 = VERTEX_POINT ( 'NONE', #986 ) ;
#2138 = DIRECTION ( 'NONE',  ( 0.000000000000000000, -0.000000000000000000, 1.000000000000000000 ) ) ;
#2139 = EDGE_CURVE ( 'NONE', #3072, #4905, #5088, .T. ) ;
#2140 = ORIENTED_EDGE ( 'NONE', *, *, #4583, .T. ) ;
#2141 = CONICAL_SURFACE ( 'NONE', #1548, 2.150000000000012790, 0.7853981633974541632 ) ;
#2142 = ADVANCED_FACE ( 'NONE', ( #7220 ), #2134, .F. ) ;
#2143 = CONICAL_SURFACE ( 'NONE', #2957, 3.999999999999996447, 0.7853981633974496113 ) ;
#2144 = ADVANCED_FACE ( 'NONE', ( #5016 ), #2265, .F. ) ;
#2145 = LINE ( 'NONE', #5098, #6681 ) ;
#2146 = CYLINDRICAL_SURFACE ( 'NONE', #5900, 3.900000000000000799 ) ;
#2148 = ORIENTED_EDGE ( 'NONE', *, *, #5421, .T. ) ;
#2147 = EDGE_CURVE ( 'NONE', #4682, #4535, #4306, .T. ) ;
#2149 = VECTOR ( 'NONE', #3051, 1000.000000000000000 ) ;
#2150 = AXIS2_PLACEMENT_3D ( 'NONE', #2878, #5141, #3471 ) ;
#2151 = DIRECTION ( 'NONE',  ( -0.000000000000000000, -1.000000000000000000, -0.000000000000000000 ) ) ;
#2152 = EDGE_CURVE ( 'NONE', #7175, #989, #6743, .T. ) ;
#2153 = AXIS2_PLACEMENT_3D ( 'NONE', #3079, #4201, #155 ) ;
#2154 = AXIS2_PLACEMENT_3D ( 'NONE', #2932, #5129, #5796 ) ;
#2155 = DIRECTION ( 'NONE',  ( 0.000000000000000000, 0.000000000000000000, 1.000000000000000000 ) ) ;
#2156 = FACE_OUTER_BOUND ( 'NONE', #451, .T. ) ;
#2157 = EDGE_LOOP ( 'NONE', ( #854, #3893 ) ) ;
#2158 = DIRECTION ( 'NONE',  ( 0.000000000000000000, 0.000000000000000000, 1.000000000000000000 ) ) ;
#2159 = VERTEX_POINT ( 'NONE', #3346 ) ;
#2160 = VECTOR ( 'NONE', #2674, 1000.000000000000000 ) ;
#2161 = AXIS2_PLACEMENT_3D ( 'NONE', #170, #4102, #5334 ) ;
#2162 = EDGE_CURVE ( 'NONE', #1715, #3648, #528, .T. ) ;
#2163 = CARTESIAN_POINT ( 'NONE',  ( -6.249999999999998224, 0.5000000000000065503, -6.250000000000000000 ) ) ;
#2164 = CIRCLE ( 'NONE', #3229, 1.649999999999998579 ) ;
#2165 = VERTEX_POINT ( 'NONE', #1833 ) ;
#2166 = DIRECTION ( 'NONE',  ( 0.000000000000000000, 1.000000000000000000, 0.000000000000000000 ) ) ;
#2167 = LINE ( 'NONE', #6594, #5777 ) ;
#2168 = ORIENTED_EDGE ( 'NONE', *, *, #3959, .T. ) ;
#2169 = DIRECTION ( 'NONE',  ( 8.659560562355008046E-17, 0.7071067811865415775, -0.7071067811865535679 ) ) ;
#2170 = ORIENTED_EDGE ( 'NONE', *, *, #6500, .T. ) ;
#2171 = AXIS2_PLACEMENT_3D ( 'NONE', #3590, #1969, #6501 ) ;
#2172 = CARTESIAN_POINT ( 'NONE',  ( -18.75000000000004263, 0.000000000000000000, -18.75000000000000355 ) ) ;
#2173 = CYLINDRICAL_SURFACE ( 'NONE', #839, 1.649999999999998579 ) ;
#2174 = DIRECTION ( 'NONE',  ( -0.000000000000000000, 1.000000000000000000, -0.000000000000000000 ) ) ;
#2175 = DIRECTION ( 'NONE',  ( 0.000000000000000000, 1.000000000000000000, 0.000000000000000000 ) ) ;
#2176 = ORIENTED_EDGE ( 'NONE', *, *, #220, .F. ) ;
#2177 = FACE_BOUND ( 'NONE', #1565, .T. ) ;
#2178 = ADVANCED_FACE ( 'NONE', ( #5687 ), #6924, .F. ) ;
#2179 = CARTESIAN_POINT ( 'NONE',  ( -6.249999999999992895, 0.000000000000000000, 31.24999999999986500 ) ) ;
#2180 = DIRECTION ( 'NONE',  ( -0.000000000000000000, -1.000000000000000000, -0.000000000000000000 ) ) ;
#2181 = VERTEX_POINT ( 'NONE', #1199 ) ;
#2182 = LINE ( 'NONE', #4442, #3548 ) ;
#2183 = ADVANCED_FACE ( 'NONE', ( #645 ), #6186, .F. ) ;
#2184 = FACE_OUTER_BOUND ( 'NONE', #3421, .T. ) ;
#2185 = CARTESIAN_POINT ( 'NONE',  ( 18.75000000000004263, 0.000000000000000000, 21.75000000000000355 ) ) ;
#2186 = EDGE_CURVE ( 'NONE', #6374, #4484, #6959, .T. ) ;
#2187 = ORIENTED_EDGE ( 'NONE', *, *, #328, .T. ) ;
#2188 = DIRECTION ( 'NONE',  ( 0.000000000000000000, 0.000000000000000000, 1.000000000000000000 ) ) ;
#2189 = ORIENTED_EDGE ( 'NONE', *, *, #4451, .F. ) ;
#2190 = AXIS2_PLACEMENT_3D ( 'NONE', #192, #4016, #3496 ) ;
#2191 = EDGE_CURVE ( 'NONE', #4419, #1467, #2856, .T. ) ;
#2192 = CYLINDRICAL_SURFACE ( 'NONE', #2333, 1.649999999999998579 ) ;
#2193 = ORIENTED_EDGE ( 'NONE', *, *, #1361, .T. ) ;
#2194 = DIRECTION ( 'NONE',  ( 0.000000000000000000, 0.000000000000000000, 1.000000000000000000 ) ) ;
#2195 = DIRECTION ( 'NONE',  ( 0.000000000000000000, 1.000000000000000000, 0.000000000000000000 ) ) ;
#2196 = EDGE_LOOP ( 'NONE', ( #2838, #5271, #7209, #805 ) ) ;
#2197 = DIRECTION ( 'NONE',  ( 0.000000000000000000, 0.000000000000000000, 1.000000000000000000 ) ) ;
#2198 = EDGE_LOOP ( 'NONE', ( #5734, #3994, #3878, #545 ) ) ;
#2199 = CONICAL_SURFACE ( 'NONE', #6351, 2.149999999999999023, 0.7853981633974380649 ) ;
#2200 = CARTESIAN_POINT ( 'NONE',  ( -18.75000000000008527, 7.499999999999994671, -32.89999999999999858 ) ) ;
#2201 = DIRECTION ( 'NONE',  ( -0.000000000000000000, -1.000000000000000000, -0.000000000000000000 ) ) ;
#2202 = ORIENTED_EDGE ( 'NONE', *, *, #5622, .T. ) ;
#2203 = DIRECTION ( 'NONE',  ( 0.000000000000000000, 0.000000000000000000, -1.000000000000000000 ) ) ;
#2204 = CYLINDRICAL_SURFACE ( 'NONE', #1640, 1.650000000000002132 ) ;
#2205 = VERTEX_POINT ( 'NONE', #2900 ) ;
#2206 = FACE_BOUND ( 'NONE', #7247, .T. ) ;
#2207 = VERTEX_POINT ( 'NONE', #1267 ) ;
#2208 = DIRECTION ( 'NONE',  ( 0.000000000000000000, 0.000000000000000000, 1.000000000000000000 ) ) ;
#2209 = DIRECTION ( 'NONE',  ( 0.000000000000000000, 0.000000000000000000, 1.000000000000000000 ) ) ;
#2210 = EDGE_LOOP ( 'NONE', ( #4617, #2749 ) ) ;
#2211 = EDGE_CURVE ( 'NONE', #7140, #6811, #606, .T. ) ;
#2212 = VECTOR ( 'NONE', #391, 999.9999999999998863 ) ;
#2213 = DIRECTION ( 'NONE',  ( 0.000000000000000000, 0.000000000000000000, -1.000000000000000000 ) ) ;
#2214 = CIRCLE ( 'NONE', #6735, 2.149999999999999023 ) ;
#2215 = CIRCLE ( 'NONE', #6623, 4.400000000000001243 ) ;
#2216 = EDGE_CURVE ( 'NONE', #427, #6690, #189, .T. ) ;
#2217 = LINE ( 'NONE', #2080, #2399 ) ;
#2218 = CARTESIAN_POINT ( 'NONE',  ( 18.75000000000000000, -2.000000000000000000, 4.600000000000002309 ) ) ;
#2219 = VERTEX_POINT ( 'NONE', #6399 ) ;
#2220 = DIRECTION ( 'NONE',  ( -0.000000000000000000, -1.000000000000000000, -0.000000000000000000 ) ) ;
#2221 = ADVANCED_FACE ( 'NONE', ( #3010 ), #1675, .F. ) ;
#2222 = LINE ( 'NONE', #6760, #5189 ) ;
#2223 = AXIS2_PLACEMENT_3D ( 'NONE', #7142, #3854, #381 ) ;
#2224 = AXIS2_PLACEMENT_3D ( 'NONE', #1207, #1766, #2287 ) ;
#2225 = EDGE_CURVE ( 'NONE', #726, #2159, #4013, .T. ) ;
#2226 = DIRECTION ( 'NONE',  ( 0.000000000000000000, 0.000000000000000000, 1.000000000000000000 ) ) ;
#2227 = VERTEX_POINT ( 'NONE', #2459 ) ;
#2228 = CARTESIAN_POINT ( 'NONE',  ( -31.25000000000000000, 0.000000000000000000, 4.100000000000105338 ) ) ;
#2229 = CONICAL_SURFACE ( 'NONE', #6153, 1.649999999999861577, 0.7853981633974557175 ) ;
#2230 = CYLINDRICAL_SURFACE ( 'NONE', #5300, 1.650000000000002132 ) ;
#2231 = VERTEX_POINT ( 'NONE', #4723 ) ;
#2232 = FACE_OUTER_BOUND ( 'NONE', #1816, .T. ) ;
#2233 = EDGE_CURVE ( 'NONE', #4982, #949, #741, .T. ) ;
#2234 = EDGE_LOOP ( 'NONE', ( #598, #7190, #7166, #4081 ) ) ;
#2235 = CC_DESIGN_APPROVAL ( #2995, ( #5191 ) ) ;
#2236 = DIRECTION ( 'NONE',  ( 0.000000000000000000, 0.000000000000000000, 1.000000000000000000 ) ) ;
#2237 = FACE_OUTER_BOUND ( 'NONE', #1180, .T. ) ;
#2238 = ORIENTED_EDGE ( 'NONE', *, *, #4948, .F. ) ;
#2239 = DIRECTION ( 'NONE',  ( -0.000000000000000000, -1.000000000000000000, -0.000000000000000000 ) ) ;
#2240 = DIRECTION ( 'NONE',  ( 0.000000000000000000, 1.000000000000000000, 0.000000000000000000 ) ) ;
#2241 = ORIENTED_EDGE ( 'NONE', *, *, #5879, .F. ) ;
#2242 = FACE_BOUND ( 'NONE', #5258, .T. ) ;
#2243 = ORIENTED_EDGE ( 'NONE', *, *, #3800, .F. ) ;
#2244 = ADVANCED_FACE ( 'NONE', ( #2387 ), #5601, .F. ) ;
#2245 = LINE ( 'NONE', #6225, #145 ) ;
#2246 = DIRECTION ( 'NONE',  ( 0.000000000000000000, 1.000000000000000000, 0.000000000000000000 ) ) ;
#2247 = ORIENTED_EDGE ( 'NONE', *, *, #7084, .F. ) ;
#2248 = CIRCLE ( 'NONE', #4618, 1.649999999999998579 ) ;
#2249 = DIRECTION ( 'NONE',  ( -0.000000000000000000, 1.000000000000000000, -0.000000000000000000 ) ) ;
#2250 = VECTOR ( 'NONE', #4024, 1000.000000000000000 ) ;
#2251 = CARTESIAN_POINT ( 'NONE',  ( 6.249999999999998224, 7.499999999999998224, -18.75000000000000000 ) ) ;
#2252 = AXIS2_PLACEMENT_3D ( 'NONE', #5961, #7149, #1505 ) ;
#2253 = VECTOR ( 'NONE', #2397, 1000.000000000000000 ) ;
#2254 = DIRECTION ( 'NONE',  ( 0.000000000000000000, 1.000000000000000000, 0.000000000000000000 ) ) ;
#2255 = PLANE ( 'NONE',  #3049 ) ;
#2256 = ORIENTED_EDGE ( 'NONE', *, *, #2489, .F. ) ;
#2257 = CYLINDRICAL_SURFACE ( 'NONE', #827, 1.649999999999869349 ) ;
#2258 = CARTESIAN_POINT ( 'NONE',  ( -6.249999999999992895, 7.499999999999973355, 31.24999999999986500 ) ) ;
#2259 = EDGE_CURVE ( 'NONE', #339, #7236, #1566, .T. ) ;
#2260 = DIRECTION ( 'NONE',  ( -0.000000000000000000, 1.000000000000000000, -0.000000000000000000 ) ) ;
#2261 = EDGE_LOOP ( 'NONE', ( #1420, #701 ) ) ;
#2262 = CARTESIAN_POINT ( 'NONE',  ( -18.75000000000004263, -2.000000000000000000, -16.25000000000000355 ) ) ;
#2263 = CIRCLE ( 'NONE', #5584, 2.150000000000013678 ) ;
#2264 = DIRECTION ( 'NONE',  ( 0.000000000000000000, 0.000000000000000000, 1.000000000000000000 ) ) ;
#2265 = CONICAL_SURFACE ( 'NONE', #3934, 2.150000000000013678, 0.7853981633974554954 ) ;
#2266 = ORIENTED_EDGE ( 'NONE', *, *, #5860, .F. ) ;
#2267 = CARTESIAN_POINT ( 'NONE',  ( -31.25000000000004263, 7.499999999999994671, -18.75000000000000000 ) ) ;
#2268 = AXIS2_PLACEMENT_3D ( 'NONE', #4518, #3779, #4350 ) ;
#2269 = ORIENTED_EDGE ( 'NONE', *, *, #688, .T. ) ;
#2270 = ORIENTED_EDGE ( 'NONE', *, *, #4801, .T. ) ;
#2271 = ADVANCED_FACE ( 'NONE', ( #6851 ), #6287, .F. ) ;
#2272 = AXIS2_PLACEMENT_3D ( 'NONE', #2750, #6665, #5008 ) ;
#2273 = ADVANCED_FACE ( 'NONE', ( #115 ), #5799, .F. ) ;
#2274 = AXIS2_PLACEMENT_3D ( 'NONE', #1884, #4141, #1215 ) ;
#2275 = DIRECTION ( 'NONE',  ( 0.000000000000000000, 0.000000000000000000, 1.000000000000000000 ) ) ;
#2276 = CARTESIAN_POINT ( 'NONE',  ( 31.25000000000008882, -2.000000000000000000, 31.24999999999999645 ) ) ;
#2277 = VERTEX_POINT ( 'NONE', #2348 ) ;
#2278 = CARTESIAN_POINT ( 'NONE',  ( -31.24999999999999289, 7.500000000000000888, 27.35000000000009024 ) ) ;
#2279 = DIRECTION ( 'NONE',  ( 0.000000000000000000, 1.000000000000000000, 0.000000000000000000 ) ) ;
#2280 = ORIENTED_EDGE ( 'NONE', *, *, #3123, .T. ) ;
#2281 = FACE_OUTER_BOUND ( 'NONE', #6077, .T. ) ;
#2282 = ORIENTED_EDGE ( 'NONE', *, *, #5442, .F. ) ;
#2283 = ADVANCED_FACE ( 'NONE', ( #4613 ), #3920, .F. ) ;
#2284 = VECTOR ( 'NONE', #331, 1000.000000000000000 ) ;
#2285 = AXIS2_PLACEMENT_3D ( 'NONE', #3915, #2740, #924 ) ;
#2286 = DIRECTION ( 'NONE',  ( -0.000000000000000000, -1.000000000000000000, -0.000000000000000000 ) ) ;
#2287 = DIRECTION ( 'NONE',  ( 0.000000000000000000, 0.000000000000000000, 1.000000000000000000 ) ) ;
#2288 = ORIENTED_EDGE ( 'NONE', *, *, #4411, .T. ) ;
#2289 = CARTESIAN_POINT ( 'NONE',  ( 18.75000000000000355, 0.000000000000000000, -18.75000000000004263 ) ) ;
#2290 = ORIENTED_EDGE ( 'NONE', *, *, #1549, .F. ) ;
#2291 = CARTESIAN_POINT ( 'NONE',  ( 35.00000000000000000, 8.000000000000000000, -38.99999999999999289 ) ) ;
#2292 = CARTESIAN_POINT ( 'NONE',  ( -31.25000000000004263, 8.000000000000000000, -18.75000000000000000 ) ) ;
#2293 = LINE ( 'NONE', #1108, #5554 ) ;
#2294 = VERTEX_POINT ( 'NONE', #157 ) ;
#2295 = LINE ( 'NONE', #5262, #6714 ) ;
#2296 = DIRECTION ( 'NONE',  ( 0.000000000000000000, 0.000000000000000000, 1.000000000000000000 ) ) ;
#2297 = VECTOR ( 'NONE', #4366, 1000.000000000000000 ) ;
#2298 = DIRECTION ( 'NONE',  ( 0.000000000000000000, 0.000000000000000000, 1.000000000000000000 ) ) ;
#2299 = VERTEX_POINT ( 'NONE', #2422 ) ;
#2300 = DIRECTION ( 'NONE',  ( 8.659560562354845344E-17, -0.7071067811865547892, 0.7071067811865403563 ) ) ;
#2301 = DIRECTION ( 'NONE',  ( -0.000000000000000000, 1.000000000000000000, -0.000000000000000000 ) ) ;
#2302 = EDGE_LOOP ( 'NONE', ( #2644, #3268 ) ) ;
#2303 = FACE_BOUND ( 'NONE', #3737, .T. ) ;
#2304 = EDGE_LOOP ( 'NONE', ( #3542, #1713, #7347, #6326 ) ) ;
#2305 = ORIENTED_EDGE ( 'NONE', *, *, #6549, .T. ) ;
#2306 = EDGE_CURVE ( 'NONE', #6893, #1557, #5278, .T. ) ;
#2307 = AXIS2_PLACEMENT_3D ( 'NONE', #2267, #3304, #6244 ) ;
#2308 = DIRECTION ( 'NONE',  ( 0.000000000000000000, -0.7071067811865547892, -0.7071067811865403563 ) ) ;
#2309 = DIRECTION ( 'NONE',  ( 0.000000000000000000, 0.000000000000000000, 1.000000000000000000 ) ) ;
#2310 = ORIENTED_EDGE ( 'NONE', *, *, #4216, .T. ) ;
#2311 = CARTESIAN_POINT ( 'NONE',  ( -6.249999999999998224, -2.000000000000000000, -6.250000000000000000 ) ) ;
#2312 = DIRECTION ( 'NONE',  ( 0.000000000000000000, 1.000000000000000000, 0.000000000000000000 ) ) ;
#2313 = ORIENTED_EDGE ( 'NONE', *, *, #4759, .F. ) ;
#2314 = CARTESIAN_POINT ( 'NONE',  ( -31.25000000000008171, 3.000000000000000000, -31.25000000000000000 ) ) ;
#2315 = ADVANCED_FACE ( 'NONE', ( #1465 ), #6672, .F. ) ;
#2316 = ORIENTED_EDGE ( 'NONE', *, *, #3385, .T. ) ;
#2317 = AXIS2_PLACEMENT_3D ( 'NONE', #3956, #5711, #5185 ) ;
#2318 = ADVANCED_FACE ( 'NONE', ( #7141 ), #1944, .F. ) ;
#2319 = EDGE_CURVE ( 'NONE', #191, #3382, #3081, .T. ) ;
#2320 = DIRECTION ( 'NONE',  ( -0.000000000000000000, -1.000000000000000000, -0.000000000000000000 ) ) ;
#2321 = DIRECTION ( 'NONE',  ( 0.000000000000000000, 1.000000000000000000, 0.000000000000000000 ) ) ;
#2322 = ORIENTED_EDGE ( 'NONE', *, *, #1592, .F. ) ;
#2323 = EDGE_CURVE ( 'NONE', #7215, #2339, #3689, .T. ) ;
#2324 = CARTESIAN_POINT ( 'NONE',  ( -31.24999999999999289, 0.5000000000000160982, 31.25000000000008882 ) ) ;
#2325 = ORIENTED_EDGE ( 'NONE', *, *, #4340, .F. ) ;
#2326 = DIRECTION ( 'NONE',  ( 0.000000000000000000, 0.000000000000000000, 1.000000000000000000 ) ) ;
#2327 = DIRECTION ( 'NONE',  ( 0.000000000000000000, 1.000000000000000000, 0.000000000000000000 ) ) ;
#2328 = DIRECTION ( 'NONE',  ( 0.000000000000000000, 0.000000000000000000, 1.000000000000000000 ) ) ;
#2329 = ORIENTED_EDGE ( 'NONE', *, *, #3717, .T. ) ;
#2330 = LINE ( 'NONE', #3399, #231 ) ;
#2331 = DIRECTION ( 'NONE',  ( 0.000000000000000000, 1.000000000000000000, 0.000000000000000000 ) ) ;
#2332 = EDGE_CURVE ( 'NONE', #4484, #3820, #2511, .T. ) ;
#2333 = AXIS2_PLACEMENT_3D ( 'NONE', #3923, #1112, #1634 ) ;
#2334 = DIRECTION ( 'NONE',  ( -0.000000000000000000, -1.000000000000000000, -0.000000000000000000 ) ) ;
#2335 = DIRECTION ( 'NONE',  ( 0.000000000000000000, 0.7071067811865550112, 0.7071067811865400232 ) ) ;
#2336 = DIRECTION ( 'NONE',  ( -0.000000000000000000, -1.000000000000000000, -0.000000000000000000 ) ) ;
#2337 = ORIENTED_EDGE ( 'NONE', *, *, #5958, .F. ) ;
#2338 = CARTESIAN_POINT ( 'NONE',  ( -18.75000000000000355, 7.499999999999998224, 6.250000000000043521 ) ) ;
#2339 = VERTEX_POINT ( 'NONE', #7033 ) ;
#2340 = AXIS2_PLACEMENT_3D ( 'NONE', #3625, #4153, #1377 ) ;
#2341 = ORIENTED_EDGE ( 'NONE', *, *, #630, .F. ) ;
#2342 = VECTOR ( 'NONE', #1135, 1000.000000000000000 ) ;
#2343 = VECTOR ( 'NONE', #2558, 1000.000000000000114 ) ;
#2344 = CARTESIAN_POINT ( 'NONE',  ( 6.250000000000088818, 7.499999999999998224, 32.90000000000000568 ) ) ;
#2345 = AXIS2_PLACEMENT_3D ( 'NONE', #4803, #2686, #1544 ) ;
#2346 = DIRECTION ( 'NONE',  ( 0.000000000000000000, 1.000000000000000000, 0.000000000000000000 ) ) ;
#2347 = ORIENTED_EDGE ( 'NONE', *, *, #1611, .F. ) ;
#2348 = CARTESIAN_POINT ( 'NONE',  ( 31.25000000000000000, 0.5000000000000038858, -4.600000000000083134 ) ) ;
#2349 = DIRECTION ( 'NONE',  ( 0.000000000000000000, 0.000000000000000000, 1.000000000000000000 ) ) ;
#2350 = ORIENTED_EDGE ( 'NONE', *, *, #4082, .F. ) ;
#2351 = DIRECTION ( 'NONE',  ( 0.000000000000000000, 1.000000000000000000, 0.000000000000000000 ) ) ;
#2352 = EDGE_LOOP ( 'NONE', ( #3003, #6936 ) ) ;
#2353 =( GEOMETRIC_REPRESENTATION_CONTEXT ( 3 ) GLOBAL_UNCERTAINTY_ASSIGNED_CONTEXT ( ( #4095 ) ) GLOBAL_UNIT_ASSIGNED_CONTEXT ( ( #2516, #5823, #2918 ) ) REPRESENTATION_CONTEXT ( 'NONE', 'WORKASPACE' ) );
#2354 = ADVANCED_FACE ( 'NONE', ( #380 ), #4882, .F. ) ;
#2355 = LINE ( 'NONE', #5773, #5118 ) ;
#2356 = CARTESIAN_POINT ( 'NONE',  ( 18.75000000000008882, 7.499999999999998224, 29.59999999999999432 ) ) ;
#2357 = ORIENTED_EDGE ( 'NONE', *, *, #4037, .F. ) ;
#2358 = EDGE_LOOP ( 'NONE', ( #5035, #81, #4660, #1826 ) ) ;
#2359 = FACE_OUTER_BOUND ( 'NONE', #7032, .T. ) ;
#2360 = EDGE_CURVE ( 'NONE', #2016, #949, #4203, .T. ) ;
#2361 = ORIENTED_EDGE ( 'NONE', *, *, #246, .T. ) ;
#2362 = EDGE_CURVE ( 'NONE', #6094, #5223, #6551, .T. ) ;
#2363 = ADVANCED_FACE ( 'NONE', ( #5953 ), #7022, .F. ) ;
#2364 = DIRECTION ( 'NONE',  ( -0.000000000000000000, -1.000000000000000000, -0.000000000000000000 ) ) ;
#2365 = CARTESIAN_POINT ( 'NONE',  ( 18.75000000000000000, 0.000000000000000000, 6.249999999999997335 ) ) ;
#2366 = PERSON_AND_ORGANIZATION_ROLE ( 'creator' ) ;
#2367 = EDGE_LOOP ( 'NONE', ( #6418, #576, #2417, #6723 ) ) ;
#2368 = CARTESIAN_POINT ( 'NONE',  ( 35.00000000000000000, 0.000000000000000000, -39.00000000000000711 ) ) ;
#2369 = AXIS2_PLACEMENT_3D ( 'NONE', #7088, #1523, #1556 ) ;
#2370 = EDGE_CURVE ( 'NONE', #2607, #4391, #785, .T. ) ;
#2371 = DIRECTION ( 'NONE',  ( 0.000000000000000000, 1.000000000000000000, 0.000000000000000000 ) ) ;
#2372 = CONICAL_SURFACE ( 'NONE', #5572, 2.499999999999995115, 0.7853981633974400633 ) ;
#2373 = CIRCLE ( 'NONE', #4627, 2.150000000000012790 ) ;
#2374 = DIRECTION ( 'NONE',  ( 0.000000000000000000, 1.000000000000000000, 0.000000000000000000 ) ) ;
#2375 = LINE ( 'NONE', #1257, #1041 ) ;
#2376 = VERTEX_POINT ( 'NONE', #4239 ) ;
#2377 = FACE_BOUND ( 'NONE', #349, .T. ) ;
#2378 = ORIENTED_EDGE ( 'NONE', *, *, #6914, .F. ) ;
#2379 = AXIS2_PLACEMENT_3D ( 'NONE', #1088, #76, #6285 ) ;
#2380 = EDGE_LOOP ( 'NONE', ( #6717, #4087, #1290, #6768 ) ) ;
#2381 = AXIS2_PLACEMENT_3D ( 'NONE', #5013, #2097, #6143 ) ;
#2382 = CARTESIAN_POINT ( 'NONE',  ( -31.25000000000008171, 8.000000000000000000, -35.64999999999999858 ) ) ;
#2383 = AXIS2_PLACEMENT_3D ( 'NONE', #1164, #5764, #4125 ) ;
#2384 = DIRECTION ( 'NONE',  ( 0.000000000000000000, 0.000000000000000000, 1.000000000000000000 ) ) ;
#2385 = AXIS2_PLACEMENT_3D ( 'NONE', #623, #6197, #3740 ) ;
#2386 = ORIENTED_EDGE ( 'NONE', *, *, #3522, .F. ) ;
#2387 = FACE_OUTER_BOUND ( 'NONE', #2380, .T. ) ;
#2388 = DIRECTION ( 'NONE',  ( -0.000000000000000000, -1.000000000000000000, -0.000000000000000000 ) ) ;
#2389 = VERTEX_POINT ( 'NONE', #1385 ) ;
#2390 = CARTESIAN_POINT ( 'NONE',  ( -18.75000000000000000, 0.000000000000000000, 18.75000000000004263 ) ) ;
#2391 = ORIENTED_EDGE ( 'NONE', *, *, #6838, .F. ) ;
#2392 = AXIS2_PLACEMENT_3D ( 'NONE', #2619, #4885, #4374 ) ;
#2393 = DIRECTION ( 'NONE',  ( 0.000000000000000000, 0.000000000000000000, 1.000000000000000000 ) ) ;
#2394 = FACE_OUTER_BOUND ( 'NONE', #2128, .T. ) ;
#2395 = VECTOR ( 'NONE', #2300, 1000.000000000000114 ) ;
#2396 = ORIENTED_EDGE ( 'NONE', *, *, #5595, .F. ) ;
#2397 = DIRECTION ( 'NONE',  ( 0.000000000000000000, -0.7071067811865440200, -0.7071067811865511255 ) ) ;
#2398 = EDGE_CURVE ( 'NONE', #5384, #6476, #491, .T. ) ;
#2399 = VECTOR ( 'NONE', #4345, 1000.000000000000000 ) ;
#2400 = ORIENTED_EDGE ( 'NONE', *, *, #503, .T. ) ;
#2401 = CONICAL_SURFACE ( 'NONE', #4891, 1.650000000000003020, 0.7853981633974568277 ) ;
#2402 = LINE ( 'NONE', #2513, #2979 ) ;
#2403 = DIRECTION ( 'NONE',  ( -0.000000000000000000, 1.000000000000000000, -0.000000000000000000 ) ) ;
#2404 = CALENDAR_DATE ( 2026, 21, 8 ) ;
#2405 = CIRCLE ( 'NONE', #4308, 2.149999999999985256 ) ;
#2406 = ORIENTED_EDGE ( 'NONE', *, *, #5876, .T. ) ;
#2407 = DIRECTION ( 'NONE',  ( 0.000000000000000000, 1.000000000000000000, 0.000000000000000000 ) ) ;
#2408 = ADVANCED_FACE ( 'NONE', ( #5390 ), #303, .F. ) ;
#2409 = CARTESIAN_POINT ( 'NONE',  ( 31.25000000000008882, 3.000000000000000000, 33.64999999999999858 ) ) ;
#2410 = ADVANCED_FACE ( 'NONE', ( #3743 ), #1085, .F. ) ;
#2411 = EDGE_CURVE ( 'NONE', #314, #3087, #1923, .T. ) ;
#2412 = FACE_OUTER_BOUND ( 'NONE', #1534, .T. ) ;
#2413 = CARTESIAN_POINT ( 'NONE',  ( -6.249999999999998224, 0.000000000000000000, -6.250000000000000000 ) ) ;
#2414 = VERTEX_POINT ( 'NONE', #2017 ) ;
#2415 = FACE_BOUND ( 'NONE', #4847, .T. ) ;
#2416 = ORIENTED_EDGE ( 'NONE', *, *, #6162, .F. ) ;
#2417 = ORIENTED_EDGE ( 'NONE', *, *, #6415, .T. ) ;
#2418 = VECTOR ( 'NONE', #3687, 1000.000000000000000 ) ;
#2419 = CARTESIAN_POINT ( 'NONE',  ( -18.75000000000008527, 8.000000000000000000, -29.10000000000000142 ) ) ;
#2420 = DIRECTION ( 'NONE',  ( 0.000000000000000000, 0.000000000000000000, 1.000000000000000000 ) ) ;
#2421 = ORIENTED_EDGE ( 'NONE', *, *, #320, .F. ) ;
#2422 = CARTESIAN_POINT ( 'NONE',  ( -18.75000000000000355, 0.000000000000000000, 4.100000000000030731 ) ) ;
#2423 = DIRECTION ( 'NONE',  ( 0.000000000000000000, 0.000000000000000000, -1.000000000000000000 ) ) ;
#2424 = ORIENTED_EDGE ( 'NONE', *, *, #5033, .F. ) ;
#2425 = DIRECTION ( 'NONE',  ( -0.000000000000000000, 1.000000000000000000, -0.000000000000000000 ) ) ;
#2426 = ORIENTED_EDGE ( 'NONE', *, *, #2013, .T. ) ;
#2427 = CIRCLE ( 'NONE', #3727, 1.650000000000000355 ) ;
#2428 = CARTESIAN_POINT ( 'NONE',  ( 18.75000000000000355, 7.499999999999987566, -18.75000000000004263 ) ) ;
#2429 = CARTESIAN_POINT ( 'NONE',  ( 34.99999999999999289, 8.000000000000000000, 38.99999999999997868 ) ) ;
#2430 = DIRECTION ( 'NONE',  ( 0.000000000000000000, 1.000000000000000000, 0.000000000000000000 ) ) ;
#2431 = VECTOR ( 'NONE', #5036, 1000.000000000000000 ) ;
#2432 = ORIENTED_EDGE ( 'NONE', *, *, #320, .T. ) ;
#2433 = ORIENTED_EDGE ( 'NONE', *, *, #6263, .F. ) ;
#2434 = DIRECTION ( 'NONE',  ( -0.000000000000000000, -1.000000000000000000, -0.000000000000000000 ) ) ;
#2435 = ORIENTED_EDGE ( 'NONE', *, *, #2259, .F. ) ;
#2436 = DIRECTION ( 'NONE',  ( 0.000000000000000000, 0.000000000000000000, 1.000000000000000000 ) ) ;
#2437 = ORIENTED_EDGE ( 'NONE', *, *, #3985, .T. ) ;
#2438 = CARTESIAN_POINT ( 'NONE',  ( -34.99999999999999289, 8.000000000000000000, 39.99999999999999289 ) ) ;
#2439 = EDGE_CURVE ( 'NONE', #4324, #6754, #5713, .T. ) ;
#2440 = DIRECTION ( 'NONE',  ( 0.000000000000000000, 0.000000000000000000, 1.000000000000000000 ) ) ;
#2441 = EDGE_LOOP ( 'NONE', ( #3626, #3246 ) ) ;
#2442 = DIRECTION ( 'NONE',  ( 0.000000000000000000, 0.000000000000000000, -1.000000000000000000 ) ) ;
#2443 = DIRECTION ( 'NONE',  ( 0.000000000000000000, 0.000000000000000000, -1.000000000000000000 ) ) ;
#2444 = ADVANCED_FACE ( 'NONE', ( #3189 ), #6079, .T. ) ;
#2445 = EDGE_CURVE ( 'NONE', #3592, #1282, #3446, .T. ) ;
#2446 = DIRECTION ( 'NONE',  ( -0.000000000000000000, -1.000000000000000000, -0.000000000000000000 ) ) ;
#2447 = CARTESIAN_POINT ( 'NONE',  ( 18.75000000000004263, 7.499999999999984013, 18.75000000000000000 ) ) ;
#2448 = ORIENTED_EDGE ( 'NONE', *, *, #4037, .T. ) ;
#2449 = FACE_BOUND ( 'NONE', #5786, .T. ) ;
#2450 = VERTEX_POINT ( 'NONE', #1076 ) ;
#2451 = VECTOR ( 'NONE', #5357, 1000.000000000000000 ) ;
#2453 = EDGE_CURVE ( 'NONE', #6574, #3967, #4296, .T. ) ;
#2452 = CC_DESIGN_PERSON_AND_ORGANIZATION_ASSIGNMENT ( #3585, #2366, ( #501 ) ) ;
#2454 = ADVANCED_FACE ( 'NONE', ( #4353 ), #3570, .F. ) ;
#2455 = DIRECTION ( 'NONE',  ( 0.000000000000000000, 0.000000000000000000, 1.000000000000000000 ) ) ;
#2456 = ADVANCED_FACE ( 'NONE', ( #7275 ), #1571, .F. ) ;
#2457 = DIRECTION ( 'NONE',  ( 0.000000000000000000, 1.000000000000000000, 0.000000000000000000 ) ) ;
#2458 = EDGE_LOOP ( 'NONE', ( #1136, #4399, #2736, #2071 ) ) ;
#2459 = CARTESIAN_POINT ( 'NONE',  ( -6.249999999999999112, 7.499999999999998224, 4.599999999999996092 ) ) ;
#2460 = AXIS2_PLACEMENT_3D ( 'NONE', #1606, #1011, #1500 ) ;
#2461 = DIRECTION ( 'NONE',  ( 0.000000000000000000, 0.000000000000000000, -1.000000000000000000 ) ) ;
#2462 = CIRCLE ( 'NONE', #6492, 2.499999999999995115 ) ;
#2463 = ORIENTED_EDGE ( 'NONE', *, *, #132, .T. ) ;
#2464 = CARTESIAN_POINT ( 'NONE',  ( -40.00000000000000711, 1.000000000000000888, -40.00000000000000711 ) ) ;
#2465 = VERTEX_POINT ( 'NONE', #5568 ) ;
#2466 = CIRCLE ( 'NONE', #929, 2.149999999999985256 ) ;
#2467 = AXIS2_PLACEMENT_3D ( 'NONE', #2731, #6685, #536 ) ;
#2468 = CARTESIAN_POINT ( 'NONE',  ( -6.249999999999992895, 7.499999999999973355, 31.24999999999986500 ) ) ;
#2469 = LINE ( 'NONE', #1356, #7260 ) ;
#2470 = CYLINDRICAL_SURFACE ( 'NONE', #5772, 1.650000000000003020 ) ;
#2471 = EDGE_LOOP ( 'NONE', ( #4189, #2817, #1173, #3280 ) ) ;
#2472 = CIRCLE ( 'NONE', #4254, 1.649999999999870237 ) ;
#2473 = EDGE_CURVE ( 'NONE', #6745, #7321, #3853, .T. ) ;
#2474 = DIRECTION ( 'NONE',  ( 0.000000000000000000, 0.000000000000000000, 1.000000000000000000 ) ) ;
#2475 = CARTESIAN_POINT ( 'NONE',  ( 6.250000000000088818, 0.000000000000000000, 31.25000000000000000 ) ) ;
#2476 = LINE ( 'NONE', #4777, #5539 ) ;
#2477 = ORIENTED_EDGE ( 'NONE', *, *, #5095, .F. ) ;
#2478 = PERSON_AND_ORGANIZATION ( #3223, #5072 ) ;
#2479 = ORIENTED_EDGE ( 'NONE', *, *, #1796, .T. ) ;
#2480 = LINE ( 'NONE', #1930, #5337 ) ;
#2481 = CARTESIAN_POINT ( 'NONE',  ( -6.249999999999996447, 0.000000000000000000, 18.75000000000000000 ) ) ;
#2482 = DIRECTION ( 'NONE',  ( 0.000000000000000000, 1.000000000000000000, 0.000000000000000000 ) ) ;
#2483 = DIRECTION ( 'NONE',  ( 0.000000000000000000, -0.7071067811865546782, -0.7071067811865403563 ) ) ;
#2484 = ORIENTED_EDGE ( 'NONE', *, *, #858, .F. ) ;
#2485 = CARTESIAN_POINT ( 'NONE',  ( -6.249999999999998224, 0.000000000000000000, -6.250000000000000000 ) ) ;
#2486 = EDGE_LOOP ( 'NONE', ( #3677, #6446, #5548, #5665 ) ) ;
#2487 = CONICAL_SURFACE ( 'NONE', #1185, 2.149999999999985256, 0.7853981633974401744 ) ;
#2488 = VECTOR ( 'NONE', #250, 1000.000000000000114 ) ;
#2489 = EDGE_CURVE ( 'NONE', #2219, #5535, #6165, .T. ) ;
#2490 = CARTESIAN_POINT ( 'NONE',  ( -18.74999999999999289, 8.000000000000000000, 31.25000000000004263 ) ) ;
#2491 = LINE ( 'NONE', #6957, #4985 ) ;
#2492 = VERTEX_POINT ( 'NONE', #3301 ) ;
#2493 = CARTESIAN_POINT ( 'NONE',  ( -18.75000000000008527, 0.000000000000000000, -31.25000000000000000 ) ) ;
#2494 = AXIS2_PLACEMENT_3D ( 'NONE', #7073, #1876, #3017 ) ;
#2495 = CARTESIAN_POINT ( 'NONE',  ( 0.000000000000000000, 0.000000000000000000, -39.00000000000000711 ) ) ;
#2496 = ORIENTED_EDGE ( 'NONE', *, *, #6327, .T. ) ;
#2497 = CARTESIAN_POINT ( 'NONE',  ( -18.75000000000000000, -2.000000000000000000, -6.250000000000000000 ) ) ;
#2498 = ORIENTED_EDGE ( 'NONE', *, *, #3657, .F. ) ;
#2499 = EDGE_CURVE ( 'NONE', #7112, #97, #1605, .T. ) ;
#2500 = EDGE_CURVE ( 'NONE', #7213, #97, #6303, .T. ) ;
#2501 = VECTOR ( 'NONE', #6637, 1000.000000000000000 ) ;
#2502 = AXIS2_PLACEMENT_3D ( 'NONE', #2172, #3891, #3308 ) ;
#2503 = DIRECTION ( 'NONE',  ( 0.000000000000000000, 1.000000000000000000, 0.000000000000000000 ) ) ;
#2504 = CARTESIAN_POINT ( 'NONE',  ( -34.99999999999999289, 0.000000000000000000, 38.99999999999999289 ) ) ;
#2505 = DIRECTION ( 'NONE',  ( 0.000000000000000000, 1.000000000000000000, 0.000000000000000000 ) ) ;
#2506 = LINE ( 'NONE', #2576, #7306 ) ;
#2507 = EDGE_CURVE ( 'NONE', #487, #4436, #1682, .T. ) ;
#2508 = VERTEX_POINT ( 'NONE', #3782 ) ;
#2509 = ORIENTED_EDGE ( 'NONE', *, *, #3241, .T. ) ;
#2510 = AXIS2_PLACEMENT_3D ( 'NONE', #340, #2602, #4319 ) ;
#2511 = CIRCLE ( 'NONE', #4044, 2.149999999999999023 ) ;
#2512 = AXIS2_PLACEMENT_3D ( 'NONE', #3320, #2832, #2730 ) ;
#2513 = CARTESIAN_POINT ( 'NONE',  ( -35.00000000000000711, 8.000000000000000000, -38.99999999999999289 ) ) ;
#2514 = DIRECTION ( 'NONE',  ( -0.000000000000000000, 1.000000000000000000, -0.000000000000000000 ) ) ;
#2515 = EDGE_LOOP ( 'NONE', ( #4624, #298, #4278, #1464 ) ) ;
#2516 =( LENGTH_UNIT ( ) NAMED_UNIT ( * ) SI_UNIT ( .MILLI., .METRE. ) );
#2517 = ORIENTED_EDGE ( 'NONE', *, *, #3866, .T. ) ;
#2518 = CARTESIAN_POINT ( 'NONE',  ( 18.74999999999999645, 8.000000000000000000, -29.10000000000004405 ) ) ;
#2519 = DIRECTION ( 'NONE',  ( 0.000000000000000000, 0.7071067811865422437, 0.7071067811865526798 ) ) ;
#2520 = AXIS2_PLACEMENT_3D ( 'NONE', #3553, #633, #4531 ) ;
#2521 = AXIS2_PLACEMENT_3D ( 'NONE', #834, #6638, #1396 ) ;
#2522 = VECTOR ( 'NONE', #2703, 1000.000000000000000 ) ;
#2523 = LINE ( 'NONE', #5416, #2284 ) ;
#2524 = DIRECTION ( 'NONE',  ( 0.000000000000000000, 0.000000000000000000, 1.000000000000000000 ) ) ;
#2525 = ORIENTED_EDGE ( 'NONE', *, *, #6358, .T. ) ;
#2526 = CARTESIAN_POINT ( 'NONE',  ( -31.25000000000000000, 0.5000000000000065503, 20.40000000000009450 ) ) ;
#2527 = VERTEX_POINT ( 'NONE', #3371 ) ;
#2528 = CARTESIAN_POINT ( 'NONE',  ( 6.249999999999996447, 8.000000000000000000, -31.24999999999986500 ) ) ;
#2529 = DIRECTION ( 'NONE',  ( 0.000000000000000000, 1.000000000000000000, 0.000000000000000000 ) ) ;
#2530 = ORIENTED_EDGE ( 'NONE', *, *, #1724, .F. ) ;
#2531 = DIRECTION ( 'NONE',  ( 0.000000000000000000, 0.000000000000000000, -1.000000000000000000 ) ) ;
#2532 = CARTESIAN_POINT ( 'NONE',  ( -6.249999999999996447, 8.000000000000000000, 18.75000000000000000 ) ) ;
#2533 = ORIENTED_EDGE ( 'NONE', *, *, #5540, .T. ) ;
#2534 = DIRECTION ( 'NONE',  ( 0.7071067811865474617, 0.7071067811865474617, 0.000000000000000000 ) ) ;
#2535 = EDGE_CURVE ( 'NONE', #767, #2016, #5830, .T. ) ;
#2536 = VERTEX_POINT ( 'NONE', #3926 ) ;
#2537 = AXIS2_PLACEMENT_3D ( 'NONE', #5092, #3420, #2138 ) ;
#2538 = CARTESIAN_POINT ( 'NONE',  ( -18.75000000000000355, -2.000000000000000000, 6.250000000000043521 ) ) ;
#2539 = EDGE_CURVE ( 'NONE', #2788, #4905, #2628, .T. ) ;
#2540 = DIRECTION ( 'NONE',  ( -0.000000000000000000, 1.000000000000000000, -0.000000000000000000 ) ) ;
#2541 = CARTESIAN_POINT ( 'NONE',  ( -6.249999999999999112, 0.5000000000000056621, 7.900000000000000355 ) ) ;
#2542 = DIRECTION ( 'NONE',  ( 0.000000000000000000, 0.000000000000000000, 1.000000000000000000 ) ) ;
#2543 = ORIENTED_EDGE ( 'NONE', *, *, #1689, .T. ) ;
#2544 = EDGE_CURVE ( 'NONE', #669, #2040, #6433, .T. ) ;
#2545 = ORIENTED_EDGE ( 'NONE', *, *, #1601, .F. ) ;
#2546 = EDGE_LOOP ( 'NONE', ( #2094, #118 ) ) ;
#2547 = AXIS2_PLACEMENT_3D ( 'NONE', #788, #4058, #6334 ) ;
#2548 = ADVANCED_FACE ( 'NONE', ( #1010 ), #4997, .F. ) ;
#2549 = CARTESIAN_POINT ( 'NONE',  ( 18.75000000000004263, 8.000000000000000000, 15.74999999999999645 ) ) ;
#2550 = CARTESIAN_POINT ( 'NONE',  ( 6.249999999999998224, 0.000000000000000000, -20.89999999999999858 ) ) ;
#2552 = ORIENTED_EDGE ( 'NONE', *, *, #5992, .T. ) ;
#2551 = ADVANCED_FACE ( 'NONE', ( #6134 ), #1096, .F. ) ;
#2553 = ORIENTED_EDGE ( 'NONE', *, *, #4801, .F. ) ;
#2554 = CARTESIAN_POINT ( 'NONE',  ( -6.249999999999996447, 0.5000000000000125455, 18.75000000000000000 ) ) ;
#2555 = DIRECTION ( 'NONE',  ( 0.000000000000000000, 1.000000000000000000, 0.000000000000000000 ) ) ;
#2556 = CIRCLE ( 'NONE', #1492, 2.149999999999984368 ) ;
#2557 = CARTESIAN_POINT ( 'NONE',  ( 6.250000000000043521, -2.000000000000000000, 18.75000000000000355 ) ) ;
#2558 = DIRECTION ( 'NONE',  ( 0.000000000000000000, 0.7071067811865474617, -0.7071067811865474617 ) ) ;
#2559 = ORIENTED_EDGE ( 'NONE', *, *, #1633, .T. ) ;
#2560 = CARTESIAN_POINT ( 'NONE',  ( -18.74999999999999289, -2.000000000000000000, 31.25000000000004263 ) ) ;
#2561 = ORIENTED_EDGE ( 'NONE', *, *, #3075, .F. ) ;
#2562 = ADVANCED_FACE ( 'NONE', ( #1672 ), #1805, .F. ) ;
#2563 = CARTESIAN_POINT ( 'NONE',  ( -6.249999999999992895, 0.000000000000000000, 31.24999999999986500 ) ) ;
#2564 = DIRECTION ( 'NONE',  ( 0.000000000000000000, 0.000000000000000000, 1.000000000000000000 ) ) ;
#2565 = ORIENTED_EDGE ( 'NONE', *, *, #6812, .F. ) ;
#2566 = DIRECTION ( 'NONE',  ( 0.000000000000000000, 0.000000000000000000, 1.000000000000000000 ) ) ;
#2567 = CARTESIAN_POINT ( 'NONE',  ( 31.25000000000000000, 0.000000000000000000, -31.25000000000008171 ) ) ;
#2568 = EDGE_LOOP ( 'NONE', ( #3781, #5430, #610, #5573 ) ) ;
#2569 = CARTESIAN_POINT ( 'NONE',  ( 18.75000000000000355, 8.000000000000000000, -8.400000000000055422 ) ) ;
#2570 = AXIS2_PLACEMENT_3D ( 'NONE', #6604, #7152, #5510 ) ;
#2571 = VERTEX_POINT ( 'NONE', #6700 ) ;
#2572 = AXIS2_PLACEMENT_3D ( 'NONE', #4427, #7212, #4320 ) ;
#2573 = LINE ( 'NONE', #4835, #3197 ) ;
#2574 = FACE_OUTER_BOUND ( 'NONE', #6827, .T. ) ;
#2575 = CARTESIAN_POINT ( 'NONE',  ( 31.25000000000000000, 0.5000000000000038858, -6.250000000000086153 ) ) ;
#2576 = CARTESIAN_POINT ( 'NONE',  ( 39.99999999999999289, 8.000000000000000000, -35.00000000000000711 ) ) ;
#2577 = ORIENTED_EDGE ( 'NONE', *, *, #4984, .F. ) ;
#2578 = CARTESIAN_POINT ( 'NONE',  ( -31.25000000000000000, 7.499999999999984013, 17.10000000000009024 ) ) ;
#2579 = EDGE_LOOP ( 'NONE', ( #3451, #2484, #342, #6365 ) ) ;
#2580 = ORIENTED_EDGE ( 'NONE', *, *, #5715, .T. ) ;
#2581 = AXIS2_PLACEMENT_3D ( 'NONE', #5658, #2246, #15 ) ;
#2582 = EDGE_CURVE ( 'NONE', #1872, #878, #6730, .T. ) ;
#2583 = CARTESIAN_POINT ( 'NONE',  ( 18.75000000000000000, 0.000000000000000000, 8.399999999999984368 ) ) ;
#2584 = AXIS2_PLACEMENT_3D ( 'NONE', #6693, #1031, #369 ) ;
#2585 = LINE ( 'NONE', #243, #4111 ) ;
#2586 = EDGE_LOOP ( 'NONE', ( #4832, #2130, #6009, #6880 ) ) ;
#2587 = VERTEX_POINT ( 'NONE', #3884 ) ;
#2588 = CARTESIAN_POINT ( 'NONE',  ( 18.75000000000000355, 0.000000000000000000, -15.75000000000003908 ) ) ;
#2589 = CARTESIAN_POINT ( 'NONE',  ( 18.75000000000000000, 0.000000000000000000, 8.399999999999984368 ) ) ;
#2590 = EDGE_CURVE ( 'NONE', #4179, #3731, #518, .T. ) ;
#2591 = AXIS2_PLACEMENT_3D ( 'NONE', #4483, #6722, #5597 ) ;
#2592 = EDGE_CURVE ( 'NONE', #527, #5561, #1208, .T. ) ;
#2593 = DIRECTION ( 'NONE',  ( 0.000000000000000000, 0.000000000000000000, 1.000000000000000000 ) ) ;
#2594 = DIRECTION ( 'NONE',  ( 0.000000000000000000, 0.000000000000000000, -1.000000000000000000 ) ) ;
#2595 = EDGE_CURVE ( 'NONE', #6772, #1345, #1333, .T. ) ;
#2596 = ORIENTED_EDGE ( 'NONE', *, *, #2629, .T. ) ;
#2597 = CARTESIAN_POINT ( 'NONE',  ( 18.75000000000000000, 8.000000000000000000, 6.249999999999997335 ) ) ;
#2598 = LINE ( 'NONE', #4859, #6510 ) ;
#2599 = DIRECTION ( 'NONE',  ( 0.000000000000000000, 0.7071067811865415775, 0.7071067811865535679 ) ) ;
#2600 = DIRECTION ( 'NONE',  ( 0.000000000000000000, -0.7071067811865547892, -0.7071067811865403563 ) ) ;
#2601 = EDGE_LOOP ( 'NONE', ( #5972, #2085, #2890, #2266 ) ) ;
#2602 = DIRECTION ( 'NONE',  ( 0.000000000000000000, -1.000000000000000000, 0.000000000000000000 ) ) ;
#2603 = CARTESIAN_POINT ( 'NONE',  ( 31.25000000000008882, 3.000000000000000000, 31.24999999999999645 ) ) ;
#2604 = ORIENTED_EDGE ( 'NONE', *, *, #4634, .F. ) ;
#2605 = DIRECTION ( 'NONE',  ( -0.000000000000000000, 1.000000000000000000, -0.000000000000000000 ) ) ;
#2606 = VECTOR ( 'NONE', #5862, 1000.000000000000000 ) ;
#2607 = VERTEX_POINT ( 'NONE', #31 ) ;
#2608 = AXIS2_PLACEMENT_3D ( 'NONE', #6448, #7072, #3606 ) ;
#2609 = LINE ( 'NONE', #1914, #4150 ) ;
#2610 = CARTESIAN_POINT ( 'NONE',  ( 31.25000000000000000, -2.000000000000000000, -31.25000000000008171 ) ) ;
#2611 = DIRECTION ( 'NONE',  ( 0.000000000000000000, 0.000000000000000000, 1.000000000000000000 ) ) ;
#2612 = CARTESIAN_POINT ( 'NONE',  ( -6.249999999999996447, 7.499999999999991118, 20.39999999999999503 ) ) ;
#2613 = EDGE_LOOP ( 'NONE', ( #3227, #5966, #5843, #1458 ) ) ;
#2614 = CARTESIAN_POINT ( 'NONE',  ( -18.75000000000008527, 0.000000000000000000, -33.39999999999999858 ) ) ;
#2615 = EDGE_LOOP ( 'NONE', ( #4358, #1169 ) ) ;
#2616 = ORIENTED_EDGE ( 'NONE', *, *, #4773, .T. ) ;
#2617 = CIRCLE ( 'NONE', #962, 1.649999999999870237 ) ;
#2618 = CIRCLE ( 'NONE', #4513, 1.649999999999998579 ) ;
#2619 = CARTESIAN_POINT ( 'NONE',  ( 34.99999999999999289, 8.000000000000000000, 35.00000000000000000 ) ) ;
#2620 = AXIS2_PLACEMENT_3D ( 'NONE', #2969, #1344, #3598 ) ;
#2621 = CARTESIAN_POINT ( 'NONE',  ( -31.24999999999999289, 3.000000000000000000, 31.25000000000008882 ) ) ;
#2622 = AXIS2_PLACEMENT_3D ( 'NONE', #423, #6816, #4980 ) ;
#2623 = VERTEX_POINT ( 'NONE', #1744 ) ;
#2624 = ORIENTED_EDGE ( 'NONE', *, *, #3449, .T. ) ;
#2625 = DIRECTION ( 'NONE',  ( 0.000000000000000000, 0.7071067811865424657, 0.7071067811865526798 ) ) ;
#2626 = EDGE_CURVE ( 'NONE', #4063, #4324, #5229, .T. ) ;
#2627 = CARTESIAN_POINT ( 'NONE',  ( -34.99999999999999289, 0.000000000000000000, 34.99999999999999289 ) ) ;
#2628 = CIRCLE ( 'NONE', #376, 3.000000000000002665 ) ;
#2629 = EDGE_CURVE ( 'NONE', #3638, #5255, #3963, .T. ) ;
#2630 = CYLINDRICAL_SURFACE ( 'NONE', #3701, 1.650000000000000355 ) ;
#2631 = CARTESIAN_POINT ( 'NONE',  ( -18.75000000000004263, 0.5000000000000061062, -18.75000000000000355 ) ) ;
#2632 = ORIENTED_EDGE ( 'NONE', *, *, #830, .F. ) ;
#2633 = DIRECTION ( 'NONE',  ( 0.000000000000000000, 0.000000000000000000, 1.000000000000000000 ) ) ;
#2634 = CONICAL_SURFACE ( 'NONE', #6797, 2.149999999999985256, 0.7853981633974401744 ) ;
#2635 = EDGE_CURVE ( 'NONE', #4234, #3230, #4650, .T. ) ;
#2636 = EDGE_LOOP ( 'NONE', ( #2322, #7351, #3249, #5981 ) ) ;
#2637 = ADVANCED_FACE ( 'NONE', ( #2960 ), #697, .F. ) ;
#2638 = AXIS2_PLACEMENT_3D ( 'NONE', #4482, #5596, #3773 ) ;
#2639 = CARTESIAN_POINT ( 'NONE',  ( 18.75000000000000000, 7.500000000000005329, 4.600000000000002309 ) ) ;
#2640 = CARTESIAN_POINT ( 'NONE',  ( 31.25000000000008882, 3.000000000000000000, 31.24999999999999645 ) ) ;
#2641 = ORIENTED_EDGE ( 'NONE', *, *, #3417, .T. ) ;
#2642 = DIRECTION ( 'NONE',  ( 0.000000000000000000, 0.000000000000000000, 1.000000000000000000 ) ) ;
#2643 = CYLINDRICAL_SURFACE ( 'NONE', #329, 2.499999999999995115 ) ;
#2644 = ORIENTED_EDGE ( 'NONE', *, *, #2259, .T. ) ;
#2645 = LINE ( 'NONE', #306, #6343 ) ;
#2646 = ORIENTED_EDGE ( 'NONE', *, *, #6173, .T. ) ;
#2647 = DIRECTION ( 'NONE',  ( 0.000000000000000000, 0.000000000000000000, 1.000000000000000000 ) ) ;
#2648 = DIRECTION ( 'NONE',  ( 8.659560562354984627E-17, -0.7071067811865434649, 0.7071067811865516806 ) ) ;
#2649 = CARTESIAN_POINT ( 'NONE',  ( -18.75000000000000355, 7.499999999999998224, 4.600000000000041389 ) ) ;
#2650 = CARTESIAN_POINT ( 'NONE',  ( 31.25000000000004263, -2.000000000000000000, 18.74999999999999645 ) ) ;
#2651 = ORIENTED_EDGE ( 'NONE', *, *, #1138, .F. ) ;
#2652 = FACE_BOUND ( 'NONE', #1641, .T. ) ;
#2653 = ORIENTED_EDGE ( 'NONE', *, *, #2306, .T. ) ;
#2654 = EDGE_CURVE ( 'NONE', #305, #6507, #4769, .T. ) ;
#2655 = DIRECTION ( 'NONE',  ( 0.000000000000000000, 0.000000000000000000, 1.000000000000000000 ) ) ;
#2656 = CARTESIAN_POINT ( 'NONE',  ( 18.75000000000000355, 0.000000000000000000, -8.400000000000027001 ) ) ;
#2657 = AXIS2_PLACEMENT_3D ( 'NONE', #4091, #6927, #82 ) ;
#2658 = ORIENTED_EDGE ( 'NONE', *, *, #6868, .F. ) ;
#2659 = DIRECTION ( 'NONE',  ( -0.000000000000000000, 1.000000000000000000, -0.000000000000000000 ) ) ;
#2660 = CARTESIAN_POINT ( 'NONE',  ( -31.24999999999999289, -2.000000000000000000, 33.65000000000009095 ) ) ;
#2661 = AXIS2_PLACEMENT_3D ( 'NONE', #2963, #4680, #6951 ) ;
#2662 = EDGE_CURVE ( 'NONE', #3072, #5532, #1293, .T. ) ;
#2663 = DIRECTION ( 'NONE',  ( 0.000000000000000000, 0.000000000000000000, 1.000000000000000000 ) ) ;
#2664 = DIRECTION ( 'NONE',  ( 0.000000000000000000, 0.000000000000000000, -1.000000000000000000 ) ) ;
#2665 = AXIS2_PLACEMENT_3D ( 'NONE', #2485, #217, #5905 ) ;
#2666 = ORIENTED_EDGE ( 'NONE', *, *, #1410, .F. ) ;
#2667 = CARTESIAN_POINT ( 'NONE',  ( -6.249999999999999112, 8.000000000000000000, 6.249999999999998224 ) ) ;
#2668 = EDGE_LOOP ( 'NONE', ( #2092, #1503, #565, #91 ) ) ;
#2669 = EDGE_CURVE ( 'NONE', #6373, #2607, #2048, .T. ) ;
#2670 = EDGE_CURVE ( 'NONE', #5845, #2623, #1189, .T. ) ;
#2671 = FACE_OUTER_BOUND ( 'NONE', #1573, .T. ) ;
#2672 = DIRECTION ( 'NONE',  ( 0.000000000000000000, 0.000000000000000000, 1.000000000000000000 ) ) ;
#2673 = ORIENTED_EDGE ( 'NONE', *, *, #3217, .F. ) ;
#2674 = DIRECTION ( 'NONE',  ( 8.659560562354840414E-17, 0.7071067811865550112, -0.7071067811865400232 ) ) ;
#2675 = LINE ( 'NONE', #1466, #3636 ) ;
#2676 = ORIENTED_EDGE ( 'NONE', *, *, #4120, .T. ) ;
#2677 = DIRECTION ( 'NONE',  ( 0.000000000000000000, 0.000000000000000000, 1.000000000000000000 ) ) ;
#2678 = ORIENTED_EDGE ( 'NONE', *, *, #3040, .T. ) ;
#2679 = EDGE_CURVE ( 'NONE', #1786, #1061, #5716, .T. ) ;
#2680 = EDGE_CURVE ( 'NONE', #1021, #1513, #5720, .T. ) ;
#2681 = ADVANCED_FACE ( 'NONE', ( #4642 ), #1854, .F. ) ;
#2682 = CARTESIAN_POINT ( 'NONE',  ( -18.74999999999999289, 7.499999999999991118, 31.25000000000004263 ) ) ;
#2683 = CARTESIAN_POINT ( 'NONE',  ( -31.24999999999999289, -2.000000000000000000, 31.25000000000008882 ) ) ;
#2684 = DIRECTION ( 'NONE',  ( 0.000000000000000000, 1.000000000000000000, 0.000000000000000000 ) ) ;
#2685 = CIRCLE ( 'NONE', #432, 1.649999999999998579 ) ;
#2686 = DIRECTION ( 'NONE',  ( -0.000000000000000000, -1.000000000000000000, -0.000000000000000000 ) ) ;
#2687 = ORIENTED_EDGE ( 'NONE', *, *, #5992, .F. ) ;
#2688 = CARTESIAN_POINT ( 'NONE',  ( 18.75000000000008882, 0.000000000000000000, 29.09999999999996945 ) ) ;
#2689 = EDGE_CURVE ( 'NONE', #726, #1847, #742, .T. ) ;
#2690 = EDGE_LOOP ( 'NONE', ( #4648, #198 ) ) ;
#2691 = VERTEX_POINT ( 'NONE', #1710 ) ;
#2692 = VECTOR ( 'NONE', #4281, 1000.000000000000114 ) ;
#2693 = AXIS2_PLACEMENT_3D ( 'NONE', #589, #4454, #4041 ) ;
#2694 = FACE_OUTER_BOUND ( 'NONE', #1750, .T. ) ;
#2695 = CARTESIAN_POINT ( 'NONE',  ( 31.25000000000008882, 8.000000000000000000, 31.24999999999999645 ) ) ;
#2696 = EDGE_LOOP ( 'NONE', ( #6770, #7107, #5579, #5698 ) ) ;
#2697 = ADVANCED_FACE ( 'NONE', ( #2412 ), #6913, .F. ) ;
#2698 = AXIS2_PLACEMENT_3D ( 'NONE', #4004, #3927, #1115 ) ;
#2699 = VECTOR ( 'NONE', #2875, 1000.000000000000000 ) ;
#2700 = DIRECTION ( 'NONE',  ( 0.000000000000000000, 0.000000000000000000, 1.000000000000000000 ) ) ;
#2701 = CONICAL_SURFACE ( 'NONE', #446, 2.149999999999995470, 0.7853981633974344012 ) ;
#2702 = CONICAL_SURFACE ( 'NONE', #6847, 1.650000000000005684, 0.7853981633974425058 ) ;
#2703 = DIRECTION ( 'NONE',  ( -0.000000000000000000, 1.000000000000000000, -0.000000000000000000 ) ) ;
#2704 = CIRCLE ( 'NONE', #3646, 1.650000000000005684 ) ;
#2705 = LINE ( 'NONE', #6618, #2343 ) ;
#2706 = ORIENTED_EDGE ( 'NONE', *, *, #5550, .F. ) ;
#2707 = CARTESIAN_POINT ( 'NONE',  ( -18.75000000000000000, 7.499999999999994671, -4.600000000000001421 ) ) ;
#2708 = ORIENTED_EDGE ( 'NONE', *, *, #6047, .T. ) ;
#2709 = FACE_OUTER_BOUND ( 'NONE', #469, .T. ) ;
#2710 = ORIENTED_EDGE ( 'NONE', *, *, #3708, .T. ) ;
#2711 = DIRECTION ( 'NONE',  ( -0.000000000000000000, -1.000000000000000000, -0.000000000000000000 ) ) ;
#2712 = CARTESIAN_POINT ( 'NONE',  ( -18.75000000000000000, 7.499999999999994671, -6.250000000000000000 ) ) ;
#2713 = VERTEX_POINT ( 'NONE', #4112 ) ;
#2714 = DIRECTION ( 'NONE',  ( -1.734723475976807094E-16, 0.000000000000000000, -1.000000000000000000 ) ) ;
#2715 = ORIENTED_EDGE ( 'NONE', *, *, #7040, .T. ) ;
#2717 = EDGE_CURVE ( 'NONE', #1198, #7213, #6352, .T. ) ;
#2716 = ADVANCED_FACE ( 'NONE', ( #1821 ), #853, .F. ) ;
#2718 = DIRECTION ( 'NONE',  ( 0.000000000000000000, 1.000000000000000000, 0.000000000000000000 ) ) ;
#2719 = FACE_OUTER_BOUND ( 'NONE', #5405, .T. ) ;
#2720 = CARTESIAN_POINT ( 'NONE',  ( 18.75000000000000355, 0.4999999999999908962, -6.250000000000041744 ) ) ;
#2721 = DIRECTION ( 'NONE',  ( 0.000000000000000000, 0.000000000000000000, 1.000000000000000000 ) ) ;
#2722 = EDGE_LOOP ( 'NONE', ( #6393, #4733, #3761, #3253 ) ) ;
#2723 = FACE_BOUND ( 'NONE', #5888, .T. ) ;
#2724 = EDGE_CURVE ( 'NONE', #21, #939, #4883, .T. ) ;
#2725 = AXIS2_PLACEMENT_3D ( 'NONE', #6687, #2555, #3179 ) ;
#2726 = ADVANCED_FACE ( 'NONE', ( #4604 ), #4855, .F. ) ;
#2727 = CIRCLE ( 'NONE', #3074, 2.499999999999995115 ) ;
#2728 = AXIS2_PLACEMENT_3D ( 'NONE', #2289, #575, #5027 ) ;
#2729 = EDGE_CURVE ( 'NONE', #5780, #2414, #4742, .T. ) ;
#2730 = DIRECTION ( 'NONE',  ( 0.000000000000000000, 0.000000000000000000, 1.000000000000000000 ) ) ;
#2731 = CARTESIAN_POINT ( 'NONE',  ( -6.250000000000040856, 8.000000000000000000, -18.75000000000000355 ) ) ;
#2732 = EDGE_LOOP ( 'NONE', ( #3696, #6810, #2170, #3795 ) ) ;
#2733 = CONICAL_SURFACE ( 'NONE', #5464, 2.149999999999985256, 0.7853981633974400633 ) ;
#2734 = AXIS2_PLACEMENT_3D ( 'NONE', #1196, #5197, #154 ) ;
#2735 = DIRECTION ( 'NONE',  ( 8.659560562354889717E-17, 0.7071067811865511255, -0.7071067811865440200 ) ) ;
#2736 = ORIENTED_EDGE ( 'NONE', *, *, #1275, .F. ) ;
#2737 = CONICAL_SURFACE ( 'NONE', #484, 1.649999999999998579, 0.7853981633974432830 ) ;
#2738 = AXIS2_PLACEMENT_3D ( 'NONE', #4434, #6146, #4464 ) ;
#2739 = CONICAL_SURFACE ( 'NONE', #489, 2.149999999999856914, 0.7853981633974341792 ) ;
#2740 = DIRECTION ( 'NONE',  ( 0.000000000000000000, 1.000000000000000000, 0.000000000000000000 ) ) ;
#2741 = DIRECTION ( 'NONE',  ( 1.000000000000000000, 0.000000000000000000, -1.734723475976807094E-16 ) ) ;
#2742 = ORIENTED_EDGE ( 'NONE', *, *, #3538, .T. ) ;
#2743 = CARTESIAN_POINT ( 'NONE',  ( 6.249999999999998224, 0.000000000000000000, 8.400000000000011013 ) ) ;
#2744 = ORIENTED_EDGE ( 'NONE', *, *, #2629, .F. ) ;
#2745 = AXIS2_PLACEMENT_3D ( 'NONE', #2311, #4576, #1866 ) ;
#2746 = VECTOR ( 'NONE', #3729, 1000.000000000000000 ) ;
#2747 = CARTESIAN_POINT ( 'NONE',  ( 6.250000000000043521, 0.000000000000000000, 18.75000000000000355 ) ) ;
#2748 = AXIS2_PLACEMENT_3D ( 'NONE', #5819, #691, #1846 ) ;
#2749 = ORIENTED_EDGE ( 'NONE', *, *, #4169, .T. ) ;
#2750 = CARTESIAN_POINT ( 'NONE',  ( -6.249999999999992895, 8.000000000000000000, 31.24999999999986500 ) ) ;
#2751 = DIRECTION ( 'NONE',  ( 0.000000000000000000, 0.000000000000000000, 1.000000000000000000 ) ) ;
#2752 = ORIENTED_EDGE ( 'NONE', *, *, #6359, .F. ) ;
#2753 = FACE_OUTER_BOUND ( 'NONE', #3168, .T. ) ;
#2754 = ORIENTED_EDGE ( 'NONE', *, *, #3077, .F. ) ;
#2755 = AXIS2_PLACEMENT_3D ( 'NONE', #7020, #851, #4817 ) ;
#2756 = CIRCLE ( 'NONE', #1693, 2.149999999999995470 ) ;
#2757 = LINE ( 'NONE', #4910, #2849 ) ;
#2758 = CARTESIAN_POINT ( 'NONE',  ( -18.75000000000008527, 8.000000000000000000, -33.39999999999999858 ) ) ;
#2759 = DIRECTION ( 'NONE',  ( 0.000000000000000000, 0.000000000000000000, 1.000000000000000000 ) ) ;
#2760 = EDGE_CURVE ( 'NONE', #816, #6519, #5344, .T. ) ;
#2761 = CARTESIAN_POINT ( 'NONE',  ( -18.75000000000000355, -2.000000000000000000, 7.900000000000045652 ) ) ;
#2762 = EDGE_LOOP ( 'NONE', ( #674, #3855, #4810, #6063 ) ) ;
#2763 = CARTESIAN_POINT ( 'NONE',  ( -6.249999999999999112, 0.5000000000000056621, 6.249999999999998224 ) ) ;
#2764 = ORIENTED_EDGE ( 'NONE', *, *, #5586, .F. ) ;
#2765 = ADVANCED_FACE ( 'NONE', ( #5977 ), #5593, .F. ) ;
#2766 = CARTESIAN_POINT ( 'NONE',  ( 31.25000000000000000, 0.000000000000000000, -6.250000000000086153 ) ) ;
#2767 = LINE ( 'NONE', #3836, #1632 ) ;
#2768 = VERTEX_POINT ( 'NONE', #5268 ) ;
#2769 = VECTOR ( 'NONE', #3758, 1000.000000000000000 ) ;
#2770 = DIRECTION ( 'NONE',  ( -0.000000000000000000, -1.000000000000000000, -0.000000000000000000 ) ) ;
#2771 = EDGE_CURVE ( 'NONE', #4664, #3382, #738, .T. ) ;
#2772 = CIRCLE ( 'NONE', #5620, 2.150000000000002576 ) ;
#2773 = ADVANCED_FACE ( 'NONE', ( #1375 ), #3576, .F. ) ;
#2774 = CARTESIAN_POINT ( 'NONE',  ( 18.75000000000000355, -2.000000000000000000, -6.250000000000041744 ) ) ;
#2775 = DIRECTION ( 'NONE',  ( 0.000000000000000000, 1.000000000000000000, 0.000000000000000000 ) ) ;
#2776 = ORIENTED_EDGE ( 'NONE', *, *, #3945, .T. ) ;
#2777 = CARTESIAN_POINT ( 'NONE',  ( 6.250000000000043521, 7.499999999999994671, 20.40000000000000213 ) ) ;
#2778 = CARTESIAN_POINT ( 'NONE',  ( -18.75000000000004263, -2.000000000000000000, -18.75000000000000355 ) ) ;
#2779 = CIRCLE ( 'NONE', #294, 2.149999999999874234 ) ;
#2780 = AXIS2_PLACEMENT_3D ( 'NONE', #6759, #3846, #6127 ) ;
#2781 = FACE_OUTER_BOUND ( 'NONE', #4703, .T. ) ;
#2782 = VERTEX_POINT ( 'NONE', #7056 ) ;
#2783 = DIRECTION ( 'NONE',  ( 0.000000000000000000, 0.000000000000000000, 1.000000000000000000 ) ) ;
#2784 = CARTESIAN_POINT ( 'NONE',  ( -18.74999999999999289, -2.000000000000000000, 29.60000000000004761 ) ) ;
#2785 = ORIENTED_EDGE ( 'NONE', *, *, #2507, .T. ) ;
#2786 = CARTESIAN_POINT ( 'NONE',  ( -6.249999999999999112, 0.000000000000000000, 6.249999999999998224 ) ) ;
#2787 = EDGE_CURVE ( 'NONE', #4220, #2389, #3464, .T. ) ;
#2788 = VERTEX_POINT ( 'NONE', #2046 ) ;
#2789 = VECTOR ( 'NONE', #4927, 999.9999999999998863 ) ;
#2790 = DIRECTION ( 'NONE',  ( 0.000000000000000000, 0.000000000000000000, 1.000000000000000000 ) ) ;
#2791 = PLANE ( 'NONE',  #6666 ) ;
#2792 = ORIENTED_EDGE ( 'NONE', *, *, #5314, .T. ) ;
#2793 = CARTESIAN_POINT ( 'NONE',  ( 31.25000000000000000, 0.000000000000000000, -34.15000000000008384 ) ) ;
#2794 = CARTESIAN_POINT ( 'NONE',  ( -40.00000000000000711, 8.000000000000000000, -35.00000000000000711 ) ) ;
#2795 = ORIENTED_EDGE ( 'NONE', *, *, #2595, .T. ) ;
#2796 = FACE_BOUND ( 'NONE', #5371, .T. ) ;
#2797 = ORIENTED_EDGE ( 'NONE', *, *, #291, .F. ) ;
#2798 = DIRECTION ( 'NONE',  ( 0.000000000000000000, 0.000000000000000000, 1.000000000000000000 ) ) ;
#2799 = CARTESIAN_POINT ( 'NONE',  ( 18.75000000000004263, 8.000000000000000000, 21.75000000000000355 ) ) ;
#2800 = VERTEX_POINT ( 'NONE', #3068 ) ;
#2801 = AXIS2_PLACEMENT_3D ( 'NONE', #5286, #4177, #7111 ) ;
#2802 = CARTESIAN_POINT ( 'NONE',  ( -35.00000000000000711, 8.000000000000000000, -35.00000000000000711 ) ) ;
#2803 = ADVANCED_FACE ( 'NONE', ( #4152 ), #4050, .F. ) ;
#2804 = DIRECTION ( 'NONE',  ( -0.000000000000000000, -1.000000000000000000, -0.000000000000000000 ) ) ;
#2805 = CONICAL_SURFACE ( 'NONE', #5893, 2.899999999999999911, 0.7853981633974539411 ) ;
#2806 = CONICAL_SURFACE ( 'NONE', #5895, 2.150000000000012790, 0.7853981633974562726 ) ;
#2807 = DIRECTION ( 'NONE',  ( -0.000000000000000000, -1.000000000000000000, -0.000000000000000000 ) ) ;
#2808 = DIRECTION ( 'NONE',  ( 0.000000000000000000, 0.000000000000000000, 1.000000000000000000 ) ) ;
#2809 = ORIENTED_EDGE ( 'NONE', *, *, #1820, .T. ) ;
#2810 = DIRECTION ( 'NONE',  ( 0.000000000000000000, 0.000000000000000000, 1.000000000000000000 ) ) ;
#2811 = EDGE_CURVE ( 'NONE', #6412, #5831, #252, .T. ) ;
#2812 = DIRECTION ( 'NONE',  ( -0.000000000000000000, 1.000000000000000000, -0.000000000000000000 ) ) ;
#2813 = ADVANCED_FACE ( 'NONE', ( #4783 ), #1490, .F. ) ;
#2814 = CIRCLE ( 'NONE', #2698, 1.650000000000005684 ) ;
#2815 = EDGE_CURVE ( 'NONE', #2536, #4566, #2523, .T. ) ;
#2816 = CARTESIAN_POINT ( 'NONE',  ( 18.75000000000000355, 7.499999999999998224, -7.900000000000043876 ) ) ;
#2817 = ORIENTED_EDGE ( 'NONE', *, *, #5114, .T. ) ;
#2818 = DIRECTION ( 'NONE',  ( 0.000000000000000000, 1.000000000000000000, 0.000000000000000000 ) ) ;
#2819 = DIRECTION ( 'NONE',  ( -0.000000000000000000, 1.000000000000000000, -0.000000000000000000 ) ) ;
#2820 = ORIENTED_EDGE ( 'NONE', *, *, #2411, .F. ) ;
#2821 = CARTESIAN_POINT ( 'NONE',  ( -6.250000000000084377, 7.499999999999994671, -31.25000000000000000 ) ) ;
#2822 = ORIENTED_EDGE ( 'NONE', *, *, #3350, .F. ) ;
#2823 = ORIENTED_EDGE ( 'NONE', *, *, #3498, .T. ) ;
#2824 = CARTESIAN_POINT ( 'NONE',  ( 31.25000000000000000, 3.000000000000000000, -31.25000000000008171 ) ) ;
#2825 = DIRECTION ( 'NONE',  ( 0.000000000000000000, 0.000000000000000000, -1.000000000000000000 ) ) ;
#2826 = ORIENTED_EDGE ( 'NONE', *, *, #631, .F. ) ;
#2827 = DIRECTION ( 'NONE',  ( 0.000000000000000000, 1.000000000000000000, 0.000000000000000000 ) ) ;
#2828 = CARTESIAN_POINT ( 'NONE',  ( 31.25000000000000000, 7.499999999999998224, -20.40000000000009095 ) ) ;
#2829 = VERTEX_POINT ( 'NONE', #1336 ) ;
#2830 = DIRECTION ( 'NONE',  ( 0.000000000000000000, 0.000000000000000000, 1.000000000000000000 ) ) ;
#2831 = ORIENTED_EDGE ( 'NONE', *, *, #3581, .F. ) ;
#2832 = DIRECTION ( 'NONE',  ( -0.000000000000000000, -1.000000000000000000, -0.000000000000000000 ) ) ;
#2833 = CARTESIAN_POINT ( 'NONE',  ( 31.25000000000008882, 0.000000000000000000, 31.24999999999999645 ) ) ;
#2834 = ORIENTED_EDGE ( 'NONE', *, *, #5486, .F. ) ;
#2835 = AXIS2_PLACEMENT_3D ( 'NONE', #6580, #7054, #920 ) ;
#2836 = DIRECTION ( 'NONE',  ( 0.000000000000000000, 0.000000000000000000, 1.000000000000000000 ) ) ;
#2837 = CIRCLE ( 'NONE', #2725, 2.150000000000012790 ) ;
#2838 = ORIENTED_EDGE ( 'NONE', *, *, #1590, .T. ) ;
#2839 = LINE ( 'NONE', #5107, #5951 ) ;
#2840 = VECTOR ( 'NONE', #4766, 1000.000000000000000 ) ;
#2841 = AXIS2_PLACEMENT_3D ( 'NONE', #3790, #4360, #6111 ) ;
#2842 = ADVANCED_FACE ( 'NONE', ( #7092 ), #260, .T. ) ;
#2843 = CARTESIAN_POINT ( 'NONE',  ( -6.250000000000040856, 8.000000000000000000, -18.75000000000000355 ) ) ;
#2844 = CARTESIAN_POINT ( 'NONE',  ( -18.75000000000000355, 7.499999999999998224, 4.600000000000041389 ) ) ;
#2845 = VERTEX_POINT ( 'NONE', #5939 ) ;
#2846 = DIRECTION ( 'NONE',  ( 8.659560562354860135E-17, 0.7071067811865533459, -0.7071067811865416886 ) ) ;
#2847 = CARTESIAN_POINT ( 'NONE',  ( 6.250000000000088818, 0.5000000000000065503, 31.25000000000000000 ) ) ;
#2848 = CIRCLE ( 'NONE', #7124, 2.399999999999999467 ) ;
#2849 = VECTOR ( 'NONE', #1612, 1000.000000000000000 ) ;
#2850 = EDGE_CURVE ( 'NONE', #6357, #3739, #5126, .T. ) ;
#2851 = DIRECTION ( 'NONE',  ( 0.000000000000000000, 0.000000000000000000, -1.000000000000000000 ) ) ;
#2853 = ORIENTED_EDGE ( 'NONE', *, *, #1407, .F. ) ;
#2852 = EDGE_CURVE ( 'NONE', #1827, #6191, #5866, .T. ) ;
#2854 = DIRECTION ( 'NONE',  ( 0.000000000000000000, 0.000000000000000000, 1.000000000000000000 ) ) ;
#2855 = CARTESIAN_POINT ( 'NONE',  ( 18.75000000000000355, 0.000000000000000000, -18.75000000000004263 ) ) ;
#2856 = CIRCLE ( 'NONE', #2039, 2.150000000000012790 ) ;
#2857 = ORIENTED_EDGE ( 'NONE', *, *, #4537, .T. ) ;
#2858 = FACE_BOUND ( 'NONE', #5355, .T. ) ;
#2859 = AXIS2_PLACEMENT_3D ( 'NONE', #2087, #6020, #577 ) ;
#2860 = ORIENTED_EDGE ( 'NONE', *, *, #282, .F. ) ;
#2861 = ORIENTED_EDGE ( 'NONE', *, *, #183, .F. ) ;
#2862 = ADVANCED_FACE ( 'NONE', ( #3735 ), #5846, .F. ) ;
#2863 = CARTESIAN_POINT ( 'NONE',  ( 6.249999999999998224, 7.499999999999998224, 4.599999999999996092 ) ) ;
#2864 = EDGE_CURVE ( 'NONE', #3470, #5457, #5965, .T. ) ;
#2865 = DIRECTION ( 'NONE',  ( -0.000000000000000000, 1.000000000000000000, -0.000000000000000000 ) ) ;
#2866 = ORIENTED_EDGE ( 'NONE', *, *, #909, .T. ) ;
#2867 = DIRECTION ( 'NONE',  ( -0.000000000000000000, 1.000000000000000000, -0.000000000000000000 ) ) ;
#2868 = FACE_OUTER_BOUND ( 'NONE', #6968, .T. ) ;
#2869 = VERTEX_POINT ( 'NONE', #1452 ) ;
#2870 = FACE_BOUND ( 'NONE', #1120, .T. ) ;
#2871 = VERTEX_POINT ( 'NONE', #3703 ) ;
#2872 = AXIS2_PLACEMENT_3D ( 'NONE', #7345, #149, #1225 ) ;
#2873 = AXIS2_PLACEMENT_3D ( 'NONE', #2944, #1278, #2393 ) ;
#2874 = FACE_OUTER_BOUND ( 'NONE', #3376, .T. ) ;
#2875 = DIRECTION ( 'NONE',  ( -0.000000000000000000, 1.000000000000000000, -0.000000000000000000 ) ) ;
#2876 = ORIENTED_EDGE ( 'NONE', *, *, #6271, .F. ) ;
#2877 = EDGE_CURVE ( 'NONE', #1539, #4679, #3259, .T. ) ;
#2878 = CARTESIAN_POINT ( 'NONE',  ( 6.249999999999998224, 0.000000000000000000, -18.75000000000000000 ) ) ;
#2879 = EDGE_LOOP ( 'NONE', ( #5933, #1191, #3757, #4246 ) ) ;
#2880 = LINE ( 'NONE', #3233, #5471 ) ;
#2881 = VECTOR ( 'NONE', #1773, 1000.000000000000000 ) ;
#2882 = CARTESIAN_POINT ( 'NONE',  ( -6.249999999999998224, 0.5000000000000065503, -6.250000000000000000 ) ) ;
#2883 = CARTESIAN_POINT ( 'NONE',  ( -40.00000000000000711, 8.000000000000000000, -40.00000000000000711 ) ) ;
#2884 = VERTEX_POINT ( 'NONE', #5031 ) ;
#2885 = DIRECTION ( 'NONE',  ( -0.000000000000000000, 1.000000000000000000, -0.000000000000000000 ) ) ;
#2886 = FACE_OUTER_BOUND ( 'NONE', #2601, .T. ) ;
#2887 = FACE_OUTER_BOUND ( 'NONE', #6890, .T. ) ;
#2888 = CARTESIAN_POINT ( 'NONE',  ( 6.249999999999998224, 0.000000000000000000, -16.60000000000000142 ) ) ;
#2889 = CARTESIAN_POINT ( 'NONE',  ( 31.25000000000004263, 7.499999999999998224, 18.74999999999999645 ) ) ;
#2890 = ORIENTED_EDGE ( 'NONE', *, *, #4099, .F. ) ;
#2891 = FACE_OUTER_BOUND ( 'NONE', #6695, .T. ) ;
#2892 = ORIENTED_EDGE ( 'NONE', *, *, #4954, .F. ) ;
#2893 = ORIENTED_EDGE ( 'NONE', *, *, #5114, .F. ) ;
#2894 = EDGE_CURVE ( 'NONE', #6664, #3546, #1695, .T. ) ;
#2895 = ADVANCED_FACE ( 'NONE', ( #3224 ), #2630, .F. ) ;
#2896 = CIRCLE ( 'NONE', #1007, 1.649999999999861577 ) ;
#2897 = DIRECTION ( 'NONE',  ( -0.000000000000000000, -1.000000000000000000, -0.000000000000000000 ) ) ;
#2898 = CARTESIAN_POINT ( 'NONE',  ( -18.75000000000008527, 0.000000000000000000, -31.25000000000000000 ) ) ;
#2899 = ORIENTED_EDGE ( 'NONE', *, *, #2370, .F. ) ;
#2900 = CARTESIAN_POINT ( 'NONE',  ( 18.75000000000000000, 8.000000000000000000, 8.399999999999984368 ) ) ;
#2901 = CARTESIAN_POINT ( 'NONE',  ( 6.249999999999996447, 7.500000000000005329, -31.24999999999986500 ) ) ;
#2902 = ADVANCED_FACE ( 'NONE', ( #1626 ), #3580, .F. ) ;
#2903 = ORIENTED_EDGE ( 'NONE', *, *, #6881, .F. ) ;
#2904 = CARTESIAN_POINT ( 'NONE',  ( 18.75000000000000000, 8.000000000000000000, 6.249999999999997335 ) ) ;
#2905 = VERTEX_POINT ( 'NONE', #1560 ) ;
#2906 = CIRCLE ( 'NONE', #4093, 2.149999999999856914 ) ;
#2907 = EDGE_CURVE ( 'NONE', #2492, #1484, #435, .T. ) ;
#2908 = ADVANCED_FACE ( 'NONE', ( #6756 ), #4774, .F. ) ;
#2909 = DIRECTION ( 'NONE',  ( -0.000000000000000000, -1.000000000000000000, -0.000000000000000000 ) ) ;
#2910 = EDGE_CURVE ( 'NONE', #3820, #4484, #3821, .T. ) ;
#2911 = LINE ( 'NONE', #89, #5311 ) ;
#2912 = ORIENTED_EDGE ( 'NONE', *, *, #2101, .F. ) ;
#2913 = CARTESIAN_POINT ( 'NONE',  ( -6.249999999999999112, 7.499999999999998224, 6.249999999999998224 ) ) ;
#2914 = ORIENTED_EDGE ( 'NONE', *, *, #4445, .F. ) ;
#2915 = DIRECTION ( 'NONE',  ( 0.000000000000000000, 0.000000000000000000, 1.000000000000000000 ) ) ;
#2916 = EDGE_CURVE ( 'NONE', #927, #2869, #2217, .T. ) ;
#2917 = DIRECTION ( 'NONE',  ( 0.000000000000000000, 0.000000000000000000, -1.000000000000000000 ) ) ;
#2918 =( NAMED_UNIT ( * ) SI_UNIT ( $, .STERADIAN. ) SOLID_ANGLE_UNIT ( ) );
#2919 = ORIENTED_EDGE ( 'NONE', *, *, #5265, .T. ) ;
#2920 = FACE_OUTER_BOUND ( 'NONE', #4711, .T. ) ;
#2921 = CARTESIAN_POINT ( 'NONE',  ( -31.25000000000004263, 0.000000000000000000, -16.60000000000000142 ) ) ;
#2922 = VECTOR ( 'NONE', #6251, 1000.000000000000000 ) ;
#2923 = CIRCLE ( 'NONE', #201, 1.650000000000002132 ) ;
#2924 = CARTESIAN_POINT ( 'NONE',  ( -18.75000000000008527, 0.000000000000000000, -31.25000000000000000 ) ) ;
#2925 = DIRECTION ( 'NONE',  ( 0.000000000000000000, 1.000000000000000000, 0.000000000000000000 ) ) ;
#2926 = ORIENTED_EDGE ( 'NONE', *, *, #6317, .F. ) ;
#2927 = DIRECTION ( 'NONE',  ( 0.000000000000000000, 0.000000000000000000, 1.000000000000000000 ) ) ;
#2928 = ORIENTED_EDGE ( 'NONE', *, *, #2626, .F. ) ;
#2929 = AXIS2_PLACEMENT_3D ( 'NONE', #5679, #4043, #3483 ) ;
#2930 = ORIENTED_EDGE ( 'NONE', *, *, #5675, .T. ) ;
#2931 = AXIS2_PLACEMENT_3D ( 'NONE', #2631, #3293, #7235 ) ;
#2932 = CARTESIAN_POINT ( 'NONE',  ( 6.249999999999996447, 0.4999999999999947820, -31.24999999999986500 ) ) ;
#2933 = CONICAL_SURFACE ( 'NONE', #4816, 1.650000000000003020, 0.7853981633974433940 ) ;
#2934 = CARTESIAN_POINT ( 'NONE',  ( 35.00000000000000000, 1.000000000000000888, -40.00000000000000711 ) ) ;
#2935 = EDGE_LOOP ( 'NONE', ( #5804, #4895, #1939, #1434 ) ) ;
#2936 = DIRECTION ( 'NONE',  ( 0.000000000000000000, 0.000000000000000000, -1.000000000000000000 ) ) ;
#2937 = DIRECTION ( 'NONE',  ( 0.000000000000000000, 0.000000000000000000, 1.000000000000000000 ) ) ;
#2938 = ORIENTED_EDGE ( 'NONE', *, *, #146, .F. ) ;
#2939 = CARTESIAN_POINT ( 'NONE',  ( 6.250000000000000000, 7.499999999999998224, -6.249999999999998224 ) ) ;
#2940 = EDGE_CURVE ( 'NONE', #6286, #2869, #1934, .T. ) ;
#2941 = EDGE_LOOP ( 'NONE', ( #1595, #1399, #3602, #3271 ) ) ;
#2942 = AXIS2_PLACEMENT_3D ( 'NONE', #3954, #5560, #511 ) ;
#2943 = ADVANCED_FACE ( 'NONE', ( #474 ), #4961, .F. ) ;
#2944 = CARTESIAN_POINT ( 'NONE',  ( -31.25000000000000000, -2.000000000000000000, 18.75000000000009237 ) ) ;
#2945 = FACE_OUTER_BOUND ( 'NONE', #3749, .T. ) ;
#2946 = ORIENTED_EDGE ( 'NONE', *, *, #5217, .F. ) ;
#2947 = EDGE_CURVE ( 'NONE', #1975, #6815, #4446, .T. ) ;
#2948 = DIRECTION ( 'NONE',  ( 0.000000000000000000, 1.000000000000000000, 0.000000000000000000 ) ) ;
#2949 = EDGE_CURVE ( 'NONE', #3584, #6401, #5598, .T. ) ;
#2950 = EDGE_LOOP ( 'NONE', ( #3273, #6184, #6027, #4059 ) ) ;
#2951 = EDGE_CURVE ( 'NONE', #1061, #314, #3291, .T. ) ;
#2952 = CARTESIAN_POINT ( 'NONE',  ( 18.75000000000000355, 0.5000000000000061062, -18.75000000000004263 ) ) ;
#2953 = CARTESIAN_POINT ( 'NONE',  ( 31.24999999999999645, 7.499999999999978684, -31.25000000000008171 ) ) ;
#2954 = PERSON_AND_ORGANIZATION ( #3223, #5072 ) ;
#2955 = ORIENTED_EDGE ( 'NONE', *, *, #3530, .T. ) ;
#2956 = DIRECTION ( 'NONE',  ( 1.000000000000000000, 0.000000000000000000, 0.000000000000000000 ) ) ;
#2957 = AXIS2_PLACEMENT_3D ( 'NONE', #2627, #4813, #7162 ) ;
#2958 = DIRECTION ( 'NONE',  ( -0.000000000000000000, 1.000000000000000000, -0.000000000000000000 ) ) ;
#2959 = VECTOR ( 'NONE', #3719, 999.9999999999998863 ) ;
#2960 = FACE_OUTER_BOUND ( 'NONE', #4463, .T. ) ;
#2961 = LINE ( 'NONE', #1892, #1997 ) ;
#2962 = ORIENTED_EDGE ( 'NONE', *, *, #2717, .F. ) ;
#2963 = CARTESIAN_POINT ( 'NONE',  ( -18.75000000000008527, 7.499999999999994671, -31.25000000000000000 ) ) ;
#2964 = CIRCLE ( 'NONE', #4038, 2.150000000000012790 ) ;
#2965 = ORIENTED_EDGE ( 'NONE', *, *, #1319, .F. ) ;
#2966 = AXIS2_PLACEMENT_3D ( 'NONE', #5875, #2457, #5198 ) ;
#2967 = CYLINDRICAL_SURFACE ( 'NONE', #3799, 3.900000000000000799 ) ;
#2968 = AXIS2_PLACEMENT_3D ( 'NONE', #5997, #7151, #4329 ) ;
#2969 = CARTESIAN_POINT ( 'NONE',  ( 34.99999999999999289, 0.000000000000000000, 35.00000000000000000 ) ) ;
#2970 = CIRCLE ( 'NONE', #4641, 2.149999999999870681 ) ;
#2971 = EDGE_LOOP ( 'NONE', ( #5232, #1012 ) ) ;
#2972 = DIRECTION ( 'NONE',  ( 0.000000000000000000, 0.000000000000000000, 1.000000000000000000 ) ) ;
#2973 = DIRECTION ( 'NONE',  ( 0.000000000000000000, 0.000000000000000000, -1.000000000000000000 ) ) ;
#2974 = ORIENTED_EDGE ( 'NONE', *, *, #5632, .T. ) ;
#2975 = LINE ( 'NONE', #161, #4200 ) ;
#2976 = ORIENTED_EDGE ( 'NONE', *, *, #3889, .F. ) ;
#2977 = ORIENTED_EDGE ( 'NONE', *, *, #1003, .F. ) ;
#2978 = AXIS2_PLACEMENT_3D ( 'NONE', #3236, #2818, #4933 ) ;
#2979 = VECTOR ( 'NONE', #1286, 1000.000000000000000 ) ;
#2980 = EDGE_CURVE ( 'NONE', #4318, #3235, #1335, .T. ) ;
#2981 = DIRECTION ( 'NONE',  ( -0.000000000000000000, -1.000000000000000000, -0.000000000000000000 ) ) ;
#2982 = CARTESIAN_POINT ( 'NONE',  ( -31.25000000000000000, 8.000000000000000000, 8.400000000000103384 ) ) ;
#2983 = DIRECTION ( 'NONE',  ( 0.000000000000000000, 1.000000000000000000, 0.000000000000000000 ) ) ;
#2984 = EDGE_LOOP ( 'NONE', ( #760, #6120 ) ) ;
#2985 = CIRCLE ( 'NONE', #2521, 4.999999999999997335 ) ;
#2986 = CARTESIAN_POINT ( 'NONE',  ( -18.74999999999999289, 7.499999999999991118, 31.25000000000004263 ) ) ;
#2987 = EDGE_CURVE ( 'NONE', #767, #4982, #3327, .T. ) ;
#2988 = CIRCLE ( 'NONE', #271, 2.150000000000012790 ) ;
#2989 = VERTEX_POINT ( 'NONE', #510 ) ;
#2990 = VECTOR ( 'NONE', #3755, 1000.000000000000000 ) ;
#2991 = EDGE_CURVE ( 'NONE', #2231, #1902, #3813, .T. ) ;
#2992 = FACE_OUTER_BOUND ( 'NONE', #5931, .T. ) ;
#2993 = ORIENTED_EDGE ( 'NONE', *, *, #1897, .F. ) ;
#2994 = CARTESIAN_POINT ( 'NONE',  ( 6.249999999999998224, 0.000000000000000000, 6.249999999999999112 ) ) ;
#2996 = EDGE_CURVE ( 'NONE', #5002, #6835, #3467, .T. ) ;
#2995 = APPROVAL ( #139, 'æœª' ) ;
#2997 = ORIENTED_EDGE ( 'NONE', *, *, #4443, .T. ) ;
#2998 = CARTESIAN_POINT ( 'NONE',  ( 18.75000000000000355, -2.000000000000000000, -21.25000000000003908 ) ) ;
#2999 = DIRECTION ( 'NONE',  ( -0.000000000000000000, -1.000000000000000000, -0.000000000000000000 ) ) ;
#3000 = ADVANCED_FACE ( 'NONE', ( #2184 ), #6721, .F. ) ;
#3001 = DIRECTION ( 'NONE',  ( -1.000000000000000000, 0.000000000000000000, 0.000000000000000000 ) ) ;
#3002 = LINE ( 'NONE', #5381, #3998 ) ;
#3003 = ORIENTED_EDGE ( 'NONE', *, *, #631, .T. ) ;
#3004 = FACE_BOUND ( 'NONE', #1117, .T. ) ;
#3005 = ORIENTED_EDGE ( 'NONE', *, *, #1549, .T. ) ;
#3006 = ORIENTED_EDGE ( 'NONE', *, *, #810, .F. ) ;
#3007 = LINE ( 'NONE', #221, #5705 ) ;
#3008 = CARTESIAN_POINT ( 'NONE',  ( -18.75000000000004263, 0.000000000000000000, -18.75000000000000355 ) ) ;
#3009 = ORIENTED_EDGE ( 'NONE', *, *, #158, .T. ) ;
#3010 = FACE_OUTER_BOUND ( 'NONE', #2586, .T. ) ;
#3011 = ADVANCED_FACE ( 'NONE', ( #542 ), #1099, .F. ) ;
#3012 = LINE ( 'NONE', #751, #434 ) ;
#3013 = EDGE_LOOP ( 'NONE', ( #156, #1905, #382, #2496 ) ) ;
#3014 = CARTESIAN_POINT ( 'NONE',  ( 18.75000000000000000, 0.000000000000000000, 6.249999999999997335 ) ) ;
#3015 = ORIENTED_EDGE ( 'NONE', *, *, #3103, .T. ) ;
#3016 = CIRCLE ( 'NONE', #1602, 2.149999999999999023 ) ;
#3017 = DIRECTION ( 'NONE',  ( 0.000000000000000000, 0.000000000000000000, 1.000000000000000000 ) ) ;
#3018 = LINE ( 'NONE', #5886, #4884 ) ;
#3019 = DIRECTION ( 'NONE',  ( 0.000000000000000000, 0.000000000000000000, 1.000000000000000000 ) ) ;
#3020 = AXIS2_PLACEMENT_3D ( 'NONE', #2050, #1494, #6016 ) ;
#3021 = ORIENTED_EDGE ( 'NONE', *, *, #4069, .F. ) ;
#3022 = ORIENTED_EDGE ( 'NONE', *, *, #1861, .T. ) ;
#3023 = DIRECTION ( 'NONE',  ( 0.000000000000000000, 0.000000000000000000, 1.000000000000000000 ) ) ;
#3024 = CARTESIAN_POINT ( 'NONE',  ( 31.24999999999986500, 0.000000000000000000, 6.249999999999995559 ) ) ;
#3025 = CARTESIAN_POINT ( 'NONE',  ( -31.25000000000000000, -2.000000000000000000, 6.250000000000090594 ) ) ;
#3026 = ORIENTED_EDGE ( 'NONE', *, *, #680, .T. ) ;
#3027 = ORIENTED_EDGE ( 'NONE', *, *, #3031, .F. ) ;
#3028 = LINE ( 'NONE', #6462, #1657 ) ;
#3029 = EDGE_CURVE ( 'NONE', #3166, #5556, #2988, .T. ) ;
#3030 = DIRECTION ( 'NONE',  ( 0.000000000000000000, 0.000000000000000000, -1.000000000000000000 ) ) ;
#3031 = EDGE_CURVE ( 'NONE', #1786, #3087, #5221, .T. ) ;
#3032 = DIRECTION ( 'NONE',  ( 0.000000000000000000, 1.000000000000000000, 0.000000000000000000 ) ) ;
#3033 = CARTESIAN_POINT ( 'NONE',  ( -18.75000000000000000, 0.000000000000000000, -6.250000000000000000 ) ) ;
#3034 = ORIENTED_EDGE ( 'NONE', *, *, #2323, .F. ) ;
#3035 = DIRECTION ( 'NONE',  ( -0.000000000000000000, -1.000000000000000000, -0.000000000000000000 ) ) ;
#3036 = EDGE_CURVE ( 'NONE', #6893, #6413, #5067, .T. ) ;
#3037 = EDGE_LOOP ( 'NONE', ( #2313, #5702, #4118, #4385 ) ) ;
#3038 = ORIENTED_EDGE ( 'NONE', *, *, #4217, .T. ) ;
#3039 = AXIS2_PLACEMENT_3D ( 'NONE', #3418, #2388, #5689 ) ;
#3040 = EDGE_CURVE ( 'NONE', #2884, #4458, #3232, .T. ) ;
#3041 = CARTESIAN_POINT ( 'NONE',  ( -18.74999999999999289, -2.000000000000000000, 31.25000000000004263 ) ) ;
#3042 = DIRECTION ( 'NONE',  ( 0.7071067811865474617, -0.7071067811865474617, 0.000000000000000000 ) ) ;
#3043 = ORIENTED_EDGE ( 'NONE', *, *, #770, .F. ) ;
#3044 = CARTESIAN_POINT ( 'NONE',  ( 31.25000000000000000, 7.499999999999998224, -17.10000000000008669 ) ) ;
#3045 = DIRECTION ( 'NONE',  ( 8.659560562354846577E-17, -0.7071067811865547892, 0.7071067811865403563 ) ) ;
#3046 = ORIENTED_EDGE ( 'NONE', *, *, #4716, .F. ) ;
#3047 = DIRECTION ( 'NONE',  ( 0.000000000000000000, 0.000000000000000000, 1.000000000000000000 ) ) ;
#3048 = ORIENTED_EDGE ( 'NONE', *, *, #966, .T. ) ;
#3049 = AXIS2_PLACEMENT_3D ( 'NONE', #2883, #2741, #63 ) ;
#3050 = AXIS2_PLACEMENT_3D ( 'NONE', #54, #2321, #4585 ) ;
#3051 = DIRECTION ( 'NONE',  ( 8.659560562354842879E-17, 0.7071067811865549002, -0.7071067811865401342 ) ) ;
#3052 = CARTESIAN_POINT ( 'NONE',  ( -39.99999999999999289, 6.999999999999985789, 35.00000000000000000 ) ) ;
#3053 = CARTESIAN_POINT ( 'NONE',  ( 18.75000000000004263, 7.499999999999984013, 18.75000000000000000 ) ) ;
#3054 = CIRCLE ( 'NONE', #1761, 1.650000000000003020 ) ;
#3055 = DIRECTION ( 'NONE',  ( -0.000000000000000000, -1.000000000000000000, -0.000000000000000000 ) ) ;
#3056 = ORIENTED_EDGE ( 'NONE', *, *, #124, .F. ) ;
#3057 = CIRCLE ( 'NONE', #2942, 1.649999999999870237 ) ;
#3058 = ORIENTED_EDGE ( 'NONE', *, *, #4404, .F. ) ;
#3059 = ORIENTED_EDGE ( 'NONE', *, *, #6495, .T. ) ;
#3060 = DIRECTION ( 'NONE',  ( 0.000000000000000000, -0.7071067811865435759, -0.7071067811865515695 ) ) ;
#3061 = FACE_OUTER_BOUND ( 'NONE', #3305, .T. ) ;
#3062 = VERTEX_POINT ( 'NONE', #7334 ) ;
#3063 = CARTESIAN_POINT ( 'NONE',  ( 38.99999999999999289, 0.000000000000000000, 0.000000000000000000 ) ) ;
#3064 = VERTEX_POINT ( 'NONE', #6269 ) ;
#3065 = CARTESIAN_POINT ( 'NONE',  ( 31.25000000000004263, 7.499999999999998224, 18.74999999999999645 ) ) ;
#3066 = CARTESIAN_POINT ( 'NONE',  ( -31.24999999999999289, 7.500000000000000888, 35.15000000000009095 ) ) ;
#3067 = CIRCLE ( 'NONE', #234, 1.650000000000002132 ) ;
#3068 = CARTESIAN_POINT ( 'NONE',  ( -31.24999999999986500, 7.500000000000003553, -7.899999999999868905 ) ) ;
#3069 = DIRECTION ( 'NONE',  ( 0.000000000000000000, 0.000000000000000000, 1.000000000000000000 ) ) ;
#3070 = ORIENTED_EDGE ( 'NONE', *, *, #3622, .F. ) ;
#3071 = LINE ( 'NONE', #2084, #5396 ) ;
#3072 = VERTEX_POINT ( 'NONE', #5144 ) ;
#3073 = ORIENTED_EDGE ( 'NONE', *, *, #1973, .F. ) ;
#3074 = AXIS2_PLACEMENT_3D ( 'NONE', #5962, #716, #5284 ) ;
#3075 = EDGE_CURVE ( 'NONE', #191, #1266, #4183, .T. ) ;
#3076 = AXIS2_PLACEMENT_3D ( 'NONE', #3840, #3143, #1027 ) ;
#3077 = EDGE_CURVE ( 'NONE', #6340, #3195, #988, .T. ) ;
#3078 = DIRECTION ( 'NONE',  ( 0.000000000000000000, 0.000000000000000000, 1.000000000000000000 ) ) ;
#3079 = CARTESIAN_POINT ( 'NONE',  ( -31.24999999999999289, -2.000000000000000000, 31.25000000000008882 ) ) ;
#3080 = ORIENTED_EDGE ( 'NONE', *, *, #4373, .T. ) ;
#3081 = LINE ( 'NONE', #6023, #1801 ) ;
#3082 = AXIS2_PLACEMENT_3D ( 'NONE', #2468, #6522, #4133 ) ;
#3083 = LINE ( 'NONE', #4166, #2692 ) ;
#3084 = ORIENTED_EDGE ( 'NONE', *, *, #2680, .T. ) ;
#3085 = PLANE ( 'NONE',  #4789 ) ;
#3086 = CONICAL_SURFACE ( 'NONE', #4741, 2.149999999999999023, 0.7853981633974380649 ) ;
#3087 = VERTEX_POINT ( 'NONE', #1107 ) ;
#3088 = EDGE_CURVE ( 'NONE', #4666, #806, #4418, .T. ) ;
#3089 = EDGE_CURVE ( 'NONE', #2165, #2768, #7259, .T. ) ;
#3090 = VECTOR ( 'NONE', #4685, 1000.000000000000000 ) ;
#3091 = DIRECTION ( 'NONE',  ( 0.000000000000000000, 0.000000000000000000, 1.000000000000000000 ) ) ;
#3092 = CYLINDRICAL_SURFACE ( 'NONE', #3902, 1.650000000000002132 ) ;
#3093 = DIRECTION ( 'NONE',  ( 0.000000000000000000, 0.000000000000000000, 1.000000000000000000 ) ) ;
#3094 = CARTESIAN_POINT ( 'NONE',  ( 6.249999999999996447, 0.000000000000000000, -33.39999999999973568 ) ) ;
#3095 = VERTEX_POINT ( 'NONE', #6799 ) ;
#3096 = VERTEX_POINT ( 'NONE', #6833 ) ;
#3097 = AXIS2_PLACEMENT_3D ( 'NONE', #3824, #5533, #2783 ) ;
#3098 = CIRCLE ( 'NONE', #850, 1.650000000000003020 ) ;
#3099 = CONICAL_SURFACE ( 'NONE', #6436, 2.149999999999870681, 0.7853981633974530530 ) ;
#3100 = CARTESIAN_POINT ( 'NONE',  ( 6.249999999999996447, 7.500000000000005329, -29.59999999999999432 ) ) ;
#3101 = DIRECTION ( 'NONE',  ( -0.000000000000000000, 1.000000000000000000, -0.000000000000000000 ) ) ;
#3102 = ORIENTED_EDGE ( 'NONE', *, *, #727, .T. ) ;
#3103 = EDGE_CURVE ( 'NONE', #2040, #669, #859, .T. ) ;
#3104 = ORIENTED_EDGE ( 'NONE', *, *, #4265, .T. ) ;
#3105 = DIRECTION ( 'NONE',  ( 0.000000000000000000, 1.000000000000000000, 0.000000000000000000 ) ) ;
#3106 = CARTESIAN_POINT ( 'NONE',  ( 18.75000000000000355, 0.000000000000000000, -4.100000000000056488 ) ) ;
#3107 = AXIS2_PLACEMENT_3D ( 'NONE', #1593, #3842, #2663 ) ;
#3108 = VECTOR ( 'NONE', #5923, 1000.000000000000000 ) ;
#3109 = CARTESIAN_POINT ( 'NONE',  ( 6.250000000000000000, 0.000000000000000000, -4.099999999999985434 ) ) ;
#3110 = DIRECTION ( 'NONE',  ( 0.000000000000000000, 0.000000000000000000, 1.000000000000000000 ) ) ;
#3111 = ORIENTED_EDGE ( 'NONE', *, *, #5188, .F. ) ;
#3112 = CARTESIAN_POINT ( 'NONE',  ( 6.250000000000088818, 8.000000000000000000, 31.25000000000000000 ) ) ;
#3113 = ORIENTED_EDGE ( 'NONE', *, *, #4765, .T. ) ;
#3114 = FACE_OUTER_BOUND ( 'NONE', #352, .T. ) ;
#3115 = CARTESIAN_POINT ( 'NONE',  ( 31.24999999999986500, 0.000000000000000000, 8.399999999999842260 ) ) ;
#3116 = ORIENTED_EDGE ( 'NONE', *, *, #3029, .T. ) ;
#3117 = DIRECTION ( 'NONE',  ( -0.000000000000000000, -1.000000000000000000, -0.000000000000000000 ) ) ;
#3118 = DIRECTION ( 'NONE',  ( -0.000000000000000000, -1.000000000000000000, -0.000000000000000000 ) ) ;
#3119 = AXIS2_PLACEMENT_3D ( 'NONE', #1477, #4143, #6526 ) ;
#3120 = ORIENTED_EDGE ( 'NONE', *, *, #5586, .T. ) ;
#3121 = DIRECTION ( 'NONE',  ( 0.000000000000000000, 0.000000000000000000, 1.000000000000000000 ) ) ;
#3122 = ORIENTED_EDGE ( 'NONE', *, *, #134, .F. ) ;
#3123 = EDGE_CURVE ( 'NONE', #2181, #6211, #2405, .T. ) ;
#3124 = CIRCLE ( 'NONE', #1591, 1.650000000000003020 ) ;
#3125 = CARTESIAN_POINT ( 'NONE',  ( -35.00000000000000711, 8.000000000000000000, -38.99999999999999289 ) ) ;
#3127 = ADVANCED_FACE ( 'NONE', ( #1142 ), #1348, .F. ) ;
#3126 = CC_DESIGN_PERSON_AND_ORGANIZATION_ASSIGNMENT ( #4221, #6491, ( #5191 ) ) ;
#3128 = CARTESIAN_POINT ( 'NONE',  ( -31.25000000000008171, 7.500000000000000888, -35.14999999999999858 ) ) ;
#3129 = CARTESIAN_POINT ( 'NONE',  ( 6.250000000000088818, 8.000000000000000000, 29.10000000000000142 ) ) ;
#3130 = LINE ( 'NONE', #3722, #448 ) ;
#3131 = EDGE_LOOP ( 'NONE', ( #3784, #1883 ) ) ;
#3132 = CARTESIAN_POINT ( 'NONE',  ( -18.75000000000000000, 0.000000000000000000, 21.75000000000004619 ) ) ;
#3133 = EDGE_CURVE ( 'NONE', #2165, #6699, #4068, .T. ) ;
#3134 = ORIENTED_EDGE ( 'NONE', *, *, #2064, .T. ) ;
#3135 = CONICAL_SURFACE ( 'NONE', #5864, 1.650000000000002132, 0.7853981633974425058 ) ;
#3136 = EDGE_CURVE ( 'NONE', #3698, #4458, #6345, .T. ) ;
#3137 = VECTOR ( 'NONE', #826, 1000.000000000000114 ) ;
#3138 = CARTESIAN_POINT ( 'NONE',  ( 6.249999999999998224, 0.000000000000000000, 4.099999999999986322 ) ) ;
#3139 = DIRECTION ( 'NONE',  ( -0.000000000000000000, -1.000000000000000000, -0.000000000000000000 ) ) ;
#3140 = VERTEX_POINT ( 'NONE', #1252 ) ;
#3141 = ORIENTED_EDGE ( 'NONE', *, *, #5263, .F. ) ;
#3142 = CARTESIAN_POINT ( 'NONE',  ( -31.25000000000008171, 0.000000000000000000, -31.25000000000000000 ) ) ;
#3143 = DIRECTION ( 'NONE',  ( 0.000000000000000000, 1.000000000000000000, 0.000000000000000000 ) ) ;
#3144 = AXIS2_PLACEMENT_3D ( 'NONE', #3995, #65, #662 ) ;
#3145 = CARTESIAN_POINT ( 'NONE',  ( 34.99999999999999289, 8.000000000000000000, 38.99999999999997868 ) ) ;
#3146 = DIRECTION ( 'NONE',  ( -0.000000000000000000, 1.000000000000000000, -0.000000000000000000 ) ) ;
#3147 = EDGE_LOOP ( 'NONE', ( #4027, #6831 ) ) ;
#3148 = CARTESIAN_POINT ( 'NONE',  ( -31.24999999999986500, 0.4999999999999991673, -6.249999999999998224 ) ) ;
#3149 = ORIENTED_EDGE ( 'NONE', *, *, #3581, .T. ) ;
#3150 = DIRECTION ( 'NONE',  ( 0.000000000000000000, 0.000000000000000000, 1.000000000000000000 ) ) ;
#3151 = DIRECTION ( 'NONE',  ( -0.000000000000000000, 1.000000000000000000, -0.000000000000000000 ) ) ;
#3152 = ORIENTED_EDGE ( 'NONE', *, *, #4929, .T. ) ;
#3153 = DIRECTION ( 'NONE',  ( -0.000000000000000000, -1.000000000000000000, -0.000000000000000000 ) ) ;
#3154 = DIRECTION ( 'NONE',  ( -0.000000000000000000, 1.000000000000000000, -0.000000000000000000 ) ) ;
#3155 = ORIENTED_EDGE ( 'NONE', *, *, #912, .F. ) ;
#3156 = CARTESIAN_POINT ( 'NONE',  ( -6.250000000000084377, 0.000000000000000000, -33.40000000000001279 ) ) ;
#3157 = AXIS2_PLACEMENT_3D ( 'NONE', #277, #4732, #5401 ) ;
#3158 = ORIENTED_EDGE ( 'NONE', *, *, #5398, .T. ) ;
#3159 = AXIS2_PLACEMENT_3D ( 'NONE', #5616, #1237, #4577 ) ;
#3160 = DIRECTION ( 'NONE',  ( 8.659560562354994488E-17, -0.7071067811865424657, 0.7071067811865526798 ) ) ;
#3161 = VECTOR ( 'NONE', #5566, 1000.000000000000000 ) ;
#3162 = DIRECTION ( 'NONE',  ( 8.659560562354889717E-17, 0.7071067811865511255, -0.7071067811865440200 ) ) ;
#3163 = EDGE_CURVE ( 'NONE', #3917, #6808, #5385, .T. ) ;
#3164 = CARTESIAN_POINT ( 'NONE',  ( 6.249999999999998224, 7.499999999999998224, 6.249999999999999112 ) ) ;
#3165 = DIRECTION ( 'NONE',  ( 0.000000000000000000, 0.000000000000000000, -1.000000000000000000 ) ) ;
#3166 = VERTEX_POINT ( 'NONE', #3474 ) ;
#3167 = DIRECTION ( 'NONE',  ( 0.000000000000000000, 0.000000000000000000, 1.000000000000000000 ) ) ;
#3168 = EDGE_LOOP ( 'NONE', ( #3653, #2914, #1738, #1341 ) ) ;
#3169 = CIRCLE ( 'NONE', #4594, 1.650000000000002132 ) ;
#3170 = AXIS2_PLACEMENT_3D ( 'NONE', #2695, #3251, #430 ) ;
#3171 = EDGE_CURVE ( 'NONE', #1513, #5739, #1949, .T. ) ;
#3172 = EDGE_CURVE ( 'NONE', #6754, #4324, #6929, .T. ) ;
#3173 = LINE ( 'NONE', #5970, #1924 ) ;
#3174 = CIRCLE ( 'NONE', #7327, 2.899999999999999911 ) ;
#3175 = CYLINDRICAL_SURFACE ( 'NONE', #800, 1.650000000000002132 ) ;
#3176 = ORIENTED_EDGE ( 'NONE', *, *, #1049, .T. ) ;
#3177 = ORIENTED_EDGE ( 'NONE', *, *, #5595, .T. ) ;
#3178 = CARTESIAN_POINT ( 'NONE',  ( 39.99999999999999289, 1.000000000000000888, 35.00000000000000000 ) ) ;
#3179 = DIRECTION ( 'NONE',  ( 0.000000000000000000, 0.000000000000000000, 1.000000000000000000 ) ) ;
#3180 = ADVANCED_FACE ( 'NONE', ( #5182 ), #642, .F. ) ;
#3181 = DIRECTION ( 'NONE',  ( -0.000000000000000000, -1.000000000000000000, -0.000000000000000000 ) ) ;
#3182 = CARTESIAN_POINT ( 'NONE',  ( 6.250000000000000000, 0.5000000000000047740, -6.249999999999998224 ) ) ;
#3183 = ORIENTED_EDGE ( 'NONE', *, *, #4315, .F. ) ;
#3184 = CARTESIAN_POINT ( 'NONE',  ( 6.249999999999996447, 8.000000000000000000, -33.39999999999973568 ) ) ;
#3185 = EDGE_LOOP ( 'NONE', ( #1604, #6029 ) ) ;
#3186 = FACE_OUTER_BOUND ( 'NONE', #259, .T. ) ;
#3187 = CARTESIAN_POINT ( 'NONE',  ( 6.249999999999998224, 8.000000000000000000, 6.249999999999999112 ) ) ;
#3188 = VERTEX_POINT ( 'NONE', #2578 ) ;
#3189 = FACE_OUTER_BOUND ( 'NONE', #3612, .T. ) ;
#3190 = CARTESIAN_POINT ( 'NONE',  ( 34.99999999999999289, 0.000000000000000000, 35.00000000000000000 ) ) ;
#3191 = ORIENTED_EDGE ( 'NONE', *, *, #7079, .F. ) ;
#3192 = LINE ( 'NONE', #5359, #651 ) ;
#3193 = EDGE_CURVE ( 'NONE', #1446, #3594, #3124, .T. ) ;
#3194 = VECTOR ( 'NONE', #1145, 1000.000000000000000 ) ;
#3195 = VERTEX_POINT ( 'NONE', #1886 ) ;
#3196 = AXIS2_PLACEMENT_3D ( 'NONE', #921, #6088, #3288 ) ;
#3197 = VECTOR ( 'NONE', #2026, 1000.000000000000000 ) ;
#3198 = DIRECTION ( 'NONE',  ( 0.000000000000000000, -1.000000000000000000, 0.000000000000000000 ) ) ;
#3199 = DIRECTION ( 'NONE',  ( 0.000000000000000000, 1.000000000000000000, 0.000000000000000000 ) ) ;
#3200 = CONICAL_SURFACE ( 'NONE', #958, 1.649999999999998579, 0.7853981633974569387 ) ;
#3201 = DIRECTION ( 'NONE',  ( 0.7071067811865474617, -0.7071067811865474617, 0.000000000000000000 ) ) ;
#3202 = LINE ( 'NONE', #6114, #74 ) ;
#3203 = ORIENTED_EDGE ( 'NONE', *, *, #4182, .F. ) ;
#3204 = CARTESIAN_POINT ( 'NONE',  ( -18.75000000000000000, 7.499999999999994671, -7.899999999999999467 ) ) ;
#3205 = ORIENTED_EDGE ( 'NONE', *, *, #6903, .F. ) ;
#3206 = ORIENTED_EDGE ( 'NONE', *, *, #7216, .T. ) ;
#3207 = VECTOR ( 'NONE', #6778, 1000.000000000000000 ) ;
#3208 = AXIS2_PLACEMENT_3D ( 'NONE', #4573, #5684, #1753 ) ;
#3209 = EDGE_CURVE ( 'NONE', #1896, #7195, #7223, .T. ) ;
#3210 = CARTESIAN_POINT ( 'NONE',  ( -31.25000000000008171, 7.500000000000000888, -31.25000000000000000 ) ) ;
#3211 = AXIS2_PLACEMENT_3D ( 'NONE', #4351, #4277, #7101 ) ;
#3212 = CARTESIAN_POINT ( 'NONE',  ( 31.25000000000000000, 0.000000000000000000, -6.250000000000086153 ) ) ;
#3213 = AXIS2_PLACEMENT_3D ( 'NONE', #5841, #4655, #6250 ) ;
#3214 = VERTEX_POINT ( 'NONE', #3132 ) ;
#3215 = VECTOR ( 'NONE', #5179, 1000.000000000000000 ) ;
#3216 = CARTESIAN_POINT ( 'NONE',  ( -31.24999999999986500, 0.000000000000000000, -8.399999999999872458 ) ) ;
#3217 = EDGE_CURVE ( 'NONE', #7061, #5202, #4321, .T. ) ;
#3218 = DIRECTION ( 'NONE',  ( 0.000000000000000000, 1.000000000000000000, 0.000000000000000000 ) ) ;
#3219 = EDGE_CURVE ( 'NONE', #2527, #2691, #4553, .T. ) ;
#3220 = AXIS2_PLACEMENT_3D ( 'NONE', #6207, #3269, #5499 ) ;
#3221 = VECTOR ( 'NONE', #841, 1000.000000000000000 ) ;
#3222 = ADVANCED_FACE ( 'NONE', ( #7113 ), #6104, .F. ) ;
#3223 = PERSON ( 'æœª', 'æœª', 'æœª', ('æœª'), ('æœª'), ('æœª') ) ;
#3224 = FACE_OUTER_BOUND ( 'NONE', #1992, .T. ) ;
#3225 = DIRECTION ( 'NONE',  ( 0.000000000000000000, 0.000000000000000000, -1.000000000000000000 ) ) ;
#3226 = VECTOR ( 'NONE', #2335, 1000.000000000000000 ) ;
#3227 = ORIENTED_EDGE ( 'NONE', *, *, #952, .F. ) ;
#3228 = DIRECTION ( 'NONE',  ( -0.000000000000000000, -1.000000000000000000, -0.000000000000000000 ) ) ;
#3229 = AXIS2_PLACEMENT_3D ( 'NONE', #6750, #4405, #2208 ) ;
#3230 = VERTEX_POINT ( 'NONE', #2614 ) ;
#3231 = ADVANCED_FACE ( 'NONE', ( #4104 ), #4067, .F. ) ;
#3232 = CIRCLE ( 'NONE', #25, 2.149999999999999023 ) ;
#3233 = CARTESIAN_POINT ( 'NONE',  ( 39.99999999999999289, 1.000000000000000888, -35.00000000000000711 ) ) ;
#3234 = CARTESIAN_POINT ( 'NONE',  ( -6.249999999999999112, 0.000000000000000000, 4.099999999999986322 ) ) ;
#3235 = VERTEX_POINT ( 'NONE', #5967 ) ;
#3236 = CARTESIAN_POINT ( 'NONE',  ( -31.25000000000004263, 7.499999999999994671, -18.75000000000000000 ) ) ;
#3237 = CARTESIAN_POINT ( 'NONE',  ( 31.25000000000000000, 0.5000000000000073275, -18.75000000000008882 ) ) ;
#3238 = ORIENTED_EDGE ( 'NONE', *, *, #6407, .T. ) ;
#3239 = CARTESIAN_POINT ( 'NONE',  ( 6.250000000000000000, 0.000000000000000000, -8.400000000000011013 ) ) ;
#3240 = VERTEX_POINT ( 'NONE', #5512 ) ;
#3241 = EDGE_CURVE ( 'NONE', #2414, #4722, #876, .T. ) ;
#3242 = CARTESIAN_POINT ( 'NONE',  ( -31.25000000000008171, 3.000000000000000000, -31.25000000000000000 ) ) ;
#3243 = CARTESIAN_POINT ( 'NONE',  ( -18.74999999999999289, 7.499999999999991118, 31.25000000000004263 ) ) ;
#3244 = CARTESIAN_POINT ( 'NONE',  ( -31.24999999999986500, 7.500000000000003553, -6.249999999999998224 ) ) ;
#3245 = DIRECTION ( 'NONE',  ( 8.659560562355003116E-17, 0.7071067811865417996, -0.7071067811865532349 ) ) ;
#3246 = ORIENTED_EDGE ( 'NONE', *, *, #2411, .T. ) ;
#3247 = CARTESIAN_POINT ( 'NONE',  ( 6.249999999999998224, 0.5000000000000047740, 6.249999999999999112 ) ) ;
#3248 = ORIENTED_EDGE ( 'NONE', *, *, #5729, .T. ) ;
#3249 = ORIENTED_EDGE ( 'NONE', *, *, #471, .T. ) ;
#3250 = CARTESIAN_POINT ( 'NONE',  ( -31.25000000000004263, 0.000000000000000000, -20.89999999999999858 ) ) ;
#3251 = DIRECTION ( 'NONE',  ( -0.000000000000000000, -1.000000000000000000, -0.000000000000000000 ) ) ;
#3252 = CIRCLE ( 'NONE', #5506, 1.649999999999998579 ) ;
#3253 = ORIENTED_EDGE ( 'NONE', *, *, #1097, .F. ) ;
#3254 = CARTESIAN_POINT ( 'NONE',  ( -18.75000000000000355, 7.499999999999998224, 7.900000000000045652 ) ) ;
#3255 = FACE_OUTER_BOUND ( 'NONE', #7274, .T. ) ;
#3256 = CONICAL_SURFACE ( 'NONE', #764, 1.649999999999998579, 0.7853981633974554954 ) ;
#3257 = VERTEX_POINT ( 'NONE', #2688 ) ;
#3258 = EDGE_CURVE ( 'NONE', #33, #6222, #6582, .T. ) ;
#3259 = LINE ( 'NONE', #3876, #5727 ) ;
#3260 = DIRECTION ( 'NONE',  ( -0.000000000000000000, -1.000000000000000000, -0.000000000000000000 ) ) ;
#3261 = VECTOR ( 'NONE', #1629, 1000.000000000000000 ) ;
#3262 = ORIENTED_EDGE ( 'NONE', *, *, #912, .T. ) ;
#3263 = LINE ( 'NONE', #2707, #3261 ) ;
#3264 = VERTEX_POINT ( 'NONE', #6607 ) ;
#3265 = ADVANCED_FACE ( 'NONE', ( #4840 ), #5740, .F. ) ;
#3266 = ADVANCED_FACE ( 'NONE', ( #4294 ), #5611, .F. ) ;
#3267 = DIRECTION ( 'NONE',  ( -1.000000000000000000, 0.000000000000000000, 0.000000000000000000 ) ) ;
#3268 = ORIENTED_EDGE ( 'NONE', *, *, #5165, .T. ) ;
#3269 = DIRECTION ( 'NONE',  ( 0.000000000000000000, 1.000000000000000000, 0.000000000000000000 ) ) ;
#3270 = CARTESIAN_POINT ( 'NONE',  ( -18.75000000000004263, 8.000000000000000000, -18.75000000000000355 ) ) ;
#3271 = ORIENTED_EDGE ( 'NONE', *, *, #328, .F. ) ;
#3272 = DIRECTION ( 'NONE',  ( 1.734723475976807094E-16, -0.000000000000000000, 1.000000000000000000 ) ) ;
#3273 = ORIENTED_EDGE ( 'NONE', *, *, #1776, .F. ) ;
#3274 = EDGE_CURVE ( 'NONE', #878, #5346, #879, .T. ) ;
#3275 = FACE_OUTER_BOUND ( 'NONE', #6705, .T. ) ;
#3276 = DIRECTION ( 'NONE',  ( -0.000000000000000000, 1.000000000000000000, -0.000000000000000000 ) ) ;
#3277 = DIRECTION ( 'NONE',  ( 0.000000000000000000, 1.000000000000000000, 0.000000000000000000 ) ) ;
#3278 = AXIS2_PLACEMENT_3D ( 'NONE', #1582, #1508, #3832 ) ;
#3279 = DIRECTION ( 'NONE',  ( 0.000000000000000000, 0.000000000000000000, -1.000000000000000000 ) ) ;
#3280 = ORIENTED_EDGE ( 'NONE', *, *, #274, .F. ) ;
#3281 = CARTESIAN_POINT ( 'NONE',  ( -38.99999999999999289, 8.000000000000000000, -35.00000000000000711 ) ) ;
#3282 = CONICAL_SURFACE ( 'NONE', #4937, 2.899999999999999911, 0.7853981633974539411 ) ;
#3283 = DIRECTION ( 'NONE',  ( 0.000000000000000000, 1.000000000000000000, 0.000000000000000000 ) ) ;
#3284 = DIRECTION ( 'NONE',  ( -0.000000000000000000, 1.000000000000000000, -0.000000000000000000 ) ) ;
#3285 = ORIENTED_EDGE ( 'NONE', *, *, #363, .F. ) ;
#3286 = CONICAL_SURFACE ( 'NONE', #2223, 1.649999999999998579, 0.7853981633974569387 ) ;
#3287 = AXIS2_PLACEMENT_3D ( 'NONE', #2108, #6119, #4473 ) ;
#3288 = DIRECTION ( 'NONE',  ( 0.000000000000000000, 0.000000000000000000, 1.000000000000000000 ) ) ;
#3289 = AXIS2_PLACEMENT_3D ( 'NONE', #4784, #6502, #3069 ) ;
#3290 = CONICAL_SURFACE ( 'NONE', #1999, 2.150000000000012346, 0.7853981633974533860 ) ;
#3291 = LINE ( 'NONE', #1663, #5246 ) ;
#3292 = VECTOR ( 'NONE', #66, 1000.000000000000114 ) ;
#3293 = DIRECTION ( 'NONE',  ( -0.000000000000000000, -1.000000000000000000, -0.000000000000000000 ) ) ;
#3294 = ORIENTED_EDGE ( 'NONE', *, *, #2590, .T. ) ;
#3295 = LINE ( 'NONE', #477, #420 ) ;
#3296 = APPROVAL_PERSON_ORGANIZATION ( #2954, #2995, #1928 ) ;
#3297 = EDGE_LOOP ( 'NONE', ( #4223, #270, #822, #2010 ) ) ;
#3298 = ADVANCED_FACE ( 'NONE', ( #6076 ), #515, .F. ) ;
#3299 = FACE_OUTER_BOUND ( 'NONE', #5330, .T. ) ;
#3300 = ORIENTED_EDGE ( 'NONE', *, *, #279, .T. ) ;
#3301 = CARTESIAN_POINT ( 'NONE',  ( -31.25000000000008171, 0.4999999999999935052, -28.85000000000000142 ) ) ;
#3302 = CARTESIAN_POINT ( 'NONE',  ( -18.75000000000000000, 0.000000000000000000, 15.75000000000004263 ) ) ;
#3303 = ORIENTED_EDGE ( 'NONE', *, *, #7171, .F. ) ;
#3304 = DIRECTION ( 'NONE',  ( 0.000000000000000000, 1.000000000000000000, 0.000000000000000000 ) ) ;
#3305 = EDGE_LOOP ( 'NONE', ( #2498, #2596, #5425, #1719 ) ) ;
#3306 = EDGE_CURVE ( 'NONE', #734, #6401, #1435, .T. ) ;
#3307 = ADVANCED_FACE ( 'NONE', ( #6571 ), #4950, .F. ) ;
#3308 = DIRECTION ( 'NONE',  ( 0.000000000000000000, 0.000000000000000000, -1.000000000000000000 ) ) ;
#3309 = DIRECTION ( 'NONE',  ( 0.000000000000000000, 0.000000000000000000, -1.000000000000000000 ) ) ;
#3310 = DIRECTION ( 'NONE',  ( 8.659560562354932858E-17, 0.7071067811865474617, -0.7071067811865474617 ) ) ;
#3311 = VECTOR ( 'NONE', #5787, 1000.000000000000114 ) ;
#3312 = DIRECTION ( 'NONE',  ( -0.000000000000000000, 1.000000000000000000, -0.000000000000000000 ) ) ;
#3313 = EDGE_CURVE ( 'NONE', #1349, #2450, #4880, .T. ) ;
#3314 = VERTEX_POINT ( 'NONE', #5477 ) ;
#3315 = FACE_BOUND ( 'NONE', #2210, .T. ) ;
#3316 = ORIENTED_EDGE ( 'NONE', *, *, #737, .F. ) ;
#3317 = ADVANCED_FACE ( 'NONE', ( #2652, #5052, #7255, #2242, #4505, #2796, #5549, #460, #3864, #3976, #4468, #6149, #2206, #4437, #6746, #2723, #2870, #9, #5019, #1167, #1022, #1093, #531, #5691, #1057, #4547, #7325, #609, #3349, #4983, #2177, #7288, #3315, #3941, #5580, #6253, #2281 ), #5135, .T. ) ;
#3318 = CONICAL_SURFACE ( 'NONE', #3082, 1.649999999999870237, 0.7853981633974377319 ) ;
#3319 = AXIS2_PLACEMENT_3D ( 'NONE', #4139, #1809, #3023 ) ;
#3320 = CARTESIAN_POINT ( 'NONE',  ( -6.249999999999998224, 8.000000000000000000, -6.250000000000000000 ) ) ;
#3321 = DIRECTION ( 'NONE',  ( 0.000000000000000000, 0.000000000000000000, 1.000000000000000000 ) ) ;
#3322 = ORIENTED_EDGE ( 'NONE', *, *, #2951, .F. ) ;
#3323 = AXIS2_PLACEMENT_3D ( 'NONE', #3344, #2346, #1197 ) ;
#3324 = CONICAL_SURFACE ( 'NONE', #6300, 2.149999999999985256, 0.7853981633974401744 ) ;
#3325 = CARTESIAN_POINT ( 'NONE',  ( 6.250000000000043521, 8.000000000000000000, 20.90000000000000213 ) ) ;
#3326 = AXIS2_PLACEMENT_3D ( 'NONE', #5667, #7172, #6869 ) ;
#3327 = LINE ( 'NONE', #6050, #5488 ) ;
#3328 = CARTESIAN_POINT ( 'NONE',  ( 6.249999999999998224, -2.000000000000000000, 6.249999999999999112 ) ) ;
#3329 = EDGE_LOOP ( 'NONE', ( #7336, #882, #3472, #3838 ) ) ;
#3330 = DIRECTION ( 'NONE',  ( -0.000000000000000000, 1.000000000000000000, -0.000000000000000000 ) ) ;
#3331 = DIRECTION ( 'NONE',  ( 0.000000000000000000, 0.000000000000000000, 1.000000000000000000 ) ) ;
#3332 = AXIS2_PLACEMENT_3D ( 'NONE', #864, #6515, #6474 ) ;
#3333 = CONICAL_SURFACE ( 'NONE', #2748, 2.900000000000013678, 0.7853981633974452814 ) ;
#3334 = DIRECTION ( 'NONE',  ( 0.000000000000000000, 0.000000000000000000, 1.000000000000000000 ) ) ;
#3335 = AXIS2_PLACEMENT_3D ( 'NONE', #504, #463, #4550 ) ;
#3336 = ORIENTED_EDGE ( 'NONE', *, *, #2064, .F. ) ;
#3337 = DIRECTION ( 'NONE',  ( 0.000000000000000000, 0.000000000000000000, 1.000000000000000000 ) ) ;
#3338 = CYLINDRICAL_SURFACE ( 'NONE', #6142, 1.649999999999998579 ) ;
#3339 = ORIENTED_EDGE ( 'NONE', *, *, #5489, .F. ) ;
#3340 = PLANE ( 'NONE',  #6227 ) ;
#3341 = ORIENTED_EDGE ( 'NONE', *, *, #272, .F. ) ;
#3342 = CIRCLE ( 'NONE', #6203, 2.149999999999884448 ) ;
#3343 = DIRECTION ( 'NONE',  ( -0.000000000000000000, -1.000000000000000000, -0.000000000000000000 ) ) ;
#3344 = CARTESIAN_POINT ( 'NONE',  ( 18.75000000000000355, 7.499999999999998224, -6.250000000000041744 ) ) ;
#3345 = ORIENTED_EDGE ( 'NONE', *, *, #2894, .T. ) ;
#3346 = CARTESIAN_POINT ( 'NONE',  ( 6.249999999999998224, 7.499999999999998224, -17.09999999999999787 ) ) ;
#3347 = LINE ( 'NONE', #1834, #2106 ) ;
#3348 = ORIENTED_EDGE ( 'NONE', *, *, #7131, .T. ) ;
#3349 = FACE_BOUND ( 'NONE', #3883, .T. ) ;
#3350 = EDGE_CURVE ( 'NONE', #806, #1198, #3898, .T. ) ;
#3351 = ORIENTED_EDGE ( 'NONE', *, *, #354, .F. ) ;
#3352 = EDGE_CURVE ( 'NONE', #6339, #4140, #285, .T. ) ;
#3353 = FACE_OUTER_BOUND ( 'NONE', #4009, .T. ) ;
#3354 = DIRECTION ( 'NONE',  ( 0.000000000000000000, 0.000000000000000000, 1.000000000000000000 ) ) ;
#3356 = EDGE_LOOP ( 'NONE', ( #4846, #7324, #4431, #5498 ) ) ;
#3355 = EDGE_CURVE ( 'NONE', #3797, #1872, #407, .T. ) ;
#3357 = AXIS2_PLACEMENT_3D ( 'NONE', #2994, #2032, #7154 ) ;
#3358 = CARTESIAN_POINT ( 'NONE',  ( -6.250000000000084377, 7.499999999999994671, -31.25000000000000000 ) ) ;
#3359 = EDGE_CURVE ( 'NONE', #4045, #1349, #6220, .T. ) ;
#3360 = ORIENTED_EDGE ( 'NONE', *, *, #3800, .T. ) ;
#3361 = LINE ( 'NONE', #4480, #130 ) ;
#3362 = DIRECTION ( 'NONE',  ( 0.000000000000000000, -1.000000000000000000, 0.000000000000000000 ) ) ;
#3363 = CARTESIAN_POINT ( 'NONE',  ( 6.249999999999998224, 7.499999999999998224, 6.249999999999999112 ) ) ;
#3364 = ORIENTED_EDGE ( 'NONE', *, *, #6775, .F. ) ;
#3365 = DIRECTION ( 'NONE',  ( -1.734723475976807094E-16, 0.000000000000000000, -1.000000000000000000 ) ) ;
#3366 = LINE ( 'NONE', #547, #567 ) ;
#3367 = VECTOR ( 'NONE', #2534, 1000.000000000000114 ) ;
#3368 = AXIS2_PLACEMENT_3D ( 'NONE', #5070, #5527, #3918 ) ;
#3369 = CARTESIAN_POINT ( 'NONE',  ( -6.250000000000040856, 0.000000000000000000, -20.90000000000000213 ) ) ;
#3370 = EDGE_LOOP ( 'NONE', ( #2676, #3955 ) ) ;
#3371 = CARTESIAN_POINT ( 'NONE',  ( -6.250000000000040856, 7.499999999999994671, -17.10000000000000497 ) ) ;
#3372 = DIRECTION ( 'NONE',  ( -0.000000000000000000, 1.000000000000000000, -0.000000000000000000 ) ) ;
#3373 = ORIENTED_EDGE ( 'NONE', *, *, #6838, .T. ) ;
#3374 = CARTESIAN_POINT ( 'NONE',  ( -31.25000000000000000, 0.000000000000000000, 4.100000000000105338 ) ) ;
#3375 = VERTEX_POINT ( 'NONE', #6116 ) ;
#3376 = EDGE_LOOP ( 'NONE', ( #4124, #4331, #2533, #5861 ) ) ;
#3377 = CARTESIAN_POINT ( 'NONE',  ( -18.75000000000000000, 7.499999999999984013, 18.75000000000004263 ) ) ;
#3378 = CARTESIAN_POINT ( 'NONE',  ( 31.24999999999986500, 7.500000000000007994, 4.600000000000133760 ) ) ;
#3379 = ORIENTED_EDGE ( 'NONE', *, *, #2980, .T. ) ;
#3380 = DIRECTION ( 'NONE',  ( 0.000000000000000000, 0.000000000000000000, 1.000000000000000000 ) ) ;
#3381 = FACE_OUTER_BOUND ( 'NONE', #6736, .T. ) ;
#3382 = VERTEX_POINT ( 'NONE', #3281 ) ;
#3383 = CARTESIAN_POINT ( 'NONE',  ( -18.75000000000000355, 8.000000000000000000, 6.250000000000043521 ) ) ;
#3384 = EDGE_LOOP ( 'NONE', ( #6503, #4778, #6534, #2357 ) ) ;
#3385 = EDGE_CURVE ( 'NONE', #5636, #4436, #5618, .T. ) ;
#3386 = CARTESIAN_POINT ( 'NONE',  ( 18.75000000000000355, 0.5000000000000061062, -18.75000000000004263 ) ) ;
#3387 = DIRECTION ( 'NONE',  ( 0.000000000000000000, 1.000000000000000000, 0.000000000000000000 ) ) ;
#3388 = ORIENTED_EDGE ( 'NONE', *, *, #1217, .F. ) ;
#3389 = CARTESIAN_POINT ( 'NONE',  ( 18.75000000000000355, 7.499999999999998224, -7.900000000000043876 ) ) ;
#3390 = EDGE_CURVE ( 'NONE', #532, #3858, #5266, .T. ) ;
#3391 = ADVANCED_FACE ( 'NONE', ( #566 ), #3135, .F. ) ;
#3392 = LINE ( 'NONE', #5706, #3681 ) ;
#3393 = VECTOR ( 'NONE', #6321, 1000.000000000000000 ) ;
#3394 = VECTOR ( 'NONE', #6163, 1000.000000000000000 ) ;
#3395 = CARTESIAN_POINT ( 'NONE',  ( 18.74999999999999645, 7.499999999999994671, -29.60000000000004405 ) ) ;
#3396 = DIRECTION ( 'NONE',  ( 0.000000000000000000, 1.000000000000000000, 0.000000000000000000 ) ) ;
#3397 = ADVANCED_FACE ( 'NONE', ( #4579 ), #6706, .F. ) ;
#3398 = ORIENTED_EDGE ( 'NONE', *, *, #5363, .F. ) ;
#3399 = CARTESIAN_POINT ( 'NONE',  ( -18.75000000000000000, 7.499999999999984013, 16.25000000000004974 ) ) ;
#3400 = CARTESIAN_POINT ( 'NONE',  ( 31.25000000000008882, 0.000000000000000000, 34.15000000000001279 ) ) ;
#3401 = AXIS2_PLACEMENT_3D ( 'NONE', #6541, #3736, #5491 ) ;
#3402 = CIRCLE ( 'NONE', #5429, 1.650000000000002132 ) ;
#3403 = CIRCLE ( 'NONE', #4602, 5.000000000000000888 ) ;
#3404 = CYLINDRICAL_SURFACE ( 'NONE', #4823, 1.650000000000002132 ) ;
#3405 = ORIENTED_EDGE ( 'NONE', *, *, #4325, .F. ) ;
#3406 = DIRECTION ( 'NONE',  ( 0.000000000000000000, 1.000000000000000000, 0.000000000000000000 ) ) ;
#3407 = VECTOR ( 'NONE', #5709, 1000.000000000000000 ) ;
#3408 = LINE ( 'NONE', #5755, #6380 ) ;
#3409 = EDGE_LOOP ( 'NONE', ( #5087, #6671, #5690, #1788 ) ) ;
#3410 = FACE_BOUND ( 'NONE', #1039, .T. ) ;
#3411 = ORIENTED_EDGE ( 'NONE', *, *, #2949, .F. ) ;
#3412 = VERTEX_POINT ( 'NONE', #711 ) ;
#3413 = LINE ( 'NONE', #5085, #365 ) ;
#3414 = LINE ( 'NONE', #603, #1312 ) ;
#3415 = ORIENTED_EDGE ( 'NONE', *, *, #1373, .T. ) ;
#3416 = CARTESIAN_POINT ( 'NONE',  ( 18.74999999999999645, 0.000000000000000000, -29.10000000000004405 ) ) ;
#3417 = EDGE_CURVE ( 'NONE', #1872, #3797, #5744, .T. ) ;
#3418 = CARTESIAN_POINT ( 'NONE',  ( -31.25000000000008171, 0.4999999999999935052, -31.25000000000000000 ) ) ;
#3419 = ORIENTED_EDGE ( 'NONE', *, *, #5707, .F. ) ;
#3420 = DIRECTION ( 'NONE',  ( 0.000000000000000000, 1.000000000000000000, 0.000000000000000000 ) ) ;
#3421 = EDGE_LOOP ( 'NONE', ( #7264, #3975, #2316, #4926 ) ) ;
#3422 = CARTESIAN_POINT ( 'NONE',  ( 31.24999999999986500, -2.000000000000000000, 6.249999999999995559 ) ) ;
#3423 = FACE_OUTER_BOUND ( 'NONE', #7315, .T. ) ;
#3424 = ORIENTED_EDGE ( 'NONE', *, *, #2539, .F. ) ;
#3425 = CONICAL_SURFACE ( 'NONE', #1062, 2.499999999999998668, 0.7853981633974400633 ) ;
#3426 = DIRECTION ( 'NONE',  ( 0.000000000000000000, 0.000000000000000000, 1.000000000000000000 ) ) ;
#3427 = AXIS2_PLACEMENT_3D ( 'NONE', #5826, #2999, #177 ) ;
#3428 = ORIENTED_EDGE ( 'NONE', *, *, #6552, .F. ) ;
#3429 = FACE_OUTER_BOUND ( 'NONE', #4388, .T. ) ;
#3430 = VECTOR ( 'NONE', #2625, 1000.000000000000000 ) ;
#3431 = EDGE_CURVE ( 'NONE', #4436, #487, #7169, .T. ) ;
#3432 = AXIS2_PLACEMENT_3D ( 'NONE', #2802, #4589, #1212 ) ;
#3433 = DIRECTION ( 'NONE',  ( 0.000000000000000000, 0.000000000000000000, 1.000000000000000000 ) ) ;
#3434 = FACE_OUTER_BOUND ( 'NONE', #5492, .T. ) ;
#3435 = ORIENTED_EDGE ( 'NONE', *, *, #763, .F. ) ;
#3436 = DIRECTION ( 'NONE',  ( 0.000000000000000000, 0.000000000000000000, -1.000000000000000000 ) ) ;
#3437 = EDGE_CURVE ( 'NONE', #6843, #798, #3951, .T. ) ;
#3438 = CARTESIAN_POINT ( 'NONE',  ( -6.249999999999998224, 0.000000000000000000, -4.099999999999987210 ) ) ;
#3439 = AXIS2_PLACEMENT_3D ( 'NONE', #2276, #4053, #673 ) ;
#3440 = CIRCLE ( 'NONE', #245, 2.150000000000012790 ) ;
#3441 = ADVANCED_FACE ( 'NONE', ( #6962 ), #6465, .F. ) ;
#3442 = EDGE_CURVE ( 'NONE', #2587, #1484, #4440, .T. ) ;
#3443 = DIRECTION ( 'NONE',  ( 0.000000000000000000, 0.000000000000000000, 1.000000000000000000 ) ) ;
#3444 = CARTESIAN_POINT ( 'NONE',  ( -31.24999999999999289, 0.000000000000000000, 34.15000000000010516 ) ) ;
#3445 = DIRECTION ( 'NONE',  ( -0.000000000000000000, 1.000000000000000000, -0.000000000000000000 ) ) ;
#3446 = CIRCLE ( 'NONE', #135, 2.150000000000012790 ) ;
#3447 = EDGE_LOOP ( 'NONE', ( #193, #2433, #6653, #6036 ) ) ;
#3448 = FACE_BOUND ( 'NONE', #5520, .T. ) ;
#3449 = EDGE_CURVE ( 'NONE', #3095, #5845, #1712, .T. ) ;
#3450 = AXIS2_PLACEMENT_3D ( 'NONE', #6057, #5496, #2326 ) ;
#3451 = ORIENTED_EDGE ( 'NONE', *, *, #4941, .F. ) ;
#3452 = EDGE_LOOP ( 'NONE', ( #5904, #5091, #554, #85 ) ) ;
#3453 = EDGE_CURVE ( 'NONE', #939, #21, #4074, .T. ) ;
#3454 = AXIS2_PLACEMENT_3D ( 'NONE', #5902, #7127, #812 ) ;
#3455 = CIRCLE ( 'NONE', #257, 1.649999999999998579 ) ;
#3456 = FACE_OUTER_BOUND ( 'NONE', #2668, .T. ) ;
#3457 = CARTESIAN_POINT ( 'NONE',  ( -31.25000000000008171, 3.000000000000000000, -31.25000000000000000 ) ) ;
#3458 = ORIENTED_EDGE ( 'NONE', *, *, #2332, .F. ) ;
#3459 = DIRECTION ( 'NONE',  ( -0.000000000000000000, 1.000000000000000000, -0.000000000000000000 ) ) ;
#3460 = DIRECTION ( 'NONE',  ( -0.000000000000000000, -1.000000000000000000, -0.000000000000000000 ) ) ;
#3461 = ORIENTED_EDGE ( 'NONE', *, *, #6820, .T. ) ;
#3462 = CARTESIAN_POINT ( 'NONE',  ( -31.24999999999986500, -2.000000000000000000, -6.249999999999998224 ) ) ;
#3463 = ORIENTED_EDGE ( 'NONE', *, *, #5169, .T. ) ;
#3464 = CIRCLE ( 'NONE', #3454, 1.649999999999996136 ) ;
#3465 = CIRCLE ( 'NONE', #261, 2.499999999999995115 ) ;
#3466 = EDGE_CURVE ( 'NONE', #5002, #3823, #679, .T. ) ;
#3467 = CIRCLE ( 'NONE', #2285, 1.649999999999861577 ) ;
#3468 = FACE_OUTER_BOUND ( 'NONE', #7245, .T. ) ;
#3469 = DIRECTION ( 'NONE',  ( -0.000000000000000000, -1.000000000000000000, -0.000000000000000000 ) ) ;
#3470 = VERTEX_POINT ( 'NONE', #1308 ) ;
#3471 = DIRECTION ( 'NONE',  ( 0.000000000000000000, 0.000000000000000000, 1.000000000000000000 ) ) ;
#3472 = ORIENTED_EDGE ( 'NONE', *, *, #3258, .F. ) ;
#3473 = DIRECTION ( 'NONE',  ( 0.000000000000000000, 1.000000000000000000, 0.000000000000000000 ) ) ;
#3474 = CARTESIAN_POINT ( 'NONE',  ( -6.250000000000040856, 8.000000000000000000, -20.90000000000001634 ) ) ;
#3475 = CALENDAR_DATE ( 2026, 21, 8 ) ;
#3476 = ORIENTED_EDGE ( 'NONE', *, *, #4718, .F. ) ;
#3477 = CARTESIAN_POINT ( 'NONE',  ( -31.25000000000008171, 3.000000000000000000, -31.25000000000000000 ) ) ;
#3478 = PLANE ( 'NONE',  #210 ) ;
#3479 = VECTOR ( 'NONE', #3834, 1000.000000000000000 ) ;
#3480 = EDGE_CURVE ( 'NONE', #1800, #3775, #4659, .T. ) ;
#3481 = CARTESIAN_POINT ( 'NONE',  ( 18.75000000000008882, 0.5000000000000204281, 31.24999999999999645 ) ) ;
#3482 = DIRECTION ( 'NONE',  ( 8.659560562354861368E-17, 0.7071067811865533459, -0.7071067811865416886 ) ) ;
#3483 = DIRECTION ( 'NONE',  ( 0.000000000000000000, 0.000000000000000000, 1.000000000000000000 ) ) ;
#3484 = VECTOR ( 'NONE', #5164, 1000.000000000000114 ) ;
#3485 = ORIENTED_EDGE ( 'NONE', *, *, #1611, .T. ) ;
#3486 = DIRECTION ( 'NONE',  ( 0.000000000000000000, 1.000000000000000000, 0.000000000000000000 ) ) ;
#3487 = ORIENTED_EDGE ( 'NONE', *, *, #3629, .T. ) ;
#3488 = EDGE_LOOP ( 'NONE', ( #6282, #392 ) ) ;
#3489 = EDGE_CURVE ( 'NONE', #181, #2205, #3837, .T. ) ;
#3490 = CARTESIAN_POINT ( 'NONE',  ( 6.250000000000088818, 0.000000000000000000, 29.10000000000000142 ) ) ;
#3491 = DIRECTION ( 'NONE',  ( 0.000000000000000000, 1.000000000000000000, 0.000000000000000000 ) ) ;
#3492 = EDGE_LOOP ( 'NONE', ( #5476, #2624, #2187, #6206 ) ) ;
#3493 = DIRECTION ( 'NONE',  ( 0.000000000000000000, 1.000000000000000000, 0.000000000000000000 ) ) ;
#3494 = FACE_BOUND ( 'NONE', #3828, .T. ) ;
#3495 = ORIENTED_EDGE ( 'NONE', *, *, #5169, .F. ) ;
#3496 = DIRECTION ( 'NONE',  ( 0.000000000000000000, 0.000000000000000000, 1.000000000000000000 ) ) ;
#3497 = EDGE_LOOP ( 'NONE', ( #787, #3059, #4857, #1381 ) ) ;
#3498 = EDGE_CURVE ( 'NONE', #1015, #7160, #520, .T. ) ;
#3499 = CIRCLE ( 'NONE', #6830, 2.150000000000012790 ) ;
#3500 = CARTESIAN_POINT ( 'NONE',  ( -31.25000000000004263, -2.000000000000000000, -18.75000000000000000 ) ) ;
#3501 = DIRECTION ( 'NONE',  ( -0.000000000000000000, 1.000000000000000000, -0.000000000000000000 ) ) ;
#3502 = ORIENTED_EDGE ( 'NONE', *, *, #6485, .T. ) ;
#3503 = ORIENTED_EDGE ( 'NONE', *, *, #6002, .T. ) ;
#3504 = FACE_OUTER_BOUND ( 'NONE', #754, .T. ) ;
#3505 = ORIENTED_EDGE ( 'NONE', *, *, #7261, .T. ) ;
#3506 = CARTESIAN_POINT ( 'NONE',  ( -31.25000000000008171, 3.000000000000000000, -31.25000000000000000 ) ) ;
#3507 = CARTESIAN_POINT ( 'NONE',  ( -35.00000000000000711, 6.999999999999985789, -35.00000000000000711 ) ) ;
#3508 = CIRCLE ( 'NONE', #2801, 2.149999999999999023 ) ;
#3509 = APPLICATION_PROTOCOL_DEFINITION ( 'international standard', 'config_control_design', 1994, #7146 ) ;
#3510 = ORIENTED_EDGE ( 'NONE', *, *, #6734, .T. ) ;
#3511 = DIRECTION ( 'NONE',  ( -0.000000000000000000, -1.000000000000000000, -0.000000000000000000 ) ) ;
#3512 = CARTESIAN_POINT ( 'NONE',  ( -31.25000000000008171, 3.000000000000000000, -27.34999999999999787 ) ) ;
#3513 = VECTOR ( 'NONE', #159, 1000.000000000000000 ) ;
#3514 = VECTOR ( 'NONE', #7342, 1000.000000000000114 ) ;
#3515 = DIRECTION ( 'NONE',  ( 0.000000000000000000, 0.000000000000000000, 1.000000000000000000 ) ) ;
#3516 = CARTESIAN_POINT ( 'NONE',  ( -31.25000000000000000, 0.4999999999999908962, 7.900000000000092726 ) ) ;
#3517 = ORIENTED_EDGE ( 'NONE', *, *, #7090, .F. ) ;
#3518 = CARTESIAN_POINT ( 'NONE',  ( -6.249999999999998224, 8.000000000000000000, -4.100000000000001421 ) ) ;
#3519 = AXIS2_PLACEMENT_3D ( 'NONE', #415, #6025, #2127 ) ;
#3520 = ORIENTED_EDGE ( 'NONE', *, *, #4040, .T. ) ;
#3521 = AXIS2_PLACEMENT_3D ( 'NONE', #6716, #5483, #2209 ) ;
#3522 = EDGE_CURVE ( 'NONE', #5084, #358, #3597, .T. ) ;
#3523 = CYLINDRICAL_SURFACE ( 'NONE', #4632, 1.650000000000005684 ) ;
#3524 = FACE_OUTER_BOUND ( 'NONE', #1298, .T. ) ;
#3525 = ORIENTED_EDGE ( 'NONE', *, *, #727, .F. ) ;
#3526 = CARTESIAN_POINT ( 'NONE',  ( -31.24999999999999289, 0.000000000000000000, 31.25000000000008882 ) ) ;
#3527 = CARTESIAN_POINT ( 'NONE',  ( 31.24999999999986500, -2.000000000000000000, 6.249999999999995559 ) ) ;
#3528 = ORIENTED_EDGE ( 'NONE', *, *, #2910, .T. ) ;
#3529 = DIRECTION ( 'NONE',  ( -0.000000000000000000, 1.000000000000000000, -0.000000000000000000 ) ) ;
#3530 = EDGE_CURVE ( 'NONE', #1437, #2137, #4674, .T. ) ;
#3531 = EDGE_LOOP ( 'NONE', ( #1927, #3191, #1046, #302 ) ) ;
#3532 = EDGE_CURVE ( 'NONE', #2691, #2527, #3252, .T. ) ;
#3533 = ADVANCED_FACE ( 'NONE', ( #1906 ), #1836, .F. ) ;
#3534 = CARTESIAN_POINT ( 'NONE',  ( -35.00000000000000711, 0.000000000000000000, -35.00000000000000711 ) ) ;
#3535 = DIRECTION ( 'NONE',  ( 0.000000000000000000, 0.000000000000000000, 1.000000000000000000 ) ) ;
#3536 = DIRECTION ( 'NONE',  ( 0.000000000000000000, 0.000000000000000000, 1.000000000000000000 ) ) ;
#3537 = ORIENTED_EDGE ( 'NONE', *, *, #5663, .F. ) ;
#3538 = EDGE_CURVE ( 'NONE', #1748, #5002, #1272, .T. ) ;
#3539 = DIRECTION ( 'NONE',  ( -0.000000000000000000, -1.000000000000000000, -0.000000000000000000 ) ) ;
#3540 = ORIENTED_EDGE ( 'NONE', *, *, #1694, .F. ) ;
#3541 = CARTESIAN_POINT ( 'NONE',  ( 18.75000000000000355, 8.000000000000000000, -4.100000000000028955 ) ) ;
#3542 = ORIENTED_EDGE ( 'NONE', *, *, #3359, .F. ) ;
#3543 = DIRECTION ( 'NONE',  ( -0.000000000000000000, -1.000000000000000000, -0.000000000000000000 ) ) ;
#3544 = VECTOR ( 'NONE', #769, 1000.000000000000114 ) ;
#3545 = APPROVAL_ROLE ( '' ) ;
#3546 = VERTEX_POINT ( 'NONE', #5802 ) ;
#3547 = LINE ( 'NONE', #2998, #6528 ) ;
#3548 = VECTOR ( 'NONE', #20, 1000.000000000000000 ) ;
#3549 = CARTESIAN_POINT ( 'NONE',  ( -18.75000000000000355, 0.000000000000000000, 4.100000000000030731 ) ) ;
#3550 = EDGE_CURVE ( 'NONE', #425, #5324, #2975, .T. ) ;
#3551 = VECTOR ( 'NONE', #3162, 1000.000000000000000 ) ;
#3552 = AXIS2_PLACEMENT_3D ( 'NONE', #6193, #5662, #3426 ) ;
#3553 = CARTESIAN_POINT ( 'NONE',  ( -6.249999999999992895, -2.000000000000000000, 31.24999999999986500 ) ) ;
#3554 = DIRECTION ( 'NONE',  ( 0.000000000000000000, 0.000000000000000000, 1.000000000000000000 ) ) ;
#3555 = ORIENTED_EDGE ( 'NONE', *, *, #3620, .T. ) ;
#3556 = FACE_BOUND ( 'NONE', #4760, .T. ) ;
#3557 = AXIS2_PLACEMENT_3D ( 'NONE', #2898, #3892, #2825 ) ;
#3558 = ORIENTED_EDGE ( 'NONE', *, *, #6632, .F. ) ;
#3559 = CONICAL_SURFACE ( 'NONE', #2502, 3.000000000000002665, 0.7853981633974466137 ) ;
#3560 = AXIS2_PLACEMENT_3D ( 'NONE', #5461, #6698, #443 ) ;
#3561 = FACE_OUTER_BOUND ( 'NONE', #7060, .T. ) ;
#3562 = LINE ( 'NONE', #862, #3907 ) ;
#3563 = CIRCLE ( 'NONE', #2859, 3.899999999999997247 ) ;
#3564 = VERTEX_POINT ( 'NONE', #5844 ) ;
#3565 = CARTESIAN_POINT ( 'NONE',  ( -31.25000000000000000, 0.000000000000000000, 8.400000000000074962 ) ) ;
#3566 = CARTESIAN_POINT ( 'NONE',  ( -18.75000000000000355, 7.499999999999998224, 7.900000000000045652 ) ) ;
#3567 = ORIENTED_EDGE ( 'NONE', *, *, #6828, .T. ) ;
#3568 = DIRECTION ( 'NONE',  ( 0.000000000000000000, 0.000000000000000000, 1.000000000000000000 ) ) ;
#3569 = ORIENTED_EDGE ( 'NONE', *, *, #7261, .F. ) ;
#3570 = CONICAL_SURFACE ( 'NONE', #2978, 1.649999999999998579, 0.7853981633974432830 ) ;
#3571 = CIRCLE ( 'NONE', #378, 2.150000000000012790 ) ;
#3572 = DIRECTION ( 'NONE',  ( 0.000000000000000000, 1.000000000000000000, 0.000000000000000000 ) ) ;
#3573 = EDGE_CURVE ( 'NONE', #605, #7061, #4128, .T. ) ;
#3574 = DIRECTION ( 'NONE',  ( 0.000000000000000000, 0.000000000000000000, 1.000000000000000000 ) ) ;
#3575 = FACE_OUTER_BOUND ( 'NONE', #7349, .T. ) ;
#3576 = CONICAL_SURFACE ( 'NONE', #6680, 2.150000000000027001, 0.7853981633974520538 ) ;
#3577 = ORIENTED_EDGE ( 'NONE', *, *, #858, .T. ) ;
#3578 = AXIS2_PLACEMENT_3D ( 'NONE', #1877, #4622, #3535 ) ;
#3579 = CARTESIAN_POINT ( 'NONE',  ( 38.99999999999997868, 8.000000000000000000, -35.00000000000000711 ) ) ;
#3580 = CONICAL_SURFACE ( 'NONE', #5370, 1.650000000000002132, 0.7853981633974568277 ) ;
#3581 = EDGE_CURVE ( 'NONE', #1519, #866, #2645, .T. ) ;
#3582 = EDGE_CURVE ( 'NONE', #3594, #6249, #3192, .T. ) ;
#3583 = DIRECTION ( 'NONE',  ( 0.000000000000000000, 1.000000000000000000, 0.000000000000000000 ) ) ;
#3584 = VERTEX_POINT ( 'NONE', #5431 ) ;
#3585 = PERSON_AND_ORGANIZATION ( #3223, #5072 ) ;
#3586 = ORIENTED_EDGE ( 'NONE', *, *, #7170, .T. ) ;
#3587 = DIRECTION ( 'NONE',  ( -0.000000000000000000, 1.000000000000000000, -0.000000000000000000 ) ) ;
#3588 = LINE ( 'NONE', #4225, #1878 ) ;
#3589 = ADVANCED_FACE ( 'NONE', ( #6559, #6631 ), #3085, .T. ) ;
#3590 = CARTESIAN_POINT ( 'NONE',  ( 35.00000000000000000, 0.000000000000000000, -35.00000000000000711 ) ) ;
#3591 = DIRECTION ( 'NONE',  ( 0.000000000000000000, 1.000000000000000000, 0.000000000000000000 ) ) ;
#3592 = VERTEX_POINT ( 'NONE', #2569 ) ;
#3593 = CARTESIAN_POINT ( 'NONE',  ( -31.24999999999999289, 7.500000000000000888, 31.25000000000008882 ) ) ;
#3594 = VERTEX_POINT ( 'NONE', #2093 ) ;
#3595 = EDGE_LOOP ( 'NONE', ( #2912, #5918, #1910, #6097 ) ) ;
#3596 = DIRECTION ( 'NONE',  ( 0.000000000000000000, 0.000000000000000000, -1.000000000000000000 ) ) ;
#3597 = CIRCLE ( 'NONE', #4556, 2.149999999999986144 ) ;
#3598 = DIRECTION ( 'NONE',  ( 5.204170427930426016E-15, 0.000000000000000000, 1.000000000000000000 ) ) ;
#3599 = VERTEX_POINT ( 'NONE', #3639 ) ;
#3600 = DIRECTION ( 'NONE',  ( 0.000000000000000000, -1.000000000000000000, 0.000000000000000000 ) ) ;
#3601 = CARTESIAN_POINT ( 'NONE',  ( 6.249999999999996447, 0.000000000000000000, -29.09999999999999432 ) ) ;
#3602 = ORIENTED_EDGE ( 'NONE', *, *, #5581, .T. ) ;
#3603 = DIRECTION ( 'NONE',  ( 0.000000000000000000, 1.000000000000000000, 0.000000000000000000 ) ) ;
#3604 = ORIENTED_EDGE ( 'NONE', *, *, #3778, .T. ) ;
#3605 = VECTOR ( 'NONE', #4869, 1000.000000000000000 ) ;
#3606 = DIRECTION ( 'NONE',  ( 0.000000000000000000, 0.000000000000000000, 1.000000000000000000 ) ) ;
#3607 = CARTESIAN_POINT ( 'NONE',  ( -18.75000000000000000, 7.499999999999984013, 18.75000000000004263 ) ) ;
#3608 = CARTESIAN_POINT ( 'NONE',  ( -18.75000000000008527, 0.000000000000000000, -29.10000000000000142 ) ) ;
#3609 = CARTESIAN_POINT ( 'NONE',  ( 18.75000000000000355, 8.000000000000000000, -18.75000000000004263 ) ) ;
#3610 = CIRCLE ( 'NONE', #2780, 1.649999999999998579 ) ;
#3611 = ORIENTED_EDGE ( 'NONE', *, *, #2360, .F. ) ;
#3612 = EDGE_LOOP ( 'NONE', ( #1281, #5769, #3111, #2290 ) ) ;
#3613 = ADVANCED_FACE ( 'NONE', ( #899 ), #1982, .F. ) ;
#3614 = DIRECTION ( 'NONE',  ( -0.000000000000000000, -1.000000000000000000, -0.000000000000000000 ) ) ;
#3615 = DIRECTION ( 'NONE',  ( 0.000000000000000000, 0.000000000000000000, 1.000000000000000000 ) ) ;
#3616 = ORIENTED_EDGE ( 'NONE', *, *, #5675, .F. ) ;
#3617 = PERSON_AND_ORGANIZATION_ROLE ( 'classification_officer' ) ;
#3618 = EDGE_LOOP ( 'NONE', ( #1956, #3674, #5282, #3503 ) ) ;
#3619 = DIRECTION ( 'NONE',  ( 0.000000000000000000, 0.000000000000000000, 1.000000000000000000 ) ) ;
#3620 = EDGE_CURVE ( 'NONE', #1058, #1021, #7036, .T. ) ;
#3621 = DIRECTION ( 'NONE',  ( 0.000000000000000000, 1.000000000000000000, 0.000000000000000000 ) ) ;
#3622 = EDGE_CURVE ( 'NONE', #3230, #4234, #1241, .T. ) ;
#3623 = EDGE_CURVE ( 'NONE', #7102, #5384, #6596, .T. ) ;
#3624 = CARTESIAN_POINT ( 'NONE',  ( 18.75000000000008882, 0.000000000000000000, 31.24999999999999645 ) ) ;
#3625 = CARTESIAN_POINT ( 'NONE',  ( 31.25000000000008882, 3.000000000000000000, 31.24999999999999645 ) ) ;
#3626 = ORIENTED_EDGE ( 'NONE', *, *, #1310, .T. ) ;
#3627 = DIRECTION ( 'NONE',  ( 0.000000000000000000, 0.000000000000000000, 1.000000000000000000 ) ) ;
#3628 = ORIENTED_EDGE ( 'NONE', *, *, #6415, .F. ) ;
#3629 = EDGE_CURVE ( 'NONE', #3195, #6340, #2772, .T. ) ;
#3630 = VECTOR ( 'NONE', #5428, 1000.000000000000000 ) ;
#3631 = AXIS2_PLACEMENT_3D ( 'NONE', #2747, #5150, #2298 ) ;
#3632 = CARTESIAN_POINT ( 'NONE',  ( -18.75000000000000355, 0.000000000000000000, 6.250000000000043521 ) ) ;
#3633 = PLANE ( 'NONE',  #2966 ) ;
#3634 = VERTEX_POINT ( 'NONE', #7106 ) ;
#3635 = DIRECTION ( 'NONE',  ( 0.000000000000000000, 0.000000000000000000, -1.000000000000000000 ) ) ;
#3636 = VECTOR ( 'NONE', #3744, 1000.000000000000000 ) ;
#3637 = FACE_OUTER_BOUND ( 'NONE', #1176, .T. ) ;
#3638 = VERTEX_POINT ( 'NONE', #1502 ) ;
#3639 = CARTESIAN_POINT ( 'NONE',  ( -31.25000000000008171, 3.000000000000000000, -27.34999999999999787 ) ) ;
#3640 = ORIENTED_EDGE ( 'NONE', *, *, #3708, .F. ) ;
#3641 = CIRCLE ( 'NONE', #5168, 2.900000000000017231 ) ;
#3642 = EDGE_CURVE ( 'NONE', #141, #4057, #4906, .T. ) ;
#3643 = DIRECTION ( 'NONE',  ( 0.000000000000000000, 1.000000000000000000, 0.000000000000000000 ) ) ;
#3644 = CARTESIAN_POINT ( 'NONE',  ( -18.74999999999999289, 7.499999999999991118, 32.90000000000004121 ) ) ;
#3645 = DIRECTION ( 'NONE',  ( 0.000000000000000000, 0.000000000000000000, 1.000000000000000000 ) ) ;
#3646 = AXIS2_PLACEMENT_3D ( 'NONE', #2847, #5037, #5638 ) ;
#3647 = FACE_OUTER_BOUND ( 'NONE', #6805, .T. ) ;
#3648 = VERTEX_POINT ( 'NONE', #867 ) ;
#3649 = ORIENTED_EDGE ( 'NONE', *, *, #1771, .T. ) ;
#3650 = LINE ( 'NONE', #3250, #5591 ) ;
#3651 = DIRECTION ( 'NONE',  ( -0.000000000000000000, -1.000000000000000000, -0.000000000000000000 ) ) ;
#3652 = ORIENTED_EDGE ( 'NONE', *, *, #6405, .F. ) ;
#3653 = ORIENTED_EDGE ( 'NONE', *, *, #5188, .T. ) ;
#3654 = DIRECTION ( 'NONE',  ( 0.000000000000000000, 0.000000000000000000, 1.000000000000000000 ) ) ;
#3655 = CARTESIAN_POINT ( 'NONE',  ( 34.99999999999999289, 8.000000000000000000, 35.00000000000000000 ) ) ;
#3656 = CONICAL_SURFACE ( 'NONE', #950, 2.149999999999999023, 0.7853981633974380649 ) ;
#3657 = EDGE_CURVE ( 'NONE', #3638, #1975, #3958, .T. ) ;
#3658 = CARTESIAN_POINT ( 'NONE',  ( -31.24999999999999289, 3.000000000000000000, 31.25000000000008882 ) ) ;
#3659 = DIRECTION ( 'NONE',  ( 0.000000000000000000, 1.000000000000000000, 0.000000000000000000 ) ) ;
#3660 = ORIENTED_EDGE ( 'NONE', *, *, #1342, .F. ) ;
#3661 = DIRECTION ( 'NONE',  ( 0.000000000000000000, 0.000000000000000000, 1.000000000000000000 ) ) ;
#3662 = ORIENTED_EDGE ( 'NONE', *, *, #4498, .F. ) ;
#3663 = PRODUCT ( '\X2\5e955ea7ff08\X0\8x8\X2\ff09\X0\', '\X2\5e955ea7ff08\X0\8x8\X2\ff09\X0\', '', ( #207 ) ) ;
#3664 = VECTOR ( 'NONE', #1473, 1000.000000000000000 ) ;
#3665 = EDGE_CURVE ( 'NONE', #6808, #3188, #4795, .T. ) ;
#3666 = CIRCLE ( 'NONE', #5097, 2.399999999999999467 ) ;
#3667 = ADVANCED_FACE ( 'NONE', ( #5990 ), #1363, .F. ) ;
#3668 = CARTESIAN_POINT ( 'NONE',  ( -18.75000000000000355, 0.5000000000000047740, 7.900000000000045652 ) ) ;
#3669 = EDGE_CURVE ( 'NONE', #6920, #4022, #6477, .T. ) ;
#3670 = LINE ( 'NONE', #6991, #842 ) ;
#3671 = ORIENTED_EDGE ( 'NONE', *, *, #471, .F. ) ;
#3672 = DIRECTION ( 'NONE',  ( 0.000000000000000000, 0.000000000000000000, 1.000000000000000000 ) ) ;
#3673 = DIRECTION ( 'NONE',  ( 0.000000000000000000, 0.000000000000000000, 1.000000000000000000 ) ) ;
#3674 = ORIENTED_EDGE ( 'NONE', *, *, #3480, .T. ) ;
#3675 = CARTESIAN_POINT ( 'NONE',  ( -18.75000000000008527, 0.000000000000000000, -31.25000000000000000 ) ) ;
#3676 = CIRCLE ( 'NONE', #5700, 2.149999999999870681 ) ;
#3677 = ORIENTED_EDGE ( 'NONE', *, *, #4359, .T. ) ;
#3678 = EDGE_CURVE ( 'NONE', #1230, #1467, #1389, .T. ) ;
#3679 = VECTOR ( 'NONE', #2600, 1000.000000000000114 ) ;
#3680 = AXIS2_PLACEMENT_3D ( 'NONE', #6481, #3938, #1090 ) ;
#3681 = VECTOR ( 'NONE', #973, 1000.000000000000000 ) ;
#3682 = CARTESIAN_POINT ( 'NONE',  ( -6.249999999999996447, 0.5000000000000125455, 17.10000000000000497 ) ) ;
#3683 = DIRECTION ( 'NONE',  ( 0.000000000000000000, 1.000000000000000000, 0.000000000000000000 ) ) ;
#3684 = CYLINDRICAL_SURFACE ( 'NONE', #7148, 2.399999999999999467 ) ;
#3685 = CARTESIAN_POINT ( 'NONE',  ( 31.25000000000000000, 0.000000000000000000, -20.90000000000008740 ) ) ;
#3686 = EDGE_LOOP ( 'NONE', ( #6882, #7086, #4587, #459 ) ) ;
#3687 = DIRECTION ( 'NONE',  ( 0.000000000000000000, 0.7071067811865417996, 0.7071067811865532349 ) ) ;
#3688 = ORIENTED_EDGE ( 'NONE', *, *, #4773, .F. ) ;
#3689 = CIRCLE ( 'NONE', #16, 5.000000000000000888 ) ;
#3690 = AXIS2_PLACEMENT_3D ( 'NONE', #3024, #4700, #765 ) ;
#3691 = EDGE_CURVE ( 'NONE', #4722, #5683, #5323, .T. ) ;
#3692 = AXIS2_PLACEMENT_3D ( 'NONE', #2924, #5791, #6320 ) ;
#3693 = CIRCLE ( 'NONE', #5594, 1.650000000000002132 ) ;
#3694 = DIRECTION ( 'NONE',  ( 0.000000000000000000, 0.000000000000000000, -1.000000000000000000 ) ) ;
#3695 = DIRECTION ( 'NONE',  ( -0.000000000000000000, 1.000000000000000000, -0.000000000000000000 ) ) ;
#3696 = ORIENTED_EDGE ( 'NONE', *, *, #1274, .T. ) ;
#3697 = APPROVAL_DATE_TIME ( #4341, #366 ) ;
#3698 = VERTEX_POINT ( 'NONE', #6028 ) ;
#3699 = DIRECTION ( 'NONE',  ( 0.000000000000000000, 0.000000000000000000, 1.000000000000000000 ) ) ;
#3700 = FACE_OUTER_BOUND ( 'NONE', #6619, .T. ) ;
#3701 = AXIS2_PLACEMENT_3D ( 'NONE', #5452, #7234, #7268 ) ;
#3702 = VECTOR ( 'NONE', #7110, 1000.000000000000000 ) ;
#3703 = CARTESIAN_POINT ( 'NONE',  ( -18.75000000000008527, 0.4999999999999922284, -32.89999999999999858 ) ) ;
#3704 = DIRECTION ( 'NONE',  ( 0.000000000000000000, 0.000000000000000000, 1.000000000000000000 ) ) ;
#3705 = VERTEX_POINT ( 'NONE', #6518 ) ;
#3706 = CARTESIAN_POINT ( 'NONE',  ( 31.25000000000004263, 7.499999999999998224, 20.39999999999999858 ) ) ;
#3707 = ORIENTED_EDGE ( 'NONE', *, *, #3437, .T. ) ;
#3708 = EDGE_CURVE ( 'NONE', #6835, #5002, #2896, .T. ) ;
#3709 = DIRECTION ( 'NONE',  ( 0.000000000000000000, 0.000000000000000000, 1.000000000000000000 ) ) ;
#3710 = LINE ( 'NONE', #4931, #1919 ) ;
#3711 = ORIENTED_EDGE ( 'NONE', *, *, #3352, .T. ) ;
#3712 = CARTESIAN_POINT ( 'NONE',  ( 31.25000000000004263, 0.000000000000000000, 18.74999999999999645 ) ) ;
#3713 = DIRECTION ( 'NONE',  ( 0.000000000000000000, 1.000000000000000000, 0.000000000000000000 ) ) ;
#3714 = ORIENTED_EDGE ( 'NONE', *, *, #37, .T. ) ;
#3715 = CARTESIAN_POINT ( 'NONE',  ( -31.25000000000000000, -2.000000000000000000, 17.10000000000009024 ) ) ;
#3716 = ORIENTED_EDGE ( 'NONE', *, *, #401, .F. ) ;
#3717 = EDGE_CURVE ( 'NONE', #3863, #4533, #3016, .T. ) ;
#3718 = ADVANCED_FACE ( 'NONE', ( #4495 ), #3256, .F. ) ;
#3719 = DIRECTION ( 'NONE',  ( 0.000000000000000000, -0.7071067811865574537, -0.7071067811865376918 ) ) ;
#3720 = CARTESIAN_POINT ( 'NONE',  ( 18.74999999999999645, 7.499999999999994671, -32.90000000000004121 ) ) ;
#3721 = DIRECTION ( 'NONE',  ( 0.000000000000000000, 0.000000000000000000, 1.000000000000000000 ) ) ;
#3722 = CARTESIAN_POINT ( 'NONE',  ( 31.25000000000000000, 0.000000000000000000, -28.35000000000008313 ) ) ;
#3723 = ADVANCED_FACE ( 'NONE', ( #6809 ), #3340, .T. ) ;
#3724 = ORIENTED_EDGE ( 'NONE', *, *, #6775, .T. ) ;
#3725 = CARTESIAN_POINT ( 'NONE',  ( 31.25000000000000000, -2.000000000000000000, -6.250000000000086153 ) ) ;
#3726 = ORIENTED_EDGE ( 'NONE', *, *, #7305, .T. ) ;
#3727 = AXIS2_PLACEMENT_3D ( 'NONE', #6987, #107, #2927 ) ;
#3728 = CIRCLE ( 'NONE', #892, 2.399999999999999467 ) ;
#3729 = DIRECTION ( 'NONE',  ( -0.000000000000000000, 1.000000000000000000, -0.000000000000000000 ) ) ;
#3730 = DIRECTION ( 'NONE',  ( 0.000000000000000000, 0.000000000000000000, 1.000000000000000000 ) ) ;
#3731 = VERTEX_POINT ( 'NONE', #3374 ) ;
#3732 = VERTEX_POINT ( 'NONE', #3856 ) ;
#3733 = FACE_OUTER_BOUND ( 'NONE', #5495, .T. ) ;
#3734 = FACE_OUTER_BOUND ( 'NONE', #3497, .T. ) ;
#3735 = FACE_OUTER_BOUND ( 'NONE', #1219, .T. ) ;
#3736 = DIRECTION ( 'NONE',  ( -0.000000000000000000, 1.000000000000000000, -0.000000000000000000 ) ) ;
#3737 = EDGE_LOOP ( 'NONE', ( #895, #1704 ) ) ;
#3738 = CARTESIAN_POINT ( 'NONE',  ( 31.25000000000000000, 8.000000000000000000, -18.75000000000008882 ) ) ;
#3739 = VERTEX_POINT ( 'NONE', #6137 ) ;
#3740 = DIRECTION ( 'NONE',  ( 0.000000000000000000, 0.000000000000000000, -1.000000000000000000 ) ) ;
#3741 = CARTESIAN_POINT ( 'NONE',  ( 18.75000000000000355, 0.4999999999999908962, -6.250000000000041744 ) ) ;
#3742 = ORIENTED_EDGE ( 'NONE', *, *, #132, .F. ) ;
#3743 = FACE_OUTER_BOUND ( 'NONE', #6309, .T. ) ;
#3744 = DIRECTION ( 'NONE',  ( -0.000000000000000000, 1.000000000000000000, -0.000000000000000000 ) ) ;
#3745 = ORIENTED_EDGE ( 'NONE', *, *, #4765, .F. ) ;
#3746 = CARTESIAN_POINT ( 'NONE',  ( 6.250000000000043521, 0.5000000000000108802, 18.75000000000000355 ) ) ;
#3747 = ADVANCED_FACE ( 'NONE', ( #5608 ), #7278, .F. ) ;
#3748 = AXIS2_PLACEMENT_3D ( 'NONE', #3527, #5917, #4204 ) ;
#3749 = EDGE_LOOP ( 'NONE', ( #2658, #5649, #2754, #7309 ) ) ;
#3750 = CIRCLE ( 'NONE', #5295, 2.499999999999995115 ) ;
#3751 = CYLINDRICAL_SURFACE ( 'NONE', #5694, 4.999999999999997335 ) ;
#3752 = CIRCLE ( 'NONE', #5422, 1.650000000000002132 ) ;
#3753 = EDGE_CURVE ( 'NONE', #2782, #6170, #7290, .T. ) ;
#3754 = LINE ( 'NONE', #6112, #3664 ) ;
#3755 = DIRECTION ( 'NONE',  ( 8.659560562355008046E-17, 0.7071067811865415775, -0.7071067811865535679 ) ) ;
#3756 = CARTESIAN_POINT ( 'NONE',  ( -6.249999999999996447, 0.5000000000000125455, 20.39999999999999503 ) ) ;
#3757 = ORIENTED_EDGE ( 'NONE', *, *, #2907, .T. ) ;
#3758 = DIRECTION ( 'NONE',  ( 0.000000000000000000, -1.000000000000000000, 0.000000000000000000 ) ) ;
#3759 = EDGE_CURVE ( 'NONE', #1021, #1678, #5625, .T. ) ;
#3760 = ORIENTED_EDGE ( 'NONE', *, *, #2635, .T. ) ;
#3761 = ORIENTED_EDGE ( 'NONE', *, *, #3717, .F. ) ;
#3762 = VECTOR ( 'NONE', #3768, 1000.000000000000000 ) ;
#3764 = ADVANCED_FACE ( 'NONE', ( #4389 ), #5984, .F. ) ;
#3763 = ADVANCED_FACE ( 'NONE', ( #2232 ), #4429, .F. ) ;
#3765 = EDGE_CURVE ( 'NONE', #5346, #878, #6713, .T. ) ;
#3766 = CARTESIAN_POINT ( 'NONE',  ( -6.250000000000084377, 8.000000000000000000, -29.09999999999998721 ) ) ;
#3767 = AXIS2_PLACEMENT_3D ( 'NONE', #7093, #2118, #3704 ) ;
#3768 = DIRECTION ( 'NONE',  ( -0.000000000000000000, 1.000000000000000000, -0.000000000000000000 ) ) ;
#3770 = ORIENTED_EDGE ( 'NONE', *, *, #2724, .T. ) ;
#3769 = ADVANCED_FACE ( 'NONE', ( #2753 ), #6106, .T. ) ;
#3771 = DIRECTION ( 'NONE',  ( -0.000000000000000000, 1.000000000000000000, -0.000000000000000000 ) ) ;
#3772 = DIRECTION ( 'NONE',  ( -1.000000000000000000, 0.000000000000000000, 0.000000000000000000 ) ) ;
#3773 = DIRECTION ( 'NONE',  ( 0.000000000000000000, 0.000000000000000000, 1.000000000000000000 ) ) ;
#3774 = LINE ( 'NONE', #4925, #686 ) ;
#3775 = VERTEX_POINT ( 'NONE', #450 ) ;
#3776 = DIRECTION ( 'NONE',  ( 0.000000000000000000, 0.000000000000000000, 1.000000000000000000 ) ) ;
#3777 = ORIENTED_EDGE ( 'NONE', *, *, #5030, .T. ) ;
#3778 = EDGE_CURVE ( 'NONE', #866, #4063, #7173, .T. ) ;
#3779 = DIRECTION ( 'NONE',  ( -0.000000000000000000, 1.000000000000000000, -0.000000000000000000 ) ) ;
#3780 = DIRECTION ( 'NONE',  ( 0.000000000000000000, 0.000000000000000000, 1.000000000000000000 ) ) ;
#3781 = ORIENTED_EDGE ( 'NONE', *, *, #5369, .T. ) ;
#3782 = CARTESIAN_POINT ( 'NONE',  ( 31.25000000000008882, 7.499999999999998224, 35.14999999999999147 ) ) ;
#3783 = DIRECTION ( 'NONE',  ( 0.000000000000000000, 0.000000000000000000, 1.000000000000000000 ) ) ;
#3784 = ORIENTED_EDGE ( 'NONE', *, *, #817, .T. ) ;
#3785 = CARTESIAN_POINT ( 'NONE',  ( 18.75000000000008882, 8.000000000000000000, 31.24999999999999645 ) ) ;
#3786 = AXIS2_PLACEMENT_3D ( 'NONE', #3065, #5340, #1447 ) ;
#3787 = ORIENTED_EDGE ( 'NONE', *, *, #1362, .F. ) ;
#3788 = CIRCLE ( 'NONE', #1550, 2.149999999999999023 ) ;
#3789 = CIRCLE ( 'NONE', #1428, 1.649999999999998579 ) ;
#3790 = CARTESIAN_POINT ( 'NONE',  ( -31.25000000000000000, 8.000000000000000000, 18.75000000000009237 ) ) ;
#3791 = CARTESIAN_POINT ( 'NONE',  ( -31.25000000000000000, 0.000000000000000000, 20.90000000000009095 ) ) ;
#3792 = CIRCLE ( 'NONE', #5816, 2.150000000000012790 ) ;
#3793 = CARTESIAN_POINT ( 'NONE',  ( 38.99999999999997868, 8.000000000000000000, -35.00000000000000711 ) ) ;
#3794 = DIRECTION ( 'NONE',  ( 0.000000000000000000, 0.000000000000000000, 1.000000000000000000 ) ) ;
#3795 = ORIENTED_EDGE ( 'NONE', *, *, #1373, .F. ) ;
#3796 = CARTESIAN_POINT ( 'NONE',  ( 6.249999999999998224, 0.000000000000000000, 6.249999999999999112 ) ) ;
#3797 = VERTEX_POINT ( 'NONE', #1608 ) ;
#3798 = AXIS2_PLACEMENT_3D ( 'NONE', #3243, #3199, #6566 ) ;
#3799 = AXIS2_PLACEMENT_3D ( 'NONE', #1791, #39, #6328 ) ;
#3800 = EDGE_CURVE ( 'NONE', #2713, #6758, #4534, .T. ) ;
#3801 = CARTESIAN_POINT ( 'NONE',  ( 6.249999999999998224, -2.000000000000000000, -20.40000000000000213 ) ) ;
#3802 = AXIS2_PLACEMENT_3D ( 'NONE', #4237, #113, #4653 ) ;
#3803 = CARTESIAN_POINT ( 'NONE',  ( 31.24999999999986500, 8.000000000000000000, 6.249999999999995559 ) ) ;
#3804 = CIRCLE ( 'NONE', #2622, 2.499999999999998668 ) ;
#3805 = ORIENTED_EDGE ( 'NONE', *, *, #230, .F. ) ;
#3806 = CONICAL_SURFACE ( 'NONE', #6304, 3.000000000000002665, 0.7853981633974466137 ) ;
#3807 = CARTESIAN_POINT ( 'NONE',  ( 31.25000000000000000, 7.499999999999998224, -18.75000000000008882 ) ) ;
#3808 = CARTESIAN_POINT ( 'NONE',  ( -6.249999999999992895, -2.000000000000000000, 31.24999999999986500 ) ) ;
#3809 = EDGE_CURVE ( 'NONE', #373, #5743, #6937, .T. ) ;
#3810 = AXIS2_PLACEMENT_3D ( 'NONE', #7067, #5916, #3672 ) ;
#3811 = EDGE_CURVE ( 'NONE', #2219, #2465, #3887, .T. ) ;
#3812 = AXIS2_PLACEMENT_3D ( 'NONE', #429, #6645, #1996 ) ;
#3813 = LINE ( 'NONE', #7200, #4305 ) ;
#3814 = DIRECTION ( 'NONE',  ( -0.000000000000000000, 1.000000000000000000, -0.000000000000000000 ) ) ;
#3815 = ADVANCED_FACE ( 'NONE', ( #1642 ), #169, .F. ) ;
#3816 = AXIS2_PLACEMENT_3D ( 'NONE', #5828, #2374, #5190 ) ;
#3817 = ORIENTED_EDGE ( 'NONE', *, *, #3431, .F. ) ;
#3818 = DIRECTION ( 'NONE',  ( 0.000000000000000000, 0.000000000000000000, 1.000000000000000000 ) ) ;
#3819 = AXIS2_PLACEMENT_3D ( 'NONE', #652, #4694, #5170 ) ;
#3820 = VERTEX_POINT ( 'NONE', #6769 ) ;
#3821 = CIRCLE ( 'NONE', #6915, 2.149999999999999023 ) ;
#3822 = CARTESIAN_POINT ( 'NONE',  ( 6.250000000000043521, 7.499999999999994671, 18.75000000000000355 ) ) ;
#3823 = VERTEX_POINT ( 'NONE', #1677 ) ;
#3824 = CARTESIAN_POINT ( 'NONE',  ( -18.75000000000008527, 7.499999999999994671, -31.25000000000000000 ) ) ;
#3825 = DIRECTION ( 'NONE',  ( 0.000000000000000000, 1.000000000000000000, 0.000000000000000000 ) ) ;
#3826 = EDGE_LOOP ( 'NONE', ( #6342, #1338, #746, #5767 ) ) ;
#3827 = CARTESIAN_POINT ( 'NONE',  ( 31.25000000000000000, 0.000000000000000000, -18.75000000000008882 ) ) ;
#3828 = EDGE_LOOP ( 'NONE', ( #6378, #7192 ) ) ;
#3829 = DIRECTION ( 'NONE',  ( 0.000000000000000000, 1.000000000000000000, 0.000000000000000000 ) ) ;
#3830 = CARTESIAN_POINT ( 'NONE',  ( -18.75000000000004263, 0.000000000000000000, -15.75000000000000000 ) ) ;
#3831 = FACE_OUTER_BOUND ( 'NONE', #1806, .T. ) ;
#3832 = DIRECTION ( 'NONE',  ( 1.000000000000000000, 0.000000000000000000, -0.000000000000000000 ) ) ;
#3833 = ORIENTED_EDGE ( 'NONE', *, *, #3665, .T. ) ;
#3834 = DIRECTION ( 'NONE',  ( -0.000000000000000000, 1.000000000000000000, -0.000000000000000000 ) ) ;
#3835 = DIRECTION ( 'NONE',  ( 0.000000000000000000, 0.000000000000000000, 1.000000000000000000 ) ) ;
#3836 = CARTESIAN_POINT ( 'NONE',  ( -18.74999999999999289, 0.000000000000000000, 29.10000000000004405 ) ) ;
#3837 = CIRCLE ( 'NONE', #5982, 2.149999999999984368 ) ;
#3838 = ORIENTED_EDGE ( 'NONE', *, *, #6266, .F. ) ;
#3839 = EDGE_CURVE ( 'NONE', #6362, #6961, #2779, .T. ) ;
#3840 = CARTESIAN_POINT ( 'NONE',  ( 18.75000000000000000, 7.500000000000005329, 6.249999999999997335 ) ) ;
#3841 = EDGE_CURVE ( 'NONE', #6507, #305, #2427, .T. ) ;
#3842 = DIRECTION ( 'NONE',  ( -0.000000000000000000, -1.000000000000000000, -0.000000000000000000 ) ) ;
#3843 = DIRECTION ( 'NONE',  ( 0.000000000000000000, 1.000000000000000000, 0.000000000000000000 ) ) ;
#3844 = CONICAL_SURFACE ( 'NONE', #2665, 2.150000000000012790, 0.7853981633974541632 ) ;
#3845 = VERTEX_POINT ( 'NONE', #152 ) ;
#3846 = DIRECTION ( 'NONE',  ( 0.000000000000000000, 1.000000000000000000, 0.000000000000000000 ) ) ;
#3847 = ADVANCED_FACE ( 'NONE', ( #2891 ), #524, .F. ) ;
#3848 = EDGE_LOOP ( 'NONE', ( #3528, #4727 ) ) ;
#3849 = ADVANCED_FACE ( 'NONE', ( #1296, #1192, #4115, #5723, #5272, #1153, #2415, #2858, #4155, #5123, #2377, #4080, #6844, #1857, #5832, #3004, #3410, #5681, #3556, #5194, #71, #594, #182, #6879, #4046, #6323, #34, #2303, #5233, #2449, #1747, #6392, #3448, #1824, #4712, #4006, #6280 ), #1228, .F. ) ;
#3850 = APPLICATION_CONTEXT ( 'configuration controlled 3d designs of mechanical parts and assemblies' ) ;
#3851 = DIRECTION ( 'NONE',  ( -0.000000000000000000, -1.000000000000000000, -0.000000000000000000 ) ) ;
#3852 = ORIENTED_EDGE ( 'NONE', *, *, #1470, .F. ) ;
#3853 = LINE ( 'NONE', #2090, #4407 ) ;
#3854 = DIRECTION ( 'NONE',  ( 0.000000000000000000, 1.000000000000000000, 0.000000000000000000 ) ) ;
#3855 = ORIENTED_EDGE ( 'NONE', *, *, #2186, .T. ) ;
#3856 = CARTESIAN_POINT ( 'NONE',  ( 18.75000000000000355, 0.000000000000000000, -21.75000000000004263 ) ) ;
#3857 = ADVANCED_FACE ( 'NONE', ( #5757 ), #5154, .F. ) ;
#3858 = VERTEX_POINT ( 'NONE', #1259 ) ;
#3859 = DIRECTION ( 'NONE',  ( 0.000000000000000000, 0.000000000000000000, -1.000000000000000000 ) ) ;
#3860 = DIRECTION ( 'NONE',  ( 0.000000000000000000, 0.000000000000000000, 1.000000000000000000 ) ) ;
#3861 = CARTESIAN_POINT ( 'NONE',  ( 31.24999999999999645, 7.499999999999978684, -35.15000000000007674 ) ) ;
#3862 = LINE ( 'NONE', #5475, #2212 ) ;
#3863 = VERTEX_POINT ( 'NONE', #3518 ) ;
#3864 = FACE_BOUND ( 'NONE', #2352, .T. ) ;
#3865 = ORIENTED_EDGE ( 'NONE', *, *, #1175, .F. ) ;
#3866 = EDGE_CURVE ( 'NONE', #3845, #3257, #6590, .T. ) ;
#3867 = CIRCLE ( 'NONE', #1515, 2.150000000000013678 ) ;
#3868 = AXIS2_PLACEMENT_3D ( 'NONE', #6007, #6531, #914 ) ;
#3869 = CARTESIAN_POINT ( 'NONE',  ( -35.00000000000000711, 0.000000000000000000, -35.00000000000000711 ) ) ;
#3870 = FACE_OUTER_BOUND ( 'NONE', #6252, .T. ) ;
#3871 = ORIENTED_EDGE ( 'NONE', *, *, #4136, .T. ) ;
#3872 = AXIS2_PLACEMENT_3D ( 'NONE', #897, #6667, #2751 ) ;
#3873 = AXIS2_PLACEMENT_3D ( 'NONE', #5588, #505, #4406 ) ;
#3874 = DIRECTION ( 'NONE',  ( -0.000000000000000000, 1.000000000000000000, -0.000000000000000000 ) ) ;
#3875 = AXIS2_PLACEMENT_3D ( 'NONE', #6390, #5230, #3554 ) ;
#3876 = CARTESIAN_POINT ( 'NONE',  ( 6.249999999999996447, 7.500000000000005329, -29.59999999999999432 ) ) ;
#3877 = FACE_OUTER_BOUND ( 'NONE', #5289, .T. ) ;
#3878 = ORIENTED_EDGE ( 'NONE', *, *, #2453, .F. ) ;
#3879 = DIRECTION ( 'NONE',  ( -0.000000000000000000, -1.000000000000000000, -0.000000000000000000 ) ) ;
#3880 = CARTESIAN_POINT ( 'NONE',  ( -6.250000000000084377, 0.5000000000000047740, -32.89999999999999858 ) ) ;
#3881 = EDGE_CURVE ( 'NONE', #2016, #767, #1959, .T. ) ;
#3882 = DIRECTION ( 'NONE',  ( -0.000000000000000000, -1.000000000000000000, -0.000000000000000000 ) ) ;
#3883 = EDGE_LOOP ( 'NONE', ( #287, #2678 ) ) ;
#3884 = CARTESIAN_POINT ( 'NONE',  ( -31.25000000000008171, 3.000000000000000000, -33.64999999999999858 ) ) ;
#3885 = CARTESIAN_POINT ( 'NONE',  ( -31.24999999999999289, 8.000000000000000000, 31.25000000000008882 ) ) ;
#3886 = ORIENTED_EDGE ( 'NONE', *, *, #19, .T. ) ;
#3887 = LINE ( 'NONE', #3239, #1244 ) ;
#3888 = VERTEX_POINT ( 'NONE', #4820 ) ;
#3889 = EDGE_CURVE ( 'NONE', #6843, #2040, #3071, .T. ) ;
#3890 = ADVANCED_FACE ( 'NONE', ( #6435 ), #5751, .F. ) ;
#3891 = DIRECTION ( 'NONE',  ( -0.000000000000000000, -1.000000000000000000, -0.000000000000000000 ) ) ;
#3892 = DIRECTION ( 'NONE',  ( -0.000000000000000000, -1.000000000000000000, -0.000000000000000000 ) ) ;
#3893 = ORIENTED_EDGE ( 'NONE', *, *, #2233, .T. ) ;
#3894 = CARTESIAN_POINT ( 'NONE',  ( 18.75000000000008882, -2.000000000000000000, 32.89999999999999858 ) ) ;
#3895 = AXIS2_PLACEMENT_3D ( 'NONE', #4848, #1406, #3654 ) ;
#3896 = CARTESIAN_POINT ( 'NONE',  ( -31.25000000000000000, 7.499999999999984013, 17.10000000000009024 ) ) ;
#3897 = VERTEX_POINT ( 'NONE', #815 ) ;
#3898 = LINE ( 'NONE', #498, #3479 ) ;
#3899 = CIRCLE ( 'NONE', #1300, 1.649999999999998579 ) ;
#3900 = ORIENTED_EDGE ( 'NONE', *, *, #5363, .T. ) ;
#3901 = ADVANCED_FACE ( 'NONE', ( #4270 ), #1121, .F. ) ;
#3902 = AXIS2_PLACEMENT_3D ( 'NONE', #5366, #2540, #1580 ) ;
#3903 = AXIS2_PLACEMENT_3D ( 'NONE', #5742, #6417, #1323 ) ;
#3904 = CYLINDRICAL_SURFACE ( 'NONE', #3335, 2.499999999999998668 ) ;
#3905 = DIRECTION ( 'NONE',  ( 0.000000000000000000, 1.000000000000000000, 0.000000000000000000 ) ) ;
#3906 = EDGE_LOOP ( 'NONE', ( #1643, #6988 ) ) ;
#3907 = VECTOR ( 'NONE', #705, 1000.000000000000000 ) ;
#3908 = AXIS2_PLACEMENT_3D ( 'NONE', #6247, #2897, #75 ) ;
#3909 = DIRECTION ( 'NONE',  ( 1.734723475976807094E-16, 0.000000000000000000, 1.000000000000000000 ) ) ;
#3910 = ORIENTED_EDGE ( 'NONE', *, *, #6336, .F. ) ;
#3911 = AXIS2_PLACEMENT_3D ( 'NONE', #6513, #5797, #4721 ) ;
#3912 = AXIS2_PLACEMENT_3D ( 'NONE', #2720, #456, #1614 ) ;
#3913 = CONICAL_SURFACE ( 'NONE', #724, 1.650000000000002132, 0.7853981633974563836 ) ;
#3914 = CARTESIAN_POINT ( 'NONE',  ( -6.249999999999998224, 0.000000000000000000, -6.250000000000000000 ) ) ;
#3915 = CARTESIAN_POINT ( 'NONE',  ( 31.24999999999986500, 7.500000000000007994, 6.249999999999995559 ) ) ;
#3916 = LINE ( 'NONE', #6834, #336 ) ;
#3917 = VERTEX_POINT ( 'NONE', #2526 ) ;
#3918 = DIRECTION ( 'NONE',  ( 0.000000000000000000, 0.000000000000000000, 1.000000000000000000 ) ) ;
#3919 = CARTESIAN_POINT ( 'NONE',  ( -39.99999999999999289, 8.000000000000000000, 39.99999999999999289 ) ) ;
#3920 = CONICAL_SURFACE ( 'NONE', #5113, 2.499999999999998668, 0.7853981633974400633 ) ;
#3921 = AXIS2_PLACEMENT_3D ( 'NONE', #3869, #6189, #6715 ) ;
#3922 = AXIS2_PLACEMENT_3D ( 'NONE', #179, #1935, #4228 ) ;
#3923 = CARTESIAN_POINT ( 'NONE',  ( -31.25000000000004263, -2.000000000000000000, -18.75000000000000000 ) ) ;
#3924 = AXIS2_PLACEMENT_3D ( 'NONE', #7328, #615, #1696 ) ;
#3925 = VERTEX_POINT ( 'NONE', #2011 ) ;
#3926 = CARTESIAN_POINT ( 'NONE',  ( -18.75000000000004263, 7.499999999999987566, -21.25000000000000000 ) ) ;
#3927 = DIRECTION ( 'NONE',  ( 0.000000000000000000, 1.000000000000000000, 0.000000000000000000 ) ) ;
#3928 = ORIENTED_EDGE ( 'NONE', *, *, #4040, .F. ) ;
#3929 = CARTESIAN_POINT ( 'NONE',  ( -31.24999999999986500, 8.000000000000000000, -6.249999999999998224 ) ) ;
#3930 = ORIENTED_EDGE ( 'NONE', *, *, #5855, .F. ) ;
#3931 = ORIENTED_EDGE ( 'NONE', *, *, #2729, .F. ) ;
#3932 = ADVANCED_FACE ( 'NONE', ( #6469 ), #4334, .F. ) ;
#3933 = AXIS2_PLACEMENT_3D ( 'NONE', #2774, #6655, #3433 ) ;
#3934 = AXIS2_PLACEMENT_3D ( 'NONE', #6709, #7285, #2203 ) ;
#3935 = DIRECTION ( 'NONE',  ( -0.000000000000000000, -1.000000000000000000, -0.000000000000000000 ) ) ;
#3936 = DIRECTION ( 'NONE',  ( 0.000000000000000000, 1.000000000000000000, 0.000000000000000000 ) ) ;
#3937 = EDGE_LOOP ( 'NONE', ( #2270, #6657, #3379, #404, #1034, #6878, #7066, #3104 ) ) ;
#3938 = DIRECTION ( 'NONE',  ( -0.000000000000000000, -1.000000000000000000, -0.000000000000000000 ) ) ;
#3939 = LINE ( 'NONE', #1422, #6490 ) ;
#3940 = EDGE_LOOP ( 'NONE', ( #1271, #3724, #7069, #3158 ) ) ;
#3941 = FACE_BOUND ( 'NONE', #5646, .T. ) ;
#3942 = ADVANCED_FACE ( 'NONE', ( #7167 ), #4896, .F. ) ;
#3943 = ORIENTED_EDGE ( 'NONE', *, *, #2216, .T. ) ;
#3944 = EDGE_CURVE ( 'NONE', #2691, #3166, #928, .T. ) ;
#3945 = EDGE_CURVE ( 'NONE', #4391, #2989, #7184, .T. ) ;
#3946 = CARTESIAN_POINT ( 'NONE',  ( 31.25000000000000000, -2.000000000000000000, -33.65000000000008384 ) ) ;
#3947 = DIRECTION ( 'NONE',  ( -0.000000000000000000, 1.000000000000000000, -0.000000000000000000 ) ) ;
#3948 = ORIENTED_EDGE ( 'NONE', *, *, #7006, .T. ) ;
#3949 = AXIS2_PLACEMENT_3D ( 'NONE', #3796, #6037, #4702 ) ;
#3950 = DIRECTION ( 'NONE',  ( 0.000000000000000000, 1.000000000000000000, 0.000000000000000000 ) ) ;
#3951 = CIRCLE ( 'NONE', #761, 3.899999999999993694 ) ;
#3952 = CARTESIAN_POINT ( 'NONE',  ( 18.75000000000004263, 0.000000000000000000, 18.75000000000000000 ) ) ;
#3953 = CARTESIAN_POINT ( 'NONE',  ( -6.249999999999992895, 0.5000000000000022204, 31.24999999999986500 ) ) ;
#3954 = CARTESIAN_POINT ( 'NONE',  ( -6.249999999999992895, 0.5000000000000022204, 31.24999999999986500 ) ) ;
#3955 = ORIENTED_EDGE ( 'NONE', *, *, #2191, .T. ) ;
#3956 = CARTESIAN_POINT ( 'NONE',  ( 31.25000000000008882, 3.000000000000000000, 31.24999999999999645 ) ) ;
#3957 = CARTESIAN_POINT ( 'NONE',  ( -6.249999999999992895, 8.000000000000000000, 29.09999999999998010 ) ) ;
#3958 = CIRCLE ( 'NONE', #654, 1.649999999999998579 ) ;
#3959 = EDGE_CURVE ( 'NONE', #3062, #1885, #4918, .T. ) ;
#3960 = AXIS2_PLACEMENT_3D ( 'NONE', #3738, #6504, #2633 ) ;
#3961 = DIRECTION ( 'NONE',  ( 0.000000000000000000, -0.7071067811865551223, -0.7071067811865399122 ) ) ;
#3962 = EDGE_LOOP ( 'NONE', ( #5991, #3183, #2019, #5432 ) ) ;
#3963 = LINE ( 'NONE', #6841, #2395 ) ;
#3964 = FACE_OUTER_BOUND ( 'NONE', #644, .T. ) ;
#3965 = ORIENTED_EDGE ( 'NONE', *, *, #2007, .T. ) ;
#3966 = DIRECTION ( 'NONE',  ( 0.000000000000000000, 1.000000000000000000, 0.000000000000000000 ) ) ;
#3967 = VERTEX_POINT ( 'NONE', #5942 ) ;
#3968 = ORIENTED_EDGE ( 'NONE', *, *, #6763, .T. ) ;
#3969 = DIRECTION ( 'NONE',  ( 0.000000000000000000, 0.7071067811865516806, 0.7071067811865434649 ) ) ;
#3970 = DIRECTION ( 'NONE',  ( 0.000000000000000000, -0.7071067811865496822, -0.7071067811865453523 ) ) ;
#3971 = ORIENTED_EDGE ( 'NONE', *, *, #6940, .F. ) ;
#3972 = DIRECTION ( 'NONE',  ( -0.000000000000000000, -1.000000000000000000, -0.000000000000000000 ) ) ;
#3973 = EDGE_CURVE ( 'NONE', #1058, #2905, #533, .T. ) ;
#3974 = DIRECTION ( 'NONE',  ( 0.000000000000000000, 0.000000000000000000, -1.000000000000000000 ) ) ;
#3975 = ORIENTED_EDGE ( 'NONE', *, *, #2056, .T. ) ;
#3976 = FACE_BOUND ( 'NONE', #5080, .T. ) ;
#3977 = VERTEX_POINT ( 'NONE', #5980 ) ;
#3978 = EDGE_CURVE ( 'NONE', #1607, #3240, #2082, .T. ) ;
#3979 = EDGE_CURVE ( 'NONE', #1859, #4606, #4564, .T. ) ;
#3980 = DIRECTION ( 'NONE',  ( 0.000000000000000000, 0.000000000000000000, 1.000000000000000000 ) ) ;
#3981 = DIRECTION ( 'NONE',  ( 0.000000000000000000, 0.000000000000000000, 1.000000000000000000 ) ) ;
#3982 = ORIENTED_EDGE ( 'NONE', *, *, #1887, .T. ) ;
#3983 = AXIS2_PLACEMENT_3D ( 'NONE', #4242, #824, #6960 ) ;
#3984 = DIRECTION ( 'NONE',  ( -0.000000000000000000, -1.000000000000000000, -0.000000000000000000 ) ) ;
#3985 = EDGE_CURVE ( 'NONE', #5384, #3240, #5456, .T. ) ;
#3986 = CIRCLE ( 'NONE', #6019, 3.900000000000000799 ) ;
#3987 = ORIENTED_EDGE ( 'NONE', *, *, #6911, .T. ) ;
#3988 = ADVANCED_FACE ( 'NONE', ( #5307 ), #3844, .F. ) ;
#3989 = EDGE_CURVE ( 'NONE', #910, #5204, #1610, .T. ) ;
#3990 = DIRECTION ( 'NONE',  ( 0.000000000000000000, 0.000000000000000000, -1.000000000000000000 ) ) ;
#3991 = AXIS2_PLACEMENT_3D ( 'NONE', #180, #1337, #6985 ) ;
#3992 = CARTESIAN_POINT ( 'NONE',  ( 31.25000000000000000, 7.499999999999998224, -4.600000000000083134 ) ) ;
#3993 = LINE ( 'NONE', #6270, #3407 ) ;
#3994 = ORIENTED_EDGE ( 'NONE', *, *, #4853, .T. ) ;
#3995 = CARTESIAN_POINT ( 'NONE',  ( 39.99999999999999289, 1.000000000000000888, -40.00000000000000711 ) ) ;
#3996 = EDGE_CURVE ( 'NONE', #2205, #181, #2556, .T. ) ;
#3997 = DIRECTION ( 'NONE',  ( 0.000000000000000000, 0.000000000000000000, -1.000000000000000000 ) ) ;
#3998 = VECTOR ( 'NONE', #1855, 1000.000000000000000 ) ;
#3999 = CIRCLE ( 'NONE', #4465, 2.150000000000012790 ) ;
#4000 = AXIS2_PLACEMENT_3D ( 'NONE', #1071, #7338, #1740 ) ;
#4001 = CARTESIAN_POINT ( 'NONE',  ( 6.250000000000043521, 8.000000000000000000, 16.60000000000000497 ) ) ;
#4002 = DIRECTION ( 'NONE',  ( -0.000000000000000000, -1.000000000000000000, -0.000000000000000000 ) ) ;
#4003 = VECTOR ( 'NONE', #5145, 1000.000000000000000 ) ;
#4004 = CARTESIAN_POINT ( 'NONE',  ( 6.250000000000088818, 7.499999999999998224, 31.25000000000000000 ) ) ;
#4005 = ORIENTED_EDGE ( 'NONE', *, *, #1386, .T. ) ;
#4006 = FACE_BOUND ( 'NONE', #5763, .T. ) ;
#4007 = ORIENTED_EDGE ( 'NONE', *, *, #146, .T. ) ;
#4008 = EDGE_CURVE ( 'NONE', #2623, #4690, #6945, .T. ) ;
#4009 = EDGE_LOOP ( 'NONE', ( #3322, #1835, #5455, #2820 ) ) ;
#4010 = CYLINDRICAL_SURFACE ( 'NONE', #840, 1.650000000000002132 ) ;
#4011 = CARTESIAN_POINT ( 'NONE',  ( 18.74999999999999645, 7.499999999999994671, -31.25000000000004263 ) ) ;
#4012 = ORIENTED_EDGE ( 'NONE', *, *, #6500, .F. ) ;
#4013 = LINE ( 'NONE', #6363, #4161 ) ;
#4014 = PLANE ( 'NONE',  #1268 ) ;
#4015 = ORIENTED_EDGE ( 'NONE', *, *, #96, .T. ) ;
#4016 = DIRECTION ( 'NONE',  ( 0.000000000000000000, 1.000000000000000000, 0.000000000000000000 ) ) ;
#4017 = EDGE_LOOP ( 'NONE', ( #4301, #1971, #2432, #4231 ) ) ;
#4018 = CIRCLE ( 'NONE', #4264, 3.900000000000000799 ) ;
#4019 = AXIS2_PLACEMENT_3D ( 'NONE', #4073, #4740, #3030 ) ;
#4020 = DIRECTION ( 'NONE',  ( 0.000000000000000000, -0.7071067811865533459, -0.7071067811865416886 ) ) ;
#4021 = CARTESIAN_POINT ( 'NONE',  ( -18.75000000000004263, 8.000000000000000000, -18.75000000000000355 ) ) ;
#4022 = VERTEX_POINT ( 'NONE', #3184 ) ;
#4023 = AXIS2_PLACEMENT_3D ( 'NONE', #5848, #275, #6480 ) ;
#4024 = DIRECTION ( 'NONE',  ( 0.000000000000000000, 0.7071067811865516806, 0.7071067811865434649 ) ) ;
#4025 = AXIS2_PLACEMENT_3D ( 'NONE', #656, #4665, #689 ) ;
#4026 = ADVANCED_FACE ( 'NONE', ( #4745 ), #5517, .F. ) ;
#4027 = ORIENTED_EDGE ( 'NONE', *, *, #3390, .T. ) ;
#4028 = CARTESIAN_POINT ( 'NONE',  ( -18.75000000000000000, 7.499999999999994671, -7.899999999999999467 ) ) ;
#4029 = CIRCLE ( 'NONE', #1438, 3.999999999999996447 ) ;
#4030 = CONICAL_SURFACE ( 'NONE', #3552, 1.650000000000002132, 0.7853981633974568277 ) ;
#4031 = DIRECTION ( 'NONE',  ( 0.000000000000000000, 0.000000000000000000, 1.000000000000000000 ) ) ;
#4032 = CARTESIAN_POINT ( 'NONE',  ( -18.75000000000000355, 0.000000000000000000, 6.250000000000043521 ) ) ;
#4033 = ORIENTED_EDGE ( 'NONE', *, *, #246, .F. ) ;
#4034 = DIRECTION ( 'NONE',  ( -0.000000000000000000, 1.000000000000000000, -0.000000000000000000 ) ) ;
#4035 = EDGE_CURVE ( 'NONE', #5445, #2829, #5034, .T. ) ;
#4036 = CARTESIAN_POINT ( 'NONE',  ( -31.25000000000004263, 0.5000000000000108802, -18.75000000000000000 ) ) ;
#4037 = EDGE_CURVE ( 'NONE', #4722, #191, #6620, .T. ) ;
#4038 = AXIS2_PLACEMENT_3D ( 'NONE', #346, #5434, #3860 ) ;
#4039 = VECTOR ( 'NONE', #2308, 1000.000000000000114 ) ;
#4040 = EDGE_CURVE ( 'NONE', #2871, #2061, #5149, .T. ) ;
#4041 = DIRECTION ( 'NONE',  ( 0.000000000000000000, 0.000000000000000000, 1.000000000000000000 ) ) ;
#4042 = DIRECTION ( 'NONE',  ( 8.659560562354846577E-17, -0.7071067811865547892, 0.7071067811865403563 ) ) ;
#4043 = DIRECTION ( 'NONE',  ( 0.000000000000000000, 1.000000000000000000, 0.000000000000000000 ) ) ;
#4044 = AXIS2_PLACEMENT_3D ( 'NONE', #1499, #4165, #937 ) ;
#4045 = VERTEX_POINT ( 'NONE', #5637 ) ;
#4046 = FACE_BOUND ( 'NONE', #2069, .T. ) ;
#4047 = VECTOR ( 'NONE', #7207, 999.9999999999998863 ) ;
#4048 = EDGE_LOOP ( 'NONE', ( #5599, #6229, #6459, #5172 ) ) ;
#4049 = ORIENTED_EDGE ( 'NONE', *, *, #1175, .T. ) ;
#4050 = CONICAL_SURFACE ( 'NONE', #5480, 2.149999999999999023, 0.7853981633974568277 ) ;
#4051 = CIRCLE ( 'NONE', #6314, 2.149999999999999023 ) ;
#4052 = DIRECTION ( 'NONE',  ( 8.659560562354809599E-17, -0.7071067811865574537, 0.7071067811865374697 ) ) ;
#4053 = DIRECTION ( 'NONE',  ( -0.000000000000000000, 1.000000000000000000, -0.000000000000000000 ) ) ;
#4054 = ORIENTED_EDGE ( 'NONE', *, *, #5707, .T. ) ;
#4055 = CARTESIAN_POINT ( 'NONE',  ( -6.249999999999999112, 8.000000000000000000, 6.249999999999998224 ) ) ;
#4056 = DIRECTION ( 'NONE',  ( 0.000000000000000000, 0.000000000000000000, 1.000000000000000000 ) ) ;
#4057 = VERTEX_POINT ( 'NONE', #6160 ) ;
#4058 = DIRECTION ( 'NONE',  ( -0.000000000000000000, -1.000000000000000000, -0.000000000000000000 ) ) ;
#4059 = ORIENTED_EDGE ( 'NONE', *, *, #4035, .T. ) ;
#4060 = AXIS2_PLACEMENT_3D ( 'NONE', #2882, #62, #6234 ) ;
#4061 = CYLINDRICAL_SURFACE ( 'NONE', #739, 1.649999999999998579 ) ;
#4062 = DIRECTION ( 'NONE',  ( 0.000000000000000000, 1.000000000000000000, 0.000000000000000000 ) ) ;
#4063 = VERTEX_POINT ( 'NONE', #4348 ) ;
#4064 = DIRECTION ( 'NONE',  ( -0.000000000000000000, -1.000000000000000000, -0.000000000000000000 ) ) ;
#4065 = ORIENTED_EDGE ( 'NONE', *, *, #7333, .T. ) ;
#4066 = DIRECTION ( 'NONE',  ( -0.000000000000000000, -1.000000000000000000, -0.000000000000000000 ) ) ;
#4067 = CONICAL_SURFACE ( 'NONE', #1480, 2.149999999999985256, 0.7853981633974400633 ) ;
#4068 = LINE ( 'NONE', #6870, #2881 ) ;
#4069 = EDGE_CURVE ( 'NONE', #6811, #5042, #2120, .T. ) ;
#4070 = PERSON_AND_ORGANIZATION ( #3223, #5072 ) ;
#4071 = ORIENTED_EDGE ( 'NONE', *, *, #5294, .F. ) ;
#4072 = CARTESIAN_POINT ( 'NONE',  ( -18.75000000000008527, 0.000000000000000000, -29.10000000000000142 ) ) ;
#4073 = CARTESIAN_POINT ( 'NONE',  ( 31.25000000000000000, 0.000000000000000000, -18.75000000000008882 ) ) ;
#4074 = CIRCLE ( 'NONE', #2657, 4.400000000000001243 ) ;
#4075 = EDGE_CURVE ( 'NONE', #4196, #3314, #1372, .T. ) ;
#4076 = DIRECTION ( 'NONE',  ( 0.000000000000000000, 1.000000000000000000, 0.000000000000000000 ) ) ;
#4077 = CARTESIAN_POINT ( 'NONE',  ( 34.99999999999999289, 6.999999999999985789, 35.00000000000000000 ) ) ;
#4078 = AXIS2_PLACEMENT_3D ( 'NONE', #3675, #940, #268 ) ;
#4079 = ORIENTED_EDGE ( 'NONE', *, *, #540, .F. ) ;
#4080 = FACE_BOUND ( 'NONE', #2546, .T. ) ;
#4081 = ORIENTED_EDGE ( 'NONE', *, *, #1376, .F. ) ;
#4082 = EDGE_CURVE ( 'NONE', #5775, #3897, #2906, .T. ) ;
#4083 = AXIS2_PLACEMENT_3D ( 'NONE', #4206, #7144, #1424 ) ;
#4084 = DIRECTION ( 'NONE',  ( 0.000000000000000000, 1.000000000000000000, 0.000000000000000000 ) ) ;
#4085 = EDGE_CURVE ( 'NONE', #2829, #5445, #1249, .T. ) ;
#4086 = DIRECTION ( 'NONE',  ( 0.000000000000000000, 0.000000000000000000, 1.000000000000000000 ) ) ;
#4087 = ORIENTED_EDGE ( 'NONE', *, *, #3449, .F. ) ;
#4088 = DIRECTION ( 'NONE',  ( 0.000000000000000000, 0.000000000000000000, 1.000000000000000000 ) ) ;
#4089 = CARTESIAN_POINT ( 'NONE',  ( -31.24999999999986500, 8.000000000000000000, -8.399999999999872458 ) ) ;
#4090 = ORIENTED_EDGE ( 'NONE', *, *, #903, .F. ) ;
#4091 = CARTESIAN_POINT ( 'NONE',  ( -31.25000000000008171, 8.000000000000000000, -31.25000000000000000 ) ) ;
#4092 = EDGE_LOOP ( 'NONE', ( #1692, #1443, #4571, #2552 ) ) ;
#4093 = AXIS2_PLACEMENT_3D ( 'NONE', #1563, #1033, #6202 ) ;
#4094 = LINE ( 'NONE', #4175, #6294 ) ;
#4095 = UNCERTAINTY_MEASURE_WITH_UNIT (LENGTH_MEASURE( 1.000000000000000082E-05 ), #2516, 'distance_accuracy_value', 'NONE');
#4096 = CARTESIAN_POINT ( 'NONE',  ( 6.249999999999998224, 7.499999999999998224, 6.249999999999999112 ) ) ;
#4097 = DIRECTION ( 'NONE',  ( 0.000000000000000000, 0.000000000000000000, 1.000000000000000000 ) ) ;
#4098 = ORIENTED_EDGE ( 'NONE', *, *, #2595, .F. ) ;
#4099 = EDGE_CURVE ( 'NONE', #1258, #461, #4684, .T. ) ;
#4100 = CARTESIAN_POINT ( 'NONE',  ( 18.75000000000000355, 8.000000000000000000, -6.250000000000041744 ) ) ;
#4101 = ORIENTED_EDGE ( 'NONE', *, *, #874, .F. ) ;
#4102 = DIRECTION ( 'NONE',  ( -0.000000000000000000, -1.000000000000000000, -0.000000000000000000 ) ) ;
#4103 = ORIENTED_EDGE ( 'NONE', *, *, #5854, .F. ) ;
#4104 = FACE_OUTER_BOUND ( 'NONE', #6434, .T. ) ;
#4105 = CIRCLE ( 'NONE', #6369, 3.899999999999997247 ) ;
#4106 = APPROVAL_DATE_TIME ( #4188, #2995 ) ;
#4107 = ORIENTED_EDGE ( 'NONE', *, *, #4340, .T. ) ;
#4108 = DIRECTION ( 'NONE',  ( 0.000000000000000000, 0.000000000000000000, -1.000000000000000000 ) ) ;
#4109 = CARTESIAN_POINT ( 'NONE',  ( 6.249999999999996447, -2.000000000000000000, -29.59999999999999432 ) ) ;
#4110 = AXIS2_PLACEMENT_3D ( 'NONE', #1306, #5800, #190 ) ;
#4111 = VECTOR ( 'NONE', #1441, 1000.000000000000000 ) ;
#4112 = CARTESIAN_POINT ( 'NONE',  ( -31.25000000000000000, 7.499999999999998224, 4.600000000000088463 ) ) ;
#4113 = DIRECTION ( 'NONE',  ( 0.000000000000000000, -1.000000000000000000, 0.000000000000000000 ) ) ;
#4114 = ORIENTED_EDGE ( 'NONE', *, *, #7340, .T. ) ;
#4115 = FACE_BOUND ( 'NONE', #3906, .T. ) ;
#4116 = VERTEX_POINT ( 'NONE', #6724 ) ;
#4117 = AXIS2_PLACEMENT_3D ( 'NONE', #1190, #3445, #634 ) ;
#4118 = ORIENTED_EDGE ( 'NONE', *, *, #4716, .T. ) ;
#4119 = CONICAL_SURFACE ( 'NONE', #3287, 2.150000000000012790, 0.7853981633974541632 ) ;
#4120 = EDGE_CURVE ( 'NONE', #1467, #4419, #3499, .T. ) ;
#4121 = CIRCLE ( 'NONE', #7211, 2.150000000000012790 ) ;
#4122 = CARTESIAN_POINT ( 'NONE',  ( -6.249999999999999112, 0.000000000000000000, 8.400000000000011013 ) ) ;
#4123 = DIRECTION ( 'NONE',  ( 0.000000000000000000, 1.000000000000000000, 0.000000000000000000 ) ) ;
#4124 = ORIENTED_EDGE ( 'NONE', *, *, #2916, .F. ) ;
#4125 = DIRECTION ( 'NONE',  ( 0.000000000000000000, 0.000000000000000000, 1.000000000000000000 ) ) ;
#4126 = LINE ( 'NONE', #3566, #3630 ) ;
#4127 = EDGE_LOOP ( 'NONE', ( #561, #2866, #4342, #2928 ) ) ;
#4128 = LINE ( 'NONE', #753, #1005 ) ;
#4129 = ORIENTED_EDGE ( 'NONE', *, *, #3532, .T. ) ;
#4130 = EDGE_CURVE ( 'NONE', #6958, #3264, #3263, .T. ) ;
#4131 = CIRCLE ( 'NONE', #4956, 2.150000000000012790 ) ;
#4132 = EDGE_CURVE ( 'NONE', #3858, #532, #5274, .T. ) ;
#4133 = DIRECTION ( 'NONE',  ( 0.000000000000000000, 0.000000000000000000, 1.000000000000000000 ) ) ;
#4134 = DIRECTION ( 'NONE',  ( 8.659560562355008046E-17, 0.7071067811865415775, -0.7071067811865535679 ) ) ;
#4135 = CARTESIAN_POINT ( 'NONE',  ( 31.24999999999986500, 8.000000000000000000, 6.249999999999995559 ) ) ;
#4136 = EDGE_CURVE ( 'NONE', #2492, #4116, #3728, .T. ) ;
#4137 = ORIENTED_EDGE ( 'NONE', *, *, #3973, .T. ) ;
#4138 = EDGE_LOOP ( 'NONE', ( #3102, #6441, #1378, #7023 ) ) ;
#4139 = CARTESIAN_POINT ( 'NONE',  ( 31.24999999999999645, 7.499999999999978684, -31.25000000000008171 ) ) ;
#4140 = VERTEX_POINT ( 'NONE', #4964 ) ;
#4141 = DIRECTION ( 'NONE',  ( 0.000000000000000000, 1.000000000000000000, 0.000000000000000000 ) ) ;
#4142 = ORIENTED_EDGE ( 'NONE', *, *, #1415, .F. ) ;
#4143 = DIRECTION ( 'NONE',  ( 0.000000000000000000, 1.000000000000000000, 0.000000000000000000 ) ) ;
#4144 = AXIS2_PLACEMENT_3D ( 'NONE', #4522, #249, #175 ) ;
#4145 = APPROVAL_STATUS ( 'not_yet_approved' ) ;
#4146 = EDGE_LOOP ( 'NONE', ( #2861, #846, #4285, #4103 ) ) ;
#4147 = FACE_OUTER_BOUND ( 'NONE', #1469, .T. ) ;
#4148 = CIRCLE ( 'NONE', #3427, 1.649999999999998579 ) ;
#4149 = CARTESIAN_POINT ( 'NONE',  ( 31.25000000000004263, 0.000000000000000000, 16.59999999999999787 ) ) ;
#4150 = VECTOR ( 'NONE', #273, 1000.000000000000000 ) ;
#4151 = VECTOR ( 'NONE', #3909, 1000.000000000000000 ) ;
#4152 = FACE_OUTER_BOUND ( 'NONE', #6918, .T. ) ;
#4153 = DIRECTION ( 'NONE',  ( 0.000000000000000000, 1.000000000000000000, 0.000000000000000000 ) ) ;
#4154 = ORIENTED_EDGE ( 'NONE', *, *, #3665, .F. ) ;
#4155 = FACE_BOUND ( 'NONE', #6997, .T. ) ;
#4156 = EDGE_LOOP ( 'NONE', ( #42, #637, #2140, #7326 ) ) ;
#4157 = CIRCLE ( 'NONE', #2379, 2.149999999999985256 ) ;
#4158 = ORIENTED_EDGE ( 'NONE', *, *, #3538, .F. ) ;
#4159 = CIRCLE ( 'NONE', #969, 1.650000000000000355 ) ;
#4160 = DIRECTION ( 'NONE',  ( 0.000000000000000000, 0.000000000000000000, 1.000000000000000000 ) ) ;
#4161 = VECTOR ( 'NONE', #2867, 1000.000000000000000 ) ;
#4162 = DIRECTION ( 'NONE',  ( -0.000000000000000000, 1.000000000000000000, -0.000000000000000000 ) ) ;
#4163 = CIRCLE ( 'NONE', #1567, 2.150000000000012790 ) ;
#4164 = ORIENTED_EDGE ( 'NONE', *, *, #4130, .F. ) ;
#4165 = DIRECTION ( 'NONE',  ( 0.000000000000000000, 1.000000000000000000, 0.000000000000000000 ) ) ;
#4166 = CARTESIAN_POINT ( 'NONE',  ( -35.00000000000000711, 6.999999999999985789, -40.00000000000000711 ) ) ;
#4167 = EDGE_LOOP ( 'NONE', ( #5069, #3716, #2715, #6356 ) ) ;
#4168 = DIRECTION ( 'NONE',  ( 0.000000000000000000, 1.000000000000000000, 0.000000000000000000 ) ) ;
#4169 = EDGE_CURVE ( 'NONE', #188, #1529, #1726, .T. ) ;
#4170 = ORIENTED_EDGE ( 'NONE', *, *, #4626, .T. ) ;
#4171 = AXIS2_PLACEMENT_3D ( 'NONE', #2493, #896, #4827 ) ;
#4172 = VECTOR ( 'NONE', #6684, 1000.000000000000000 ) ;
#4173 = CARTESIAN_POINT ( 'NONE',  ( 6.250000000000088818, 0.000000000000000000, 29.10000000000000142 ) ) ;
#4174 = EDGE_CURVE ( 'NONE', #3594, #2137, #5493, .T. ) ;
#4175 = CARTESIAN_POINT ( 'NONE',  ( -6.249999999999992895, -2.000000000000000000, 29.59999999999999432 ) ) ;
#4176 = DIRECTION ( 'NONE',  ( 0.000000000000000000, 1.000000000000000000, 0.000000000000000000 ) ) ;
#4177 = DIRECTION ( 'NONE',  ( 0.000000000000000000, 1.000000000000000000, 0.000000000000000000 ) ) ;
#4178 = VECTOR ( 'NONE', #3482, 1000.000000000000000 ) ;
#4179 = VERTEX_POINT ( 'NONE', #4420 ) ;
#4180 = AXIS2_PLACEMENT_3D ( 'NONE', #52, #2320, #5849 ) ;
#4181 = EDGE_CURVE ( 'NONE', #1975, #3638, #5994, .T. ) ;
#4182 = EDGE_CURVE ( 'NONE', #1349, #6958, #3610, .T. ) ;
#4183 = CIRCLE ( 'NONE', #4423, 5.000000000000000888 ) ;
#4184 = DIRECTION ( 'NONE',  ( -0.000000000000000000, -1.000000000000000000, -0.000000000000000000 ) ) ;
#4185 = CARTESIAN_POINT ( 'NONE',  ( 31.24999999999986500, 0.4999999999999935052, 6.249999999999995559 ) ) ;
#4187 = ORIENTED_EDGE ( 'NONE', *, *, #5504, .T. ) ;
#4186 = EDGE_CURVE ( 'NONE', #1881, #5146, #3295, .T. ) ;
#4188 = DATE_AND_TIME ( #6941, #7217 ) ;
#4189 = ORIENTED_EDGE ( 'NONE', *, *, #5028, .T. ) ;
#4190 = DIRECTION ( 'NONE',  ( 0.000000000000000000, 0.000000000000000000, -1.000000000000000000 ) ) ;
#4191 = DIRECTION ( 'NONE',  ( 0.000000000000000000, 1.000000000000000000, 0.000000000000000000 ) ) ;
#4192 = CARTESIAN_POINT ( 'NONE',  ( -38.99999999999999289, 0.000000000000000000, 35.00000000000000000 ) ) ;
#4193 = FACE_OUTER_BOUND ( 'NONE', #1413, .T. ) ;
#4194 = ORIENTED_EDGE ( 'NONE', *, *, #4099, .T. ) ;
#4195 = CARTESIAN_POINT ( 'NONE',  ( -6.250000000000084377, 7.499999999999994671, -31.25000000000000000 ) ) ;
#4196 = VERTEX_POINT ( 'NONE', #5003 ) ;
#4197 = ORIENTED_EDGE ( 'NONE', *, *, #3172, .T. ) ;
#4198 = EDGE_CURVE ( 'NONE', #836, #527, #513, .T. ) ;
#4199 = DIRECTION ( 'NONE',  ( 0.000000000000000000, 1.000000000000000000, 0.000000000000000000 ) ) ;
#4200 = VECTOR ( 'NONE', #4691, 1000.000000000000000 ) ;
#4201 = DIRECTION ( 'NONE',  ( -0.000000000000000000, 1.000000000000000000, -0.000000000000000000 ) ) ;
#4202 = ORIENTED_EDGE ( 'NONE', *, *, #3944, .T. ) ;
#4203 = LINE ( 'NONE', #4755, #4990 ) ;
#4204 = DIRECTION ( 'NONE',  ( 0.000000000000000000, 0.000000000000000000, 1.000000000000000000 ) ) ;
#4205 = ORIENTED_EDGE ( 'NONE', *, *, #1049, .F. ) ;
#4206 = CARTESIAN_POINT ( 'NONE',  ( 18.75000000000004263, 7.499999999999984013, 18.75000000000000000 ) ) ;
#4207 = EDGE_LOOP ( 'NONE', ( #1762, #3505 ) ) ;
#4208 = AXIS2_PLACEMENT_3D ( 'NONE', #667, #6355, #6919 ) ;
#4209 = DIRECTION ( 'NONE',  ( -0.000000000000000000, 1.000000000000000000, -0.000000000000000000 ) ) ;
#4210 = CARTESIAN_POINT ( 'NONE',  ( -35.00000000000000711, 8.000000000000000000, -35.00000000000000711 ) ) ;
#4211 = DIRECTION ( 'NONE',  ( 8.659560562354984627E-17, -0.7071067811865434649, 0.7071067811865516806 ) ) ;
#4212 = CARTESIAN_POINT ( 'NONE',  ( -18.74999999999999289, 0.000000000000000000, 31.25000000000004263 ) ) ;
#4213 = AXIS2_PLACEMENT_3D ( 'NONE', #4786, #1456, #5347 ) ;
#4214 = ORIENTED_EDGE ( 'NONE', *, *, #1368, .T. ) ;
#4215 = ORIENTED_EDGE ( 'NONE', *, *, #818, .T. ) ;
#4216 = EDGE_CURVE ( 'NONE', #461, #1258, #4804, .T. ) ;
#4217 = EDGE_CURVE ( 'NONE', #5920, #2207, #1131, .T. ) ;
#4218 = DIRECTION ( 'NONE',  ( 8.659560562354883554E-17, 0.7071067811865516806, -0.7071067811865434649 ) ) ;
#4219 = CARTESIAN_POINT ( 'NONE',  ( 18.75000000000000355, 0.4999999999999908962, -4.600000000000039613 ) ) ;
#4220 = VERTEX_POINT ( 'NONE', #1817 ) ;
#4221 = PERSON_AND_ORGANIZATION ( #3223, #5072 ) ;
#4222 = ADVANCED_FACE ( 'NONE', ( #5671 ), #2199, .F. ) ;
#4223 = ORIENTED_EDGE ( 'NONE', *, *, #6091, .F. ) ;
#4224 = FACE_OUTER_BOUND ( 'NONE', #1416, .T. ) ;
#4225 = CARTESIAN_POINT ( 'NONE',  ( 31.24999999999986500, 7.500000000000007994, 7.899999999999856470 ) ) ;
#4226 = EDGE_CURVE ( 'NONE', #5297, #3096, #2295, .T. ) ;
#4227 = ADVANCED_FACE ( 'NONE', ( #5224 ), #1220, .F. ) ;
#4228 = DIRECTION ( 'NONE',  ( 0.000000000000000000, 0.000000000000000000, -1.000000000000000000 ) ) ;
#4229 = ADVANCED_FACE ( 'NONE', ( #2920 ), #1774, .F. ) ;
#4230 = CARTESIAN_POINT ( 'NONE',  ( 6.249999999999998224, 8.000000000000000000, -18.75000000000000000 ) ) ;
#4231 = ORIENTED_EDGE ( 'NONE', *, *, #6228, .F. ) ;
#4232 = CARTESIAN_POINT ( 'NONE',  ( -6.249999999999999112, 7.499999999999998224, 6.249999999999998224 ) ) ;
#4233 = ORIENTED_EDGE ( 'NONE', *, *, #5938, .T. ) ;
#4234 = VERTEX_POINT ( 'NONE', #4072 ) ;
#4235 = CIRCLE ( 'NONE', #1029, 2.150000000000012790 ) ;
#4236 = DIRECTION ( 'NONE',  ( -0.000000000000000000, -1.000000000000000000, -0.000000000000000000 ) ) ;
#4237 = CARTESIAN_POINT ( 'NONE',  ( 31.25000000000008882, 7.499999999999998224, 31.24999999999999645 ) ) ;
#4238 = ORIENTED_EDGE ( 'NONE', *, *, #6588, .T. ) ;
#4239 = CARTESIAN_POINT ( 'NONE',  ( -6.250000000000084377, 0.000000000000000000, -29.09999999999998721 ) ) ;
#4240 = ADVANCED_FACE ( 'NONE', ( #27 ), #3425, .F. ) ;
#4241 = AXIS2_PLACEMENT_3D ( 'NONE', #6353, #1412, #6432 ) ;
#4242 = CARTESIAN_POINT ( 'NONE',  ( 6.250000000000043521, -2.000000000000000000, 18.75000000000000355 ) ) ;
#4243 = AXIS2_PLACEMENT_3D ( 'NONE', #5774, #4062, #4623 ) ;
#4244 = ORIENTED_EDGE ( 'NONE', *, *, #3075, .T. ) ;
#4245 = DIRECTION ( 'NONE',  ( 8.659560562354969836E-17, 0.7071067811865444641, -0.7071067811865505703 ) ) ;
#4246 = ORIENTED_EDGE ( 'NONE', *, *, #5115, .T. ) ;
#4247 = CIRCLE ( 'NONE', #3767, 2.499999999999998668 ) ;
#4248 = DIRECTION ( 'NONE',  ( 0.000000000000000000, 1.000000000000000000, 0.000000000000000000 ) ) ;
#4249 = CARTESIAN_POINT ( 'NONE',  ( 34.99999999999999289, 1.000000000000000888, 39.99999999999999289 ) ) ;
#4250 = DIRECTION ( 'NONE',  ( 0.000000000000000000, 0.000000000000000000, 1.000000000000000000 ) ) ;
#4251 = CONICAL_SURFACE ( 'NONE', #5063, 2.900000000000013678, 0.7853981633974452814 ) ;
#4252 = DIRECTION ( 'NONE',  ( 0.000000000000000000, 0.000000000000000000, 1.000000000000000000 ) ) ;
#4253 = ORIENTED_EDGE ( 'NONE', *, *, #1952, .T. ) ;
#4254 = AXIS2_PLACEMENT_3D ( 'NONE', #1143, #3396, #475 ) ;
#4255 = EDGE_LOOP ( 'NONE', ( #2378, #1109, #379, #2325 ) ) ;
#4256 = ORIENTED_EDGE ( 'NONE', *, *, #7126, .F. ) ;
#4257 = CARTESIAN_POINT ( 'NONE',  ( 39.99999999999999289, 1.000000000000000888, -35.00000000000000711 ) ) ;
#4258 = DIRECTION ( 'NONE',  ( 0.000000000000000000, 0.000000000000000000, 1.000000000000000000 ) ) ;
#4259 = ORIENTED_EDGE ( 'NONE', *, *, #5960, .T. ) ;
#4260 = ORIENTED_EDGE ( 'NONE', *, *, #5803, .T. ) ;
#4261 = DIRECTION ( 'NONE',  ( -0.000000000000000000, -1.000000000000000000, -0.000000000000000000 ) ) ;
#4262 = ADVANCED_FACE ( 'NONE', ( #735 ), #2257, .F. ) ;
#4263 = DIRECTION ( 'NONE',  ( -0.000000000000000000, 1.000000000000000000, -0.000000000000000000 ) ) ;
#4264 = AXIS2_PLACEMENT_3D ( 'NONE', #3477, #1291, #4636 ) ;
#4265 = EDGE_CURVE ( 'NONE', #5780, #6986, #1181, .T. ) ;
#4266 = VECTOR ( 'NONE', #6426, 1000.000000000000000 ) ;
#4267 = CARTESIAN_POINT ( 'NONE',  ( -31.25000000000004263, 0.000000000000000000, -18.75000000000000000 ) ) ;
#4268 = DIRECTION ( 'NONE',  ( -0.000000000000000000, -1.000000000000000000, -0.000000000000000000 ) ) ;
#4269 = EDGE_LOOP ( 'NONE', ( #1888, #3987, #1865, #297 ) ) ;
#4270 = FACE_OUTER_BOUND ( 'NONE', #5834, .T. ) ;
#4271 = EDGE_CURVE ( 'NONE', #7160, #21, #5147, .T. ) ;
#4272 = ORIENTED_EDGE ( 'NONE', *, *, #4181, .T. ) ;
#4273 = AXIS2_PLACEMENT_3D ( 'NONE', #7109, #3683, #6370 ) ;
#4274 = CONICAL_SURFACE ( 'NONE', #6056, 2.149999999999846700, 0.7853981633974400633 ) ;
#4275 = EDGE_CURVE ( 'NONE', #5010, #373, #2330, .T. ) ;
#4276 = FACE_OUTER_BOUND ( 'NONE', #710, .T. ) ;
#4277 = DIRECTION ( 'NONE',  ( 0.000000000000000000, 1.000000000000000000, 0.000000000000000000 ) ) ;
#4278 = ORIENTED_EDGE ( 'NONE', *, *, #83, .F. ) ;
#4279 = CARTESIAN_POINT ( 'NONE',  ( 31.25000000000000000, 8.000000000000000000, -6.250000000000086153 ) ) ;
#4280 = CIRCLE ( 'NONE', #1072, 3.000000000000002665 ) ;
#4281 = DIRECTION ( 'NONE',  ( 0.000000000000000000, 0.7071067811865474617, 0.7071067811865474617 ) ) ;
#4282 = ORIENTED_EDGE ( 'NONE', *, *, #6130, .T. ) ;
#4283 = DIRECTION ( 'NONE',  ( 0.000000000000000000, 0.000000000000000000, 1.000000000000000000 ) ) ;
#4284 = CIRCLE ( 'NONE', #3208, 1.650000000000002132 ) ;
#4285 = ORIENTED_EDGE ( 'NONE', *, *, #2370, .T. ) ;
#4286 = CONICAL_SURFACE ( 'NONE', #128, 1.649999999999869349, 0.7853981633974561616 ) ;
#4287 = CIRCLE ( 'NONE', #4639, 1.649999999999996136 ) ;
#4288 = VECTOR ( 'NONE', #6233, 999.9999999999998863 ) ;
#4289 = LINE ( 'NONE', #1472, #2959 ) ;
#4290 = CYLINDRICAL_SURFACE ( 'NONE', #122, 2.399999999999999467 ) ;
#4291 = DIRECTION ( 'NONE',  ( -0.000000000000000000, -1.000000000000000000, -0.000000000000000000 ) ) ;
#4292 = DIRECTION ( 'NONE',  ( 0.000000000000000000, 1.000000000000000000, 0.000000000000000000 ) ) ;
#4293 = ORIENTED_EDGE ( 'NONE', *, *, #1217, .T. ) ;
#4294 = FACE_OUTER_BOUND ( 'NONE', #4376, .T. ) ;
#4295 = ORIENTED_EDGE ( 'NONE', *, *, #3973, .F. ) ;
#4296 = CIRCLE ( 'NONE', #1204, 2.899999999999999911 ) ;
#4297 = AXIS2_PLACEMENT_3D ( 'NONE', #6389, #3406, #5120 ) ;
#4298 = VECTOR ( 'NONE', #4134, 1000.000000000000000 ) ;
#4299 = DIRECTION ( 'NONE',  ( -0.000000000000000000, -1.000000000000000000, -0.000000000000000000 ) ) ;
#4300 = DIRECTION ( 'NONE',  ( 0.000000000000000000, -1.000000000000000000, 0.000000000000000000 ) ) ;
#4301 = ORIENTED_EDGE ( 'NONE', *, *, #2787, .T. ) ;
#4302 = ORIENTED_EDGE ( 'NONE', *, *, #220, .T. ) ;
#4303 = CARTESIAN_POINT ( 'NONE',  ( 18.75000000000000355, 0.000000000000000000, -18.75000000000004263 ) ) ;
#4304 = CARTESIAN_POINT ( 'NONE',  ( 31.25000000000004263, 0.5000000000000073275, 18.74999999999999645 ) ) ;
#4305 = VECTOR ( 'NONE', #2117, 1000.000000000000000 ) ;
#4306 = CIRCLE ( 'NONE', #6788, 2.149999999999874234 ) ;
#4307 = ADVANCED_FACE ( 'NONE', ( #628 ), #1851, .F. ) ;
#4308 = AXIS2_PLACEMENT_3D ( 'NONE', #4668, #2327, #99 ) ;
#4309 = CARTESIAN_POINT ( 'NONE',  ( 18.74999999999999645, 0.000000000000000000, -31.25000000000004263 ) ) ;
#4310 = CARTESIAN_POINT ( 'NONE',  ( -18.74999999999999289, 8.000000000000000000, 31.25000000000004263 ) ) ;
#4311 = ORIENTED_EDGE ( 'NONE', *, *, #5369, .F. ) ;
#4312 = DIRECTION ( 'NONE',  ( 0.000000000000000000, 0.000000000000000000, 1.000000000000000000 ) ) ;
#4313 = CARTESIAN_POINT ( 'NONE',  ( -31.25000000000008171, 8.000000000000000000, -26.84999999999999787 ) ) ;
#4314 = EDGE_CURVE ( 'NONE', #2376, #4057, #7231, .T. ) ;
#4315 = EDGE_CURVE ( 'NONE', #3599, #694, #4018, .T. ) ;
#4316 = CARTESIAN_POINT ( 'NONE',  ( 31.25000000000000000, 0.000000000000000000, -4.100000000000072475 ) ) ;
#4317 = CARTESIAN_POINT ( 'NONE',  ( -18.75000000000000000, -2.000000000000000000, 21.25000000000003908 ) ) ;
#4318 = VERTEX_POINT ( 'NONE', #2368 ) ;
#4319 = DIRECTION ( 'NONE',  ( 0.000000000000000000, 0.000000000000000000, -1.000000000000000000 ) ) ;
#4320 = DIRECTION ( 'NONE',  ( 0.000000000000000000, 0.000000000000000000, 1.000000000000000000 ) ) ;
#4321 = CIRCLE ( 'NONE', #5257, 2.150000000000012790 ) ;
#4322 = EDGE_LOOP ( 'NONE', ( #6747, #3084, #4597, #3122 ) ) ;
#4323 = DIRECTION ( 'NONE',  ( -0.000000000000000000, 1.000000000000000000, -0.000000000000000000 ) ) ;
#4324 = VERTEX_POINT ( 'NONE', #102 ) ;
#4325 = EDGE_CURVE ( 'NONE', #6573, #5297, #3547, .T. ) ;
#4326 = EDGE_CURVE ( 'NONE', #6745, #1083, #5205, .T. ) ;
#4327 = FACE_OUTER_BOUND ( 'NONE', #994, .T. ) ;
#4328 = DIRECTION ( 'NONE',  ( 0.000000000000000000, 1.000000000000000000, 0.000000000000000000 ) ) ;
#4329 = DIRECTION ( 'NONE',  ( 0.000000000000000000, 0.000000000000000000, 1.000000000000000000 ) ) ;
#4330 = FACE_OUTER_BOUND ( 'NONE', #3618, .T. ) ;
#4331 = ORIENTED_EDGE ( 'NONE', *, *, #7333, .F. ) ;
#4332 = DIRECTION ( 'NONE',  ( -0.000000000000000000, -1.000000000000000000, -0.000000000000000000 ) ) ;
#4333 = ORIENTED_EDGE ( 'NONE', *, *, #2947, .T. ) ;
#4334 = CONICAL_SURFACE ( 'NONE', #4444, 3.900000000000000799, 0.7853981633974482790 ) ;
#4335 = AXIS2_PLACEMENT_3D ( 'NONE', #5600, #3879, #1070 ) ;
#4336 = DIRECTION ( 'NONE',  ( 0.000000000000000000, 1.000000000000000000, 0.000000000000000000 ) ) ;
#4337 = DIRECTION ( 'NONE',  ( -0.000000000000000000, 1.000000000000000000, -0.000000000000000000 ) ) ;
#4338 = PRODUCT_DEFINITION_SHAPE ( 'NONE', 'NONE',  #501 ) ;
#4339 = EDGE_LOOP ( 'NONE', ( #1213, #3345 ) ) ;
#4340 = EDGE_CURVE ( 'NONE', #3375, #1827, #5111, .T. ) ;
#4341 = DATE_AND_TIME ( #398, #5912 ) ;
#4342 = ORIENTED_EDGE ( 'NONE', *, *, #2439, .F. ) ;
#4343 = CARTESIAN_POINT ( 'NONE',  ( -31.24999999999999289, -2.000000000000000000, 28.85000000000009024 ) ) ;
#4344 = CARTESIAN_POINT ( 'NONE',  ( 6.250000000000088818, 0.000000000000000000, 31.25000000000000000 ) ) ;
#4345 = DIRECTION ( 'NONE',  ( 8.659560562355008046E-17, 0.7071067811865415775, -0.7071067811865535679 ) ) ;
#4346 = CARTESIAN_POINT ( 'NONE',  ( -34.99999999999999289, 8.000000000000000000, 34.99999999999999289 ) ) ;
#4347 = VERTEX_POINT ( 'NONE', #1739 ) ;
#4348 = CARTESIAN_POINT ( 'NONE',  ( -31.25000000000004263, 7.499999999999994671, -17.10000000000000142 ) ) ;
#4349 = ORIENTED_EDGE ( 'NONE', *, *, #4443, .F. ) ;
#4350 = DIRECTION ( 'NONE',  ( 0.000000000000000000, 0.000000000000000000, 1.000000000000000000 ) ) ;
#4351 = CARTESIAN_POINT ( 'NONE',  ( -18.75000000000000355, 7.499999999999998224, 6.250000000000043521 ) ) ;
#4352 = EDGE_LOOP ( 'NONE', ( #5280, #1909, #5513, #5110 ) ) ;
#4353 = FACE_OUTER_BOUND ( 'NONE', #4127, .T. ) ;
#4354 = FACE_OUTER_BOUND ( 'NONE', #1398, .T. ) ;
#4355 = ORIENTED_EDGE ( 'NONE', *, *, #903, .T. ) ;
#4356 = CARTESIAN_POINT ( 'NONE',  ( -31.25000000000008171, 3.000000000000000000, -31.25000000000000000 ) ) ;
#4357 = AXIS2_PLACEMENT_3D ( 'NONE', #2567, #4689, #2461 ) ;
#4358 = ORIENTED_EDGE ( 'NONE', *, *, #4954, .T. ) ;
#4359 = EDGE_CURVE ( 'NONE', #3564, #141, #4390, .T. ) ;
#4360 = DIRECTION ( 'NONE',  ( -0.000000000000000000, -1.000000000000000000, -0.000000000000000000 ) ) ;
#4361 = VECTOR ( 'NONE', #6839, 999.9999999999998863 ) ;
#4362 = LINE ( 'NONE', #6072, #5814 ) ;
#4363 = CARTESIAN_POINT ( 'NONE',  ( 18.75000000000008882, 0.5000000000000204281, 29.59999999999999432 ) ) ;
#4364 = LINE ( 'NONE', #1615, #6129 ) ;
#4365 = ORIENTED_EDGE ( 'NONE', *, *, #3765, .F. ) ;
#4366 = DIRECTION ( 'NONE',  ( -0.000000000000000000, 1.000000000000000000, -0.000000000000000000 ) ) ;
#4367 = ADVANCED_FACE ( 'NONE', ( #3733 ), #2021, .F. ) ;
#4368 = ORIENTED_EDGE ( 'NONE', *, *, #1094, .F. ) ;
#4369 = ADVANCED_FACE ( 'NONE', ( #4147 ), #2487, .F. ) ;
#4370 = VECTOR ( 'NONE', #2483, 1000.000000000000114 ) ;
#4371 = AXIS2_PLACEMENT_3D ( 'NONE', #6931, #5139, #3981 ) ;
#4372 = AXIS2_PLACEMENT_3D ( 'NONE', #5673, #1146, #4599 ) ;
#4373 = EDGE_CURVE ( 'NONE', #335, #6421, #209, .T. ) ;
#4374 = DIRECTION ( 'NONE',  ( 0.000000000000000000, 0.000000000000000000, 1.000000000000000000 ) ) ;
#4375 = FACE_OUTER_BOUND ( 'NONE', #6952, .T. ) ;
#4376 = EDGE_LOOP ( 'NONE', ( #6122, #4830, #1311, #5403 ) ) ;
#4377 = FACE_OUTER_BOUND ( 'NONE', #6612, .T. ) ;
#4378 = CYLINDRICAL_SURFACE ( 'NONE', #5692, 1.649999999999998579 ) ;
#4379 = DIRECTION ( 'NONE',  ( 0.000000000000000000, 0.000000000000000000, 1.000000000000000000 ) ) ;
#4380 = FACE_OUTER_BOUND ( 'NONE', #1725, .T. ) ;
#4381 = EDGE_LOOP ( 'NONE', ( #5039, #6330, #2479, #5044 ) ) ;
#4382 = CARTESIAN_POINT ( 'NONE',  ( -6.250000000000040856, 0.5000000000000095479, -18.75000000000000355 ) ) ;
#4383 = ORIENTED_EDGE ( 'NONE', *, *, #4940, .F. ) ;
#4384 = LINE ( 'NONE', #6663, #611 ) ;
#4385 = ORIENTED_EDGE ( 'NONE', *, *, #1921, .F. ) ;
#4386 = DIRECTION ( 'NONE',  ( 0.000000000000000000, 0.000000000000000000, 1.000000000000000000 ) ) ;
#4387 = FACE_OUTER_BOUND ( 'NONE', #6558, .T. ) ;
#4388 = EDGE_LOOP ( 'NONE', ( #2893, #1260, #6608, #4253 ) ) ;
#4389 = FACE_OUTER_BOUND ( 'NONE', #6382, .T. ) ;
#4390 = CIRCLE ( 'NONE', #4144, 1.649999999999998579 ) ;
#4391 = VERTEX_POINT ( 'NONE', #6980 ) ;
#4392 = VECTOR ( 'NONE', #1852, 1000.000000000000000 ) ;
#4393 = VECTOR ( 'NONE', #3160, 999.9999999999998863 ) ;
#4394 = FACE_OUTER_BOUND ( 'NONE', #6626, .T. ) ;
#4395 = LINE ( 'NONE', #1018, #2034 ) ;
#4396 = AXIS2_PLACEMENT_3D ( 'NONE', #1882, #4064, #5778 ) ;
#4397 = CARTESIAN_POINT ( 'NONE',  ( -6.250000000000040856, -2.000000000000000000, -18.75000000000000355 ) ) ;
#4398 = LINE ( 'NONE', #3896, #687 ) ;
#4399 = ORIENTED_EDGE ( 'NONE', *, *, #506, .F. ) ;
#4400 = CARTESIAN_POINT ( 'NONE',  ( 18.75000000000000000, 7.500000000000005329, 6.249999999999997335 ) ) ;
#4401 = VECTOR ( 'NONE', #5648, 1000.000000000000114 ) ;
#4402 = VECTOR ( 'NONE', #7064, 1000.000000000000114 ) ;
#4403 = ADVANCED_FACE ( 'NONE', ( #4704 ), #2141, .F. ) ;
#4404 = EDGE_CURVE ( 'NONE', #425, #2231, #5451, .T. ) ;
#4405 = DIRECTION ( 'NONE',  ( -0.000000000000000000, -1.000000000000000000, -0.000000000000000000 ) ) ;
#4406 = DIRECTION ( 'NONE',  ( 0.000000000000000000, 0.000000000000000000, 1.000000000000000000 ) ) ;
#4407 = VECTOR ( 'NONE', #5641, 1000.000000000000000 ) ;
#4408 = ORIENTED_EDGE ( 'NONE', *, *, #6004, .F. ) ;
#4409 = VECTOR ( 'NONE', #541, 1000.000000000000000 ) ;
#4410 = LINE ( 'NONE', #2660, #6529 ) ;
#4411 = EDGE_CURVE ( 'NONE', #3967, #6574, #5564, .T. ) ;
#4412 = AXIS2_PLACEMENT_3D ( 'NONE', #5678, #4076, #2854 ) ;
#4413 = ORIENTED_EDGE ( 'NONE', *, *, #1187, .F. ) ;
#4414 = VECTOR ( 'NONE', #137, 1000.000000000000000 ) ;
#4415 = EDGE_CURVE ( 'NONE', #7215, #1800, #2480, .T. ) ;
#4416 = CARTESIAN_POINT ( 'NONE',  ( 18.74999999999999645, 0.000000000000000000, -31.25000000000004263 ) ) ;
#4417 = DIRECTION ( 'NONE',  ( -0.000000000000000000, -1.000000000000000000, -0.000000000000000000 ) ) ;
#4418 = CIRCLE ( 'NONE', #6316, 1.649999999999870237 ) ;
#4419 = VERTEX_POINT ( 'NONE', #5413 ) ;
#4420 = CARTESIAN_POINT ( 'NONE',  ( -31.25000000000000000, 0.4999999999999908962, 4.600000000000088463 ) ) ;
#4421 = CIRCLE ( 'NONE', #5968, 1.649999999999870237 ) ;
#4422 = ORIENTED_EDGE ( 'NONE', *, *, #5803, .F. ) ;
#4423 = AXIS2_PLACEMENT_3D ( 'NONE', #3507, #3362, #692 ) ;
#4424 = DIRECTION ( 'NONE',  ( 0.000000000000000000, 0.000000000000000000, 1.000000000000000000 ) ) ;
#4425 = EDGE_LOOP ( 'NONE', ( #3388, #5659, #3930, #6333 ) ) ;
#4426 = DIRECTION ( 'NONE',  ( 0.000000000000000000, 0.000000000000000000, -1.000000000000000000 ) ) ;
#4427 = CARTESIAN_POINT ( 'NONE',  ( 31.25000000000000000, -2.000000000000000000, -18.75000000000008882 ) ) ;
#4428 = VERTEX_POINT ( 'NONE', #6425 ) ;
#4429 = CYLINDRICAL_SURFACE ( 'NONE', #1838, 1.650000000000002132 ) ;
#4430 = EDGE_CURVE ( 'NONE', #910, #2800, #2043, .T. ) ;
#4431 = ORIENTED_EDGE ( 'NONE', *, *, #6856, .T. ) ;
#4432 = DIRECTION ( 'NONE',  ( 0.000000000000000000, -0.7071067811865533459, -0.7071067811865416886 ) ) ;
#4433 = CARTESIAN_POINT ( 'NONE',  ( -6.250000000000084377, 7.499999999999994671, -32.89999999999999858 ) ) ;
#4434 = CARTESIAN_POINT ( 'NONE',  ( -18.75000000000000000, 0.5000000000000095479, 18.75000000000004263 ) ) ;
#4435 = DIRECTION ( 'NONE',  ( 0.000000000000000000, 0.000000000000000000, 1.000000000000000000 ) ) ;
#4436 = VERTEX_POINT ( 'NONE', #5975 ) ;
#4437 = FACE_BOUND ( 'NONE', #3370, .T. ) ;
#4438 = DIRECTION ( 'NONE',  ( 0.000000000000000000, 0.000000000000000000, 1.000000000000000000 ) ) ;
#4439 = CARTESIAN_POINT ( 'NONE',  ( -31.25000000000000000, -2.000000000000000000, 20.40000000000009450 ) ) ;
#4440 = CIRCLE ( 'NONE', #4909, 2.399999999999999467 ) ;
#4441 = ORIENTED_EDGE ( 'NONE', *, *, #6089, .T. ) ;
#4442 = CARTESIAN_POINT ( 'NONE',  ( -6.249999999999999112, -2.000000000000000000, 7.900000000000000355 ) ) ;
#4443 = EDGE_CURVE ( 'NONE', #7140, #4725, #6494, .T. ) ;
#4444 = AXIS2_PLACEMENT_3D ( 'NONE', #3593, #296, #5419 ) ;
#4445 = EDGE_CURVE ( 'NONE', #2339, #4746, #3028, .T. ) ;
#4446 = LINE ( 'NONE', #6692, #1460 ) ;
#4447 = DIRECTION ( 'NONE',  ( -0.000000000000000000, -1.000000000000000000, -0.000000000000000000 ) ) ;
#4448 = VECTOR ( 'NONE', #3365, 1000.000000000000000 ) ;
#4449 = ORIENTED_EDGE ( 'NONE', *, *, #595, .T. ) ;
#4450 = DIRECTION ( 'NONE',  ( -0.000000000000000000, -1.000000000000000000, -0.000000000000000000 ) ) ;
#4451 = EDGE_CURVE ( 'NONE', #836, #6560, #2248, .T. ) ;
#4452 = ORIENTED_EDGE ( 'NONE', *, *, #1470, .T. ) ;
#4453 = ADVANCED_FACE ( 'NONE', ( #5897 ), #1299, .F. ) ;
#4454 = DIRECTION ( 'NONE',  ( 0.000000000000000000, 1.000000000000000000, 0.000000000000000000 ) ) ;
#4455 = ORIENTED_EDGE ( 'NONE', *, *, #5115, .F. ) ;
#4456 = DIRECTION ( 'NONE',  ( 0.000000000000000000, 0.000000000000000000, 1.000000000000000000 ) ) ;
#4457 = CARTESIAN_POINT ( 'NONE',  ( -18.74999999999999289, 0.000000000000000000, 33.40000000000004121 ) ) ;
#4458 = VERTEX_POINT ( 'NONE', #2518 ) ;
#4459 = CARTESIAN_POINT ( 'NONE',  ( -6.249999999999998224, 8.000000000000000000, -6.250000000000000000 ) ) ;
#4460 = EDGE_LOOP ( 'NONE', ( #6621, #1974, #3015, #875 ) ) ;
#4461 = CARTESIAN_POINT ( 'NONE',  ( -6.249999999999999112, 7.499999999999998224, 6.249999999999998224 ) ) ;
#4462 = DIRECTION ( 'NONE',  ( 0.000000000000000000, -0.000000000000000000, 1.000000000000000000 ) ) ;
#4463 = EDGE_LOOP ( 'NONE', ( #2857, #5626, #1545, #3141 ) ) ;
#4464 = DIRECTION ( 'NONE',  ( 0.000000000000000000, 0.000000000000000000, 1.000000000000000000 ) ) ;
#4465 = AXIS2_PLACEMENT_3D ( 'NONE', #6226, #3387, #572 ) ;
#4466 = CARTESIAN_POINT ( 'NONE',  ( 18.75000000000000355, 0.000000000000000000, -8.400000000000027001 ) ) ;
#4467 = ORIENTED_EDGE ( 'NONE', *, *, #7090, .T. ) ;
#4468 = FACE_BOUND ( 'NONE', #3185, .T. ) ;
#4469 = EDGE_LOOP ( 'NONE', ( #6281, #3558, #1044, #2075 ) ) ;
#4470 = VECTOR ( 'NONE', #6364, 1000.000000000000000 ) ;
#4471 = CIRCLE ( 'NONE', #6140, 3.000000000000002665 ) ;
#4472 = CARTESIAN_POINT ( 'NONE',  ( 6.250000000000088818, 0.5000000000000065503, 31.25000000000000000 ) ) ;
#4473 = DIRECTION ( 'NONE',  ( 0.000000000000000000, 0.000000000000000000, -1.000000000000000000 ) ) ;
#4474 = EDGE_LOOP ( 'NONE', ( #5858, #3817, #7344, #6424 ) ) ;
#4475 = CIRCLE ( 'NONE', #199, 2.400000000000003020 ) ;
#4476 = CIRCLE ( 'NONE', #4829, 2.150000000000012790 ) ;
#4477 = DIRECTION ( 'NONE',  ( -0.000000000000000000, -1.000000000000000000, -0.000000000000000000 ) ) ;
#4478 = ORIENTED_EDGE ( 'NONE', *, *, #1511, .F. ) ;
#4479 = AXIS2_PLACEMENT_3D ( 'NONE', #6467, #3843, #4962 ) ;
#4480 = CARTESIAN_POINT ( 'NONE',  ( 31.25000000000004263, -2.000000000000000000, 17.09999999999999432 ) ) ;
#4481 = ADVANCED_FACE ( 'NONE', ( #4780 ), #5333, .F. ) ;
#4482 = CARTESIAN_POINT ( 'NONE',  ( 39.99999999999999289, 8.000000000000000000, -40.00000000000000711 ) ) ;
#4483 = CARTESIAN_POINT ( 'NONE',  ( -6.249999999999999112, 0.000000000000000000, 6.249999999999998224 ) ) ;
#4484 = VERTEX_POINT ( 'NONE', #1965 ) ;
#4485 = DIRECTION ( 'NONE',  ( 0.000000000000000000, 0.000000000000000000, 1.000000000000000000 ) ) ;
#4486 = CIRCLE ( 'NONE', #2006, 1.650000000000002132 ) ;
#4487 = FACE_OUTER_BOUND ( 'NONE', #6659, .T. ) ;
#4488 = ADVANCED_FACE ( 'NONE', ( #4224 ), #7115, .F. ) ;
#4489 = CARTESIAN_POINT ( 'NONE',  ( -18.75000000000000000, -2.000000000000000000, 18.75000000000004263 ) ) ;
#4491 = EDGE_LOOP ( 'NONE', ( #3745, #4935, #4826, #6022 ) ) ;
#4490 = EDGE_CURVE ( 'NONE', #7160, #1015, #5805, .T. ) ;
#4492 = DIRECTION ( 'NONE',  ( 0.000000000000000000, 1.000000000000000000, 0.000000000000000000 ) ) ;
#4493 = FACE_OUTER_BOUND ( 'NONE', #6052, .T. ) ;
#4494 = EDGE_LOOP ( 'NONE', ( #1698, #2189, #955, #877 ) ) ;
#4495 = FACE_OUTER_BOUND ( 'NONE', #784, .T. ) ;
#4496 = ORIENTED_EDGE ( 'NONE', *, *, #2717, .T. ) ;
#4497 = ORIENTED_EDGE ( 'NONE', *, *, #3442, .T. ) ;
#4498 = EDGE_CURVE ( 'NONE', #6260, #4701, #6761, .T. ) ;
#4499 = FACE_OUTER_BOUND ( 'NONE', #428, .T. ) ;
#4500 = DIRECTION ( 'NONE',  ( 0.000000000000000000, 0.000000000000000000, 1.000000000000000000 ) ) ;
#4501 = ORIENTED_EDGE ( 'NONE', *, *, #3532, .F. ) ;
#4502 = CARTESIAN_POINT ( 'NONE',  ( -18.75000000000004263, 0.000000000000000000, -15.75000000000000000 ) ) ;
#4503 = CYLINDRICAL_SURFACE ( 'NONE', #6018, 1.649999999999996136 ) ;
#4504 = VERTEX_POINT ( 'NONE', #7120 ) ;
#4505 = FACE_BOUND ( 'NONE', #6044, .T. ) ;
#4506 = VECTOR ( 'NONE', #4781, 999.9999999999998863 ) ;
#4507 = EDGE_LOOP ( 'NONE', ( #1476, #2517 ) ) ;
#4508 = CONICAL_SURFACE ( 'NONE', #5211, 1.650000000000002132, 0.7853981633974572718 ) ;
#4509 = FACE_OUTER_BOUND ( 'NONE', #1598, .T. ) ;
#4510 = DIRECTION ( 'NONE',  ( -0.000000000000000000, 1.000000000000000000, -0.000000000000000000 ) ) ;
#4511 = ORIENTED_EDGE ( 'NONE', *, *, #5621, .F. ) ;
#4512 = CONICAL_SURFACE ( 'NONE', #3557, 2.149999999999999023, 0.7853981633974568277 ) ;
#4513 = AXIS2_PLACEMENT_3D ( 'NONE', #6635, #2718, #7282 ) ;
#4514 = EDGE_CURVE ( 'NONE', #3732, #4725, #585, .T. ) ;
#4515 = DIRECTION ( 'NONE',  ( 0.000000000000000000, 0.000000000000000000, -1.000000000000000000 ) ) ;
#4516 = AXIS2_PLACEMENT_3D ( 'NONE', #1302, #6472, #1419 ) ;
#4517 = VECTOR ( 'NONE', #3310, 1000.000000000000114 ) ;
#4518 = CARTESIAN_POINT ( 'NONE',  ( 6.249999999999996447, -2.000000000000000000, -31.24999999999986500 ) ) ;
#4519 = DIRECTION ( 'NONE',  ( 0.000000000000000000, 0.7071067811865510144, 0.7071067811865441310 ) ) ;
#4520 = DIRECTION ( 'NONE',  ( 0.000000000000000000, 0.000000000000000000, 1.000000000000000000 ) ) ;
#4521 = ORIENTED_EDGE ( 'NONE', *, *, #2669, .T. ) ;
#4522 = CARTESIAN_POINT ( 'NONE',  ( -6.250000000000084377, 0.5000000000000047740, -31.25000000000000000 ) ) ;
#4523 = DIRECTION ( 'NONE',  ( 0.000000000000000000, 0.000000000000000000, 1.000000000000000000 ) ) ;
#4524 = AXIS2_PLACEMENT_3D ( 'NONE', #6627, #1535, #2194 ) ;
#4525 = VECTOR ( 'NONE', #6006, 1000.000000000000000 ) ;
#4526 = ADVANCED_FACE ( 'NONE', ( #5447 ), #5521, .F. ) ;
#4527 = VECTOR ( 'NONE', #5304, 999.9999999999998863 ) ;
#4528 = FACE_OUTER_BOUND ( 'NONE', #2000, .T. ) ;
#4529 = AXIS2_PLACEMENT_3D ( 'NONE', #2575, #312, #3093 ) ;
#4530 = ORIENTED_EDGE ( 'NONE', *, *, #3753, .F. ) ;
#4531 = DIRECTION ( 'NONE',  ( 0.000000000000000000, 0.000000000000000000, 1.000000000000000000 ) ) ;
#4532 = CARTESIAN_POINT ( 'NONE',  ( 31.25000000000000000, 0.5000000000000073275, -18.75000000000008882 ) ) ;
#4533 = VERTEX_POINT ( 'NONE', #7197 ) ;
#4534 = LINE ( 'NONE', #7246, #4563 ) ;
#4535 = VERTEX_POINT ( 'NONE', #3216 ) ;
#4536 = ORIENTED_EDGE ( 'NONE', *, *, #6969, .F. ) ;
#4537 = EDGE_CURVE ( 'NONE', #2294, #4504, #5688, .T. ) ;
#4538 = AXIS2_PLACEMENT_3D ( 'NONE', #4893, #368, #2155 ) ;
#4539 = ADVANCED_FACE ( 'NONE', ( #6045 ), #472, .T. ) ;
#4540 = DIRECTION ( 'NONE',  ( 0.000000000000000000, 0.000000000000000000, 1.000000000000000000 ) ) ;
#4541 = DIRECTION ( 'NONE',  ( 0.000000000000000000, 0.000000000000000000, 1.000000000000000000 ) ) ;
#4542 = ORIENTED_EDGE ( 'NONE', *, *, #3088, .F. ) ;
#4543 = DIRECTION ( 'NONE',  ( 0.000000000000000000, 0.000000000000000000, 1.000000000000000000 ) ) ;
#4544 = DIRECTION ( 'NONE',  ( 0.000000000000000000, -0.000000000000000000, 1.000000000000000000 ) ) ;
#4545 = EDGE_CURVE ( 'NONE', #3095, #4428, #6613, .T. ) ;
#4546 = EDGE_LOOP ( 'NONE', ( #3435, #5240, #3652, #4244 ) ) ;
#4547 = FACE_BOUND ( 'NONE', #5889, .T. ) ;
#4548 = ORIENTED_EDGE ( 'NONE', *, *, #3811, .F. ) ;
#4549 = EDGE_CURVE ( 'NONE', #1859, #1554, #996, .T. ) ;
#4550 = DIRECTION ( 'NONE',  ( 0.000000000000000000, 0.000000000000000000, 1.000000000000000000 ) ) ;
#4551 = FACE_OUTER_BOUND ( 'NONE', #1856, .T. ) ;
#4552 = EDGE_LOOP ( 'NONE', ( #4501, #4202, #4422, #4555 ) ) ;
#4553 = CIRCLE ( 'NONE', #3119, 1.649999999999998579 ) ;
#4554 = DIRECTION ( 'NONE',  ( 0.000000000000000000, 1.000000000000000000, 0.000000000000000000 ) ) ;
#4555 = ORIENTED_EDGE ( 'NONE', *, *, #1600, .F. ) ;
#4556 = AXIS2_PLACEMENT_3D ( 'NONE', #3014, #2351, #3047 ) ;
#4557 = CARTESIAN_POINT ( 'NONE',  ( -6.249999999999992895, 7.499999999999973355, 32.89999999999973568 ) ) ;
#4558 = DIRECTION ( 'NONE',  ( -0.000000000000000000, -1.000000000000000000, -0.000000000000000000 ) ) ;
#4559 = DIRECTION ( 'NONE',  ( 0.000000000000000000, 1.000000000000000000, 0.000000000000000000 ) ) ;
#4560 = VERTEX_POINT ( 'NONE', #4922 ) ;
#4561 = CARTESIAN_POINT ( 'NONE',  ( 34.99999999999999289, 8.000000000000000000, 38.99999999999997868 ) ) ;
#4562 = LINE ( 'NONE', #5712, #1527 ) ;
#4563 = VECTOR ( 'NONE', #2169, 1000.000000000000000 ) ;
#4564 = CIRCLE ( 'NONE', #6117, 1.649999999999998579 ) ;
#4565 = CYLINDRICAL_SURFACE ( 'NONE', #5301, 2.499999999999995115 ) ;
#4566 = VERTEX_POINT ( 'NONE', #2112 ) ;
#4567 = DIRECTION ( 'NONE',  ( 8.659560562354906974E-17, -0.7071067811865496822, 0.7071067811865453523 ) ) ;
#4568 = CARTESIAN_POINT ( 'NONE',  ( -31.25000000000004263, 8.000000000000000000, -20.89999999999999858 ) ) ;
#4569 = ORIENTED_EDGE ( 'NONE', *, *, #1097, .T. ) ;
#4570 = DIRECTION ( 'NONE',  ( 0.000000000000000000, 0.000000000000000000, 1.000000000000000000 ) ) ;
#4571 = ORIENTED_EDGE ( 'NONE', *, *, #3036, .T. ) ;
#4572 = ORIENTED_EDGE ( 'NONE', *, *, #6642, .F. ) ;
#4573 = CARTESIAN_POINT ( 'NONE',  ( -31.25000000000000000, 0.5000000000000065503, 18.75000000000009237 ) ) ;
#4574 = CARTESIAN_POINT ( 'NONE',  ( 6.249999999999996447, 0.4999999999999947820, -29.59999999999999432 ) ) ;
#4575 = ORIENTED_EDGE ( 'NONE', *, *, #6763, .F. ) ;
#4576 = DIRECTION ( 'NONE',  ( -0.000000000000000000, 1.000000000000000000, -0.000000000000000000 ) ) ;
#4577 = DIRECTION ( 'NONE',  ( 0.000000000000000000, 0.000000000000000000, 1.000000000000000000 ) ) ;
#4578 = VERTEX_POINT ( 'NONE', #3254 ) ;
#4579 = FACE_OUTER_BOUND ( 'NONE', #4969, .T. ) ;
#4580 = ADVANCED_FACE ( 'NONE', ( #4377 ), #4508, .F. ) ;
#4581 = EDGE_LOOP ( 'NONE', ( #4575, #3300, #3206, #3373 ) ) ;
#4582 = CIRCLE ( 'NONE', #2570, 4.999999999999997335 ) ;
#4583 = EDGE_CURVE ( 'NONE', #3564, #1859, #2609, .T. ) ;
#4584 = DIRECTION ( 'NONE',  ( 0.000000000000000000, 0.7071067811865533459, 0.7071067811865416886 ) ) ;
#4585 = DIRECTION ( 'NONE',  ( 0.000000000000000000, 0.000000000000000000, 1.000000000000000000 ) ) ;
#4587 = ORIENTED_EDGE ( 'NONE', *, *, #7122, .T. ) ;
#4586 = EDGE_CURVE ( 'NONE', #5223, #6094, #6533, .T. ) ;
#4588 = AXIS2_PLACEMENT_3D ( 'NONE', #4793, #7068, #2973 ) ;
#4589 = DIRECTION ( 'NONE',  ( 0.000000000000000000, -1.000000000000000000, 0.000000000000000000 ) ) ;
#4590 = AXIS2_PLACEMENT_3D ( 'NONE', #5076, #2334, #3443 ) ;
#4591 = EDGE_CURVE ( 'NONE', #617, #6961, #4875, .T. ) ;
#4592 = ORIENTED_EDGE ( 'NONE', *, *, #2116, .F. ) ;
#4593 = LINE ( 'NONE', #5218, #1082 ) ;
#4594 = AXIS2_PLACEMENT_3D ( 'NONE', #3237, #5569, #2091 ) ;
#4595 = DIRECTION ( 'NONE',  ( 0.000000000000000000, 1.000000000000000000, 0.000000000000000000 ) ) ;
#4596 = CARTESIAN_POINT ( 'NONE',  ( 31.24999999999986500, 7.500000000000007994, 6.249999999999995559 ) ) ;
#4597 = ORIENTED_EDGE ( 'NONE', *, *, #1818, .F. ) ;
#4598 = CARTESIAN_POINT ( 'NONE',  ( 6.249999999999998224, -2.000000000000000000, -18.75000000000000000 ) ) ;
#4599 = DIRECTION ( 'NONE',  ( 0.000000000000000000, 0.000000000000000000, 1.000000000000000000 ) ) ;
#4600 = CIRCLE ( 'NONE', #4952, 4.999999999999997335 ) ;
#4601 = VECTOR ( 'NONE', #5368, 1000.000000000000114 ) ;
#4602 = AXIS2_PLACEMENT_3D ( 'NONE', #1183, #2371, #1667 ) ;
#4603 = FACE_OUTER_BOUND ( 'NONE', #1686, .T. ) ;
#4604 = FACE_OUTER_BOUND ( 'NONE', #1570, .T. ) ;
#4605 = CARTESIAN_POINT ( 'NONE',  ( 18.74999999999999645, -2.000000000000000000, -32.90000000000004121 ) ) ;
#4606 = VERTEX_POINT ( 'NONE', #4764 ) ;
#4607 = DIRECTION ( 'NONE',  ( -0.000000000000000000, -1.000000000000000000, -0.000000000000000000 ) ) ;
#4608 = ORIENTED_EDGE ( 'NONE', *, *, #3306, .F. ) ;
#4609 = ORIENTED_EDGE ( 'NONE', *, *, #5394, .T. ) ;
#4610 = CARTESIAN_POINT ( 'NONE',  ( -31.24999999999986500, 0.4999999999999991673, -7.899999999999868905 ) ) ;
#4611 = DIRECTION ( 'NONE',  ( 0.000000000000000000, 0.000000000000000000, 1.000000000000000000 ) ) ;
#4612 = ORIENTED_EDGE ( 'NONE', *, *, #5760, .T. ) ;
#4613 = FACE_OUTER_BOUND ( 'NONE', #780, .T. ) ;
#4614 = FACE_OUTER_BOUND ( 'NONE', #7143, .T. ) ;
#4615 = EDGE_LOOP ( 'NONE', ( #4158, #1547, #4015, #2710 ) ) ;
#4616 = DIRECTION ( 'NONE',  ( 0.000000000000000000, 0.000000000000000000, 1.000000000000000000 ) ) ;
#4617 = ORIENTED_EDGE ( 'NONE', *, *, #5855, .T. ) ;
#4618 = AXIS2_PLACEMENT_3D ( 'NONE', #1370, #326, #6535 ) ;
#4619 = EDGE_CURVE ( 'NONE', #5418, #208, #831, .T. ) ;
#4620 = DESIGN_CONTEXT ( 'detailed design', #7146, 'design' ) ;
#4621 = AXIS2_PLACEMENT_3D ( 'NONE', #1174, #4477, #2213 ) ;
#4622 = DIRECTION ( 'NONE',  ( -0.000000000000000000, -1.000000000000000000, -0.000000000000000000 ) ) ;
#4623 = DIRECTION ( 'NONE',  ( 0.000000000000000000, 0.000000000000000000, 1.000000000000000000 ) ) ;
#4624 = ORIENTED_EDGE ( 'NONE', *, *, #4626, .F. ) ;
#4625 = DIRECTION ( 'NONE',  ( 0.000000000000000000, 0.000000000000000000, 1.000000000000000000 ) ) ;
#4626 = EDGE_CURVE ( 'NONE', #1284, #3698, #3789, .T. ) ;
#4627 = AXIS2_PLACEMENT_3D ( 'NONE', #5290, #6902, #200 ) ;
#4628 = VERTEX_POINT ( 'NONE', #388 ) ;
#4629 = EDGE_CURVE ( 'NONE', #1748, #4697, #597, .T. ) ;
#4630 = CARTESIAN_POINT ( 'NONE',  ( -31.25000000000004263, 0.000000000000000000, -18.75000000000000000 ) ) ;
#4631 = AXIS2_PLACEMENT_3D ( 'NONE', #4011, #643, #4086 ) ;
#4632 = AXIS2_PLACEMENT_3D ( 'NONE', #1160, #6955, #2 ) ;
#4633 = DIRECTION ( 'NONE',  ( 0.000000000000000000, 0.000000000000000000, 1.000000000000000000 ) ) ;
#4634 = EDGE_CURVE ( 'NONE', #4748, #6191, #6031, .T. ) ;
#4635 = EDGE_LOOP ( 'NONE', ( #1943, #3495 ) ) ;
#4636 = DIRECTION ( 'NONE',  ( 0.000000000000000000, 0.000000000000000000, 1.000000000000000000 ) ) ;
#4637 = DIRECTION ( 'NONE',  ( -0.000000000000000000, 1.000000000000000000, -0.000000000000000000 ) ) ;
#4638 = CONICAL_SURFACE ( 'NONE', #3802, 3.899999999999997247, 0.7853981633974491672 ) ;
#4639 = AXIS2_PLACEMENT_3D ( 'NONE', #5650, #1649, #4543 ) ;
#4640 = ADVANCED_FACE ( 'NONE', ( #942 ), #1354, .F. ) ;
#4641 = AXIS2_PLACEMENT_3D ( 'NONE', #4751, #4199, #3709 ) ;
#4642 = FACE_OUTER_BOUND ( 'NONE', #6703, .T. ) ;
#4643 = DIRECTION ( 'NONE',  ( 1.734723475976807094E-16, 0.000000000000000000, 1.000000000000000000 ) ) ;
#4644 = AXIS2_PLACEMENT_3D ( 'NONE', #3712, #265, #2531 ) ;
#4645 = ORIENTED_EDGE ( 'NONE', *, *, #3241, .F. ) ;
#4646 = CARTESIAN_POINT ( 'NONE',  ( 0.000000000000000000, 0.000000000000000000, 0.000000000000000000 ) ) ;
#4647 = CONICAL_SURFACE ( 'NONE', #5959, 2.149999999999999023, 0.7853981633974380649 ) ;
#4648 = ORIENTED_EDGE ( 'NONE', *, *, #6497, .T. ) ;
#4649 = ORIENTED_EDGE ( 'NONE', *, *, #1958, .T. ) ;
#4650 = CIRCLE ( 'NONE', #3692, 2.149999999999999023 ) ;
#4651 = AXIS2_PLACEMENT_3D ( 'NONE', #3386, #1728, #5657 ) ;
#4652 = LINE ( 'NONE', #6360, #6177 ) ;
#4653 = DIRECTION ( 'NONE',  ( 0.000000000000000000, 0.000000000000000000, 1.000000000000000000 ) ) ;
#4654 = ORIENTED_EDGE ( 'NONE', *, *, #1184, .F. ) ;
#4655 = DIRECTION ( 'NONE',  ( -0.000000000000000000, -1.000000000000000000, -0.000000000000000000 ) ) ;
#4656 = ADVANCED_FACE ( 'NONE', ( #4327 ), #3751, .T. ) ;
#4657 = DIRECTION ( 'NONE',  ( -0.000000000000000000, -1.000000000000000000, -0.000000000000000000 ) ) ;
#4658 = VERTEX_POINT ( 'NONE', #4173 ) ;
#4659 = LINE ( 'NONE', #2464, #5387 ) ;
#4660 = ORIENTED_EDGE ( 'NONE', *, *, #2877, .T. ) ;
#4661 = AXIS2_PLACEMENT_3D ( 'NONE', #2029, #4877, #4767 ) ;
#4662 = DIRECTION ( 'NONE',  ( -0.000000000000000000, 1.000000000000000000, -0.000000000000000000 ) ) ;
#4663 = CARTESIAN_POINT ( 'NONE',  ( -31.25000000000000000, 0.4999999999999908962, 6.250000000000090594 ) ) ;
#4664 = VERTEX_POINT ( 'NONE', #3125 ) ;
#4665 = DIRECTION ( 'NONE',  ( 0.000000000000000000, 0.7071067811865475727, 0.7071067811865475727 ) ) ;
#4666 = VERTEX_POINT ( 'NONE', #4729 ) ;
#4667 = CARTESIAN_POINT ( 'NONE',  ( -18.74999999999999289, 7.499999999999991118, 32.90000000000004121 ) ) ;
#4668 = CARTESIAN_POINT ( 'NONE',  ( 18.75000000000000355, 0.000000000000000000, -6.250000000000041744 ) ) ;
#4669 = COORDINATED_UNIVERSAL_TIME_OFFSET ( 8, 0, .AHEAD. ) ;
#4670 = ORIENTED_EDGE ( 'NONE', *, *, #5074, .T. ) ;
#4671 = CARTESIAN_POINT ( 'NONE',  ( -39.00000000000000000, 0.000000000000000000, 6.765421556309547668E-15 ) ) ;
#4672 = EDGE_CURVE ( 'NONE', #2905, #7236, #5433, .T. ) ;
#4673 = CARTESIAN_POINT ( 'NONE',  ( 31.25000000000000000, 7.499999999999998224, -20.40000000000009095 ) ) ;
#4674 = CIRCLE ( 'NONE', #1360, 2.150000000000013678 ) ;
#4675 = EDGE_CURVE ( 'NONE', #4805, #4428, #4861, .T. ) ;
#4676 = DIRECTION ( 'NONE',  ( -0.000000000000000000, -1.000000000000000000, -0.000000000000000000 ) ) ;
#4677 = DIRECTION ( 'NONE',  ( 0.000000000000000000, 1.000000000000000000, 0.000000000000000000 ) ) ;
#4678 = AXIS2_PLACEMENT_3D ( 'NONE', #2338, #745, #1787 ) ;
#4679 = VERTEX_POINT ( 'NONE', #5884 ) ;
#4680 = DIRECTION ( 'NONE',  ( 0.000000000000000000, 1.000000000000000000, 0.000000000000000000 ) ) ;
#4681 = EDGE_CURVE ( 'NONE', #2829, #6222, #792, .T. ) ;
#4682 = VERTEX_POINT ( 'NONE', #5326 ) ;
#4683 = EDGE_CURVE ( 'NONE', #2231, #425, #5342, .T. ) ;
#4684 = CIRCLE ( 'NONE', #1968, 4.400000000000014566 ) ;
#4685 = DIRECTION ( 'NONE',  ( 8.659560562354889717E-17, 0.7071067811865511255, -0.7071067811865440200 ) ) ;
#4686 = FACE_OUTER_BOUND ( 'NONE', #4269, .T. ) ;
#4687 = EDGE_LOOP ( 'NONE', ( #6015, #7015, #2785, #517 ) ) ;
#4688 = CARTESIAN_POINT ( 'NONE',  ( 18.75000000000004263, 0.000000000000000000, 18.75000000000000000 ) ) ;
#4689 = DIRECTION ( 'NONE',  ( -0.000000000000000000, -1.000000000000000000, -0.000000000000000000 ) ) ;
#4690 = VERTEX_POINT ( 'NONE', #1429 ) ;
#4691 = DIRECTION ( 'NONE',  ( -0.000000000000000000, 1.000000000000000000, -0.000000000000000000 ) ) ;
#4692 = ORIENTED_EDGE ( 'NONE', *, *, #1051, .T. ) ;
#4693 = DIRECTION ( 'NONE',  ( 0.000000000000000000, 0.000000000000000000, 1.000000000000000000 ) ) ;
#4694 = DIRECTION ( 'NONE',  ( -0.000000000000000000, -1.000000000000000000, -0.000000000000000000 ) ) ;
#4695 = CARTESIAN_POINT ( 'NONE',  ( 31.25000000000000000, 7.499999999999998224, -6.250000000000086153 ) ) ;
#4696 = ORIENTED_EDGE ( 'NONE', *, *, #61, .F. ) ;
#4697 = VERTEX_POINT ( 'NONE', #870 ) ;
#4698 = CARTESIAN_POINT ( 'NONE',  ( -31.25000000000000000, 7.499999999999998224, 6.250000000000090594 ) ) ;
#4699 = ORIENTED_EDGE ( 'NONE', *, *, #1514, .F. ) ;
#4700 = DIRECTION ( 'NONE',  ( 0.000000000000000000, 1.000000000000000000, 0.000000000000000000 ) ) ;
#4701 = VERTEX_POINT ( 'NONE', #3682 ) ;
#4702 = DIRECTION ( 'NONE',  ( 0.000000000000000000, 0.000000000000000000, -1.000000000000000000 ) ) ;
#4703 = EDGE_LOOP ( 'NONE', ( #5308, #1157, #4569, #2545 ) ) ;
#4704 = FACE_OUTER_BOUND ( 'NONE', #6527, .T. ) ;
#4705 = DIRECTION ( 'NONE',  ( 8.659560562355010512E-17, 0.7071067811865412445, -0.7071067811865537900 ) ) ;
#4706 = AXIS2_PLACEMENT_3D ( 'NONE', #3190, #3825, #1042 ) ;
#4707 = CIRCLE ( 'NONE', #1520, 1.650000000000002132 ) ;
#4708 = EDGE_CURVE ( 'NONE', #5892, #2788, #2573, .T. ) ;
#4709 = DIRECTION ( 'NONE',  ( 0.000000000000000000, 0.000000000000000000, 1.000000000000000000 ) ) ;
#4710 = DIRECTION ( 'NONE',  ( 0.000000000000000000, 0.000000000000000000, 1.000000000000000000 ) ) ;
#4711 = EDGE_LOOP ( 'NONE', ( #768, #384, #4530, #2416 ) ) ;
#4712 = FACE_BOUND ( 'NONE', #4819, .T. ) ;
#4713 = AXIS2_PLACEMENT_3D ( 'NONE', #4532, #2336, #6807 ) ;
#4714 = ORIENTED_EDGE ( 'NONE', *, *, #2940, .T. ) ;
#4715 = AXIS2_PLACEMENT_3D ( 'NONE', #3212, #6190, #954 ) ;
#4716 = EDGE_CURVE ( 'NONE', #4701, #4628, #4289, .T. ) ;
#4717 = AXIS2_PLACEMENT_3D ( 'NONE', #584, #2331, #3331 ) ;
#4718 = EDGE_CURVE ( 'NONE', #2277, #976, #5995, .T. ) ;
#4719 = CIRCLE ( 'NONE', #6388, 1.650000000000002132 ) ;
#4720 = CARTESIAN_POINT ( 'NONE',  ( -31.25000000000000000, 7.499999999999984013, 18.75000000000009237 ) ) ;
#4721 = DIRECTION ( 'NONE',  ( 0.000000000000000000, 0.000000000000000000, 1.000000000000000000 ) ) ;
#4722 = VERTEX_POINT ( 'NONE', #3052 ) ;
#4723 = CARTESIAN_POINT ( 'NONE',  ( -31.24999999999999289, 3.000000000000000000, 27.35000000000009024 ) ) ;
#4724 = CARTESIAN_POINT ( 'NONE',  ( -18.75000000000004263, 7.499999999999987566, -18.75000000000000355 ) ) ;
#4725 = VERTEX_POINT ( 'NONE', #5885 ) ;
#4726 = DIRECTION ( 'NONE',  ( -1.000000000000000000, 0.000000000000000000, 0.000000000000000000 ) ) ;
#4727 = ORIENTED_EDGE ( 'NONE', *, *, #2332, .T. ) ;
#4728 = ADVANCED_FACE ( 'NONE', ( #756 ), #794, .T. ) ;
#4729 = CARTESIAN_POINT ( 'NONE',  ( -6.249999999999992895, 0.5000000000000022204, 29.59999999999999432 ) ) ;
#4730 = DIRECTION ( 'NONE',  ( 8.659560562354932858E-17, 0.7071067811865474617, -0.7071067811865474617 ) ) ;
#4731 = FACE_OUTER_BOUND ( 'NONE', #6265, .T. ) ;
#4732 = DIRECTION ( 'NONE',  ( -0.000000000000000000, 1.000000000000000000, -0.000000000000000000 ) ) ;
#4733 = ORIENTED_EDGE ( 'NONE', *, *, #5847, .T. ) ;
#4734 = DIRECTION ( 'NONE',  ( -0.000000000000000000, -1.000000000000000000, -0.000000000000000000 ) ) ;
#4735 = DIRECTION ( 'NONE',  ( -0.000000000000000000, -1.000000000000000000, -0.000000000000000000 ) ) ;
#4736 = ORIENTED_EDGE ( 'NONE', *, *, #2592, .F. ) ;
#4737 = EDGE_CURVE ( 'NONE', #6519, #7195, #5807, .T. ) ;
#4738 = EDGE_LOOP ( 'NONE', ( #2955, #941 ) ) ;
#4739 = DIRECTION ( 'NONE',  ( 0.000000000000000000, 0.000000000000000000, 1.000000000000000000 ) ) ;
#4740 = DIRECTION ( 'NONE',  ( -0.000000000000000000, -1.000000000000000000, -0.000000000000000000 ) ) ;
#4741 = AXIS2_PLACEMENT_3D ( 'NONE', #1104, #4995, #4515 ) ;
#4742 = LINE ( 'NONE', #4192, #5362 ) ;
#4743 = CARTESIAN_POINT ( 'NONE',  ( -39.00000000000000711, 0.000000000000000000, -35.00000000000000711 ) ) ;
#4744 = VERTEX_POINT ( 'NONE', #3644 ) ;
#4745 = FACE_OUTER_BOUND ( 'NONE', #4469, .T. ) ;
#4746 = VERTEX_POINT ( 'NONE', #6965 ) ;
#4747 = CIRCLE ( 'NONE', #7239, 3.899999999999993694 ) ;
#4748 = VERTEX_POINT ( 'NONE', #4249 ) ;
#4749 = CIRCLE ( 'NONE', #2154, 1.649999999999870237 ) ;
#4750 = CIRCLE ( 'NONE', #11, 3.000000000000002665 ) ;
#4751 = CARTESIAN_POINT ( 'NONE',  ( 6.249999999999996447, 0.000000000000000000, -31.24999999999986500 ) ) ;
#4752 = CARTESIAN_POINT ( 'NONE',  ( 18.74999999999999645, 0.4999999999999922284, -31.25000000000004263 ) ) ;
#4753 = VECTOR ( 'NONE', #1177, 1000.000000000000114 ) ;
#4754 = ORIENTED_EDGE ( 'NONE', *, *, #3219, .F. ) ;
#4755 = CARTESIAN_POINT ( 'NONE',  ( -18.75000000000008527, 7.499999999999994671, -29.60000000000000142 ) ) ;
#4756 = FACE_OUTER_BOUND ( 'NONE', #4615, .T. ) ;
#4757 = ORIENTED_EDGE ( 'NONE', *, *, #3390, .F. ) ;
#4758 = DIRECTION ( 'NONE',  ( -0.000000000000000000, 1.000000000000000000, -0.000000000000000000 ) ) ;
#4759 = EDGE_CURVE ( 'NONE', #6260, #48, #163, .T. ) ;
#4760 = EDGE_LOOP ( 'NONE', ( #5349, #1576 ) ) ;
#4761 = EDGE_CURVE ( 'NONE', #4535, #4682, #5096, .T. ) ;
#4762 = AXIS2_PLACEMENT_3D ( 'NONE', #224, #1421, #2566 ) ;
#4763 = CIRCLE ( 'NONE', #4998, 2.499999999999998668 ) ;
#4764 = CARTESIAN_POINT ( 'NONE',  ( -6.250000000000084377, 7.499999999999994671, -32.89999999999999858 ) ) ;
#4765 = EDGE_CURVE ( 'NONE', #4666, #7112, #4094, .T. ) ;
#4766 = DIRECTION ( 'NONE',  ( -0.000000000000000000, 1.000000000000000000, -0.000000000000000000 ) ) ;
#4767 = DIRECTION ( 'NONE',  ( 0.000000000000000000, 0.000000000000000000, 1.000000000000000000 ) ) ;
#4768 = CARTESIAN_POINT ( 'NONE',  ( -31.24999999999999289, 8.000000000000000000, 26.85000000000009024 ) ) ;
#4769 = CIRCLE ( 'NONE', #4297, 1.650000000000000355 ) ;
#4770 = ORIENTED_EDGE ( 'NONE', *, *, #2499, .F. ) ;
#4771 = ADVANCED_FACE ( 'NONE', ( #1277 ), #871, .F. ) ;
#4772 = ORIENTED_EDGE ( 'NONE', *, *, #3133, .T. ) ;
#4773 = EDGE_CURVE ( 'NONE', #109, #7035, #6055, .T. ) ;
#4774 = CONICAL_SURFACE ( 'NONE', #4538, 1.649999999999995248, 0.7853981633974378429 ) ;
#4775 = ADVANCED_FACE ( 'NONE', ( #2574 ), #3318, .F. ) ;
#4776 = CARTESIAN_POINT ( 'NONE',  ( 18.75000000000008882, 7.499999999999998224, 31.24999999999999645 ) ) ;
#4777 = CARTESIAN_POINT ( 'NONE',  ( 39.99999999999999289, 8.000000000000000000, 35.00000000000000000 ) ) ;
#4778 = ORIENTED_EDGE ( 'NONE', *, *, #6989, .F. ) ;
#4779 = ORIENTED_EDGE ( 'NONE', *, *, #4217, .F. ) ;
#4780 = FACE_OUTER_BOUND ( 'NONE', #2515, .T. ) ;
#4781 = DIRECTION ( 'NONE',  ( 0.000000000000000000, -0.7071067811865434649, -0.7071067811865516806 ) ) ;
#4782 = EDGE_CURVE ( 'NONE', #4179, #2713, #1430, .T. ) ;
#4783 = FACE_OUTER_BOUND ( 'NONE', #101, .T. ) ;
#4784 = CARTESIAN_POINT ( 'NONE',  ( 6.249999999999996447, 7.500000000000005329, -31.24999999999986500 ) ) ;
#4785 = ORIENTED_EDGE ( 'NONE', *, *, #4737, .F. ) ;
#4786 = CARTESIAN_POINT ( 'NONE',  ( 18.75000000000004263, 0.5000000000000095479, 18.75000000000000000 ) ) ;
#4787 = ORIENTED_EDGE ( 'NONE', *, *, #2592, .T. ) ;
#4788 = DIRECTION ( 'NONE',  ( -0.000000000000000000, 1.000000000000000000, -0.000000000000000000 ) ) ;
#4789 = AXIS2_PLACEMENT_3D ( 'NONE', #4356, #1538, #5393 ) ;
#4790 = DIRECTION ( 'NONE',  ( 0.000000000000000000, -0.7071067811865496822, -0.7071067811865453523 ) ) ;
#4791 = ORIENTED_EDGE ( 'NONE', *, *, #4132, .F. ) ;
#4792 = CARTESIAN_POINT ( 'NONE',  ( 31.25000000000004263, 7.499999999999998224, 18.74999999999999645 ) ) ;
#4793 = CARTESIAN_POINT ( 'NONE',  ( 31.24999999999986500, 0.000000000000000000, 6.249999999999995559 ) ) ;
#4794 = ORIENTED_EDGE ( 'NONE', *, *, #6999, .F. ) ;
#4795 = LINE ( 'NONE', #3715, #3605 ) ;
#4796 = EDGE_LOOP ( 'NONE', ( #280, #6335, #3419, #5655 ) ) ;
#4797 = AXIS2_PLACEMENT_3D ( 'NONE', #2129, #5081, #4936 ) ;
#4798 = CARTESIAN_POINT ( 'NONE',  ( 35.00000000000000000, 8.000000000000000000, -35.00000000000000711 ) ) ;
#4799 = DIRECTION ( 'NONE',  ( -0.000000000000000000, 1.000000000000000000, -0.000000000000000000 ) ) ;
#4801 = EDGE_CURVE ( 'NONE', #6986, #108, #1661, .T. ) ;
#4800 = EDGE_CURVE ( 'NONE', #427, #497, #2727, .T. ) ;
#4802 = CARTESIAN_POINT ( 'NONE',  ( -34.99999999999999289, 6.999999999999985789, 39.99999999999999289 ) ) ;
#4803 = CARTESIAN_POINT ( 'NONE',  ( -18.75000000000000355, 0.5000000000000047740, 6.250000000000043521 ) ) ;
#4804 = CIRCLE ( 'NONE', #5402, 4.400000000000014566 ) ;
#4805 = VERTEX_POINT ( 'NONE', #5248 ) ;
#4806 = ORIENTED_EDGE ( 'NONE', *, *, #2907, .F. ) ;
#4807 = ADVANCED_FACE ( 'NONE', ( #4836 ), #7002, .F. ) ;
#4808 = FACE_OUTER_BOUND ( 'NONE', #2001, .T. ) ;
#4809 = DIRECTION ( 'NONE',  ( 0.000000000000000000, 0.000000000000000000, 1.000000000000000000 ) ) ;
#4810 = ORIENTED_EDGE ( 'NONE', *, *, #2910, .F. ) ;
#4811 = ORIENTED_EDGE ( 'NONE', *, *, #1047, .T. ) ;
#4812 = DIRECTION ( 'NONE',  ( 0.000000000000000000, 1.000000000000000000, 0.000000000000000000 ) ) ;
#4813 = DIRECTION ( 'NONE',  ( 0.000000000000000000, 1.000000000000000000, 0.000000000000000000 ) ) ;
#4814 = EDGE_CURVE ( 'NONE', #6811, #5297, #4974, .T. ) ;
#4815 = EDGE_CURVE ( 'NONE', #1015, #939, #6408, .T. ) ;
#4816 = AXIS2_PLACEMENT_3D ( 'NONE', #4695, #6967, #2542 ) ;
#4817 = DIRECTION ( 'NONE',  ( 0.000000000000000000, 0.000000000000000000, 1.000000000000000000 ) ) ;
#4818 = CARTESIAN_POINT ( 'NONE',  ( -6.249999999999992895, 7.499999999999973355, 29.59999999999999432 ) ) ;
#4819 = EDGE_LOOP ( 'NONE', ( #1984, #4881 ) ) ;
#4820 = CARTESIAN_POINT ( 'NONE',  ( -18.74999999999999289, 8.000000000000000000, 29.10000000000002984 ) ) ;
#4821 = EDGE_LOOP ( 'NONE', ( #6972, #5310, #72, #6950 ) ) ;
#4822 = AXIS2_PLACEMENT_3D ( 'NONE', #978, #3713, #3783 ) ;
#4823 = AXIS2_PLACEMENT_3D ( 'NONE', #1743, #2260, #5717 ) ;
#4824 = DIRECTION ( 'NONE',  ( 0.000000000000000000, 0.000000000000000000, 1.000000000000000000 ) ) ;
#4825 = DIRECTION ( 'NONE',  ( 0.000000000000000000, 0.000000000000000000, 1.000000000000000000 ) ) ;
#4826 = ORIENTED_EDGE ( 'NONE', *, *, #3350, .T. ) ;
#4827 = DIRECTION ( 'NONE',  ( 0.000000000000000000, 0.000000000000000000, -1.000000000000000000 ) ) ;
#4828 = DIRECTION ( 'NONE',  ( 0.000000000000000000, 0.000000000000000000, 1.000000000000000000 ) ) ;
#4829 = AXIS2_PLACEMENT_3D ( 'NONE', #6751, #2180, #6610 ) ;
#4830 = ORIENTED_EDGE ( 'NONE', *, *, #4174, .T. ) ;
#4831 = CARTESIAN_POINT ( 'NONE',  ( 18.75000000000004263, -2.000000000000000000, 16.25000000000000355 ) ) ;
#4832 = ORIENTED_EDGE ( 'NONE', *, *, #5028, .F. ) ;
#4833 = CONICAL_SURFACE ( 'NONE', #5666, 2.149999999999874234, 0.7853981633974539411 ) ;
#4834 = CIRCLE ( 'NONE', #5790, 2.399999999999999467 ) ;
#4835 = CARTESIAN_POINT ( 'NONE',  ( -18.75000000000004263, 0.000000000000000000, -21.75000000000000711 ) ) ;
#4836 = FACE_OUTER_BOUND ( 'NONE', #2950, .T. ) ;
#4837 = LINE ( 'NONE', #347, #3702 ) ;
#4838 = DIRECTION ( 'NONE',  ( -0.000000000000000000, 1.000000000000000000, -0.000000000000000000 ) ) ;
#4839 = EDGE_LOOP ( 'NONE', ( #3476, #4368, #2104, #5122 ) ) ;
#4840 = FACE_OUTER_BOUND ( 'NONE', #6818, .T. ) ;
#4841 = SECURITY_CLASSIFICATION ( '', '', #1367 ) ;
#4842 = VERTEX_POINT ( 'NONE', #5399 ) ;
#4843 = ADVANCED_FACE ( 'NONE', ( #1355 ), #2372, .F. ) ;
#4844 = DIRECTION ( 'NONE',  ( 0.000000000000000000, -0.7071067811865415775, -0.7071067811865535679 ) ) ;
#4845 = DIRECTION ( 'NONE',  ( 0.000000000000000000, 0.000000000000000000, 1.000000000000000000 ) ) ;
#4846 = ORIENTED_EDGE ( 'NONE', *, *, #5486, .T. ) ;
#4847 = EDGE_LOOP ( 'NONE', ( #936, #2049 ) ) ;
#4848 = CARTESIAN_POINT ( 'NONE',  ( -31.25000000000000000, 7.499999999999984013, 18.75000000000009237 ) ) ;
#4849 = ADVANCED_FACE ( 'NONE', ( #833 ), #3092, .F. ) ;
#4850 = CARTESIAN_POINT ( 'NONE',  ( 31.25000000000004263, 0.000000000000000000, 20.89999999999999503 ) ) ;
#4851 = EDGE_CURVE ( 'NONE', #1083, #5412, #4362, .T. ) ;
#4852 = VECTOR ( 'NONE', #2956, 1000.000000000000000 ) ;
#4853 = EDGE_CURVE ( 'NONE', #2492, #3967, #3754, .T. ) ;
#4854 = AXIS2_PLACEMENT_3D ( 'NONE', #7017, #696, #211 ) ;
#4855 = CYLINDRICAL_SURFACE ( 'NONE', #1454, 3.900000000000000799 ) ;
#4856 = DIRECTION ( 'NONE',  ( 0.000000000000000000, 0.000000000000000000, 1.000000000000000000 ) ) ;
#4857 = ORIENTED_EDGE ( 'NONE', *, *, #5265, .F. ) ;
#4858 = DIRECTION ( 'NONE',  ( -0.000000000000000000, -1.000000000000000000, -0.000000000000000000 ) ) ;
#4859 = CARTESIAN_POINT ( 'NONE',  ( -31.25000000000008171, 3.000000000000000000, -35.14999999999999858 ) ) ;
#4860 = EDGE_CURVE ( 'NONE', #121, #678, #904, .T. ) ;
#4861 = CIRCLE ( 'NONE', #2608, 2.399999999999999467 ) ;
#4862 = CONICAL_SURFACE ( 'NONE', #1662, 1.649999999999998579, 0.7853981633974569387 ) ;
#4863 = CARTESIAN_POINT ( 'NONE',  ( 18.75000000000004263, 0.5000000000000095479, 16.25000000000000355 ) ) ;
#4864 = CARTESIAN_POINT ( 'NONE',  ( -6.249999999999996447, 0.5000000000000125455, 18.75000000000000000 ) ) ;
#4865 = ORIENTED_EDGE ( 'NONE', *, *, #5854, .T. ) ;
#4866 = DIRECTION ( 'NONE',  ( 0.7071067811865474617, 0.7071067811865474617, 0.000000000000000000 ) ) ;
#4867 = FACE_OUTER_BOUND ( 'NONE', #5, .T. ) ;
#4868 = ORIENTED_EDGE ( 'NONE', *, *, #3453, .T. ) ;
#4869 = DIRECTION ( 'NONE',  ( -0.000000000000000000, 1.000000000000000000, -0.000000000000000000 ) ) ;
#4870 = AXIS2_PLACEMENT_3D ( 'NONE', #3242, #7186, #2131 ) ;
#4871 = ORIENTED_EDGE ( 'NONE', *, *, #1224, .F. ) ;
#4872 = CIRCLE ( 'NONE', #2620, 3.999999999999996447 ) ;
#4873 = VECTOR ( 'NONE', #78, 1000.000000000000000 ) ;
#4874 = EDGE_CURVE ( 'NONE', #1284, #2884, #6675, .T. ) ;
#4875 = LINE ( 'NONE', #7039, #5458 ) ;
#4876 = FACE_OUTER_BOUND ( 'NONE', #2579, .T. ) ;
#4877 = DIRECTION ( 'NONE',  ( 0.000000000000000000, 1.000000000000000000, 0.000000000000000000 ) ) ;
#4878 = CARTESIAN_POINT ( 'NONE',  ( 34.99999999999999289, 6.999999999999985789, 39.99999999999999289 ) ) ;
#4879 = EDGE_LOOP ( 'NONE', ( #162, #323 ) ) ;
#4880 = LINE ( 'NONE', #3204, #5857 ) ;
#4881 = ORIENTED_EDGE ( 'NONE', *, *, #4008, .T. ) ;
#4882 = CONICAL_SURFACE ( 'NONE', #849, 2.149999999999995470, 0.7853981633974344012 ) ;
#4883 = CIRCLE ( 'NONE', #7147, 4.400000000000001243 ) ;
#4884 = VECTOR ( 'NONE', #4584, 1000.000000000000000 ) ;
#4885 = DIRECTION ( 'NONE',  ( 0.000000000000000000, 1.000000000000000000, 0.000000000000000000 ) ) ;
#4886 = CARTESIAN_POINT ( 'NONE',  ( 6.250000000000043521, 0.000000000000000000, 18.75000000000000355 ) ) ;
#4887 = ORIENTED_EDGE ( 'NONE', *, *, #3809, .T. ) ;
#4888 = ORIENTED_EDGE ( 'NONE', *, *, #6047, .F. ) ;
#4889 = DIRECTION ( 'NONE',  ( 0.000000000000000000, 1.000000000000000000, 0.000000000000000000 ) ) ;
#4890 = FACE_OUTER_BOUND ( 'NONE', #5007, .T. ) ;
#4891 = AXIS2_PLACEMENT_3D ( 'NONE', #3164, #795, #2611 ) ;
#4892 = ADVANCED_FACE ( 'NONE', ( #2719 ), #2733, .F. ) ;
#4893 = CARTESIAN_POINT ( 'NONE',  ( -6.249999999999996447, 7.499999999999991118, 18.75000000000000000 ) ) ;
#4894 = CARTESIAN_POINT ( 'NONE',  ( -6.250000000000084377, 8.000000000000000000, -31.25000000000000000 ) ) ;
#4895 = ORIENTED_EDGE ( 'NONE', *, *, #3355, .F. ) ;
#4896 = CYLINDRICAL_SURFACE ( 'NONE', #772, 1.649999999999998579 ) ;
#4897 = VERTEX_POINT ( 'NONE', #4911 ) ;
#4898 = EDGE_CURVE ( 'NONE', #4347, #3820, #6602, .T. ) ;
#4899 = LINE ( 'NONE', #2639, #4047 ) ;
#4900 = ADVANCED_FACE ( 'NONE', ( #2133 ), #2173, .F. ) ;
#4901 = DIRECTION ( 'NONE',  ( -0.000000000000000000, 1.000000000000000000, -0.000000000000000000 ) ) ;
#4902 = ORIENTED_EDGE ( 'NONE', *, *, #7226, .F. ) ;
#4903 = DIRECTION ( 'NONE',  ( -0.000000000000000000, -1.000000000000000000, -0.000000000000000000 ) ) ;
#4904 = FACE_OUTER_BOUND ( 'NONE', #4914, .T. ) ;
#4905 = VERTEX_POINT ( 'NONE', #3830 ) ;
#4906 = LINE ( 'NONE', #3156, #2079 ) ;
#4907 = ORIENTED_EDGE ( 'NONE', *, *, #1126, .F. ) ;
#4908 = EDGE_CURVE ( 'NONE', #4606, #171, #985, .T. ) ;
#4909 = AXIS2_PLACEMENT_3D ( 'NONE', #2314, #3603, #5882 ) ;
#4910 = CARTESIAN_POINT ( 'NONE',  ( -35.00000000000000711, 8.000000000000000000, -40.00000000000000711 ) ) ;
#4911 = CARTESIAN_POINT ( 'NONE',  ( 31.25000000000000000, 0.000000000000000000, -8.400000000000099831 ) ) ;
#4912 = CARTESIAN_POINT ( 'NONE',  ( -18.75000000000008527, 7.499999999999994671, -29.60000000000000142 ) ) ;
#4913 = LINE ( 'NONE', #2612, #6486 ) ;
#4914 = EDGE_LOOP ( 'NONE', ( #6128, #4295, #712, #666 ) ) ;
#4915 = DIRECTION ( 'NONE',  ( 0.000000000000000000, 0.000000000000000000, 1.000000000000000000 ) ) ;
#4916 = EDGE_LOOP ( 'NONE', ( #6579, #6783 ) ) ;
#4917 = AXIS2_PLACEMENT_3D ( 'NONE', #553, #5043, #6168 ) ;
#4918 = CIRCLE ( 'NONE', #6599, 2.149999999999999023 ) ;
#4919 = DIRECTION ( 'NONE',  ( -0.000000000000000000, -1.000000000000000000, -0.000000000000000000 ) ) ;
#4920 = DIRECTION ( 'NONE',  ( 0.000000000000000000, -0.7071067811865531239, -0.7071067811865417996 ) ) ;
#4921 = EDGE_LOOP ( 'NONE', ( #668, #5100 ) ) ;
#4922 = CARTESIAN_POINT ( 'NONE',  ( -31.25000000000004263, 0.5000000000000108802, -17.10000000000000142 ) ) ;
#4923 = DIRECTION ( 'NONE',  ( 0.000000000000000000, 0.000000000000000000, 1.000000000000000000 ) ) ;
#4924 = DIRECTION ( 'NONE',  ( 8.659560562354889717E-17, 0.7071067811865511255, -0.7071067811865440200 ) ) ;
#4925 = CARTESIAN_POINT ( 'NONE',  ( -31.24999999999986500, -2.000000000000000000, -4.600000000000129319 ) ) ;
#4926 = ORIENTED_EDGE ( 'NONE', *, *, #3431, .T. ) ;
#4927 = DIRECTION ( 'NONE',  ( 8.659560562354984627E-17, -0.7071067811865434649, 0.7071067811865516806 ) ) ;
#4928 = EDGE_LOOP ( 'NONE', ( #5896, #1307 ) ) ;
#4929 = EDGE_CURVE ( 'NONE', #1767, #6758, #2964, .T. ) ;
#4930 = DIRECTION ( 'NONE',  ( -0.000000000000000000, -1.000000000000000000, -0.000000000000000000 ) ) ;
#4931 = CARTESIAN_POINT ( 'NONE',  ( -34.99999999999999289, 6.999999999999985789, 39.99999999999999289 ) ) ;
#4932 = ORIENTED_EDGE ( 'NONE', *, *, #2535, .F. ) ;
#4933 = DIRECTION ( 'NONE',  ( 0.000000000000000000, 0.000000000000000000, 1.000000000000000000 ) ) ;
#4934 = FACE_OUTER_BOUND ( 'NONE', #7046, .T. ) ;
#4935 = ORIENTED_EDGE ( 'NONE', *, *, #3088, .T. ) ;
#4936 = DIRECTION ( 'NONE',  ( 0.000000000000000000, 0.000000000000000000, 1.000000000000000000 ) ) ;
#4937 = AXIS2_PLACEMENT_3D ( 'NONE', #5090, #607, #6289 ) ;
#4938 = ORIENTED_EDGE ( 'NONE', *, *, #3306, .T. ) ;
#4939 = CIRCLE ( 'NONE', #2693, 4.999999999999997335 ) ;
#4940 = EDGE_CURVE ( 'NONE', #5892, #2536, #943, .T. ) ;
#4941 = EDGE_CURVE ( 'NONE', #3917, #1587, #1541, .T. ) ;
#4942 = CIRCLE ( 'NONE', #4713, 1.650000000000002132 ) ;
#4943 = FACE_OUTER_BOUND ( 'NONE', #295, .T. ) ;
#4944 = CIRCLE ( 'NONE', #3521, 1.649999999999998579 ) ;
#4945 = DIRECTION ( 'NONE',  ( 0.000000000000000000, 0.000000000000000000, -1.000000000000000000 ) ) ;
#4946 = CARTESIAN_POINT ( 'NONE',  ( 31.25000000000000000, -2.000000000000000000, -31.25000000000008171 ) ) ;
#4947 = CARTESIAN_POINT ( 'NONE',  ( 6.249999999999998224, 8.000000000000000000, 8.400000000000012790 ) ) ;
#4948 = EDGE_CURVE ( 'NONE', #4744, #1193, #5219, .T. ) ;
#4949 = ORIENTED_EDGE ( 'NONE', *, *, #6642, .T. ) ;
#4950 = CYLINDRICAL_SURFACE ( 'NONE', #6702, 1.650000000000003020 ) ;
#4951 = ORIENTED_EDGE ( 'NONE', *, *, #6989, .T. ) ;
#4952 = AXIS2_PLACEMENT_3D ( 'NONE', #4077, #4113, #5829 ) ;
#4953 = AXIS2_PLACEMENT_3D ( 'NONE', #5209, #2983, #4097 ) ;
#4954 = EDGE_CURVE ( 'NONE', #1351, #1587, #6776, .T. ) ;
#4955 = CARTESIAN_POINT ( 'NONE',  ( 31.25000000000000000, 0.4999999999999935052, -33.65000000000008384 ) ) ;
#4956 = AXIS2_PLACEMENT_3D ( 'NONE', #4032, #6308, #6158 ) ;
#4957 = CARTESIAN_POINT ( 'NONE',  ( 31.24999999999999645, 7.499999999999978684, -27.35000000000009024 ) ) ;
#4958 = ORIENTED_EDGE ( 'NONE', *, *, #2225, .F. ) ;
#4959 = FACE_OUTER_BOUND ( 'NONE', #658, .T. ) ;
#4960 = ADVANCED_FACE ( 'NONE', ( #494 ), #4290, .F. ) ;
#4961 = PLANE ( 'NONE',  #2638 ) ;
#4962 = DIRECTION ( 'NONE',  ( 0.000000000000000000, 0.000000000000000000, 1.000000000000000000 ) ) ;
#4963 = ORIENTED_EDGE ( 'NONE', *, *, #5283, .T. ) ;
#4964 = CARTESIAN_POINT ( 'NONE',  ( 18.75000000000000000, 7.500000000000005329, 4.600000000000002309 ) ) ;
#4965 = ORIENTED_EDGE ( 'NONE', *, *, #791, .F. ) ;
#4966 = AXIS2_PLACEMENT_3D ( 'NONE', #1522, #3771, #957 ) ;
#4967 = VECTOR ( 'NONE', #1292, 1000.000000000000000 ) ;
#4968 = CARTESIAN_POINT ( 'NONE',  ( -18.75000000000000355, 0.000000000000000000, 8.400000000000057199 ) ) ;
#4969 = EDGE_LOOP ( 'NONE', ( #4907, #6470, #2673, #7225 ) ) ;
#4970 = DIRECTION ( 'NONE',  ( 0.000000000000000000, 0.000000000000000000, 1.000000000000000000 ) ) ;
#4971 = DIRECTION ( 'NONE',  ( 0.000000000000000000, 0.000000000000000000, 1.000000000000000000 ) ) ;
#4972 = EDGE_LOOP ( 'NONE', ( #4049, #2089, #2424, #3742 ) ) ;
#4973 = DIRECTION ( 'NONE',  ( -0.000000000000000000, -1.000000000000000000, -0.000000000000000000 ) ) ;
#4974 = CIRCLE ( 'NONE', #5932, 2.499999999999998668 ) ;
#4975 = ORIENTED_EDGE ( 'NONE', *, *, #6455, .T. ) ;
#4976 = CIRCLE ( 'NONE', #1066, 1.650000000000002132 ) ;
#4977 = VECTOR ( 'NONE', #3970, 1000.000000000000000 ) ;
#4978 = DIRECTION ( 'NONE',  ( 0.000000000000000000, 0.000000000000000000, 1.000000000000000000 ) ) ;
#4979 = CARTESIAN_POINT ( 'NONE',  ( -18.75000000000000000, 0.000000000000000000, -6.250000000000000000 ) ) ;
#4980 = DIRECTION ( 'NONE',  ( 0.000000000000000000, 0.000000000000000000, 1.000000000000000000 ) ) ;
#4981 = DIRECTION ( 'NONE',  ( 0.000000000000000000, -0.7071067811865434649, -0.7071067811865516806 ) ) ;
#4982 = VERTEX_POINT ( 'NONE', #2758 ) ;
#4983 = FACE_BOUND ( 'NONE', #1562, .T. ) ;
#4984 = EDGE_CURVE ( 'NONE', #2207, #1295, #4395, .T. ) ;
#4985 = VECTOR ( 'NONE', #3042, 1000.000000000000114 ) ;
#4986 = VECTOR ( 'NONE', #1863, 1000.000000000000000 ) ;
#4987 = EDGE_CURVE ( 'NONE', #6592, #5686, #5699, .T. ) ;
#4988 = DIRECTION ( 'NONE',  ( -0.000000000000000000, -1.000000000000000000, -0.000000000000000000 ) ) ;
#4989 = DIRECTION ( 'NONE',  ( 8.659560562354872461E-17, 0.7071067811865526798, -0.7071067811865424657 ) ) ;
#4990 = VECTOR ( 'NONE', #6442, 1000.000000000000000 ) ;
#4992 = EDGE_LOOP ( 'NONE', ( #868, #4187 ) ) ;
#4991 = ADVANCED_FACE ( 'NONE', ( #4876 ), #6174, .F. ) ;
#4993 = CIRCLE ( 'NONE', #5106, 3.000000000000002665 ) ;
#4994 = ADVANCED_FACE ( 'NONE', ( #2066 ), #1506, .F. ) ;
#4995 = DIRECTION ( 'NONE',  ( -0.000000000000000000, -1.000000000000000000, -0.000000000000000000 ) ) ;
#4996 = ADVANCED_FACE ( 'NONE', ( #5086 ), #6329, .F. ) ;
#4997 = CONICAL_SURFACE ( 'NONE', #385, 1.650000000000000355, 0.7853981633974411736 ) ;
#4998 = AXIS2_PLACEMENT_3D ( 'NONE', #2952, #3614, #2436 ) ;
#4999 = DIRECTION ( 'NONE',  ( 0.000000000000000000, -0.7071067811865547892, -0.7071067811865403563 ) ) ;
#5000 = DIRECTION ( 'NONE',  ( 0.000000000000000000, 0.000000000000000000, 1.000000000000000000 ) ) ;
#5001 = AXIS2_PLACEMENT_3D ( 'NONE', #2953, #2254, #138 ) ;
#5002 = VERTEX_POINT ( 'NONE', #3378 ) ;
#5003 = CARTESIAN_POINT ( 'NONE',  ( -6.250000000000040856, 0.5000000000000095479, -20.40000000000000213 ) ) ;
#5004 = ORIENTED_EDGE ( 'NONE', *, *, #6066, .F. ) ;
#5005 = ADVANCED_FACE ( 'NONE', ( #6176, #5159 ), #2791, .T. ) ;
#5006 = CARTESIAN_POINT ( 'NONE',  ( -6.250000000000040856, 8.000000000000000000, -16.59999999999999076 ) ) ;
#5007 = EDGE_LOOP ( 'NONE', ( #523, #7297, #3931, #2477 ) ) ;
#5008 = DIRECTION ( 'NONE',  ( 0.000000000000000000, 0.000000000000000000, 1.000000000000000000 ) ) ;
#5009 = DIRECTION ( 'NONE',  ( 0.000000000000000000, 0.000000000000000000, 1.000000000000000000 ) ) ;
#5010 = VERTEX_POINT ( 'NONE', #6215 ) ;
#5011 = DIRECTION ( 'NONE',  ( 0.000000000000000000, 0.000000000000000000, 1.000000000000000000 ) ) ;
#5012 = VERTEX_POINT ( 'NONE', #5130 ) ;
#5013 = CARTESIAN_POINT ( 'NONE',  ( 6.250000000000043521, 7.499999999999994671, 18.75000000000000355 ) ) ;
#5014 = CARTESIAN_POINT ( 'NONE',  ( 6.249999999999996447, 0.000000000000000000, -31.24999999999986500 ) ) ;
#5015 = EDGE_LOOP ( 'NONE', ( #5869, #3520, #5469, #1201 ) ) ;
#5016 = FACE_OUTER_BOUND ( 'NONE', #1770, .T. ) ;
#5017 = CARTESIAN_POINT ( 'NONE',  ( -6.249999999999999112, 0.000000000000000000, 6.249999999999998224 ) ) ;
#5018 = ORIENTED_EDGE ( 'NONE', *, *, #3171, .T. ) ;
#5019 = FACE_BOUND ( 'NONE', #1759, .T. ) ;
#5020 = ORIENTED_EDGE ( 'NONE', *, *, #6947, .T. ) ;
#5021 = VECTOR ( 'NONE', #1947, 1000.000000000000000 ) ;
#5022 = EDGE_CURVE ( 'NONE', #1557, #3731, #4157, .T. ) ;
#5023 = CYLINDRICAL_SURFACE ( 'NONE', #5372, 1.649999999999861577 ) ;
#5024 = DIRECTION ( 'NONE',  ( 0.000000000000000000, -0.7071067811865549002, -0.7071067811865401342 ) ) ;
#5025 = AXIS2_PLACEMENT_3D ( 'NONE', #1045, #1714, #3272 ) ;
#5026 = ORIENTED_EDGE ( 'NONE', *, *, #4759, .T. ) ;
#5027 = DIRECTION ( 'NONE',  ( 0.000000000000000000, 0.000000000000000000, -1.000000000000000000 ) ) ;
#5028 = EDGE_CURVE ( 'NONE', #5124, #6136, #2617, .T. ) ;
#5029 = AXIS2_PLACEMENT_3D ( 'NONE', #5644, #5536, #6704 ) ;
#5030 = EDGE_CURVE ( 'NONE', #798, #6843, #4747, .T. ) ;
#5031 = CARTESIAN_POINT ( 'NONE',  ( 18.74999999999999645, 8.000000000000000000, -33.40000000000004121 ) ) ;
#5032 = CARTESIAN_POINT ( 'NONE',  ( -31.24999999999986500, 7.500000000000003553, -7.899999999999868905 ) ) ;
#5033 = EDGE_CURVE ( 'NONE', #1800, #4318, #1123, .T. ) ;
#5034 = CIRCLE ( 'NONE', #7291, 1.649999999999995248 ) ;
#5035 = ORIENTED_EDGE ( 'NONE', *, *, #3669, .F. ) ;
#5036 = DIRECTION ( 'NONE',  ( 0.000000000000000000, 0.7071067811865511255, 0.7071067811865440200 ) ) ;
#5037 = DIRECTION ( 'NONE',  ( -0.000000000000000000, -1.000000000000000000, -0.000000000000000000 ) ) ;
#5038 = CARTESIAN_POINT ( 'NONE',  ( -18.75000000000000000, 8.000000000000000000, -6.250000000000000000 ) ) ;
#5039 = ORIENTED_EDGE ( 'NONE', *, *, #1516, .F. ) ;
#5040 = DIRECTION ( 'NONE',  ( 0.000000000000000000, -0.7071067811865531239, -0.7071067811865417996 ) ) ;
#5041 = DIRECTION ( 'NONE',  ( -0.000000000000000000, 1.000000000000000000, -0.000000000000000000 ) ) ;
#5042 = VERTEX_POINT ( 'NONE', #1234 ) ;
#5043 = DIRECTION ( 'NONE',  ( 0.000000000000000000, 1.000000000000000000, 0.000000000000000000 ) ) ;
#5044 = ORIENTED_EDGE ( 'NONE', *, *, #1764, .F. ) ;
#5045 = DIRECTION ( 'NONE',  ( 0.000000000000000000, 0.000000000000000000, 1.000000000000000000 ) ) ;
#5046 = CARTESIAN_POINT ( 'NONE',  ( 31.24999999999999645, 3.000000000000000000, -31.25000000000008171 ) ) ;
#5047 = ORIENTED_EDGE ( 'NONE', *, *, #6275, .T. ) ;
#5048 = DIRECTION ( 'NONE',  ( -0.000000000000000000, 1.000000000000000000, -0.000000000000000000 ) ) ;
#5049 = AXIS2_PLACEMENT_3D ( 'NONE', #3609, #3055, #1397 ) ;
#5050 = CARTESIAN_POINT ( 'NONE',  ( 6.250000000000000000, 0.5000000000000047740, -4.599999999999996092 ) ) ;
#5051 = ORIENTED_EDGE ( 'NONE', *, *, #1960, .T. ) ;
#5052 = FACE_BOUND ( 'NONE', #5871, .T. ) ;
#5053 = ORIENTED_EDGE ( 'NONE', *, *, #4782, .T. ) ;
#5054 = CIRCLE ( 'NONE', #3039, 2.399999999999999467 ) ;
#5055 = CIRCLE ( 'NONE', #557, 1.649999999999861577 ) ;
#5056 = CARTESIAN_POINT ( 'NONE',  ( 31.25000000000000000, 7.499999999999998224, -6.250000000000086153 ) ) ;
#5057 = CARTESIAN_POINT ( 'NONE',  ( -31.25000000000008171, 3.000000000000000000, -31.25000000000000000 ) ) ;
#5058 = ORIENTED_EDGE ( 'NONE', *, *, #2147, .T. ) ;
#5059 = AXIS2_PLACEMENT_3D ( 'NONE', #7311, #1936, #5792 ) ;
#5060 = AXIS2_PLACEMENT_3D ( 'NONE', #3803, #6084, #993 ) ;
#5061 = ADVANCED_FACE ( 'NONE', ( #6849 ), #4512, .F. ) ;
#5062 = CARTESIAN_POINT ( 'NONE',  ( 6.250000000000088818, 0.5000000000000065503, 29.59999999999999787 ) ) ;
#5063 = AXIS2_PLACEMENT_3D ( 'NONE', #103, #1111, #6803 ) ;
#5064 = CONICAL_SURFACE ( 'NONE', #4479, 3.900000000000000799, 0.7853981633974482790 ) ;
#5065 = LINE ( 'NONE', #7332, #4288 ) ;
#5066 = ADVANCED_FACE ( 'NONE', ( #1647 ), #6894, .F. ) ;
#5067 = LINE ( 'NONE', #660, #6447 ) ;
#5068 = DIRECTION ( 'NONE',  ( -0.000000000000000000, 1.000000000000000000, -0.000000000000000000 ) ) ;
#5069 = ORIENTED_EDGE ( 'NONE', *, *, #374, .F. ) ;
#5070 = CARTESIAN_POINT ( 'NONE',  ( -18.75000000000008527, 0.4999999999999922284, -31.25000000000000000 ) ) ;
#5071 = ADVANCED_FACE ( 'NONE', ( #2237 ), #6061, .F. ) ;
#5072 = ORGANIZATION ( 'æœª', 'æœª', '' ) ;
#5073 = DIRECTION ( 'NONE',  ( 0.000000000000000000, 1.000000000000000000, 0.000000000000000000 ) ) ;
#5074 = EDGE_CURVE ( 'NONE', #3214, #6690, #4280, .T. ) ;
#5075 = EDGE_CURVE ( 'NONE', #5196, #487, #5685, .T. ) ;
#5076 = CARTESIAN_POINT ( 'NONE',  ( 31.25000000000004263, 0.5000000000000073275, 18.74999999999999645 ) ) ;
#5077 = ORIENTED_EDGE ( 'NONE', *, *, #4683, .F. ) ;
#5078 = DIRECTION ( 'NONE',  ( 0.000000000000000000, 0.7071067811865511255, 0.7071067811865440200 ) ) ;
#5079 = DIRECTION ( 'NONE',  ( -0.000000000000000000, 1.000000000000000000, -0.000000000000000000 ) ) ;
#5080 = EDGE_LOOP ( 'NONE', ( #6078, #5018 ) ) ;
#5081 = DIRECTION ( 'NONE',  ( 0.000000000000000000, 1.000000000000000000, 0.000000000000000000 ) ) ;
#5082 = EDGE_CURVE ( 'NONE', #4504, #7035, #1793, .T. ) ;
#5083 = EDGE_LOOP ( 'NONE', ( #6236, #6038, #3660, #2176 ) ) ;
#5084 = VERTEX_POINT ( 'NONE', #6248 ) ;
#5085 = CARTESIAN_POINT ( 'NONE',  ( 6.249999999999998224, 7.499999999999998224, -17.09999999999999787 ) ) ;
#5086 = FACE_OUTER_BOUND ( 'NONE', #3595, .T. ) ;
#5087 = ORIENTED_EDGE ( 'NONE', *, *, #5906, .F. ) ;
#5088 = LINE ( 'NONE', #4502, #723 ) ;
#5089 = AXIS2_PLACEMENT_3D ( 'NONE', #1331, #1889, #3619 ) ;
#5090 = CARTESIAN_POINT ( 'NONE',  ( -31.25000000000008171, 0.000000000000000000, -31.25000000000000000 ) ) ;
#5091 = ORIENTED_EDGE ( 'NONE', *, *, #2045, .F. ) ;
#5092 = CARTESIAN_POINT ( 'NONE',  ( 0.000000000000000000, 8.000000000000000000, 0.000000000000000000 ) ) ;
#5093 = CONICAL_SURFACE ( 'NONE', #4019, 2.149999999999999023, 0.7853981633974381760 ) ;
#5094 = ORIENTED_EDGE ( 'NONE', *, *, #2024, .F. ) ;
#5095 = EDGE_CURVE ( 'NONE', #6519, #5780, #4029, .T. ) ;
#5096 = CIRCLE ( 'NONE', #116, 2.149999999999874234 ) ;
#5097 = AXIS2_PLACEMENT_3D ( 'NONE', #2324, #2770, #7265 ) ;
#5098 = CARTESIAN_POINT ( 'NONE',  ( 31.24999999999986500, 0.000000000000000000, 4.100000000000148859 ) ) ;
#5099 = CARTESIAN_POINT ( 'NONE',  ( 31.25000000000008882, 3.000000000000000000, 35.14999999999999147 ) ) ;
#5100 = ORIENTED_EDGE ( 'NONE', *, *, #1995, .T. ) ;
#5101 = AXIS2_PLACEMENT_3D ( 'NONE', #2027, #5508, #7150 ) ;
#5102 = FACE_OUTER_BOUND ( 'NONE', #5643, .T. ) ;
#5103 = ORIENTED_EDGE ( 'NONE', *, *, #1319, .T. ) ;
#5104 = CIRCLE ( 'NONE', #7132, 2.149999999999999023 ) ;
#5105 = AXIS2_PLACEMENT_3D ( 'NONE', #675, #1304, #5132 ) ;
#5106 = AXIS2_PLACEMENT_3D ( 'NONE', #1382, #262, #4824 ) ;
#5107 = CARTESIAN_POINT ( 'NONE',  ( -6.249999999999999112, -2.000000000000000000, 4.599999999999996980 ) ) ;
#5108 = CARTESIAN_POINT ( 'NONE',  ( 18.75000000000008882, 8.000000000000000000, 31.24999999999999645 ) ) ;
#5109 = CARTESIAN_POINT ( 'NONE',  ( 18.74999999999999645, -2.000000000000000000, -29.60000000000004405 ) ) ;
#5110 = ORIENTED_EDGE ( 'NONE', *, *, #578, .F. ) ;
#5111 = LINE ( 'NONE', #4561, #4852 ) ;
#5112 = CARTESIAN_POINT ( 'NONE',  ( 38.99999999999997868, 8.000000000000000000, 35.00000000000000000 ) ) ;
#5113 = AXIS2_PLACEMENT_3D ( 'NONE', #1795, #3493, #2972 ) ;
#5114 = EDGE_CURVE ( 'NONE', #6136, #6920, #3414, .T. ) ;
#5115 = EDGE_CURVE ( 'NONE', #1484, #2587, #2848, .T. ) ;
#5116 = VECTOR ( 'NONE', #4567, 1000.000000000000000 ) ;
#5117 = CARTESIAN_POINT ( 'NONE',  ( 6.250000000000000000, 7.499999999999998224, -7.900000000000000355 ) ) ;
#5118 = VECTOR ( 'NONE', #4020, 1000.000000000000000 ) ;
#5119 = ORIENTED_EDGE ( 'NONE', *, *, #4069, .T. ) ;
#5120 = DIRECTION ( 'NONE',  ( 0.000000000000000000, 0.000000000000000000, 1.000000000000000000 ) ) ;
#5121 = CARTESIAN_POINT ( 'NONE',  ( -31.25000000000000000, 8.000000000000000000, 4.100000000000077804 ) ) ;
#5122 = ORIENTED_EDGE ( 'NONE', *, *, #1644, .F. ) ;
#5123 = FACE_BOUND ( 'NONE', #2302, .T. ) ;
#5124 = VERTEX_POINT ( 'NONE', #4574 ) ;
#5125 = ORIENTED_EDGE ( 'NONE', *, *, #1471, .T. ) ;
#5126 = CIRCLE ( 'NONE', #2755, 2.149999999999846700 ) ;
#5127 = ADVANCED_FACE ( 'NONE', ( #5730 ), #714, .F. ) ;
#5128 = EDGE_CURVE ( 'NONE', #6374, #4347, #7011, .T. ) ;
#5129 = DIRECTION ( 'NONE',  ( -0.000000000000000000, -1.000000000000000000, -0.000000000000000000 ) ) ;
#5130 = CARTESIAN_POINT ( 'NONE',  ( -18.75000000000000000, 0.000000000000000000, -8.399999999999986144 ) ) ;
#5131 = ORIENTED_EDGE ( 'NONE', *, *, #4275, .T. ) ;
#5132 = DIRECTION ( 'NONE',  ( 0.000000000000000000, 0.000000000000000000, 1.000000000000000000 ) ) ;
#5133 = CARTESIAN_POINT ( 'NONE',  ( 31.24999999999986500, 0.000000000000000000, 8.399999999999842260 ) ) ;
#5134 = EDGE_LOOP ( 'NONE', ( #5437, #6468, #6302, #5376 ) ) ;
#5135 = PLANE ( 'NONE',  #2537 ) ;
#5136 = EDGE_LOOP ( 'NONE', ( #2202, #1455, #2708, #946 ) ) ;
#5137 = EDGE_CURVE ( 'NONE', #4560, #4063, #3562, .T. ) ;
#5138 = CYLINDRICAL_SURFACE ( 'NONE', #6564, 1.650000000000002132 ) ;
#5139 = DIRECTION ( 'NONE',  ( 0.000000000000000000, 1.000000000000000000, 0.000000000000000000 ) ) ;
#5140 = ORIENTED_EDGE ( 'NONE', *, *, #5663, .T. ) ;
#5141 = DIRECTION ( 'NONE',  ( 0.000000000000000000, 1.000000000000000000, 0.000000000000000000 ) ) ;
#5142 = ORIENTED_EDGE ( 'NONE', *, *, #5449, .T. ) ;
#5143 = DIRECTION ( 'NONE',  ( -0.7071067811865474617, -0.7071067811865474617, 0.000000000000000000 ) ) ;
#5144 = CARTESIAN_POINT ( 'NONE',  ( -18.75000000000004263, 0.5000000000000061062, -16.25000000000000355 ) ) ;
#5145 = DIRECTION ( 'NONE',  ( -0.000000000000000000, 1.000000000000000000, -0.000000000000000000 ) ) ;
#5146 = VERTEX_POINT ( 'NONE', #222 ) ;
#5147 = LINE ( 'NONE', #1705, #3311 ) ;
#5148 = DIRECTION ( 'NONE',  ( 0.000000000000000000, 0.7071067811865533459, 0.7071067811865416886 ) ) ;
#5149 = CIRCLE ( 'NONE', #3368, 1.649999999999998579 ) ;
#5150 = DIRECTION ( 'NONE',  ( 0.000000000000000000, 1.000000000000000000, 0.000000000000000000 ) ) ;
#5151 = CARTESIAN_POINT ( 'NONE',  ( -6.249999999999992895, 7.499999999999973355, 32.89999999999973568 ) ) ;
#5152 = LINE ( 'NONE', #2784, #7205 ) ;
#5153 = ORIENTED_EDGE ( 'NONE', *, *, #2787, .F. ) ;
#5154 = PLANE ( 'NONE',  #4208 ) ;
#5155 = ORIENTED_EDGE ( 'NONE', *, *, #4681, .F. ) ;
#5156 = ORIENTED_EDGE ( 'NONE', *, *, #2951, .T. ) ;
#5157 = ADVANCED_FACE ( 'NONE', ( #6922 ), #6361, .F. ) ;
#5158 = LINE ( 'NONE', #2344, #1559 ) ;
#5159 = FACE_OUTER_BOUND ( 'NONE', #759, .T. ) ;
#5160 = ORIENTED_EDGE ( 'NONE', *, *, #4814, .T. ) ;
#5161 = DIRECTION ( 'NONE',  ( 0.000000000000000000, 0.000000000000000000, 1.000000000000000000 ) ) ;
#5162 = DIRECTION ( 'NONE',  ( 0.000000000000000000, 0.000000000000000000, 1.000000000000000000 ) ) ;
#5163 = ORIENTED_EDGE ( 'NONE', *, *, #6324, .F. ) ;
#5164 = DIRECTION ( 'NONE',  ( 8.659560562354996953E-17, 0.7071067811865422437, -0.7071067811865526798 ) ) ;
#5165 = EDGE_CURVE ( 'NONE', #7236, #339, #601, .T. ) ;
#5166 = ORIENTED_EDGE ( 'NONE', *, *, #7340, .F. ) ;
#5167 = ADVANCED_FACE ( 'NONE', ( #4686 ), #1831, .F. ) ;
#5168 = AXIS2_PLACEMENT_3D ( 'NONE', #2833, #1989, #1954 ) ;
#5169 = EDGE_CURVE ( 'NONE', #7052, #77, #7243, .T. ) ;
#5170 = DIRECTION ( 'NONE',  ( 0.000000000000000000, 0.000000000000000000, -1.000000000000000000 ) ) ;
#5171 = DIRECTION ( 'NONE',  ( 0.000000000000000000, 0.000000000000000000, 1.000000000000000000 ) ) ;
#5172 = ORIENTED_EDGE ( 'NONE', *, *, #5082, .F. ) ;
#5173 = ORIENTED_EDGE ( 'NONE', *, *, #6485, .F. ) ;
#5174 = ADVANCED_FACE ( 'NONE', ( #187 ), #4286, .F. ) ;
#5175 = CIRCLE ( 'NONE', #4110, 2.399999999999999467 ) ;
#5176 = CARTESIAN_POINT ( 'NONE',  ( 6.250000000000000000, 7.499999999999998224, -4.599999999999996092 ) ) ;
#5177 = CIRCLE ( 'NONE', #4590, 1.650000000000002132 ) ;
#5178 = ORIENTED_EDGE ( 'NONE', *, *, #2987, .T. ) ;
#5179 = DIRECTION ( 'NONE',  ( 0.000000000000000000, 0.7071067811865414665, 0.7071067811865536790 ) ) ;
#5180 = CONICAL_SURFACE ( 'NONE', #4706, 3.999999999999996447, 0.7853981633974496113 ) ;
#5181 = VECTOR ( 'NONE', #4989, 999.9999999999998863 ) ;
#5182 = FACE_OUTER_BOUND ( 'NONE', #5722, .T. ) ;
#5183 = COORDINATED_UNIVERSAL_TIME_OFFSET ( 8, 0, .AHEAD. ) ;
#5184 = ORIENTED_EDGE ( 'NONE', *, *, #4275, .F. ) ;
#5185 = DIRECTION ( 'NONE',  ( 0.000000000000000000, 0.000000000000000000, 1.000000000000000000 ) ) ;
#5186 = DIRECTION ( 'NONE',  ( -1.000000000000000000, 0.000000000000000000, -0.000000000000000000 ) ) ;
#5187 = VECTOR ( 'NONE', #3312, 1000.000000000000000 ) ;
#5188 = EDGE_CURVE ( 'NONE', #121, #4746, #2491, .T. ) ;
#5189 = VECTOR ( 'NONE', #28, 1000.000000000000114 ) ;
#5190 = DIRECTION ( 'NONE',  ( 0.000000000000000000, 0.000000000000000000, 1.000000000000000000 ) ) ;
#5191 = PRODUCT_DEFINITION_FORMATION_WITH_SPECIFIED_SOURCE ( 'ä»', '', #3663, .NOT_KNOWN. ) ;
#5192 = CARTESIAN_POINT ( 'NONE',  ( 31.25000000000008882, 3.000000000000000000, 31.24999999999999645 ) ) ;
#5193 = ORIENTED_EDGE ( 'NONE', *, *, #3352, .F. ) ;
#5194 = FACE_BOUND ( 'NONE', #2971, .T. ) ;
#5195 = EDGE_LOOP ( 'NONE', ( #4311, #3965, #4536, #5339 ) ) ;
#5196 = VERTEX_POINT ( 'NONE', #1977 ) ;
#5197 = DIRECTION ( 'NONE',  ( -0.000000000000000000, -1.000000000000000000, -0.000000000000000000 ) ) ;
#5198 = DIRECTION ( 'NONE',  ( 0.000000000000000000, -0.000000000000000000, 1.000000000000000000 ) ) ;
#5199 = ORIENTED_EDGE ( 'NONE', *, *, #3881, .F. ) ;
#5200 = DIRECTION ( 'NONE',  ( -0.000000000000000000, -1.000000000000000000, -0.000000000000000000 ) ) ;
#5201 = LINE ( 'NONE', #6782, #7199 ) ;
#5202 = VERTEX_POINT ( 'NONE', #7031 ) ;
#5203 = DIRECTION ( 'NONE',  ( 0.000000000000000000, 1.000000000000000000, 0.000000000000000000 ) ) ;
#5204 = VERTEX_POINT ( 'NONE', #1942 ) ;
#5205 = CIRCLE ( 'NONE', #7339, 1.650000000000002132 ) ;
#5206 = CIRCLE ( 'NONE', #3196, 2.149999999999874234 ) ;
#5207 = EDGE_CURVE ( 'NONE', #4905, #2788, #721, .T. ) ;
#5208 = CARTESIAN_POINT ( 'NONE',  ( -31.25000000000000000, 0.000000000000000000, 16.60000000000009379 ) ) ;
#5209 = CARTESIAN_POINT ( 'NONE',  ( -18.75000000000000355, 7.499999999999998224, 6.250000000000043521 ) ) ;
#5210 = ORIENTED_EDGE ( 'NONE', *, *, #6866, .F. ) ;
#5211 = AXIS2_PLACEMENT_3D ( 'NONE', #3807, #2503, #345 ) ;
#5212 = FACE_OUTER_BOUND ( 'NONE', #4255, .T. ) ;
#5213 = CC_DESIGN_PERSON_AND_ORGANIZATION_ASSIGNMENT ( #6460, #173, ( #5191 ) ) ;
#5214 = VECTOR ( 'NONE', #2249, 1000.000000000000000 ) ;
#5215 = ORIENTED_EDGE ( 'NONE', *, *, #4948, .T. ) ;
#5216 = ADVANCED_FACE ( 'NONE', ( #1383, #3524 ), #3633, .T. ) ;
#5217 = EDGE_CURVE ( 'NONE', #3095, #4690, #821, .T. ) ;
#5218 = CARTESIAN_POINT ( 'NONE',  ( -39.00000000000000711, 0.000000000000000000, -35.00000000000000711 ) ) ;
#5219 = CIRCLE ( 'NONE', #3798, 1.649999999999998579 ) ;
#5220 = AXIS2_PLACEMENT_3D ( 'NONE', #6213, #1087, #5045 ) ;
#5221 = LINE ( 'NONE', #3992, #740 ) ;
#5222 = DIRECTION ( 'NONE',  ( 0.000000000000000000, 0.000000000000000000, 1.000000000000000000 ) ) ;
#5223 = VERTEX_POINT ( 'NONE', #5276 ) ;
#5224 = FACE_OUTER_BOUND ( 'NONE', #6926, .T. ) ;
#5225 = LINE ( 'NONE', #4109, #4967 ) ;
#5226 = ADVANCED_FACE ( 'NONE', ( #7065 ), #4638, .F. ) ;
#5227 = CIRCLE ( 'NONE', #4661, 1.650000000000002132 ) ;
#5228 = CONICAL_SURFACE ( 'NONE', #5827, 2.149999999999856914, 0.7853981633974341792 ) ;
#5229 = LINE ( 'NONE', #1784, #144 ) ;
#5230 = DIRECTION ( 'NONE',  ( -0.000000000000000000, -1.000000000000000000, -0.000000000000000000 ) ) ;
#5231 = AXIS2_PLACEMENT_3D ( 'NONE', #707, #3459, #1236 ) ;
#5232 = ORIENTED_EDGE ( 'NONE', *, *, #282, .T. ) ;
#5233 = FACE_BOUND ( 'NONE', #3848, .T. ) ;
#5234 = CONICAL_SURFACE ( 'NONE', #5479, 3.900000000000000799, 0.7853981633974482790 ) ;
#5235 = EDGE_LOOP ( 'NONE', ( #7280, #7178, #416, #5944 ) ) ;
#5236 = VECTOR ( 'NONE', #6876, 1000.000000000000000 ) ;
#5237 = AXIS2_PLACEMENT_3D ( 'NONE', #1316, #1543, #5435 ) ;
#5238 = DIRECTION ( 'NONE',  ( -0.000000000000000000, 1.000000000000000000, -0.000000000000000000 ) ) ;
#5239 = DIRECTION ( 'NONE',  ( 0.000000000000000000, 1.000000000000000000, 0.000000000000000000 ) ) ;
#5240 = ORIENTED_EDGE ( 'NONE', *, *, #6096, .T. ) ;
#5241 = CARTESIAN_POINT ( 'NONE',  ( 18.75000000000000355, -2.000000000000000000, -16.25000000000004263 ) ) ;
#5242 = DIRECTION ( 'NONE',  ( 1.000000000000000000, 0.000000000000000000, 0.000000000000000000 ) ) ;
#5243 = ORIENTED_EDGE ( 'NONE', *, *, #3171, .F. ) ;
#5244 = CARTESIAN_POINT ( 'NONE',  ( 18.75000000000000355, 7.499999999999998224, -6.250000000000041744 ) ) ;
#5245 = ORIENTED_EDGE ( 'NONE', *, *, #7226, .T. ) ;
#5246 = VECTOR ( 'NONE', #6124, 999.9999999999998863 ) ;
#5247 = AXIS2_PLACEMENT_3D ( 'NONE', #3526, #43, #2936 ) ;
#5248 = CARTESIAN_POINT ( 'NONE',  ( -31.24999999999999289, 3.000000000000000000, 33.65000000000009095 ) ) ;
#5249 = CARTESIAN_POINT ( 'NONE',  ( 31.25000000000000000, 7.499999999999998224, -4.600000000000083134 ) ) ;
#5250 = CYLINDRICAL_SURFACE ( 'NONE', #6499, 1.649999999999995248 ) ;
#5251 = ORIENTED_EDGE ( 'NONE', *, *, #7045, .F. ) ;
#5252 = ORIENTED_EDGE ( 'NONE', *, *, #5516, .F. ) ;
#5253 = LINE ( 'NONE', #762, #2253 ) ;
#5254 = EDGE_CURVE ( 'NONE', #3257, #3845, #1673, .T. ) ;
#5255 = VERTEX_POINT ( 'NONE', #1864 ) ;
#5256 = LINE ( 'NONE', #241, #4414 ) ;
#5257 = AXIS2_PLACEMENT_3D ( 'NONE', #393, #4332, #947 ) ;
#5258 = EDGE_LOOP ( 'NONE', ( #1124, #476 ) ) ;
#5259 = DIRECTION ( 'NONE',  ( 0.000000000000000000, 1.000000000000000000, 0.000000000000000000 ) ) ;
#5260 = PERSON_AND_ORGANIZATION ( #3223, #5072 ) ;
#5261 = ORIENTED_EDGE ( 'NONE', *, *, #269, .F. ) ;
#5262 = CARTESIAN_POINT ( 'NONE',  ( 18.75000000000000355, 7.499999999999987566, -21.25000000000003908 ) ) ;
#5263 = EDGE_CURVE ( 'NONE', #2294, #238, #3670, .T. ) ;
#5264 = DIRECTION ( 'NONE',  ( -0.000000000000000000, 1.000000000000000000, -0.000000000000000000 ) ) ;
#5265 = EDGE_CURVE ( 'NONE', #4658, #2845, #1790, .T. ) ;
#5266 = CIRCLE ( 'NONE', #6934, 2.150000000000012790 ) ;
#5267 = EDGE_CURVE ( 'NONE', #6421, #816, #4872, .T. ) ;
#5268 = CARTESIAN_POINT ( 'NONE',  ( -6.249999999999998224, 0.5000000000000065503, -4.599999999999999645 ) ) ;
#5269 = LINE ( 'NONE', #6917, #6861 ) ;
#5270 = AXIS2_PLACEMENT_3D ( 'NONE', #4232, #5383, #3661 ) ;
#5271 = ORIENTED_EDGE ( 'NONE', *, *, #185, .T. ) ;
#5272 = FACE_BOUND ( 'NONE', #2615, .T. ) ;
#5273 = ORIENTED_EDGE ( 'NONE', *, *, #1575, .T. ) ;
#5274 = CIRCLE ( 'NONE', #58, 2.150000000000012790 ) ;
#5275 = DIRECTION ( 'NONE',  ( 0.000000000000000000, 1.000000000000000000, 0.000000000000000000 ) ) ;
#5276 = CARTESIAN_POINT ( 'NONE',  ( -6.250000000000040856, 0.000000000000000000, -20.90000000000000213 ) ) ;
#5277 = ORIENTED_EDGE ( 'NONE', *, *, #1451, .T. ) ;
#5278 = LINE ( 'NONE', #3565, #6792 ) ;
#5279 = CARTESIAN_POINT ( 'NONE',  ( -31.25000000000008171, 0.000000000000000000, -31.25000000000000000 ) ) ;
#5280 = ORIENTED_EDGE ( 'NONE', *, *, #2689, .F. ) ;
#5281 = DIRECTION ( 'NONE',  ( 0.000000000000000000, 0.000000000000000000, -1.000000000000000000 ) ) ;
#5282 = ORIENTED_EDGE ( 'NONE', *, *, #763, .T. ) ;
#5283 = EDGE_CURVE ( 'NONE', #7114, #2159, #5470, .T. ) ;
#5284 = DIRECTION ( 'NONE',  ( 0.000000000000000000, 0.000000000000000000, 1.000000000000000000 ) ) ;
#5285 = DIRECTION ( 'NONE',  ( 0.000000000000000000, 1.000000000000000000, 0.000000000000000000 ) ) ;
#5286 = CARTESIAN_POINT ( 'NONE',  ( 6.250000000000043521, 0.000000000000000000, 18.75000000000000355 ) ) ;
#5287 = ORIENTED_EDGE ( 'NONE', *, *, #178, .F. ) ;
#5288 = ORIENTED_EDGE ( 'NONE', *, *, #1263, .F. ) ;
#5289 = EDGE_LOOP ( 'NONE', ( #1250, #1648, #1722, #4065 ) ) ;
#5290 = CARTESIAN_POINT ( 'NONE',  ( 31.25000000000004263, 8.000000000000000000, 18.74999999999999645 ) ) ;
#5291 = FACE_OUTER_BOUND ( 'NONE', #3962, .T. ) ;
#5292 = DIRECTION ( 'NONE',  ( 0.000000000000000000, 0.000000000000000000, 1.000000000000000000 ) ) ;
#5293 = ORIENTED_EDGE ( 'NONE', *, *, #5879, .T. ) ;
#5294 = EDGE_CURVE ( 'NONE', #497, #1918, #6591, .T. ) ;
#5295 = AXIS2_PLACEMENT_3D ( 'NONE', #1200, #2279, #2349 ) ;
#5296 = DIRECTION ( 'NONE',  ( 1.000000000000000000, 0.000000000000000000, 0.000000000000000000 ) ) ;
#5297 = VERTEX_POINT ( 'NONE', #2088 ) ;
#5298 = DIRECTION ( 'NONE',  ( -0.000000000000000000, -1.000000000000000000, -0.000000000000000000 ) ) ;
#5299 = CARTESIAN_POINT ( 'NONE',  ( 31.25000000000004263, 0.5000000000000073275, 17.09999999999999432 ) ) ;
#5300 = AXIS2_PLACEMENT_3D ( 'NONE', #5606, #2819, #6842 ) ;
#5301 = AXIS2_PLACEMENT_3D ( 'NONE', #4489, #6764, #3334 ) ;
#5302 = EDGE_CURVE ( 'NONE', #4701, #6260, #6787, .T. ) ;
#5303 = EDGE_CURVE ( 'NONE', #3705, #5670, #7208, .T. ) ;
#5304 = DIRECTION ( 'NONE',  ( 8.659560562354984627E-17, -0.7071067811865434649, 0.7071067811865516806 ) ) ;
#5305 = CARTESIAN_POINT ( 'NONE',  ( 31.25000000000004263, 0.000000000000000000, 16.59999999999999787 ) ) ;
#5306 = ORIENTED_EDGE ( 'NONE', *, *, #4591, .T. ) ;
#5307 = FACE_OUTER_BOUND ( 'NONE', #5195, .T. ) ;
#5308 = ORIENTED_EDGE ( 'NONE', *, *, #5847, .F. ) ;
#5309 = AXIS2_PLACEMENT_3D ( 'NONE', #4310, #3260, #6584 ) ;
#5310 = ORIENTED_EDGE ( 'NONE', *, *, #3669, .T. ) ;
#5311 = VECTOR ( 'NONE', #719, 1000.000000000000000 ) ;
#5313 = ADVANCED_FACE ( 'NONE', ( #1463 ), #2737, .F. ) ;
#5312 = CC_DESIGN_DATE_AND_TIME_ASSIGNMENT ( #5747, #1815, ( #4841 ) ) ;
#5314 = EDGE_CURVE ( 'NONE', #4022, #4679, #1440, .T. ) ;
#5315 = CIRCLE ( 'NONE', #809, 1.650000000000003020 ) ;
#5316 = CARTESIAN_POINT ( 'NONE',  ( 31.25000000000000000, 7.499999999999998224, -7.900000000000089173 ) ) ;
#5317 = EDGE_CURVE ( 'NONE', #5636, #5196, #2037, .T. ) ;
#5318 = DIRECTION ( 'NONE',  ( -0.000000000000000000, -1.000000000000000000, -0.000000000000000000 ) ) ;
#5319 = ORIENTED_EDGE ( 'NONE', *, *, #1037, .F. ) ;
#5320 = DIRECTION ( 'NONE',  ( 0.000000000000000000, 0.000000000000000000, 1.000000000000000000 ) ) ;
#5321 = LINE ( 'NONE', #5954, #2451 ) ;
#5322 = ORIENTED_EDGE ( 'NONE', *, *, #5421, .F. ) ;
#5323 = LINE ( 'NONE', #2062, #3367 ) ;
#5324 = VERTEX_POINT ( 'NONE', #5424 ) ;
#5325 = EDGE_CURVE ( 'NONE', #2869, #6286, #2263, .T. ) ;
#5326 = CARTESIAN_POINT ( 'NONE',  ( -31.24999999999986500, 0.000000000000000000, -4.100000000000123990 ) ) ;
#5327 = DIRECTION ( 'NONE',  ( 0.000000000000000000, 0.000000000000000000, -1.000000000000000000 ) ) ;
#5328 = CYLINDRICAL_SURFACE ( 'NONE', #5718, 1.650000000000003020 ) ;
#5329 = DIRECTION ( 'NONE',  ( -0.000000000000000000, -1.000000000000000000, -0.000000000000000000 ) ) ;
#5330 = EDGE_LOOP ( 'NONE', ( #4871, #444, #6325, #4449 ) ) ;
#5331 = ORIENTED_EDGE ( 'NONE', *, *, #6271, .T. ) ;
#5332 = EDGE_CURVE ( 'NONE', #1885, #3062, #5104, .T. ) ;
#5333 = CONICAL_SURFACE ( 'NONE', #2835, 1.649999999999998579, 0.7853981633974432830 ) ;
#5334 = DIRECTION ( 'NONE',  ( 0.000000000000000000, 0.000000000000000000, 1.000000000000000000 ) ) ;
#5335 = DIRECTION ( 'NONE',  ( 0.000000000000000000, 0.000000000000000000, 1.000000000000000000 ) ) ;
#5336 = EDGE_LOOP ( 'NONE', ( #2421, #5604, #883, #2926 ) ) ;
#5337 = VECTOR ( 'NONE', #2002, 1000.000000000000000 ) ;
#5338 = CALENDAR_DATE ( 2026, 21, 8 ) ;
#5339 = ORIENTED_EDGE ( 'NONE', *, *, #3133, .F. ) ;
#5340 = DIRECTION ( 'NONE',  ( 0.000000000000000000, 1.000000000000000000, 0.000000000000000000 ) ) ;
#5341 = LINE ( 'NONE', #4673, #1779 ) ;
#5342 = CIRCLE ( 'NONE', #956, 3.900000000000000799 ) ;
#5343 = CONICAL_SURFACE ( 'NONE', #3432, 3.999999999999982681, 0.7853981633974496113 ) ;
#5344 = LINE ( 'NONE', #292, #5836 ) ;
#5345 = DIRECTION ( 'NONE',  ( 0.000000000000000000, -0.7071067811865574537, -0.7071067811865374697 ) ) ;
#5346 = VERTEX_POINT ( 'NONE', #3234 ) ;
#5347 = DIRECTION ( 'NONE',  ( 0.000000000000000000, 0.000000000000000000, 1.000000000000000000 ) ) ;
#5348 = VECTOR ( 'NONE', #6708, 1000.000000000000000 ) ;
#5349 = ORIENTED_EDGE ( 'NONE', *, *, #6969, .T. ) ;
#5350 = AXIS2_PLACEMENT_3D ( 'NONE', #6777, #3343, #6071 ) ;
#5351 = EDGE_CURVE ( 'NONE', #6690, #3214, #4750, .T. ) ;
#5352 = LINE ( 'NONE', #747, #6673 ) ;
#5353 = VECTOR ( 'NONE', #483, 1000.000000000000000 ) ;
#5354 = DIRECTION ( 'NONE',  ( 0.000000000000000000, 0.000000000000000000, 1.000000000000000000 ) ) ;
#5355 = EDGE_LOOP ( 'NONE', ( #4441, #482 ) ) ;
#5356 = CARTESIAN_POINT ( 'NONE',  ( -6.249999999999996447, 0.000000000000000000, 18.75000000000000000 ) ) ;
#5357 = DIRECTION ( 'NONE',  ( 8.659560562354860135E-17, -0.7071067811865533459, 0.7071067811865416886 ) ) ;
#5358 = ORIENTED_EDGE ( 'NONE', *, *, #1862, .F. ) ;
#5359 = CARTESIAN_POINT ( 'NONE',  ( 6.249999999999998224, -2.000000000000000000, 7.900000000000002132 ) ) ;
#5360 = ORIENTED_EDGE ( 'NONE', *, *, #5622, .F. ) ;
#5361 = ADVANCED_FACE ( 'NONE', ( #6553 ), #377, .F. ) ;
#5362 = VECTOR ( 'NONE', #1891, 1000.000000000000114 ) ;
#5363 = EDGE_CURVE ( 'NONE', #7321, #4578, #6427, .T. ) ;
#5364 = CIRCLE ( 'NONE', #2274, 2.150000000000013678 ) ;
#5365 = CARTESIAN_POINT ( 'NONE',  ( 34.99999999999999289, 8.000000000000000000, 39.99999999999999289 ) ) ;
#5366 = CARTESIAN_POINT ( 'NONE',  ( 31.25000000000004263, -2.000000000000000000, 18.74999999999999645 ) ) ;
#5367 = CARTESIAN_POINT ( 'NONE',  ( 18.75000000000000355, 0.000000000000000000, -21.75000000000004263 ) ) ;
#5368 = DIRECTION ( 'NONE',  ( 0.000000000000000000, -0.7071067811865441310, -0.7071067811865507924 ) ) ;
#5369 = EDGE_CURVE ( 'NONE', #2768, #2165, #4159, .T. ) ;
#5370 = AXIS2_PLACEMENT_3D ( 'NONE', #402, #7299, #4379 ) ;
#5371 = EDGE_LOOP ( 'NONE', ( #307, #4887 ) ) ;
#5372 = AXIS2_PLACEMENT_3D ( 'NONE', #3422, #6118, #5696 ) ;
#5373 = ORIENTED_EDGE ( 'NONE', *, *, #1051, .F. ) ;
#5374 = FACE_OUTER_BOUND ( 'NONE', #6437, .T. ) ;
#5375 = CARTESIAN_POINT ( 'NONE',  ( 18.75000000000008882, 0.5000000000000204281, 31.24999999999999645 ) ) ;
#5376 = ORIENTED_EDGE ( 'NONE', *, *, #3642, .F. ) ;
#5377 = ORIENTED_EDGE ( 'NONE', *, *, #4181, .F. ) ;
#5378 = DIRECTION ( 'NONE',  ( 0.000000000000000000, 0.000000000000000000, 1.000000000000000000 ) ) ;
#5379 = CARTESIAN_POINT ( 'NONE',  ( 6.250000000000000000, -2.000000000000000000, -4.599999999999996092 ) ) ;
#5380 = CARTESIAN_POINT ( 'NONE',  ( -35.00000000000000711, 8.000000000000000000, -35.00000000000000711 ) ) ;
#5381 = CARTESIAN_POINT ( 'NONE',  ( 6.250000000000088818, -2.000000000000000000, 32.90000000000000568 ) ) ;
#5382 = ORIENTED_EDGE ( 'NONE', *, *, #3453, .F. ) ;
#5383 = DIRECTION ( 'NONE',  ( 0.000000000000000000, 1.000000000000000000, 0.000000000000000000 ) ) ;
#5384 = VERTEX_POINT ( 'NONE', #2015 ) ;
#5385 = CIRCLE ( 'NONE', #1352, 1.650000000000002132 ) ;
#5386 = DIRECTION ( 'NONE',  ( 0.000000000000000000, 1.000000000000000000, 0.000000000000000000 ) ) ;
#5387 = VECTOR ( 'NONE', #4726, 1000.000000000000000 ) ;
#5388 = DIRECTION ( 'NONE',  ( 0.000000000000000000, 1.000000000000000000, 0.000000000000000000 ) ) ;
#5389 = ORIENTED_EDGE ( 'NONE', *, *, #1471, .F. ) ;
#5390 = FACE_OUTER_BOUND ( 'NONE', #2125, .T. ) ;
#5391 = CYLINDRICAL_SURFACE ( 'NONE', #3748, 1.649999999999861577 ) ;
#5392 = ORIENTED_EDGE ( 'NONE', *, *, #4226, .F. ) ;
#5393 = DIRECTION ( 'NONE',  ( 0.000000000000000000, -0.000000000000000000, 1.000000000000000000 ) ) ;
#5394 = EDGE_CURVE ( 'NONE', #4697, #6357, #6100, .T. ) ;
#5395 = ORIENTED_EDGE ( 'NONE', *, *, #3866, .F. ) ;
#5396 = VECTOR ( 'NONE', #256, 1000.000000000000000 ) ;
#5397 = CARTESIAN_POINT ( 'NONE',  ( 18.75000000000004263, 0.000000000000000000, 21.75000000000000355 ) ) ;
#5398 = EDGE_CURVE ( 'NONE', #6191, #1896, #3710, .T. ) ;
#5399 = CARTESIAN_POINT ( 'NONE',  ( 35.00000000000000000, 8.000000000000000000, -38.99999999999999289 ) ) ;
#5400 = CARTESIAN_POINT ( 'NONE',  ( 6.249999999999996447, 7.500000000000005329, -31.24999999999986500 ) ) ;
#5401 = DIRECTION ( 'NONE',  ( 0.000000000000000000, 0.000000000000000000, 1.000000000000000000 ) ) ;
#5402 = AXIS2_PLACEMENT_3D ( 'NONE', #7302, #2220, #6273 ) ;
#5403 = ORIENTED_EDGE ( 'NONE', *, *, #6306, .F. ) ;
#5404 = CARTESIAN_POINT ( 'NONE',  ( -6.249999999999996447, 8.000000000000000000, 18.75000000000000000 ) ) ;
#5405 = EDGE_LOOP ( 'NONE', ( #5877, #1211, #3026, #4794 ) ) ;
#5406 = ORIENTED_EDGE ( 'NONE', *, *, #817, .F. ) ;
#5407 = ADVANCED_FACE ( 'NONE', ( #2709 ), #6544, .F. ) ;
#5408 = DIRECTION ( 'NONE',  ( -0.000000000000000000, 1.000000000000000000, -0.000000000000000000 ) ) ;
#5409 = DIRECTION ( 'NONE',  ( -0.000000000000000000, -1.000000000000000000, -0.000000000000000000 ) ) ;
#5411 = ORIENTED_EDGE ( 'NONE', *, *, #5621, .T. ) ;
#5410 = EDGE_CURVE ( 'NONE', #427, #5010, #4384, .T. ) ;
#5412 = VERTEX_POINT ( 'NONE', #4968 ) ;
#5413 = CARTESIAN_POINT ( 'NONE',  ( -6.249999999999999112, 8.000000000000000000, 4.099999999999985434 ) ) ;
#5414 = CARTESIAN_POINT ( 'NONE',  ( 39.99999999999999289, 1.000000000000000888, 35.00000000000000000 ) ) ;
#5415 = AXIS2_PLACEMENT_3D ( 'NONE', #758, #5887, #3019 ) ;
#5416 = CARTESIAN_POINT ( 'NONE',  ( -18.75000000000004263, 7.499999999999987566, -21.25000000000000000 ) ) ;
#5417 = CARTESIAN_POINT ( 'NONE',  ( 6.249999999999998224, 7.499999999999998224, -20.40000000000000213 ) ) ;
#5418 = VERTEX_POINT ( 'NONE', #7240 ) ;
#5419 = DIRECTION ( 'NONE',  ( 0.000000000000000000, 0.000000000000000000, 1.000000000000000000 ) ) ;
#5420 = ORIENTED_EDGE ( 'NONE', *, *, #51, .T. ) ;
#5421 = EDGE_CURVE ( 'NONE', #3412, #6148, #2215, .T. ) ;
#5422 = AXIS2_PLACEMENT_3D ( 'NONE', #3481, #1926, #3730 ) ;
#5423 = LINE ( 'NONE', #1418, #7135 ) ;
#5424 = CARTESIAN_POINT ( 'NONE',  ( -31.24999999999999289, 7.500000000000000888, 35.15000000000009095 ) ) ;
#5425 = ORIENTED_EDGE ( 'NONE', *, *, #6089, .F. ) ;
#5426 = DIRECTION ( 'NONE',  ( -0.000000000000000000, -1.000000000000000000, -0.000000000000000000 ) ) ;
#5427 = CIRCLE ( 'NONE', #2929, 1.649999999999998579 ) ;
#5428 = DIRECTION ( 'NONE',  ( 0.000000000000000000, 0.7071067811865415775, 0.7071067811865535679 ) ) ;
#5429 = AXIS2_PLACEMENT_3D ( 'NONE', #4663, #3469, #1729 ) ;
#5430 = ORIENTED_EDGE ( 'NONE', *, *, #6336, .T. ) ;
#5431 = CARTESIAN_POINT ( 'NONE',  ( -31.25000000000000000, 8.000000000000000000, 16.60000000000006537 ) ) ;
#5432 = ORIENTED_EDGE ( 'NONE', *, *, #4490, .T. ) ;
#5433 = LINE ( 'NONE', #5397, #708 ) ;
#5434 = DIRECTION ( 'NONE',  ( -0.000000000000000000, -1.000000000000000000, -0.000000000000000000 ) ) ;
#5435 = DIRECTION ( 'NONE',  ( 0.000000000000000000, 0.000000000000000000, 1.000000000000000000 ) ) ;
#5436 = DIRECTION ( 'NONE',  ( 0.000000000000000000, 1.000000000000000000, 0.000000000000000000 ) ) ;
#5437 = ORIENTED_EDGE ( 'NONE', *, *, #4359, .F. ) ;
#5438 = DIRECTION ( 'NONE',  ( -0.000000000000000000, -1.000000000000000000, -0.000000000000000000 ) ) ;
#5439 = LOCAL_TIME ( 10, 59, 10.00000000000000000, #4669 ) ;
#5440 = ORIENTED_EDGE ( 'NONE', *, *, #2679, .T. ) ;
#5441 = ORIENTED_EDGE ( 'NONE', *, *, #3313, .T. ) ;
#5442 = EDGE_CURVE ( 'NONE', #208, #5418, #1869, .T. ) ;
#5443 = DIRECTION ( 'NONE',  ( 0.000000000000000000, 0.000000000000000000, 1.000000000000000000 ) ) ;
#5444 = DIRECTION ( 'NONE',  ( 8.659560562354919300E-17, -0.7071067811865487940, 0.7071067811865463515 ) ) ;
#5445 = VERTEX_POINT ( 'NONE', #6239 ) ;
#5446 = ORIENTED_EDGE ( 'NONE', *, *, #1669, .F. ) ;
#5447 = FACE_OUTER_BOUND ( 'NONE', #4017, .T. ) ;
#5448 = PLANE ( 'NONE',  #7003 ) ;
#5449 = EDGE_CURVE ( 'NONE', #487, #3592, #1188, .T. ) ;
#5450 = EDGE_CURVE ( 'NONE', #5731, #4897, #548, .T. ) ;
#5451 = CIRCLE ( 'NONE', #6048, 3.900000000000000799 ) ;
#5452 = CARTESIAN_POINT ( 'NONE',  ( -6.249999999999998224, -2.000000000000000000, -6.250000000000000000 ) ) ;
#5453 = CARTESIAN_POINT ( 'NONE',  ( 18.75000000000008882, 0.5000000000000204281, 32.89999999999999858 ) ) ;
#5454 = EDGE_CURVE ( 'NONE', #2414, #7195, #4939, .T. ) ;
#5455 = ORIENTED_EDGE ( 'NONE', *, *, #3031, .T. ) ;
#5456 = LINE ( 'NONE', #3706, #6232 ) ;
#5457 = VERTEX_POINT ( 'NONE', #67 ) ;
#5458 = VECTOR ( 'NONE', #1950, 1000.000000000000000 ) ;
#5459 = CONICAL_SURFACE ( 'NONE', #361, 2.499999999999995115, 0.7853981633974400633 ) ;
#5460 = CYLINDRICAL_SURFACE ( 'NONE', #2385, 5.000000000000000888 ) ;
#5461 = CARTESIAN_POINT ( 'NONE',  ( 6.249999999999998224, 7.499999999999998224, -18.75000000000000000 ) ) ;
#5462 = EDGE_LOOP ( 'NONE', ( #6793, #2653, #5358, #7082 ) ) ;
#5463 = CARTESIAN_POINT ( 'NONE',  ( 35.00000000000000000, 6.999999999999985789, -35.00000000000000711 ) ) ;
#5464 = AXIS2_PLACEMENT_3D ( 'NONE', #4979, #1053, #3309 ) ;
#5465 = DIRECTION ( 'NONE',  ( 0.000000000000000000, 1.000000000000000000, 0.000000000000000000 ) ) ;
#5466 = ORIENTED_EDGE ( 'NONE', *, *, #1776, .T. ) ;
#5467 = DIRECTION ( 'NONE',  ( 0.000000000000000000, -0.7071067811865417996, -0.7071067811865531239 ) ) ;
#5468 = CIRCLE ( 'NONE', #6422, 2.399999999999999467 ) ;
#5469 = ORIENTED_EDGE ( 'NONE', *, *, #1138, .T. ) ;
#5470 = CIRCLE ( 'NONE', #3560, 1.650000000000002132 ) ;
#5471 = VECTOR ( 'NONE', #5143, 1000.000000000000114 ) ;
#5472 = DIRECTION ( 'NONE',  ( 0.000000000000000000, 0.000000000000000000, -1.000000000000000000 ) ) ;
#5473 = DIRECTION ( 'NONE',  ( -0.000000000000000000, 1.000000000000000000, -0.000000000000000000 ) ) ;
#5474 = DIRECTION ( 'NONE',  ( 0.000000000000000000, 0.000000000000000000, 1.000000000000000000 ) ) ;
#5475 = CARTESIAN_POINT ( 'NONE',  ( 18.75000000000000000, 7.500000000000005329, 7.899999999999994138 ) ) ;
#5476 = ORIENTED_EDGE ( 'NONE', *, *, #4545, .F. ) ;
#5477 = CARTESIAN_POINT ( 'NONE',  ( -6.250000000000040856, 0.5000000000000095479, -17.10000000000000497 ) ) ;
#5478 = ORIENTED_EDGE ( 'NONE', *, *, #3811, .T. ) ;
#5479 = AXIS2_PLACEMENT_3D ( 'NONE', #3210, #7080, #5482 ) ;
#5480 = AXIS2_PLACEMENT_3D ( 'NONE', #4309, #2446, #6583 ) ;
#5481 = AXIS2_PLACEMENT_3D ( 'NONE', #196, #4176, #3574 ) ;
#5482 = DIRECTION ( 'NONE',  ( 0.000000000000000000, 0.000000000000000000, 1.000000000000000000 ) ) ;
#5483 = DIRECTION ( 'NONE',  ( -0.000000000000000000, -1.000000000000000000, -0.000000000000000000 ) ) ;
#5484 = EDGE_LOOP ( 'NONE', ( #2938, #6444, #2437, #1287 ) ) ;
#5485 = DIRECTION ( 'NONE',  ( 0.000000000000000000, 0.000000000000000000, 1.000000000000000000 ) ) ;
#5486 = EDGE_CURVE ( 'NONE', #7102, #258, #5177, .T. ) ;
#5487 = LINE ( 'NONE', #4850, #588 ) ;
#5488 = VECTOR ( 'NONE', #4924, 1000.000000000000000 ) ;
#5489 = EDGE_CURVE ( 'NONE', #4196, #5223, #1783, .T. ) ;
#5490 = DIRECTION ( 'NONE',  ( 0.000000000000000000, 0.000000000000000000, 1.000000000000000000 ) ) ;
#5491 = DIRECTION ( 'NONE',  ( 0.000000000000000000, 0.000000000000000000, 1.000000000000000000 ) ) ;
#5492 = EDGE_LOOP ( 'NONE', ( #6846, #316, #2509, #2448 ) ) ;
#5493 = LINE ( 'NONE', #2743, #2789 ) ;
#5494 = ADVANCED_FACE ( 'NONE', ( #3299 ), #3404, .F. ) ;
#5495 = EDGE_LOOP ( 'NONE', ( #5392, #6398, #5119, #3537 ) ) ;
#5496 = DIRECTION ( 'NONE',  ( -0.000000000000000000, -1.000000000000000000, -0.000000000000000000 ) ) ;
#5497 = DIRECTION ( 'NONE',  ( 0.000000000000000000, 0.000000000000000000, 1.000000000000000000 ) ) ;
#5498 = ORIENTED_EDGE ( 'NONE', *, *, #3623, .F. ) ;
#5499 = DIRECTION ( 'NONE',  ( 0.000000000000000000, 0.000000000000000000, 1.000000000000000000 ) ) ;
#5500 = DIRECTION ( 'NONE',  ( 0.000000000000000000, 0.000000000000000000, 1.000000000000000000 ) ) ;
#5501 = AXIS2_PLACEMENT_3D ( 'NONE', #6907, #6641, #990 ) ;
#5502 = ORIENTED_EDGE ( 'NONE', *, *, #6228, .T. ) ;
#5503 = DIRECTION ( 'NONE',  ( 0.000000000000000000, -0.7071067811865434649, -0.7071067811865516806 ) ) ;
#5504 = EDGE_CURVE ( 'NONE', #2450, #3264, #80, .T. ) ;
#5505 = EDGE_LOOP ( 'NONE', ( #5811, #6159 ) ) ;
#5506 = AXIS2_PLACEMENT_3D ( 'NONE', #119, #1760, #1202 ) ;
#5507 = CARTESIAN_POINT ( 'NONE',  ( -18.75000000000000000, 0.000000000000000000, -8.399999999999986144 ) ) ;
#5508 = DIRECTION ( 'NONE',  ( -0.000000000000000000, -1.000000000000000000, -0.000000000000000000 ) ) ;
#5509 = DIRECTION ( 'NONE',  ( 8.659560562354918067E-17, -0.7071067811865487940, 0.7071067811865463515 ) ) ;
#5510 = DIRECTION ( 'NONE',  ( 0.000000000000000000, 0.000000000000000000, 1.000000000000000000 ) ) ;
#5511 = ORIENTED_EDGE ( 'NONE', *, *, #838, .F. ) ;
#5512 = CARTESIAN_POINT ( 'NONE',  ( 31.25000000000004263, 8.000000000000000000, 20.90000000000000924 ) ) ;
#5513 = ORIENTED_EDGE ( 'NONE', *, *, #5303, .T. ) ;
#5514 = ORIENTED_EDGE ( 'NONE', *, *, #7303, .F. ) ;
#5515 = VECTOR ( 'NONE', #4245, 1000.000000000000000 ) ;
#5516 = EDGE_CURVE ( 'NONE', #4748, #816, #1074, .T. ) ;
#5517 = CONICAL_SURFACE ( 'NONE', #5630, 1.649999999999998579, 0.7853981633974432830 ) ;
#5518 = DIRECTION ( 'NONE',  ( -0.000000000000000000, -1.000000000000000000, -0.000000000000000000 ) ) ;
#5519 = LINE ( 'NONE', #1060, #5181 ) ;
#5520 = EDGE_LOOP ( 'NONE', ( #5677, #6243 ) ) ;
#5521 = CYLINDRICAL_SURFACE ( 'NONE', #4966, 1.649999999999996136 ) ;
#5522 = DIRECTION ( 'NONE',  ( -0.000000000000000000, 1.000000000000000000, -0.000000000000000000 ) ) ;
#5523 = ORIENTED_EDGE ( 'NONE', *, *, #6181, .T. ) ;
#5524 = CARTESIAN_POINT ( 'NONE',  ( 6.249999999999998224, 8.000000000000000000, -18.75000000000000000 ) ) ;
#5525 = CARTESIAN_POINT ( 'NONE',  ( 31.25000000000000000, 3.000000000000000000, -33.65000000000008384 ) ) ;
#5526 = ORIENTED_EDGE ( 'NONE', *, *, #4761, .F. ) ;
#5527 = DIRECTION ( 'NONE',  ( -0.000000000000000000, -1.000000000000000000, -0.000000000000000000 ) ) ;
#5528 = ORIENTED_EDGE ( 'NONE', *, *, #4851, .F. ) ;
#5529 = ADVANCED_FACE ( 'NONE', ( #4528 ), #2806, .F. ) ;
#5530 = ADVANCED_FACE ( 'NONE', ( #4603 ), #6875, .F. ) ;
#5531 = CARTESIAN_POINT ( 'NONE',  ( -18.75000000000008527, 7.499999999999994671, -31.25000000000000000 ) ) ;
#5532 = VERTEX_POINT ( 'NONE', #1708 ) ;
#5533 = DIRECTION ( 'NONE',  ( 0.000000000000000000, 1.000000000000000000, 0.000000000000000000 ) ) ;
#5534 = DIRECTION ( 'NONE',  ( 0.000000000000000000, 0.000000000000000000, 1.000000000000000000 ) ) ;
#5535 = VERTEX_POINT ( 'NONE', #5117 ) ;
#5536 = DIRECTION ( 'NONE',  ( 0.7071067811865475727, 0.7071067811865475727, 0.000000000000000000 ) ) ;
#5537 = CONICAL_SURFACE ( 'NONE', #7083, 1.649999999999870237, 0.7853981633974526089 ) ;
#5538 = ORIENTED_EDGE ( 'NONE', *, *, #2991, .T. ) ;
#5539 = VECTOR ( 'NONE', #4300, 1000.000000000000000 ) ;
#5540 = EDGE_CURVE ( 'NONE', #6249, #6286, #5639, .T. ) ;
#5541 = ADVANCED_FACE ( 'NONE', ( #2781 ), #7316, .F. ) ;
#5542 = CIRCLE ( 'NONE', #2340, 2.400000000000003020 ) ;
#5543 = CARTESIAN_POINT ( 'NONE',  ( -31.24999999999986500, 7.500000000000003553, -6.249999999999998224 ) ) ;
#5544 = CONICAL_SURFACE ( 'NONE', #4715, 2.150000000000013678, 0.7853981633974554954 ) ;
#5545 = CARTESIAN_POINT ( 'NONE',  ( -18.75000000000004263, -2.000000000000000000, -21.25000000000000000 ) ) ;
#5546 = DIRECTION ( 'NONE',  ( 0.000000000000000000, 0.000000000000000000, 1.000000000000000000 ) ) ;
#5547 = FACE_OUTER_BOUND ( 'NONE', #2696, .T. ) ;
#5548 = ORIENTED_EDGE ( 'NONE', *, *, #1182, .T. ) ;
#5549 = FACE_BOUND ( 'NONE', #5926, .T. ) ;
#5550 = EDGE_CURVE ( 'NONE', #5255, #6815, #6971, .T. ) ;
#5551 = VECTOR ( 'NONE', #6800, 1000.000000000000000 ) ;
#5552 = AXIS2_PLACEMENT_3D ( 'NONE', #1879, #4292, #4252 ) ;
#5553 = CARTESIAN_POINT ( 'NONE',  ( 31.25000000000000000, 7.499999999999998224, -18.75000000000008882 ) ) ;
#5554 = VECTOR ( 'NONE', #1218, 1000.000000000000000 ) ;
#5555 = CARTESIAN_POINT ( 'NONE',  ( -18.75000000000000000, 8.000000000000000000, 21.75000000000004619 ) ) ;
#5556 = VERTEX_POINT ( 'NONE', #5006 ) ;
#5557 = ADVANCED_FACE ( 'NONE', ( #2887 ), #4565, .F. ) ;
#5558 = CARTESIAN_POINT ( 'NONE',  ( -18.75000000000000000, 0.4999999999999947820, -6.250000000000000000 ) ) ;
#5559 = CARTESIAN_POINT ( 'NONE',  ( 6.249999999999998224, 8.000000000000000000, 6.249999999999999112 ) ) ;
#5560 = DIRECTION ( 'NONE',  ( -0.000000000000000000, -1.000000000000000000, -0.000000000000000000 ) ) ;
#5561 = VERTEX_POINT ( 'NONE', #4001 ) ;
#5562 = CARTESIAN_POINT ( 'NONE',  ( 18.75000000000000355, 7.499999999999987566, -16.25000000000004263 ) ) ;
#5563 = ORIENTED_EDGE ( 'NONE', *, *, #3678, .F. ) ;
#5564 = CIRCLE ( 'NONE', #7000, 2.899999999999999911 ) ;
#5565 = CIRCLE ( 'NONE', #3076, 1.649999999999996136 ) ;
#5566 = DIRECTION ( 'NONE',  ( 0.000000000000000000, 0.7071067811865415775, 0.7071067811865535679 ) ) ;
#5567 = EDGE_LOOP ( 'NONE', ( #3540, #1937, #2406, #4098 ) ) ;
#5568 = CARTESIAN_POINT ( 'NONE',  ( 6.250000000000000000, 0.000000000000000000, -8.400000000000011013 ) ) ;
#5569 = DIRECTION ( 'NONE',  ( -0.000000000000000000, -1.000000000000000000, -0.000000000000000000 ) ) ;
#5570 = ORIENTED_EDGE ( 'NONE', *, *, #2669, .F. ) ;
#5571 = DIRECTION ( 'NONE',  ( 0.000000000000000000, 1.000000000000000000, 0.000000000000000000 ) ) ;
#5572 = AXIS2_PLACEMENT_3D ( 'NONE', #3607, #1951, #1395 ) ;
#5573 = ORIENTED_EDGE ( 'NONE', *, *, #1451, .F. ) ;
#5574 = ADVANCED_FACE ( 'NONE', ( #7273 ), #2192, .F. ) ;
#5575 = LINE ( 'NONE', #5507, #5695 ) ;
#5576 = CARTESIAN_POINT ( 'NONE',  ( -31.25000000000000000, 0.000000000000000000, 18.75000000000009237 ) ) ;
#5577 = CARTESIAN_POINT ( 'NONE',  ( -31.25000000000008171, 0.000000000000000000, -34.14999999999999858 ) ) ;
#5578 = DIRECTION ( 'NONE',  ( 0.000000000000000000, 0.000000000000000000, 1.000000000000000000 ) ) ;
#5579 = ORIENTED_EDGE ( 'NONE', *, *, #3623, .T. ) ;
#5580 = FACE_BOUND ( 'NONE', #1946, .T. ) ;
#5581 = EDGE_CURVE ( 'NONE', #4428, #4805, #6256, .T. ) ;
#5582 = ORIENTED_EDGE ( 'NONE', *, *, #7296, .T. ) ;
#5583 = ADVANCED_FACE ( 'NONE', ( #843 ), #3175, .F. ) ;
#5584 = AXIS2_PLACEMENT_3D ( 'NONE', #3187, #1603, #338 ) ;
#5585 = VECTOR ( 'NONE', #4211, 1000.000000000000000 ) ;
#5586 = EDGE_CURVE ( 'NONE', #1902, #5324, #3986, .T. ) ;
#5587 = DIRECTION ( 'NONE',  ( 0.000000000000000000, 0.7071067811865424657, 0.7071067811865526798 ) ) ;
#5588 = CARTESIAN_POINT ( 'NONE',  ( 6.249999999999998224, 7.499999999999998224, 6.249999999999999112 ) ) ;
#5589 = AXIS2_PLACEMENT_3D ( 'NONE', #6556, #5426, #2059 ) ;
#5590 = ORIENTED_EDGE ( 'NONE', *, *, #6041, .T. ) ;
#5591 = VECTOR ( 'NONE', #395, 1000.000000000000114 ) ;
#5592 = CARTESIAN_POINT ( 'NONE',  ( 6.250000000000043521, -2.000000000000000000, 17.10000000000000497 ) ) ;
#5593 = CONICAL_SURFACE ( 'NONE', #3922, 2.149999999999985256, 0.7853981633974401744 ) ;
#5594 = AXIS2_PLACEMENT_3D ( 'NONE', #5553, #535, #2798 ) ;
#5595 = EDGE_CURVE ( 'NONE', #497, #3214, #6576, .T. ) ;
#5596 = DIRECTION ( 'NONE',  ( -1.000000000000000000, 0.000000000000000000, 0.000000000000000000 ) ) ;
#5597 = DIRECTION ( 'NONE',  ( 0.000000000000000000, 0.000000000000000000, -1.000000000000000000 ) ) ;
#5598 = CIRCLE ( 'NONE', #3107, 2.150000000000027001 ) ;
#5599 = ORIENTED_EDGE ( 'NONE', *, *, #4537, .F. ) ;
#5600 = CARTESIAN_POINT ( 'NONE',  ( 6.250000000000043521, 0.5000000000000108802, 18.75000000000000355 ) ) ;
#5601 = CONICAL_SURFACE ( 'NONE', #5247, 2.900000000000013678, 0.7853981633974452814 ) ;
#5602 = CARTESIAN_POINT ( 'NONE',  ( 31.25000000000000000, 3.000000000000000000, -28.85000000000008313 ) ) ;
#5603 = DIRECTION ( 'NONE',  ( 0.000000000000000000, 1.000000000000000000, 0.000000000000000000 ) ) ;
#5604 = ORIENTED_EDGE ( 'NONE', *, *, #1184, .T. ) ;
#5605 = CARTESIAN_POINT ( 'NONE',  ( 6.250000000000000000, -2.000000000000000000, -7.900000000000000355 ) ) ;
#5606 = CARTESIAN_POINT ( 'NONE',  ( -18.75000000000000355, -2.000000000000000000, 6.250000000000043521 ) ) ;
#5607 = EDGE_LOOP ( 'NONE', ( #1128, #4137, #2525, #6801 ) ) ;
#5608 = FACE_OUTER_BOUND ( 'NONE', #2458, .T. ) ;
#5609 = ORIENTED_EDGE ( 'NONE', *, *, #2045, .T. ) ;
#5610 = CARTESIAN_POINT ( 'NONE',  ( -6.249999999999992895, 0.5000000000000022204, 32.89999999999973568 ) ) ;
#5611 = CONICAL_SURFACE ( 'NONE', #3949, 2.150000000000012790, 0.7853981633974541632 ) ;
#5612 = CARTESIAN_POINT ( 'NONE',  ( -18.75000000000000000, 0.000000000000000000, 18.75000000000004263 ) ) ;
#5613 = ORIENTED_EDGE ( 'NONE', *, *, #2095, .T. ) ;
#5614 = DIRECTION ( 'NONE',  ( 0.000000000000000000, 0.000000000000000000, -1.000000000000000000 ) ) ;
#5615 = ADVANCED_FACE ( 'NONE', ( #5891 ), #204, .F. ) ;
#5616 = CARTESIAN_POINT ( 'NONE',  ( -18.75000000000000000, 7.499999999999984013, 18.75000000000004263 ) ) ;
#5617 = ORIENTED_EDGE ( 'NONE', *, *, #1006, .F. ) ;
#5618 = LINE ( 'NONE', #1691, #6823 ) ;
#5619 = ORIENTED_EDGE ( 'NONE', *, *, #2139, .F. ) ;
#5620 = AXIS2_PLACEMENT_3D ( 'NONE', #3785, #2020, #3121 ) ;
#5621 = EDGE_CURVE ( 'NONE', #2905, #1058, #2462, .T. ) ;
#5622 = EDGE_CURVE ( 'NONE', #4746, #335, #2476, .T. ) ;
#5623 = FACE_OUTER_BOUND ( 'NONE', #2732, .T. ) ;
#5624 = CARTESIAN_POINT ( 'NONE',  ( -18.75000000000004263, 0.5000000000000061062, -21.25000000000000000 ) ) ;
#5625 = CIRCLE ( 'NONE', #4797, 2.499999999999995115 ) ;
#5626 = ORIENTED_EDGE ( 'NONE', *, *, #2101, .T. ) ;
#5627 = FACE_OUTER_BOUND ( 'NONE', #5235, .T. ) ;
#5629 = EDGE_CURVE ( 'NONE', #6865, #2607, #1482, .T. ) ;
#5628 = CC_DESIGN_PERSON_AND_ORGANIZATION_ASSIGNMENT ( #2478, #6384, ( #3663 ) ) ;
#5630 = AXIS2_PLACEMENT_3D ( 'NONE', #371, #7024, #4485 ) ;
#5631 = ORIENTED_EDGE ( 'NONE', *, *, #6187, .F. ) ;
#5632 = EDGE_CURVE ( 'NONE', #6758, #1767, #4235, .T. ) ;
#5633 = DIRECTION ( 'NONE',  ( 0.000000000000000000, 0.000000000000000000, 1.000000000000000000 ) ) ;
#5634 = DIRECTION ( 'NONE',  ( 0.000000000000000000, 0.000000000000000000, 1.000000000000000000 ) ) ;
#5635 = DIRECTION ( 'NONE',  ( -0.000000000000000000, 1.000000000000000000, -0.000000000000000000 ) ) ;
#5636 = VERTEX_POINT ( 'NONE', #4219 ) ;
#5637 = CARTESIAN_POINT ( 'NONE',  ( -18.75000000000000000, 0.4999999999999947820, -7.899999999999999467 ) ) ;
#5638 = DIRECTION ( 'NONE',  ( 0.000000000000000000, 0.000000000000000000, 1.000000000000000000 ) ) ;
#5639 = LINE ( 'NONE', #29, #3161 ) ;
#5640 = ORIENTED_EDGE ( 'NONE', *, *, #7084, .T. ) ;
#5641 = DIRECTION ( 'NONE',  ( -0.000000000000000000, 1.000000000000000000, -0.000000000000000000 ) ) ;
#5642 = DIRECTION ( 'NONE',  ( 0.000000000000000000, 0.000000000000000000, 1.000000000000000000 ) ) ;
#5643 = EDGE_LOOP ( 'NONE', ( #7105, #6240, #3485, #6514 ) ) ;
#5644 = CARTESIAN_POINT ( 'NONE',  ( 38.99999999999997868, 8.000000000000000000, 0.000000000000000000 ) ) ;
#5645 = ORIENTED_EDGE ( 'NONE', *, *, #1098, .F. ) ;
#5646 = EDGE_LOOP ( 'NONE', ( #2148, #3461 ) ) ;
#5647 = CARTESIAN_POINT ( 'NONE',  ( -31.24999999999986500, 0.4999999999999991673, -6.249999999999998224 ) ) ;
#5648 = DIRECTION ( 'NONE',  ( 0.000000000000000000, -0.7071067811865474617, 0.7071067811865474617 ) ) ;
#5649 = ORIENTED_EDGE ( 'NONE', *, *, #5906, .T. ) ;
#5650 = CARTESIAN_POINT ( 'NONE',  ( 18.75000000000000000, 0.4999999999999982792, 6.249999999999997335 ) ) ;
#5651 = CONICAL_SURFACE ( 'NONE', #917, 2.150000000000027001, 0.7853981633974520538 ) ;
#5652 = CARTESIAN_POINT ( 'NONE',  ( -31.24999999999999289, 3.000000000000000000, 31.25000000000008882 ) ) ;
#5653 = EDGE_LOOP ( 'NONE', ( #2058, #1823, #2892, #6678 ) ) ;
#5654 = DIRECTION ( 'NONE',  ( -0.000000000000000000, -1.000000000000000000, -0.000000000000000000 ) ) ;
#5655 = ORIENTED_EDGE ( 'NONE', *, *, #5812, .F. ) ;
#5656 = CONICAL_SURFACE ( 'NONE', #799, 1.650000000000002132, 0.7853981633974572718 ) ;
#5657 = DIRECTION ( 'NONE',  ( 0.000000000000000000, 0.000000000000000000, 1.000000000000000000 ) ) ;
#5658 = CARTESIAN_POINT ( 'NONE',  ( 18.75000000000008882, 7.499999999999998224, 31.24999999999999645 ) ) ;
#5659 = ORIENTED_EDGE ( 'NONE', *, *, #1263, .T. ) ;
#5660 = CIRCLE ( 'NONE', #203, 2.149999999999999023 ) ;
#5661 = CIRCLE ( 'NONE', #1276, 2.149999999999999023 ) ;
#5662 = DIRECTION ( 'NONE',  ( 0.000000000000000000, 1.000000000000000000, 0.000000000000000000 ) ) ;
#5663 = EDGE_CURVE ( 'NONE', #3096, #5042, #4471, .T. ) ;
#5664 = CIRCLE ( 'NONE', #1168, 1.649999999999998579 ) ;
#5665 = ORIENTED_EDGE ( 'NONE', *, *, #4583, .F. ) ;
#5666 = AXIS2_PLACEMENT_3D ( 'NONE', #2081, #4417, #3225 ) ;
#5667 = CARTESIAN_POINT ( 'NONE',  ( -31.24999999999986500, 7.500000000000003553, -6.249999999999998224 ) ) ;
#5668 = DIRECTION ( 'NONE',  ( -0.000000000000000000, -1.000000000000000000, -0.000000000000000000 ) ) ;
#5669 = CARTESIAN_POINT ( 'NONE',  ( 31.25000000000000000, 7.499999999999998224, -6.250000000000086153 ) ) ;
#5670 = VERTEX_POINT ( 'NONE', #2550 ) ;
#5671 = FACE_OUTER_BOUND ( 'NONE', #7270, .T. ) ;
#5672 = ADVANCED_FACE ( 'NONE', ( #3061 ), #6737, .F. ) ;
#5673 = CARTESIAN_POINT ( 'NONE',  ( 18.74999999999999645, 8.000000000000000000, -31.25000000000004263 ) ) ;
#5674 = EDGE_CURVE ( 'NONE', #7175, #1881, #2923, .T. ) ;
#5675 = EDGE_CURVE ( 'NONE', #1881, #7175, #3752, .T. ) ;
#5676 = CARTESIAN_POINT ( 'NONE',  ( -6.250000000000084377, 0.000000000000000000, -31.25000000000000000 ) ) ;
#5677 = ORIENTED_EDGE ( 'NONE', *, *, #6998, .T. ) ;
#5678 = CARTESIAN_POINT ( 'NONE',  ( -6.250000000000040856, 7.499999999999994671, -18.75000000000000355 ) ) ;
#5679 = CARTESIAN_POINT ( 'NONE',  ( 18.74999999999999645, 7.499999999999994671, -31.25000000000004263 ) ) ;
#5680 = ORIENTED_EDGE ( 'NONE', *, *, #2662, .T. ) ;
#5681 = FACE_BOUND ( 'NONE', #3131, .T. ) ;
#5682 = EDGE_LOOP ( 'NONE', ( #1209, #1991, #1144, #1789 ) ) ;
#5683 = VERTEX_POINT ( 'NONE', #7012 ) ;
#5684 = DIRECTION ( 'NONE',  ( -0.000000000000000000, -1.000000000000000000, -0.000000000000000000 ) ) ;
#5685 = LINE ( 'NONE', #1718, #3207 ) ;
#5686 = VERTEX_POINT ( 'NONE', #1962 ) ;
#5687 = FACE_OUTER_BOUND ( 'NONE', #4460, .T. ) ;
#5688 = CIRCLE ( 'NONE', #5927, 2.400000000000003020 ) ;
#5689 = DIRECTION ( 'NONE',  ( 0.000000000000000000, 0.000000000000000000, 1.000000000000000000 ) ) ;
#5690 = ORIENTED_EDGE ( 'NONE', *, *, #462, .T. ) ;
#5691 = FACE_BOUND ( 'NONE', #6585, .T. ) ;
#5692 = AXIS2_PLACEMENT_3D ( 'NONE', #6651, #5522, #433 ) ;
#5693 = ORIENTED_EDGE ( 'NONE', *, *, #2211, .T. ) ;
#5694 = AXIS2_PLACEMENT_3D ( 'NONE', #4798, #3198, #5472 ) ;
#5695 = VECTOR ( 'NONE', #4432, 1000.000000000000000 ) ;
#5696 = DIRECTION ( 'NONE',  ( 0.000000000000000000, 0.000000000000000000, 1.000000000000000000 ) ) ;
#5697 = CYLINDRICAL_SURFACE ( 'NONE', #1161, 1.650000000000002132 ) ;
#5698 = ORIENTED_EDGE ( 'NONE', *, *, #2398, .T. ) ;
#5699 = CIRCLE ( 'NONE', #6537, 2.149999999999870681 ) ;
#5700 = AXIS2_PLACEMENT_3D ( 'NONE', #2528, #7100, #337 ) ;
#5701 = CARTESIAN_POINT ( 'NONE',  ( -40.00000000000000711, 1.000000000000000888, -40.00000000000000711 ) ) ;
#5702 = ORIENTED_EDGE ( 'NONE', *, *, #5302, .F. ) ;
#5703 = AXIS2_PLACEMENT_3D ( 'NONE', #2640, #4901, #7174 ) ;
#5704 = AXIS2_PLACEMENT_3D ( 'NONE', #4792, #1979, #5320 ) ;
#5705 = VECTOR ( 'NONE', #6512, 1000.000000000000000 ) ;
#5706 = CARTESIAN_POINT ( 'NONE',  ( -6.250000000000084377, -2.000000000000000000, -32.89999999999999858 ) ) ;
#5707 = EDGE_CURVE ( 'NONE', #6211, #2181, #7085, .T. ) ;
#5708 = DIRECTION ( 'NONE',  ( -0.000000000000000000, -1.000000000000000000, -0.000000000000000000 ) ) ;
#5709 = DIRECTION ( 'NONE',  ( 8.659560562355008046E-17, 0.7071067811865414665, -0.7071067811865536790 ) ) ;
#5710 = ORIENTED_EDGE ( 'NONE', *, *, #5516, .T. ) ;
#5711 = DIRECTION ( 'NONE',  ( 0.000000000000000000, 1.000000000000000000, 0.000000000000000000 ) ) ;
#5712 = CARTESIAN_POINT ( 'NONE',  ( 18.75000000000004263, 7.499999999999984013, 21.24999999999999289 ) ) ;
#5713 = CIRCLE ( 'NONE', #5589, 2.149999999999999023 ) ;
#5714 = CIRCLE ( 'NONE', #2512, 2.149999999999999023 ) ;
#5715 = EDGE_CURVE ( 'NONE', #3314, #2527, #2585, .T. ) ;
#5716 = CIRCLE ( 'NONE', #3816, 1.650000000000003020 ) ;
#5717 = DIRECTION ( 'NONE',  ( 0.000000000000000000, 0.000000000000000000, 1.000000000000000000 ) ) ;
#5718 = AXIS2_PLACEMENT_3D ( 'NONE', #235, #905, #2099 ) ;
#5719 = EDGE_CURVE ( 'NONE', #5124, #6592, #5753, .T. ) ;
#5720 = LINE ( 'NONE', #104, #4178 ) ;
#5721 = CARTESIAN_POINT ( 'NONE',  ( 31.24999999999986500, 7.500000000000007994, 7.899999999999856470 ) ) ;
#5722 = EDGE_LOOP ( 'NONE', ( #5619, #2247, #333, #6367 ) ) ;
#5723 = FACE_BOUND ( 'NONE', #661, .T. ) ;
#5724 = ORIENTED_EDGE ( 'NONE', *, *, #453, .F. ) ;
#5725 = EDGE_LOOP ( 'NONE', ( #46, #3034, #218, #3155 ) ) ;
#5726 = EDGE_CURVE ( 'NONE', #4697, #1748, #5055, .T. ) ;
#5727 = VECTOR ( 'NONE', #6092, 1000.000000000000000 ) ;
#5728 = FACE_OUTER_BOUND ( 'NONE', #6075, .T. ) ;
#5729 = EDGE_CURVE ( 'NONE', #726, #3705, #4707, .T. ) ;
#5730 = FACE_OUTER_BOUND ( 'NONE', #5813, .T. ) ;
#5731 = VERTEX_POINT ( 'NONE', #7117 ) ;
#5732 = CARTESIAN_POINT ( 'NONE',  ( -6.250000000000084377, 0.000000000000000000, -31.25000000000000000 ) ) ;
#5733 = CARTESIAN_POINT ( 'NONE',  ( 18.75000000000008882, 0.000000000000000000, 29.09999999999996945 ) ) ;
#5734 = ORIENTED_EDGE ( 'NONE', *, *, #4136, .F. ) ;
#5735 = DIRECTION ( 'NONE',  ( 0.000000000000000000, 0.000000000000000000, 1.000000000000000000 ) ) ;
#5736 = ORIENTED_EDGE ( 'NONE', *, *, #4761, .T. ) ;
#5737 = FACE_OUTER_BOUND ( 'NONE', #4796, .T. ) ;
#5738 = CARTESIAN_POINT ( 'NONE',  ( 6.250000000000000000, -2.000000000000000000, -6.249999999999998224 ) ) ;
#5739 = VERTEX_POINT ( 'NONE', #2799 ) ;
#5740 = CONICAL_SURFACE ( 'NONE', #7050, 1.649999999999861577, 0.7853981633974557175 ) ;
#5741 = ADVANCED_FACE ( 'NONE', ( #4375 ), #6043, .F. ) ;
#5742 = CARTESIAN_POINT ( 'NONE',  ( -18.75000000000000000, -2.000000000000000000, 18.75000000000004263 ) ) ;
#5743 = VERTEX_POINT ( 'NONE', #5555 ) ;
#5744 = CIRCLE ( 'NONE', #6223, 1.650000000000002132 ) ;
#5745 = CARTESIAN_POINT ( 'NONE',  ( -18.74999999999999289, 0.000000000000000000, 29.10000000000004405 ) ) ;
#5746 = DIRECTION ( 'NONE',  ( 0.000000000000000000, 0.000000000000000000, 1.000000000000000000 ) ) ;
#5747 = DATE_AND_TIME ( #3475, #1645 ) ;
#5748 = ORIENTED_EDGE ( 'NONE', *, *, #1140, .F. ) ;
#5749 = DIRECTION ( 'NONE',  ( -0.000000000000000000, -1.000000000000000000, -0.000000000000000000 ) ) ;
#5750 = CARTESIAN_POINT ( 'NONE',  ( -6.249999999999999112, 7.499999999999998224, 4.599999999999996980 ) ) ;
#5751 = CONICAL_SURFACE ( 'NONE', #410, 3.899999999999997247, 0.7853981633974491672 ) ;
#5752 = AXIS2_PLACEMENT_3D ( 'NONE', #3148, #334, #6586 ) ;
#5753 = LINE ( 'NONE', #1365, #918 ) ;
#5754 = DIRECTION ( 'NONE',  ( 0.000000000000000000, 0.000000000000000000, 1.000000000000000000 ) ) ;
#5755 = CARTESIAN_POINT ( 'NONE',  ( -39.99999999999999289, 1.000000000000000888, 39.99999999999999289 ) ) ;
#5756 = ORIENTED_EDGE ( 'NONE', *, *, #2582, .T. ) ;
#5757 = FACE_OUTER_BOUND ( 'NONE', #1113, .T. ) ;
#5758 = ORIENTED_EDGE ( 'NONE', *, *, #2949, .T. ) ;
#5759 = ORIENTED_EDGE ( 'NONE', *, *, #3839, .F. ) ;
#5760 = EDGE_CURVE ( 'NONE', #3917, #734, #464, .T. ) ;
#5761 = CARTESIAN_POINT ( 'NONE',  ( 18.75000000000008882, -2.000000000000000000, 31.24999999999999645 ) ) ;
#5762 = CARTESIAN_POINT ( 'NONE',  ( -34.99999999999999289, 0.000000000000000000, 34.99999999999999289 ) ) ;
#5763 = EDGE_LOOP ( 'NONE', ( #5590, #2616 ) ) ;
#5764 = DIRECTION ( 'NONE',  ( -0.000000000000000000, 1.000000000000000000, -0.000000000000000000 ) ) ;
#5765 = CARTESIAN_POINT ( 'NONE',  ( 6.250000000000043521, 7.499999999999994671, 18.75000000000000355 ) ) ;
#5766 = EDGE_CURVE ( 'NONE', #4045, #3634, #4944, .T. ) ;
#5767 = ORIENTED_EDGE ( 'NONE', *, *, #2662, .F. ) ;
#5768 = DIRECTION ( 'NONE',  ( 0.000000000000000000, 1.000000000000000000, 0.000000000000000000 ) ) ;
#5769 = ORIENTED_EDGE ( 'NONE', *, *, #7047, .F. ) ;
#5770 = ADVANCED_FACE ( 'NONE', ( #1025 ), #5544, .F. ) ;
#5771 = ADVANCED_FACE ( 'NONE', ( #3870 ), #2146, .F. ) ;
#5772 = AXIS2_PLACEMENT_3D ( 'NONE', #5924, #7005, #796 ) ;
#5773 = CARTESIAN_POINT ( 'NONE',  ( 18.75000000000000000, 0.000000000000000000, 4.100000000000012079 ) ) ;
#5774 = CARTESIAN_POINT ( 'NONE',  ( 6.249999999999998224, 7.499999999999998224, -18.75000000000000000 ) ) ;
#5775 = VERTEX_POINT ( 'NONE', #7329 ) ;
#5776 = ORIENTED_EDGE ( 'NONE', *, *, #6615, .F. ) ;
#5777 = VECTOR ( 'NONE', #485, 1000.000000000000000 ) ;
#5778 = DIRECTION ( 'NONE',  ( 0.000000000000000000, 0.000000000000000000, -1.000000000000000000 ) ) ;
#5779 = VECTOR ( 'NONE', #3101, 1000.000000000000000 ) ;
#5780 = VERTEX_POINT ( 'NONE', #1586 ) ;
#5781 = FACE_OUTER_BOUND ( 'NONE', #4048, .T. ) ;
#5782 = CIRCLE ( 'NONE', #3991, 2.149999999999999023 ) ;
#5783 = CIRCLE ( 'NONE', #2467, 2.150000000000012790 ) ;
#5784 = DIRECTION ( 'NONE',  ( -0.000000000000000000, -1.000000000000000000, -0.000000000000000000 ) ) ;
#5785 = APPROVAL_ROLE ( '' ) ;
#5786 = EDGE_LOOP ( 'NONE', ( #4811, #1426 ) ) ;
#5787 = DIRECTION ( 'NONE',  ( 0.000000000000000000, 0.7071067811865474617, 0.7071067811865474617 ) ) ;
#5788 = LINE ( 'NONE', #3549, #4506 ) ;
#5789 = VECTOR ( 'NONE', #5635, 1000.000000000000000 ) ;
#5790 = AXIS2_PLACEMENT_3D ( 'NONE', #6180, #987, #348 ) ;
#5791 = DIRECTION ( 'NONE',  ( 0.000000000000000000, 1.000000000000000000, 0.000000000000000000 ) ) ;
#5792 = DIRECTION ( 'NONE',  ( 0.000000000000000000, 0.000000000000000000, 1.000000000000000000 ) ) ;
#5793 = EDGE_LOOP ( 'NONE', ( #2122, #1297, #3463, #3671 ) ) ;
#5794 = DIRECTION ( 'NONE',  ( 0.000000000000000000, 1.000000000000000000, 0.000000000000000000 ) ) ;
#5795 = ORIENTED_EDGE ( 'NONE', *, *, #4085, .T. ) ;
#5796 = DIRECTION ( 'NONE',  ( 0.000000000000000000, 0.000000000000000000, 1.000000000000000000 ) ) ;
#5797 = DIRECTION ( 'NONE',  ( 0.000000000000000000, 1.000000000000000000, 0.000000000000000000 ) ) ;
#5798 = ORIENTED_EDGE ( 'NONE', *, *, #2689, .T. ) ;
#5799 = CYLINDRICAL_SURFACE ( 'NONE', #5231, 1.649999999999998579 ) ;
#5800 = DIRECTION ( 'NONE',  ( -0.000000000000000000, -1.000000000000000000, -0.000000000000000000 ) ) ;
#5801 = EDGE_LOOP ( 'NONE', ( #6697, #1493, #749, #6686 ) ) ;
#5802 = CARTESIAN_POINT ( 'NONE',  ( 6.249999999999998224, 8.000000000000000000, -16.60000000000000142 ) ) ;
#5803 = EDGE_CURVE ( 'NONE', #5556, #3166, #5783, .T. ) ;
#5804 = ORIENTED_EDGE ( 'NONE', *, *, #2582, .F. ) ;
#5805 = CIRCLE ( 'NONE', #353, 3.900000000000000799 ) ;
#5806 = EDGE_CURVE ( 'NONE', #798, #669, #1102, .T. ) ;
#5807 = LINE ( 'NONE', #2504, #1194 ) ;
#5808 = AXIS2_PLACEMENT_3D ( 'NONE', #1371, #3621, #5899 ) ;
#5809 = DIRECTION ( 'NONE',  ( 0.000000000000000000, 0.000000000000000000, 1.000000000000000000 ) ) ;
#5810 = DIRECTION ( 'NONE',  ( -0.000000000000000000, 1.000000000000000000, -0.000000000000000000 ) ) ;
#5811 = ORIENTED_EDGE ( 'NONE', *, *, #639, .T. ) ;
#5812 = EDGE_CURVE ( 'NONE', #5196, #6211, #1619, .T. ) ;
#5813 = EDGE_LOOP ( 'NONE', ( #6216, #2391, #6904, #1990 ) ) ;
#5814 = VECTOR ( 'NONE', #2648, 999.9999999999998863 ) ;
#5815 = DIRECTION ( 'NONE',  ( 0.000000000000000000, 0.000000000000000000, 1.000000000000000000 ) ) ;
#5816 = AXIS2_PLACEMENT_3D ( 'NONE', #4100, #2434, #4625 ) ;
#5817 = ADVANCED_FACE ( 'NONE', ( #7194 ), #4119, .F. ) ;
#5818 = ORIENTED_EDGE ( 'NONE', *, *, #4451, .T. ) ;
#5819 = CARTESIAN_POINT ( 'NONE',  ( 31.25000000000008882, 0.000000000000000000, 31.24999999999999645 ) ) ;
#5820 = ORIENTED_EDGE ( 'NONE', *, *, #3944, .F. ) ;
#5821 = CIRCLE ( 'NONE', #6670, 1.650000000000002132 ) ;
#5822 = DIRECTION ( 'NONE',  ( 0.000000000000000000, 0.000000000000000000, 1.000000000000000000 ) ) ;
#5823 =( NAMED_UNIT ( * ) PLANE_ANGLE_UNIT ( ) SI_UNIT ( $, .RADIAN. ) );
#5824 = ORIENTED_EDGE ( 'NONE', *, *, #1958, .F. ) ;
#5825 = DIRECTION ( 'NONE',  ( -0.000000000000000000, 1.000000000000000000, -0.000000000000000000 ) ) ;
#5826 = CARTESIAN_POINT ( 'NONE',  ( 18.74999999999999645, 0.4999999999999922284, -31.25000000000004263 ) ) ;
#5827 = AXIS2_PLACEMENT_3D ( 'NONE', #6344, #4734, #6419 ) ;
#5828 = CARTESIAN_POINT ( 'NONE',  ( 31.25000000000000000, 7.499999999999998224, -6.250000000000086153 ) ) ;
#5829 = DIRECTION ( 'NONE',  ( 5.551115123125785858E-15, 0.000000000000000000, 1.000000000000000000 ) ) ;
#5830 = CIRCLE ( 'NONE', #3097, 1.649999999999998579 ) ;
#5831 = VERTEX_POINT ( 'NONE', #6154 ) ;
#5832 = FACE_BOUND ( 'NONE', #4207, .T. ) ;
#5833 = AXIS2_PLACEMENT_3D ( 'NONE', #4472, #4988, #1618 ) ;
#5834 = EDGE_LOOP ( 'NONE', ( #4965, #5420, #1709, #5563 ) ) ;
#5835 = EDGE_CURVE ( 'NONE', #3823, #3064, #330, .T. ) ;
#5836 = VECTOR ( 'NONE', #3001, 1000.000000000000000 ) ;
#5837 = CIRCLE ( 'NONE', #4651, 2.499999999999998668 ) ;
#5838 = DIRECTION ( 'NONE',  ( 0.000000000000000000, 0.000000000000000000, -1.000000000000000000 ) ) ;
#5839 = DIRECTION ( 'NONE',  ( -0.000000000000000000, 1.000000000000000000, -0.000000000000000000 ) ) ;
#5840 = ORIENTED_EDGE ( 'NONE', *, *, #4075, .F. ) ;
#5841 = CARTESIAN_POINT ( 'NONE',  ( 6.249999999999996447, 0.000000000000000000, -31.24999999999986500 ) ) ;
#5842 = CARTESIAN_POINT ( 'NONE',  ( 31.25000000000000000, 0.000000000000000000, -6.250000000000086153 ) ) ;
#5843 = ORIENTED_EDGE ( 'NONE', *, *, #6162, .T. ) ;
#5844 = CARTESIAN_POINT ( 'NONE',  ( -6.250000000000084377, 0.5000000000000047740, -29.60000000000000142 ) ) ;
#5845 = VERTEX_POINT ( 'NONE', #7263 ) ;
#5846 = CONICAL_SURFACE ( 'NONE', #6569, 1.650000000000002132, 0.7853981633974568277 ) ;
#5847 = EDGE_CURVE ( 'NONE', #305, #4533, #5519, .T. ) ;
#5848 = CARTESIAN_POINT ( 'NONE',  ( -6.249999999999996447, -2.000000000000000000, 18.75000000000000000 ) ) ;
#5849 = DIRECTION ( 'NONE',  ( 0.000000000000000000, 0.000000000000000000, 1.000000000000000000 ) ) ;
#5850 = DIRECTION ( 'NONE',  ( 8.659560562354982162E-17, -0.7071067811865435759, 0.7071067811865515695 ) ) ;
#5851 = ORIENTED_EDGE ( 'NONE', *, *, #4035, .F. ) ;
#5852 = ORIENTED_EDGE ( 'NONE', *, *, #1459, .T. ) ;
#5853 = CARTESIAN_POINT ( 'NONE',  ( -18.75000000000000000, 8.000000000000000000, -6.250000000000000000 ) ) ;
#5854 = EDGE_CURVE ( 'NONE', #2989, #4391, #4476, .T. ) ;
#5855 = EDGE_CURVE ( 'NONE', #1529, #188, #923, .T. ) ;
#5856 = DIRECTION ( 'NONE',  ( 0.000000000000000000, 0.000000000000000000, 1.000000000000000000 ) ) ;
#5857 = VECTOR ( 'NONE', #2070, 1000.000000000000000 ) ;
#5858 = ORIENTED_EDGE ( 'NONE', *, *, #5449, .F. ) ;
#5859 = DATE_TIME_ROLE ( 'creation_date' ) ;
#5860 = EDGE_CURVE ( 'NONE', #669, #1258, #7293, .T. ) ;
#5861 = ORIENTED_EDGE ( 'NONE', *, *, #5325, .F. ) ;
#5862 = DIRECTION ( 'NONE',  ( 8.659560562354918067E-17, -0.7071067811865487940, 0.7071067811865463515 ) ) ;
#5863 = DIRECTION ( 'NONE',  ( 0.000000000000000000, -1.000000000000000000, 0.000000000000000000 ) ) ;
#5864 = AXIS2_PLACEMENT_3D ( 'NONE', #1723, #6712, #2830 ) ;
#5865 = EDGE_CURVE ( 'NONE', #927, #6249, #6261, .T. ) ;
#5866 = LINE ( 'NONE', #3145, #7038 ) ;
#5867 = DIRECTION ( 'NONE',  ( 8.659560562354906974E-17, -0.7071067811865496822, 0.7071067811865453523 ) ) ;
#5868 = AXIS2_PLACEMENT_3D ( 'NONE', #4646, #3486, #636 ) ;
#5869 = ORIENTED_EDGE ( 'NONE', *, *, #7343, .F. ) ;
#5870 = CARTESIAN_POINT ( 'NONE',  ( -6.250000000000040856, 7.499999999999994671, -20.40000000000000213 ) ) ;
#5871 = EDGE_LOOP ( 'NONE', ( #2168, #7044 ) ) ;
#5872 = ORIENTED_EDGE ( 'NONE', *, *, #6734, .F. ) ;
#5873 = AXIS2_PLACEMENT_3D ( 'NONE', #4382, #6095, #3776 ) ;
#5874 = CARTESIAN_POINT ( 'NONE',  ( 18.75000000000008882, 7.499999999999998224, 32.89999999999999858 ) ) ;
#5875 = CARTESIAN_POINT ( 'NONE',  ( 31.25000000000008882, 3.000000000000000000, 31.24999999999999645 ) ) ;
#5876 = EDGE_CURVE ( 'NONE', #744, #1345, #2767, .T. ) ;
#5877 = ORIENTED_EDGE ( 'NONE', *, *, #6549, .F. ) ;
#5878 = DIRECTION ( 'NONE',  ( 0.000000000000000000, 0.000000000000000000, -1.000000000000000000 ) ) ;
#5879 = EDGE_CURVE ( 'NONE', #5670, #1847, #5661, .T. ) ;
#5880 = DIRECTION ( 'NONE',  ( 0.000000000000000000, 1.000000000000000000, 0.000000000000000000 ) ) ;
#5881 = ORIENTED_EDGE ( 'NONE', *, *, #2535, .T. ) ;
#5882 = DIRECTION ( 'NONE',  ( 0.000000000000000000, 0.000000000000000000, 1.000000000000000000 ) ) ;
#5883 = EDGE_LOOP ( 'NONE', ( #5511, #5748, #6752, #439 ) ) ;
#5884 = CARTESIAN_POINT ( 'NONE',  ( 6.249999999999996447, 8.000000000000000000, -29.09999999999999432 ) ) ;
#5885 = CARTESIAN_POINT ( 'NONE',  ( 18.75000000000000355, 0.000000000000000000, -15.75000000000003908 ) ) ;
#5886 = CARTESIAN_POINT ( 'NONE',  ( -18.75000000000000000, 7.499999999999984013, 21.25000000000003908 ) ) ;
#5887 = DIRECTION ( 'NONE',  ( 0.000000000000000000, 1.000000000000000000, 0.000000000000000000 ) ) ;
#5888 = EDGE_LOOP ( 'NONE', ( #3152, #2974 ) ) ;
#5889 = EDGE_LOOP ( 'NONE', ( #4260, #3116 ) ) ;
#5890 = CARTESIAN_POINT ( 'NONE',  ( -31.25000000000000000, 0.000000000000000000, 16.60000000000009379 ) ) ;
#5891 = FACE_OUTER_BOUND ( 'NONE', #4092, .T. ) ;
#5892 = VERTEX_POINT ( 'NONE', #5624 ) ;
#5893 = AXIS2_PLACEMENT_3D ( 'NONE', #5279, #6443, #2423 ) ;
#5894 = COORDINATED_UNIVERSAL_TIME_OFFSET ( 8, 0, .AHEAD. ) ;
#5895 = AXIS2_PLACEMENT_3D ( 'NONE', #5676, #516, #2851 ) ;
#5896 = ORIENTED_EDGE ( 'NONE', *, *, #4586, .T. ) ;
#5897 = FACE_OUTER_BOUND ( 'NONE', #5484, .T. ) ;
#5898 = EDGE_CURVE ( 'NONE', #6893, #4179, #3402, .T. ) ;
#5899 = DIRECTION ( 'NONE',  ( 0.000000000000000000, 0.000000000000000000, 1.000000000000000000 ) ) ;
#5900 = AXIS2_PLACEMENT_3D ( 'NONE', #5057, #6646, #396 ) ;
#5901 = ADVANCED_FACE ( 'NONE', ( #6259 ), #5250, .F. ) ;
#5902 = CARTESIAN_POINT ( 'NONE',  ( 18.75000000000000000, 0.4999999999999982792, 6.249999999999997335 ) ) ;
#5903 = DIRECTION ( 'NONE',  ( 0.000000000000000000, 0.7071067811865474617, -0.7071067811865474617 ) ) ;
#5904 = ORIENTED_EDGE ( 'NONE', *, *, #2815, .F. ) ;
#5905 = DIRECTION ( 'NONE',  ( 0.000000000000000000, 0.000000000000000000, -1.000000000000000000 ) ) ;
#5906 = EDGE_CURVE ( 'NONE', #5146, #3195, #6859, .T. ) ;
#5907 = ORIENTED_EDGE ( 'NONE', *, *, #5030, .F. ) ;
#5908 = CONICAL_SURFACE ( 'NONE', #1752, 2.499999999999995115, 0.7853981633974400633 ) ;
#5909 = ORIENTED_EDGE ( 'NONE', *, *, #6358, .F. ) ;
#5910 = CIRCLE ( 'NONE', #93, 5.000000000000000888 ) ;
#5911 = ADVANCED_FACE ( 'NONE', ( #2945 ), #1525, .F. ) ;
#5912 = LOCAL_TIME ( 10, 59, 10.00000000000000000, #6649 ) ;
#5913 = CARTESIAN_POINT ( 'NONE',  ( 31.25000000000000000, 0.000000000000000000, -28.35000000000008313 ) ) ;
#5914 = DIRECTION ( 'NONE',  ( 0.000000000000000000, 1.000000000000000000, 0.000000000000000000 ) ) ;
#5915 = ORIENTED_EDGE ( 'NONE', *, *, #7062, .T. ) ;
#5916 = DIRECTION ( 'NONE',  ( -0.000000000000000000, 1.000000000000000000, -0.000000000000000000 ) ) ;
#5917 = DIRECTION ( 'NONE',  ( -0.000000000000000000, 1.000000000000000000, -0.000000000000000000 ) ) ;
#5918 = ORIENTED_EDGE ( 'NONE', *, *, #5958, .T. ) ;
#5919 = CARTESIAN_POINT ( 'NONE',  ( 6.249999999999996447, 7.500000000000005329, -32.89999999999973568 ) ) ;
#5920 = VERTEX_POINT ( 'NONE', #5099 ) ;
#5921 = DIRECTION ( 'NONE',  ( 0.000000000000000000, 1.000000000000000000, 0.000000000000000000 ) ) ;
#5922 = DIRECTION ( 'NONE',  ( 0.000000000000000000, 0.000000000000000000, 1.000000000000000000 ) ) ;
#5923 = DIRECTION ( 'NONE',  ( 0.000000000000000000, -0.7071067811865487940, -0.7071067811865463515 ) ) ;
#5924 = CARTESIAN_POINT ( 'NONE',  ( 6.249999999999998224, -2.000000000000000000, 6.249999999999999112 ) ) ;
#5925 = ORIENTED_EDGE ( 'NONE', *, *, #374, .T. ) ;
#5926 = EDGE_LOOP ( 'NONE', ( #255, #3502 ) ) ;
#5927 = AXIS2_PLACEMENT_3D ( 'NONE', #6650, #359, #7161 ) ;
#5928 = CIRCLE ( 'NONE', #2369, 3.899999999999997247 ) ;
#5929 = LINE ( 'NONE', #3801, #4525 ) ;
#5930 = CARTESIAN_POINT ( 'NONE',  ( 6.249999999999998224, 0.5000000000000065503, -18.75000000000000000 ) ) ;
#5931 = EDGE_LOOP ( 'NONE', ( #133, #1837, #6245, #2903 ) ) ;
#5932 = AXIS2_PLACEMENT_3D ( 'NONE', #2428, #6449, #4693 ) ;
#5933 = ORIENTED_EDGE ( 'NONE', *, *, #6588, .F. ) ;
#5934 = DIRECTION ( 'NONE',  ( 0.000000000000000000, -0.000000000000000000, 1.000000000000000000 ) ) ;
#5935 = AXIS2_PLACEMENT_3D ( 'NONE', #6862, #4554, #6230 ) ;
#5936 = CARTESIAN_POINT ( 'NONE',  ( 18.75000000000004263, 0.000000000000000000, 15.74999999999999645 ) ) ;
#5937 = AXIS2_PLACEMENT_3D ( 'NONE', #5983, #1343, #3596 ) ;
#5938 = EDGE_CURVE ( 'NONE', #4057, #2376, #6740, .T. ) ;
#5939 = CARTESIAN_POINT ( 'NONE',  ( 6.250000000000088818, 0.000000000000000000, 33.39999999999999858 ) ) ;
#5940 = DIRECTION ( 'NONE',  ( 0.000000000000000000, 0.000000000000000000, 1.000000000000000000 ) ) ;
#5941 = ORIENTED_EDGE ( 'NONE', *, *, #61, .T. ) ;
#5942 = CARTESIAN_POINT ( 'NONE',  ( -31.25000000000008171, 0.000000000000000000, -28.35000000000000142 ) ) ;
#5943 = AXIS2_PLACEMENT_3D ( 'NONE', #5950, #4123, #6397 ) ;
#5944 = ORIENTED_EDGE ( 'NONE', *, *, #4549, .F. ) ;
#5945 = CIRCLE ( 'NONE', #3450, 1.650000000000002132 ) ;
#5946 = ADVANCED_FACE ( 'NONE', ( #4551 ), #653, .F. ) ;
#5947 = ADVANCED_FACE ( 'NONE', ( #2394 ), #1754, .F. ) ;
#5948 = CYLINDRICAL_SURFACE ( 'NONE', #1668, 1.649999999999998579 ) ;
#5949 = AXIS2_PLACEMENT_3D ( 'NONE', #4279, #3153, #7103 ) ;
#5950 = CARTESIAN_POINT ( 'NONE',  ( 6.250000000000088818, 0.000000000000000000, 31.25000000000000000 ) ) ;
#5951 = VECTOR ( 'NONE', #6798, 1000.000000000000000 ) ;
#5952 = EDGE_LOOP ( 'NONE', ( #1498, #3058, #1384, #4692 ) ) ;
#5953 = FACE_OUTER_BOUND ( 'NONE', #151, .T. ) ;
#5954 = CARTESIAN_POINT ( 'NONE',  ( -18.75000000000000000, 0.000000000000000000, -4.100000000000014744 ) ) ;
#5955 = ORIENTED_EDGE ( 'NONE', *, *, #770, .T. ) ;
#5956 = DIRECTION ( 'NONE',  ( 0.000000000000000000, 0.000000000000000000, 1.000000000000000000 ) ) ;
#5957 = ORIENTED_EDGE ( 'NONE', *, *, #1037, .T. ) ;
#5958 = EDGE_CURVE ( 'NONE', #4504, #2294, #1994, .T. ) ;
#5959 = AXIS2_PLACEMENT_3D ( 'NONE', #1552, #4299, #6487 ) ;
#5960 = EDGE_CURVE ( 'NONE', #4566, #6821, #1875, .T. ) ;
#5961 = CARTESIAN_POINT ( 'NONE',  ( 31.24999999999986500, 0.4999999999999935052, 6.249999999999995559 ) ) ;
#5962 = CARTESIAN_POINT ( 'NONE',  ( -18.75000000000000000, 0.5000000000000095479, 18.75000000000004263 ) ) ;
#5963 = FACE_OUTER_BOUND ( 'NONE', #6107, .T. ) ;
#5964 = CARTESIAN_POINT ( 'NONE',  ( 31.25000000000008882, 3.000000000000000000, 31.24999999999999645 ) ) ;
#5965 = CIRCLE ( 'NONE', #1810, 2.149999999999999023 ) ;
#5966 = ORIENTED_EDGE ( 'NONE', *, *, #6718, .F. ) ;
#5967 = CARTESIAN_POINT ( 'NONE',  ( 38.99999999999999289, 0.000000000000000000, -35.00000000000000711 ) ) ;
#5968 = AXIS2_PLACEMENT_3D ( 'NONE', #5400, #1474, #5474 ) ;
#5969 = ORIENTED_EDGE ( 'NONE', *, *, #5489, .T. ) ;
#5970 = CARTESIAN_POINT ( 'NONE',  ( -18.75000000000008527, 0.000000000000000000, -33.39999999999999858 ) ) ;
#5971 = DIRECTION ( 'NONE',  ( -0.000000000000000000, -1.000000000000000000, -0.000000000000000000 ) ) ;
#5972 = ORIENTED_EDGE ( 'NONE', *, *, #3103, .F. ) ;
#5973 = ADVANCED_FACE ( 'NONE', ( #1172 ), #6296, .F. ) ;
#5974 = ORIENTED_EDGE ( 'NONE', *, *, #1625, .T. ) ;
#5975 = CARTESIAN_POINT ( 'NONE',  ( 18.75000000000000355, 7.499999999999998224, -4.600000000000039613 ) ) ;
#5976 = CARTESIAN_POINT ( 'NONE',  ( -18.75000000000000000, 0.000000000000000000, 18.75000000000004263 ) ) ;
#5977 = FACE_OUTER_BOUND ( 'NONE', #5462, .T. ) ;
#5978 = CARTESIAN_POINT ( 'NONE',  ( 6.250000000000088818, 0.5000000000000065503, 32.90000000000000568 ) ) ;
#5979 = ORIENTED_EDGE ( 'NONE', *, *, #5806, .T. ) ;
#5980 = CARTESIAN_POINT ( 'NONE',  ( 31.25000000000000000, 0.4999999999999935052, -28.85000000000008313 ) ) ;
#5981 = ORIENTED_EDGE ( 'NONE', *, *, #932, .T. ) ;
#5982 = AXIS2_PLACEMENT_3D ( 'NONE', #2904, #6366, #1239 ) ;
#5983 = CARTESIAN_POINT ( 'NONE',  ( 31.25000000000000000, 0.000000000000000000, -31.25000000000008171 ) ) ;
#5984 = CONICAL_SURFACE ( 'NONE', #6349, 1.650000000000002132, 0.7853981633974576049 ) ;
#5985 = DIRECTION ( 'NONE',  ( -0.000000000000000000, -1.000000000000000000, -0.000000000000000000 ) ) ;
#5986 = ORIENTED_EDGE ( 'NONE', *, *, #3489, .T. ) ;
#5987 = DIRECTION ( 'NONE',  ( 0.000000000000000000, 0.7071067811865412445, 0.7071067811865537900 ) ) ;
#5988 = CYLINDRICAL_SURFACE ( 'NONE', #3872, 2.499999999999998668 ) ;
#5989 = ORIENTED_EDGE ( 'NONE', *, *, #90, .F. ) ;
#5990 = FACE_OUTER_BOUND ( 'NONE', #4322, .T. ) ;
#5991 = ORIENTED_EDGE ( 'NONE', *, *, #19, .F. ) ;
#5992 = EDGE_CURVE ( 'NONE', #6413, #2713, #6026, .T. ) ;
#5993 = ADVANCED_FACE ( 'NONE', ( #3423 ), #5697, .F. ) ;
#5994 = CIRCLE ( 'NONE', #4335, 1.649999999999998579 ) ;
#5995 = LINE ( 'NONE', #902, #4393 ) ;
#5996 = CARTESIAN_POINT ( 'NONE',  ( -6.250000000000040856, -2.000000000000000000, -18.75000000000000355 ) ) ;
#5997 = CARTESIAN_POINT ( 'NONE',  ( 18.75000000000008882, 7.499999999999998224, 31.24999999999999645 ) ) ;
#5998 = FACE_OUTER_BOUND ( 'NONE', #6928, .T. ) ;
#5999 = AXIS2_PLACEMENT_3D ( 'NONE', #7271, #546, #3818 ) ;
#6000 = ORIENTED_EDGE ( 'NONE', *, *, #6632, .T. ) ;
#6001 = DIRECTION ( 'NONE',  ( -0.000000000000000000, 1.000000000000000000, -0.000000000000000000 ) ) ;
#6002 = EDGE_CURVE ( 'NONE', #1266, #7215, #2911, .T. ) ;
#6003 = ORIENTED_EDGE ( 'NONE', *, *, #90, .T. ) ;
#6004 = EDGE_CURVE ( 'NONE', #4196, #2691, #616, .T. ) ;
#6005 = EDGE_CURVE ( 'NONE', #6170, #2782, #2115, .T. ) ;
#6006 = DIRECTION ( 'NONE',  ( -0.000000000000000000, 1.000000000000000000, -0.000000000000000000 ) ) ;
#6007 = CARTESIAN_POINT ( 'NONE',  ( 18.75000000000000355, 0.000000000000000000, -6.250000000000041744 ) ) ;
#6008 = ORIENTED_EDGE ( 'NONE', *, *, #2760, .F. ) ;
#6009 = ORIENTED_EDGE ( 'NONE', *, *, #1047, .F. ) ;
#6010 = CARTESIAN_POINT ( 'NONE',  ( 18.75000000000000355, 0.000000000000000000, -6.250000000000041744 ) ) ;
#6011 = CYLINDRICAL_SURFACE ( 'NONE', #1898, 1.649999999999870237 ) ;
#6012 = VECTOR ( 'NONE', #835, 1000.000000000000114 ) ;
#6013 = DIRECTION ( 'NONE',  ( -0.000000000000000000, 1.000000000000000000, -0.000000000000000000 ) ) ;
#6014 = CARTESIAN_POINT ( 'NONE',  ( -6.249999999999996447, 0.000000000000000000, 18.75000000000000000 ) ) ;
#6015 = ORIENTED_EDGE ( 'NONE', *, *, #5317, .T. ) ;
#6016 = DIRECTION ( 'NONE',  ( 0.000000000000000000, 0.000000000000000000, 1.000000000000000000 ) ) ;
#6017 = CARTESIAN_POINT ( 'NONE',  ( -6.249999999999996447, 8.000000000000000000, 20.89999999999999503 ) ) ;
#6018 = AXIS2_PLACEMENT_3D ( 'NONE', #1797, #677, #2937 ) ;
#6019 = AXIS2_PLACEMENT_3D ( 'NONE', #766, #2073, #5335 ) ;
#6020 = DIRECTION ( 'NONE',  ( 0.000000000000000000, 1.000000000000000000, 0.000000000000000000 ) ) ;
#6021 = CARTESIAN_POINT ( 'NONE',  ( 6.250000000000088818, 8.000000000000000000, 31.25000000000000000 ) ) ;
#6022 = ORIENTED_EDGE ( 'NONE', *, *, #7303, .T. ) ;
#6023 = CARTESIAN_POINT ( 'NONE',  ( -40.00000000000000711, 6.999999999999985789, -35.00000000000000711 ) ) ;
#6024 = AXIS2_PLACEMENT_3D ( 'NONE', #665, #5079, #6731 ) ;
#6025 = DIRECTION ( 'NONE',  ( -0.000000000000000000, -1.000000000000000000, -0.000000000000000000 ) ) ;
#6026 = CIRCLE ( 'NONE', #4371, 1.650000000000002132 ) ;
#6027 = ORIENTED_EDGE ( 'NONE', *, *, #6509, .T. ) ;
#6028 = CARTESIAN_POINT ( 'NONE',  ( 18.74999999999999645, 7.499999999999994671, -29.60000000000004405 ) ) ;
#6029 = ORIENTED_EDGE ( 'NONE', *, *, #5835, .T. ) ;
#6030 = CIRCLE ( 'NONE', #6983, 1.650000000000002132 ) ;
#6031 = LINE ( 'NONE', #5365, #239 ) ;
#6032 = DIRECTION ( 'NONE',  ( -0.000000000000000000, 1.000000000000000000, -0.000000000000000000 ) ) ;
#6033 = ADVANCED_FACE ( 'NONE', ( #6338 ), #804, .F. ) ;
#6034 = FACE_OUTER_BOUND ( 'NONE', #2879, .T. ) ;
#6035 = FACE_OUTER_BOUND ( 'NONE', #1032, .T. ) ;
#6036 = ORIENTED_EDGE ( 'NONE', *, *, #5504, .F. ) ;
#6037 = DIRECTION ( 'NONE',  ( -0.000000000000000000, -1.000000000000000000, -0.000000000000000000 ) ) ;
#6038 = ORIENTED_EDGE ( 'NONE', *, *, #4851, .T. ) ;
#6039 = EDGE_LOOP ( 'NONE', ( #6195, #4259 ) ) ;
#6040 = EDGE_CURVE ( 'NONE', #59, #6699, #3999, .T. ) ;
#6041 = EDGE_CURVE ( 'NONE', #7035, #109, #3641, .T. ) ;
#6042 = CARTESIAN_POINT ( 'NONE',  ( 6.249999999999996447, 7.500000000000005329, -31.24999999999986500 ) ) ;
#6043 = CYLINDRICAL_SURFACE ( 'NONE', #1036, 1.650000000000002132 ) ;
#6044 = EDGE_LOOP ( 'NONE', ( #2269, #5758 ) ) ;
#6045 = FACE_OUTER_BOUND ( 'NONE', #5725, .T. ) ;
#6046 = CARTESIAN_POINT ( 'NONE',  ( -31.25000000000000000, 0.000000000000000000, 18.75000000000009237 ) ) ;
#6047 = EDGE_CURVE ( 'NONE', #1537, #2339, #2506, .T. ) ;
#6048 = AXIS2_PLACEMENT_3D ( 'NONE', #1487, #7087, #4739 ) ;
#6049 = CIRCLE ( 'NONE', #5808, 2.150000000000012790 ) ;
#6050 = CARTESIAN_POINT ( 'NONE',  ( -18.75000000000008527, 7.499999999999994671, -32.89999999999999858 ) ) ;
#6051 = CARTESIAN_POINT ( 'NONE',  ( 18.75000000000000355, 0.5000000000000061062, -16.25000000000004263 ) ) ;
#6052 = EDGE_LOOP ( 'NONE', ( #3649, #6299, #5881, #2651 ) ) ;
#6053 = DIRECTION ( 'NONE',  ( 0.000000000000000000, 0.000000000000000000, 1.000000000000000000 ) ) ;
#6054 = ORIENTED_EDGE ( 'NONE', *, *, #4549, .T. ) ;
#6055 = CIRCLE ( 'NONE', #4273, 2.900000000000017231 ) ;
#6056 = AXIS2_PLACEMENT_3D ( 'NONE', #7295, #3984, #6262 ) ;
#6057 = CARTESIAN_POINT ( 'NONE',  ( 6.250000000000000000, 0.5000000000000047740, -6.249999999999998224 ) ) ;
#6058 = DIRECTION ( 'NONE',  ( 8.659560562354861368E-17, -0.7071067811865533459, 0.7071067811865416886 ) ) ;
#6059 = EDGE_LOOP ( 'NONE', ( #4696, #1253, #1811, #2962 ) ) ;
#6060 = DIRECTION ( 'NONE',  ( -0.000000000000000000, 1.000000000000000000, -0.000000000000000000 ) ) ;
#6061 = CONICAL_SURFACE ( 'NONE', #3323, 1.650000000000002132, 0.7853981633974568277 ) ;
#6062 = DIRECTION ( 'NONE',  ( 0.000000000000000000, 1.000000000000000000, 0.000000000000000000 ) ) ;
#6063 = ORIENTED_EDGE ( 'NONE', *, *, #4898, .F. ) ;
#6064 = DIRECTION ( 'NONE',  ( -0.000000000000000000, -1.000000000000000000, -0.000000000000000000 ) ) ;
#6065 = CIRCLE ( 'NONE', #4870, 3.900000000000000799 ) ;
#6066 = EDGE_CURVE ( 'NONE', #2207, #5920, #4105, .T. ) ;
#6067 = ORIENTED_EDGE ( 'NONE', *, *, #5876, .F. ) ;
#6068 = VECTOR ( 'NONE', #6058, 1000.000000000000000 ) ;
#6069 = AXIS2_PLACEMENT_3D ( 'NONE', #6217, #2684, #7251 ) ;
#6070 = AXIS2_PLACEMENT_3D ( 'NONE', #3506, #1772, #2915 ) ;
#6071 = DIRECTION ( 'NONE',  ( 0.000000000000000000, 0.000000000000000000, -1.000000000000000000 ) ) ;
#6072 = CARTESIAN_POINT ( 'NONE',  ( -18.75000000000000355, 0.000000000000000000, 8.400000000000057199 ) ) ;
#6073 = CARTESIAN_POINT ( 'NONE',  ( -6.250000000000040856, 0.000000000000000000, -18.75000000000000355 ) ) ;
#6074 = CARTESIAN_POINT ( 'NONE',  ( 31.25000000000000000, 0.000000000000000000, -31.25000000000008171 ) ) ;
#6075 = EDGE_LOOP ( 'NONE', ( #1671, #2337, #226, #3688 ) ) ;
#6076 = FACE_OUTER_BOUND ( 'NONE', #2234, .T. ) ;
#6077 = EDGE_LOOP ( 'NONE', ( #3262, #3415, #857, #4951, #6785, #4107, #3005, #1845 ) ) ;
#6078 = ORIENTED_EDGE ( 'NONE', *, *, #1818, .T. ) ;
#6079 = CONICAL_SURFACE ( 'NONE', #2510, 3.999999999999982681, 0.7853981633974496113 ) ;
#6080 = VECTOR ( 'NONE', #5587, 1000.000000000000000 ) ;
#6081 = AXIS2_PLACEMENT_3D ( 'NONE', #2126, #4492, #4386 ) ;
#6082 = AXIS2_PLACEMENT_3D ( 'NONE', #4096, #5285, #7004 ) ;
#6083 = CARTESIAN_POINT ( 'NONE',  ( -6.249999999999999112, 8.000000000000000000, 8.400000000000011013 ) ) ;
#6084 = DIRECTION ( 'NONE',  ( -0.000000000000000000, -1.000000000000000000, -0.000000000000000000 ) ) ;
#6085 = EDGE_LOOP ( 'NONE', ( #4408, #1656, #2580, #6942 ) ) ;
#6086 = DIRECTION ( 'NONE',  ( 0.000000000000000000, 0.000000000000000000, -1.000000000000000000 ) ) ;
#6087 = ADVANCED_FACE ( 'NONE', ( #1917 ), #1621, .F. ) ;
#6088 = DIRECTION ( 'NONE',  ( -0.000000000000000000, -1.000000000000000000, -0.000000000000000000 ) ) ;
#6089 = EDGE_CURVE ( 'NONE', #6815, #5255, #3508, .T. ) ;
#6091 = EDGE_CURVE ( 'NONE', #3977, #1075, #3130, .T. ) ;
#6090 = PRODUCT_RELATED_PRODUCT_CATEGORY ( 'detail', '', ( #3663 ) ) ;
#6092 = DIRECTION ( 'NONE',  ( 0.000000000000000000, 0.7071067811865444641, 0.7071067811865505703 ) ) ;
#6093 = DIRECTION ( 'NONE',  ( 0.000000000000000000, 0.000000000000000000, 1.000000000000000000 ) ) ;
#6094 = VERTEX_POINT ( 'NONE', #313 ) ;
#6095 = DIRECTION ( 'NONE',  ( -0.000000000000000000, -1.000000000000000000, -0.000000000000000000 ) ) ;
#6096 = EDGE_CURVE ( 'NONE', #3775, #1521, #5910, .T. ) ;
#6097 = ORIENTED_EDGE ( 'NONE', *, *, #6720, .T. ) ;
#6098 = ADVANCED_FACE ( 'NONE', ( #5998 ), #2702, .F. ) ;
#6099 = ADVANCED_FACE ( 'NONE', ( #1475 ), #6524, .F. ) ;
#6100 = LINE ( 'NONE', #3115, #6068 ) ;
#6101 = ORIENTED_EDGE ( 'NONE', *, *, #7296, .F. ) ;
#6102 = DIRECTION ( 'NONE',  ( 0.000000000000000000, 1.000000000000000000, 0.000000000000000000 ) ) ;
#6103 = DIRECTION ( 'NONE',  ( 0.000000000000000000, 0.000000000000000000, 1.000000000000000000 ) ) ;
#6104 = CONICAL_SURFACE ( 'NONE', #40, 2.149999999999999023, 0.7853981633974381760 ) ;
#6105 = EDGE_LOOP ( 'NONE', ( #2752, #5131, #5645, #1056 ) ) ;
#6106 = PLANE ( 'NONE',  #5029 ) ;
#6107 = EDGE_LOOP ( 'NONE', ( #5319, #7202, #3510, #5440 ) ) ;
#6108 = AXIS2_PLACEMENT_3D ( 'NONE', #5244, #5768, #648 ) ;
#6109 = ADVANCED_FACE ( 'NONE', ( #1357 ), #2933, .F. ) ;
#6110 = MANIFOLD_SOLID_BREP ( '\X2\501289d2\X0\2', #2004 ) ;
#6111 = DIRECTION ( 'NONE',  ( 0.000000000000000000, 0.000000000000000000, 1.000000000000000000 ) ) ;
#6112 = CARTESIAN_POINT ( 'NONE',  ( -31.25000000000008171, 0.000000000000000000, -28.35000000000000142 ) ) ;
#6113 = CARTESIAN_POINT ( 'NONE',  ( 31.25000000000008882, -2.000000000000000000, 28.84999999999999787 ) ) ;
#6114 = CARTESIAN_POINT ( 'NONE',  ( 6.249999999999998224, 0.000000000000000000, 4.099999999999986322 ) ) ;
#6115 = ORIENTED_EDGE ( 'NONE', *, *, #1601, .T. ) ;
#6116 = CARTESIAN_POINT ( 'NONE',  ( -34.99999999999999289, 8.000000000000000000, 38.99999999999997868 ) ) ;
#6117 = AXIS2_PLACEMENT_3D ( 'NONE', #4195, #1379, #3627 ) ;
#6118 = DIRECTION ( 'NONE',  ( -0.000000000000000000, 1.000000000000000000, -0.000000000000000000 ) ) ;
#6119 = DIRECTION ( 'NONE',  ( -0.000000000000000000, -1.000000000000000000, -0.000000000000000000 ) ) ;
#6120 = ORIENTED_EDGE ( 'NONE', *, *, #6005, .T. ) ;
#6121 = DIRECTION ( 'NONE',  ( -0.000000000000000000, 1.000000000000000000, -0.000000000000000000 ) ) ;
#6122 = ORIENTED_EDGE ( 'NONE', *, *, #49, .F. ) ;
#6123 = ADVANCED_FACE ( 'NONE', ( #906 ), #911, .F. ) ;
#6124 = DIRECTION ( 'NONE',  ( 8.659560562354890950E-17, 0.7071067811865510144, -0.7071067811865441310 ) ) ;
#6125 = CARTESIAN_POINT ( 'NONE',  ( -31.25000000000000000, 7.499999999999998224, 6.250000000000090594 ) ) ;
#6126 = ORIENTED_EDGE ( 'NONE', *, *, #5629, .T. ) ;
#6127 = DIRECTION ( 'NONE',  ( 0.000000000000000000, 0.000000000000000000, 1.000000000000000000 ) ) ;
#6128 = ORIENTED_EDGE ( 'NONE', *, *, #4672, .F. ) ;
#6129 = VECTOR ( 'NONE', #7189, 1000.000000000000000 ) ;
#6130 = EDGE_CURVE ( 'NONE', #5042, #3096, #7098, .T. ) ;
#6131 = EDGE_CURVE ( 'NONE', #3064, #3823, #1403, .T. ) ;
#6132 = CARTESIAN_POINT ( 'NONE',  ( 6.249999999999996447, 8.000000000000000000, -31.24999999999986500 ) ) ;
#6133 = ORIENTED_EDGE ( 'NONE', *, *, #2453, .T. ) ;
#6134 = FACE_OUTER_BOUND ( 'NONE', #4552, .T. ) ;
#6135 = CARTESIAN_POINT ( 'NONE',  ( 6.250000000000000000, 7.499999999999998224, -6.249999999999998224 ) ) ;
#6136 = VERTEX_POINT ( 'NONE', #236 ) ;
#6137 = CARTESIAN_POINT ( 'NONE',  ( 31.24999999999986500, 0.000000000000000000, 4.100000000000148859 ) ) ;
#6138 = AXIS2_PLACEMENT_3D ( 'NONE', #4724, #5880, #1387 ) ;
#6139 = EDGE_LOOP ( 'NONE', ( #5974, #1423, #6272, #64 ) ) ;
#6140 = AXIS2_PLACEMENT_3D ( 'NONE', #803, #6488, #7081 ) ;
#6141 = ADVANCED_FACE ( 'NONE', ( #3575 ), #1860, .F. ) ;
#6142 = AXIS2_PLACEMENT_3D ( 'NONE', #551, #2301, #5642 ) ;
#6143 = DIRECTION ( 'NONE',  ( 0.000000000000000000, 0.000000000000000000, 1.000000000000000000 ) ) ;
#6144 = VECTOR ( 'NONE', #4337, 1000.000000000000000 ) ;
#6145 = DIRECTION ( 'NONE',  ( 0.000000000000000000, 0.000000000000000000, 1.000000000000000000 ) ) ;
#6146 = DIRECTION ( 'NONE',  ( -0.000000000000000000, -1.000000000000000000, -0.000000000000000000 ) ) ;
#6147 = CARTESIAN_POINT ( 'NONE',  ( -18.75000000000000000, 7.499999999999994671, -6.250000000000000000 ) ) ;
#6148 = VERTEX_POINT ( 'NONE', #4768 ) ;
#6149 = FACE_BOUND ( 'NONE', #6979, .T. ) ;
#6150 = ORIENTED_EDGE ( 'NONE', *, *, #4591, .F. ) ;
#6151 = CONICAL_SURFACE ( 'NONE', #3289, 1.649999999999870237, 0.7853981633974526089 ) ;
#6152 = DIRECTION ( 'NONE',  ( 0.000000000000000000, 1.000000000000000000, 0.000000000000000000 ) ) ;
#6153 = AXIS2_PLACEMENT_3D ( 'NONE', #4596, #543, #2328 ) ;
#6154 = CARTESIAN_POINT ( 'NONE',  ( 6.250000000000000000, 0.000000000000000000, -4.099999999999985434 ) ) ;
#6155 = ORIENTED_EDGE ( 'NONE', *, *, #680, .F. ) ;
#6156 = LINE ( 'NONE', #5701, #4151 ) ;
#6157 = CARTESIAN_POINT ( 'NONE',  ( -31.25000000000008171, -2.000000000000000000, -28.85000000000000142 ) ) ;
#6158 = DIRECTION ( 'NONE',  ( 0.000000000000000000, 0.000000000000000000, 1.000000000000000000 ) ) ;
#6159 = ORIENTED_EDGE ( 'NONE', *, *, #2445, .T. ) ;
#6160 = CARTESIAN_POINT ( 'NONE',  ( -6.250000000000084377, 0.000000000000000000, -33.40000000000001279 ) ) ;
#6161 = LINE ( 'NONE', #6912, #1408 ) ;
#6162 = EDGE_CURVE ( 'NONE', #6932, #2782, #1433, .T. ) ;
#6163 = DIRECTION ( 'NONE',  ( 8.659560562355008046E-17, 0.7071067811865415775, -0.7071067811865535679 ) ) ;
#6164 = ORIENTED_EDGE ( 'NONE', *, *, #1781, .F. ) ;
#6165 = LINE ( 'NONE', #5605, #5353 ) ;
#6166 = CYLINDRICAL_SURFACE ( 'NONE', #1156, 3.899999999999997247 ) ;
#6167 = ORIENTED_EDGE ( 'NONE', *, *, #818, .F. ) ;
#6168 = DIRECTION ( 'NONE',  ( 0.000000000000000000, 0.000000000000000000, 1.000000000000000000 ) ) ;
#6169 = AXIS2_PLACEMENT_3D ( 'NONE', #4210, #1315, #5327 ) ;
#6170 = VERTEX_POINT ( 'NONE', #197 ) ;
#6171 = ADVANCED_FACE ( 'NONE', ( #3647 ), #2470, .F. ) ;
#6172 = AXIS2_PLACEMENT_3D ( 'NONE', #4698, #725, #1248 ) ;
#6173 = EDGE_CURVE ( 'NONE', #6136, #5686, #7043, .T. ) ;
#6174 = CONICAL_SURFACE ( 'NONE', #5101, 2.149999999999999023, 0.7853981633974380649 ) ;
#6175 = CARTESIAN_POINT ( 'NONE',  ( 34.99999999999999289, 0.000000000000000000, 38.99999999999999289 ) ) ;
#6176 = FACE_BOUND ( 'NONE', #4635, .T. ) ;
#6177 = VECTOR ( 'NONE', #6813, 1000.000000000000114 ) ;
#6178 = ORIENTED_EDGE ( 'NONE', *, *, #5760, .F. ) ;
#6179 = DIRECTION ( 'NONE',  ( -0.000000000000000000, 1.000000000000000000, -0.000000000000000000 ) ) ;
#6180 = CARTESIAN_POINT ( 'NONE',  ( 31.25000000000000000, 0.4999999999999935052, -31.25000000000008171 ) ) ;
#6181 = EDGE_CURVE ( 'NONE', #1083, #6745, #1043, .T. ) ;
#6182 = ORIENTED_EDGE ( 'NONE', *, *, #781, .F. ) ;
#6183 = DIRECTION ( 'NONE',  ( -0.000000000000000000, -1.000000000000000000, -0.000000000000000000 ) ) ;
#6184 = ORIENTED_EDGE ( 'NONE', *, *, #5302, .T. ) ;
#6185 = AXIS2_PLACEMENT_3D ( 'NONE', #4864, #935, #1533 ) ;
#6186 = CONICAL_SURFACE ( 'NONE', #129, 2.150000000000012790, 0.7853981633974562726 ) ;
#6187 = EDGE_CURVE ( 'NONE', #1083, #4578, #424, .T. ) ;
#6188 = CONICAL_SURFACE ( 'NONE', #972, 2.150000000000012790, 0.7853981633974541632 ) ;
#6189 = DIRECTION ( 'NONE',  ( 0.000000000000000000, 1.000000000000000000, 0.000000000000000000 ) ) ;
#6190 = DIRECTION ( 'NONE',  ( -0.000000000000000000, -1.000000000000000000, -0.000000000000000000 ) ) ;
#6191 = VERTEX_POINT ( 'NONE', #4878 ) ;
#6192 = CONICAL_SURFACE ( 'NONE', #3921, 3.999999999999996447, 0.7853981633974496113 ) ;
#6193 = CARTESIAN_POINT ( 'NONE',  ( 18.75000000000000355, 7.499999999999998224, -6.250000000000041744 ) ) ;
#6194 = AXIS2_PLACEMENT_3D ( 'NONE', #6916, #4676, #6241 ) ;
#6195 = ORIENTED_EDGE ( 'NONE', *, *, #6694, .T. ) ;
#6196 = VECTOR ( 'NONE', #1916, 1000.000000000000114 ) ;
#6197 = DIRECTION ( 'NONE',  ( 0.000000000000000000, -1.000000000000000000, 0.000000000000000000 ) ) ;
#6198 = EDGE_CURVE ( 'NONE', #1075, #3648, #6508, .T. ) ;
#6199 = DIRECTION ( 'NONE',  ( 0.000000000000000000, 0.000000000000000000, 1.000000000000000000 ) ) ;
#6200 = DIRECTION ( 'NONE',  ( 0.000000000000000000, 0.000000000000000000, -1.000000000000000000 ) ) ;
#6201 = ORIENTED_EDGE ( 'NONE', *, *, #6509, .F. ) ;
#6202 = DIRECTION ( 'NONE',  ( 0.000000000000000000, 0.000000000000000000, 1.000000000000000000 ) ) ;
#6203 = AXIS2_PLACEMENT_3D ( 'NONE', #7188, #4291, #3721 ) ;
#6204 = DIRECTION ( 'NONE',  ( 8.659560562355012977E-17, 0.7071067811865410224, -0.7071067811865540120 ) ) ;
#6205 = DIRECTION ( 'NONE',  ( 0.000000000000000000, 0.000000000000000000, 1.000000000000000000 ) ) ;
#6206 = ORIENTED_EDGE ( 'NONE', *, *, #4675, .T. ) ;
#6207 = CARTESIAN_POINT ( 'NONE',  ( 31.24999999999999645, 7.499999999999978684, -31.25000000000008171 ) ) ;
#6208 = DIRECTION ( 'NONE',  ( -0.000000000000000000, -1.000000000000000000, -0.000000000000000000 ) ) ;
#6209 = ORIENTED_EDGE ( 'NONE', *, *, #6857, .F. ) ;
#6210 = DIRECTION ( 'NONE',  ( 0.000000000000000000, 0.000000000000000000, 1.000000000000000000 ) ) ;
#6211 = VERTEX_POINT ( 'NONE', #4466 ) ;
#6212 = ORIENTED_EDGE ( 'NONE', *, *, #6040, .F. ) ;
#6213 = CARTESIAN_POINT ( 'NONE',  ( -18.75000000000000000, 0.000000000000000000, -6.250000000000000000 ) ) ;
#6214 = AXIS2_PLACEMENT_3D ( 'NONE', #2292, #4558, #5746 ) ;
#6215 = CARTESIAN_POINT ( 'NONE',  ( -18.75000000000000000, 7.499999999999984013, 16.25000000000004974 ) ) ;
#6216 = ORIENTED_EDGE ( 'NONE', *, *, #4874, .F. ) ;
#6217 = CARTESIAN_POINT ( 'NONE',  ( -31.24999999999999289, 0.000000000000000000, 31.25000000000008882 ) ) ;
#6218 = CARTESIAN_POINT ( 'NONE',  ( 18.74999999999999645, 0.4999999999999922284, -29.60000000000004405 ) ) ;
#6219 = ORIENTED_EDGE ( 'NONE', *, *, #6350, .F. ) ;
#6220 = LINE ( 'NONE', #1584, #1830 ) ;
#6221 = ADVANCED_FACE ( 'NONE', ( #5547 ), #2204, .F. ) ;
#6222 = VERTEX_POINT ( 'NONE', #7221 ) ;
#6223 = AXIS2_PLACEMENT_3D ( 'NONE', #6445, #1350, #5735 ) ;
#6224 = ADVANCED_FACE ( 'NONE', ( #1650 ), #3290, .F. ) ;
#6225 = CARTESIAN_POINT ( 'NONE',  ( -18.74999999999999289, 0.000000000000000000, 33.40000000000004121 ) ) ;
#6226 = CARTESIAN_POINT ( 'NONE',  ( -6.249999999999998224, 0.000000000000000000, -6.250000000000000000 ) ) ;
#6227 = AXIS2_PLACEMENT_3D ( 'NONE', #7313, #1081, #2714 ) ;
#6229 = ORIENTED_EDGE ( 'NONE', *, *, #6956, .T. ) ;
#6228 = EDGE_CURVE ( 'NONE', #4220, #6339, #4364, .T. ) ;
#6230 = DIRECTION ( 'NONE',  ( 0.000000000000000000, 0.000000000000000000, 1.000000000000000000 ) ) ;
#6231 = EDGE_CURVE ( 'NONE', #3188, #3584, #4398, .T. ) ;
#6232 = VECTOR ( 'NONE', #890, 1000.000000000000114 ) ;
#6233 = DIRECTION ( 'NONE',  ( 8.659560562354941486E-17, 0.7071067811865469066, -0.7071067811865482389 ) ) ;
#6234 = DIRECTION ( 'NONE',  ( 0.000000000000000000, 0.000000000000000000, 1.000000000000000000 ) ) ;
#6235 = LINE ( 'NONE', #2218, #4003 ) ;
#6236 = ORIENTED_EDGE ( 'NONE', *, *, #6181, .F. ) ;
#6237 = DIRECTION ( 'NONE',  ( -0.000000000000000000, -1.000000000000000000, -0.000000000000000000 ) ) ;
#6238 = CARTESIAN_POINT ( 'NONE',  ( -35.00000000000000711, 0.000000000000000000, -39.00000000000000711 ) ) ;
#6239 = CARTESIAN_POINT ( 'NONE',  ( -6.249999999999996447, 7.499999999999991118, 20.39999999999999503 ) ) ;
#6240 = ORIENTED_EDGE ( 'NONE', *, *, #4629, .F. ) ;
#6241 = DIRECTION ( 'NONE',  ( 0.000000000000000000, 0.000000000000000000, -1.000000000000000000 ) ) ;
#6242 = CARTESIAN_POINT ( 'NONE',  ( 31.24999999999999645, 3.000000000000000000, -35.15000000000007674 ) ) ;
#6243 = ORIENTED_EDGE ( 'NONE', *, *, #6198, .T. ) ;
#6244 = DIRECTION ( 'NONE',  ( 0.000000000000000000, 0.000000000000000000, 1.000000000000000000 ) ) ;
#6245 = ORIENTED_EDGE ( 'NONE', *, *, #1514, .T. ) ;
#6246 = EDGE_LOOP ( 'NONE', ( #4054, #2280 ) ) ;
#6247 = CARTESIAN_POINT ( 'NONE',  ( 31.25000000000008882, 0.000000000000000000, 31.24999999999999645 ) ) ;
#6248 = CARTESIAN_POINT ( 'NONE',  ( 18.75000000000000000, 0.000000000000000000, 4.100000000000012079 ) ) ;
#6249 = VERTEX_POINT ( 'NONE', #2100 ) ;
#6250 = DIRECTION ( 'NONE',  ( 0.000000000000000000, 0.000000000000000000, -1.000000000000000000 ) ) ;
#6251 = DIRECTION ( 'NONE',  ( 0.000000000000000000, -1.000000000000000000, 0.000000000000000000 ) ) ;
#6252 = EDGE_LOOP ( 'NONE', ( #3043, #3886, #2823, #6385 ) ) ;
#6253 = FACE_BOUND ( 'NONE', #593, .T. ) ;
#6254 = ORIENTED_EDGE ( 'NONE', *, *, #4672, .T. ) ;
#6255 = AXIS2_PLACEMENT_3D ( 'NONE', #2855, #2925, #1711 ) ;
#6256 = CIRCLE ( 'NONE', #7206, 2.399999999999999467 ) ;
#6257 = EDGE_CURVE ( 'NONE', #1715, #3977, #4834, .T. ) ;
#6258 = DIRECTION ( 'NONE',  ( 0.000000000000000000, 1.000000000000000000, 0.000000000000000000 ) ) ;
#6259 = FACE_OUTER_BOUND ( 'NONE', #6992, .T. ) ;
#6260 = VERTEX_POINT ( 'NONE', #3756 ) ;
#6261 = CIRCLE ( 'NONE', #3873, 1.650000000000003020 ) ;
#6262 = DIRECTION ( 'NONE',  ( 0.000000000000000000, 0.000000000000000000, -1.000000000000000000 ) ) ;
#6263 = EDGE_CURVE ( 'NONE', #6958, #1349, #2685, .T. ) ;
#6264 = CONICAL_SURFACE ( 'NONE', #4000, 2.149999999999999023, 0.7853981633974380649 ) ;
#6265 = EDGE_LOOP ( 'NONE', ( #2559, #3149, #3604, #590 ) ) ;
#6266 = EDGE_CURVE ( 'NONE', #5445, #33, #4913, .T. ) ;
#6267 = CC_DESIGN_APPROVAL ( #366, ( #4841 ) ) ;
#6268 = DIRECTION ( 'NONE',  ( -0.000000000000000000, 1.000000000000000000, -0.000000000000000000 ) ) ;
#6269 = CARTESIAN_POINT ( 'NONE',  ( 31.24999999999986500, 8.000000000000000000, 8.399999999999854694 ) ) ;
#6270 = CARTESIAN_POINT ( 'NONE',  ( -18.74999999999999289, 7.499999999999991118, 29.60000000000004761 ) ) ;
#6271 = EDGE_CURVE ( 'NONE', #4748, #335, #4582, .T. ) ;
#6272 = ORIENTED_EDGE ( 'NONE', *, *, #781, .T. ) ;
#6273 = DIRECTION ( 'NONE',  ( 0.000000000000000000, 0.000000000000000000, 1.000000000000000000 ) ) ;
#6274 = LINE ( 'NONE', #5750, #1048 ) ;
#6275 = EDGE_CURVE ( 'NONE', #744, #3925, #1983, .T. ) ;
#6276 = DIRECTION ( 'NONE',  ( 0.000000000000000000, 0.000000000000000000, 1.000000000000000000 ) ) ;
#6277 = CARTESIAN_POINT ( 'NONE',  ( -18.74999999999999289, 0.000000000000000000, 31.25000000000004263 ) ) ;
#6278 = DIRECTION ( 'NONE',  ( 0.000000000000000000, 0.000000000000000000, 1.000000000000000000 ) ) ;
#6279 = ORIENTED_EDGE ( 'NONE', *, *, #7307, .F. ) ;
#6280 = FACE_OUTER_BOUND ( 'NONE', #3937, .T. ) ;
#6281 = ORIENTED_EDGE ( 'NONE', *, *, #909, .F. ) ;
#6282 = ORIENTED_EDGE ( 'NONE', *, *, #4514, .T. ) ;
#6283 = CIRCLE ( 'NONE', #4854, 1.650000000000005684 ) ;
#6284 = FACE_OUTER_BOUND ( 'NONE', #5952, .T. ) ;
#6285 = DIRECTION ( 'NONE',  ( 0.000000000000000000, 0.000000000000000000, 1.000000000000000000 ) ) ;
#6286 = VERTEX_POINT ( 'NONE', #4947 ) ;
#6287 = CYLINDRICAL_SURFACE ( 'NONE', #2745, 1.650000000000000355 ) ;
#6288 = ADVANCED_FACE ( 'NONE', ( #4330 ), #7286, .F. ) ;
#6289 = DIRECTION ( 'NONE',  ( 0.000000000000000000, 0.000000000000000000, -1.000000000000000000 ) ) ;
#6290 = ORIENTED_EDGE ( 'NONE', *, *, #6407, .F. ) ;
#6291 = CARTESIAN_POINT ( 'NONE',  ( 31.24999999999999645, 3.000000000000000000, -31.25000000000008171 ) ) ;
#6292 = AXIS2_PLACEMENT_3D ( 'NONE', #5976, #885, #2044 ) ;
#6293 = EDGE_LOOP ( 'NONE', ( #901, #3760 ) ) ;
#6294 = VECTOR ( 'NONE', #4799, 1000.000000000000000 ) ;
#6295 = CARTESIAN_POINT ( 'NONE',  ( 18.75000000000000355, 0.000000000000000000, -6.250000000000041744 ) ) ;
#6296 = CYLINDRICAL_SURFACE ( 'NONE', #205, 2.499999999999998668 ) ;
#6297 = ORIENTED_EDGE ( 'NONE', *, *, #3036, .F. ) ;
#6298 = AXIS2_PLACEMENT_3D ( 'NONE', #1901, #2529, #2384 ) ;
#6299 = ORIENTED_EDGE ( 'NONE', *, *, #7343, .T. ) ;
#6300 = AXIS2_PLACEMENT_3D ( 'NONE', #454, #1017, #3859 ) ;
#6301 = CARTESIAN_POINT ( 'NONE',  ( 6.250000000000043521, 7.499999999999994671, 17.10000000000000497 ) ) ;
#6302 = ORIENTED_EDGE ( 'NONE', *, *, #5938, .F. ) ;
#6303 = CIRCLE ( 'NONE', #2272, 2.149999999999884448 ) ;
#6304 = AXIS2_PLACEMENT_3D ( 'NONE', #3952, #4930, #3990 ) ;
#6305 = DIRECTION ( 'NONE',  ( 0.000000000000000000, 0.000000000000000000, 1.000000000000000000 ) ) ;
#6306 = EDGE_CURVE ( 'NONE', #1446, #1437, #3202, .T. ) ;
#6307 = DIRECTION ( 'NONE',  ( -0.000000000000000000, -1.000000000000000000, -0.000000000000000000 ) ) ;
#6308 = DIRECTION ( 'NONE',  ( 0.000000000000000000, 1.000000000000000000, 0.000000000000000000 ) ) ;
#6309 = EDGE_LOOP ( 'NONE', ( #6532, #413, #3070, #5389 ) ) ;
#6310 = CARTESIAN_POINT ( 'NONE',  ( 6.249999999999998224, 0.000000000000000000, -18.75000000000000000 ) ) ;
#6311 = ADVANCED_FACE ( 'NONE', ( #6035 ), #1020, .F. ) ;
#6312 = DIRECTION ( 'NONE',  ( -0.000000000000000000, -1.000000000000000000, -0.000000000000000000 ) ) ;
#6313 = AXIS2_PLACEMENT_3D ( 'NONE', #445, #2711, #4426 ) ;
#6314 = AXIS2_PLACEMENT_3D ( 'NONE', #2475, #3583, #5856 ) ;
#6315 = ADVANCED_FACE ( 'NONE', ( #6744 ), #7078, .F. ) ;
#6316 = AXIS2_PLACEMENT_3D ( 'NONE', #3953, #5708, #5634 ) ;
#6317 = EDGE_CURVE ( 'NONE', #6339, #2205, #3862, .T. ) ;
#6318 = DIRECTION ( 'NONE',  ( 0.000000000000000000, 0.000000000000000000, 1.000000000000000000 ) ) ;
#6319 = CIRCLE ( 'NONE', #4180, 1.649999999999998579 ) ;
#6320 = DIRECTION ( 'NONE',  ( 0.000000000000000000, 0.000000000000000000, 1.000000000000000000 ) ) ;
#6321 = DIRECTION ( 'NONE',  ( -0.000000000000000000, 1.000000000000000000, -0.000000000000000000 ) ) ;
#6322 = ORIENTED_EDGE ( 'NONE', *, *, #6004, .T. ) ;
#6323 = FACE_BOUND ( 'NONE', #4928, .T. ) ;
#6324 = EDGE_CURVE ( 'NONE', #4116, #2492, #5054, .T. ) ;
#6325 = ORIENTED_EDGE ( 'NONE', *, *, #453, .T. ) ;
#6326 = ORIENTED_EDGE ( 'NONE', *, *, #6263, .T. ) ;
#6327 = EDGE_CURVE ( 'NONE', #1918, #5010, #3750, .T. ) ;
#6328 = DIRECTION ( 'NONE',  ( 0.000000000000000000, 0.000000000000000000, 1.000000000000000000 ) ) ;
#6329 = CYLINDRICAL_SURFACE ( 'NONE', #3439, 2.400000000000003020 ) ;
#6330 = ORIENTED_EDGE ( 'NONE', *, *, #2095, .F. ) ;
#6331 = DIRECTION ( 'NONE',  ( 0.000000000000000000, 0.000000000000000000, -1.000000000000000000 ) ) ;
#6332 = LINE ( 'NONE', #2794, #2922 ) ;
#6333 = ORIENTED_EDGE ( 'NONE', *, *, #1861, .F. ) ;
#6334 = DIRECTION ( 'NONE',  ( 0.000000000000000000, 0.000000000000000000, 1.000000000000000000 ) ) ;
#6335 = ORIENTED_EDGE ( 'NONE', *, *, #229, .T. ) ;
#6336 = EDGE_CURVE ( 'NONE', #2165, #305, #6925, .T. ) ;
#6337 = DIRECTION ( 'NONE',  ( 0.000000000000000000, 0.000000000000000000, -1.000000000000000000 ) ) ;
#6338 = FACE_OUTER_BOUND ( 'NONE', #844, .T. ) ;
#6339 = VERTEX_POINT ( 'NONE', #1758 ) ;
#6340 = VERTEX_POINT ( 'NONE', #6889 ) ;
#6341 = CYLINDRICAL_SURFACE ( 'NONE', #3903, 2.499999999999995115 ) ;
#6342 = ORIENTED_EDGE ( 'NONE', *, *, #6940, .T. ) ;
#6343 = VECTOR ( 'NONE', #7179, 1000.000000000000000 ) ;
#6344 = CARTESIAN_POINT ( 'NONE',  ( -6.249999999999992895, 0.000000000000000000, 31.24999999999986500 ) ) ;
#6345 = LINE ( 'NONE', #3395, #6578 ) ;
#6346 = EDGE_LOOP ( 'NONE', ( #4233, #690 ) ) ;
#6347 = CARTESIAN_POINT ( 'NONE',  ( -31.24999999999986500, -2.000000000000000000, -6.249999999999998224 ) ) ;
#6348 = DIRECTION ( 'NONE',  ( 0.000000000000000000, 0.7071067811865415775, 0.7071067811865535679 ) ) ;
#6349 = AXIS2_PLACEMENT_3D ( 'NONE', #7348, #5571, #2677 ) ;
#6350 = EDGE_CURVE ( 'NONE', #949, #4982, #2214, .T. ) ;
#6351 = AXIS2_PLACEMENT_3D ( 'NONE', #6310, #3511, #4108 ) ;
#6352 = LINE ( 'NONE', #5151, #3226 ) ;
#6353 = CARTESIAN_POINT ( 'NONE',  ( 6.249999999999998224, 0.5000000000000065503, -18.75000000000000000 ) ) ;
#6354 = ORIENTED_EDGE ( 'NONE', *, *, #563, .F. ) ;
#6355 = DIRECTION ( 'NONE',  ( 0.000000000000000000, 0.7071067811865475727, -0.7071067811865475727 ) ) ;
#6356 = ORIENTED_EDGE ( 'NONE', *, *, #4619, .F. ) ;
#6357 = VERTEX_POINT ( 'NONE', #5133 ) ;
#6358 = EDGE_CURVE ( 'NONE', #2905, #1678, #3347, .T. ) ;
#6359 = EDGE_CURVE ( 'NONE', #5010, #1918, #1392, .T. ) ;
#6360 = CARTESIAN_POINT ( 'NONE',  ( 31.25000000000000000, 0.000000000000000000, -16.60000000000009024 ) ) ;
#6361 = CYLINDRICAL_SURFACE ( 'NONE', #2153, 2.399999999999999467 ) ;
#6362 = VERTEX_POINT ( 'NONE', #4089 ) ;
#6363 = CARTESIAN_POINT ( 'NONE',  ( 6.249999999999998224, -2.000000000000000000, -17.09999999999999787 ) ) ;
#6364 = DIRECTION ( 'NONE',  ( -0.000000000000000000, 1.000000000000000000, -0.000000000000000000 ) ) ;
#6365 = ORIENTED_EDGE ( 'NONE', *, *, #419, .F. ) ;
#6366 = DIRECTION ( 'NONE',  ( -0.000000000000000000, -1.000000000000000000, -0.000000000000000000 ) ) ;
#6367 = ORIENTED_EDGE ( 'NONE', *, *, #5207, .F. ) ;
#6368 = ADVANCED_FACE ( 'NONE', ( #3494, #3381 ), #4014, .T. ) ;
#6369 = AXIS2_PLACEMENT_3D ( 'NONE', #5964, #6482, #7075 ) ;
#6370 = DIRECTION ( 'NONE',  ( 0.000000000000000000, 0.000000000000000000, 1.000000000000000000 ) ) ;
#6371 = LINE ( 'NONE', #718, #1457 ) ;
#6372 = DIRECTION ( 'NONE',  ( 0.000000000000000000, 0.000000000000000000, 1.000000000000000000 ) ) ;
#6373 = VERTEX_POINT ( 'NONE', #2828 ) ;
#6374 = VERTEX_POINT ( 'NONE', #6218 ) ;
#6375 = AXIS2_PLACEMENT_3D ( 'NONE', #2532, #3118, #4828 ) ;
#6376 = CARTESIAN_POINT ( 'NONE',  ( 31.24999999999999645, 7.499999999999978684, -27.35000000000009024 ) ) ;
#6377 = AXIS2_PLACEMENT_3D ( 'NONE', #5038, #3882, #2226 ) ;
#6378 = ORIENTED_EDGE ( 'NONE', *, *, #4675, .F. ) ;
#6379 = DIRECTION ( 'NONE',  ( 0.000000000000000000, 0.000000000000000000, 1.000000000000000000 ) ) ;
#6380 = VECTOR ( 'NONE', #6767, 1000.000000000000000 ) ;
#6381 = AXIS2_PLACEMENT_3D ( 'NONE', #6791, #3501, #1804 ) ;
#6382 = EDGE_LOOP ( 'NONE', ( #1850, #317, #1620, #2119 ) ) ;
#6383 = CARTESIAN_POINT ( 'NONE',  ( 31.24999999999986500, 7.500000000000007994, 6.249999999999995559 ) ) ;
#6384 = PERSON_AND_ORGANIZATION_ROLE ( 'design_owner' ) ;
#6385 = ORIENTED_EDGE ( 'NONE', *, *, #176, .F. ) ;
#6386 = DIRECTION ( 'NONE',  ( 0.000000000000000000, 1.000000000000000000, 0.000000000000000000 ) ) ;
#6387 = DIRECTION ( 'NONE',  ( 8.659560562355010512E-17, 0.7071067811865412445, -0.7071067811865537900 ) ) ;
#6388 = AXIS2_PLACEMENT_3D ( 'NONE', #3182, #2009, #1528 ) ;
#6389 = CARTESIAN_POINT ( 'NONE',  ( -6.249999999999998224, 7.499999999999994671, -6.250000000000000000 ) ) ;
#6390 = CARTESIAN_POINT ( 'NONE',  ( -18.75000000000004263, 0.5000000000000061062, -18.75000000000000355 ) ) ;
#6391 = ORIENTED_EDGE ( 'NONE', *, *, #4186, .F. ) ;
#6392 = FACE_BOUND ( 'NONE', #6293, .T. ) ;
#6393 = ORIENTED_EDGE ( 'NONE', *, *, #2654, .F. ) ;
#6394 = ORIENTED_EDGE ( 'NONE', *, *, #5865, .T. ) ;
#6395 = ADVANCED_FACE ( 'NONE', ( #529 ), #3282, .F. ) ;
#6396 = LINE ( 'NONE', #3490, #4039 ) ;
#6397 = DIRECTION ( 'NONE',  ( 0.000000000000000000, 0.000000000000000000, 1.000000000000000000 ) ) ;
#6398 = ORIENTED_EDGE ( 'NONE', *, *, #4814, .F. ) ;
#6399 = CARTESIAN_POINT ( 'NONE',  ( 6.250000000000000000, 0.5000000000000047740, -7.900000000000000355 ) ) ;
#6400 = CYLINDRICAL_SURFACE ( 'NONE', #3983, 1.649999999999998579 ) ;
#6401 = VERTEX_POINT ( 'NONE', #6817 ) ;
#6402 = DIRECTION ( 'NONE',  ( 0.000000000000000000, 0.000000000000000000, 1.000000000000000000 ) ) ;
#6403 = ADVANCED_FACE ( 'NONE', ( #2868 ), #5651, .F. ) ;
#6404 = ORIENTED_EDGE ( 'NONE', *, *, #5022, .F. ) ;
#6405 = EDGE_CURVE ( 'NONE', #191, #1521, #6332, .T. ) ;
#6406 = AXIS2_PLACEMENT_3D ( 'NONE', #2554, #4261, #3699 ) ;
#6407 = EDGE_CURVE ( 'NONE', #1881, #3257, #564, .T. ) ;
#6408 = LINE ( 'NONE', #3128, #1065 ) ;
#6409 = CONICAL_SURFACE ( 'NONE', #7341, 1.649999999999998579, 0.7853981633974554954 ) ;
#6410 = DIRECTION ( 'NONE',  ( 0.000000000000000000, 0.7071067811865469066, 0.7071067811865482389 ) ) ;
#6411 = DIRECTION ( 'NONE',  ( -0.000000000000000000, -1.000000000000000000, -0.000000000000000000 ) ) ;
#6412 = VERTEX_POINT ( 'NONE', #5050 ) ;
#6413 = VERTEX_POINT ( 'NONE', #44 ) ;
#6414 = ORIENTED_EDGE ( 'NONE', *, *, #178, .T. ) ;
#6415 = EDGE_CURVE ( 'NONE', #6560, #836, #1867, .T. ) ;
#6416 = AXIS2_PLACEMENT_3D ( 'NONE', #6565, #5921, #6601 ) ;
#6417 = DIRECTION ( 'NONE',  ( -0.000000000000000000, 1.000000000000000000, -0.000000000000000000 ) ) ;
#6418 = ORIENTED_EDGE ( 'NONE', *, *, #3657, .T. ) ;
#6419 = DIRECTION ( 'NONE',  ( 0.000000000000000000, 0.000000000000000000, -1.000000000000000000 ) ) ;
#6420 = AXIS2_PLACEMENT_3D ( 'NONE', #560, #6886, #4541 ) ;
#6421 = VERTEX_POINT ( 'NONE', #79 ) ;
#6422 = AXIS2_PLACEMENT_3D ( 'NONE', #2824, #4084, #112 ) ;
#6423 = DIRECTION ( 'NONE',  ( -0.000000000000000000, 1.000000000000000000, -0.000000000000000000 ) ) ;
#6424 = ORIENTED_EDGE ( 'NONE', *, *, #2445, .F. ) ;
#6425 = CARTESIAN_POINT ( 'NONE',  ( -31.24999999999999289, 3.000000000000000000, 28.85000000000009024 ) ) ;
#6426 = DIRECTION ( 'NONE',  ( -0.000000000000000000, 1.000000000000000000, -0.000000000000000000 ) ) ;
#6427 = CIRCLE ( 'NONE', #3211, 1.650000000000002132 ) ;
#6428 = VECTOR ( 'NONE', #6993, 1000.000000000000000 ) ;
#6429 = AXIS2_PLACEMENT_3D ( 'NONE', #2014, #5275, #2455 ) ;
#6430 = ADVANCED_FACE ( 'NONE', ( #646 ), #5537, .F. ) ;
#6431 = DIRECTION ( 'NONE',  ( -0.000000000000000000, -1.000000000000000000, -0.000000000000000000 ) ) ;
#6432 = DIRECTION ( 'NONE',  ( 0.000000000000000000, 0.000000000000000000, 1.000000000000000000 ) ) ;
#6433 = CIRCLE ( 'NONE', #3220, 3.899999999999993694 ) ;
#6434 = EDGE_LOOP ( 'NONE', ( #1512, #2305, #5406, #6155 ) ) ;
#6435 = FACE_OUTER_BOUND ( 'NONE', #919, .T. ) ;
#6436 = AXIS2_PLACEMENT_3D ( 'NONE', #321, #5518, #3694 ) ;
#6437 = EDGE_LOOP ( 'NONE', ( #1893, #3714, #1616, #4699 ) ) ;
#6438 = CIRCLE ( 'NONE', #5237, 2.149999999999985256 ) ;
#6439 = LINE ( 'NONE', #6589, #4402 ) ;
#6440 = DIRECTION ( 'NONE',  ( 0.000000000000000000, 0.000000000000000000, 1.000000000000000000 ) ) ;
#6441 = ORIENTED_EDGE ( 'NONE', *, *, #4430, .T. ) ;
#6442 = DIRECTION ( 'NONE',  ( 0.000000000000000000, 0.7071067811865511255, 0.7071067811865440200 ) ) ;
#6443 = DIRECTION ( 'NONE',  ( -0.000000000000000000, -1.000000000000000000, -0.000000000000000000 ) ) ;
#6444 = ORIENTED_EDGE ( 'NONE', *, *, #2398, .F. ) ;
#6445 = CARTESIAN_POINT ( 'NONE',  ( -6.249999999999999112, 0.5000000000000056621, 6.249999999999998224 ) ) ;
#6446 = ORIENTED_EDGE ( 'NONE', *, *, #1139, .T. ) ;
#6447 = VECTOR ( 'NONE', #2403, 1000.000000000000000 ) ;
#6448 = CARTESIAN_POINT ( 'NONE',  ( -31.24999999999999289, 3.000000000000000000, 31.25000000000008882 ) ) ;
#6449 = DIRECTION ( 'NONE',  ( 0.000000000000000000, 1.000000000000000000, 0.000000000000000000 ) ) ;
#6450 = ADVANCED_FACE ( 'NONE', ( #4614 ), #4503, .F. ) ;
#6451 = LINE ( 'NONE', #5208, #6196 ) ;
#6452 = DIRECTION ( 'NONE',  ( 0.000000000000000000, 0.000000000000000000, 1.000000000000000000 ) ) ;
#6453 = ORIENTED_EDGE ( 'NONE', *, *, #5835, .F. ) ;
#6454 = EDGE_CURVE ( 'NONE', #3314, #6094, #5201, .T. ) ;
#6455 = EDGE_CURVE ( 'NONE', #1446, #927, #3939, .T. ) ;
#6456 = DIRECTION ( 'NONE',  ( 0.000000000000000000, 0.000000000000000000, 1.000000000000000000 ) ) ;
#6457 = CARTESIAN_POINT ( 'NONE',  ( 31.25000000000000000, -2.000000000000000000, -17.10000000000008669 ) ) ;
#6458 = AXIS2_PLACEMENT_3D ( 'NONE', #1216, #23, #4633 ) ;
#6459 = ORIENTED_EDGE ( 'NONE', *, *, #6041, .F. ) ;
#6460 = PERSON_AND_ORGANIZATION ( #3223, #5072 ) ;
#6461 = ORIENTED_EDGE ( 'NONE', *, *, #4514, .F. ) ;
#6462 = CARTESIAN_POINT ( 'NONE',  ( 39.99999999999999289, 6.999999999999985789, 35.00000000000000000 ) ) ;
#6463 = DIRECTION ( 'NONE',  ( 0.000000000000000000, 0.000000000000000000, 1.000000000000000000 ) ) ;
#6464 = ADVANCED_FACE ( 'NONE', ( #1347 ), #6400, .F. ) ;
#6465 = CONICAL_SURFACE ( 'NONE', #7281, 3.000000000000002665, 0.7853981633974466137 ) ;
#6466 = DIRECTION ( 'NONE',  ( 0.000000000000000000, 1.000000000000000000, 0.000000000000000000 ) ) ;
#6467 = CARTESIAN_POINT ( 'NONE',  ( -31.24999999999999289, 7.500000000000000888, 31.25000000000008882 ) ) ;
#6468 = ORIENTED_EDGE ( 'NONE', *, *, #124, .T. ) ;
#6469 = FACE_OUTER_BOUND ( 'NONE', #6995, .T. ) ;
#6470 = ORIENTED_EDGE ( 'NONE', *, *, #1724, .T. ) ;
#6471 = DIRECTION ( 'NONE',  ( 0.000000000000000000, 0.7071067811865526798, 0.7071067811865424657 ) ) ;
#6472 = DIRECTION ( 'NONE',  ( 0.000000000000000000, 1.000000000000000000, 0.000000000000000000 ) ) ;
#6473 = EDGE_LOOP ( 'NONE', ( #35, #4670 ) ) ;
#6474 = DIRECTION ( 'NONE',  ( 0.000000000000000000, 0.000000000000000000, 1.000000000000000000 ) ) ;
#6475 = FACE_OUTER_BOUND ( 'NONE', #1235, .T. ) ;
#6476 = VERTEX_POINT ( 'NONE', #786 ) ;
#6477 = LINE ( 'NONE', #5919, #5515 ) ;
#6478 = EDGE_LOOP ( 'NONE', ( #4654, #5193, #837, #1103 ) ) ;
#6479 = DIRECTION ( 'NONE',  ( 0.000000000000000000, 0.000000000000000000, 1.000000000000000000 ) ) ;
#6480 = DIRECTION ( 'NONE',  ( 0.000000000000000000, 0.000000000000000000, 1.000000000000000000 ) ) ;
#6481 = CARTESIAN_POINT ( 'NONE',  ( 6.250000000000000000, 8.000000000000000000, -6.249999999999998224 ) ) ;
#6482 = DIRECTION ( 'NONE',  ( 0.000000000000000000, 1.000000000000000000, 0.000000000000000000 ) ) ;
#6483 = ORIENTED_EDGE ( 'NONE', *, *, #4619, .T. ) ;
#6484 = ORIENTED_EDGE ( 'NONE', *, *, #600, .F. ) ;
#6485 = EDGE_CURVE ( 'NONE', #6222, #33, #1028, .T. ) ;
#6486 = VECTOR ( 'NONE', #496, 1000.000000000000000 ) ;
#6487 = DIRECTION ( 'NONE',  ( 0.000000000000000000, 0.000000000000000000, -1.000000000000000000 ) ) ;
#6488 = DIRECTION ( 'NONE',  ( -0.000000000000000000, -1.000000000000000000, -0.000000000000000000 ) ) ;
#6489 = ORIENTED_EDGE ( 'NONE', *, *, #7305, .F. ) ;
#6490 = VECTOR ( 'NONE', #225, 1000.000000000000000 ) ;
#6491 = PERSON_AND_ORGANIZATION_ROLE ( 'design_supplier' ) ;
#6492 = AXIS2_PLACEMENT_3D ( 'NONE', #284, #2038, #5292 ) ;
#6493 = EDGE_LOOP ( 'NONE', ( #549, #6732, #907, #5243 ) ) ;
#6494 = LINE ( 'NONE', #2588, #2606 ) ;
#6495 = EDGE_CURVE ( 'NONE', #7145, #2845, #3012, .T. ) ;
#6496 = CARTESIAN_POINT ( 'NONE',  ( 18.75000000000000000, 8.000000000000000000, 4.100000000000012079 ) ) ;
#6497 = EDGE_CURVE ( 'NONE', #4897, #976, #3867, .T. ) ;
#6498 = CIRCLE ( 'NONE', #4241, 1.650000000000002132 ) ;
#6499 = AXIS2_PLACEMENT_3D ( 'NONE', #1840, #4510, #6372 ) ;
#6500 = EDGE_CURVE ( 'NONE', #1266, #4664, #3083, .T. ) ;
#6501 = DIRECTION ( 'NONE',  ( 0.000000000000000000, 0.000000000000000000, 1.000000000000000000 ) ) ;
#6502 = DIRECTION ( 'NONE',  ( 0.000000000000000000, 1.000000000000000000, 0.000000000000000000 ) ) ;
#6503 = ORIENTED_EDGE ( 'NONE', *, *, #3691, .T. ) ;
#6504 = DIRECTION ( 'NONE',  ( -0.000000000000000000, -1.000000000000000000, -0.000000000000000000 ) ) ;
#6505 = ORIENTED_EDGE ( 'NONE', *, *, #2233, .F. ) ;
#6506 = AXIS2_PLACEMENT_3D ( 'NONE', #4894, #4268, #403 ) ;
#6507 = VERTEX_POINT ( 'NONE', #2018 ) ;
#6508 = CIRCLE ( 'NONE', #318, 2.899999999999999911 ) ;
#6509 = EDGE_CURVE ( 'NONE', #6260, #5445, #6994, .T. ) ;
#6510 = VECTOR ( 'NONE', #2051, 1000.000000000000000 ) ;
#6511 = APPROVAL_PERSON_ORGANIZATION ( #5260, #6548, #5785 ) ;
#6512 = DIRECTION ( 'NONE',  ( -0.000000000000000000, 1.000000000000000000, -0.000000000000000000 ) ) ;
#6513 = CARTESIAN_POINT ( 'NONE',  ( 18.75000000000008882, 0.000000000000000000, 31.24999999999999645 ) ) ;
#6514 = ORIENTED_EDGE ( 'NONE', *, *, #2850, .F. ) ;
#6515 = DIRECTION ( 'NONE',  ( 0.000000000000000000, 1.000000000000000000, 0.000000000000000000 ) ) ;
#6516 = DIRECTION ( 'NONE',  ( 0.000000000000000000, 1.000000000000000000, 0.000000000000000000 ) ) ;
#6517 = EDGE_LOOP ( 'NONE', ( #2243, #2687, #3176, #552 ) ) ;
#6518 = CARTESIAN_POINT ( 'NONE',  ( 6.249999999999998224, 0.5000000000000065503, -20.40000000000000213 ) ) ;
#6519 = VERTEX_POINT ( 'NONE', #1980 ) ;
#6520 = EDGE_CURVE ( 'NONE', #3977, #1715, #5175, .T. ) ;
#6521 = DIRECTION ( 'NONE',  ( 0.000000000000000000, 0.000000000000000000, 1.000000000000000000 ) ) ;
#6522 = DIRECTION ( 'NONE',  ( 0.000000000000000000, 1.000000000000000000, 0.000000000000000000 ) ) ;
#6523 = LINE ( 'NONE', #5367, #3108 ) ;
#6524 = CYLINDRICAL_SURFACE ( 'NONE', #3157, 1.649999999999870237 ) ;
#6525 = ORIENTED_EDGE ( 'NONE', *, *, #5022, .T. ) ;
#6526 = DIRECTION ( 'NONE',  ( 0.000000000000000000, 0.000000000000000000, 1.000000000000000000 ) ) ;
#6527 = EDGE_LOOP ( 'NONE', ( #1679, #4256, #5478, #3285 ) ) ;
#6528 = VECTOR ( 'NONE', #5825, 1000.000000000000000 ) ;
#6529 = VECTOR ( 'NONE', #4263, 1000.000000000000000 ) ;
#6530 = CARTESIAN_POINT ( 'NONE',  ( -18.75000000000000000, -2.000000000000000000, -4.600000000000001421 ) ) ;
#6531 = DIRECTION ( 'NONE',  ( 0.000000000000000000, 1.000000000000000000, 0.000000000000000000 ) ) ;
#6532 = ORIENTED_EDGE ( 'NONE', *, *, #1771, .F. ) ;
#6533 = CIRCLE ( 'NONE', #6416, 2.149999999999999023 ) ;
#6534 = ORIENTED_EDGE ( 'NONE', *, *, #2319, .F. ) ;
#6535 = DIRECTION ( 'NONE',  ( 0.000000000000000000, 0.000000000000000000, 1.000000000000000000 ) ) ;
#6536 = CARTESIAN_POINT ( 'NONE',  ( 18.75000000000004263, 0.000000000000000000, 15.74999999999999645 ) ) ;
#6537 = AXIS2_PLACEMENT_3D ( 'NONE', #5014, #4328, #422 ) ;
#6538 = CONICAL_SURFACE ( 'NONE', #2381, 1.649999999999998579, 0.7853981633974432830 ) ;
#6539 = ADVANCED_FACE ( 'NONE', ( #1904 ), #2805, .F. ) ;
#6540 = DIRECTION ( 'NONE',  ( 0.000000000000000000, 0.000000000000000000, 1.000000000000000000 ) ) ;
#6541 = CARTESIAN_POINT ( 'NONE',  ( 18.75000000000008882, -2.000000000000000000, 31.24999999999999645 ) ) ;
#6542 = EDGE_LOOP ( 'NONE', ( #4455, #36 ) ) ;
#6543 = DIRECTION ( 'NONE',  ( 0.000000000000000000, 0.000000000000000000, 1.000000000000000000 ) ) ;
#6544 = CONICAL_SURFACE ( 'NONE', #2111, 1.649999999999998579, 0.7853981633974432830 ) ;
#6545 = ORIENTED_EDGE ( 'NONE', *, *, #2003, .T. ) ;
#6546 = AXIS2_PLACEMENT_3D ( 'NONE', #3244, #2827, #2759 ) ;
#6547 = CIRCLE ( 'NONE', #3326, 1.649999999999869349 ) ;
#6548 = APPROVAL ( #4145, 'æœª' ) ;
#6549 = EDGE_CURVE ( 'NONE', #3634, #7053, #5321, .T. ) ;
#6550 = CARTESIAN_POINT ( 'NONE',  ( 31.25000000000000000, 0.5000000000000038858, -6.250000000000086153 ) ) ;
#6551 = CIRCLE ( 'NONE', #3332, 2.149999999999999023 ) ;
#6552 = EDGE_CURVE ( 'NONE', #108, #4318, #1945, .T. ) ;
#6553 = FACE_OUTER_BOUND ( 'NONE', #465, .T. ) ;
#6554 = CIRCLE ( 'NONE', #3812, 2.149999999999999023 ) ;
#6555 = EDGE_LOOP ( 'NONE', ( #1328, #5756, #4365, #2341 ) ) ;
#6556 = CARTESIAN_POINT ( 'NONE',  ( -31.25000000000004263, 8.000000000000000000, -18.75000000000000000 ) ) ;
#6557 = DIRECTION ( 'NONE',  ( 0.000000000000000000, 1.000000000000000000, 0.000000000000000000 ) ) ;
#6558 = EDGE_LOOP ( 'NONE', ( #6643, #4007, #2826, #530 ) ) ;
#6559 = FACE_BOUND ( 'NONE', #6542, .T. ) ;
#6560 = VERTEX_POINT ( 'NONE', #7034 ) ;
#6561 = ORIENTED_EDGE ( 'NONE', *, *, #3759, .T. ) ;
#6562 = ADVANCED_FACE ( 'NONE', ( #4756 ), #5391, .F. ) ;
#6563 = AXIS2_PLACEMENT_3D ( 'NONE', #1150, #68, #6806 ) ;
#6564 = AXIS2_PLACEMENT_3D ( 'NONE', #1765, #683, #1839 ) ;
#6565 = CARTESIAN_POINT ( 'NONE',  ( -6.250000000000040856, 0.000000000000000000, -18.75000000000000355 ) ) ;
#6566 = DIRECTION ( 'NONE',  ( 0.000000000000000000, 0.000000000000000000, 1.000000000000000000 ) ) ;
#6567 = FACE_OUTER_BOUND ( 'NONE', #5682, .T. ) ;
#6568 = DIRECTION ( 'NONE',  ( 0.000000000000000000, 0.000000000000000000, 1.000000000000000000 ) ) ;
#6569 = AXIS2_PLACEMENT_3D ( 'NONE', #775, #3032, #214 ) ;
#6570 = ORIENTED_EDGE ( 'NONE', *, *, #578, .T. ) ;
#6571 = FACE_OUTER_BOUND ( 'NONE', #6587, .T. ) ;
#6572 = CIRCLE ( 'NONE', #2968, 1.650000000000002132 ) ;
#6573 = VERTEX_POINT ( 'NONE', #304 ) ;
#6574 = VERTEX_POINT ( 'NONE', #865 ) ;
#6575 = CARTESIAN_POINT ( 'NONE',  ( 31.25000000000008882, 3.000000000000000000, 28.84999999999999787 ) ) ;
#6576 = LINE ( 'NONE', #322, #793 ) ;
#6577 = ORIENTED_EDGE ( 'NONE', *, *, #7298, .T. ) ;
#6578 = VECTOR ( 'NONE', #579, 1000.000000000000000 ) ;
#6579 = ORIENTED_EDGE ( 'NONE', *, *, #3217, .T. ) ;
#6580 = CARTESIAN_POINT ( 'NONE',  ( 18.74999999999999645, 7.499999999999994671, -31.25000000000004263 ) ) ;
#6581 = DIRECTION ( 'NONE',  ( -0.000000000000000000, -1.000000000000000000, -0.000000000000000000 ) ) ;
#6582 = CIRCLE ( 'NONE', #755, 2.149999999999995470 ) ;
#6583 = DIRECTION ( 'NONE',  ( 0.000000000000000000, 0.000000000000000000, -1.000000000000000000 ) ) ;
#6584 = DIRECTION ( 'NONE',  ( 0.000000000000000000, 0.000000000000000000, 1.000000000000000000 ) ) ;
#6585 = EDGE_LOOP ( 'NONE', ( #4282, #5140 ) ) ;
#6586 = DIRECTION ( 'NONE',  ( 0.000000000000000000, 0.000000000000000000, 1.000000000000000000 ) ) ;
#6587 = EDGE_LOOP ( 'NONE', ( #4649, #5957, #1479, #5872 ) ) ;
#6588 = EDGE_CURVE ( 'NONE', #4116, #2587, #709, .T. ) ;
#6589 = CARTESIAN_POINT ( 'NONE',  ( 31.24999999999999645, 7.499999999999978684, -35.15000000000007674 ) ) ;
#6590 = CIRCLE ( 'NONE', #1489, 2.150000000000023448 ) ;
#6591 = LINE ( 'NONE', #4317, #7018 ) ;
#6592 = VERTEX_POINT ( 'NONE', #3601 ) ;
#6593 = CARTESIAN_POINT ( 'NONE',  ( 18.75000000000000355, 8.000000000000000000, -6.250000000000041744 ) ) ;
#6594 = CARTESIAN_POINT ( 'NONE',  ( -31.24999999999986500, 0.000000000000000000, -4.100000000000123990 ) ) ;
#6595 = ORIENTED_EDGE ( 'NONE', *, *, #2473, .F. ) ;
#6596 = LINE ( 'NONE', #1468, #5021 ) ;
#6597 = ORIENTED_EDGE ( 'NONE', *, *, #4800, .F. ) ;
#6598 = ADVANCED_FACE ( 'NONE', ( #6475 ), #194, .F. ) ;
#6599 = AXIS2_PLACEMENT_3D ( 'NONE', #3112, #3035, #6543 ) ;
#6600 = ADVANCED_FACE ( 'NONE', ( #7104 ), #1147, .F. ) ;
#6601 = DIRECTION ( 'NONE',  ( 0.000000000000000000, 0.000000000000000000, 1.000000000000000000 ) ) ;
#6602 = LINE ( 'NONE', #2098, #5348 ) ;
#6603 = CARTESIAN_POINT ( 'NONE',  ( -6.249999999999998224, 0.000000000000000000, -4.099999999999987210 ) ) ;
#6604 = CARTESIAN_POINT ( 'NONE',  ( 34.99999999999999289, 1.000000000000000888, 35.00000000000000000 ) ) ;
#6605 = ADVANCED_FACE ( 'NONE', ( #3637 ), #676, .F. ) ;
#6606 = ORIENTED_EDGE ( 'NONE', *, *, #5454, .T. ) ;
#6607 = CARTESIAN_POINT ( 'NONE',  ( -18.75000000000000000, 8.000000000000000000, -4.099999999999987210 ) ) ;
#6608 = ORIENTED_EDGE ( 'NONE', *, *, #274, .T. ) ;
#6609 = LINE ( 'NONE', #1400, #2746 ) ;
#6610 = DIRECTION ( 'NONE',  ( 0.000000000000000000, 0.000000000000000000, 1.000000000000000000 ) ) ;
#6611 = ORIENTED_EDGE ( 'NONE', *, *, #1310, .F. ) ;
#6612 = EDGE_LOOP ( 'NONE', ( #5570, #1152, #2083, #2899 ) ) ;
#6613 = LINE ( 'NONE', #4343, #6883 ) ;
#6614 = DIRECTION ( 'NONE',  ( 0.000000000000000000, 0.000000000000000000, 1.000000000000000000 ) ) ;
#6615 = EDGE_CURVE ( 'NONE', #4578, #532, #4126, .T. ) ;
#6616 = VECTOR ( 'NONE', #266, 1000.000000000000000 ) ;
#6617 = CARTESIAN_POINT ( 'NONE',  ( 35.00000000000000000, 0.000000000000000000, -35.00000000000000711 ) ) ;
#6618 = CARTESIAN_POINT ( 'NONE',  ( -35.00000000000000711, 0.000000000000000000, -39.00000000000000711 ) ) ;
#6619 = EDGE_LOOP ( 'NONE', ( #2396, #6597, #3943, #1240 ) ) ;
#6620 = LINE ( 'NONE', #405, #4448 ) ;
#6621 = ORIENTED_EDGE ( 'NONE', *, *, #3437, .F. ) ;
#6622 = AXIS2_PLACEMENT_3D ( 'NONE', #2712, #5465, #4971 ) ;
#6623 = AXIS2_PLACEMENT_3D ( 'NONE', #894, #5985, #4424 ) ;
#6624 = CARTESIAN_POINT ( 'NONE',  ( -18.75000000000008527, -2.000000000000000000, -29.60000000000000142 ) ) ;
#6625 = DIRECTION ( 'NONE',  ( -0.000000000000000000, -1.000000000000000000, -0.000000000000000000 ) ) ;
#6626 = EDGE_LOOP ( 'NONE', ( #6182, #4114, #1940, #2965 ) ) ;
#6627 = CARTESIAN_POINT ( 'NONE',  ( 18.75000000000000355, 7.499999999999998224, -6.250000000000041744 ) ) ;
#6628 = AXIS2_PLACEMENT_3D ( 'NONE', #4230, #7021, #3110 ) ;
#6629 = DIRECTION ( 'NONE',  ( -0.000000000000000000, -1.000000000000000000, -0.000000000000000000 ) ) ;
#6630 = ORIENTED_EDGE ( 'NONE', *, *, #49, .T. ) ;
#6631 = FACE_OUTER_BOUND ( 'NONE', #7230, .T. ) ;
#6632 = EDGE_CURVE ( 'NONE', #4063, #866, #1623, .T. ) ;
#6633 = EDGE_LOOP ( 'NONE', ( #4154, #3577, #4612, #1369 ) ) ;
#6634 = AXIS2_PLACEMENT_3D ( 'NONE', #2778, #2812, #2296 ) ;
#6635 = CARTESIAN_POINT ( 'NONE',  ( -18.74999999999999289, 7.499999999999991118, 31.25000000000004263 ) ) ;
#6636 = ADVANCED_FACE ( 'NONE', ( #4934 ), #2060, .F. ) ;
#6637 = DIRECTION ( 'NONE',  ( 8.659560562354996953E-17, 0.7071067811865424657, -0.7071067811865526798 ) ) ;
#6638 = DIRECTION ( 'NONE',  ( 0.000000000000000000, -1.000000000000000000, 0.000000000000000000 ) ) ;
#6639 = DIRECTION ( 'NONE',  ( 0.000000000000000000, 1.000000000000000000, 0.000000000000000000 ) ) ;
#6640 = ORIENTED_EDGE ( 'NONE', *, *, #7047, .T. ) ;
#6641 = DIRECTION ( 'NONE',  ( -0.000000000000000000, -1.000000000000000000, -0.000000000000000000 ) ) ;
#6642 = EDGE_CURVE ( 'NONE', #5204, #4682, #2167, .T. ) ;
#6643 = ORIENTED_EDGE ( 'NONE', *, *, #6856, .F. ) ;
#6644 = ADVANCED_FACE ( 'NONE', ( #4904 ), #7317, .F. ) ;
#6645 = DIRECTION ( 'NONE',  ( -0.000000000000000000, -1.000000000000000000, -0.000000000000000000 ) ) ;
#6646 = DIRECTION ( 'NONE',  ( -0.000000000000000000, 1.000000000000000000, -0.000000000000000000 ) ) ;
#6648 = ORIENTED_EDGE ( 'NONE', *, *, #4898, .T. ) ;
#6647 = ADVANCED_FACE ( 'NONE', ( #4354 ), #5988, .F. ) ;
#6649 = COORDINATED_UNIVERSAL_TIME_OFFSET ( 8, 0, .AHEAD. ) ;
#6650 = CARTESIAN_POINT ( 'NONE',  ( 31.25000000000008882, 0.5000000000000160982, 31.24999999999999645 ) ) ;
#6651 = CARTESIAN_POINT ( 'NONE',  ( 18.74999999999999645, -2.000000000000000000, -31.25000000000004263 ) ) ;
#6652 = EDGE_CURVE ( 'NONE', #605, #5535, #440, .T. ) ;
#6653 = ORIENTED_EDGE ( 'NONE', *, *, #4130, .T. ) ;
#6654 = AXIS2_PLACEMENT_3D ( 'NONE', #142, #6237, #3436 ) ;
#6655 = DIRECTION ( 'NONE',  ( -0.000000000000000000, 1.000000000000000000, -0.000000000000000000 ) ) ;
#6656 = CYLINDRICAL_SURFACE ( 'NONE', #1638, 1.650000000000002132 ) ;
#6657 = ORIENTED_EDGE ( 'NONE', *, *, #6552, .T. ) ;
#6658 = CARTESIAN_POINT ( 'NONE',  ( -18.75000000000000355, 8.000000000000000000, 6.250000000000043521 ) ) ;
#6659 = EDGE_LOOP ( 'NONE', ( #6742, #5989, #6850, #706 ) ) ;
#6660 = ADVANCED_FACE ( 'NONE', ( #7276 ), #2643, .F. ) ;
#6661 = AXIS2_PLACEMENT_3D ( 'NONE', #399, #2077, #6086 ) ;
#6662 = CIRCLE ( 'NONE', #480, 1.649999999999869349 ) ;
#6663 = CARTESIAN_POINT ( 'NONE',  ( -18.75000000000000000, -2.000000000000000000, 16.25000000000004974 ) ) ;
#6664 = VERTEX_POINT ( 'NONE', #938 ) ;
#6665 = DIRECTION ( 'NONE',  ( -0.000000000000000000, -1.000000000000000000, -0.000000000000000000 ) ) ;
#6666 = AXIS2_PLACEMENT_3D ( 'NONE', #5046, #6814, #4462 ) ;
#6667 = DIRECTION ( 'NONE',  ( -0.000000000000000000, 1.000000000000000000, -0.000000000000000000 ) ) ;
#6668 = ORIENTED_EDGE ( 'NONE', *, *, #6720, .F. ) ;
#6669 = CARTESIAN_POINT ( 'NONE',  ( 6.250000000000000000, -2.000000000000000000, -6.249999999999998224 ) ) ;
#6670 = AXIS2_PLACEMENT_3D ( 'NONE', #1462, #5386, #4160 ) ;
#6671 = ORIENTED_EDGE ( 'NONE', *, *, #2003, .F. ) ;
#6672 = CONICAL_SURFACE ( 'NONE', #6905, 2.149999999999985256, 0.7853981633974400633 ) ;
#6673 = VECTOR ( 'NONE', #6471, 999.9999999999998863 ) ;
#6674 = DIRECTION ( 'NONE',  ( 0.000000000000000000, 1.000000000000000000, 0.000000000000000000 ) ) ;
#6675 = LINE ( 'NONE', #3720, #3551 ) ;
#6676 = DIRECTION ( 'NONE',  ( 0.000000000000000000, 0.000000000000000000, 1.000000000000000000 ) ) ;
#6677 = DIRECTION ( 'NONE',  ( -0.000000000000000000, -1.000000000000000000, -0.000000000000000000 ) ) ;
#6678 = ORIENTED_EDGE ( 'NONE', *, *, #1733, .F. ) ;
#6679 = DIRECTION ( 'NONE',  ( 0.000000000000000000, 1.000000000000000000, 0.000000000000000000 ) ) ;
#6680 = AXIS2_PLACEMENT_3D ( 'NONE', #3624, #6431, #886 ) ;
#6681 = VECTOR ( 'NONE', #14, 1000.000000000000000 ) ;
#6682 = ADVANCED_FACE ( 'NONE', ( #4387 ), #5656, .F. ) ;
#6683 = VECTOR ( 'NONE', #3201, 1000.000000000000114 ) ;
#6684 = DIRECTION ( 'NONE',  ( -0.000000000000000000, 1.000000000000000000, -0.000000000000000000 ) ) ;
#6685 = DIRECTION ( 'NONE',  ( -0.000000000000000000, -1.000000000000000000, -0.000000000000000000 ) ) ;
#6686 = ORIENTED_EDGE ( 'NONE', *, *, #4216, .F. ) ;
#6687 = CARTESIAN_POINT ( 'NONE',  ( 6.250000000000000000, 0.000000000000000000, -6.249999999999998224 ) ) ;
#6688 = AXIS2_PLACEMENT_3D ( 'NONE', #5524, #964, #999 ) ;
#6689 = ADVANCED_FACE ( 'NONE', ( #6701 ), #5180, .T. ) ;
#6690 = VERTEX_POINT ( 'NONE', #3302 ) ;
#6691 = EDGE_CURVE ( 'NONE', #4578, #7321, #2110, .T. ) ;
#6692 = CARTESIAN_POINT ( 'NONE',  ( 6.250000000000043521, 0.000000000000000000, 16.60000000000000497 ) ) ;
#6693 = CARTESIAN_POINT ( 'NONE',  ( -34.99999999999999289, 8.000000000000000000, 34.99999999999999289 ) ) ;
#6694 = EDGE_CURVE ( 'NONE', #6821, #4566, #1035, .T. ) ;
#6695 = EDGE_LOOP ( 'NONE', ( #351, #394, #635, #4791 ) ) ;
#6696 = DIRECTION ( 'NONE',  ( -0.000000000000000000, -1.000000000000000000, -0.000000000000000000 ) ) ;
#6697 = ORIENTED_EDGE ( 'NONE', *, *, #1014, .F. ) ;
#6698 = DIRECTION ( 'NONE',  ( 0.000000000000000000, 1.000000000000000000, 0.000000000000000000 ) ) ;
#6699 = VERTEX_POINT ( 'NONE', #1536 ) ;
#6700 = CARTESIAN_POINT ( 'NONE',  ( -18.74999999999999289, 8.000000000000000000, 33.40000000000005542 ) ) ;
#6701 = FACE_OUTER_BOUND ( 'NONE', #7007, .T. ) ;
#6702 = AXIS2_PLACEMENT_3D ( 'NONE', #3725, #6001, #3167 ) ;
#6703 = EDGE_LOOP ( 'NONE', ( #5582, #3113, #5941, #2822 ) ) ;
#6704 = DIRECTION ( 'NONE',  ( 0.000000000000000000, -0.000000000000000000, 1.000000000000000000 ) ) ;
#6705 = EDGE_LOOP ( 'NONE', ( #3628, #2400, #4736, #7058 ) ) ;
#6706 = CONICAL_SURFACE ( 'NONE', #1116, 1.650000000000002132, 0.7853981633974568277 ) ;
#6707 = CARTESIAN_POINT ( 'NONE',  ( 6.249999999999998224, 0.5000000000000065503, -17.09999999999999787 ) ) ;
#6708 = DIRECTION ( 'NONE',  ( 0.000000000000000000, -0.7071067811865415775, -0.7071067811865535679 ) ) ;
#6709 = CARTESIAN_POINT ( 'NONE',  ( 31.25000000000000000, 0.000000000000000000, -6.250000000000086153 ) ) ;
#6710 = CARTESIAN_POINT ( 'NONE',  ( 18.75000000000004263, -2.000000000000000000, 18.75000000000000000 ) ) ;
#6711 = ORIENTED_EDGE ( 'NONE', *, *, #791, .T. ) ;
#6712 = DIRECTION ( 'NONE',  ( 0.000000000000000000, 1.000000000000000000, 0.000000000000000000 ) ) ;
#6713 = CIRCLE ( 'NONE', #888, 2.150000000000012790 ) ;
#6714 = VECTOR ( 'NONE', #2846, 1000.000000000000000 ) ;
#6715 = DIRECTION ( 'NONE',  ( 0.000000000000000000, 0.000000000000000000, 1.000000000000000000 ) ) ;
#6716 = CARTESIAN_POINT ( 'NONE',  ( -18.75000000000000000, 0.4999999999999947820, -6.250000000000000000 ) ) ;
#6717 = ORIENTED_EDGE ( 'NONE', *, *, #2670, .F. ) ;
#6718 = EDGE_CURVE ( 'NONE', #6932, #6865, #3169, .T. ) ;
#6719 = DIRECTION ( 'NONE',  ( 0.000000000000000000, 0.000000000000000000, 1.000000000000000000 ) ) ;
#6720 = EDGE_CURVE ( 'NONE', #238, #1486, #4475, .T. ) ;
#6721 = CYLINDRICAL_SURFACE ( 'NONE', #3933, 1.650000000000002132 ) ;
#6722 = DIRECTION ( 'NONE',  ( -0.000000000000000000, -1.000000000000000000, -0.000000000000000000 ) ) ;
#6723 = ORIENTED_EDGE ( 'NONE', *, *, #1960, .F. ) ;
#6724 = CARTESIAN_POINT ( 'NONE',  ( -31.25000000000008171, 0.4999999999999935052, -33.64999999999999858 ) ) ;
#6725 = CARTESIAN_POINT ( 'NONE',  ( 6.249999999999998224, 0.5000000000000047740, 6.249999999999999112 ) ) ;
#6726 = AXIS2_PLACEMENT_3D ( 'NONE', #6710, #945, #457 ) ;
#6727 = ADVANCED_FACE ( 'NONE', ( #447 ), #6738, .F. ) ;
#6728 = DIRECTION ( 'NONE',  ( -0.000000000000000000, 1.000000000000000000, -0.000000000000000000 ) ) ;
#6729 = ORIENTED_EDGE ( 'NONE', *, *, #4908, .F. ) ;
#6730 = LINE ( 'NONE', #6766, #254 ) ;
#6731 = DIRECTION ( 'NONE',  ( 0.000000000000000000, 0.000000000000000000, 1.000000000000000000 ) ) ;
#6732 = ORIENTED_EDGE ( 'NONE', *, *, #1933, .F. ) ;
#6733 = DIRECTION ( 'NONE',  ( 0.000000000000000000, 0.000000000000000000, 1.000000000000000000 ) ) ;
#6734 = EDGE_CURVE ( 'NONE', #2277, #1786, #2675, .T. ) ;
#6735 = AXIS2_PLACEMENT_3D ( 'NONE', #7323, #4657, #4056 ) ;
#6736 = EDGE_LOOP ( 'NONE', ( #153, #1948 ) ) ;
#6737 = CONICAL_SURFACE ( 'NONE', #1270, 2.149999999999999023, 0.7853981633974380649 ) ;
#6738 = CONICAL_SURFACE ( 'NONE', #6622, 1.649999999999998579, 0.7853981633974569387 ) ;
#6739 = DIRECTION ( 'NONE',  ( 0.000000000000000000, 1.000000000000000000, 0.000000000000000000 ) ) ;
#6740 = CIRCLE ( 'NONE', #2224, 2.150000000000012790 ) ;
#6741 = CARTESIAN_POINT ( 'NONE',  ( 6.249999999999996447, 0.4999999999999947820, -31.24999999999986500 ) ) ;
#6742 = ORIENTED_EDGE ( 'NONE', *, *, #6495, .F. ) ;
#6743 = LINE ( 'NONE', #3894, #12 ) ;
#6744 = FACE_OUTER_BOUND ( 'NONE', #1842, .T. ) ;
#6745 = VERTEX_POINT ( 'NONE', #7244 ) ;
#6746 = FACE_BOUND ( 'NONE', #3147, .T. ) ;
#6747 = ORIENTED_EDGE ( 'NONE', *, *, #3759, .F. ) ;
#6748 = CIRCLE ( 'NONE', #1401, 1.650000000000003020 ) ;
#6749 = ADVANCED_FACE ( 'NONE', ( #4867 ), #3286, .F. ) ;
#6750 = CARTESIAN_POINT ( 'NONE',  ( -31.25000000000004263, 0.5000000000000108802, -18.75000000000000000 ) ) ;
#6751 = CARTESIAN_POINT ( 'NONE',  ( 31.25000000000000000, 8.000000000000000000, -18.75000000000008882 ) ) ;
#6752 = ORIENTED_EDGE ( 'NONE', *, *, #830, .T. ) ;
#6753 = CARTESIAN_POINT ( 'NONE',  ( 31.24999999999999645, 8.000000000000000000, -35.65000000000009805 ) ) ;
#6754 = VERTEX_POINT ( 'NONE', #4568 ) ;
#6755 = DIRECTION ( 'NONE',  ( 0.000000000000000000, 1.000000000000000000, 0.000000000000000000 ) ) ;
#6756 = FACE_OUTER_BOUND ( 'NONE', #3329, .T. ) ;
#6757 = CARTESIAN_POINT ( 'NONE',  ( -6.249999999999992895, 8.000000000000000000, 33.39999999999974989 ) ) ;
#6758 = VERTEX_POINT ( 'NONE', #5121 ) ;
#6759 = CARTESIAN_POINT ( 'NONE',  ( -18.75000000000000000, 7.499999999999994671, -6.250000000000000000 ) ) ;
#6760 = CARTESIAN_POINT ( 'NONE',  ( -6.250000000000084377, 0.000000000000000000, -29.09999999999998721 ) ) ;
#6761 = CIRCLE ( 'NONE', #6406, 1.649999999999995248 ) ;
#6762 = CONICAL_SURFACE ( 'NONE', #6292, 3.000000000000002665, 0.7853981633974466137 ) ;
#6763 = EDGE_CURVE ( 'NONE', #4347, #1284, #1151, .T. ) ;
#6764 = DIRECTION ( 'NONE',  ( -0.000000000000000000, 1.000000000000000000, -0.000000000000000000 ) ) ;
#6765 = EDGE_LOOP ( 'NONE', ( #6391, #2930, #790, #6545 ) ) ;
#6766 = CARTESIAN_POINT ( 'NONE',  ( -6.249999999999999112, 0.000000000000000000, 8.400000000000011013 ) ) ;
#6767 = DIRECTION ( 'NONE',  ( 1.000000000000000000, 0.000000000000000000, 0.000000000000000000 ) ) ;
#6768 = ORIENTED_EDGE ( 'NONE', *, *, #4008, .F. ) ;
#6769 = CARTESIAN_POINT ( 'NONE',  ( 18.74999999999999645, 0.000000000000000000, -33.40000000000004121 ) ) ;
#6770 = ORIENTED_EDGE ( 'NONE', *, *, #1247, .F. ) ;
#6771 = VECTOR ( 'NONE', #4945, 1000.000000000000000 ) ;
#6772 = VERTEX_POINT ( 'NONE', #4457 ) ;
#6773 = CIRCLE ( 'NONE', #2841, 2.150000000000027001 ) ;
#6774 = ADVANCED_FACE ( 'NONE', ( #4493 ), #1226, .F. ) ;
#6775 = EDGE_CURVE ( 'NONE', #7195, #4748, #3408, .T. ) ;
#6776 = CIRCLE ( 'NONE', #364, 2.149999999999999023 ) ;
#6777 = CARTESIAN_POINT ( 'NONE',  ( 6.250000000000043521, 0.000000000000000000, 18.75000000000000355 ) ) ;
#6778 = DIRECTION ( 'NONE',  ( -0.000000000000000000, 1.000000000000000000, -0.000000000000000000 ) ) ;
#6779 = AXIS2_PLACEMENT_3D ( 'NONE', #4461, #6739, #4978 ) ;
#6780 = VERTEX_POINT ( 'NONE', #1674 ) ;
#6781 = DIRECTION ( 'NONE',  ( -0.000000000000000000, 1.000000000000000000, -0.000000000000000000 ) ) ;
#6782 = CARTESIAN_POINT ( 'NONE',  ( -6.250000000000040856, 0.000000000000000000, -16.60000000000000497 ) ) ;
#6783 = ORIENTED_EDGE ( 'NONE', *, *, #2024, .T. ) ;
#6784 = DIRECTION ( 'NONE',  ( 0.000000000000000000, 0.000000000000000000, 1.000000000000000000 ) ) ;
#6785 = ORIENTED_EDGE ( 'NONE', *, *, #7079, .T. ) ;
#6786 = ADVANCED_FACE ( 'NONE', ( #1639 ), #6166, .F. ) ;
#6787 = CIRCLE ( 'NONE', #6185, 1.649999999999995248 ) ;
#6788 = AXIS2_PLACEMENT_3D ( 'NONE', #1019, #3277, #5546 ) ;
#6789 = CIRCLE ( 'NONE', #2161, 2.149999999999999911 ) ;
#6790 = DIRECTION ( 'NONE',  ( 0.000000000000000000, 0.000000000000000000, 1.000000000000000000 ) ) ;
#6791 = CARTESIAN_POINT ( 'NONE',  ( -31.25000000000008171, -2.000000000000000000, -31.25000000000000000 ) ) ;
#6792 = VECTOR ( 'NONE', #1346, 1000.000000000000114 ) ;
#6793 = ORIENTED_EDGE ( 'NONE', *, *, #5898, .F. ) ;
#6794 = CIRCLE ( 'NONE', #492, 1.649999999999998579 ) ;
#6795 = DIRECTION ( 'NONE',  ( 0.000000000000000000, 1.000000000000000000, 0.000000000000000000 ) ) ;
#6796 = AXIS2_PLACEMENT_3D ( 'NONE', #5380, #6466, #4709 ) ;
#6797 = AXIS2_PLACEMENT_3D ( 'NONE', #6295, #2909, #6337 ) ;
#6798 = DIRECTION ( 'NONE',  ( -0.000000000000000000, 1.000000000000000000, -0.000000000000000000 ) ) ;
#6799 = CARTESIAN_POINT ( 'NONE',  ( -31.24999999999999289, 0.5000000000000160982, 28.85000000000009024 ) ) ;
#6800 = DIRECTION ( 'NONE',  ( 8.659560562354964906E-17, -0.7071067811865449082, 0.7071067811865501263 ) ) ;
#6801 = ORIENTED_EDGE ( 'NONE', *, *, #1933, .T. ) ;
#6802 = DIRECTION ( 'NONE',  ( 0.000000000000000000, 0.000000000000000000, 1.000000000000000000 ) ) ;
#6803 = DIRECTION ( 'NONE',  ( 0.000000000000000000, 0.000000000000000000, -1.000000000000000000 ) ) ;
#6804 = DIRECTION ( 'NONE',  ( 0.000000000000000000, 0.000000000000000000, 1.000000000000000000 ) ) ;
#6805 = EDGE_LOOP ( 'NONE', ( #6630, #4975, #6394, #168 ) ) ;
#6806 = DIRECTION ( 'NONE',  ( 0.000000000000000000, 0.000000000000000000, 1.000000000000000000 ) ) ;
#6807 = DIRECTION ( 'NONE',  ( 0.000000000000000000, 0.000000000000000000, 1.000000000000000000 ) ) ;
#6808 = VERTEX_POINT ( 'NONE', #7346 ) ;
#6809 = FACE_OUTER_BOUND ( 'NONE', #3384, .T. ) ;
#6810 = ORIENTED_EDGE ( 'NONE', *, *, #6002, .F. ) ;
#6811 = VERTEX_POINT ( 'NONE', #6877 ) ;
#6812 = EDGE_CURVE ( 'NONE', #3140, #6780, #2814, .T. ) ;
#6813 = DIRECTION ( 'NONE',  ( 8.659560562354845344E-17, -0.7071067811865546782, 0.7071067811865403563 ) ) ;
#6814 = DIRECTION ( 'NONE',  ( 0.000000000000000000, 1.000000000000000000, 0.000000000000000000 ) ) ;
#6815 = VERTEX_POINT ( 'NONE', #1078 ) ;
#6816 = DIRECTION ( 'NONE',  ( 0.000000000000000000, 1.000000000000000000, 0.000000000000000000 ) ) ;
#6817 = CARTESIAN_POINT ( 'NONE',  ( -31.25000000000000000, 8.000000000000000000, 20.90000000000011937 ) ) ;
#6818 = EDGE_LOOP ( 'NONE', ( #1425, #722, #6860, #244 ) ) ;
#6819 = DIRECTION ( 'NONE',  ( 0.000000000000000000, 0.000000000000000000, 1.000000000000000000 ) ) ;
#6820 = EDGE_CURVE ( 'NONE', #6148, #3412, #1993, .T. ) ;
#6821 = VERTEX_POINT ( 'NONE', #69 ) ;
#6822 = ADVANCED_FACE ( 'NONE', ( #1745 ), #3338, .F. ) ;
#6823 = VECTOR ( 'NONE', #1129, 1000.000000000000000 ) ;
#6824 = ADVANCED_FACE ( 'NONE', ( #1785 ), #2230, .F. ) ;
#6825 = CARTESIAN_POINT ( 'NONE',  ( 18.75000000000004263, 7.499999999999984013, 21.24999999999999289 ) ) ;
#6826 = DIRECTION ( 'NONE',  ( -0.000000000000000000, -1.000000000000000000, -0.000000000000000000 ) ) ;
#6827 = EDGE_LOOP ( 'NONE', ( #4770, #5514, #4496, #1665 ) ) ;
#6828 = EDGE_CURVE ( 'NONE', #6865, #6932, #4942, .T. ) ;
#6829 = LINE ( 'NONE', #1699, #120 ) ;
#6830 = AXIS2_PLACEMENT_3D ( 'NONE', #2667, #6696, #6053 ) ;
#6831 = ORIENTED_EDGE ( 'NONE', *, *, #4132, .T. ) ;
#6832 = FACE_OUTER_BOUND ( 'NONE', #6976, .T. ) ;
#6833 = CARTESIAN_POINT ( 'NONE',  ( 18.75000000000000355, 8.000000000000000000, -21.75000000000004263 ) ) ;
#6834 = CARTESIAN_POINT ( 'NONE',  ( 39.99999999999999289, 1.000000000000000888, -40.00000000000000711 ) ) ;
#6835 = VERTEX_POINT ( 'NONE', #5721 ) ;
#6836 = CARTESIAN_POINT ( 'NONE',  ( -18.75000000000004263, 7.499999999999987566, -18.75000000000000355 ) ) ;
#6837 = DIRECTION ( 'NONE',  ( -0.000000000000000000, -1.000000000000000000, -0.000000000000000000 ) ) ;
#6838 = EDGE_CURVE ( 'NONE', #3698, #1284, #5427, .T. ) ;
#6839 = DIRECTION ( 'NONE',  ( 0.000000000000000000, -0.7071067811865424657, -0.7071067811865526798 ) ) ;
#6840 = EDGE_LOOP ( 'NONE', ( #7312, #3968, #4170, #7013 ) ) ;
#6841 = CARTESIAN_POINT ( 'NONE',  ( 6.250000000000043521, 0.000000000000000000, 20.90000000000000213 ) ) ;
#6842 = DIRECTION ( 'NONE',  ( 0.000000000000000000, 0.000000000000000000, 1.000000000000000000 ) ) ;
#6843 = VERTEX_POINT ( 'NONE', #6242 ) ;
#6844 = FACE_BOUND ( 'NONE', #4738, .T. ) ;
#6845 = ORIENTED_EDGE ( 'NONE', *, *, #6096, .F. ) ;
#6846 = ORIENTED_EDGE ( 'NONE', *, *, #6405, .T. ) ;
#6847 = AXIS2_PLACEMENT_3D ( 'NONE', #165, #873, #6452 ) ;
#6848 = CARTESIAN_POINT ( 'NONE',  ( 35.00000000000000000, 8.000000000000000000, -35.00000000000000711 ) ) ;
#6849 = FACE_OUTER_BOUND ( 'NONE', #6933, .T. ) ;
#6850 = ORIENTED_EDGE ( 'NONE', *, *, #869, .T. ) ;
#6851 = FACE_OUTER_BOUND ( 'NONE', #2568, .T. ) ;
#6852 = DIRECTION ( 'NONE',  ( 0.000000000000000000, 0.000000000000000000, 1.000000000000000000 ) ) ;
#6853 = ORIENTED_EDGE ( 'NONE', *, *, #5674, .F. ) ;
#6854 = CARTESIAN_POINT ( 'NONE',  ( 6.249999999999998224, 0.000000000000000000, 6.249999999999999112 ) ) ;
#6855 = ORIENTED_EDGE ( 'NONE', *, *, #2186, .F. ) ;
#6856 = EDGE_CURVE ( 'NONE', #6476, #5384, #555, .T. ) ;
#6857 = EDGE_CURVE ( 'NONE', #4725, #3732, #1749, .T. ) ;
#6858 = DIRECTION ( 'NONE',  ( 8.659560562355008046E-17, -0.7071067811865415775, 0.7071067811865535679 ) ) ;
#6859 = LINE ( 'NONE', #2356, #2342 ) ;
#6860 = ORIENTED_EDGE ( 'NONE', *, *, #6131, .F. ) ;
#6861 = VECTOR ( 'NONE', #5345, 1000.000000000000114 ) ;
#6862 = CARTESIAN_POINT ( 'NONE',  ( 18.75000000000000000, 7.500000000000005329, 6.249999999999997335 ) ) ;
#6863 = ADVANCED_FACE ( 'NONE', ( #3964 ), #519, .F. ) ;
#6864 = AXIS2_PLACEMENT_3D ( 'NONE', #2258, #5073, #4523 ) ;
#6865 = VERTEX_POINT ( 'NONE', #105 ) ;
#6866 = EDGE_CURVE ( 'NONE', #744, #1193, #5152, .T. ) ;
#6867 = LOCAL_TIME ( 10, 59, 10.00000000000000000, #5183 ) ;
#6868 = EDGE_CURVE ( 'NONE', #5146, #989, #86, .T. ) ;
#6869 = DIRECTION ( 'NONE',  ( 0.000000000000000000, 0.000000000000000000, 1.000000000000000000 ) ) ;
#6870 = CARTESIAN_POINT ( 'NONE',  ( -6.249999999999998224, 0.000000000000000000, -8.400000000000012790 ) ) ;
#6871 = CARTESIAN_POINT ( 'NONE',  ( -34.99999999999999289, 1.000000000000000888, 39.99999999999999289 ) ) ;
#6872 = ORIENTED_EDGE ( 'NONE', *, *, #3498, .F. ) ;
#6873 = CARTESIAN_POINT ( 'NONE',  ( -6.250000000000084377, 0.000000000000000000, -31.25000000000000000 ) ) ;
#6874 = FACE_OUTER_BOUND ( 'NONE', #1978, .T. ) ;
#6875 = CYLINDRICAL_SURFACE ( 'NONE', #1624, 1.649999999999998579 ) ;
#6876 = DIRECTION ( 'NONE',  ( -0.000000000000000000, 1.000000000000000000, -0.000000000000000000 ) ) ;
#6877 = CARTESIAN_POINT ( 'NONE',  ( 18.75000000000000355, 7.499999999999987566, -16.25000000000004263 ) ) ;
#6878 = ORIENTED_EDGE ( 'NONE', *, *, #2760, .T. ) ;
#6879 = FACE_BOUND ( 'NONE', #3488, .T. ) ;
#6880 = ORIENTED_EDGE ( 'NONE', *, *, #6173, .F. ) ;
#6881 = EDGE_CURVE ( 'NONE', #5457, #3470, #5782, .T. ) ;
#6882 = ORIENTED_EDGE ( 'NONE', *, *, #1701, .T. ) ;
#6883 = VECTOR ( 'NONE', #2659, 1000.000000000000000 ) ;
#6884 = CONICAL_SURFACE ( 'NONE', #4621, 2.149999999999999023, 0.7853981633974376209 ) ;
#6885 = CARTESIAN_POINT ( 'NONE',  ( 6.249999999999998224, 7.499999999999998224, -20.40000000000000213 ) ) ;
#6886 = DIRECTION ( 'NONE',  ( 0.000000000000000000, 1.000000000000000000, 0.000000000000000000 ) ) ;
#6887 = EDGE_LOOP ( 'NONE', ( #797, #5156, #6611, #3027 ) ) ;
#6888 = DIRECTION ( 'NONE',  ( 8.659560562355008046E-17, -0.7071067811865415775, 0.7071067811865535679 ) ) ;
#6889 = CARTESIAN_POINT ( 'NONE',  ( 18.75000000000008882, 8.000000000000000000, 33.39999999999999147 ) ) ;
#6890 = EDGE_LOOP ( 'NONE', ( #979, #681, #596, #4071 ) ) ;
#6891 = CARTESIAN_POINT ( 'NONE',  ( 31.24999999999986500, 7.500000000000007994, 4.600000000000133760 ) ) ;
#6892 = AXIS2_PLACEMENT_3D ( 'NONE', #508, #6795, #2836 ) ;
#6893 = VERTEX_POINT ( 'NONE', #3516 ) ;
#6894 = CONICAL_SURFACE ( 'NONE', #6420, 1.649999999999996136, 0.7853981633974430610 ) ;
#6895 = CONICAL_SURFACE ( 'NONE', #5350, 2.149999999999999023, 0.7853981633974380649 ) ;
#6896 = CYLINDRICAL_SURFACE ( 'NONE', #2873, 1.650000000000002132 ) ;
#6897 = CARTESIAN_POINT ( 'NONE',  ( -6.250000000000040856, -2.000000000000000000, -20.40000000000000213 ) ) ;
#6898 = ORIENTED_EDGE ( 'NONE', *, *, #6187, .T. ) ;
#6899 = AXIS2_PLACEMENT_3D ( 'NONE', #3008, #5239, #1265 ) ;
#6900 = ORIENTED_EDGE ( 'NONE', *, *, #6454, .T. ) ;
#6901 = CIRCLE ( 'NONE', #2041, 3.900000000000000799 ) ;
#6902 = DIRECTION ( 'NONE',  ( -0.000000000000000000, -1.000000000000000000, -0.000000000000000000 ) ) ;
#6903 = EDGE_CURVE ( 'NONE', #1486, #238, #5542, .T. ) ;
#6904 = ORIENTED_EDGE ( 'NONE', *, *, #3136, .T. ) ;
#6905 = AXIS2_PLACEMENT_3D ( 'NONE', #823, #3117, #3635 ) ;
#6906 = FACE_OUTER_BOUND ( 'NONE', #621, .T. ) ;
#6907 = CARTESIAN_POINT ( 'NONE',  ( -18.75000000000004263, 0.000000000000000000, -18.75000000000000355 ) ) ;
#6908 = PERSON_AND_ORGANIZATION ( #3223, #5072 ) ;
#6909 = ORIENTED_EDGE ( 'NONE', *, *, #5719, .F. ) ;
#6910 = DIRECTION ( 'NONE',  ( 0.000000000000000000, 0.000000000000000000, 1.000000000000000000 ) ) ;
#6911 = EDGE_CURVE ( 'NONE', #3705, #726, #6498, .T. ) ;
#6912 = CARTESIAN_POINT ( 'NONE',  ( 31.25000000000004263, 7.499999999999998224, 17.09999999999999432 ) ) ;
#6913 = CONICAL_SURFACE ( 'NONE', #6194, 2.149999999999999023, 0.7853981633974378429 ) ;
#6914 = EDGE_CURVE ( 'NONE', #1896, #3375, #776, .T. ) ;
#6915 = AXIS2_PLACEMENT_3D ( 'NONE', #4416, #1067, #7164 ) ;
#6916 = CARTESIAN_POINT ( 'NONE',  ( -18.74999999999999289, 0.000000000000000000, 31.25000000000004263 ) ) ;
#6917 = CARTESIAN_POINT ( 'NONE',  ( -6.249999999999992895, 0.000000000000000000, 29.10000000000000853 ) ) ;
#6918 = EDGE_LOOP ( 'NONE', ( #6855, #449, #6648, #3458 ) ) ;
#6919 = DIRECTION ( 'NONE',  ( 1.000000000000000000, -0.000000000000000000, 0.000000000000000000 ) ) ;
#6920 = VERTEX_POINT ( 'NONE', #215 ) ;
#6921 = CARTESIAN_POINT ( 'NONE',  ( 6.250000000000043521, 7.499999999999994671, 20.40000000000000213 ) ) ;
#6922 = FACE_OUTER_BOUND ( 'NONE', #3492, .T. ) ;
#6923 = ORIENTED_EDGE ( 'NONE', *, *, #2724, .F. ) ;
#6924 = CYLINDRICAL_SURFACE ( 'NONE', #2383, 3.899999999999993694 ) ;
#6925 = LINE ( 'NONE', #117, #4470 ) ;
#6926 = EDGE_LOOP ( 'NONE', ( #3080, #437, #3865, #6279 ) ) ;
#6927 = DIRECTION ( 'NONE',  ( -0.000000000000000000, -1.000000000000000000, -0.000000000000000000 ) ) ;
#6928 = EDGE_LOOP ( 'NONE', ( #5261, #4452, #2033, #1478 ) ) ;
#6929 = CIRCLE ( 'NONE', #6214, 2.149999999999999023 ) ;
#6930 = CARTESIAN_POINT ( 'NONE',  ( -6.250000000000084377, 7.499999999999994671, -29.60000000000000142 ) ) ;
#6931 = CARTESIAN_POINT ( 'NONE',  ( -31.25000000000000000, 7.499999999999998224, 6.250000000000090594 ) ) ;
#6932 = VERTEX_POINT ( 'NONE', #150 ) ;
#6933 = EDGE_LOOP ( 'NONE', ( #6164, #3928, #5125, #73 ) ) ;
#6934 = AXIS2_PLACEMENT_3D ( 'NONE', #3383, #5654, #6819 ) ;
#6935 = FACE_OUTER_BOUND ( 'NONE', #720, .T. ) ;
#6936 = ORIENTED_EDGE ( 'NONE', *, *, #3978, .T. ) ;
#6937 = CIRCLE ( 'NONE', #1841, 3.000000000000002665 ) ;
#6938 = CARTESIAN_POINT ( 'NONE',  ( -18.75000000000000355, 0.000000000000000000, 6.250000000000043521 ) ) ;
#6939 = CARTESIAN_POINT ( 'NONE',  ( 31.25000000000000000, 7.499999999999998224, -18.75000000000008882 ) ) ;
#6940 = EDGE_CURVE ( 'NONE', #3072, #5892, #1631, .T. ) ;
#6941 = CALENDAR_DATE ( 2026, 21, 8 ) ;
#6942 = ORIENTED_EDGE ( 'NONE', *, *, #3219, .T. ) ;
#6943 = DIRECTION ( 'NONE',  ( 8.659560562354861368E-17, 0.7071067811865533459, -0.7071067811865416886 ) ) ;
#6944 = FACE_OUTER_BOUND ( 'NONE', #8, .T. ) ;
#6945 = CIRCLE ( 'NONE', #3020, 2.900000000000013678 ) ;
#6946 = ADVANCED_FACE ( 'NONE', ( #813 ), #6151, .F. ) ;
#6947 = EDGE_CURVE ( 'NONE', #4666, #5775, #5269, .T. ) ;
#6948 = DIRECTION ( 'NONE',  ( 0.000000000000000000, 1.000000000000000000, 0.000000000000000000 ) ) ;
#6949 = CARTESIAN_POINT ( 'NONE',  ( 31.25000000000000000, 0.000000000000000000, -31.25000000000008171 ) ) ;
#6950 = ORIENTED_EDGE ( 'NONE', *, *, #2877, .F. ) ;
#6951 = DIRECTION ( 'NONE',  ( 0.000000000000000000, 0.000000000000000000, 1.000000000000000000 ) ) ;
#6952 = EDGE_LOOP ( 'NONE', ( #3567, #4215, #4521, #7241 ) ) ;
#6953 = ORIENTED_EDGE ( 'NONE', *, *, #3089, .T. ) ;
#6954 = ADVANCED_FACE ( 'NONE', ( #698 ), #5908, .F. ) ;
#6955 = DIRECTION ( 'NONE',  ( -0.000000000000000000, 1.000000000000000000, -0.000000000000000000 ) ) ;
#6956 = EDGE_CURVE ( 'NONE', #2294, #109, #2375, .T. ) ;
#6957 = CARTESIAN_POINT ( 'NONE',  ( 38.99999999999997868, 8.000000000000000000, 35.00000000000000000 ) ) ;
#6958 = VERTEX_POINT ( 'NONE', #253 ) ;
#6959 = LINE ( 'NONE', #3416, #1321 ) ;
#6960 = DIRECTION ( 'NONE',  ( 0.000000000000000000, 0.000000000000000000, 1.000000000000000000 ) ) ;
#6961 = VERTEX_POINT ( 'NONE', #1294 ) ;
#6962 = FACE_OUTER_BOUND ( 'NONE', #166, .T. ) ;
#6963 = ORIENTED_EDGE ( 'NONE', *, *, #2362, .F. ) ;
#6964 = VECTOR ( 'NONE', #1127, 1000.000000000000000 ) ;
#6965 = CARTESIAN_POINT ( 'NONE',  ( 39.99999999999999289, 6.999999999999985789, 35.00000000000000000 ) ) ;
#6966 = FACE_OUTER_BOUND ( 'NONE', #4687, .T. ) ;
#6967 = DIRECTION ( 'NONE',  ( 0.000000000000000000, 1.000000000000000000, 0.000000000000000000 ) ) ;
#6968 = EDGE_LOOP ( 'NONE', ( #6853, #5245, #10, #6290 ) ) ;
#6969 = EDGE_CURVE ( 'NONE', #6699, #59, #4121, .T. ) ;
#6970 = FACE_OUTER_BOUND ( 'NONE', #3013, .T. ) ;
#6971 = CIRCLE ( 'NONE', #3631, 2.149999999999999023 ) ;
#6972 = ORIENTED_EDGE ( 'NONE', *, *, #1542, .F. ) ;
#6973 = FACE_OUTER_BOUND ( 'NONE', #3409, .T. ) ;
#6974 = AXIS2_PLACEMENT_3D ( 'NONE', #3270, #6629, #5500 ) ;
#6975 = VECTOR ( 'NONE', #7229, 1000.000000000000114 ) ;
#6976 = EDGE_LOOP ( 'NONE', ( #1653, #825, #4772, #6212 ) ) ;
#6977 = CARTESIAN_POINT ( 'NONE',  ( -31.25000000000000000, 7.499999999999984013, 20.40000000000009450 ) ) ;
#6978 = APPROVAL_DATE_TIME ( #7014, #6548 ) ;
#6979 = EDGE_LOOP ( 'NONE', ( #2076, #5986 ) ) ;
#6980 = CARTESIAN_POINT ( 'NONE',  ( 31.25000000000000000, 8.000000000000000000, -16.60000000000007603 ) ) ;
#6981 = CIRCLE ( 'NONE', #6864, 1.649999999999870237 ) ;
#6982 = LINE ( 'NONE', #1332, #1659 ) ;
#6983 = AXIS2_PLACEMENT_3D ( 'NONE', #6125, #926, #293 ) ;
#6984 = DIRECTION ( 'NONE',  ( 0.000000000000000000, 0.000000000000000000, 1.000000000000000000 ) ) ;
#6985 = DIRECTION ( 'NONE',  ( 0.000000000000000000, 0.000000000000000000, 1.000000000000000000 ) ) ;
#6986 = VERTEX_POINT ( 'NONE', #4743 ) ;
#6987 = CARTESIAN_POINT ( 'NONE',  ( -6.249999999999998224, 7.499999999999994671, -6.250000000000000000 ) ) ;
#6988 = ORIENTED_EDGE ( 'NONE', *, *, #1669, .T. ) ;
#6989 = EDGE_CURVE ( 'NONE', #3382, #5683, #2961, .T. ) ;
#6990 = DIRECTION ( 'NONE',  ( 0.000000000000000000, 1.000000000000000000, 0.000000000000000000 ) ) ;
#6991 = CARTESIAN_POINT ( 'NONE',  ( 31.25000000000008882, -2.000000000000000000, 33.64999999999999858 ) ) ;
#6992 = EDGE_LOOP ( 'NONE', ( #7076, #5466, #5795, #6201 ) ) ;
#6993 = DIRECTION ( 'NONE',  ( 0.000000000000000000, -0.7071067811865487940, -0.7071067811865463515 ) ) ;
#6994 = LINE ( 'NONE', #1269, #3513 ) ;
#6995 = EDGE_LOOP ( 'NONE', ( #3336, #5373, #568, #655 ) ) ;
#6996 = DIRECTION ( 'NONE',  ( 0.000000000000000000, 0.000000000000000000, 1.000000000000000000 ) ) ;
#6997 = EDGE_LOOP ( 'NONE', ( #1756, #6483 ) ) ;
#6998 = EDGE_CURVE ( 'NONE', #3648, #1075, #3174, .T. ) ;
#6999 = EDGE_CURVE ( 'NONE', #7053, #5012, #2466, .T. ) ;
#7000 = AXIS2_PLACEMENT_3D ( 'NONE', #3142, #4812, #288 ) ;
#7001 = DIRECTION ( 'NONE',  ( 8.659560562354919300E-17, -0.7071067811865487940, 0.7071067811865463515 ) ) ;
#7002 = CYLINDRICAL_SURFACE ( 'NONE', #4023, 1.649999999999995248 ) ;
#7003 = AXIS2_PLACEMENT_3D ( 'NONE', #2078, #362, #3772 ) ;
#7004 = DIRECTION ( 'NONE',  ( 0.000000000000000000, 0.000000000000000000, 1.000000000000000000 ) ) ;
#7005 = DIRECTION ( 'NONE',  ( -0.000000000000000000, 1.000000000000000000, -0.000000000000000000 ) ) ;
#7006 = EDGE_CURVE ( 'NONE', #7145, #3140, #3002, .T. ) ;
#7007 = EDGE_LOOP ( 'NONE', ( #5710, #7156, #948, #2876 ) ) ;
#7008 = AXIS2_PLACEMENT_3D ( 'NONE', #3534, #2981, #5922 ) ;
#7009 = CONICAL_SURFACE ( 'NONE', #2728, 3.000000000000002665, 0.7853981633974466137 ) ;
#7010 = DIRECTION ( 'NONE',  ( -0.7071067811865474617, 0.7071067811865474617, 0.000000000000000000 ) ) ;
#7011 = CIRCLE ( 'NONE', #479, 1.649999999999998579 ) ;
#7012 = CARTESIAN_POINT ( 'NONE',  ( -38.99999999999997868, 8.000000000000000000, 35.00000000000000000 ) ) ;
#7013 = ORIENTED_EDGE ( 'NONE', *, *, #7216, .F. ) ;
#7014 = DATE_AND_TIME ( #2404, #6867 ) ;
#7015 = ORIENTED_EDGE ( 'NONE', *, *, #5075, .T. ) ;
#7016 = CARTESIAN_POINT ( 'NONE',  ( -31.24999999999986500, -2.000000000000000000, -7.899999999999868905 ) ) ;
#7017 = CARTESIAN_POINT ( 'NONE',  ( 6.250000000000088818, 7.499999999999998224, 31.25000000000000000 ) ) ;
#7018 = VECTOR ( 'NONE', #3151, 1000.000000000000000 ) ;
#7019 = AXIS2_PLACEMENT_3D ( 'NONE', #4946, #2174, #3380 ) ;
#7020 = CARTESIAN_POINT ( 'NONE',  ( 31.24999999999986500, 0.000000000000000000, 6.249999999999995559 ) ) ;
#7021 = DIRECTION ( 'NONE',  ( -0.000000000000000000, -1.000000000000000000, -0.000000000000000000 ) ) ;
#7022 = CONICAL_SURFACE ( 'NONE', #4644, 2.149999999999999023, 0.7853981633974381760 ) ;
#7023 = ORIENTED_EDGE ( 'NONE', *, *, #7170, .F. ) ;
#7024 = DIRECTION ( 'NONE',  ( 0.000000000000000000, 1.000000000000000000, 0.000000000000000000 ) ) ;
#7025 = CIRCLE ( 'NONE', #2392, 3.999999999999982681 ) ;
#7026 = EDGE_LOOP ( 'NONE', ( #4787, #5273 ) ) ;
#7027 = ORIENTED_EDGE ( 'NONE', *, *, #2319, .T. ) ;
#7028 = VECTOR ( 'NONE', #4042, 1000.000000000000114 ) ;
#7029 = CIRCLE ( 'NONE', #1932, 2.150000000000013678 ) ;
#7030 = DIRECTION ( 'NONE',  ( 0.000000000000000000, 0.000000000000000000, 1.000000000000000000 ) ) ;
#7031 = CARTESIAN_POINT ( 'NONE',  ( 6.250000000000000000, 8.000000000000000000, -8.400000000000011013 ) ) ;
#7032 = EDGE_LOOP ( 'NONE', ( #4349, #1832, #1843, #6209 ) ) ;
#7033 = CARTESIAN_POINT ( 'NONE',  ( 39.99999999999999289, 6.999999999999985789, -35.00000000000000711 ) ) ;
#7034 = CARTESIAN_POINT ( 'NONE',  ( 6.250000000000043521, 7.499999999999994671, 17.10000000000000497 ) ) ;
#7035 = VERTEX_POINT ( 'NONE', #852 ) ;
#7036 = LINE ( 'NONE', #4831, #290 ) ;
#7037 = ORIENTED_EDGE ( 'NONE', *, *, #311, .T. ) ;
#7038 = VECTOR ( 'NONE', #2008, 1000.000000000000114 ) ;
#7039 = CARTESIAN_POINT ( 'NONE',  ( -31.24999999999986500, 7.500000000000003553, -4.600000000000129319 ) ) ;
#7040 = EDGE_CURVE ( 'NONE', #258, #208, #1970, .T. ) ;
#7041 = DIRECTION ( 'NONE',  ( 0.000000000000000000, 0.7071067811865474617, 0.7071067811865474617 ) ) ;
#7042 = CARTESIAN_POINT ( 'NONE',  ( 6.250000000000043521, 0.5000000000000108802, 17.10000000000000497 ) ) ;
#7043 = LINE ( 'NONE', #3094, #4601 ) ;
#7044 = ORIENTED_EDGE ( 'NONE', *, *, #5332, .T. ) ;
#7045 = EDGE_CURVE ( 'NONE', #3546, #6664, #569, .T. ) ;
#7046 = EDGE_LOOP ( 'NONE', ( #6167, #647, #6126, #2543 ) ) ;
#7047 = EDGE_CURVE ( 'NONE', #4746, #6191, #4600, .T. ) ;
#7048 = FACE_OUTER_BOUND ( 'NONE', #5653, .T. ) ;
#7049 = DIRECTION ( 'NONE',  ( 0.000000000000000000, 1.000000000000000000, 0.000000000000000000 ) ) ;
#7050 = AXIS2_PLACEMENT_3D ( 'NONE', #6383, #733, #4915 ) ;
#7052 = VERTEX_POINT ( 'NONE', #5525 ) ;
#7051 = ADVANCED_FACE ( 'NONE', ( #4193 ), #5064, .F. ) ;
#7053 = VERTEX_POINT ( 'NONE', #2047 ) ;
#7054 = DIRECTION ( 'NONE',  ( 0.000000000000000000, 1.000000000000000000, 0.000000000000000000 ) ) ;
#7055 = LINE ( 'NONE', #3106, #2488 ) ;
#7056 = CARTESIAN_POINT ( 'NONE',  ( 31.25000000000000000, 0.000000000000000000, -20.90000000000008740 ) ) ;
#7057 = DIRECTION ( 'NONE',  ( 0.000000000000000000, 1.000000000000000000, 0.000000000000000000 ) ) ;
#7058 = ORIENTED_EDGE ( 'NONE', *, *, #4198, .F. ) ;
#7059 = CARTESIAN_POINT ( 'NONE',  ( 31.25000000000004263, 8.000000000000000000, 18.74999999999999645 ) ) ;
#7060 = EDGE_LOOP ( 'NONE', ( #4572, #7330, #26, #7077 ) ) ;
#7061 = VERTEX_POINT ( 'NONE', #1594 ) ;
#7062 = EDGE_CURVE ( 'NONE', #2713, #6413, #6030, .T. ) ;
#7063 = VECTOR ( 'NONE', #778, 1000.000000000000000 ) ;
#7064 = DIRECTION ( 'NONE',  ( 8.659560562354925463E-17, 0.7071067811865481278, -0.7071067811865469066 ) ) ;
#7065 = FACE_OUTER_BOUND ( 'NONE', #4425, .T. ) ;
#7066 = ORIENTED_EDGE ( 'NONE', *, *, #5095, .T. ) ;
#7067 = CARTESIAN_POINT ( 'NONE',  ( -6.250000000000084377, -2.000000000000000000, -31.25000000000000000 ) ) ;
#7068 = DIRECTION ( 'NONE',  ( -0.000000000000000000, -1.000000000000000000, -0.000000000000000000 ) ) ;
#7069 = ORIENTED_EDGE ( 'NONE', *, *, #4634, .T. ) ;
#7070 = DIRECTION ( 'NONE',  ( 0.000000000000000000, 0.7071067811865415775, 0.7071067811865535679 ) ) ;
#7071 = ORIENTED_EDGE ( 'NONE', *, *, #2162, .F. ) ;
#7072 = DIRECTION ( 'NONE',  ( 0.000000000000000000, 1.000000000000000000, 0.000000000000000000 ) ) ;
#7073 = CARTESIAN_POINT ( 'NONE',  ( -6.250000000000084377, -2.000000000000000000, -31.25000000000000000 ) ) ;
#7074 = LINE ( 'NONE', #3793, #6683 ) ;
#7075 = DIRECTION ( 'NONE',  ( 0.000000000000000000, 0.000000000000000000, 1.000000000000000000 ) ) ;
#7076 = ORIENTED_EDGE ( 'NONE', *, *, #4498, .T. ) ;
#7077 = ORIENTED_EDGE ( 'NONE', *, *, #2147, .F. ) ;
#7078 = CONICAL_SURFACE ( 'NONE', #1741, 3.900000000000000799, 0.7853981633974482790 ) ;
#7079 = EDGE_CURVE ( 'NONE', #5683, #3375, #802, .T. ) ;
#7080 = DIRECTION ( 'NONE',  ( 0.000000000000000000, 1.000000000000000000, 0.000000000000000000 ) ) ;
#7081 = DIRECTION ( 'NONE',  ( 0.000000000000000000, 0.000000000000000000, 1.000000000000000000 ) ) ;
#7082 = ORIENTED_EDGE ( 'NONE', *, *, #2590, .F. ) ;
#7083 = AXIS2_PLACEMENT_3D ( 'NONE', #2901, #2240, #5162 ) ;
#7084 = EDGE_CURVE ( 'NONE', #5892, #3072, #7096, .T. ) ;
#7085 = CIRCLE ( 'NONE', #3868, 2.149999999999985256 ) ;
#7086 = ORIENTED_EDGE ( 'NONE', *, *, #4325, .T. ) ;
#7087 = DIRECTION ( 'NONE',  ( 0.000000000000000000, 1.000000000000000000, 0.000000000000000000 ) ) ;
#7088 = CARTESIAN_POINT ( 'NONE',  ( 31.25000000000008882, 7.499999999999998224, 31.24999999999999645 ) ) ;
#7089 = ADVANCED_FACE ( 'NONE', ( #436 ), #1524, .T. ) ;
#7090 = EDGE_CURVE ( 'NONE', #108, #3775, #2705, .T. ) ;
#7091 = VECTOR ( 'NONE', #5903, 1000.000000000000114 ) ;
#7092 = FACE_OUTER_BOUND ( 'NONE', #4972, .T. ) ;
#7093 = CARTESIAN_POINT ( 'NONE',  ( 18.75000000000000355, 7.499999999999987566, -18.75000000000004263 ) ) ;
#7094 = ORIENTED_EDGE ( 'NONE', *, *, #4853, .F. ) ;
#7095 = CARTESIAN_POINT ( 'NONE',  ( 31.25000000000008882, 7.499999999999998224, 31.24999999999999645 ) ) ;
#7096 = CIRCLE ( 'NONE', #2931, 2.499999999999998668 ) ;
#7097 = ORIENTED_EDGE ( 'NONE', *, *, #6694, .F. ) ;
#7098 = CIRCLE ( 'NONE', #5049, 3.000000000000002665 ) ;
#7099 = CONICAL_SURFACE ( 'NONE', #2591, 2.150000000000012346, 0.7853981633974533860 ) ;
#7100 = DIRECTION ( 'NONE',  ( -0.000000000000000000, -1.000000000000000000, -0.000000000000000000 ) ) ;
#7101 = DIRECTION ( 'NONE',  ( 0.000000000000000000, 0.000000000000000000, 1.000000000000000000 ) ) ;
#7102 = VERTEX_POINT ( 'NONE', #7201 ) ;
#7103 = DIRECTION ( 'NONE',  ( 0.000000000000000000, 0.000000000000000000, 1.000000000000000000 ) ) ;
#7104 = FACE_OUTER_BOUND ( 'NONE', #3452, .T. ) ;
#7105 = ORIENTED_EDGE ( 'NONE', *, *, #5394, .F. ) ;
#7106 = CARTESIAN_POINT ( 'NONE',  ( -18.75000000000000000, 0.4999999999999947820, -4.600000000000001421 ) ) ;
#7107 = ORIENTED_EDGE ( 'NONE', *, *, #401, .T. ) ;
#7108 = DIRECTION ( 'NONE',  ( 0.000000000000000000, 0.000000000000000000, 1.000000000000000000 ) ) ;
#7109 = CARTESIAN_POINT ( 'NONE',  ( 31.25000000000008882, 0.000000000000000000, 31.24999999999999645 ) ) ;
#7110 = DIRECTION ( 'NONE',  ( -0.000000000000000000, 1.000000000000000000, -0.000000000000000000 ) ) ;
#7111 = DIRECTION ( 'NONE',  ( 0.000000000000000000, 0.000000000000000000, 1.000000000000000000 ) ) ;
#7112 = VERTEX_POINT ( 'NONE', #4818 ) ;
#7113 = FACE_OUTER_BOUND ( 'NONE', #4167, .T. ) ;
#7114 = VERTEX_POINT ( 'NONE', #5417 ) ;
#7115 = CONICAL_SURFACE ( 'NONE', #3895, 1.650000000000002132, 0.7853981633974563836 ) ;
#7116 = CARTESIAN_POINT ( 'NONE',  ( 31.25000000000008882, 8.000000000000000000, 35.64999999999999147 ) ) ;
#7117 = CARTESIAN_POINT ( 'NONE',  ( 31.25000000000000000, 0.5000000000000038858, -7.900000000000089173 ) ) ;
#7118 = ORIENTED_EDGE ( 'NONE', *, *, #5351, .F. ) ;
#7119 = EDGE_LOOP ( 'NONE', ( #3316, #3726, #3351, #6150 ) ) ;
#7120 = CARTESIAN_POINT ( 'NONE',  ( 31.25000000000008882, 0.5000000000000160982, 28.84999999999999787 ) ) ;
#7121 = CONICAL_SURFACE ( 'NONE', #3319, 3.899999999999993694, 0.7853981633974473908 ) ;
#7122 = EDGE_CURVE ( 'NONE', #5297, #6811, #4247, .T. ) ;
#7123 = DIRECTION ( 'NONE',  ( 0.000000000000000000, 0.7071067811865474617, 0.7071067811865474617 ) ) ;
#7124 = AXIS2_PLACEMENT_3D ( 'NONE', #3457, #41, #2309 ) ;
#7125 = CONICAL_SURFACE ( 'NONE', #3908, 2.900000000000013678, 0.7853981633974452814 ) ;
#7126 = EDGE_CURVE ( 'NONE', #2219, #6412, #4719, .T. ) ;
#7127 = DIRECTION ( 'NONE',  ( -0.000000000000000000, -1.000000000000000000, -0.000000000000000000 ) ) ;
#7128 = FACE_OUTER_BOUND ( 'NONE', #6765, .T. ) ;
#7129 = EDGE_LOOP ( 'NONE', ( #6668, #3205 ) ) ;
#7130 = DIRECTION ( 'NONE',  ( 0.000000000000000000, 0.000000000000000000, 1.000000000000000000 ) ) ;
#7131 = EDGE_CURVE ( 'NONE', #1554, #171, #2114, .T. ) ;
#7132 = AXIS2_PLACEMENT_3D ( 'NONE', #6021, #3851, #4825 ) ;
#7133 = ORIENTED_EDGE ( 'NONE', *, *, #3989, .T. ) ;
#7134 = CONICAL_SURFACE ( 'NONE', #1442, 2.149999999999999023, 0.7853981633974376209 ) ;
#7135 = VECTOR ( 'NONE', #2599, 1000.000000000000000 ) ;
#7136 = ADVANCED_FACE ( 'NONE', ( #7128 ), #1453, .F. ) ;
#7137 = DIRECTION ( 'NONE',  ( 0.000000000000000000, 1.000000000000000000, 0.000000000000000000 ) ) ;
#7138 = DIRECTION ( 'NONE',  ( 0.000000000000000000, 1.000000000000000000, 0.000000000000000000 ) ) ;
#7139 = CONICAL_SURFACE ( 'NONE', #1210, 1.650000000000002132, 0.7853981633974425058 ) ;
#7140 = VERTEX_POINT ( 'NONE', #6051 ) ;
#7141 = FACE_OUTER_BOUND ( 'NONE', #2486, .T. ) ;
#7142 = CARTESIAN_POINT ( 'NONE',  ( -18.75000000000000000, 7.499999999999994671, -6.250000000000000000 ) ) ;
#7143 = EDGE_LOOP ( 'NONE', ( #7180, #5613, #5502, #3711 ) ) ;
#7144 = DIRECTION ( 'NONE',  ( 0.000000000000000000, 1.000000000000000000, 0.000000000000000000 ) ) ;
#7145 = VERTEX_POINT ( 'NONE', #5978 ) ;
#7146 = APPLICATION_CONTEXT ( 'configuration controlled 3d designs of mechanical parts and assemblies' ) ;
#7147 = AXIS2_PLACEMENT_3D ( 'NONE', #591, #1256, #3515 ) ;
#7148 = AXIS2_PLACEMENT_3D ( 'NONE', #1432, #944, #3645 ) ;
#7149 = DIRECTION ( 'NONE',  ( -0.000000000000000000, -1.000000000000000000, -0.000000000000000000 ) ) ;
#7150 = DIRECTION ( 'NONE',  ( 0.000000000000000000, 0.000000000000000000, -1.000000000000000000 ) ) ;
#7151 = DIRECTION ( 'NONE',  ( 0.000000000000000000, 1.000000000000000000, 0.000000000000000000 ) ) ;
#7152 = DIRECTION ( 'NONE',  ( 0.000000000000000000, 1.000000000000000000, 0.000000000000000000 ) ) ;
#7153 = ORIENTED_EDGE ( 'NONE', *, *, #3029, .F. ) ;
#7154 = DIRECTION ( 'NONE',  ( 0.000000000000000000, 0.000000000000000000, -1.000000000000000000 ) ) ;
#7155 = ORIENTED_EDGE ( 'NONE', *, *, #3573, .T. ) ;
#7156 = ORIENTED_EDGE ( 'NONE', *, *, #5267, .F. ) ;
#7157 = DIRECTION ( 'NONE',  ( 0.000000000000000000, 0.000000000000000000, 1.000000000000000000 ) ) ;
#7158 = CARTESIAN_POINT ( 'NONE',  ( -6.249999999999999112, -2.000000000000000000, 6.249999999999998224 ) ) ;
#7159 = ORIENTED_EDGE ( 'NONE', *, *, #6652, .T. ) ;
#7160 = VERTEX_POINT ( 'NONE', #887 ) ;
#7161 = DIRECTION ( 'NONE',  ( 0.000000000000000000, 0.000000000000000000, 1.000000000000000000 ) ) ;
#7162 = DIRECTION ( 'NONE',  ( 0.000000000000000000, 0.000000000000000000, 1.000000000000000000 ) ) ;
#7163 = ADVANCED_FACE ( 'NONE', ( #2156 ), #4833, .F. ) ;
#7164 = DIRECTION ( 'NONE',  ( 0.000000000000000000, 0.000000000000000000, 1.000000000000000000 ) ) ;
#7165 = DIRECTION ( 'NONE',  ( 0.000000000000000000, -1.000000000000000000, 0.000000000000000000 ) ) ;
#7166 = ORIENTED_EDGE ( 'NONE', *, *, #6306, .T. ) ;
#7167 = FACE_OUTER_BOUND ( 'NONE', #1808, .T. ) ;
#7168 = EDGE_LOOP ( 'NONE', ( #2641, #1388, #6711, #5724 ) ) ;
#7169 = CIRCLE ( 'NONE', #6108, 1.650000000000002132 ) ;
#7170 = EDGE_CURVE ( 'NONE', #5204, #617, #3774, .T. ) ;
#7171 = EDGE_CURVE ( 'NONE', #1345, #6772, #5660, .T. ) ;
#7172 = DIRECTION ( 'NONE',  ( 0.000000000000000000, 1.000000000000000000, 0.000000000000000000 ) ) ;
#7173 = CIRCLE ( 'NONE', #2307, 1.649999999999998579 ) ;
#7174 = DIRECTION ( 'NONE',  ( 0.000000000000000000, 0.000000000000000000, 1.000000000000000000 ) ) ;
#7175 = VERTEX_POINT ( 'NONE', #5453 ) ;
#7176 = CARTESIAN_POINT ( 'NONE',  ( 6.250000000000088818, -2.000000000000000000, 31.25000000000000000 ) ) ;
#7177 = DIRECTION ( 'NONE',  ( 0.000000000000000000, 0.000000000000000000, 1.000000000000000000 ) ) ;
#7178 = ORIENTED_EDGE ( 'NONE', *, *, #4908, .T. ) ;
#7179 = DIRECTION ( 'NONE',  ( -0.000000000000000000, 1.000000000000000000, -0.000000000000000000 ) ) ;
#7180 = ORIENTED_EDGE ( 'NONE', *, *, #7258, .F. ) ;
#7182 = EDGE_CURVE ( 'NONE', #2571, #3888, #1159, .T. ) ;
#7181 = CC_DESIGN_DATE_AND_TIME_ASSIGNMENT ( #693, #5859, ( #501 ) ) ;
#7183 = ADVANCED_FACE ( 'NONE', ( #1491 ), #2701, .F. ) ;
#7184 = CIRCLE ( 'NONE', #3960, 2.150000000000012790 ) ;
#7185 = ADVANCED_FACE ( 'NONE', ( #4380 ), #6656, .F. ) ;
#7186 = DIRECTION ( 'NONE',  ( 0.000000000000000000, 1.000000000000000000, 0.000000000000000000 ) ) ;
#7187 = DIRECTION ( 'NONE',  ( -0.000000000000000000, 1.000000000000000000, -0.000000000000000000 ) ) ;
#7188 = CARTESIAN_POINT ( 'NONE',  ( -6.249999999999992895, 8.000000000000000000, 31.24999999999986500 ) ) ;
#7189 = DIRECTION ( 'NONE',  ( -0.000000000000000000, 1.000000000000000000, -0.000000000000000000 ) ) ;
#7190 = ORIENTED_EDGE ( 'NONE', *, *, #3193, .F. ) ;
#7191 = DIRECTION ( 'NONE',  ( 0.000000000000000000, 0.000000000000000000, -1.000000000000000000 ) ) ;
#7192 = ORIENTED_EDGE ( 'NONE', *, *, #5581, .F. ) ;
#7193 = FACE_OUTER_BOUND ( 'NONE', #7254, .T. ) ;
#7194 = FACE_OUTER_BOUND ( 'NONE', #5083, .T. ) ;
#7195 = VERTEX_POINT ( 'NONE', #6871 ) ;
#7196 = ADVANCED_FACE ( 'NONE', ( #3434 ), #2255, .F. ) ;
#7197 = CARTESIAN_POINT ( 'NONE',  ( -6.249999999999998224, 8.000000000000000000, -8.400000000000000355 ) ) ;
#7198 = CARTESIAN_POINT ( 'NONE',  ( -18.75000000000000000, 0.5000000000000095479, 16.25000000000004974 ) ) ;
#7199 = VECTOR ( 'NONE', #1688, 1000.000000000000114 ) ;
#7200 = CARTESIAN_POINT ( 'NONE',  ( -31.24999999999999289, 3.000000000000000000, 27.35000000000009024 ) ) ;
#7201 = CARTESIAN_POINT ( 'NONE',  ( 31.25000000000004263, 0.5000000000000073275, 20.39999999999999858 ) ) ;
#7202 = ORIENTED_EDGE ( 'NONE', *, *, #1094, .T. ) ;
#7203 = DIRECTION ( 'NONE',  ( -0.000000000000000000, -1.000000000000000000, -0.000000000000000000 ) ) ;
#7204 = ORIENTED_EDGE ( 'NONE', *, *, #5812, .T. ) ;
#7205 = VECTOR ( 'NONE', #5041, 1000.000000000000000 ) ;
#7206 = AXIS2_PLACEMENT_3D ( 'NONE', #2621, #7049, #6318 ) ;
#7207 = DIRECTION ( 'NONE',  ( 8.659560562354888485E-17, 0.7071067811865512365, -0.7071067811865439090 ) ) ;
#7208 = LINE ( 'NONE', #301, #3679 ) ;
#7209 = ORIENTED_EDGE ( 'NONE', *, *, #269, .T. ) ;
#7210 = DIRECTION ( 'NONE',  ( 0.000000000000000000, 0.000000000000000000, 1.000000000000000000 ) ) ;
#7211 = AXIS2_PLACEMENT_3D ( 'NONE', #2413, #4677, #2524 ) ;
#7212 = DIRECTION ( 'NONE',  ( -0.000000000000000000, 1.000000000000000000, -0.000000000000000000 ) ) ;
#7213 = VERTEX_POINT ( 'NONE', #6757 ) ;
#7214 = DIRECTION ( 'NONE',  ( 0.000000000000000000, 0.000000000000000000, 1.000000000000000000 ) ) ;
#7215 = VERTEX_POINT ( 'NONE', #7300 ) ;
#7216 = EDGE_CURVE ( 'NONE', #6374, #3698, #1775, .T. ) ;
#7217 = LOCAL_TIME ( 10, 59, 10.00000000000000000, #1849 ) ;
#7218 = DIRECTION ( 'NONE',  ( 0.000000000000000000, 1.000000000000000000, 0.000000000000000000 ) ) ;
#7219 = DIRECTION ( 'NONE',  ( 0.000000000000000000, 0.000000000000000000, 1.000000000000000000 ) ) ;
#7220 = FACE_OUTER_BOUND ( 'NONE', #6085, .T. ) ;
#7221 = CARTESIAN_POINT ( 'NONE',  ( -6.249999999999996447, 8.000000000000000000, 16.60000000000000497 ) ) ;
#7222 = ORIENTED_EDGE ( 'NONE', *, *, #4314, .F. ) ;
#7223 = LINE ( 'NONE', #2438, #2769 ) ;
#7224 = EDGE_CURVE ( 'NONE', #1061, #1786, #6748, .T. ) ;
#7225 = ORIENTED_EDGE ( 'NONE', *, *, #3573, .F. ) ;
#7226 = EDGE_CURVE ( 'NONE', #7175, #3845, #24, .T. ) ;
#7227 = ADVANCED_FACE ( 'NONE', ( #1627 ), #2229, .F. ) ;
#7228 = LINE ( 'NONE', #1242, #4298 ) ;
#7229 = DIRECTION ( 'NONE',  ( 0.000000000000000000, 0.7071067811865481278, 0.7071067811865469066 ) ) ;
#7230 = EDGE_LOOP ( 'NONE', ( #397, #5955 ) ) ;
#7231 = CIRCLE ( 'NONE', #703, 2.150000000000012790 ) ;
#7232 = CARTESIAN_POINT ( 'NONE',  ( 31.25000000000000000, 8.000000000000000000, -8.400000000000085620 ) ) ;
#7233 = CIRCLE ( 'NONE', #6892, 2.499999999999998668 ) ;
#7234 = DIRECTION ( 'NONE',  ( -0.000000000000000000, 1.000000000000000000, -0.000000000000000000 ) ) ;
#7235 = DIRECTION ( 'NONE',  ( 0.000000000000000000, 0.000000000000000000, 1.000000000000000000 ) ) ;
#7236 = VERTEX_POINT ( 'NONE', #2185 ) ;
#7237 = CARTESIAN_POINT ( 'NONE',  ( 31.25000000000008882, 8.000000000000000000, 31.24999999999999645 ) ) ;
#7238 = LINE ( 'NONE', #848, #829 ) ;
#7239 = AXIS2_PLACEMENT_3D ( 'NONE', #7320, #3936, #4611 ) ;
#7240 = CARTESIAN_POINT ( 'NONE',  ( 31.25000000000004263, 0.000000000000000000, 20.89999999999999503 ) ) ;
#7241 = ORIENTED_EDGE ( 'NONE', *, *, #5629, .F. ) ;
#7242 = DIRECTION ( 'NONE',  ( 0.000000000000000000, 0.000000000000000000, 1.000000000000000000 ) ) ;
#7243 = CIRCLE ( 'NONE', #4516, 2.399999999999999467 ) ;
#7244 = CARTESIAN_POINT ( 'NONE',  ( -18.75000000000000355, 0.5000000000000047740, 4.600000000000041389 ) ) ;
#7245 = EDGE_LOOP ( 'NONE', ( #418, #608, #2860, #4548 ) ) ;
#7246 = CARTESIAN_POINT ( 'NONE',  ( -31.25000000000000000, 7.499999999999998224, 4.600000000000088463 ) ) ;
#7247 = EDGE_LOOP ( 'NONE', ( #4714, #308 ) ) ;
#7248 = AXIS2_PLACEMENT_3D ( 'NONE', #3914, #2804, #1106 ) ;
#7249 = DIRECTION ( 'NONE',  ( 0.000000000000000000, 0.000000000000000000, 1.000000000000000000 ) ) ;
#7250 = CARTESIAN_POINT ( 'NONE',  ( 38.99999999999997868, 8.000000000000000000, -35.00000000000000711 ) ) ;
#7251 = DIRECTION ( 'NONE',  ( 0.000000000000000000, 0.000000000000000000, 1.000000000000000000 ) ) ;
#7252 = ADVANCED_FACE ( 'NONE', ( #3877 ), #1068, .F. ) ;
#7253 = CARTESIAN_POINT ( 'NONE',  ( -31.25000000000008171, 7.500000000000000888, -31.25000000000000000 ) ) ;
#7254 = EDGE_LOOP ( 'NONE', ( #6909, #4101, #2646, #1166 ) ) ;
#7255 = FACE_BOUND ( 'NONE', #4921, .T. ) ;
#7256 = AXIS2_PLACEMENT_3D ( 'NONE', #7310, #4002, #664 ) ;
#7257 = AXIS2_PLACEMENT_3D ( 'NONE', #6042, #355, #5443 ) ;
#7258 = EDGE_CURVE ( 'NONE', #2389, #4140, #6235, .T. ) ;
#7259 = CIRCLE ( 'NONE', #4060, 1.650000000000000355 ) ;
#7260 = VECTOR ( 'NONE', #757, 1000.000000000000000 ) ;
#7261 = EDGE_CURVE ( 'NONE', #5412, #2299, #4131, .T. ) ;
#7262 = CARTESIAN_POINT ( 'NONE',  ( 31.25000000000004263, 8.000000000000000000, 16.59999999999998366 ) ) ;
#7263 = CARTESIAN_POINT ( 'NONE',  ( -31.24999999999999289, 0.5000000000000160982, 33.65000000000009095 ) ) ;
#7264 = ORIENTED_EDGE ( 'NONE', *, *, #5075, .F. ) ;
#7265 = DIRECTION ( 'NONE',  ( 0.000000000000000000, 0.000000000000000000, 1.000000000000000000 ) ) ;
#7266 = ORIENTED_EDGE ( 'NONE', *, *, #7267, .F. ) ;
#7267 = EDGE_CURVE ( 'NONE', #4179, #6893, #4486, .T. ) ;
#7268 = DIRECTION ( 'NONE',  ( 0.000000000000000000, 0.000000000000000000, 1.000000000000000000 ) ) ;
#7269 = CARTESIAN_POINT ( 'NONE',  ( 18.75000000000008882, 0.000000000000000000, 33.40000000000002700 ) ) ;
#7270 = EDGE_LOOP ( 'NONE', ( #732, #5798, #2241, #431 ) ) ;
#7271 = CARTESIAN_POINT ( 'NONE',  ( -6.249999999999996447, 7.499999999999991118, 18.75000000000000000 ) ) ;
#7272 = ORIENTED_EDGE ( 'NONE', *, *, #2544, .T. ) ;
#7273 = FACE_OUTER_BOUND ( 'NONE', #1130, .T. ) ;
#7274 = EDGE_LOOP ( 'NONE', ( #685, #3428, #4467, #627 ) ) ;
#7275 = FACE_OUTER_BOUND ( 'NONE', #2196, .T. ) ;
#7276 = FACE_OUTER_BOUND ( 'NONE', #5607, .T. ) ;
#7277 = ORIENTED_EDGE ( 'NONE', *, *, #3163, .T. ) ;
#7278 = PLANE ( 'NONE',  #5025 ) ;
#7279 = ADVANCED_FACE ( 'NONE', ( #1703 ), #7099, .F. ) ;
#7280 = ORIENTED_EDGE ( 'NONE', *, *, #1182, .F. ) ;
#7281 = AXIS2_PLACEMENT_3D ( 'NONE', #2390, #47, #5281 ) ;
#7282 = DIRECTION ( 'NONE',  ( 0.000000000000000000, 0.000000000000000000, 1.000000000000000000 ) ) ;
#7283 = DIRECTION ( 'NONE',  ( 0.000000000000000000, 0.000000000000000000, 1.000000000000000000 ) ) ;
#7284 = ORIENTED_EDGE ( 'NONE', *, *, #6091, .T. ) ;
#7285 = DIRECTION ( 'NONE',  ( -0.000000000000000000, -1.000000000000000000, -0.000000000000000000 ) ) ;
#7286 = PLANE ( 'NONE',  #3278 ) ;
#7287 = ORIENTED_EDGE ( 'NONE', *, *, #4411, .F. ) ;
#7288 = FACE_BOUND ( 'NONE', #2157, .T. ) ;
#7289 = ORIENTED_EDGE ( 'NONE', *, *, #185, .F. ) ;
#7290 = CIRCLE ( 'NONE', #55, 2.149999999999999023 ) ;
#7291 = AXIS2_PLACEMENT_3D ( 'NONE', #1666, #7337, #2188 ) ;
#7292 = LINE ( 'NONE', #1654, #6080 ) ;
#7293 = LINE ( 'NONE', #4957, #6975 ) ;
#7294 = ORIENTED_EDGE ( 'NONE', *, *, #4430, .F. ) ;
#7295 = CARTESIAN_POINT ( 'NONE',  ( 31.24999999999986500, 0.000000000000000000, 6.249999999999995559 ) ) ;
#7296 = EDGE_CURVE ( 'NONE', #806, #4666, #3057, .T. ) ;
#7297 = ORIENTED_EDGE ( 'NONE', *, *, #5454, .F. ) ;
#7298 = EDGE_CURVE ( 'NONE', #3925, #4744, #2293, .T. ) ;
#7299 = DIRECTION ( 'NONE',  ( 0.000000000000000000, 1.000000000000000000, 0.000000000000000000 ) ) ;
#7300 = CARTESIAN_POINT ( 'NONE',  ( 35.00000000000000000, 6.999999999999985789, -40.00000000000000711 ) ) ;
#7301 = ORIENTED_EDGE ( 'NONE', *, *, #6812, .T. ) ;
#7302 = CARTESIAN_POINT ( 'NONE',  ( 31.24999999999999645, 8.000000000000000000, -31.25000000000008171 ) ) ;
#7303 = EDGE_CURVE ( 'NONE', #1198, #7112, #2472, .T. ) ;
#7304 = DIRECTION ( 'NONE',  ( -0.000000000000000000, 1.000000000000000000, -0.000000000000000000 ) ) ;
#7305 = EDGE_CURVE ( 'NONE', #2800, #6362, #580, .T. ) ;
#7306 = VECTOR ( 'NONE', #4838, 1000.000000000000000 ) ;
#7307 = EDGE_CURVE ( 'NONE', #335, #1537, #3916, .T. ) ;
#7308 = DIRECTION ( 'NONE',  ( 0.000000000000000000, 1.000000000000000000, 0.000000000000000000 ) ) ;
#7309 = ORIENTED_EDGE ( 'NONE', *, *, #462, .F. ) ;
#7310 = CARTESIAN_POINT ( 'NONE',  ( 6.250000000000043521, 8.000000000000000000, 18.75000000000000355 ) ) ;
#7311 = CARTESIAN_POINT ( 'NONE',  ( 18.75000000000008882, 7.499999999999998224, 31.24999999999999645 ) ) ;
#7312 = ORIENTED_EDGE ( 'NONE', *, *, #5128, .T. ) ;
#7313 = CARTESIAN_POINT ( 'NONE',  ( -38.99999999999998579, 8.000000000000000000, 6.765421556309545302E-15 ) ) ;
#7314 = AXIS2_PLACEMENT_3D ( 'NONE', #5765, #2312, #6852 ) ;
#7315 = EDGE_LOOP ( 'NONE', ( #573, #556, #1245, #4033 ) ) ;
#7316 = CONICAL_SURFACE ( 'NONE', #1986, 1.650000000000000355, 0.7853981633974411736 ) ;
#7317 = CONICAL_SURFACE ( 'NONE', #3519, 3.000000000000002665, 0.7853981633974466137 ) ;
#7318 = LINE ( 'NONE', #1122, #4986 ) ;
#7319 = AXIS2_PLACEMENT_3D ( 'NONE', #1697, #6826, #5171 ) ;
#7320 = CARTESIAN_POINT ( 'NONE',  ( 31.24999999999999645, 3.000000000000000000, -31.25000000000008171 ) ) ;
#7321 = VERTEX_POINT ( 'NONE', #2844 ) ;
#7322 = CARTESIAN_POINT ( 'NONE',  ( -18.75000000000008527, 0.4999999999999922284, -29.60000000000000142 ) ) ;
#7323 = CARTESIAN_POINT ( 'NONE',  ( -18.75000000000008527, 8.000000000000000000, -31.25000000000000000 ) ) ;
#7324 = ORIENTED_EDGE ( 'NONE', *, *, #1247, .T. ) ;
#7325 = FACE_BOUND ( 'NONE', #6039, .T. ) ;
#7326 = ORIENTED_EDGE ( 'NONE', *, *, #3979, .T. ) ;
#7327 = AXIS2_PLACEMENT_3D ( 'NONE', #6949, #3659, #5940 ) ;
#7328 = CARTESIAN_POINT ( 'NONE',  ( 0.000000000000000000, 8.000000000000000000, -38.99999999999999289 ) ) ;
#7329 = CARTESIAN_POINT ( 'NONE',  ( -6.249999999999992895, 0.000000000000000000, 29.10000000000000853 ) ) ;
#7330 = ORIENTED_EDGE ( 'NONE', *, *, #3989, .F. ) ;
#7331 = FACE_OUTER_BOUND ( 'NONE', #5336, .T. ) ;
#7332 = CARTESIAN_POINT ( 'NONE',  ( 31.25000000000008882, 7.499999999999998224, 27.34999999999999787 ) ) ;
#7333 = EDGE_CURVE ( 'NONE', #6249, #927, #5315, .T. ) ;
#7334 = CARTESIAN_POINT ( 'NONE',  ( 6.250000000000088818, 8.000000000000000000, 33.39999999999999858 ) ) ;
#7335 = CARTESIAN_POINT ( 'NONE',  ( -31.25000000000000000, 0.4999999999999908962, 6.250000000000090594 ) ) ;
#7336 = ORIENTED_EDGE ( 'NONE', *, *, #4085, .F. ) ;
#7337 = DIRECTION ( 'NONE',  ( 0.000000000000000000, 1.000000000000000000, 0.000000000000000000 ) ) ;
#7338 = DIRECTION ( 'NONE',  ( -0.000000000000000000, -1.000000000000000000, -0.000000000000000000 ) ) ;
#7339 = AXIS2_PLACEMENT_3D ( 'NONE', #1254, #5749, #582 ) ;
#7340 = EDGE_CURVE ( 'NONE', #1193, #3888, #3993, .T. ) ;
#7341 = AXIS2_PLACEMENT_3D ( 'NONE', #3358, #3950, #6719 ) ;
#7342 = DIRECTION ( 'NONE',  ( 0.000000000000000000, -0.7071067811865474617, -0.7071067811865474617 ) ) ;
#7344 = ORIENTED_EDGE ( 'NONE', *, *, #230, .T. ) ;
#7343 = EDGE_CURVE ( 'NONE', #2871, #767, #1179, .T. ) ;
#7345 = CARTESIAN_POINT ( 'NONE',  ( 31.25000000000000000, 7.499999999999998224, -18.75000000000008882 ) ) ;
#7346 = CARTESIAN_POINT ( 'NONE',  ( -31.25000000000000000, 0.5000000000000065503, 17.10000000000009024 ) ) ;
#7347 = ORIENTED_EDGE ( 'NONE', *, *, #1511, .T. ) ;
#7348 = CARTESIAN_POINT ( 'NONE',  ( -6.249999999999999112, 7.499999999999998224, 6.249999999999998224 ) ) ;
#7349 = EDGE_LOOP ( 'NONE', ( #4932, #5178, #6219, #3611 ) ) ;
#7350 = VECTOR ( 'NONE', #195, 999.9999999999998863 ) ;
#7351 = ORIENTED_EDGE ( 'NONE', *, *, #6257, .T. ) ;
#7352 = CONICAL_SURFACE ( 'NONE', #6172, 1.650000000000002132, 0.7853981633974568277 ) ;
#7353 = EDGE_CURVE ( 'NONE', #3235, #6421, #247, .T. ) ;
ENDSEC;
END-ISO-10303-21;
